year,rank_cap,target_fraction,gap_method,exhaustion_feature,lane,n,mean_trade,median_trade,profit_factor,win_rate,target_share,stop_share,max_hold_share,mean_holding_sessions,mean_mfe_return,mean_mae_return,gross_positive_return_sum,gross_negative_return_abs_sum
2021,300,0.6,EXPANDING,rebound_from_low_box,EXTREME_GAP__STRONG,24,0.0097942484656246,-0.0032435196848398,1.443278721740894,0.5,0.375,0.5,0.125,8.416666666666666,0.0496057942259433,-0.0333057180963195,0.7653422397734952,0.5302802765985031
2021,300,0.6,EXPANDING,rebound_from_low_box,EXTREME_GAP__WEAK,16,-0.0030491470471919,-0.0166703214486889,0.8864176931755091,0.25,0.1875,0.6875,0.125,10.6875,0.0401971675205089,-0.0426549097643989,0.3807378761413982,0.4295242288964699
2021,300,0.6,EXPANDING,rebound_from_low_box,NON_EXTREME__STRONG,101,0.0107580568752781,0.0116114397941349,1.650833871764491,0.5544554455445545,0.504950495049505,0.3762376237623762,0.1188118811881188,8.881188118811881,0.0388111335417745,-0.0299369414787958,2.756058513409637,1.6694947690065436
2021,300,0.6,EXPANDING,rebound_from_low_box,NON_EXTREME__WEAK,123,0.0117875119400333,-0.0130565212508378,1.6644982355395286,0.4065040650406504,0.2845528455284553,0.5691056910569106,0.1463414634146341,8.739837398373984,0.0432429786123243,-0.0292360584049504,3.6317568482145246,2.181892879590426
2021,300,0.6,EXPANDING,low_progress_box,EXTREME_GAP__STRONG,27,0.0117404795036667,0.0102041891674244,1.5340015906558473,0.5185185185185185,0.3703703703703703,0.4814814814814814,0.1481481481481481,9.851851851851851,0.0526891319266769,-0.0349490988749588,0.9106109285411172,0.5936179819421142
2021,300,0.6,EXPANDING,low_progress_box,EXTREME_GAP__WEAK,13,-0.0100551797060832,-0.0190145086065572,0.6430307295013996,0.1538461538461538,0.1538461538461538,0.7692307692307693,0.0769230769230769,8.23076923076923,0.0316220907485004,-0.0413992400706278,0.2354691873737762,0.3661865235528587
2021,300,0.6,EXPANDING,low_progress_box,NON_EXTREME__STRONG,103,0.010075274800918,0.0054593033405174,1.552239287012431,0.5048543689320388,0.4466019417475728,0.4368932038834951,0.116504854368932,9.0,0.0401321441250143,-0.0314480560029218,2.9169265703241485,1.8791732658295928
2021,300,0.6,EXPANDING,low_progress_box,NON_EXTREME__WEAK,121,0.0123857389134928,-0.0070780028379481,1.7598942699270466,0.4462809917355372,0.3305785123966942,0.5206611570247934,0.1487603305785124,8.636363636363637,0.0421917356376748,-0.0279381529327795,3.470888791300013,1.9722143827673764
2021,300,0.6,FIXED_-1PCT,rebound_from_low_box,EXTREME_GAP__STRONG,22,0.0132044682070668,0.018475994418418,1.6117763681134123,0.5454545454545454,0.4090909090909091,0.4545454545454545,0.1363636363636363,8.863636363636363,0.0532815086641058,-0.0330276825060433,0.7653422397734952,0.4748439392180256
2021,300,0.6,FIXED_-1PCT,rebound_from_low_box,EXTREME_GAP__WEAK,16,-0.0030491470471919,-0.0166703214486889,0.8864176931755091,0.25,0.1875,0.6875,0.125,10.6875,0.0401971675205089,-0.0426549097643989,0.3807378761413982,0.4295242288964699
2021,300,0.6,FIXED_-1PCT,rebound_from_low_box,NON_EXTREME__STRONG,103,0.0100109456992486,0.0115770273408895,1.5977788928523518,0.5436893203883495,0.4951456310679611,0.3883495145631068,0.116504854368932,8.776699029126213,0.0382356345488499,-0.0300617408595834,2.756058513409637,1.7249311063870216
2021,300,0.6,FIXED_-1PCT,rebound_from_low_box,NON_EXTREME__WEAK,123,0.0117875119400333,-0.0130565212508378,1.6644982355395286,0.4065040650406504,0.2845528455284553,0.5691056910569106,0.1463414634146341,8.739837398373984,0.0432429786123243,-0.0292360584049504,3.6317568482145246,2.181892879590426
2021,300,0.6,FIXED_-1PCT,low_progress_box,EXTREME_GAP__STRONG,25,0.0148971713591792,0.0267477996694116,1.6920140955064231,0.56,0.4,0.44,0.16,10.36,0.0561704276483186,-0.034835898017807,0.9106109285411172,0.5381816445616368
2021,300,0.6,FIXED_-1PCT,low_progress_box,EXTREME_GAP__WEAK,13,-0.0100551797060832,-0.0190145086065572,0.6430307295013996,0.1538461538461538,0.1538461538461538,0.7692307692307693,0.0769230769230769,8.23076923076923,0.0316220907485004,-0.0413992400706278,0.2354691873737762,0.3661865235528587
2021,300,0.6,FIXED_-1PCT,low_progress_box,NON_EXTREME__STRONG,105,0.0093553996868007,-0.002799615325426,1.507759790649304,0.4952380952380952,0.4380952380952381,0.4476190476190476,0.1142857142857142,8.895238095238096,0.0395424449113217,-0.0315416951188539,2.9169265703241485,1.9346096032100704
2021,300,0.6,FIXED_-1PCT,low_progress_box,NON_EXTREME__WEAK,121,0.0123857389134928,-0.0070780028379481,1.7598942699270466,0.4462809917355372,0.3305785123966942,0.5206611570247934,0.1487603305785124,8.636363636363637,0.0421917356376748,-0.0279381529327795,3.470888791300013,1.9722143827673764
2021,300,0.8,EXPANDING,rebound_from_low_box,EXTREME_GAP__STRONG,24,0.0094704545513689,-0.0205673292903328,1.369748911691434,0.4166666666666667,0.2083333333333333,0.5416666666666666,0.25,10.583333333333334,0.0584795728340331,-0.0372272656807178,0.8420078212938016,0.6147169120609474
2021,300,0.8,EXPANDING,rebound_from_low_box,EXTREME_GAP__WEAK,16,-0.0118495931761208,-0.0193029443265413,0.5943932203751461,0.1875,0.0,0.6875,0.3125,11.5,0.0409619533804681,-0.044513273514065,0.2778382690586847,0.4674317598766175
2021,300,0.8,EXPANDING,rebound_from_low_box,NON_EXTREME__STRONG,101,0.0129010721312892,0.00466154173932,1.6749320569401502,0.504950495049505,0.2574257425742574,0.4158415841584158,0.3267326732673267,12.247524752475249,0.0490922394041151,-0.0325827186587796,3.233585254988819,1.9305769697286084
2021,300,0.8,EXPANDING,rebound_from_low_box,NON_EXTREME__WEAK,123,0.008090665640073,-0.0153931988204558,1.4059780036546674,0.3658536585365853,0.1056910569105691,0.6097560975609756,0.2845528455284553,10.53658536585366,0.0486905974228593,-0.0315480340359853,3.446397667270753,2.4512457935417653
2021,300,0.8,EXPANDING,low_progress_box,EXTREME_GAP__STRONG,27,0.0085808087380473,-0.0244434300435616,1.3235950901175146,0.4074074074074074,0.1851851851851851,0.5185185185185185,0.2962962962962963,11.88888888888889,0.0602972881831854,-0.0395361715423743,0.9476439843119846,0.7159621483847062
2021,300,0.8,EXPANDING,low_progress_box,EXTREME_GAP__WEAK,13,-0.0149218782701813,-0.0190145086065572,0.4702579012732139,0.1538461538461538,0.0,0.7692307692307693,0.2307692307692307,9.0,0.0331441708583289,-0.0413992400706278,0.1722021060405016,0.3661865235528587
2021,300,0.8,EXPANDING,low_progress_box,NON_EXTREME__STRONG,103,0.0113449924945628,-0.0049971118040182,1.5606965050113395,0.4660194174757281,0.203883495145631,0.4660194174757281,0.3300970873786408,12.106796116504857,0.0490452262439416,-0.0332981553537247,3.2526104009413377,2.0840761740013667
2021,300,0.8,EXPANDING,low_progress_box,NON_EXTREME__WEAK,121,0.009335751504539,-0.0122709164281074,1.491623374537834,0.396694214876033,0.1487603305785124,0.5702479338842975,0.2809917355371901,10.62809917355372,0.0487239781793498,-0.0309219237151181,3.427372521318235,2.297746589269007
2021,300,0.8,FIXED_-1PCT,rebound_from_low_box,EXTREME_GAP__STRONG,22,0.0128512384824241,-0.0139650113855787,1.5055195181324872,0.4545454545454545,0.2272727272727272,0.5,0.2727272727272727,11.227272727272728,0.0629619944183856,-0.0373057344162961,0.8420078212938016,0.5592805746804699
2021,300,0.8,FIXED_-1PCT,rebound_from_low_box,EXTREME_GAP__WEAK,16,-0.0118495931761208,-0.0193029443265413,0.5943932203751461,0.1875,0.0,0.6875,0.3125,11.5,0.0409619533804681,-0.044513273514065,0.2778382690586847,0.4674317598766175
2021,300,0.8,FIXED_-1PCT,rebound_from_low_box,NON_EXTREME__STRONG,103,0.0121123490085411,-0.0027371417391303,1.6281790476498597,0.4951456310679611,0.2524271844660194,0.4271844660194174,0.3203883495145631,12.07766990291262,0.0483171072876499,-0.0326561437253927,3.233585254988819,1.986013307109086
2021,300,0.8,FIXED_-1PCT,rebound_from_low_box,NON_EXTREME__WEAK,123,0.008090665640073,-0.0153931988204558,1.4059780036546674,0.3658536585365853,0.1056910569105691,0.6097560975609756,0.2845528455284553,10.53658536585366,0.0486905974228593,-0.0315480340359853,3.446397667270753,2.4512457935417653
2021,300,0.8,FIXED_-1PCT,low_progress_box,EXTREME_GAP__STRONG,25,0.0114847269323102,-0.0244434300435616,1.4346812320191342,0.44,0.2,0.48,0.32,12.56,0.0643872364053478,-0.0397899364986157,0.9476439843119846,0.6605258110042287
2021,300,0.8,FIXED_-1PCT,low_progress_box,EXTREME_GAP__WEAK,13,-0.0149218782701813,-0.0190145086065572,0.4702579012732139,0.1538461538461538,0.0,0.7692307692307693,0.2307692307692307,9.0,0.0331441708583289,-0.0413992400706278,0.1722021060405016,0.3661865235528587
2021,300,0.8,FIXED_-1PCT,low_progress_box,NON_EXTREME__STRONG,105,0.0106009322815189,-0.0063799592901486,1.5202577146139604,0.4571428571428571,0.2,0.4761904761904761,0.3238095238095238,11.942857142857145,0.0482857540375076,-0.0333565544820224,3.2526104009413377,2.1395125113818443
2021,300,0.8,FIXED_-1PCT,low_progress_box,NON_EXTREME__WEAK,121,0.009335751504539,-0.0122709164281074,1.491623374537834,0.396694214876033,0.1487603305785124,0.5702479338842975,0.2809917355371901,10.62809917355372,0.0487239781793498,-0.0309219237151181,3.427372521318235,2.297746589269007
2021,500,0.6,EXPANDING,rebound_from_low_box,EXTREME_GAP__STRONG,53,-0.0035833936015257,-0.0287541877295225,0.8810715140093163,0.4339622641509434,0.3584905660377358,0.5660377358490566,0.0754716981132075,8.169811320754716,0.0463589358025691,-0.0420322402387982,1.4070050414990676,1.5969249023799337
2021,500,0.6,EXPANDING,rebound_from_low_box,EXTREME_GAP__WEAK,24,-0.0035497738001799,-0.0197978666138138,0.8740730026820169,0.25,0.2083333333333333,0.625,0.1666666666666666,11.291666666666666,0.0447203471392508,-0.0436078649939616,0.5913447969916079,0.6765393681959263
2021,500,0.6,EXPANDING,rebound_from_low_box,NON_EXTREME__STRONG,195,0.0016407523379224,0.0005138867424241,1.081294067466129,0.5025641025641026,0.4307692307692308,0.4512820512820513,0.1179487179487179,8.892307692307693,0.0377479801805751,-0.0327959831243314,4.255617731682712,3.9356710257878262
2021,500,0.6,EXPANDING,rebound_from_low_box,NON_EXTREME__WEAK,220,0.0030527173564393,-0.0174946873472783,1.1470926457028472,0.35,0.2454545454545454,0.6272727272727273,0.1272727272727272,8.781818181818181,0.0395790844623577,-0.0325739336248561,5.237412888283539,4.565815069866888
2021,500,0.6,EXPANDING,low_progress_box,EXTREME_GAP__STRONG,46,-0.0028802202942712,-0.0271726211287524,0.9026732146092524,0.4347826086956521,0.3260869565217391,0.5652173913043478,0.108695652173913,9.152173913043478,0.0472466795589102,-0.0420195801763186,1.2288014472401254,1.361291580776601
2021,500,0.6,EXPANDING,low_progress_box,EXTREME_GAP__WEAK,31,-0.0046007838241518,-0.0195913800465253,0.8436433143157401,0.2903225806451613,0.2903225806451613,0.6129032258064516,0.0967741935483871,9.129032258064516,0.0437730538441392,-0.043270864658088,0.7695483912505501,0.9121726897992586
2021,500,0.6,EXPANDING,low_progress_box,NON_EXTREME__STRONG,197,0.0021690231834251,-0.0064887623626372,1.107105461810499,0.4619289340101523,0.3807106598984771,0.4974619289340101,0.1218274111675127,8.710659898477157,0.0375113825154198,-0.0332226096198895,4.416800622457618,3.989503055322866
2021,500,0.6,EXPANDING,low_progress_box,NON_EXTREME__WEAK,218,0.0025882887943889,-0.0156457520814565,1.1250552034733017,0.3853211009174312,0.2889908256880734,0.5871559633027523,0.1238532110091743,8.944954128440367,0.0398096897311611,-0.032186367025664,5.0762299975086345,4.511983040331849
2021,500,0.6,FIXED_-1PCT,rebound_from_low_box,EXTREME_GAP__STRONG,53,-0.0035833936015257,-0.0287541877295225,0.8810715140093163,0.4339622641509434,0.3584905660377358,0.5660377358490566,0.0754716981132075,8.169811320754716,0.0463589358025691,-0.0420322402387982,1.4070050414990676,1.5969249023799337
2021,500,0.6,FIXED_-1PCT,rebound_from_low_box,EXTREME_GAP__WEAK,24,-0.0035497738001799,-0.0197978666138138,0.8740730026820169,0.25,0.2083333333333333,0.625,0.1666666666666666,11.291666666666666,0.0447203471392508,-0.0436078649939616,0.5913447969916079,0.6765393681959263
2021,500,0.6,FIXED_-1PCT,rebound_from_low_box,NON_EXTREME__STRONG,195,0.0016407523379224,0.0005138867424241,1.081294067466129,0.5025641025641026,0.4307692307692308,0.4512820512820513,0.1179487179487179,8.892307692307693,0.0377479801805751,-0.0327959831243314,4.255617731682712,3.9356710257878262
2021,500,0.6,FIXED_-1PCT,rebound_from_low_box,NON_EXTREME__WEAK,220,0.0030527173564393,-0.0174946873472783,1.1470926457028472,0.35,0.2454545454545454,0.6272727272727273,0.1272727272727272,8.781818181818181,0.0395790844623577,-0.0325739336248561,5.237412888283539,4.565815069866888
2021,500,0.6,FIXED_-1PCT,low_progress_box,EXTREME_GAP__STRONG,46,-0.0028802202942712,-0.0271726211287524,0.9026732146092524,0.4347826086956521,0.3260869565217391,0.5652173913043478,0.108695652173913,9.152173913043478,0.0472466795589102,-0.0420195801763186,1.2288014472401254,1.361291580776601
2021,500,0.6,FIXED_-1PCT,low_progress_box,EXTREME_GAP__WEAK,31,-0.0046007838241518,-0.0195913800465253,0.8436433143157401,0.2903225806451613,0.2903225806451613,0.6129032258064516,0.0967741935483871,9.129032258064516,0.0437730538441392,-0.043270864658088,0.7695483912505501,0.9121726897992586
2021,500,0.6,FIXED_-1PCT,low_progress_box,NON_EXTREME__STRONG,197,0.0021690231834251,-0.0064887623626372,1.107105461810499,0.4619289340101523,0.3807106598984771,0.4974619289340101,0.1218274111675127,8.710659898477157,0.0375113825154198,-0.0332226096198895,4.416800622457618,3.989503055322866
2021,500,0.6,FIXED_-1PCT,low_progress_box,NON_EXTREME__WEAK,218,0.0025882887943889,-0.0156457520814565,1.1250552034733017,0.3853211009174312,0.2889908256880734,0.5871559633027523,0.1238532110091743,8.944954128440367,0.0398096897311611,-0.032186367025664,5.0762299975086345,4.511983040331849
2021,500,0.8,EXPANDING,rebound_from_low_box,EXTREME_GAP__STRONG,53,-0.0011384078571071,-0.0356295423599555,0.9648652223671076,0.3773584905660377,0.2264150943396226,0.6037735849056604,0.1698113207547169,10.11320754716981,0.056679240404298,-0.0453051804940912,1.6569263243517722,1.7172619407784526
2021,500,0.8,EXPANDING,rebound_from_low_box,EXTREME_GAP__WEAK,24,-0.0101199006021566,-0.0203989072140942,0.6600480529317782,0.2083333333333333,0.0,0.625,0.375,12.541666666666666,0.0475518450215799,-0.0448467741604057,0.471569284724314,0.714446899176074
2021,500,0.8,EXPANDING,rebound_from_low_box,NON_EXTREME__STRONG,195,0.0059619670279568,-0.0054626377147766,1.2730964820261683,0.4666666666666667,0.2717948717948718,0.4769230769230769,0.2512820512820513,11.282051282051285,0.0460940432966692,-0.0346601263502763,5.419626948770143,4.257043378318553
2021,500,0.8,EXPANDING,rebound_from_low_box,NON_EXTREME__WEAK,220,-0.0005836870406695,-0.0195334568851905,0.9741621997610626,0.3181818181818182,0.0818181818181818,0.6590909090909091,0.2590909090909091,10.38181818181818,0.0438425568341475,-0.0345885987333413,4.841483647041908,4.969894795989212
2021,500,0.8,EXPANDING,low_progress_box,EXTREME_GAP__STRONG,46,-0.0041789546663183,-0.0336051952192064,0.8734930296781669,0.3478260869565217,0.1739130434782608,0.6086956521739131,0.217391304347826,11.217391304347826,0.0562767103617865,-0.0457903438280086,1.3273042355046232,1.5195361501552678
2021,500,0.8,EXPANDING,low_progress_box,EXTREME_GAP__WEAK,31,-0.0035800424589611,-0.0195913800465253,0.8783329982700764,0.2903225806451613,0.1290322580645161,0.6129032258064516,0.2580645161290322,10.35483870967742,0.0502101724291463,-0.0442303654821991,0.8011913735714631,0.9121726897992586
2021,500,0.8,EXPANDING,low_progress_box,NON_EXTREME__STRONG,197,0.0051246046235519,-0.0099004388384827,1.237278311653937,0.4314720812182741,0.2131979695431472,0.5177664974619289,0.2690355329949238,10.96446700507614,0.0447319298001567,-0.034719292394087,5.264243226143033,4.254696115303302
2021,500,0.8,EXPANDING,low_progress_box,NON_EXTREME__WEAK,218,0.000112960140663,-0.0188885461957501,1.0049525566881763,0.3486238532110092,0.1330275229357798,0.6238532110091743,0.2431192660550458,10.660550458715596,0.0450528017235416,-0.034534475954146,4.996867369669019,4.972242059004463
2021,500,0.8,FIXED_-1PCT,rebound_from_low_box,EXTREME_GAP__STRONG,53,-0.0011384078571071,-0.0356295423599555,0.9648652223671076,0.3773584905660377,0.2264150943396226,0.6037735849056604,0.1698113207547169,10.11320754716981,0.056679240404298,-0.0453051804940912,1.6569263243517722,1.7172619407784526
2021,500,0.8,FIXED_-1PCT,rebound_from_low_box,EXTREME_GAP__WEAK,24,-0.0101199006021566,-0.0203989072140942,0.6600480529317782,0.2083333333333333,0.0,0.625,0.375,12.541666666666666,0.0475518450215799,-0.0448467741604057,0.471569284724314,0.714446899176074
2021,500,0.8,FIXED_-1PCT,rebound_from_low_box,NON_EXTREME__STRONG,195,0.0059619670279568,-0.0054626377147766,1.2730964820261683,0.4666666666666667,0.2717948717948718,0.4769230769230769,0.2512820512820513,11.282051282051285,0.0460940432966692,-0.0346601263502763,5.419626948770143,4.257043378318553
2021,500,0.8,FIXED_-1PCT,rebound_from_low_box,NON_EXTREME__WEAK,220,-0.0005836870406695,-0.0195334568851905,0.9741621997610626,0.3181818181818182,0.0818181818181818,0.6590909090909091,0.2590909090909091,10.38181818181818,0.0438425568341475,-0.0345885987333413,4.841483647041908,4.969894795989212
2021,500,0.8,FIXED_-1PCT,low_progress_box,EXTREME_GAP__STRONG,46,-0.0041789546663183,-0.0336051952192064,0.8734930296781669,0.3478260869565217,0.1739130434782608,0.6086956521739131,0.217391304347826,11.217391304347826,0.0562767103617865,-0.0457903438280086,1.3273042355046232,1.5195361501552678
2021,500,0.8,FIXED_-1PCT,low_progress_box,EXTREME_GAP__WEAK,31,-0.0035800424589611,-0.0195913800465253,0.8783329982700764,0.2903225806451613,0.1290322580645161,0.6129032258064516,0.2580645161290322,10.35483870967742,0.0502101724291463,-0.0442303654821991,0.8011913735714631,0.9121726897992586
2021,500,0.8,FIXED_-1PCT,low_progress_box,NON_EXTREME__STRONG,197,0.0051246046235519,-0.0099004388384827,1.237278311653937,0.4314720812182741,0.2131979695431472,0.5177664974619289,0.2690355329949238,10.96446700507614,0.0447319298001567,-0.034719292394087,5.264243226143033,4.254696115303302
2021,500,0.8,FIXED_-1PCT,low_progress_box,NON_EXTREME__WEAK,218,0.000112960140663,-0.0188885461957501,1.0049525566881763,0.3486238532110092,0.1330275229357798,0.6238532110091743,0.2431192660550458,10.660550458715596,0.0450528017235416,-0.034534475954146,4.996867369669019,4.972242059004463
2022,300,0.6,EXPANDING,rebound_from_low_box,EXTREME_GAP__STRONG,49,-0.030969263993616,-0.0479636440664871,0.3045890023782561,0.2040816326530612,0.1632653061224489,0.7959183673469388,0.0408163265306122,6.326530612244898,0.0338986330293653,-0.0600024210961124,0.6646601298609685,2.182154065548156
2022,300,0.6,EXPANDING,rebound_from_low_box,EXTREME_GAP__WEAK,47,-0.0152496605844596,-0.035485511893866,0.5373940881010811,0.2127659574468085,0.1489361702127659,0.7872340425531915,0.0638297872340425,6.9361702127659575,0.0414513772780102,-0.0469504326600177,0.832606393355142,1.5493404408247469
2022,300,0.6,EXPANDING,rebound_from_low_box,NON_EXTREME__STRONG,190,-0.0214621930027905,-0.03112777887623,0.3663969354323942,0.1947368421052631,0.1842105263157894,0.7736842105263158,0.0421052631578947,6.689473684210526,0.0315886779359258,-0.0454526972914482,2.358100228503507,6.435916899033703
2022,300,0.6,EXPANDING,rebound_from_low_box,NON_EXTREME__WEAK,135,-0.0085337690249896,-0.0219688256041705,0.6482206581443,0.2592592592592592,0.1185185185185185,0.7185185185185186,0.1629629629629629,9.244444444444444,0.0360745016911103,-0.0347488642922544,2.1228885173519165,3.2749473357255168
2022,300,0.6,EXPANDING,low_progress_box,EXTREME_GAP__STRONG,57,-0.0323518827121609,-0.0473084599326727,0.2637797170423593,0.175438596491228,0.1578947368421052,0.8245614035087719,0.0175438596491228,6.4035087719298245,0.0335051109357552,-0.0592597218384845,0.6607056718121791,2.504762986405354
2022,300,0.6,EXPANDING,low_progress_box,EXTREME_GAP__WEAK,39,-0.0100043761170158,-0.0271420259970288,0.6819429009422215,0.2564102564102564,0.1538461538461538,0.7435897435897436,0.1025641025641025,6.948717948717949,0.0435758058248034,-0.0453585852291469,0.8365608514039313,1.226731519967549
2022,300,0.6,EXPANDING,low_progress_box,NON_EXTREME__STRONG,163,-0.0222789454743031,-0.0312060487076321,0.3329820650852538,0.1901840490797546,0.1595092024539877,0.7852760736196319,0.0552147239263803,6.96319018404908,0.0318915743559151,-0.0445778435160679,1.812865423900872,5.444333536212293
2022,300,0.6,EXPANDING,low_progress_box,NON_EXTREME__WEAK,162,-0.0098667122011875,-0.0255936896544516,0.6253613323029051,0.2530864197530864,0.1543209876543209,0.7160493827160493,0.1296296296296296,8.54320987654321,0.0350220982476026,-0.0374130905661137,2.6681233219545515,4.266530698546928
2022,300,0.6,FIXED_-1PCT,rebound_from_low_box,EXTREME_GAP__STRONG,41,-0.0283209653599819,-0.0472856498804473,0.3586436600938438,0.2195121951219512,0.1951219512195122,0.7804878048780488,0.024390243902439,6.439024390243903,0.0347755824319583,-0.0613334447938744,0.6493153582902516,1.8104749380495104
2022,300,0.6,FIXED_-1PCT,rebound_from_low_box,EXTREME_GAP__WEAK,43,-0.0126754863306465,-0.0308769351771195,0.5871145726440566,0.2093023255813953,0.1395348837209302,0.7906976744186046,0.0697674418604651,7.232558139534884,0.0420183376566421,-0.0447678265818103,0.7750440597344523,1.3200899719522543
2022,300,0.6,FIXED_-1PCT,rebound_from_low_box,NON_EXTREME__STRONG,198,-0.0223947021538289,-0.0314922525542394,0.3486465693357554,0.1919191919191919,0.1767676767676767,0.7777777777777778,0.0454545454545454,6.651515151515151,0.0315004189219925,-0.045764948901696,2.3734450000742235,6.807596026532348
2022,300,0.6,FIXED_-1PCT,rebound_from_low_box,NON_EXTREME__WEAK,139,-0.0095233593786,-0.0223295832536645,0.62223966013321,0.2589928057553957,0.1223021582733813,0.7194244604316546,0.158273381294964,9.086330935251798,0.036053841303099,-0.0357751832478945,2.1804508509726057,3.504197804598009
2022,300,0.6,FIXED_-1PCT,low_progress_box,EXTREME_GAP__STRONG,47,-0.0321609616721817,-0.0472856498804473,0.2799889072873689,0.1702127659574468,0.1702127659574468,0.8297872340425532,0.0,6.617021276595745,0.0336391651004026,-0.0610138345132612,0.5877985666207726,2.0993637652133152
2022,300,0.6,FIXED_-1PCT,low_progress_box,EXTREME_GAP__WEAK,37,-0.0052605484698518,-0.0266394902566537,0.8112489552904361,0.2702702702702703,0.1621621621621621,0.7297297297297297,0.1081081081081081,7.135135135135135,0.0446363956547832,-0.0424875015525248,0.8365608514039313,1.0312011447884497
2022,300,0.6,FIXED_-1PCT,low_progress_box,NON_EXTREME__STRONG,173,-0.0229130649035378,-0.0314057325107696,0.3223690050977716,0.1907514450867052,0.1560693641618497,0.7861271676300579,0.0578034682080924,6.872832369942197,0.031948423026782,-0.0449499561606324,1.8857725290922784,5.849732757404331
2022,300,0.6,FIXED_-1PCT,low_progress_box,NON_EXTREME__WEAK,164,-0.0109386448278748,-0.0265891039492089,0.5979575980403479,0.25,0.1524390243902439,0.7195121951219512,0.1280487804878048,8.481707317073171,0.0348871323417804,-0.0381577313305106,2.6681233219545515,4.462061073726028
2022,300,0.8,EXPANDING,rebound_from_low_box,EXTREME_GAP__STRONG,50,-0.0387217907244067,-0.0524378893987106,0.1924942920394497,0.14,0.08,0.82,0.1,7.46,0.0381038063412231,-0.0630952073843778,0.4615276163694031,2.3976171525897385
2022,300,0.8,EXPANDING,rebound_from_low_box,EXTREME_GAP__WEAK,47,-0.0111344512275022,-0.035485511893866,0.6622309765476512,0.2127659574468085,0.1063829787234042,0.7872340425531915,0.1063829787234042,8.02127659574468,0.0465263274190243,-0.0484049421873349,1.0260212331321406,1.5493404408247469
2022,300,0.8,EXPANDING,rebound_from_low_box,NON_EXTREME__STRONG,190,-0.0270424220479291,-0.0331684869935761,0.2867974856721947,0.1263157894736842,0.0842105263157894,0.8315789473684211,0.0842105263157894,7.994736842105263,0.0355163228886067,-0.0500754585077417,2.0661491145428883,7.204209303649426
2022,300,0.8,EXPANDING,rebound_from_low_box,NON_EXTREME__WEAK,135,-0.0064438306899933,-0.0219688256041705,0.7343721733600389,0.2592592592592592,0.074074074074074,0.7185185185185186,0.2074074074074074,9.844444444444443,0.0406130515207886,-0.0348870891345594,2.405030192576417,3.2749473357255168
2022,300,0.8,EXPANDING,low_progress_box,EXTREME_GAP__STRONG,58,-0.0307184593038827,-0.0476360519995799,0.3120252959134779,0.1551724137931034,0.1206896551724138,0.8275862068965517,0.0517241379310344,7.241379310344827,0.0386980206436688,-0.0598530732555265,0.8080621354931292,2.58973277511833
2022,300,0.8,EXPANDING,low_progress_box,EXTREME_GAP__WEAK,39,-0.017377900109942,-0.0308769351771195,0.5006441857299916,0.2051282051282051,0.0512820512820512,0.7692307692307693,0.1794871794871795,8.461538461538462,0.0473703207287821,-0.0502131898257204,0.6794867140084144,1.3572248182961557
2022,300,0.8,EXPANDING,low_progress_box,NON_EXTREME__STRONG,163,-0.0264925990859404,-0.0322786595616569,0.2765246225914765,0.1349693251533742,0.0736196319018405,0.8343558282208589,0.0920245398773006,7.975460122699387,0.035433834285384,-0.0480491004809625,1.6505254489261774,5.968819099934475
2022,300,0.8,EXPANDING,low_progress_box,NON_EXTREME__WEAK,162,-0.0104301461805391,-0.0273379324274901,0.6253753368851072,0.228395061728395,0.0864197530864197,0.7345679012345679,0.1790123456790123,9.555555555555555,0.0398465945408897,-0.0394573504397503,2.820653858193128,4.510337539440469
2022,300,0.8,FIXED_-1PCT,rebound_from_low_box,EXTREME_GAP__STRONG,42,-0.0376132185783906,-0.049739696704918,0.2202351894642109,0.1428571428571428,0.0952380952380952,0.8095238095238095,0.0952380952380952,7.785714285714286,0.0397608613888701,-0.0649836421918627,0.4461828447986862,2.0259380250910928
2022,300,0.8,FIXED_-1PCT,rebound_from_low_box,EXTREME_GAP__WEAK,43,-0.0093674273936885,-0.0308769351771195,0.6948697539661511,0.2093023255813953,0.0930232558139534,0.7906976744186046,0.1162790697674418,8.209302325581396,0.0460544328456868,-0.0461669377347249,0.9172905940236462,1.3200899719522543
2022,300,0.8,FIXED_-1PCT,rebound_from_low_box,NON_EXTREME__STRONG,198,-0.0277494673991639,-0.033413384800651,0.2747524471922786,0.1262626262626262,0.0808080808080808,0.8333333333333334,0.0858585858585858,7.904040404040404,0.0352693711493125,-0.0502009318870282,2.081493886113605,7.575888431148072
2022,300,0.8,FIXED_-1PCT,rebound_from_low_box,NON_EXTREME__WEAK,139,-0.0071254458482956,-0.0223295832536645,0.7173570020466588,0.2589928057553957,0.079136690647482,0.7194244604316546,0.2014388489208633,9.733812949640289,0.0409291995081731,-0.0359684244127848,2.513760831684912,3.504197804598009
2022,300,0.8,FIXED_-1PCT,low_progress_box,EXTREME_GAP__STRONG,48,-0.0312572256065077,-0.0476246469734672,0.3131329112188324,0.1458333333333333,0.125,0.8333333333333334,0.0416666666666666,7.4375,0.0385575847961444,-0.0615234199571171,0.683986724813918,2.184333553926291
2022,300,0.8,FIXED_-1PCT,low_progress_box,EXTREME_GAP__WEAK,37,-0.0130326413272605,-0.0272008020113636,0.5849100148789705,0.2162162162162162,0.054054054054054,0.7567567567567568,0.1891891891891892,8.72972972972973,0.0486360194724904,-0.0476045172083726,0.6794867140084144,1.1616944431170555
2022,300,0.8,FIXED_-1PCT,low_progress_box,NON_EXTREME__STRONG,173,-0.0265873841706423,-0.0330083961281625,0.2784028990227251,0.1387283236994219,0.0751445086705202,0.8323699421965318,0.0924855491329479,7.878612716763006,0.0356614804371991,-0.0482679622501492,1.7746008596053886,6.374218321126513
2022,300,0.8,FIXED_-1PCT,low_progress_box,NON_EXTREME__WEAK,164,-0.0114952076611368,-0.0274686918530228,0.5993907838828825,0.2256097560975609,0.0853658536585365,0.7378048780487805,0.1768292682926829,9.481707317073171,0.0396527933144176,-0.0401770612056882,2.820653858193128,4.705867914619569
2022,500,0.6,EXPANDING,rebound_from_low_box,EXTREME_GAP__STRONG,72,-0.0225852448140334,-0.0391975111122098,0.4238332404542818,0.2638888888888889,0.2361111111111111,0.7361111111111112,0.0277777777777777,6.25,0.0345724817362755,-0.0598698157722002,1.196200871175449,2.8223384977858563
2022,500,0.6,EXPANDING,rebound_from_low_box,EXTREME_GAP__WEAK,70,7.942770074322234e-05,-0.0289222381718537,1.0030247022289396,0.3142857142857143,0.2142857142857142,0.6857142857142857,0.1,7.214285714285714,0.0486379849908964,-0.0391513856952029,1.8437372640229208,1.838177324970895
2022,500,0.6,EXPANDING,rebound_from_low_box,NON_EXTREME__STRONG,308,-0.0194587928587893,-0.0300700115521733,0.4094213876662689,0.211038961038961,0.185064935064935,0.7662337662337663,0.0487012987012987,6.824675324675325,0.0327252412957901,-0.0451928845755195,4.154888966376311,10.148197166883422
2022,500,0.6,EXPANDING,rebound_from_low_box,NON_EXTREME__WEAK,231,-0.0118200158189792,-0.0250006920436816,0.5659452500367123,0.2467532467532467,0.1212121212121212,0.7316017316017316,0.1471861471861472,8.666666666666666,0.036508117907344,-0.0391360378742512,3.5600815284342264,6.290505182618439
2022,500,0.6,EXPANDING,low_progress_box,EXTREME_GAP__STRONG,80,-0.027561232510351,-0.0418773799627666,0.3211148729695577,0.2125,0.1875,0.7875,0.025,6.575,0.0320619519431281,-0.0593542087231252,1.0429242090082138,3.247822809836295
2022,500,0.6,EXPANDING,low_progress_box,EXTREME_GAP__WEAK,62,0.0094245308591886,-0.0145643810541257,1.4136220027461834,0.3870967741935484,0.2741935483870967,0.6129032258064516,0.1129032258064516,6.919354838709677,0.0536922819181345,-0.0371433392969774,1.997013926190156,1.412693012920457
2022,500,0.6,EXPANDING,low_progress_box,NON_EXTREME__STRONG,284,-0.0202191648054362,-0.0298325680340292,0.3781139301014534,0.2007042253521127,0.1619718309859155,0.778169014084507,0.0598591549295774,7.123239436619718,0.0327190007419524,-0.0445778567957043,3.491350103488757,9.233592908232652
2022,500,0.6,EXPANDING,low_progress_box,NON_EXTREME__WEAK,255,-0.0116921139213624,-0.0264090727997493,0.586197951016518,0.2549019607843137,0.1529411764705882,0.7215686274509804,0.1254901960784313,8.16078431372549,0.0361590327254326,-0.0403910661499295,4.22362039132178,7.20510944126921
2022,500,0.6,FIXED_-1PCT,rebound_from_low_box,EXTREME_GAP__STRONG,65,-0.0243271753487989,-0.0418588988273934,0.4061297164059503,0.2461538461538461,0.2307692307692307,0.7538461538461538,0.0153846153846153,6.046153846153846,0.0344282633610318,-0.0599755182789821,1.0813797076395677,2.6626461053115005
2022,500,0.6,FIXED_-1PCT,rebound_from_low_box,EXTREME_GAP__WEAK,67,-0.0011234390844194,-0.0306436743323439,0.9582455425214216,0.2985074626865671,0.1940298507462686,0.7014925373134329,0.1044776119402985,7.343283582089552,0.0482912178595568,-0.0396352635123157,1.727421394420923,1.802691813077029
2022,500,0.6,FIXED_-1PCT,rebound_from_low_box,NON_EXTREME__STRONG,315,-0.0191688235855415,-0.029747344932115,0.414217683001467,0.2158730158730158,0.1873015873015873,0.7619047619047619,0.0507936507936507,6.853968253968254,0.0327960504306289,-0.0454972269737289,4.269710129912192,10.307889559357776
2022,500,0.6,FIXED_-1PCT,rebound_from_low_box,NON_EXTREME__WEAK,234,-0.0113230482755388,-0.0249753020739148,0.5811575728724103,0.2521367521367521,0.1282051282051282,0.7264957264957265,0.1452991452991453,8.61111111111111,0.0367629170485851,-0.0389976884285944,3.676397398036224,6.325990694512305
2022,500,0.6,FIXED_-1PCT,low_progress_box,EXTREME_GAP__STRONG,71,-0.0307338618819215,-0.0450811007442847,0.2851758847851188,0.1830985915492957,0.1690140845070422,0.8169014084507042,0.0140845070422535,6.47887323943662,0.0312600086474669,-0.0599665684946642,0.8705407118516428,3.052644905468072
2022,500,0.6,FIXED_-1PCT,low_progress_box,EXTREME_GAP__WEAK,61,0.0086158586440719,-0.0152872535754503,1.3720322621274148,0.3770491803278688,0.2622950819672131,0.6229508196721312,0.1147540983606557,6.967213114754099,0.0533424278866758,-0.0376449996776694,1.938260390208848,1.412693012920457
2022,500,0.6,FIXED_-1PCT,low_progress_box,NON_EXTREME__STRONG,293,-0.0196758949213499,-0.0293214168873845,0.388569589129159,0.2081911262798634,0.167235494880546,0.7713310580204779,0.0614334470989761,7.129692832764505,0.0328931459119269,-0.0448833503914979,3.6637336006453287,9.428770812600872
2022,500,0.6,FIXED_-1PCT,low_progress_box,NON_EXTREME__WEAK,256,-0.0114169356014301,-0.0263232700022523,0.5943523776022935,0.2578125,0.15625,0.71875,0.125,8.14453125,0.0363108856360251,-0.0402588434543234,4.282373927303088,7.20510944126921
2022,500,0.8,EXPANDING,rebound_from_low_box,EXTREME_GAP__STRONG,73,-0.0270104535639177,-0.0437725381935831,0.3721718597747706,0.2054794520547945,0.1232876712328767,0.7671232876712328,0.1095890410958904,7.671232876712328,0.0420886004141385,-0.0624639990610114,1.1688465309670693,3.140609641133069
2022,500,0.8,EXPANDING,rebound_from_low_box,EXTREME_GAP__WEAK,70,0.0054475446157327,-0.0289222381718537,1.2074490409173813,0.3142857142857143,0.1428571428571428,0.6857142857142857,0.1714285714285714,8.785714285714286,0.0550687435889887,-0.0401279849492587,2.2195054480721845,1.838177324970895
2022,500,0.8,EXPANDING,rebound_from_low_box,NON_EXTREME__STRONG,309,-0.0230937045454877,-0.0319388414384437,0.3575090871853543,0.1553398058252427,0.0906148867313915,0.8090614886731392,0.1003236245954692,8.119741100323624,0.0368637023548125,-0.0485833674556387,3.970746670089864,11.106701374645583
2022,500,0.8,EXPANDING,rebound_from_low_box,NON_EXTREME__WEAK,231,-0.0117606637650356,-0.0255061176887871,0.577130428560765,0.238095238095238,0.0649350649350649,0.7402597402597403,0.1948051948051948,9.311688311688313,0.0402888938378196,-0.0395750727680356,3.707757744127989,6.424471073851214
2022,500,0.8,EXPANDING,low_progress_box,EXTREME_GAP__STRONG,81,-0.0274428058696651,-0.0439526040221911,0.352990204987384,0.1851851851851851,0.1111111111111111,0.8024691358024691,0.0864197530864197,7.62962962962963,0.0377720764761763,-0.0602051143484318,1.212733379412022,3.435600654854901
2022,500,0.8,EXPANDING,low_progress_box,EXTREME_GAP__WEAK,62,0.010200520780293,-0.0207465929469476,1.4098223809841046,0.3548387096774194,0.1612903225806451,0.6290322580645161,0.2096774193548387,8.983870967741936,0.0623829304337264,-0.0401970421883704,2.175618599627232,1.543186311249063
2022,500,0.8,EXPANDING,low_progress_box,NON_EXTREME__STRONG,285,-0.023775057197872,-0.0314057325107696,0.3232530283299817,0.1508771929824561,0.0771929824561403,0.8175438596491228,0.1052631578947368,8.189473684210526,0.0362778415003593,-0.047263224196792,3.236552913425139,10.012444214818665
2022,500,0.8,EXPANDING,low_progress_box,NON_EXTREME__WEAK,255,-0.0120657911093545,-0.0273398457504198,0.5907849522870342,0.2352941176470588,0.0823529411764705,0.7372549019607844,0.1803921568627451,9.12156862745098,0.0406213085355726,-0.041898366498521,4.441951500792712,7.518728233678135
2022,500,0.8,FIXED_-1PCT,rebound_from_low_box,EXTREME_GAP__STRONG,66,-0.0288102702065093,-0.0476246469734672,0.362116531585973,0.1818181818181818,0.1363636363636363,0.7878787878787878,0.0757575757575757,7.454545454545454,0.0418365869029278,-0.0628432406665038,1.079439415029095,2.980917248658714
2022,500,0.8,FIXED_-1PCT,rebound_from_low_box,EXTREME_GAP__WEAK,67,0.0033423031845268,-0.0306436743323439,1.124222183591693,0.2985074626865671,0.1194029850746268,0.7014925373134329,0.1791044776119403,8.776119402985074,0.0537423013188442,-0.0405332005209027,2.0266261264403256,1.802691813077029
2022,500,0.8,FIXED_-1PCT,rebound_from_low_box,NON_EXTREME__STRONG,316,-0.0228045569021902,-0.0318675791005127,0.3603774082419406,0.1613924050632911,0.0886075949367088,0.8037974683544303,0.1075949367088607,8.155063291139241,0.0370320795008732,-0.0488116411115726,4.060153786027838,11.26639376711994
2022,500,0.8,FIXED_-1PCT,rebound_from_low_box,NON_EXTREME__WEAK,234,-0.0109372629059197,-0.0253213932403667,0.6038178452107904,0.2435897435897435,0.0726495726495726,0.7350427350427351,0.1923076923076923,9.307692307692308,0.040858172390611,-0.0394661381237771,3.900637065759848,6.459956585745079
2022,500,0.8,FIXED_-1PCT,low_progress_box,EXTREME_GAP__STRONG,72,-0.0309142656405711,-0.0471842575684345,0.3131059440355956,0.1527777777777778,0.1111111111111111,0.8333333333333334,0.0555555555555555,7.388888888888889,0.0359611189096852,-0.060801441101188,1.0145956243655532,3.24042275048668
2022,500,0.8,FIXED_-1PCT,low_progress_box,EXTREME_GAP__WEAK,61,0.0089882558336853,-0.0251769099709582,1.3552932020314647,0.3442622950819672,0.1475409836065573,0.639344262295082,0.2131147540983606,8.98360655737705,0.0618483338107945,-0.0407487632722,2.091469917103867,1.543186311249063
2022,500,0.8,FIXED_-1PCT,low_progress_box,NON_EXTREME__STRONG,294,-0.023037181805154,-0.0313241178805264,0.3364829368061685,0.1598639455782313,0.0782312925170068,0.8095238095238095,0.1122448979591836,8.231292517006803,0.036767083199576,-0.0475133653027998,3.434690668471608,10.207622119186889
2022,500,0.8,FIXED_-1PCT,low_progress_box,NON_EXTREME__WEAK,256,-0.0116899533217267,-0.0273379324274901,0.6019768294114716,0.23828125,0.0859375,0.734375,0.1796875,9.12109375,0.0408336992226703,-0.0417602559109282,4.5261001833160766,7.518728233678135
2023,300,0.6,EXPANDING,rebound_from_low_box,EXTREME_GAP__STRONG,35,-0.0079385345733191,-0.0174453456333705,0.6464575171435757,0.3714285714285714,0.2857142857142857,0.5142857142857142,0.2,9.17142857142857,0.0402955635019441,-0.0376627957519255,0.5080503644136769,0.7858990744798484
2023,300,0.6,EXPANDING,rebound_from_low_box,EXTREME_GAP__WEAK,29,-0.0065192579837047,-0.0223577695977775,0.7546486415639004,0.3448275862068966,0.1724137931034483,0.6206896551724138,0.2068965517241379,10.172413793103448,0.0492402501850795,-0.0396147459960173,0.581503714388327,0.7705621959157635
2023,300,0.6,EXPANDING,rebound_from_low_box,NON_EXTREME__STRONG,117,-0.0048232395835407,-0.0245112171359883,0.818184410404114,0.3675213675213675,0.358974358974359,0.5897435897435898,0.0512820512820512,7.153846153846154,0.0383019335497738,-0.0397780746659916,2.539479892286445,3.103798923560712
2023,300,0.6,EXPANDING,rebound_from_low_box,NON_EXTREME__WEAK,140,0.0021427946993025,-0.0173786774685097,1.0971176747434577,0.35,0.2214285714285714,0.6071428571428571,0.1714285714285714,10.107142857142858,0.0449301024983617,-0.0336547594946117,3.3889373091211934,3.0889460512188336
2023,300,0.6,EXPANDING,low_progress_box,EXTREME_GAP__STRONG,37,-0.0045510700589899,-0.0174453456333705,0.8042302581056506,0.3783783783783784,0.2972972972972973,0.5135135135135135,0.1891891891891892,9.27027027027027,0.0459063445744853,-0.037201586704192,0.6917514620641707,0.8601410542468003
2023,300,0.6,EXPANDING,low_progress_box,EXTREME_GAP__WEAK,27,-0.0110562073855917,-0.0223577695977775,0.5712926431146705,0.3333333333333333,0.1481481481481481,0.6296296296296297,0.2222222222222222,10.11111111111111,0.0422139714325701,-0.0403913621165479,0.3978026167378332,0.6963202161488116
2023,300,0.6,EXPANDING,low_progress_box,NON_EXTREME__STRONG,107,-0.0033395846162214,-0.0245112171359883,0.8612726828192887,0.3738317757009345,0.3457943925233644,0.5794392523364486,0.0747663551401869,7.878504672897196,0.0378239974269501,-0.0369074359760608,2.218476919033962,2.575812472969656
2023,300,0.6,EXPANDING,low_progress_box,NON_EXTREME__WEAK,150,0.0006200518704252,-0.0184643488599707,1.025714546930927,0.3466666666666667,0.24,0.6133333333333333,0.1466666666666666,9.393333333333333,0.04482915233607,-0.036110702771521,3.709940282373677,3.61693250180989
2023,300,0.6,FIXED_-1PCT,rebound_from_low_box,EXTREME_GAP__STRONG,33,-0.0109413691938068,-0.0212621786884341,0.5405705450988101,0.3333333333333333,0.2424242424242424,0.5454545454545454,0.2121212121212121,9.393939393939394,0.0399942365035686,-0.0388214265524626,0.424833891084222,0.7858990744798484
2023,300,0.6,FIXED_-1PCT,rebound_from_low_box,EXTREME_GAP__WEAK,27,-0.0044694597125432,-0.0223577695977775,0.8281415558187458,0.3703703703703703,0.1851851851851851,0.5925925925925926,0.2222222222222222,10.37037037037037,0.0512796378660605,-0.0397222574566856,0.581503714388327,0.7021791266269941
2023,300,0.6,FIXED_-1PCT,rebound_from_low_box,NON_EXTREME__STRONG,119,-0.0040428786381916,-0.0240105727602443,0.8449955780663504,0.3781512605042016,0.3697478991596639,0.5798319327731093,0.0504201680672268,7.126050420168068,0.0384190012039816,-0.0394212227815726,2.6226963656159,3.103798923560712
2023,300,0.6,FIXED_-1PCT,rebound_from_low_box,NON_EXTREME__WEAK,142,0.0016310435817858,-0.0181985952636975,1.0733557319410385,0.3450704225352112,0.2183098591549295,0.6126760563380281,0.1690140845070422,10.070422535211268,0.0446030379067205,-0.0337182606464763,3.3889373091211934,3.1573291205076024
2023,300,0.6,FIXED_-1PCT,low_progress_box,EXTREME_GAP__STRONG,34,-0.0059292845190534,-0.0193537621609023,0.751156593610543,0.3529411764705882,0.2647058823529412,0.5294117647058824,0.2058823529411764,9.588235294117649,0.0466640323622443,-0.0377924818917093,0.6085349887347158,0.8101306623825323
2023,300,0.6,FIXED_-1PCT,low_progress_box,EXTREME_GAP__WEAK,26,-0.0107748046917875,-0.0239994206416431,0.5867749258097109,0.3461538461538461,0.1538461538461538,0.6153846153846154,0.2307692307692307,10.153846153846152,0.0429916510263497,-0.0411024478170638,0.3978026167378332,0.6779475387243102
2023,300,0.6,FIXED_-1PCT,low_progress_box,NON_EXTREME__STRONG,110,-0.0029466315679136,-0.0242608949481163,0.8765608004974825,0.3818181818181818,0.3545454545454545,0.5727272727272728,0.0727272727272727,7.818181818181818,0.0378102306693029,-0.036732817937959,2.301693392363417,2.625822864833924
2023,300,0.6,FIXED_-1PCT,low_progress_box,NON_EXTREME__WEAK,151,0.0004942722062204,-0.0183726774245013,1.0205306293308236,0.3443708609271523,0.23841059602649,0.6158940397350994,0.1456953642384106,9.390728476821192,0.0446779281616212,-0.0360166129114655,3.709940282373677,3.635305179234391
2023,300,0.8,EXPANDING,rebound_from_low_box,EXTREME_GAP__STRONG,35,-0.0133900061306427,-0.0217172997718787,0.4675330966853208,0.2857142857142857,0.1428571428571428,0.5714285714285714,0.2857142857142857,11.085714285714284,0.0448955497303565,-0.0396726709696282,0.4114987893469666,0.8801490039194619
2023,300,0.8,EXPANDING,rebound_from_low_box,EXTREME_GAP__WEAK,29,-0.0184824598585199,-0.026959046232135,0.3401366949248011,0.2758620689655172,0.0344827586206896,0.6551724137931034,0.3103448275862069,11.517241379310343,0.051271809682667,-0.0411740246646536,0.2762849822048907,0.8122763181019707
2023,300,0.8,EXPANDING,rebound_from_low_box,NON_EXTREME__STRONG,117,0.004059675607525,-0.0250554308665643,1.1488462251996396,0.3418803418803419,0.282051282051282,0.6068376068376068,0.1111111111111111,9.316239316239315,0.051331517476271,-0.041661205408602,3.6660743659788233,3.191092319898388
2023,300,0.8,EXPANDING,rebound_from_low_box,NON_EXTREME__WEAK,140,0.0013790854448084,-0.0192361661005618,1.0596958335896218,0.3214285714285714,0.0428571428571428,0.6142857142857143,0.3428571428571428,11.657142857142857,0.0495709737763679,-0.0345105649785629,3.4273338975441123,3.2342619352709296
2023,300,0.8,EXPANDING,low_progress_box,EXTREME_GAP__STRONG,37,-0.0155116517279717,-0.0222046333553064,0.4202089946770001,0.2702702702702703,0.1081081081081081,0.5945945945945946,0.2972972972972973,11.45945945945946,0.0496803474099638,-0.0402586748218732,0.4159619831737513,0.9898930971087058
2023,300,0.8,EXPANDING,low_progress_box,EXTREME_GAP__WEAK,27,-0.0159522383901711,-0.0223577695977775,0.3869171815027751,0.2962962962962963,0.074074074074074,0.6296296296296297,0.2962962962962963,11.037037037037036,0.0451871802663393,-0.0404821937334308,0.271821788378106,0.7025322249127268
2023,300,0.8,EXPANDING,low_progress_box,NON_EXTREME__STRONG,107,0.0048729391714787,-0.0245112171359883,1.1995119246134265,0.3457943925233644,0.2523364485981308,0.5887850467289719,0.1588785046728972,10.037383177570094,0.0492425839109935,-0.0382577640303887,3.1348046295028515,2.613400138154627
2023,300,0.8,EXPANDING,low_progress_box,NON_EXTREME__WEAK,150,0.0009776634467026,-0.0198966983544061,1.038470955447974,0.32,0.08,0.6266666666666667,0.2933333333333333,10.986666666666666,0.0511784492995927,-0.037415062523691,3.958603634020084,3.81195411701469
2023,300,0.8,FIXED_-1PCT,rebound_from_low_box,EXTREME_GAP__STRONG,33,-0.0130212361520695,-0.0217172997718787,0.4827178151766418,0.2727272727272727,0.1515151515151515,0.5757575757575758,0.2727272727272727,10.636363636363637,0.0444982010312744,-0.0397317884213055,0.4009885398552686,0.8306893328735632
2023,300,0.8,FIXED_-1PCT,rebound_from_low_box,EXTREME_GAP__WEAK,27,-0.0173188246891966,-0.026959046232135,0.3714040726215389,0.2962962962962963,0.037037037037037,0.6296296296296297,0.3333333333333333,11.814814814814817,0.0534616832523581,-0.0413970382489245,0.2762849822048907,0.7438932488132013
2023,300,0.8,FIXED_-1PCT,rebound_from_low_box,NON_EXTREME__STRONG,119,0.0036641397019011,-0.0250554308665643,1.1345550467157224,0.3445378151260504,0.2773109243697479,0.6050420168067226,0.1176470588235294,9.470588235294118,0.0513335390861691,-0.0416113907465575,3.6765846154705217,3.240551990944287
2023,300,0.8,FIXED_-1PCT,rebound_from_low_box,NON_EXTREME__WEAK,142,0.0008780907956648,-0.0192361661005618,1.0377542523681065,0.3169014084507042,0.0422535211267605,0.6197183098591549,0.3380281690140845,11.598591549295774,0.0491785448005294,-0.0345620125320619,3.4273338975441123,3.3026450045597
2023,300,0.8,FIXED_-1PCT,low_progress_box,EXTREME_GAP__STRONG,34,-0.0142638617798966,-0.0219609665635925,0.4553473103343474,0.2647058823529412,0.1176470588235294,0.5882352941176471,0.2941176470588235,11.205882352941176,0.0504072504896725,-0.039933910403663,0.4054517336820533,0.890423034198539
2023,300,0.8,FIXED_-1PCT,low_progress_box,EXTREME_GAP__WEAK,26,-0.0158591445811584,-0.0239994206416431,0.3973076008016742,0.3076923076923077,0.0769230769230769,0.6153846153846154,0.3076923076923077,11.115384615384617,0.0460792140460331,-0.041196772957673,0.271821788378106,0.6841595474882255
2023,300,0.8,FIXED_-1PCT,low_progress_box,NON_EXTREME__STRONG,110,0.0039313152539068,-0.0247833240012763,1.15940485385553,0.3454545454545454,0.2454545454545454,0.5909090909090909,0.1636363636363636,10.154545454545454,0.0490298437817827,-0.0384127160539669,3.145314878994549,2.7128702010647934
2023,300,0.8,FIXED_-1PCT,low_progress_box,NON_EXTREME__WEAK,151,0.0008495154939131,-0.0195018566640153,1.0334897898965494,0.3178807947019867,0.0794701986754966,0.6291390728476821,0.2913907284768212,10.973509933774835,0.0509851768008822,-0.0373123345195813,3.958603634020084,3.830326794439192
2023,500,0.6,EXPANDING,rebound_from_low_box,EXTREME_GAP__STRONG,54,-0.004837830431696,-0.0148754055992006,0.7897126330936733,0.4259259259259259,0.3518518518518518,0.4814814814814814,0.1666666666666666,9.61111111111111,0.0440294800254569,-0.0402654920766302,0.9810706972253338,1.2423135405369186
2023,500,0.6,EXPANDING,rebound_from_low_box,EXTREME_GAP__WEAK,51,0.0057383357069671,-0.0181254685714282,1.2611879316110353,0.4117647058823529,0.2352941176470588,0.5490196078431373,0.2156862745098039,10.823529411764708,0.0528282268928552,-0.0343313589288991,1.4131323163460672,1.120477195290744
2023,500,0.6,EXPANDING,rebound_from_low_box,NON_EXTREME__STRONG,210,-0.0026967159597935,-0.0204058975626004,0.8872113214566828,0.3761904761904762,0.3619047619047619,0.5666666666666667,0.0714285714285714,7.666666666666667,0.0378363505851662,-0.0373588165841365,4.454675432394584,5.020985783951224
2023,500,0.6,EXPANDING,rebound_from_low_box,NON_EXTREME__WEAK,276,0.0076107457935383,-0.0167471365855287,1.3660547645407777,0.3804347826086957,0.2753623188405797,0.5760869565217391,0.1485507246376811,9.815217391304348,0.0480901537390639,-0.0321384673014634,7.838958130267842,5.738392291251251
2023,500,0.6,EXPANDING,low_progress_box,EXTREME_GAP__STRONG,58,-9.180032386097838e-05,-0.0088264142738943,0.9959557962411584,0.4482758620689655,0.3448275862068966,0.4655172413793103,0.1896551724137931,10.310344827586206,0.0496292980915878,-0.0386542771104111,1.3112311015199336,1.3165555203038704
2023,500,0.6,EXPANDING,low_progress_box,EXTREME_GAP__WEAK,47,0.0007816318410143,-0.0183726774245013,1.0351132288252058,0.3829787234042553,0.2340425531914893,0.574468085106383,0.1914893617021276,10.063829787234043,0.0466666426297488,-0.0358146341512348,1.0829719120514674,1.046235215523792
2023,500,0.6,EXPANDING,low_progress_box,NON_EXTREME__STRONG,199,-0.001796239208048,-0.0200624520444762,0.9220643314181366,0.3768844221105528,0.3467336683417085,0.5628140703517588,0.0904522613065326,8.080402010050252,0.038316849362248,-0.0364600571153213,4.229044015148642,4.586495617550206
2023,500,0.6,EXPANDING,low_progress_box,NON_EXTREME__WEAK,287,0.0065913139019564,-0.0170052654127146,1.3064544162049354,0.3797909407665505,0.289198606271777,0.578397212543554,0.1324041811846689,9.445993031358883,0.0473639826891261,-0.0329617320276085,8.064589547513783,6.17288245765227
2023,500,0.6,FIXED_-1PCT,rebound_from_low_box,EXTREME_GAP__STRONG,52,-0.0067291839834315,-0.0165455977229245,0.7183339344532862,0.4038461538461538,0.3269230769230769,0.5,0.173076923076923,9.76923076923077,0.0434294550324093,-0.0407575800938382,0.8923959733984768,1.2423135405369186
2023,500,0.6,FIXED_-1PCT,rebound_from_low_box,EXTREME_GAP__WEAK,45,0.0038136921743944,-0.0181254685714282,1.170977346825439,0.4,0.2222222222222222,0.5555555555555556,0.2222222222222222,10.688888888888888,0.0526693652739436,-0.0349743931130635,1.1753523212892805,1.003736173441529
2023,500,0.6,FIXED_-1PCT,rebound_from_low_box,NON_EXTREME__STRONG,212,-0.0022529982440084,-0.0199336391561832,0.9048721409934144,0.3820754716981132,0.3679245283018867,0.5613207547169812,0.070754716981132,7.64622641509434,0.0380419522762939,-0.0372655372166373,4.543350156221441,5.020985783951224
2023,500,0.6,FIXED_-1PCT,rebound_from_low_box,NON_EXTREME__WEAK,282,0.0078780312490218,-0.0167471365855287,1.37942856181489,0.3829787234042553,0.2765957446808511,0.574468085106383,0.1489361702127659,9.858156028368796,0.0482163140645028,-0.0320825127322337,8.076738125324628,5.855133313100466
2023,500,0.6,FIXED_-1PCT,low_progress_box,EXTREME_GAP__STRONG,54,-0.0018499220805753,-0.0115354751152551,0.9211273328458977,0.4259259259259259,0.3148148148148148,0.4814814814814814,0.2037037037037037,10.62962962962963,0.0495780624517341,-0.0393625711253482,1.1666493360885355,1.2665451284396023
2023,500,0.6,FIXED_-1PCT,low_progress_box,EXTREME_GAP__WEAK,43,-0.0018233866730145,-0.0219561973274401,0.9199537928691868,0.3720930232558139,0.2325581395348837,0.5813953488372093,0.1860465116279069,9.651162790697674,0.0453776215492815,-0.0364572793999684,0.9010989585992216,0.9795045855388452
2023,500,0.6,FIXED_-1PCT,low_progress_box,NON_EXTREME__STRONG,203,-0.0012949764967213,-0.0198048262678903,0.9433020838750878,0.3842364532019704,0.354679802955665,0.5566502463054187,0.0886699507389162,8.039408866995075,0.0385533839409153,-0.0363148797910541,4.373625780580041,4.636506009414473
2023,500,0.6,FIXED_-1PCT,low_progress_box,NON_EXTREME__WEAK,291,0.0068963897365251,-0.0170052654127146,1.321630425659735,0.3814432989690721,0.2886597938144329,0.5773195876288659,0.134020618556701,9.515463917525771,0.0475448711641178,-0.0329059858516599,8.246462500966029,6.239613087637217
2023,500,0.8,EXPANDING,rebound_from_low_box,EXTREME_GAP__STRONG,54,-0.0008506623237488,-0.0193537621609023,0.965631437253599,0.3703703703703703,0.2407407407407407,0.5185185185185185,0.2407407407407407,11.24074074074074,0.0503161382428042,-0.0413297261834642,1.290627704494096,1.336563469976532
2023,500,0.8,EXPANDING,rebound_from_low_box,EXTREME_GAP__WEAK,51,0.0002101144542774,-0.0183726774245013,1.0092203727622178,0.3725490196078431,0.0980392156862745,0.5686274509803921,0.3333333333333333,12.235294117647058,0.0568432728900051,-0.0354704976002914,1.172907154645101,1.162191317476951
2023,500,0.8,EXPANDING,rebound_from_low_box,NON_EXTREME__STRONG,210,0.0050832026079821,-0.0204058975626004,1.2103791196037013,0.3571428571428571,0.2666666666666666,0.5714285714285714,0.1619047619047619,9.876190476190477,0.0483722922993703,-0.0382235666039255,6.141514827571195,5.0740422798949405
2023,500,0.8,EXPANDING,rebound_from_low_box,NON_EXTREME__WEAK,276,0.0084553080281933,-0.0177423250333949,1.3921078543997654,0.3623188405797101,0.108695652173913,0.5833333333333334,0.3079710144927536,11.467391304347826,0.0539206382710709,-0.032918328584643,8.285254583793758,5.951589568012391
2023,500,0.8,EXPANDING,low_progress_box,EXTREME_GAP__STRONG,58,-0.0018926227213385,-0.0193537621609023,0.9241018158009504,0.3793103448275862,0.1724137931034483,0.5172413793103449,0.3103448275862069,11.913793103448276,0.0540392150173117,-0.0406044884958285,1.3365354453281413,1.4463075631657758
2023,500,0.8,EXPANDING,low_progress_box,EXTREME_GAP__WEAK,47,0.0015862167983691,-0.0183726774245013,1.0708369862192428,0.3617021276595745,0.1702127659574468,0.574468085106383,0.2553191489361702,11.48936170212766,0.0528043385425022,-0.0358668140162527,1.126999413811056,1.0524472242877072
2023,500,0.8,EXPANDING,low_progress_box,NON_EXTREME__STRONG,199,0.0055860986494505,-0.0200624520444762,1.2401996403182014,0.3618090452261306,0.2462311557788944,0.5678391959798995,0.185929648241206,10.185929648241206,0.0486638588972934,-0.0371968775346626,5.739590732958321,4.627957101717671
2023,500,0.8,EXPANDING,low_progress_box,NON_EXTREME__WEAK,287,0.0079773656174807,-0.0184473591566864,1.3578650092489553,0.3588850174216028,0.1289198606271777,0.5853658536585366,0.2857142857142857,11.19163763066202,0.0535058175091357,-0.0338335506856723,8.687178678406632,6.39767474618966
2023,500,0.8,FIXED_-1PCT,rebound_from_low_box,EXTREME_GAP__STRONG,52,-0.0017851989050253,-0.0193537621609023,0.9278765682002936,0.3653846153846153,0.2307692307692307,0.5192307692307693,0.25,11.192307692307692,0.0493464828853798,-0.0413353097413731,1.1942734558693169,1.287103798930633
2023,500,0.8,FIXED_-1PCT,rebound_from_low_box,EXTREME_GAP__WEAK,45,-0.0021586900670774,-0.0219561973274401,0.9070820933096972,0.3555555555555555,0.0888888888888888,0.5777777777777777,0.3333333333333333,11.911111111111111,0.0561762336363625,-0.0359792615884069,0.9483092426092488,1.0454502956277365
2023,500,0.8,FIXED_-1PCT,rebound_from_low_box,NON_EXTREME__STRONG,212,0.0052564487040336,-0.0204058975626004,1.2175010639062025,0.3584905660377358,0.2688679245283019,0.5707547169811321,0.160377358490566,9.900943396226417,0.0486284704619785,-0.0382515004442453,6.237869076195974,5.123501950940838
2023,500,0.8,FIXED_-1PCT,rebound_from_low_box,NON_EXTREME__WEAK,282,0.0086578790991773,-0.0177423250333949,1.4023383152603892,0.3652482269503546,0.1099290780141844,0.5815602836879432,0.3085106382978723,11.5354609929078,0.0540892644204593,-0.0328914443102767,8.509852495829609,6.068330589861606
2023,500,0.8,FIXED_-1PCT,low_progress_box,EXTREME_GAP__STRONG,54,-0.0021697509822952,-0.0193537621609023,0.9130061696220156,0.3703703703703703,0.1666666666666666,0.5185185185185185,0.3148148148148148,11.851851851851851,0.053496810557837,-0.0407108779662079,1.229670947211664,1.3468375002556092
2023,500,0.8,FIXED_-1PCT,low_progress_box,EXTREME_GAP__WEAK,43,-0.0016931358845548,-0.0219561973274401,0.9261401872945468,0.3488372093023256,0.1627906976744186,0.5813953488372093,0.2558139534883721,11.116279069767442,0.051281857059369,-0.0365143132059182,0.9129117512669014,0.9857165943027604
2023,500,0.8,FIXED_-1PCT,low_progress_box,NON_EXTREME__STRONG,203,0.0055124535292953,-0.0200624520444762,1.2367097424197029,0.3645320197044335,0.2463054187192118,0.5665024630541872,0.1871921182266009,10.236453201970445,0.0489140621745925,-0.0372357219309393,5.846455231074799,4.727427164627837
2023,500,0.8,FIXED_-1PCT,low_progress_box,NON_EXTREME__WEAK,291,0.008374092662461,-0.0183726774245013,1.376965988822041,0.3608247422680412,0.1305841924398625,0.584192439862543,0.2852233676975945,11.25085910652921,0.0537211466772051,-0.0337658207481009,8.901266340950784,6.464405376174607
2024,300,0.6,EXPANDING,rebound_from_low_box,EXTREME_GAP__STRONG,21,-0.0058909773156638,-0.0353427685255919,0.8630082375993036,0.2857142857142857,0.2857142857142857,0.7142857142857143,0.0,7.666666666666667,0.0602082775598054,-0.0539018167932468,0.7793402982671302,0.9030508218960704
2024,300,0.6,EXPANDING,rebound_from_low_box,EXTREME_GAP__WEAK,27,-0.0092862483875138,-0.0237617810126581,0.622760338771234,0.2962962962962963,0.1481481481481481,0.6296296296296297,0.2222222222222222,10.444444444444445,0.0389137959765678,-0.0416223504927106,0.4139116594153749,0.6646403658782484
2024,300,0.6,EXPANDING,rebound_from_low_box,NON_EXTREME__STRONG,90,9.30849649855878e-06,-0.0103280967863902,1.0004107052630806,0.4666666666666667,0.3555555555555555,0.5222222222222223,0.1222222222222222,8.633333333333333,0.0389195279837451,-0.034586624337525,2.040657460656214,2.0398196959713437
2024,300,0.6,EXPANDING,rebound_from_low_box,NON_EXTREME__WEAK,196,-0.0010795864969941,-0.0189215761435553,0.952983215943666,0.3316326530612244,0.1683673469387755,0.6326530612244898,0.1989795918367347,9.31122448979592,0.0421604011405766,-0.0361542419036525,4.288899276270889,4.500498229681749
2024,300,0.6,EXPANDING,low_progress_box,EXTREME_GAP__STRONG,23,-0.0113824207551691,-0.0353427685255919,0.7161103899229664,0.2608695652173913,0.217391304347826,0.6956521739130435,0.0869565217391304,9.173913043478262,0.0531261335819405,-0.0531886593220207,0.6603785342827888,0.9221742116516802
2024,300,0.6,EXPANDING,low_progress_box,EXTREME_GAP__WEAK,25,-0.0045057421089168,-0.029806123733589,0.825498698113988,0.32,0.2,0.64,0.16,9.28,0.0437258099095445,-0.0412960980621957,0.5328734233997163,0.6455169761226385
2024,300,0.6,EXPANDING,low_progress_box,NON_EXTREME__STRONG,91,-0.00115617175249,-0.0223860943773425,0.9534992314788864,0.4285714285714285,0.3076923076923077,0.5604395604395604,0.1318681318681318,8.967032967032967,0.041712274039781,-0.0364729953354949,2.1573666638010094,2.2625782932776084
2024,300,0.6,EXPANDING,low_progress_box,NON_EXTREME__WEAK,195,-0.0005412797910225,-0.0154989327181979,0.9753258570366105,0.3487179487179487,0.1897435897435897,0.6153846153846154,0.1948717948717948,9.158974358974358,0.0408737395101026,-0.0352819745023749,4.172190073126093,4.277739632375484
2024,300,0.6,FIXED_-1PCT,rebound_from_low_box,EXTREME_GAP__STRONG,21,-0.0058909773156638,-0.0353427685255919,0.8630082375993036,0.2857142857142857,0.2857142857142857,0.7142857142857143,0.0,7.666666666666667,0.0602082775598054,-0.0539018167932468,0.7793402982671302,0.9030508218960704
2024,300,0.6,FIXED_-1PCT,rebound_from_low_box,EXTREME_GAP__WEAK,25,-0.006521838623742,-0.0218360409285712,0.7174039157710612,0.32,0.16,0.6,0.24,11.12,0.0418620991118208,-0.0401409320952121,0.4139116594153749,0.5769576250089258
2024,300,0.6,FIXED_-1PCT,rebound_from_low_box,NON_EXTREME__STRONG,90,9.30849649855878e-06,-0.0103280967863902,1.0004107052630806,0.4666666666666667,0.3555555555555555,0.5222222222222223,0.1222222222222222,8.633333333333333,0.0389195279837451,-0.034586624337525,2.040657460656214,2.0398196959713437
2024,300,0.6,FIXED_-1PCT,rebound_from_low_box,NON_EXTREME__WEAK,198,-0.0015115237084857,-0.0195004667484874,0.934771166132918,0.3282828282828283,0.1666666666666666,0.6363636363636364,0.1969696969696969,9.237373737373735,0.0417553466521456,-0.0363965231012059,4.288899276270889,4.588180970551071
2024,300,0.6,FIXED_-1PCT,low_progress_box,EXTREME_GAP__STRONG,23,-0.0113824207551691,-0.0353427685255919,0.7161103899229664,0.2608695652173913,0.217391304347826,0.6956521739130435,0.0869565217391304,9.173913043478262,0.0531261335819405,-0.0531886593220207,0.6603785342827888,0.9221742116516802
2024,300,0.6,FIXED_-1PCT,low_progress_box,EXTREME_GAP__WEAK,23,-0.0010852526892869,-0.0237617810126581,0.955254069621122,0.3478260869565217,0.217391304347826,0.6086956521739131,0.1739130434782608,9.91304347826087,0.0473489232246436,-0.0396574908970439,0.5328734233997163,0.5578342352533159
2024,300,0.6,FIXED_-1PCT,low_progress_box,NON_EXTREME__STRONG,91,-0.00115617175249,-0.0223860943773425,0.9534992314788864,0.4285714285714285,0.3076923076923077,0.5604395604395604,0.1318681318681318,8.967032967032967,0.041712274039781,-0.0364729953354949,2.1573666638010094,2.2625782932776084
2024,300,0.6,FIXED_-1PCT,low_progress_box,NON_EXTREME__WEAK,197,-0.0009808746198919,-0.015684931298489,0.9557357149899144,0.3451776649746192,0.1878172588832487,0.6192893401015228,0.1928934010152284,9.086294416243655,0.0404796914621412,-0.0355343410603349,4.172190073126093,4.365422373244806
2024,300,0.8,EXPANDING,rebound_from_low_box,EXTREME_GAP__STRONG,21,-0.0066753658120467,-0.0353427685255919,0.8447676712605721,0.2857142857142857,0.238095238095238,0.7142857142857143,0.0476190476190476,8.904761904761905,0.0631079770969286,-0.0539018167932468,0.762868139843089,0.9030508218960704
2024,300,0.8,EXPANDING,rebound_from_low_box,EXTREME_GAP__WEAK,27,-0.0052804596991235,-0.0237617810126581,0.7854893876511064,0.2962962962962963,0.037037037037037,0.6296296296296297,0.3333333333333333,11.48148148148148,0.0466467843881998,-0.0416223504927106,0.5220679540019126,0.6646403658782484
2024,300,0.8,EXPANDING,rebound_from_low_box,NON_EXTREME__STRONG,90,-0.0001944952558556,-0.0226905000481132,0.9923217883772796,0.4,0.2111111111111111,0.5777777777777777,0.2111111111111111,10.72222222222222,0.04685649658873,-0.03818658453333,2.262267577979488,2.2797721510065
2024,300,0.8,EXPANDING,rebound_from_low_box,NON_EXTREME__WEAK,197,-0.0011589271060152,-0.0200443856550661,0.9514653863327228,0.3147208121827411,0.1269035532994923,0.649746192893401,0.2233502538071066,9.949238578680204,0.0452046134665558,-0.0367755694535223,4.475728801314263,4.704037441199277
2024,300,0.8,EXPANDING,low_progress_box,EXTREME_GAP__STRONG,23,-0.0126013634987609,-0.0353427685255919,0.6857086689158288,0.2608695652173913,0.1739130434782608,0.6956521739130435,0.1304347826086956,10.304347826086955,0.0557736853332269,-0.0531886593220207,0.6323428511801774,0.9221742116516802
2024,300,0.8,EXPANDING,low_progress_box,EXTREME_GAP__WEAK,25,0.0002830506616874,-0.029806123733589,1.0109621695539133,0.32,0.08,0.64,0.28,10.4,0.052077437394107,-0.0412960980621957,0.6525932426648242,0.6455169761226385
2024,300,0.8,EXPANDING,low_progress_box,NON_EXTREME__STRONG,91,-0.0006219266560925,-0.0274440990551602,0.9770129504208748,0.3846153846153846,0.1868131868131868,0.6043956043956044,0.2087912087912088,10.626373626373626,0.0484884254353313,-0.0390129797125389,2.405457296995616,2.4620526227000368
2024,300,0.8,EXPANDING,low_progress_box,NON_EXTREME__WEAK,196,-0.0009653973837122,-0.0173770557498465,0.9581539015732886,0.3214285714285714,0.1377551020408163,0.6377551020408163,0.2244897959183673,9.989795918367347,0.0444385042412349,-0.0363846869209314,4.332539082298133,4.52175696950574
2024,300,0.8,FIXED_-1PCT,rebound_from_low_box,EXTREME_GAP__STRONG,21,-0.0066753658120467,-0.0353427685255919,0.8447676712605721,0.2857142857142857,0.238095238095238,0.7142857142857143,0.0476190476190476,8.904761904761905,0.0631079770969286,-0.0539018167932468,0.762868139843089,0.9030508218960704
2024,300,0.8,FIXED_-1PCT,rebound_from_low_box,EXTREME_GAP__WEAK,25,-0.0021955868402805,-0.0218360409285712,0.9048636006740288,0.32,0.04,0.6,0.36,12.24,0.0502137265963834,-0.0401409320952121,0.5220679540019126,0.5769576250089258
2024,300,0.8,FIXED_-1PCT,rebound_from_low_box,NON_EXTREME__STRONG,90,-0.0001944952558556,-0.0226905000481132,0.9923217883772796,0.4,0.2111111111111111,0.5777777777777777,0.2111111111111111,10.72222222222222,0.04685649658873,-0.03818658453333,2.262267577979488,2.2797721510065
2024,300,0.8,FIXED_-1PCT,rebound_from_low_box,NON_EXTREME__WEAK,199,-0.0015878963857001,-0.0205543565418955,0.9340547092176152,0.3115577889447236,0.1256281407035175,0.6532663316582915,0.2211055276381909,9.869346733668342,0.0447709993290618,-0.037010388659632,4.475728801314263,4.7917201820686
2024,300,0.8,FIXED_-1PCT,low_progress_box,EXTREME_GAP__STRONG,23,-0.0126013634987609,-0.0353427685255919,0.6857086689158288,0.2608695652173913,0.1739130434782608,0.6956521739130435,0.1304347826086956,10.304347826086955,0.0557736853332269,-0.0531886593220207,0.6323428511801774,0.9221742116516802
2024,300,0.8,FIXED_-1PCT,low_progress_box,EXTREME_GAP__WEAK,23,0.0041199568439786,-0.0237617810126581,1.1698694727269252,0.3478260869565217,0.0869565217391304,0.6086956521739131,0.3043478260869565,11.130434782608695,0.0564267791861246,-0.0396574908970439,0.6525932426648242,0.5578342352533159
2024,300,0.8,FIXED_-1PCT,low_progress_box,NON_EXTREME__STRONG,91,-0.0006219266560925,-0.0274440990551602,0.9770129504208748,0.3846153846153846,0.1868131868131868,0.6043956043956044,0.2087912087912088,10.626373626373626,0.0484884254353313,-0.0390129797125389,2.405457296995616,2.4620526227000368
2024,300,0.8,FIXED_-1PCT,low_progress_box,NON_EXTREME__WEAK,198,-0.0013984880205905,-0.0189215761435553,0.939927486749925,0.3181818181818182,0.1363636363636363,0.6414141414141414,0.2222222222222222,9.909090909090908,0.0440104386103729,-0.0366246403910375,4.332539082298133,4.609439710375062
2024,500,0.6,EXPANDING,rebound_from_low_box,EXTREME_GAP__STRONG,39,0.0005879724202609,-0.0242181576209957,1.0184158569256436,0.4358974358974359,0.4102564102564102,0.5384615384615384,0.0512820512820512,7.923076923076923,0.0514825913365963,-0.0436926364849176,1.268103738382043,1.245172813991868
2024,500,0.6,EXPANDING,rebound_from_low_box,EXTREME_GAP__WEAK,51,-0.0087869096965218,-0.0251430748559784,0.6603659087991331,0.2745098039215686,0.1568627450980392,0.6470588235294118,0.196078431372549,8.901960784313726,0.0407595425790377,-0.0421594492970478,0.8713240620955152,1.31945645661813
2024,500,0.6,EXPANDING,rebound_from_low_box,NON_EXTREME__STRONG,157,0.0039274273826262,0.0004766959634217,1.185243858552768,0.5031847133757962,0.4076433121019108,0.4777070063694267,0.1146496815286624,9.006369426751592,0.0418686232587971,-0.0338416773776356,3.945224407336947,3.328618308264621
2024,500,0.6,EXPANDING,rebound_from_low_box,NON_EXTREME__WEAK,342,0.0116196329778018,-0.0168650728112509,1.4993471718226234,0.3391812865497076,0.2222222222222222,0.6198830409356725,0.1578947368421052,9.08187134502924,0.0547501434422314,-0.0353101243197722,11.93213413529222,7.958219656883992
2024,500,0.6,EXPANDING,low_progress_box,EXTREME_GAP__STRONG,43,0.0002404833909814,-0.0204016290282196,1.0078202478178102,0.3953488372093023,0.3488372093023256,0.5116279069767442,0.1395348837209302,9.0,0.0537636573956313,-0.0451980039219224,1.3326500083728854,1.3223092225606852
2024,500,0.6,EXPANDING,low_progress_box,EXTREME_GAP__WEAK,47,-0.0092668565094604,-0.029806123733589,0.64941219726066,0.2978723404255319,0.1914893617021276,0.6808510638297872,0.1276595744680851,8.0,0.0377600099073624,-0.0406517142216715,0.8067777921046728,1.2423200480493124
2024,500,0.6,EXPANDING,low_progress_box,NON_EXTREME__STRONG,169,0.0010827239331241,-0.0173327424979303,1.0472597430105877,0.4260355029585799,0.3313609467455621,0.5502958579881657,0.1183431952662721,9.514792899408285,0.0426169968813839,-0.0347759084544641,4.054781862048488,3.8718015173505
2024,500,0.6,EXPANDING,low_progress_box,NON_EXTREME__WEAK,330,0.0133561825235835,-0.0147193095735186,1.5944057407959715,0.3727272727272727,0.2545454545454545,0.5878787878787879,0.1575757575757575,8.824242424242424,0.0548353043512739,-0.0348850828389286,11.822576680580683,7.415036447798114
2024,500,0.6,FIXED_-1PCT,rebound_from_low_box,EXTREME_GAP__STRONG,37,0.0001327841366333,-0.0257372609452261,1.0039456475440407,0.4054054054054054,0.3783783783783784,0.5675675675675675,0.054054054054054,8.216216216216216,0.0535681410496192,-0.04505090328514,1.2500858270473012,1.245172813991868
2024,500,0.6,FIXED_-1PCT,rebound_from_low_box,EXTREME_GAP__WEAK,45,-0.0067696324402724,-0.0237617810126581,0.7301770552965691,0.2888888888888888,0.1555555555555555,0.6222222222222222,0.2222222222222222,9.71111111111111,0.0436435437692683,-0.0417950246258794,0.8243789751646444,1.1290124349769033
2024,500,0.6,FIXED_-1PCT,rebound_from_low_box,NON_EXTREME__STRONG,159,0.0039913459774029,0.0013705448038594,1.1906568887250788,0.5094339622641509,0.4150943396226415,0.4716981132075472,0.1132075471698113,8.924528301886792,0.0415042370749842,-0.0336495141487446,3.963242318671689,3.328618308264621
2024,500,0.6,FIXED_-1PCT,rebound_from_low_box,NON_EXTREME__WEAK,348,0.0110069412175226,-0.017025807494169,1.4700667121398634,0.3362068965517241,0.2212643678160919,0.6235632183908046,0.1551724137931034,8.974137931034482,0.0541359949975775,-0.0354753400096177,11.979079222223094,8.148663678525219
2024,500,0.6,FIXED_-1PCT,low_progress_box,EXTREME_GAP__STRONG,41,-0.0001872469639644,-0.0208044622279398,0.9941941526296894,0.3658536585365853,0.3170731707317073,0.5365853658536586,0.1463414634146341,9.317073170731708,0.0557570103590438,-0.0464971894458794,1.3146320970381435,1.3223092225606852
2024,500,0.6,FIXED_-1PCT,low_progress_box,EXTREME_GAP__WEAK,41,-0.0071230078349825,-0.0279412239637529,0.7223595614860199,0.3170731707317073,0.1951219512195122,0.6585365853658537,0.1463414634146341,8.75609756097561,0.0404864210666387,-0.0400310917666755,0.7598327051738021,1.051876026408086
2024,500,0.6,FIXED_-1PCT,low_progress_box,NON_EXTREME__STRONG,171,0.0011754283978522,-0.0172057267727663,1.0519133677519383,0.4327485380116959,0.3391812865497076,0.543859649122807,0.1169590643274853,9.432748538011696,0.0422694287499721,-0.0345863036851815,4.072799773383229,3.8718015173505
2024,500,0.6,FIXED_-1PCT,low_progress_box,NON_EXTREME__WEAK,336,0.0126905991014053,-0.0153420774683252,1.560653770028884,0.369047619047619,0.2529761904761904,0.5922619047619048,0.1547619047619047,8.717261904761905,0.0541977013030781,-0.0350637891155693,11.869521767511554,7.605480469439341
2024,500,0.8,EXPANDING,rebound_from_low_box,EXTREME_GAP__STRONG,40,-0.0010953220092342,-0.0277046904577507,0.9691879557948884,0.375,0.3,0.6,0.1,10.35,0.0582164913616349,-0.0480940689235168,1.3781271920813585,1.42194007245073
2024,500,0.8,EXPANDING,rebound_from_low_box,EXTREME_GAP__WEAK,51,-0.0097456134728323,-0.0259189337058558,0.6309187045590223,0.2549019607843137,0.0392156862745098,0.6470588235294118,0.3137254901960784,10.411764705882351,0.0465296149943103,-0.0428612084747152,0.8496317344485316,1.3466580215629804
2024,500,0.8,EXPANDING,rebound_from_low_box,NON_EXTREME__STRONG,157,0.0039758225035962,-0.0120140207829725,1.1698943091741725,0.4522292993630573,0.2229299363057325,0.5159235668789809,0.2611464968152866,11.369426751592355,0.0501101966844969,-0.0368062194547665,4.29827736187826,3.674073228813645
2024,500,0.8,EXPANDING,rebound_from_low_box,NON_EXTREME__WEAK,343,0.0109599898834308,-0.0180376078410979,1.4592128653135716,0.3265306122448979,0.1166180758017492,0.6326530612244898,0.2507288629737609,10.329446064139942,0.0588619658307628,-0.0358264930579066,11.945624984017034,8.186348454000253
2024,500,0.8,EXPANDING,low_progress_box,EXTREME_GAP__STRONG,43,-0.0048091917084354,-0.0251430748559784,0.8620515723640201,0.3255813953488372,0.2093023255813953,0.5813953488372093,0.2093023255813953,11.790697674418604,0.0611880385621644,-0.0495204700280252,1.292281237556823,1.4990764810195474
2024,500,0.8,EXPANDING,low_progress_box,EXTREME_GAP__WEAK,48,-0.0069592484171061,-0.028873673848671,0.7368741732302971,0.2916666666666667,0.1041666666666666,0.6666666666666666,0.2291666666666666,9.125,0.0431371741875449,-0.041256337040543,0.9354776889730672,1.269521612994163
2024,500,0.8,EXPANDING,low_progress_box,NON_EXTREME__STRONG,169,0.002068356612299,-0.0212402766298895,1.0845597218494385,0.3964497041420118,0.1775147928994082,0.5739644970414202,0.2485207100591716,11.195266272189349,0.0490362091384492,-0.0366288964837128,4.483343862736357,4.13379159525781
2024,500,0.8,EXPANDING,low_progress_box,NON_EXTREME__WEAK,331,0.0121870948507639,-0.0158049760056455,1.5220812113290614,0.3504531722054381,0.1359516616314199,0.6072507552870091,0.256797583081571,10.380664652567976,0.0597276006496065,-0.0358815107779844,11.760558483158938,7.726630087556087
2024,500,0.8,FIXED_-1PCT,rebound_from_low_box,EXTREME_GAP__STRONG,38,0.0019903987081127,-0.0266885088059463,1.0580695685788322,0.3947368421052631,0.3157894736842105,0.5789473684210527,0.1052631578947368,10.078947368421051,0.0603219538451854,-0.0473000846797806,1.3781271920813585,1.3024920411730756
2024,500,0.8,FIXED_-1PCT,rebound_from_low_box,EXTREME_GAP__WEAK,45,-0.0062084600117415,-0.0237617810126581,0.7525441776608182,0.2888888888888888,0.0444444444444444,0.6222222222222222,0.3333333333333333,11.11111111111111,0.050182959173244,-0.0418664265375033,0.8496317344485316,1.1290124349769033
2024,500,0.8,FIXED_-1PCT,rebound_from_low_box,NON_EXTREME__STRONG,159,0.0031745666779054,-0.013816150828377,1.1330574068734265,0.4465408805031446,0.220125786163522,0.5220125786163522,0.2578616352201258,11.42138364779874,0.0497089703636124,-0.0371379622233166,4.29827736187826,3.7935212600913
2024,500,0.8,FIXED_-1PCT,rebound_from_low_box,NON_EXTREME__WEAK,349,0.0101479396659905,-0.0181824942729456,1.4214223530296095,0.3209169054441261,0.1146131805157593,0.6361031518624641,0.2492836676217765,10.240687679083097,0.0581788867675229,-0.0360757007360596,11.945624984017034,8.40399404058633
2024,500,0.8,FIXED_-1PCT,low_progress_box,EXTREME_GAP__STRONG,41,-0.0021304198093919,-0.0242181576209957,0.9366878725925004,0.3414634146341463,0.2195121951219512,0.5609756097560976,0.2195121951219512,11.609756097560975,0.0632843963371883,-0.0488541627340507,1.292281237556823,1.379628449741893
2024,500,0.8,FIXED_-1PCT,low_progress_box,EXTREME_GAP__WEAK,42,-0.002771388986548,-0.0269300788348044,0.8893421520095934,0.3333333333333333,0.119047619047619,0.6428571428571429,0.238095238095238,9.69047619047619,0.0465668371211502,-0.0399612319029342,0.9354776889730672,1.051876026408086
2024,500,0.8,FIXED_-1PCT,low_progress_box,NON_EXTREME__STRONG,171,0.0013456388081923,-0.0213302814035085,1.0541009339716714,0.391812865497076,0.175438596491228,0.5789473684210527,0.2456140350877192,11.24561403508772,0.0486757003084577,-0.0369394330108566,4.483343862736357,4.253239626535465
2024,500,0.8,FIXED_-1PCT,low_progress_box,NON_EXTREME__WEAK,337,0.0113242813323939,-0.016092381532238,1.4803814678081226,0.344213649851632,0.1335311572700296,0.6112759643916914,0.2551928783382789,10.287833827893175,0.0590047864003965,-0.0361386127760702,11.760558483158938,7.944275674142164
2025,300,0.6,EXPANDING,rebound_from_low_box,EXTREME_GAP__STRONG,17,-0.0186800668444216,-0.0309008329697645,0.38338745941532,0.2941176470588235,0.2352941176470588,0.5294117647058824,0.2352941176470588,11.0,0.0406645158334312,-0.0594317751387507,0.1974480719461302,0.5150092083012986
2025,300,0.6,EXPANDING,rebound_from_low_box,EXTREME_GAP__WEAK,27,0.0338843396390114,0.0183218474845445,3.3163751660756,0.5555555555555556,0.4444444444444444,0.4074074074074074,0.1481481481481481,9.51851851851852,0.0668287774330788,-0.0303869260338248,1.309837875950776,0.3949607056974679
2025,300,0.6,EXPANDING,rebound_from_low_box,NON_EXTREME__STRONG,117,0.0384084810252658,0.0186986178494537,3.828932467866789,0.6068376068376068,0.5470085470085471,0.358974358974359,0.094017094017094,8.504273504273504,0.0699156603504499,-0.0266125849468209,6.082303964487319,1.5885116845312106
2025,300,0.6,EXPANDING,rebound_from_low_box,NON_EXTREME__WEAK,110,0.0018172939270689,-0.0199890930516506,1.080914774207954,0.3545454545454545,0.2181818181818181,0.5909090909090909,0.1909090909090909,9.754545454545454,0.0412409907059186,-0.0326908027478394,2.670431774027714,2.4705294420501263
2025,300,0.6,EXPANDING,low_progress_box,EXTREME_GAP__STRONG,16,-0.0107960181351253,-0.018829830094186,0.5585649037602909,0.3125,0.1875,0.4375,0.375,12.375,0.041759233485294,-0.0486853516978332,0.2185699100776912,0.3913062002396965
2025,300,0.6,EXPANDING,low_progress_box,EXTREME_GAP__WEAK,28,0.0275018687164337,0.0264107046011479,2.484685170048064,0.5357142857142857,0.4642857142857143,0.4642857142857143,0.0714285714285714,8.785714285714286,0.0652687865748841,-0.0375650554680965,1.288716037819215,0.5186637137590699
2025,300,0.6,EXPANDING,low_progress_box,NON_EXTREME__STRONG,116,0.0341684426129037,0.0058639518607837,3.1117875208140164,0.5344827586206896,0.4741379310344827,0.4137931034482758,0.1120689655172413,8.517241379310345,0.0686141822481495,-0.0273105118715888,5.840403991661963,1.876864648565132
2025,300,0.6,EXPANDING,low_progress_box,NON_EXTREME__WEAK,111,0.0065779753949267,-0.0147673122009387,1.3345995505829311,0.4324324324324324,0.2972972972972973,0.5315315315315315,0.1711711711711711,9.72972972972973,0.0428594243051202,-0.0319066789543791,2.91233174685307,2.1821764780162045
2025,300,0.6,FIXED_-1PCT,rebound_from_low_box,EXTREME_GAP__STRONG,15,-0.0223790083028226,-0.042036347663396,0.3192473584113283,0.2666666666666666,0.2,0.6,0.2,10.266666666666667,0.0419539828717962,-0.0652416212471431,0.1574236847880972,0.4931088093304364
2025,300,0.6,FIXED_-1PCT,rebound_from_low_box,EXTREME_GAP__WEAK,23,0.0300155358891461,0.0021032170756329,2.82055563210506,0.5217391304347826,0.4347826086956521,0.4782608695652174,0.0869565217391304,8.347826086956522,0.063102398303287,-0.0314185594147802,1.0695587699303193,0.3792014444799578
2025,300,0.6,FIXED_-1PCT,rebound_from_low_box,NON_EXTREME__STRONG,119,0.0379152627575065,0.0186986178494537,3.801715358674822,0.6050420168067226,0.5462184873949579,0.3529411764705882,0.1008403361344537,8.638655462184873,0.0692615066142355,-0.026431834432182,6.122328351645351,1.6104120835020728
2025,300,0.6,FIXED_-1PCT,rebound_from_low_box,NON_EXTREME__WEAK,114,0.0037230015507064,-0.0190146952988171,1.1707051060573668,0.3684210526315789,0.2280701754385964,0.5701754385964912,0.2017543859649122,9.982456140350877,0.0428906211172682,-0.0324018284090847,2.910710880048171,2.486288703267636
2025,300,0.6,FIXED_-1PCT,low_progress_box,EXTREME_GAP__STRONG,12,-0.0257629517663545,-0.0364685903165802,0.125806741523932,0.25,0.0833333333333333,0.5833333333333334,0.3333333333333333,11.166666666666666,0.0306718136011216,-0.0568514750571856,0.0444911188550698,0.3536465400513243
2025,300,0.6,FIXED_-1PCT,low_progress_box,EXTREME_GAP__WEAK,26,0.0255318316193952,0.0118780541926605,2.279880594100397,0.5,0.4615384615384615,0.5,0.0384615384615384,8.153846153846153,0.0658693515707341,-0.0391935955600332,1.1824913358633466,0.5186637137590699
2025,300,0.6,FIXED_-1PCT,low_progress_box,NON_EXTREME__STRONG,120,0.0341663206177589,0.0058639518607837,3.1415024376475285,0.5333333333333333,0.475,0.4,0.125,8.766666666666667,0.0688277592778049,-0.0272063941965283,6.014482782884583,1.914524308753504
2025,300,0.6,FIXED_-1PCT,low_progress_box,NON_EXTREME__WEAK,113,0.0074015926618825,-0.014568514006791,1.38327787840197,0.4424778761061947,0.3008849557522124,0.5221238938053098,0.1769911504424778,9.858407079646016,0.0431178670896107,-0.0316321188715214,3.0185564488089383,2.1821764780162045
2025,300,0.8,EXPANDING,rebound_from_low_box,EXTREME_GAP__STRONG,17,-0.0150576303386395,-0.0309008329697645,0.5029608953960386,0.2941176470588235,0.1764705882352941,0.5294117647058824,0.2941176470588235,12.470588235294118,0.045770990581457,-0.059820233459804,0.2590294925444261,0.5150092083012986
2025,300,0.8,EXPANDING,rebound_from_low_box,EXTREME_GAP__WEAK,27,0.0436315362075979,0.0183218474845445,3.9827055213626954,0.5555555555555556,0.2222222222222222,0.4074074074074074,0.3703703703703703,13.11111111111111,0.0831857707829953,-0.0303869260338248,1.5730121833026116,0.3949607056974679
2025,300,0.8,EXPANDING,rebound_from_low_box,NON_EXTREME__STRONG,118,0.0396603094963876,0.011102066274764,3.677749887083471,0.559322033898305,0.2711864406779661,0.3728813559322034,0.3559322033898305,12.423728813559322,0.07847584786186,-0.0283641803507728,6.427621391423708,1.7477048708499694
2025,300,0.8,EXPANDING,rebound_from_low_box,NON_EXTREME__WEAK,110,0.0038429719294582,-0.0199890930516506,1.1701110161098145,0.3454545454545454,0.1,0.6,0.3,11.21818181818182,0.0468111920253719,-0.0328332037437239,2.9077330094794,2.485006097238992
2025,300,0.8,EXPANDING,low_progress_box,EXTREME_GAP__STRONG,16,-0.0060092936206408,-0.018829830094186,0.7542878240330553,0.3125,0.125,0.4375,0.4375,13.25,0.0508227534522529,-0.0487126363311277,0.2951575023094437,0.3913062002396965
2025,300,0.8,EXPANDING,low_progress_box,EXTREME_GAP__WEAK,28,0.0363650164206615,0.0220574715320699,2.963161163519352,0.5357142857142857,0.25,0.4642857142857143,0.2857142857142857,12.642857142857142,0.0789628069924856,-0.0377853139439962,1.536884173537594,0.5186637137590699
2025,300,0.8,EXPANDING,low_progress_box,NON_EXTREME__STRONG,117,0.0380210614286533,0.0005986504000001,3.2512098253033384,0.5042735042735043,0.2478632478632478,0.4273504273504273,0.3247863247863248,11.897435897435898,0.077923538051234,-0.0288387627881823,6.424496868403299,1.9760326812508613
2025,300,0.8,EXPANDING,low_progress_box,NON_EXTREME__WEAK,111,0.005893506717673,-0.0169854148482957,1.2898859130595433,0.4054054054054054,0.1261261261261261,0.5405405405405406,0.3333333333333333,11.783783783783784,0.0476786235900541,-0.0322927067295809,2.9108575324998074,2.256678286838099
2025,300,0.8,FIXED_-1PCT,rebound_from_low_box,EXTREME_GAP__STRONG,15,-0.0158293829108795,-0.042036347663396,0.5184820486464238,0.2666666666666666,0.2,0.6,0.2,11.466666666666669,0.0477413209195588,-0.065652770402156,0.2556680656672434,0.4931088093304364
2025,300,0.8,FIXED_-1PCT,rebound_from_low_box,EXTREME_GAP__WEAK,23,0.0348250311351788,0.0021032170756329,3.112269686123117,0.5217391304347826,0.1739130434782608,0.4782608695652174,0.3478260869565217,12.173913043478262,0.0742984892962444,-0.0314185594147802,1.180177160589071,0.3792014444799578
2025,300,0.8,FIXED_-1PCT,rebound_from_low_box,NON_EXTREME__STRONG,120,0.0388448129040005,0.0077736140340979,3.634134079489949,0.5583333333333333,0.2666666666666666,0.3666666666666666,0.3666666666666666,12.55,0.0776844756149238,-0.028159380784796,6.43098281830089,1.7696052698208316
2025,300,0.8,FIXED_-1PCT,rebound_from_low_box,NON_EXTREME__WEAK,114,0.0070158129275126,-0.0190146952988171,1.3198231577512278,0.3596491228070175,0.1140350877192982,0.5789473684210527,0.3070175438596491,11.473684210526317,0.0498805410536681,-0.0325392328787979,3.3005680321929405,2.5007653584565013
2025,300,0.8,FIXED_-1PCT,low_progress_box,EXTREME_GAP__STRONG,12,-0.0243362095100799,-0.0364685903165802,0.1742192244307637,0.25,0.0833333333333333,0.5833333333333334,0.3333333333333333,11.333333333333334,0.0320219415901332,-0.0568514750571856,0.0616120259303647,0.3536465400513243
2025,300,0.8,FIXED_-1PCT,low_progress_box,EXTREME_GAP__WEAK,26,0.0329065187141107,0.0075248211235826,2.649564956773339,0.5,0.2307692307692307,0.5,0.2692307692307692,12.153846153846152,0.0784892987894386,-0.0394307969956175,1.3742332003259496,0.5186637137590699
2025,300,0.8,FIXED_-1PCT,low_progress_box,NON_EXTREME__STRONG,121,0.0383830578788689,0.0005986504000001,3.306385095562174,0.5041322314049587,0.2479338842975206,0.4132231404958678,0.3388429752066115,12.132231404958675,0.0788921876706515,-0.028688592783712,6.65804234478238,2.0136923414392336
2025,300,0.8,FIXED_-1PCT,low_progress_box,NON_EXTREME__WEAK,113,0.0072285860077287,-0.0166091289062498,1.361961305533647,0.415929203539823,0.1327433628318584,0.5309734513274337,0.336283185840708,11.91150442477876,0.0483412747412407,-0.0320113142967196,3.0735085057114517,2.256678286838099
2025,500,0.6,EXPANDING,rebound_from_low_box,EXTREME_GAP__STRONG,49,-0.0008986106442086,-0.0088432136377749,0.9609382567095408,0.4693877551020408,0.3877551020408163,0.4285714285714285,0.1836734693877551,9.979591836734691,0.0473277284043958,-0.0450779090614927,1.0832071071378675,1.1272390287040932
2025,500,0.6,EXPANDING,rebound_from_low_box,EXTREME_GAP__WEAK,44,0.0225829493997598,-0.0043201181283985,2.1954549309950835,0.5,0.3863636363636363,0.4772727272727273,0.1363636363636363,9.318181818181818,0.0591541181832717,-0.0323256784060974,1.8248394302018596,0.8311896566124254
2025,500,0.6,EXPANDING,rebound_from_low_box,NON_EXTREME__STRONG,212,0.0457722797246377,0.0207193270477437,4.135159648718116,0.6320754716981132,0.5566037735849056,0.3396226415094339,0.1037735849056603,8.518867924528301,0.0782356977550184,-0.0287894252627971,12.798852222917798,3.0951289212945845
2025,500,0.6,EXPANDING,rebound_from_low_box,NON_EXTREME__WEAK,228,0.0019605897417213,-0.0144565889229786,1.0958309515264026,0.3903508771929824,0.2324561403508772,0.5745614035087719,0.1929824561403508,9.521929824561404,0.0383377273657164,-0.030461478730747,5.1116291184063,4.664614657293827
2025,500,0.6,EXPANDING,low_progress_box,EXTREME_GAP__STRONG,45,-0.0033704675261816,-0.0139682268544935,0.8549637034384524,0.4444444444444444,0.3333333333333333,0.4444444444444444,0.2222222222222222,10.066666666666666,0.0451018343057617,-0.042906844796773,0.8940743524681691,1.0457453911463417
2025,500,0.6,EXPANDING,low_progress_box,EXTREME_GAP__WEAK,48,0.0229435185562787,0.0182626864915191,2.2066495549287835,0.5208333333333334,0.4375,0.4583333333333333,0.1041666666666666,9.291666666666666,0.0602553614191681,-0.0354237370422218,2.013972184871558,0.9126832941701774
2025,500,0.6,EXPANDING,low_progress_box,NON_EXTREME__STRONG,224,0.0399636551980936,0.0136623484487355,3.4234101206605003,0.5669642857142857,0.4821428571428571,0.3973214285714285,0.1205357142857142,8.674107142857142,0.0753478925363014,-0.0292108070024081,12.645768717151906,3.69390995277892
2025,500,0.6,EXPANDING,low_progress_box,NON_EXTREME__WEAK,216,0.0055503657331606,-0.0083610021822208,1.2948667133727108,0.4444444444444444,0.2916666666666667,0.5277777777777778,0.1805555555555555,9.416666666666666,0.039115934422758,-0.0301173821193699,5.264712624172189,4.065833625809492
2025,500,0.6,FIXED_-1PCT,rebound_from_low_box,EXTREME_GAP__STRONG,41,-0.0046955110731208,-0.0139682268544935,0.819354146241604,0.4390243902439024,0.3658536585365853,0.5121951219512195,0.1219512195121951,9.292682926829269,0.0466465120541965,-0.0495380888807388,0.873193277587478,1.0657092315854326
2025,500,0.6,FIXED_-1PCT,rebound_from_low_box,EXTREME_GAP__WEAK,36,0.0192083949894128,-0.014301983522755,1.9007880772229675,0.4722222222222222,0.3888888888888889,0.5277777777777778,0.0833333333333333,8.027777777777779,0.0538635124557822,-0.035001442809452,1.4591658211961518,0.7676636015772883
2025,500,0.6,FIXED_-1PCT,rebound_from_low_box,NON_EXTREME__STRONG,220,0.0447827606093406,0.0207193270477437,4.121087267554644,0.6318181818181818,0.5545454545454546,0.3272727272727272,0.1181818181818181,8.7,0.0772387255529875,-0.0285505184346175,13.008866052468186,3.156658718413245
2025,500,0.6,FIXED_-1PCT,rebound_from_low_box,NON_EXTREME__WEAK,236,0.0031744153181484,-0.0140392000669802,1.1584474872182948,0.3983050847457627,0.2372881355932203,0.5635593220338984,0.1991525423728813,9.71186440677966,0.0398504092840641,-0.0301165044887217,5.477302727412006,4.7281407123289645
2025,500,0.6,FIXED_-1PCT,low_progress_box,EXTREME_GAP__STRONG,37,-0.0100805783949884,-0.0213932906861356,0.6174186107315238,0.4054054054054054,0.2972972972972973,0.5405405405405406,0.1621621621621621,9.16216216216216,0.0403051974593777,-0.0470742383840303,0.6019259291113741,0.9749073297259474
2025,500,0.6,FIXED_-1PCT,low_progress_box,EXTREME_GAP__WEAK,40,0.021799191655887,0.0118780541926605,2.0157282531967264,0.5,0.45,0.5,0.05,8.275,0.0590075284158309,-0.038734169126036,1.7304331696722557,0.8584655034367735
2025,500,0.6,FIXED_-1PCT,low_progress_box,NON_EXTREME__STRONG,232,0.0395395220961611,0.0143121056103636,3.4365957805705447,0.5689655172413793,0.4827586206896552,0.3836206896551724,0.1336206896551724,8.866379310344827,0.0750699058874733,-0.0290184567421771,12.937917140508702,3.7647480141993146
2025,500,0.6,FIXED_-1PCT,low_progress_box,NON_EXTREME__WEAK,224,0.0063758938519133,-0.007083199929572,1.3466462134657018,0.4508928571428571,0.2946428571428571,0.5178571428571429,0.1875,9.59375,0.0400937412803685,-0.0297157462087906,5.548251639371491,4.120051416542895
2025,500,0.8,EXPANDING,rebound_from_low_box,EXTREME_GAP__STRONG,49,-0.0091177808135167,-0.0309008329697645,0.6865765428396505,0.3673469387755102,0.1428571428571428,0.5102040816326531,0.3469387755102041,12.653061224489797,0.054409579694476,-0.0509505383067495,0.978684460363978,1.4254557202263012
2025,500,0.8,EXPANDING,rebound_from_low_box,EXTREME_GAP__WEAK,44,0.028413353055898,-0.0043201181283985,2.504094191396395,0.5,0.1818181818181818,0.4772727272727273,0.3409090909090909,12.0,0.0714635627447814,-0.0326571501405986,2.0813771910719385,0.8311896566124254
2025,500,0.8,EXPANDING,rebound_from_low_box,NON_EXTREME__STRONG,214,0.0460818110236934,0.0146930783101221,3.752813668851456,0.5700934579439252,0.2943925233644859,0.3644859813084112,0.3411214953271028,12.05607476635514,0.0875550862542067,-0.0309209488874252,13.443845030965054,3.582337471894662
2025,500,0.8,EXPANDING,rebound_from_low_box,NON_EXTREME__WEAK,228,0.0039826077667715,-0.0153676929817743,1.1912044429174622,0.3728070175438596,0.1228070175438596,0.5833333333333334,0.293859649122807,10.87719298245614,0.0429245001341245,-0.0308637903633387,5.657059002311065,4.749024431487147
2025,500,0.8,EXPANDING,low_progress_box,EXTREME_GAP__STRONG,45,-0.010882067805738,-0.031978071493717,0.6356347715659615,0.3333333333333333,0.1333333333333333,0.5333333333333333,0.3333333333333333,12.044444444444444,0.052610105502869,-0.0491344057821294,0.8542690314103372,1.3439620826685492
2025,500,0.8,EXPANDING,low_progress_box,EXTREME_GAP__WEAK,48,0.0269397776219875,0.0169707073934674,2.4168215131308086,0.5208333333333334,0.1875,0.4583333333333333,0.3541666666666667,12.625,0.0717294045452209,-0.0358842233962758,2.205792620025579,0.9126832941701774
2025,500,0.8,EXPANDING,low_progress_box,NON_EXTREME__STRONG,226,0.0427760955244848,0.0049742013219458,3.384464607010542,0.5221238938053098,0.2654867256637168,0.415929203539823,0.3185840707964602,11.623893805309734,0.084310704546713,-0.030939787711812,13.721723897303512,4.054326308769927
2025,500,0.8,EXPANDING,low_progress_box,NON_EXTREME__WEAK,216,0.0051025210248181,-0.0123817307696268,1.2576888868423686,0.412037037037037,0.1435185185185185,0.5416666666666666,0.3148148148148148,11.26388888888889,0.0438396076917753,-0.0308409038975959,5.379180135972606,4.277035594611881
2025,500,0.8,FIXED_-1PCT,rebound_from_low_box,EXTREME_GAP__STRONG,41,-0.0129259683966044,-0.0323126758688524,0.5942031519613167,0.3414634146341463,0.1219512195121951,0.5853658536585366,0.2926829268292683,11.975609756097562,0.053143406004498,-0.0551766499340655,0.7760205610813062,1.3059852653420898
2025,500,0.8,FIXED_-1PCT,rebound_from_low_box,EXTREME_GAP__WEAK,36,0.0212007900882969,-0.014301983522755,1.994222523525296,0.4722222222222222,0.1666666666666666,0.5277777777777778,0.3055555555555556,11.02777777777778,0.0637773527773978,-0.0354065749293979,1.530892044755977,0.7676636015772883
2025,500,0.8,FIXED_-1PCT,rebound_from_low_box,NON_EXTREME__STRONG,222,0.0447959504660759,0.0143728629564487,3.68644435372481,0.5675675675675675,0.2927927927927928,0.3558558558558558,0.3513513513513513,12.202702702702704,0.0865944964740772,-0.0308622378001938,13.646508930247723,3.701807926778873
2025,500,0.8,FIXED_-1PCT,rebound_from_low_box,NON_EXTREME__WEAK,236,0.0059109900936641,-0.0145225845978282,1.2898657720083084,0.3813559322033898,0.1271186440677966,0.5720338983050848,0.3008474576271186,11.063559322033898,0.0450643986922222,-0.0305051784388527,6.207544148627026,4.812550486522284
2025,500,0.8,FIXED_-1PCT,low_progress_box,EXTREME_GAP__STRONG,37,-0.0194653618885444,-0.0405627514833724,0.4073171082493554,0.2972972972972973,0.1081081081081081,0.6216216216216216,0.2702702702702703,11.054054054054054,0.0450120303970901,-0.0531191685059182,0.4949649736064598,1.2151833634826046
2025,500,0.8,FIXED_-1PCT,low_progress_box,EXTREME_GAP__WEAK,40,0.0238370532198512,0.0024972179780054,2.110681937686357,0.5,0.175,0.5,0.325,11.975,0.0702354805369602,-0.0392867527509009,1.8119476322308237,0.8584655034367735
2025,500,0.8,FIXED_-1PCT,low_progress_box,NON_EXTREME__STRONG,234,0.0422988159279979,0.0040578643155732,3.3661664866177805,0.5213675213675214,0.2649572649572649,0.405982905982906,0.329059829059829,11.794871794871796,0.0844283284209141,-0.0309317566168648,14.081027955107388,4.183105027955872
2025,500,0.8,FIXED_-1PCT,low_progress_box,NON_EXTREME__WEAK,224,0.0064364809750985,-0.0105707348291153,1.3328763316642438,0.4196428571428571,0.1473214285714285,0.53125,0.3214285714285714,11.428571428571429,0.045102444009445,-0.0304134279235085,5.773025123767362,4.331253385345286
2026,300,0.6,EXPANDING,rebound_from_low_box,EXTREME_GAP__STRONG,8,0.0223842366749689,-0.0091840143222607,1.90742409900816,0.5,0.5,0.5,0.0,7.125,0.103994308623212,-0.0401877656507862,0.3764170029727551,0.1973431095730037
2026,300,0.6,EXPANDING,rebound_from_low_box,EXTREME_GAP__WEAK,2,0.0515291360906162,0.0515291360906162,2.5260030390670645,0.5,0.5,0.5,0.0,6.0,0.0964532038761863,-0.0355253224335885,0.170593047370303,0.0675347751890704
2026,300,0.6,EXPANDING,rebound_from_low_box,NON_EXTREME__STRONG,46,-0.0029616030922411,-0.007741292093135,0.8637743094697148,0.391304347826087,0.3478260869565217,0.6086956521739131,0.0434782608695652,7.195652173913044,0.0356512461017066,-0.0355522814074202,0.8638253634423161,1.000059105685411
2026,300,0.6,EXPANDING,rebound_from_low_box,NON_EXTREME__WEAK,31,0.001283802382692,-0.0148497202307472,1.0589698867424084,0.2903225806451613,0.2580645161290322,0.6774193548387096,0.064516129032258,6.645161290322581,0.0487632740458601,-0.0293705197848273,0.714682566067425,0.6748846922039716
2026,300,0.6,EXPANDING,low_progress_box,EXTREME_GAP__STRONG,8,0.0223842366749689,-0.0091840143222607,1.90742409900816,0.5,0.5,0.5,0.0,7.125,0.103994308623212,-0.0401877656507862,0.3764170029727551,0.1973431095730037
2026,300,0.6,EXPANDING,low_progress_box,EXTREME_GAP__WEAK,2,0.0515291360906162,0.0515291360906162,2.5260030390670645,0.5,0.5,0.5,0.0,6.0,0.0964532038761863,-0.0355253224335885,0.170593047370303,0.0675347751890704
2026,300,0.6,EXPANDING,low_progress_box,NON_EXTREME__STRONG,43,0.0053200036504258,-0.0077981413116882,1.2732383617316971,0.4418604651162791,0.3953488372093023,0.5581395348837209,0.0465116279069767,7.069767441860465,0.0431558951011352,-0.0320202826145221,1.065978457936391,0.837218300968078
2026,300,0.6,EXPANDING,low_progress_box,NON_EXTREME__WEAK,34,-0.0095645889808221,-0.0152098973158453,0.6118107583652754,0.2352941176470588,0.2058823529411764,0.7352941176470589,0.0588235294117647,6.852941176470588,0.0381151566691576,-0.0343829089896037,0.5125294715733504,0.8377254969213043
2026,300,0.6,FIXED_-1PCT,rebound_from_low_box,EXTREME_GAP__STRONG,7,0.023027176375311,-0.0310464331248843,1.8168019394036556,0.4285714285714285,0.4285714285714285,0.5714285714285714,0.0,5.714285714285714,0.1156490967132369,-0.0390984013256281,0.3585333442001812,0.1973431095730037
2026,300,0.6,FIXED_-1PCT,rebound_from_low_box,EXTREME_GAP__WEAK,2,0.0515291360906162,0.0515291360906162,2.5260030390670645,0.5,0.5,0.5,0.0,6.0,0.0964532038761863,-0.0355253224335885,0.170593047370303,0.0675347751890704
2026,300,0.6,FIXED_-1PCT,rebound_from_low_box,NON_EXTREME__STRONG,47,-0.0025180868823515,-0.0076844428745818,0.8816569112788518,0.4042553191489361,0.3617021276595745,0.5957446808510638,0.0425531914893617,7.404255319148936,0.0353695343121605,-0.0358131544823026,0.88170902221489,1.000059105685411
2026,300,0.6,FIXED_-1PCT,rebound_from_low_box,NON_EXTREME__WEAK,31,0.001283802382692,-0.0148497202307472,1.0589698867424084,0.2903225806451613,0.2580645161290322,0.6774193548387096,0.064516129032258,6.645161290322581,0.0487632740458601,-0.0293705197848273,0.714682566067425,0.6748846922039716
2026,300,0.6,FIXED_-1PCT,low_progress_box,EXTREME_GAP__STRONG,7,0.023027176375311,-0.0310464331248843,1.8168019394036556,0.4285714285714285,0.4285714285714285,0.5714285714285714,0.0,5.714285714285714,0.1156490967132369,-0.0390984013256281,0.3585333442001812,0.1973431095730037
2026,300,0.6,FIXED_-1PCT,low_progress_box,EXTREME_GAP__WEAK,2,0.0515291360906162,0.0515291360906162,2.5260030390670645,0.5,0.5,0.5,0.0,6.0,0.0964532038761863,-0.0355253224335885,0.170593047370303,0.0675347751890704
2026,300,0.6,FIXED_-1PCT,low_progress_box,NON_EXTREME__STRONG,44,0.0056055412668383,-0.007741292093135,1.294599169004896,0.4545454545454545,0.4090909090909091,0.5454545454545454,0.0454545454545454,7.295454545454546,0.042684415485042,-0.0323792151898032,1.0838621167089646,0.837218300968078
2026,300,0.6,FIXED_-1PCT,low_progress_box,NON_EXTREME__WEAK,34,-0.0095645889808221,-0.0152098973158453,0.6118107583652754,0.2352941176470588,0.2058823529411764,0.7352941176470589,0.0588235294117647,6.852941176470588,0.0381151566691576,-0.0343829089896037,0.5125294715733504,0.8377254969213043
2026,300,0.8,EXPANDING,rebound_from_low_box,EXTREME_GAP__STRONG,8,0.0241768748818634,-0.0255598922519003,1.889606050103446,0.375,0.375,0.5,0.125,8.25,0.1118795049978343,-0.0426273426900611,0.4108314600068277,0.21741646095192
2026,300,0.8,EXPANDING,rebound_from_low_box,EXTREME_GAP__WEAK,2,0.0515291360906162,0.0515291360906162,2.5260030390670645,0.5,0.5,0.5,0.0,6.0,0.0964532038761863,-0.0355253224335885,0.170593047370303,0.0675347751890704
2026,300,0.8,EXPANDING,rebound_from_low_box,NON_EXTREME__STRONG,46,0.0052501275710199,-0.007741292093135,1.2414915947406877,0.391304347826087,0.3260869565217391,0.6086956521739131,0.0652173913043478,9.152173913043478,0.0454071734419701,-0.0367254383576496,1.2415649739523265,1.000059105685411
2026,300,0.8,EXPANDING,rebound_from_low_box,NON_EXTREME__WEAK,32,0.0060140356278186,-0.0142784549050017,1.2851585497690226,0.3125,0.25,0.65625,0.09375,7.4375,0.0545079691072018,-0.0289176654493601,0.8673338322941693,0.6748846922039716
2026,300,0.8,EXPANDING,low_progress_box,EXTREME_GAP__STRONG,8,0.0241768748818634,-0.0255598922519003,1.889606050103446,0.375,0.375,0.5,0.125,8.25,0.1118795049978343,-0.0426273426900611,0.4108314600068277,0.21741646095192
2026,300,0.8,EXPANDING,low_progress_box,EXTREME_GAP__WEAK,2,0.0515291360906162,0.0515291360906162,2.5260030390670645,0.5,0.5,0.5,0.0,6.0,0.0964532038761863,-0.0355253224335885,0.170593047370303,0.0675347751890704
2026,300,0.8,EXPANDING,low_progress_box,NON_EXTREME__STRONG,43,0.015527119758039,-0.0077981413116882,1.7974815514945823,0.4418604651162791,0.3720930232558139,0.5581395348837209,0.0697674418604651,9.16279069767442,0.0541916529295056,-0.0332752877240699,1.504884450563759,0.837218300968078
2026,300,0.8,EXPANDING,low_progress_box,NON_EXTREME__WEAK,35,-0.0066774611782447,-0.0148497202307472,0.7210170370873619,0.2571428571428571,0.2,0.7142857142857143,0.0857142857142857,7.571428571428571,0.0429355403940669,-0.0338256596198972,0.6040143556827366,0.8377254969213043
2026,300,0.8,FIXED_-1PCT,rebound_from_low_box,EXTREME_GAP__STRONG,7,0.0304983357762605,-0.0310464331248843,2.081813045794982,0.4285714285714285,0.4285714285714285,0.5714285714285714,0.0,6.571428571428571,0.1246607497128053,-0.0418864893705138,0.4108314600068277,0.1973431095730037
2026,300,0.8,FIXED_-1PCT,rebound_from_low_box,EXTREME_GAP__WEAK,2,0.0515291360906162,0.0515291360906162,2.5260030390670645,0.5,0.5,0.5,0.0,6.0,0.0964532038761863,-0.0355253224335885,0.170593047370303,0.0675347751890704
2026,300,0.8,FIXED_-1PCT,rebound_from_low_box,NON_EXTREME__STRONG,47,0.0047113301465531,-0.0077981413116882,1.2170625151220302,0.3829787234042553,0.3191489361702128,0.5957446808510638,0.0851063829787234,9.382978723404255,0.0449178887302907,-0.0369613506463569,1.2415649739523265,1.020132457064327
2026,300,0.8,FIXED_-1PCT,rebound_from_low_box,NON_EXTREME__WEAK,32,0.0060140356278186,-0.0142784549050017,1.2851585497690226,0.3125,0.25,0.65625,0.09375,7.4375,0.0545079691072018,-0.0289176654493601,0.8673338322941693,0.6748846922039716
2026,300,0.8,FIXED_-1PCT,low_progress_box,EXTREME_GAP__STRONG,7,0.0304983357762605,-0.0310464331248843,2.081813045794982,0.4285714285714285,0.4285714285714285,0.5714285714285714,0.0,6.571428571428571,0.1246607497128053,-0.0418864893705138,0.4108314600068277,0.1973431095730037
2026,300,0.8,FIXED_-1PCT,low_progress_box,EXTREME_GAP__WEAK,2,0.0515291360906162,0.0515291360906162,2.5260030390670645,0.5,0.5,0.5,0.0,6.0,0.0964532038761863,-0.0355253224335885,0.170593047370303,0.0675347751890704
2026,300,0.8,FIXED_-1PCT,low_progress_box,NON_EXTREME__STRONG,44,0.0147180181412901,-0.0088323787179742,1.755393799115925,0.4318181818181818,0.3636363636363636,0.5454545454545454,0.0909090909090909,9.409090909090908,0.0534693606354949,-0.0336056974559522,1.504884450563759,0.8572916523469943
2026,300,0.8,FIXED_-1PCT,low_progress_box,NON_EXTREME__WEAK,35,-0.0066774611782447,-0.0148497202307472,0.7210170370873619,0.2571428571428571,0.2,0.7142857142857143,0.0857142857142857,7.571428571428571,0.0429355403940669,-0.0338256596198972,0.6040143556827366,0.8377254969213043
2026,500,0.6,EXPANDING,rebound_from_low_box,EXTREME_GAP__STRONG,16,0.0210733222568414,0.0002232975957834,2.1471354541911043,0.5,0.5,0.5,0.0,6.5625,0.0741887052688413,-0.0295993445032744,0.6310993484153382,0.2939261923058757
2026,500,0.6,EXPANDING,rebound_from_low_box,EXTREME_GAP__WEAK,6,0.0040554869573908,-0.0406457230957461,1.1270669726810707,0.3333333333333333,0.1666666666666666,0.6666666666666666,0.1666666666666666,8.333333333333334,0.0657575625069332,-0.0375477303336868,0.2158297460640597,0.1914968243197147
2026,500,0.6,EXPANDING,rebound_from_low_box,NON_EXTREME__STRONG,87,-0.0059788403147911,-0.0102128913241489,0.7465091703182177,0.3793103448275862,0.3218390804597701,0.6206896551724138,0.057471264367816,7.080459770114943,0.0345256264098611,-0.0376295588030658,1.5318248166068311,2.051983923993664
2026,500,0.6,EXPANDING,rebound_from_low_box,NON_EXTREME__WEAK,66,-0.0034541887279016,-0.0149290569815208,0.8458694080282422,0.3333333333333333,0.2272727272727272,0.6363636363636364,0.1363636363636363,8.06060606060606,0.0408014108887266,-0.0366800494782034,1.2511358546624036,1.479112310703912
2026,500,0.6,EXPANDING,low_progress_box,EXTREME_GAP__STRONG,17,0.0071109364365979,-0.0148476644377195,1.3195012531948156,0.4117647058823529,0.3529411764705882,0.5882352941176471,0.0588235294117647,6.529411764705882,0.0706445535322613,-0.0328989552707999,0.4992441205665474,0.3783582011443814
2026,500,0.6,EXPANDING,low_progress_box,EXTREME_GAP__WEAK,5,0.0481240316863283,0.0613540416951297,3.247425144760774,0.6,0.6,0.4,0.0,8.8,0.0761214498589237,-0.0279187308901824,0.3476849739128504,0.1070648154812089
2026,500,0.6,EXPANDING,low_progress_box,NON_EXTREME__STRONG,76,0.0018717563114662,-0.0092247510277118,1.0903657407478662,0.4342105263157895,0.3684210526315789,0.5657894736842105,0.0657894736842105,7.236842105263157,0.0402351813772543,-0.0353393186380997,1.716450498299774,1.5741970186283418
2026,500,0.6,EXPANDING,low_progress_box,NON_EXTREME__WEAK,77,-0.0115634940662308,-0.0163873122329324,0.5450000512094475,0.2857142857142857,0.1948051948051948,0.6883116883116883,0.1168831168831168,7.766233766233766,0.0342694653460071,-0.0390761904536697,1.0665101729694608,1.956899216069235
2026,500,0.6,FIXED_-1PCT,rebound_from_low_box,EXTREME_GAP__STRONG,14,0.0238669401267577,0.0002232975957834,2.1972872450167973,0.5,0.5,0.5,0.0,6.214285714285714,0.0826633666760159,-0.0292132771316282,0.6132156896427643,0.2790785278681561
2026,500,0.6,FIXED_-1PCT,rebound_from_low_box,EXTREME_GAP__WEAK,6,0.0040554869573908,-0.0406457230957461,1.1270669726810707,0.3333333333333333,0.1666666666666666,0.6666666666666666,0.1666666666666666,8.333333333333334,0.0657575625069332,-0.0375477303336868,0.2158297460640597,0.1914968243197147
2026,500,0.6,FIXED_-1PCT,rebound_from_low_box,NON_EXTREME__STRONG,89,-0.0058103720567638,-0.0102128913241489,0.7497991050908759,0.3820224719101123,0.3258426966292135,0.6179775280898876,0.0561797752808988,7.123595505617978,0.0340838387471366,-0.0375098342480485,1.5497084753794053,2.066831588431384
2026,500,0.6,FIXED_-1PCT,rebound_from_low_box,NON_EXTREME__WEAK,66,-0.0034541887279016,-0.0149290569815208,0.8458694080282422,0.3333333333333333,0.2272727272727272,0.6363636363636364,0.1363636363636363,8.06060606060606,0.0408014108887266,-0.0366800494782034,1.2511358546624036,1.479112310703912
2026,500,0.6,FIXED_-1PCT,low_progress_box,EXTREME_GAP__STRONG,15,0.0078566616724874,-0.0310464331248843,1.3241994748075534,0.4,0.3333333333333333,0.6,0.0666666666666666,6.2,0.0780816839474135,-0.0329785738262669,0.4813604617939735,0.3635105367066619
2026,500,0.6,FIXED_-1PCT,low_progress_box,EXTREME_GAP__WEAK,5,0.0481240316863283,0.0613540416951297,3.247425144760774,0.6,0.6,0.4,0.0,8.8,0.0761214498589237,-0.0279187308901824,0.3476849739128504,0.1070648154812089
2026,500,0.6,FIXED_-1PCT,low_progress_box,NON_EXTREME__STRONG,78,0.0018626855641831,-0.0092247510277118,1.0914319625839286,0.4358974358974359,0.3717948717948718,0.5641025641025641,0.0641025641025641,7.282051282051282,0.0395846914808791,-0.0352614339577586,1.734334157072348,1.5890446830660614
2026,500,0.6,FIXED_-1PCT,low_progress_box,NON_EXTREME__WEAK,77,-0.0115634940662308,-0.0163873122329324,0.5450000512094475,0.2857142857142857,0.1948051948051948,0.6883116883116883,0.1168831168831168,7.766233766233766,0.0342694653460071,-0.0390761904536697,1.0665101729694608,1.956899216069235
2026,500,0.8,EXPANDING,rebound_from_low_box,EXTREME_GAP__STRONG,16,0.0093133236454339,-0.0174605079083179,1.3506946171208438,0.375,0.25,0.5625,0.1875,8.5625,0.0852541917455464,-0.0387839982901442,0.5739218340409153,0.4249086557139716
2026,500,0.8,EXPANDING,rebound_from_low_box,EXTREME_GAP__WEAK,6,0.0040554869573908,-0.0406457230957461,1.1270669726810707,0.3333333333333333,0.1666666666666666,0.6666666666666666,0.1666666666666666,8.333333333333334,0.0657575625069332,-0.0375477303336868,0.2158297460640597,0.1914968243197147
2026,500,0.8,EXPANDING,rebound_from_low_box,NON_EXTREME__STRONG,87,-0.0024346534285921,-0.0121457835949839,0.9016328918294204,0.3563218390804598,0.264367816091954,0.6436781609195402,0.0919540229885057,8.862068965517242,0.0431218788253994,-0.0393266625991781,1.9414948527581624,2.153309701045681
2026,500,0.8,EXPANDING,rebound_from_low_box,NON_EXTREME__WEAK,67,-0.0042867503281615,-0.0152094713529812,0.8183577227922494,0.3134328358208955,0.1641791044776119,0.6567164179104478,0.1791044776119403,9.014925373134329,0.0456293333541724,-0.0377433383425102,1.2939849933300531,1.581197265316879
2026,500,0.8,EXPANDING,low_progress_box,EXTREME_GAP__STRONG,17,0.0011143327358904,-0.0310464331248843,1.0371925075465602,0.2941176470588235,0.2352941176470588,0.6470588235294118,0.1176470588235294,7.529411764705882,0.0775088134916621,-0.0415433353055009,0.5282843210626154,0.5093406645524774
2026,500,0.8,EXPANDING,low_progress_box,EXTREME_GAP__WEAK,5,0.0308804887122301,0.0032213778169014,2.442139911857879,0.6,0.2,0.4,0.4,11.8,0.0881925227224171,-0.0279187308901824,0.2614672590423597,0.1070648154812089
2026,500,0.8,EXPANDING,low_progress_box,NON_EXTREME__STRONG,76,0.0060319730967349,-0.0111793374595664,1.2736041291313565,0.4078947368421052,0.2894736842105263,0.5921052631578947,0.1184210526315789,9.447368421052632,0.0502298927758108,-0.0372820558783861,2.133952751032218,1.675522795680358
2026,500,0.8,EXPANDING,low_progress_box,NON_EXTREME__WEAK,78,-0.0122750907131564,-0.0218106622437907,0.5349857035039902,0.2692307692307692,0.1538461538461538,0.7051282051282052,0.141025641025641,8.423076923076923,0.0383499607894574,-0.0399588085681966,1.101527095055998,2.0589841706822023
2026,500,0.8,FIXED_-1PCT,rebound_from_low_box,EXTREME_GAP__STRONG,14,0.0131381567245413,-0.02163912120684,1.4716410863482756,0.4285714285714285,0.2857142857142857,0.5714285714285714,0.1428571428571428,8.285714285714286,0.0953096369351074,-0.0397100243166223,0.5739218340409153,0.3899876398973357
2026,500,0.8,FIXED_-1PCT,rebound_from_low_box,EXTREME_GAP__WEAK,6,0.0040554869573908,-0.0406457230957461,1.1270669726810707,0.3333333333333333,0.1666666666666666,0.6666666666666666,0.1666666666666666,8.333333333333334,0.0657575625069332,-0.0375477303336868,0.2158297460640597,0.1914968243197147
2026,500,0.8,FIXED_-1PCT,rebound_from_low_box,NON_EXTREME__STRONG,89,-0.0027723130798219,-0.0137944953656892,0.887244127320383,0.348314606741573,0.2584269662921348,0.6404494382022472,0.1011235955056179,8.898876404494382,0.0424869169510898,-0.0391688008802032,1.9414948527581624,2.1882307168623174
2026,500,0.8,FIXED_-1PCT,rebound_from_low_box,NON_EXTREME__WEAK,67,-0.0042867503281615,-0.0152094713529812,0.8183577227922494,0.3134328358208955,0.1641791044776119,0.6567164179104478,0.1791044776119403,9.014925373134329,0.0456293333541724,-0.0377433383425102,1.2939849933300531,1.581197265316879
2026,500,0.8,FIXED_-1PCT,low_progress_box,EXTREME_GAP__STRONG,15,0.0035909781551182,-0.0334512186554795,1.1135380300337558,0.3333333333333333,0.2666666666666666,0.6666666666666666,0.0666666666666666,7.133333333333334,0.0858611785680678,-0.0427755378655947,0.5282843210626154,0.4744196487358415
2026,500,0.8,FIXED_-1PCT,low_progress_box,EXTREME_GAP__WEAK,5,0.0308804887122301,0.0032213778169014,2.442139911857879,0.6,0.2,0.4,0.4,11.8,0.0881925227224171,-0.0279187308901824,0.2614672590423597,0.1070648154812089
2026,500,0.8,FIXED_-1PCT,low_progress_box,NON_EXTREME__STRONG,78,0.0054296017889131,-0.0123178995905909,1.2476017842202989,0.3974358974358974,0.282051282051282,0.5897435897435898,0.1282051282051282,9.474358974358974,0.0493231282281905,-0.037154357422653,2.133952751032218,1.7104438114969938
2026,500,0.8,FIXED_-1PCT,low_progress_box,NON_EXTREME__WEAK,78,-0.0122750907131564,-0.0218106622437907,0.5349857035039902,0.2692307692307692,0.1538461538461538,0.7051282051282052,0.141025641025641,8.423076923076923,0.0383499607894574,-0.0399588085681966,1.101527095055998,2.0589841706822023
