signal_date,symbol,scale,lower,upper,close,liquidity_rank,adv20_prior,detected_at,ord,box_age_sessions,box_width_pct,direct_entry_date,direct_entry_price,signal_low,entry_fraction,_exec_date,entry_date,entry_price,target,risk_per_dollar,rr_to_target,request,shares,cost_basis,hold_sessions,last,entry_weight,exit_date,exit_reason,net_return,pnl
2023-01-05,MRO,large,25.36,33.42,25.87,280,233898055.96525,2022-12-28,1,5,0.3063473964272141,2023-01-06,26.31,25.26,0.11786600496277903,2023-01-06,2023-01-06,26.31,30.196,0.037071354098701215,4.09052631578948,0.35094947117999575,0.00713069212703487,0.1877023610428088,12,28.09,0.1803419272212043,2023-01-24,target_gap,0.23555561136450032,0.044214344409998996
2023-01-03,COP,large,106.83,138.49,113.09,105,504615202.2134999,2022-12-27,1,4,0.2846610321884554,2023-01-04,111.22,111.95,0.13866077068856597,2023-01-04,2023-01-04,111.22,125.82600000000001,0.04043136676581682,3.3271070615034186,0.3091659026122331,0.002778379065464188,0.3091659026122331,15,118.81,0.3091659026122331,2023-01-25,time_h15,0.08127719919978427,0.025128138652395604
2023-01-04,FANG,large,129.49,168.95,130.62,206,306213442.108,2022-12-28,1,4,0.3011524078455314,2023-01-05,131.03,128.08,0.039026862645717,2023-01-05,2023-01-05,131.03,153.166,0.01274078674621315,14.374025974026045,0.5031317363449581,0.0038379010186734767,0.5031317363449581,15,147.12,0.5,2023-01-26,time_h15,0.1427928525719302,0.07184361585216481
2023-01-30,EQT,small,31.5,35.97,32.15,365,190743160.189,2023-01-26,0,2,0.13856168629882204,2023-01-31,32.26,32.07,0.17002237136465284,2023-01-31,2023-01-31,32.26,34.182,0.02453453992160748,2.528947368421065,0.5705930494572797,0.017678479632131157,0.5705930494572797,2,32.67,0.5,2023-02-01,stop,-0.02453478378797269,-0.013999377099354393
2023-02-02,HAL,small,38.285,43.42,38.54,212,339834348.68850005,2023-02-02,0,0,0.1340731070496085,2023-02-03,38.3,38.285,0.0029211295034080923,2023-02-03,2023-02-03,38.3,41.366,0.0013907537093071909,204.39999999999242,0.5635933609076025,0.014707873739612238,0.5635933609076025,1,38.3,0.5,2023-02-03,stop,-0.0013910033616186812,-0.0007839602596084738
2023-02-03,HAL,small,38.285,43.42,38.55,214,351784159.5285,2023-02-02,0,1,0.13351534061362466,2023-02-06,38.46,37.92,0.03407984420642728,2023-02-06,2023-02-06,38.46,41.366,0.005545134349102199,16.605714285713873,0.5632013807777982,0.014636499742262334,0.5632013807777982,1,38.46,0.5,2023-02-06,stop,-0.005545382962818368,-0.0031231673416010075
2023-02-06,HAL,small,38.285,43.42,38.3,213,362385616.49100006,2023-02-02,0,2,0.1326188016528927,2023-02-07,38.72,37.54,0.0847127555988319,2023-02-07,2023-02-07,38.72,41.366,0.012222775492419125,6.082758620689625,0.5616397971069977,0.014497907469226351,0.5616397971069977,1,38.72,0.5,2023-02-07,stop,-0.012223022436725128,-0.00686493584139658
2023-02-10,M,small,21.94,25.12,22.11,484,162086911.14624998,2023-02-09,0,1,0.14402173913043478,2023-02-13,22.08,21.78,0.04402515723270347,2023-02-13,2023-02-13,22.08,23.848000000000003,0.007333742549015088,12.628571428571728,0.5635228620826925,0.02526848847471496,0.5582073291862995,1,22.08,0.4952836581671703,2023-02-13,stop,-0.007333990715579608,-0.004093887369620797
2023-02-09,FSLR,small,161.15,185.28,164.0,235,333919523.73025,2023-02-08,0,1,0.1483827327511991,2023-02-10,162.62,161.84,0.06092001657687522,2023-02-10,2023-02-10,162.62,175.62800000000001,0.010029943827741694,8.848979591836748,0.5582073291862995,0.0034308708985469577,0.5582073291862995,3,167.27,0.5,2023-02-14,stop,-0.010030191320255732,-0.0055989263081075435
2023-02-13,M,small,21.94,25.12,22.365,485,160261595.57275,2023-02-09,0,2,0.1426648721399731,2023-02-14,22.29,21.81,0.11006289308176034,2023-02-14,2023-02-14,22.29,23.848000000000003,0.01668591455730173,4.451428571428608,0.5549229549816574,0.024846854423318545,0.5541134418166787,4,22.29,0.4992706076062347,2023-02-17,stop,-0.016686160385822935,-0.009246025762093435
2023-02-23,COF,small,107.29,123.07,109.51,201,366908357.293,2023-02-23,0,0,0.14670881368538477,2023-02-24,107.56,107.29,0.01711026615969558,2023-02-24,2023-02-24,107.56,116.758,0.0035072181276409875,34.066666666667146,0.5468862233141891,0.005081933620328487,0.5468862233141891,5,108.59,0.5,2023-03-02,stop_gap,-0.009173050669393557,-0.005016615036854355
2023-03-01,GM,small,38.35,43.63,38.73,104,596143884.43825,2023-02-28,0,1,0.13748209868506708,2023-03-02,38.405,38.64,0.01041666666666661,2023-03-02,2023-03-02,38.405,41.518,0.002430174055011225,56.600000000000286,0.545053125021046,0.014102295885254423,0.5418696082773348,1,38.405,0.4970796271064511,2023-03-02,stop,-0.002430423447467689,-0.0013169726014273797
2023-02-22,GOLD,large,15.375,20.19,16.21,236,326368604.736,2023-02-17,1,2,0.2985120892746436,2023-02-23,16.13,16.1,0.15680166147455843,2023-02-23,2023-02-23,16.13,18.264,0.047759908018712105,2.8264900662251695,0.287237733608802,0.017798767187972575,0.287237733608802,15,16.99,0.26172579719170647,2023-03-15,time_h15,0.08261155424674538,0.023729155611735775
2023-02-24,TSM,small,86.66,98.99,88.11,33,1183347231.0455,2023-02-22,0,2,0.13900789177001124,2023-02-27,88.7,87.24,0.16545012165450174,2023-02-27,2023-02-27,88.7,94.05799999999999,0.02397538547524436,2.6264705882352812,0.5555794214212655,0.0029675331012263936,0.263351862009786,13,88.28,0.23700649435150756,2023-03-15,stop,-0.023975629481397753,-0.006314026666782824
2023-03-02,LLY,small,309.2,353.75,315.13,47,977845268.708,2023-03-02,0,0,0.14081613300881882,2023-03-03,316.37,310.53,0.16094276094276125,2023-03-03,2023-03-03,316.37,335.93,0.023640185470371278,2.7280334728033417,0.5492156901972387,0.00170775471554847,0.5405526356759074,15,331.03,0.4921132492425515,2023-03-23,time_h15,0.050028615647817354,0.027043100047644653
2023-03-22,EQT,large,28.105,37.02,29.52,398,178867118.553,2023-03-21,1,1,0.298860207844452,2023-03-23,29.83,29.5,0.19349411104879388,2023-03-23,2023-03-23,29.83,33.454,0.05876939170374562,2.1008695652173954,0.24100208661832168,0.00807514534277615,0.24100208661832168,11,32.115,0.21269575262939674,2023-04-10,target60,0.12036722639959785,0.029008752722763043
2023-04-05,ROK,small,270.445,309.32,273.16,495,145037364.11650002,2023-03-31,0,3,0.14282827540598134,2023-04-06,272.18,272.65,0.0446302250803862,2023-04-06,2023-04-06,272.18,293.77,0.007367587056644309,12.443804034582021,0.5833010616498062,0.0010920612225851433,0.297385916521485,2,272.16,0.2549163168676223,2023-04-10,stop,-0.007367835214747265,-0.002191090428116882
2023-03-27,ZM,large,64.48,85.13,68.56,261,255449353.6735,2023-03-24,1,1,0.3011521073355694,2023-03-28,68.57,67.85,0.19806295399515694,2023-03-28,2023-03-28,68.57,76.87,0.06058695896327737,2.029339853300742,0.2352828515857046,0.0034295640974174096,0.2352828515857046,15,67.62,0.20631502577273156,2023-04-18,time_h15,-0.01957529788901835,-0.004605731907967869
2023-04-04,BX,large,77.11,102.04,81.2,163,396747618.2335,2023-04-04,1,0,0.3104994395316977,2023-04-05,80.29,80.98,0.12755716004813503,2023-04-05,2023-04-05,80.29,92.068,0.04056634031968953,3.7037735849056497,0.36192960556158166,0.004505525479621383,0.36192960556158166,9,87.22,0.30813723647466723,2023-04-18,target60,0.14554683045211125,0.052677706936270996
2023-04-20,SE,small,77.99,88.8,78.79,216,286281205.69200003,2023-04-20,0,0,0.13777721131786902,2023-04-21,78.46,77.99,0.043478260869565105,2023-04-21,2023-04-21,78.46,84.476,0.00698382646555884,12.800000000000042,0.6020557055234681,0.007669572746249127,0.6020557055234681,1,78.46,0.5,2023-04-21,stop,-0.006984074719602051,-0.004204802032738653
2023-04-21,SE,small,77.99,88.8,79.16,222,280209963.388,2023-04-20,0,1,0.13655886811520973,2023-04-24,79.16,77.67,0.10823311748381143,2023-04-24,2023-04-24,79.16,84.476,0.01576491946043146,4.543589743589739,0.6007663368504516,0.0075854718757203945,0.6007663368504516,2,78.71,0.5,2023-04-25,stop_gap,-0.03027818077311739,-0.018190111749561533
2023-04-21,SNAP,large,9.68,12.67,10.0,257,238784512.03275,2023-04-21,1,0,0.2984031936127745,2023-04-24,10.02,9.98,0.11371237458193974,2023-04-24,2023-04-24,10.02,11.474,0.03489772080027831,4.276470588235298,0.4303764852500485,0.0040212711223306385,0.04031329329239919,5,10.475,0.03355155808474864,2023-04-28,stop_gap,-0.1385866107784427,-0.0055868826867109325
2023-04-27,SLB,small,47.435,53.81,47.96,163,380570472.0935,2023-04-26,0,1,0.13300646776549135,2023-04-28,47.93,46.99,0.07764705882352901,2023-04-28,2023-04-28,47.93,51.260000000000005,0.011316738876545274,6.727272727272773,0.58911149677834,0.0007241612226243566,0.034726410605688256,1,47.93,0.02947354685453921,2023-04-28,stop,-0.011316986047360533,-0.00039299830429948696
2023-04-10,SPXS,large,16.98,22.06,17.755,105,540753227.54,2023-04-06,1,1,0.28733031674208137,2023-04-11,17.68,17.75,0.13779527559055108,2023-04-11,2023-04-11,17.68,20.028,0.04055268745717622,3.3542857142857163,0.3610072181360479,0.02040875082166176,0.3610072181360479,15,17.025,0.30824097695621394,2023-05-01,stop,-0.040552927319004506,-0.014639899478707141
2023-04-10,SPXU,large,12.85,16.71,13.51,175,374377865.7585,2023-04-05,1,2,0.2863501483679526,2023-04-11,13.48,13.51,0.16321243523316079,2023-04-11,2023-04-11,13.48,15.166,0.04768869274561527,2.676190476190473,0.30698708737831454,0.015140678640560512,0.20419844729840492,15,12.97,0.17435199554509204,2023-05-01,stop,-0.047688930823442166,-0.009738005627467933
2023-04-28,SDOW,small,24.58,28.13,24.61,439,152431774.8585,2023-04-26,0,2,0.1443089430894309,2023-05-01,24.6,24.6,0.005633802816902288,2023-05-01,2023-05-01,24.6,26.709999999999997,0.0018116957781273424,105.4999999999833,0.6010114812323983,0.001394969333139759,0.03433341230138877,1,24.6,0.02856302531108617,2023-05-01,stop,-0.0018119453252033457,-6.22102659177809e-05
2023-04-25,UBER,large,28.8,37.58,29.6,114,486672106.2057501,2023-04-20,1,3,0.29562289562289557,2023-04-26,29.7,29.555,0.10250569476081992,2023-04-26,2023-04-26,29.7,34.068,0.03127224266654538,4.85333333333334,0.48199210372028106,0.01622057601577175,0.48199210372028106,5,32.73,0.3997154963680405,2023-05-02,target_gap,0.17794574932659968,0.08576844606600958
2023-04-26,NUE,large,139.03,182.65,144.48,265,227666981.38200003,2023-04-24,1,2,0.3000825536598789,2023-04-27,145.36,143.7,0.14511691884456698,2023-04-27,2023-04-27,145.36,165.202,0.04450303054306637,3.1345971563980957,0.33997729691025874,0.0006916196293335076,0.10058412138060896,6,146.19,0.08309979199644371,2023-05-04,stop,-0.044503269417308755,-0.004476322252904522
2023-05-01,SDOW,small,24.58,28.13,24.74,438,153448801.236,2023-04-26,0,3,0.14291465378421903,2023-05-02,24.84,24.27,0.07323943661971874,2023-05-02,2023-05-02,24.84,26.709999999999997,0.01145602721988448,7.192307692307639,0.6224747428179792,0.025046839993823282,0.6224747428179792,3,26.15,0.5,2023-05-04,target60,0.07420679055958157,0.04619185286892313
2023-05-04,MTCH,small,33.035,37.68,33.6,466,145583917.11149997,2023-05-03,0,1,0.13677856301531222,2023-05-05,33.96,33.08,0.19913885898816008,2023-05-05,2023-05-05,33.96,35.821999999999996,0.02821020290796883,2.012972972972958,0.5687332938729175,0.016738778775794494,0.5687332938729175,1,33.96,0.44310209468465034,2023-05-05,stop,-0.02821044585541832,-0.016044219792975656
2023-05-05,MTCH,small,33.035,37.68,33.25,471,146195280.2715,2023-05-03,0,2,0.13986750978620907,2023-05-08,33.21,32.87,0.03767491926803103,2023-05-08,2023-05-08,33.21,35.821999999999996,0.0062637305255833775,14.925714285713893,0.6371777522611292,0.01917672879810294,0.6371777522611292,1,33.21,0.5,2023-05-08,stop,-0.006263978959650807,-0.003991268033721296
2023-05-03,UPS,small,172.13,197.75,175.93,93,556226608.387,2023-05-01,0,2,0.14677742767115443,2023-05-04,174.55,175.5,0.09445745511319342,2023-05-04,2023-05-04,174.55,187.502,0.014849865242113847,5.352066115702443,0.6393425526310202,0.0012819387304766488,0.22387434257598704,5,173.02,0.1750816848141111,2023-05-10,stop,-0.014850111529647658,-0.0033245589558799638
2023-05-09,BAX,small,42.35,48.23,43.09,294,228434955.79375,2023-05-08,0,1,0.13573407202216056,2023-05-10,43.32,42.44,0.16496598639455776,2023-05-10,2023-05-10,43.32,45.878,0.023368625013439615,2.6371134020618587,0.6359429327441237,0.014672783039652625,0.6359429327441237,3,43.38,0.5,2023-05-12,stop,-0.023368869171283335,-0.01486126719569969
2023-05-02,DFS,large,90.46,119.91,95.22,420,157213233.5215,2023-04-21,1,7,0.3085708298407377,2023-05-03,95.44,94.01,0.16910016977928705,2023-05-03,2023-05-03,95.44,108.13,0.053126726661815726,2.548192771084335,0.2965104267560731,0.0031052197353593366,0.2965104267560731,15,101.04,0.23528647039690934,2023-05-23,time_h15,0.06672375814647946,0.019784290002781646
2023-05-12,INTC,small,28.51,32.64,28.96,40,948555631.8815,2023-05-10,0,2,0.14290657439446364,2023-05-15,28.9,28.72,0.09443099273607679,2023-05-15,2023-05-15,28.9,30.988,0.01448082187280042,5.353846153846197,0.6279861707076784,0.021479969713344288,0.621081665548424,9,28.98,0.494502661458712,2023-05-25,stop_gap,-0.023468613754325074,-0.014575925718648852
2023-05-23,BABA,large,79.48,104.52,82.89,19,1693981106.4945,2023-05-17,1,4,0.304752631899227,2023-05-24,82.165,82.705,0.10722843450479246,2023-05-24,2023-05-24,82.165,94.50399999999999,0.03364498606292299,4.595530726256974,0.48017431292956964,0.003847581931485125,0.31629471675885473,2,81.22,0.24472744401693525,2023-05-25,stop,-0.033645227651676546,-0.01064180775037421
2023-05-10,DD,small,62.8,71.95,64.13,412,168768089.59700003,2023-05-05,0,3,0.14386792452830197,2023-05-11,63.6,63.26,0.08743169398907145,2023-05-11,2023-05-11,63.6,68.29,0.013565544271889163,5.862499999999975,0.6327552456152357,0.0051758032230339816,0.32934575786389314,13,67.6,0.26024735483912603,2023-05-30,target60,0.07266866466194988,0.02393311643604701
2023-05-26,BABA,large,79.48,104.52,80.99,19,1596751400.319,2023-05-17,1,7,0.31253120319520705,2023-05-30,80.12,78.4,0.025559105431309934,2023-05-30,2023-05-30,80.12,94.50399999999999,0.008979534196955297,22.47499999999996,0.6399832635552942,0.0075165014388168475,0.6025233569564841,1,80.12,0.4707336826351447,2023-05-30,stop,-0.008979781952071608,-0.0054105283664994674
2023-05-25,ROKU,large,51.65,68.35,54.58,198,324567851.5445,2023-05-22,1,3,0.3072111846946283,2023-05-26,54.36,54.44,0.1622754491017965,2023-05-26,2023-05-26,54.36,61.669999999999995,0.05080250529628472,2.697416974169739,0.3096352918817716,0.005693165456876944,0.3096352918817716,6,60.15,0.24605085767126822,2023-06-05,target60,0.13333968759197945,0.04128667308696676
2023-06-21,CRWD,small,142.39,162.25,143.85,86,714195950.987,2023-06-16,0,2,0.1393097643097644,2023-06-22,142.56,143.27,0.008559919436053161,2023-06-22,2023-06-22,142.56,154.30599999999998,0.0021907887246052082,69.09411764705224,0.6548985879826849,0.004591548391475123,0.6548985879826849,1,142.56,0.5,2023-06-22,stop,-0.0021910381769079113,-0.001434907808273156
2023-06-21,DDOG,small,91.0,103.8,91.91,192,355315340.412,2023-06-15,0,3,0.1395399542134525,2023-06-22,91.73,91.85,0.057031250000000325,2023-06-22,2023-06-22,91.73,98.67999999999999,0.008949684102677602,9.520547945205411,0.6548985879826849,2.199217134096624e-05,0.0020183510526331494,1,91.73,0.001540964578080991,2023-06-22,stop,-0.008949931865256722,-1.8064104401235848e-05
2023-06-22,CRWD,small,142.39,162.25,145.84,82,732253867.2575,2023-06-16,0,3,0.13825269752871572,2023-06-23,143.65,141.5,0.06344410876133023,2023-06-23,2023-06-23,143.65,154.30599999999998,0.009762052492723328,8.45714285714271,0.6554300600936502,0.004560406161250285,0.6554300600936502,1,143.65,0.5,2023-06-23,stop,-0.009762300052210238,-0.006398504909872371
2023-06-02,T,small,15.0,17.19,15.21,117,512016037.71425,2023-06-01,0,1,0.14257812500000008,2023-06-05,15.36,14.85,0.16438356164383527,2023-06-05,2023-06-05,15.36,16.314,0.024413574462768373,2.650000000000006,0.6443967288233451,0.04193193557675348,0.6443967288233451,15,15.45,0.5,2023-06-26,time_h15,0.017211192057291935,0.01109083586086923
2023-06-23,TFC,small,29.44,33.75,30.02,228,306561249.079,2023-06-20,0,3,0.14323695579926882,2023-06-26,30.09,29.85,0.15081206496519692,2023-06-26,2023-06-26,30.09,32.026,0.022579770267740606,2.9784615384615503,0.64866659311469,0.02154676835553781,0.64866659311469,9,30.82,0.5,2023-07-07,target60,0.06327623816882721,0.04104518183808681
2023-07-06,KWEB,small,26.445,30.17,26.49,148,435943320.1865,2023-06-30,0,3,0.1391483003361973,2023-07-07,26.77,26.37,0.08724832214765078,2023-07-07,2023-07-07,26.77,28.68,0.013127821595365852,5.87692307692309,0.6605175864588739,0.02448855026392994,0.6558864337822956,4,27.93,0.49649430024913754,2023-07-12,target_gap,0.07886056135599562,0.05172357235385394
2023-07-14,SPXS,small,13.31,15.17,13.49,222,287216792.95325,2023-07-14,0,0,0.13747228381374718,2023-07-17,13.53,13.31,0.11827956989247254,2023-07-17,2023-07-17,13.53,14.426,0.017243410814917537,4.072727272727297,0.6986608905444631,0.051612088699127194,0.6986608905444631,1,13.53,0.5,2023-07-17,stop,-0.017243656504065008,-0.012047468409372875
2023-07-14,SPXU,small,10.14,11.55,10.28,321,210075009.09250003,2023-07-14,0,0,0.1367604267701261,2023-07-17,10.31,10.14,0.12056737588652476,2023-07-17,2023-07-17,10.31,10.986,0.017471865425192412,3.976470588235297,0.6986608905444631,0.0677314801260127,0.6986608905444631,1,10.31,0.5,2023-07-17,stop,-0.017472111057225792,-0.012207080670933124
2023-07-17,SPXS,small,13.31,15.17,13.36,233,277938608.84275,2023-07-14,0,1,0.1388059701492537,2023-07-18,13.4,13.26,0.048387096774193485,2023-07-18,2023-07-18,13.4,14.426,0.007709205098942795,11.400000000000016,0.6865336160043101,0.05120823501464985,0.6865336160043101,1,13.4,0.5,2023-07-18,stop,-0.007709453171641734,-0.005292798763343098
2023-07-17,SPXU,small,10.14,11.55,10.185,330,202175140.0735,2023-07-14,0,1,0.13809990205680706,2023-07-18,10.21,10.1,0.04964539007092218,2023-07-18,2023-07-18,10.21,10.986,0.007848671159033538,11.085714285714237,0.6865336160043101,0.06720767377045131,0.6865336160043101,1,10.21,0.5,2023-07-18,stop,-0.0078489191968657,-0.0053885468779498735
2023-07-20,ALGN,small,323.78,371.96,330.96,382,171370514.5595,2023-07-19,0,1,0.14475858546405074,2023-07-21,332.83,330.74,0.18783727687837298,2023-07-21,2023-07-21,332.83,352.688,0.028163381278443977,2.1942541436464067,0.6046796516093783,0.0018158739049471914,0.6046796516093783,5,340.15,0.44383875204528084,2023-07-27,target_gap,0.21210909760989116,0.1282580552459286
2023-08-07,SHOP,large,55.42,71.43,57.57,70,804644600.2737501,2023-08-01,1,4,0.28361381753764403,2023-08-08,56.45,56.51,0.0643347907557777,2023-08-08,2023-08-08,56.45,65.02600000000001,0.019227498739558424,8.326213592233008,0.7453219708066279,0.013196621963174927,0.7453219708066279,2,56.18,0.5,2023-08-09,stop,-0.019227743932683672,-0.014330860002072954
2023-08-09,NVDA,small,420.67,480.88,425.84,3,17980750856.6755,2023-08-07,0,2,0.1428164804668042,2023-08-10,421.59,421.34,0.015279853844875593,2023-08-10,2023-08-10,421.59,456.796,0.0031795340736612276,38.267391304349545,0.7414727761780602,0.0017330240642547327,0.7309911108045549,1,421.59,0.4929318609460395,2023-08-10,stop,-0.003179783278777548,-0.002324393311071371
2023-08-07,ALB,large,187.5,247.44,196.82,212,349779162.1255,2023-08-03,1,2,0.3091124748594709,2023-08-08,193.91,194.72,0.10694027360694022,2023-08-08,2023-08-08,193.91,223.464,0.03402303283405472,4.610608424336976,0.5476598562229082,0.002822887041899834,0.5476598562229082,4,191.7,0.3673981699682092,2023-08-11,stop,-0.03402327432829655,-0.018633181526867437
2023-08-10,SHOP,large,55.42,71.43,56.47,66,797489842.59125,2023-08-01,1,7,0.2880014391077533,2023-08-11,55.59,55.38,0.010618363522798354,2023-08-11,2023-08-11,55.59,65.02600000000001,0.004054547649722462,55.50588235294066,0.7322949542572682,0.013101320095965763,0.7286667174934836,1,55.59,0.4975226944124826,2023-08-11,stop,-0.004054796636085656,-0.002954595354920153
2023-08-08,MGM,small,44.68,51.35,45.99,370,210219506.211,2023-08-08,0,0,0.14582422387407087,2023-08-09,45.74,44.86,0.15892053973013523,2023-08-09,2023-08-09,45.74,48.682,0.024150801730748128,2.775471698113202,0.7464109383353911,0.00431926723931849,0.19766211458371963,5,45.66,0.13240837213917037,2023-08-15,stop,-0.024151045693047712,-0.004773746761095848
2023-08-15,PYPL,large,58.95,76.53,59.495,45,1003511264.5919998,2023-08-04,1,7,0.29576043068640645,2023-08-16,59.44,59.4,0.027872582480090724,2023-08-16,2023-08-16,59.44,69.498,0.009234867761274024,20.526530612245125,0.7283149958856179,0.012143440841712408,0.7221672072350029,2,59.68,0.4957794438633387,2023-08-17,stop,-0.009235115452556841,-0.006669297534865781
2023-08-11,MU,small,63.13,72.34,64.4,82,718300644.3634999,2023-08-08,0,3,0.14332399626517273,2023-08-14,64.26,64.07,0.12269272529858875,2023-08-14,2023-08-14,64.26,68.656,0.018566735928643108,3.8902654867256556,0.725459957422225,0.011283803726167349,0.725459957422225,5,63.54,0.5,2023-08-18,stop_gap,-0.030226648070339146,-0.02192822282212481
2023-08-18,ZM,small,65.36,74.55,66.28,466,157394899.059,2023-08-16,0,2,0.13815393866506312,2023-08-21,66.52,64.33,0.12622415669205625,2023-08-21,2023-08-21,66.52,70.874,0.01842043500198176,3.7534482758620795,0.7095148221501186,0.010660854851759525,0.7095148221501186,2,67.27,0.5,2023-08-22,stop,-0.018420680396873057,-0.013069745775671548
2023-08-30,SPXU,small,10.115,11.635,10.31,229,282049829.34344995,2023-08-30,0,0,0.14771622934888237,2023-08-31,10.29,10.27,0.11513157894736775,2023-08-31,2023-08-31,10.29,11.027,0.0179893046673939,4.2114285714285975,0.7029799492622828,0.06828264910472806,0.7029799492622828,13,10.81,0.5,2023-09-19,target60,0.07055157985908656,0.04959634602971452
2023-09-01,SPXS,small,13.35,15.29,13.58,213,289451883.7895,2023-09-01,0,0,0.1423330887747615,2023-09-05,13.63,13.35,0.14432989690721712,2023-09-05,2023-09-05,13.63,14.514,0.021521887625519653,3.1571428571428393,0.7055355102391564,0.05155014374817694,0.7029799492622828,12,14.15,0.4981889210820818,2023-09-20,target60,0.06379234251650767,0.04484473770557673
2023-09-21,ELF,large,105.66,139.85,106.0,495,123651432.0265,2023-09-14,1,5,0.31914496406235415,2023-09-22,107.13,100.51,0.04299502778590228,2023-09-22,2023-09-22,107.13,126.17399999999999,0.014707432058263747,12.955102040816335,0.7502004911299285,0.006999210220147144,0.7502004911299285,1,107.13,0.5,2023-09-22,stop,-0.014707678381405853,-0.011033707545111682
2023-09-22,MRVL,small,51.79,59.28,52.33,100,509062963.458,2023-09-22,0,0,0.1438724548597772,2023-09-25,52.06,52.035,0.03604806408544767,2023-09-25,2023-09-25,52.06,56.284,0.0061806399911837895,15.64444444444425,0.7446836373573726,0.014297182011884249,0.7446836373573726,1,52.06,0.5,2023-09-25,stop,-0.0061808884460236024,-0.004602806490085043
2023-09-25,MRVL,small,51.79,59.28,52.64,117,463070291.40550005,2023-09-22,0,1,0.14406616657049437,2023-09-26,51.99,51.67,0.02670226969292427,2023-09-26,2023-09-26,51.99,56.284,0.004842548912118216,21.46999999999968,0.7423822341123301,0.01427218778602181,0.7423822341123301,1,51.99,0.5,2023-09-26,stop,-0.004842797701480883,-0.0035952069769794592
2023-09-26,TEAM,small,189.305,215.53,191.53,397,160396972.08875,2023-09-25,0,1,0.13593717603151564,2023-09-27,192.92,189.79,0.13784556720686297,2023-09-27,2023-09-27,192.92,205.04,0.019719108411790143,3.352697095435704,0.7405846306238404,0.0038368978763659994,0.7405846306238404,7,189.92,0.5,2023-10-05,stop,-0.019719353482012925,-0.014603850114617511
2023-10-05,WFC,small,38.39,43.74,39.31,107,524363025.91925,2023-10-04,0,1,0.13756749807148372,2023-10-06,38.89,38.605,0.09345794392523361,2023-10-06,2023-10-06,38.89,41.6,0.013843425420228761,5.420000000000002,0.7332392001165505,0.018658210082771107,0.7259807805092229,6,39.76,0.4950504421980072,2023-10-13,target60,0.06861430701979976,0.04981266816433361
2023-09-27,MRVL,small,51.79,59.28,52.55,158,379868293.502,2023-09-22,0,3,0.1433218522770762,2023-09-28,52.26,51.56,0.062750333778371,2023-09-28,2023-09-28,52.26,56.284,0.009984005318427469,8.561702127659597,0.7443323047894597,0.014164070767480455,0.7405846306238404,15,53.2,0.4974825261905841,2023-10-18,stop,-0.00998425282242621,-0.007394184188551534
2023-10-19,TSLA,large,212.36,280.93,220.1,2,27227718987.4255,2023-10-12,1,5,0.3159762222939035,2023-10-20,217.01,216.785,0.06781391278984947,2023-10-20,2023-10-20,217.01,253.502,0.022405667356635295,7.8477419354839135,0.7544919475544227,0.0034750228172925005,0.7544919475544227,1,217.01,0.5,2023-10-20,stop,-0.022405911755218555,-0.016905079996927364
2023-10-19,DKNG,small,27.2,31.1,27.71,254,262658801.65675,2023-10-18,0,1,0.1418181818181819,2023-10-20,27.5,27.51,0.07692307692307707,2023-10-20,2023-10-20,27.5,29.54,0.011897687519876299,6.799999999999981,0.7544919475544227,0.027422352784750748,0.7544919475544227,1,27.5,0.5,2023-10-20,stop,-0.011897934545454403,-0.008976895807074947
2023-10-20,UDOW,large,50.5,66.0,51.53,433,161271316.565,2023-10-11,1,7,0.30445884894912595,2023-10-23,50.91,51.52,0.026451612903225587,2023-10-23,2023-10-23,50.91,59.8,0.009044878464322892,21.682926829268474,0.7415509596524216,0.0019537912509163748,0.0995172712197625,1,50.91,0.0671007635580487,2023-10-23,stop,-0.009045126203103382,-0.0009001462775712205
2023-10-23,ROK,small,265.16,303.12,266.91,436,162027595.739,2023-10-23,0,0,0.14084298011279306,2023-10-24,269.52,265.16,0.11485774499473023,2023-10-24,2023-10-24,269.52,287.93600000000004,0.01716023852128512,4.223853211009229,0.7498166600749618,0.0003657161486335715,0.09861712494219128,1,269.52,0.06576082540786182,2023-10-24,stop,-0.017160484231225737,-0.0016923176174992866
2023-10-20,SNOW,large,141.79,183.75,147.64,133,457656999.325,2023-10-12,1,6,0.287673111202523,2023-10-23,145.86,147.35,0.09699714013346093,2023-10-23,2023-10-23,145.86,166.966,0.02887507980549686,5.185749385749357,0.6420336884326591,0.004399510980312922,0.6420336884326591,3,151.15,0.4328992364419513,2023-10-25,stop,-0.02887532258672687,-0.018538929865039133
2023-10-25,KRE,small,37.66,42.915,38.56,74,694574254.2985,2023-10-25,0,0,0.13610463610463616,2023-10-26,38.61,37.66,0.18078020932445335,2023-10-26,2023-10-26,38.61,40.812999999999995,0.025579932126658766,2.3189473684210413,0.7257594692286475,0.018649555972788546,0.7204195658923119,6,39.84,0.48506888068584775,2023-11-02,target60,0.056000963565138395,0.04034418986114818
2023-10-20,TFC,large,26.57,34.49,27.17,291,237036155.45150003,2023-10-12,1,6,0.2931162102146559,2023-10-23,27.02,26.955,0.05681818181818172,2023-10-23,2023-10-23,27.02,31.322000000000003,0.017637184368585523,9.560000000000022,0.7415509596524216,0.027430798822079768,0.7415509596524216,10,29.97,0.5,2023-11-03,target60,0.15805647041080695,0.11720692731240845
2023-11-06,MRO,small,25.875,29.56,26.61,281,264868428.313,2023-11-06,0,0,0.14113366526235155,2023-11-07,26.11,26.565,0.06377204884667557,2023-11-07,2023-11-07,26.11,28.086,0.009990887359843548,8.408510638297889,0.8097608213591451,0.03099792956524188,0.8097608213591451,1,26.11,0.5,2023-11-07,stop,-0.009991134862121775,-0.008090429572261693
2023-12-04,MRVL,small,50.52,58.12,52.01,152,424685776.6205,2023-12-04,0,0,0.1483795392424833,2023-12-05,51.22,50.63,0.09210526315789425,2023-12-05,2023-12-05,51.22,55.08,0.014652377052395194,5.514285714285747,0.8057156065730142,0.01572262297480921,0.8057156065730142,1,51.22,0.5,2023-12-05,stop,-0.014652623389300734,-0.011805847341996412
2023-12-05,MRVL,small,50.52,58.12,50.71,149,433425174.0405,2023-12-04,0,1,0.147401086113266,2023-12-06,51.56,50.49,0.13684210526315788,2023-12-06,2023-12-06,51.56,55.08,0.021150014597045796,3.3846153846153837,0.799812682902016,0.015504514673401184,0.799812682902016,1,51.56,0.5,2023-12-06,stop,-0.021150259309542063,-0.01691624564243821
2023-12-07,SU,small,29.805,34.15,30.24,423,168246008.3445,2023-12-07,0,0,0.14306881791241352,2023-12-08,30.37,29.805,0.13003452243958605,2023-12-08,2023-12-08,30.37,32.412,0.019584791074992558,3.6141592920353864,0.791354560080797,0.026044085703021292,0.791354560080797,3,30.28,0.5,2023-12-12,stop,-0.01958503617879459,-0.015498707689436508
2023-12-15,SE,small,35.2,40.28,35.745,220,323950835.942,2023-12-13,0,2,0.14170153417015335,2023-12-18,35.85,35.74,0.12795275590551158,2023-12-18,2023-12-18,35.85,38.248000000000005,0.019112480022192457,3.6892307692307824,0.7836052062360788,0.021846956865633493,0.7836052062360788,3,36.95,0.5,2023-12-20,stop,-0.01911272524407237,-0.014976831006614844
2024-01-03,SHOP,small,70.04,79.99,71.82,89,663906573.3935,2023-12-29,0,2,0.13890827865419503,2024-01-04,71.63,71.18,0.15979899497487346,2024-01-04,2024-01-04,71.63,76.01,0.023174717262337552,2.7547169811321,0.7761167907327713,0.010829662604179882,0.7761167907327713,3,74.51,0.5,2024-01-08,target60,0.0600866815929082,0.04663428248366974
2024-01-03,ARKK,small,47.405,54.52,48.52,54,926717266.60175,2024-01-02,0,1,0.1469434118133003,2024-01-04,48.42,48.37,0.14265635980323266,2024-01-04,2024-01-04,48.42,51.674,0.021940960539969523,3.205911330049257,0.7761167907327713,0.016020832968554416,0.7761167907327713,6,49.37,0.5,2024-01-11,stop,-0.021941205054729407,-0.01702893765188629
2024-01-16,OKTA,small,81.12,92.3,82.66,447,167064235.15899998,2024-01-16,0,0,0.13689237173992888,2024-01-17,81.67,82.24,0.04919499105545595,2024-01-17,2024-01-17,81.67,87.828,0.007727188199704416,11.196363636363696,0.790919463148663,0.009679490674875581,0.790919463148663,1,81.67,0.5,2024-01-17,stop,-0.007727436267907284,-0.0061117797445287
2024-01-17,OKTA,small,81.12,92.3,81.84,473,152563492.95299998,2024-01-16,0,1,0.1355808877031287,2024-01-18,82.46,79.775,0.11985688729874688,2024-01-18,2024-01-18,82.46,87.828,0.017233561245086793,4.005970149253771,0.7878635732763987,0.009549716729199133,0.7878635732763987,1,82.46,0.5,2024-01-18,stop,-0.017233806936696405,-0.013577888714301212
2024-01-18,OKTA,small,81.12,92.3,81.21,495,142353786.435,2024-01-16,0,2,0.13659132559560164,2024-01-19,81.85,80.69,0.06529516994633186,2024-01-19,2024-01-19,81.85,87.828,0.009909339771165038,8.189041095890538,0.7810746289192481,0.009537985236466567,0.7810746289192481,1,81.85,0.5,2024-01-19,stop,-0.009909587293829958,-0.007740127218271109
2024-01-18,EXR,small,144.66,164.94,146.4,486,144455613.4045,2024-01-18,0,0,0.1379591836734694,2024-01-19,147.0,144.66,0.11538461538461554,2024-01-19,2024-01-19,147.0,156.828,0.01690195718467291,4.199999999999995,0.7810746289192481,0.005310776133365908,0.7810746289192481,8,148.06,0.5,2024-01-30,stop,-0.016902202959183543,-0.01320188190426208
2024-02-05,CCL,small,15.69,17.825,15.82,153,492902470.91375005,2024-01-31,0,3,0.1354695431472081,2024-02-06,15.76,15.645,0.03278688524590177,2024-02-06,2024-02-06,15.76,16.971,0.00543668521069407,17.299999999999933,0.7832698565527716,0.04869852859400245,0.767872747014986,1,15.76,0.49017126127797805,2024-02-06,stop,-0.005436933851522774,-0.00417487333190758
2024-02-07,WBD,large,9.6,12.69,9.76,473,166472210.49525002,2024-02-07,1,0,0.3130699088145897,2024-02-08,9.87,9.63,0.0873786407766989,2024-02-08,2024-02-08,9.87,11.453999999999999,0.028327781398054697,5.866666666666674,0.6886862032884832,0.0697408166349381,0.6886862032884832,2,9.82,0.44126293635047575,2024-02-09,stop,-0.028328024316109257,-0.01950911951292511
2024-02-12,WBD,large,9.6,12.69,9.96,468,170563707.60149997,2024-02-07,1,3,0.31921487603305787,2024-02-13,9.68,9.56,0.02588996763754048,2024-02-13,2024-02-13,9.68,11.453999999999999,0.009255702727148707,22.17499999999997,0.7620304851078901,0.07684056402820953,0.7441887541701533,1,9.68,0.4882932958153172,2024-02-13,stop,-0.009255950413223135,-0.0068881742066772
2024-02-13,WBD,small,9.56,10.87,9.56,463,173759448.879,2024-02-12,0,1,0.13533057851239658,2024-02-14,9.68,9.43,0.09160305343511399,2024-02-14,2024-02-14,9.68,10.346,0.013383803965785646,5.550000000000039,0.764906270095683,0.07612933157784034,0.7373005799634761,1,9.68,0.4819548543321826,2024-02-14,stop,-0.013384050619834276,-0.009868068284264342
2024-01-25,DHI,small,138.83,157.9,141.57,224,313344632.9605,2024-01-25,0,0,0.135584784927124,2024-01-26,140.65,139.03,0.09543786051389584,2024-01-26,2024-01-26,140.65,150.27200000000002,0.013926488586492258,5.286813186813214,0.7840991827909262,0.0054955409488099995,0.773334501700977,15,145.51,0.4931356381142795,2024-02-15,time_h15,0.032525178403839394,0.02515284263366846
2024-02-14,WBD,large,9.6,12.69,9.72,463,177042431.94525,2024-02-07,1,5,0.3175745118191161,2024-02-15,9.73,9.555,0.04207119741100349,2024-02-15,2024-02-15,9.73,11.453999999999999,0.01434688616637203,13.26153846153837,0.7655776877213372,0.07472443940630752,0.7274325116792117,4,9.91,0.47508732513113033,2024-02-21,stop,-0.01434713257965059,-0.010436570687809898
2024-02-20,WDC,small,53.29,60.55,54.13,216,392852858.634,2024-02-20,0,0,0.1347438752783964,2024-02-21,53.88,53.29,0.08126721763085448,2024-02-21,2024-02-21,53.88,57.646,0.01193881529910612,6.3830508474575876,0.769876891622608,0.01428158784663691,0.769876891622608,1,53.88,0.5,2024-02-21,stop,-0.011939062314402338,-0.009191608183500732
2024-02-21,WDC,small,53.29,60.55,53.38,230,365673665.5965,2024-02-20,0,1,0.13282107574094398,2024-02-22,54.66,52.89,0.1887052341597793,2024-02-22,2024-02-22,54.66,57.646,0.026038480942477737,2.179562043795628,0.7231084641948456,0.013222592571583393,0.7231084641948456,3,56.05,0.4800587264523635,2024-02-26,target60,0.0535742482894257,0.03873999240095993
2024-02-29,SNOW,large,180.68,237.72,188.27,52,1057657798.95725,2024-02-29,1,0,0.29823277214263305,2024-03-01,191.26,180.68,0.1854838709677417,2024-03-01,2024-03-01,191.26,214.904,0.05626157955216671,2.234782608695656,0.3432697059524712,0.00179388304454405,0.3432697059524712,2,186.66,0.22217648525864414,2024-03-04,stop,-0.05626181548677167,-0.01931297685849631
2024-03-06,ZS,large,197.59,259.61,202.41,95,693455360.5090001,2024-03-06,1,0,0.3061506565307533,2024-03-07,202.58,200.92,0.08045791680103206,2024-03-07,2024-03-07,202.58,234.80200000000002,0.025607124367522882,6.457314629258507,0.7481041119211119,0.002308538419412618,0.46789766183552595,1,202.58,0.3053078953248085,2024-03-07,stop,-0.025607367965741812,-0.011981627596932554
2024-03-07,ZS,large,197.59,259.61,201.18,93,717611774.2195,2024-03-06,1,1,0.3083424480461371,2024-03-08,201.14,197.08,0.05723960012899036,2024-03-08,2024-03-08,201.14,234.80200000000002,0.018631258100689885,9.482253521126816,0.7562179320949725,0.002265526877903322,0.4559160342385934,2,198.69,0.30144487117328467,2024-03-11,stop_gap,-0.021760518842596888,-0.009920969453690975
2024-03-04,ESTC,large,102.81,136.05,108.44,495,168076707.28575,2024-03-01,1,1,0.31111943092474736,2024-03-05,106.84,107.625,0.12123947051744886,2024-03-05,2024-03-05,106.84,122.754,0.03868175421836051,3.9488833746898258,0.49303564545969436,0.00461240291685665,0.49303564545969436,5,105.76,0.32314977054651794,2024-03-11,stop,-0.038681994547922094,-0.01907160214960313
2024-03-11,ZS,large,197.59,259.61,200.78,95,733376433.431,2024-03-06,1,3,0.3050664043285785,2024-03-12,203.3,195.7,0.09206707513705267,2024-03-12,2024-03-12,203.3,234.80200000000002,0.029057999283683245,5.5169877408055985,0.6453609466406568,0.003172839479426151,0.6453609466406568,3,201.4,0.43017414509398266,2024-03-14,stop,-0.029058242019183278,-0.018753054577213435
2024-03-11,ESTC,large,102.81,136.05,103.86,441,191863626.89325,2024-03-01,1,6,0.31832982187320447,2024-03-12,104.42,101.82,0.04843561973525869,2024-03-12,2024-03-12,104.42,122.754,0.016402591655713783,11.387577639751559,0.7501159170080538,0.002628431932327233,0.2745981614543368,4,103.04,0.18303715147760857,2024-03-15,stop,-0.016402837555065886,-0.004504189035255235
2024-03-14,ZS,large,197.59,259.61,198.74,98,701078715.5860001,2024-03-06,1,6,0.3119875245233664,2024-03-15,198.79,197.19,0.01934859722670088,2024-03-15,2024-03-15,198.79,234.80200000000002,0.007029987697433349,30.010000000000307,0.7240491658899644,0.00315053366928624,0.6266078920634434,1,198.79,0.4327108721223709,2024-03-15,stop,-0.007030235939936458,-0.004405201323032237
2024-03-15,VXX,large,13.35,17.63,14.17,474,176001928.977,2024-03-07,1,6,0.3063707945597709,2024-03-18,13.97,13.975,0.14485981308411242,2024-03-18,2024-03-18,13.97,15.918,0.0453359576475183,3.1419354838709603,0.3984252378865229,0.028505799947571915,0.3984252378865229,3,13.49,0.27571933292301926,2024-03-20,stop,-0.04533619631352892,-0.01806308480108787
2024-03-05,WBA,large,20.42,27.05,21.015,438,190111028.03225,2024-03-05,1,0,0.3139204545454545,2024-03-06,21.12,20.42,0.10558069381598784,2024-03-06,2024-03-06,21.12,24.398,0.03411031226810812,4.682857142857146,0.5647853853897897,0.02672836139664275,0.5647853853897897,15,20.63,0.3664580934278645,2024-03-26,stop_gap,-0.039786691524621,-0.02247094190611776
2024-03-19,NXPI,small,229.7,264.24,236.34,171,429474548.6145,2024-03-19,0,0,0.146616860514475,2024-03-20,235.58,233.54,0.1702374059061963,2024-03-20,2024-03-20,235.58,250.424,0.02593422704557391,2.524489795918356,0.6891657760087305,0.002095358220393638,0.49387142527296973,8,247.77,0.3454036330981742,2024-04-01,target60,0.06194769762288832,0.030594197717394855
2024-03-26,CPNG,small,17.32,19.78,17.6,267,299177753.05300003,2024-03-26,0,0,0.1387478849407784,2024-03-27,17.73,17.6,0.16666666666666666,2024-03-27,2024-03-27,17.73,18.796,0.024101034649060105,2.5999999999999965,0.7204498946476666,0.030572097363899053,0.542314443483672,8,18.245,0.3763720749441492,2024-04-08,target60,0.05906422442188397,0.03203138199714872
2024-03-20,X,large,38.91,50.2,39.68,347,239153550.898,2024-03-13,1,5,0.284168134910647,2024-03-21,39.73,39.6,0.07263064658990255,2024-03-21,2024-03-21,39.73,45.684,0.02161818662780357,7.260975609756096,0.7293725655444949,0.00956888930301768,0.38036215308543503,15,42.61,0.2607461337687449,2024-04-11,time_h15,0.062113530329726,0.02362563613195201
2024-04-11,BA,small,171.38,196.18,173.36,38,1324717916.507,2024-04-11,0,0,0.14401858304297335,2024-04-12,172.2,171.38,0.03306451612903197,2024-04-12,2024-04-12,172.2,186.26,0.005756645486780343,17.146341463414778,0.7513996188442862,0.004361346800434751,0.7513996188442862,1,172.2,0.5,2024-04-12,stop,-0.005756894047618921,-0.00432572799310782
2024-04-12,ANET,small,270.8,307.61,271.36,118,557342273.0569999,2024-04-09,0,3,0.13370868143843082,2024-04-15,275.3,268.33,0.12224938875305623,2024-04-15,2024-04-15,275.3,292.886,0.017328967190941458,3.908000000000003,0.7492367548477323,0.002720167586161673,0.7492367548477323,1,275.3,0.5,2024-04-15,stop,-0.017329212858699483,-0.012983683206317598
2024-04-12,EL,small,138.375,157.49,138.83,287,257542784.8735,2024-04-11,0,1,0.13591439135381123,2024-04-15,140.64,138.12,0.11849332984567017,2024-04-15,2024-04-15,140.64,149.844,0.01708835215498028,4.063576158940426,0.7492367548477323,0.005324673894129043,0.7492367548477323,1,140.64,0.5,2024-04-15,stop,-0.017088597882892187,-0.012803405622676012
2024-04-16,WSM,small,278.62,319.78,282.54,347,212738388.9975,2024-04-11,0,3,0.1441327870574639,2024-04-17,285.57,279.18,0.1688532555879493,2024-04-17,2024-04-17,285.57,303.316,0.025312465453724675,2.55338129496403,0.7272535460634912,0.002545400144589626,0.7272535460634912,3,279.69,0.49382783446567247,2024-04-19,stop_gap,-0.02597737995062499,-0.01889214168653064
2024-04-16,DG,small,143.02,164.1,145.0,274,265825609.203,2024-04-16,0,0,0.1441564658414825,2024-04-17,146.23,143.02,0.1522770398481965,2024-04-17,2024-04-17,146.23,155.668,0.02292927939367506,2.940186915887874,0.7363432104332355,0.005032996230787246,0.7363432104332355,4,144.75,0.5,2024-04-22,stop,-0.022929523661355256,-0.01688399906650717
2024-04-23,KVUE,small,18.855,21.58,19.36,337,224185478.76925,2024-04-19,0,2,0.1414115204981836,2024-04-24,19.27,19.265,0.1522935779816512,2024-04-24,2024-04-24,19.27,20.49,0.022514041370596316,2.9397590361445816,0.7422320357640775,1.5912800949193518e-05,0.0003067930708263722,3,19.0,0.00020666924630284217,2024-04-26,stop,-0.022514285742085915,-6.907226860276936e-06
2024-04-18,MPC,small,193.0,221.09,194.99,198,389367362.759,2024-04-16,0,2,0.14308272208638959,2024-04-19,196.32,193.77,0.11819152723389081,2024-04-19,2024-04-19,196.32,209.854,0.01789376297996048,4.0765060240964,0.7255302996731269,0.0036526708598835144,0.7174510687467048,8,200.55,0.4944321891655924,2024-04-30,stop,-0.0178940085065199,-0.012838075527165316
2024-04-22,MPWR,large,594.58,778.15,601.39,480,160274352.9375,2024-04-12,1,6,0.3041050957524351,2024-04-23,603.64,585.18,0.0493544696845887,2024-04-23,2024-04-23,603.64,704.722,0.01599344453411078,11.156953642384172,0.7191524182959019,0.0011907641012635908,0.7191524182959019,8,650.52,0.5,2024-05-02,target60,0.16628694947402423,0.11958566184529296
2024-05-07,F,small,11.945,13.59,12.165,117,601556641.6797501,2024-05-02,0,3,0.13617549668874168,2024-05-08,12.08,12.085,0.08206686930091174,2024-05-08,2024-05-08,12.08,12.932,0.012163827026883678,6.311111111111123,0.7816342261432201,0.03615922952462958,0.43702200365935495,3,12.14,0.2795565937636402,2024-05-10,stop,-0.012164073985927115,-0.0053159679859904885
2024-04-30,ORCL,small,112.89,127.99,113.74,122,577943253.6405,2024-04-26,0,2,0.1325607936089895,2024-05-01,113.91,113.69,0.06754966887417195,2024-05-01,2024-05-01,113.91,121.95,0.009944988001126975,7.882352941176507,0.7447536726930428,0.006185237666789341,0.7049128790635056,10,116.375,0.47325236847408075,2024-05-14,target60,0.06951172405846728,0.0489997095347221
2024-05-03,DASH,large,109.0,143.34,113.88,181,430078432.8115,2024-05-03,1,0,0.30006990562740304,2024-05-06,114.44,112.9,0.15841584158415833,2024-05-06,2024-05-06,114.44,129.604,0.048487814813320096,2.787500000000004,0.40171607648183993,0.003508521657144347,0.40171607648183993,15,110.32,0.25779672786091656,2024-05-24,time_h15,-0.014879603176336853,-0.005977375807604768
2024-05-28,TOL,small,117.91,135.37,120.1,491,150754018.681,2024-05-23,0,2,0.14727962884858717,2024-05-29,118.55,119.15,0.03665521191294389,2024-05-29,2024-05-29,118.55,128.386,0.006392670387707855,15.368749999999984,0.7915287748249329,0.006673412150464113,0.7915287748249329,1,118.55,0.5,2024-05-29,stop,-0.00639291878954007,-0.005060179177039936
2024-05-29,ZS,small,160.77,183.25,164.37,297,253681401.96475,2024-05-29,0,0,0.13833846153846147,2024-05-30,162.5,160.77,0.07695729537366507,2024-05-30,2024-05-30,162.5,174.258,0.011635013262599192,6.796531791907561,0.7815007957843851,0.004806831048532264,0.7815007957843851,1,162.5,0.5,2024-05-30,stop,-0.0116352603538461,-0.009092965225689253
2024-05-29,TOL,small,117.91,135.37,118.5,477,154857516.963,2024-05-23,0,3,0.14593781344032103,2024-05-30,119.64,117.47,0.09908361970217659,2024-05-30,2024-05-30,119.64,128.386,0.015445094236566037,5.0554913294797545,0.7815007957843851,0.0033600359585083035,0.40219579997592136,4,120.01,0.25732270660853335,2024-06-04,stop,-0.015445340375292438,-0.006212051028141152
2024-05-24,MPC,large,169.15,221.09,177.79,194,358175131.542,2024-05-24,1,0,0.29189614476789927,2024-05-28,177.94,176.21,0.16923373122834023,2024-05-28,2024-05-28,177.94,200.314,0.05034879997339747,2.5453924914675787,0.3926005500084811,0.0022052616035375793,0.3926005500084811,12,174.47,0.24826808199211423,2024-06-12,stop,-0.05034903738619745,-0.019767059770218698
2024-06-06,ANET,small,289.41,329.0,296.44,90,716519359.429,2024-06-06,0,0,0.13338948787061986,2024-06-07,296.8,293.69,0.1866632988128313,2024-06-07,2024-06-07,296.8,313.164,0.025873535604165387,2.2143437077131267,0.7513761582533254,0.0025303250342796455,0.7513761582533254,5,311.21,0.48311912957066533,2024-06-13,target_gap,0.07708921832884119,0.057923000710676464
2024-06-12,WBD,small,7.61,8.7,7.82,375,197715354.93075,2024-06-07,0,3,0.14028314028314015,2024-06-13,7.77,7.75,0.14678899082568753,2024-06-13,2024-06-13,7.77,8.264,0.02157093911216834,3.087500000000013,0.7995740352277074,0.10285382859846766,0.7995740352277074,1,7.77,0.5,2024-06-13,stop,-0.02157118371943345,-0.017247758411185643
2024-06-18,AMD,small,153.34,174.54,154.62,6,7807778106.233,2024-06-18,0,0,0.13605005615273538,2024-06-20,155.825,153.34,0.11721698113207484,2024-06-20,2024-06-20,155.825,166.06,0.01693093770778631,4.118712273641881,0.7909501560221146,0.005073349468596847,0.7909501560221146,1,155.825,0.5,2024-06-20,target60,0.06461724059040597,0.05110901652670019
2024-06-27,EL,small,109.92,125.9,110.84,340,223307072.33050004,2024-06-26,0,1,0.1452727272727273,2024-06-28,110.0,109.94,0.005006257822277739,2024-06-28,2024-06-28,110.0,119.50800000000001,0.0017260460678749645,118.85000000000265,0.8279873900524171,0.007419058290484746,0.8165046642854648,1,110.0,0.4930658812532004,2024-06-28,stop,-0.0017262956363636173,-0.0014095284390265306
2024-06-25,XME,small,57.2,65.12,57.93,463,162757802.12025002,2024-06-20,0,3,0.13747613261586533,2024-06-26,57.61,57.775,0.051767676767676324,2024-06-26,2024-06-26,57.61,61.952000000000005,0.008109206983038408,10.590243902439127,0.8165046642854648,0.01416588113093772,0.8165046642854648,6,60.645,0.5,2024-07-03,target60,0.07429375955563278,0.060661201204477044
2024-07-02,BBY,small,82.15,93.72,82.17,268,261644726.388,2024-07-01,0,1,0.13956574185765974,2024-07-03,82.9,80.54,0.06482281763180643,2024-07-03,2024-07-03,82.9,89.092,0.010037502358591355,8.255999999999991,0.8403559725906462,0.005532670641265188,0.45888784008092454,2,82.42,0.2730318192814569,2024-07-05,stop,-0.010037749849215793,-0.004606201347579275
2024-07-05,ANF,small,169.385,194.0,171.51,373,190717256.2095,2024-07-05,0,0,0.14202873463735508,2024-07-08,173.31,171.45,0.15945561649400813,2024-07-08,2024-07-08,173.31,184.154,0.023624143729877534,2.7628025477706912,0.847319576503428,0.002792025063504697,0.4841279277198589,4,174.09,0.2856820148766504,2024-07-11,stop,-0.023624387823841575,-0.011437225920806704
2024-07-11,LULU,large,283.7,368.36,289.25,140,446733502.7485,2024-07-10,1,1,0.28912946962193925,2024-07-12,292.81,288.51,0.10760689818095925,2024-07-12,2024-07-12,292.81,334.496,0.032080728871587416,4.575850713501637,0.6732527604991261,0.0016135185152424873,0.4726907017990522,2,291.06,0.27356762672439655,2024-07-15,stop,-0.032080970851405266,-0.01516437662614567
2024-06-28,SQ,large,60.9,80.56,64.47,192,359909212.9205,2024-06-28,1,0,0.3042401733209533,2024-07-01,64.62,63.13,0.1892166836215669,2024-07-01,2024-07-01,64.62,72.696,0.058509278322769864,2.1709677419354785,0.3562072957655137,0.005509582050721618,0.3562072957655137,11,72.08,0.21364132934682628,2024-07-16,target60,0.12385209182915524,0.04411701870536544
2024-07-15,LULU,large,283.7,368.36,283.71,147,428617720.1375,2024-07-10,1,3,0.2974283305227657,2024-07-16,284.64,282.58,0.011103236475312986,2024-07-16,2024-07-16,284.64,334.496,0.004298616571421832,53.03829787234055,0.8668126477222183,0.0016065822161689157,0.45752632517290653,1,284.64,0.2639130418638786,2024-07-16,stop,-0.004298865496767612,-0.001966844133148682
2024-07-05,BBY,small,82.15,93.72,82.48,316,221833517.44900003,2024-07-01,0,3,0.13936400867260892,2024-07-08,83.02,81.63,0.07519446845289462,2024-07-08,2024-07-08,83.02,89.092,0.011468428638005568,6.979310344827667,0.847319576503428,0.01020110716351694,0.847319576503428,8,87.26,0.5,2024-07-17,target60,0.07206613193206479,0.0610630443889173
2024-07-16,LULU,large,283.7,368.36,291.76,146,427182393.765,2024-07-10,1,4,0.29197634115638643,2024-07-17,289.955,282.35,0.07388377037562005,2024-07-17,2024-07-17,289.955,334.496,0.022550251662808107,7.120863309352523,0.8682216829327096,0.002950305577116731,0.855883795510637,3,285.02,0.49289473664122435,2024-07-19,stop,-0.02255049602524517,-0.019300604128734355
2024-07-18,CEG,large,178.5,236.3,187.22,128,478873943.64525,2024-07-17,1,1,0.30695698353690926,2024-07-19,188.3,178.07,0.16955017301038078,2024-07-19,2024-07-19,188.3,213.18,0.05299209131493732,2.5387755102040783,0.4139634942788953,0.002197326141963653,0.4139634942788953,4,189.83,0.23588425536390414,2024-07-24,stop,-0.05299232806691445,-0.021936889296553463
2024-07-23,SRPT,small,143.62,164.52,147.62,443,162904623.035,2024-07-23,0,0,0.14272056815077852,2024-07-24,146.44,145.41,0.1349282296650714,2024-07-24,2024-07-24,146.44,156.16,0.020237286437360336,3.4468085106383057,0.8711124344876933,0.0031864378643951855,0.4668553885563091,3,147.53,0.2679650582825567,2024-07-26,stop,-0.02023753137803863,-0.009448000574914739
2024-07-26,CCL,small,17.015,19.48,17.27,152,435175153.39125,2024-07-24,0,2,0.14215686274509803,2024-07-29,17.34,17.12,0.13184584178498956,2024-07-29,2024-07-29,17.34,18.494,0.019723558059493773,3.5507692307692382,0.8671228867801859,0.026365552727070567,0.45740738798139435,3,17.13,0.26375003759838844,2024-07-31,stop,-0.019723803128604334,-0.009021813270114143
2024-07-23,APTV,large,65.13,85.56,68.59,354,199723762.093,2024-07-15,1,6,0.30008813160987086,2024-07-24,68.08,68.15,0.1443954968184044,2024-07-24,2024-07-24,68.08,77.388,0.04428756538299572,3.1552542372881347,0.491736465390666,0.007219309593977243,0.491736465390666,7,69.36,0.2822462669126399,2024-08-01,target_gap,0.15894594220035274,0.07815951580579056
2024-07-24,ALNY,small,231.01,263.73,236.6,243,288817094.5455,2024-07-24,0,0,0.1386499427941863,2024-07-25,235.99,233.11,0.15220048899755545,2024-07-25,2024-07-25,235.99,250.642,0.022080997299561922,2.942168674698782,0.8589013446426473,0.0016603694719261439,0.3920266049823418,6,237.46,0.22821398955048067,2024-08-01,target60,0.061025554729014164,0.02392364103757949
2024-07-31,BKNG,small,3648.25,4144.32,3708.02,181,391928265.11325,2024-07-26,0,3,0.1334874321557061,2024-08-01,3716.23,3702.505,0.13703711169794597,2024-08-01,2024-08-01,3716.23,3945.892,0.019273948810113017,3.378375992939096,0.9099496371383705,0.0002447358377494938,0.9099496371383705,1,3716.23,0.5,2024-08-01,stop,-0.019274193991625888,-0.017538545828814534
2024-07-18,CSGP,large,70.86,93.87,75.22,461,157320507.444,2024-07-11,1,5,0.3059026854559958,2024-07-19,75.22,74.87,0.1894828335506301,2024-07-19,2024-07-19,75.22,84.666,0.058904873540363445,2.1665137614678898,0.37241046404837763,0.004948474592081274,0.37241046404837763,15,73.95,0.21220655013264078,2024-08-08,time_h15,-0.017866677911459572,-0.006653737812009564
2024-08-05,EXPE,large,107.26,141.6,112.1,417,198135799.1845,2024-07-31,1,3,0.30392070094698637,2024-08-06,112.99,110.27,0.1668608037274313,2024-08-06,2024-08-06,112.99,127.864,0.0516612655704185,2.5958115183246138,0.42956717061860794,0.003799914921969189,0.42956717061860794,4,117.98,0.2419607778086947,2024-08-09,target_gap,0.14948245422161266,0.06421275491710371
2024-08-05,DE,small,340.8,390.34,344.85,150,492420658.3065,2024-08-05,0,0,0.1425652536763647,2024-08-06,347.49,340.8,0.13504238998788862,2024-08-06,2024-08-06,347.49,370.524,0.020232610104340853,3.44304932735426,0.8876793472664471,0.0025532691806751675,0.8876793472664471,8,350.82,0.5,2024-08-15,target60,0.06522077939221282,0.05789513887908848
2024-08-07,TSCO,small,247.51,283.23,252.15,403,213976617.23,2024-08-06,0,1,0.1409017395763482,2024-08-08,253.51,251.57,0.16797312430011185,2024-08-08,2024-08-08,253.51,268.942,0.024643549788357588,2.5720000000000027,0.8911778249268278,0.00039208321109495276,0.09944673821378835,6,262.24,0.05579511486495619,2024-08-15,target60,0.059812730209854115,0.0059481809230313015
2024-08-29,DXCM,small,68.11,77.77,69.6,213,350052143.60300004,2024-08-28,0,1,0.13799999999999996,2024-08-30,70.0,69.45,0.1956521739130436,2024-08-30,2024-08-30,70.0,73.90599999999999,0.02797251374312837,2.0666666666666615,0.8537425678822678,0.012190224237118954,0.8537425678822678,4,69.81,0.44686723956193275,2024-09-05,stop,-0.027972756749999772,-0.023881533178490844
2024-09-05,IBIT,small,31.71,36.44,31.87,69,750505663.648,2024-09-05,0,0,0.14648497986992867,2024-09-06,32.29,31.71,0.12262156448202932,2024-09-06,2024-09-06,32.29,34.548,0.01894376441385992,3.893103448275878,0.9433122619379721,0.029199151619913388,0.9433122619379721,1,32.29,0.5,2024-09-06,stop,-0.01894400967791865,-0.01787011661945226
2024-09-05,CDNS,small,250.09,287.47,250.95,171,365464435.8455,2024-09-03,0,2,0.14842167957117341,2024-09-06,251.85,248.63,0.047084002140181644,2024-09-06,2024-09-06,251.85,272.51800000000003,0.007980802134172071,11.743181818181899,0.9433122619379721,0.0037436593440818076,0.9433122619379721,1,251.85,0.5,2024-09-06,stop,-0.007981050138971435,-0.007528622459233469
2024-09-06,ANET,small,313.29,358.58,314.22,170,364724166.1135,2024-09-03,0,3,0.141566641660415,2024-09-09,319.92,313.02,0.14638993155221905,2024-09-09,2024-09-09,319.92,340.464,0.021702717658424908,3.0986425339366512,0.9306128923986292,0.002907438065617748,0.9306128923986292,3,326.75,0.5,2024-09-11,target60,0.06315210401350324,0.05877016217706543
2024-09-11,GM,small,43.445,49.86,44.66,145,399743285.9185,2024-09-11,0,0,0.14354441709554708,2024-09-12,44.69,43.8,0.19407638347622722,2024-09-12,2024-09-12,44.69,47.294,0.02883023692897313,2.0915662650602447,0.8333105449600628,0.018637142306725953,0.8333105449600628,3,46.31,0.4335725728094189,2024-09-16,target60,0.05721006541731932,0.04767375079010716
2024-09-06,MCK,small,503.34,577.28,503.98,122,464624638.4475001,2024-09-06,0,0,0.14539376659128894,2024-09-09,508.55,503.34,0.07046253719231858,2024-09-09,2024-09-09,508.55,547.704,0.011234074242005843,7.515163147792642,0.9306128923986292,0.001829018947895841,0.9306128923986292,12,505.205,0.5,2024-09-24,stop_gap,-0.044963225754596325,-0.041843357571057394
2024-09-11,BIDU,large,79.68,104.7,83.95,344,195713941.529,2024-09-11,1,0,0.2988354732756046,2024-09-12,83.725,82.6,0.16167066346922415,2024-09-12,2024-09-12,83.725,94.69200000000001,0.0492641406976414,2.7112484548825826,0.4876679082674133,0.001863176749606736,0.1560725096156318,9,88.3,0.08120473207514173,2024-09-24,target60,0.12985764912511222,0.020267209191742408
2024-09-26,HAL,small,27.525,31.545,27.8,355,212577809.83,2024-09-25,0,1,0.14375111746826402,2024-09-27,27.965,27.67,0.1094527363184082,2024-09-27,2024-09-27,27.965,29.937,0.0167177273154947,4.481818181818172,0.973046774692558,0.03477776689809447,0.973046774692558,3,29.045,0.5,2024-10-01,target60,0.06944646823708212,0.067574661931882
2024-10-02,TMF,small,56.6,64.98,57.47,132,505418188.151,2024-09-30,0,2,0.1473795286669012,2024-10-03,56.86,56.345,0.03102625298329331,2024-10-03,2024-10-03,56.86,61.628,0.005567564441486428,18.338461538461683,1.0068341056584988,0.017698394101401154,1.0068341056584988,1,56.86,0.5,2024-10-03,stop,-0.005567813049595194,-0.005605864072262934
2024-10-09,SDS,large,20.42,26.295,20.46,311,239481324.41425,2024-10-09,1,0,0.28561011181332036,2024-10-10,20.57,20.42,0.02553191489361678,2024-10-10,2024-10-10,20.57,23.945,0.008284384788645793,22.500000000000213,1.0040311736223675,0.04878605532501489,1.0040311736223675,2,20.53,0.5,2024-10-11,stop,-0.008284632717549645,-0.00831802951043159
2024-10-14,DKNG,small,36.83,42.31,37.91,265,278200448.51525,2024-10-09,0,3,0.1448585778482687,2024-10-15,37.83,37.465,0.18248175182481738,2024-10-15,2024-10-15,37.83,40.118,0.027407126465844422,2.288000000000004,0.912054899401094,0.02409724747426364,0.912054899401094,3,37.21,0.4560857562202981,2024-10-17,stop,-0.02740736961406265,-0.02499702573620255
2024-10-18,AMD,small,152.47,174.05,155.99,6,5191435874.820001,2024-10-16,0,2,0.1385020216930878,2024-10-21,155.81,155.56,0.1547729379054681,2024-10-21,2024-10-21,155.81,165.418,0.022414439401183706,2.8766467065868246,0.9929104063807308,0.006369385477039602,0.9929104063807308,2,157.95,0.5,2024-10-22,stop,-0.022414683797573942,-0.022255772798344675
2024-10-22,Z,small,59.195,67.93,60.65,490,148776432.05699998,2024-10-18,0,2,0.14421330691761608,2024-10-23,60.57,60.6,0.15741270749856887,2024-10-23,2024-10-23,60.57,64.436,0.02367781768683086,2.8116363636363686,0.9754677884469365,0.01601732386107966,0.9706546335823861,5,59.77,0.4975328991271903,2024-10-29,stop_gap,-0.0254098601205216,-0.02466419846466461
2024-10-29,FANG,small,175.16,200.47,175.73,214,329385111.822,2024-10-29,0,0,0.14310754268913264,2024-10-30,176.86,175.16,0.06716712761754313,2024-10-30,2024-10-30,176.86,190.346,0.01060201551378559,7.932941176470503,0.9751519211308133,0.00534613502148684,0.9459904351177215,3,176.77,0.4850477216005095,2024-11-01,stop,-0.010602262863281697,-0.010029639259268364
2024-11-01,MU,small,99.4,114.14,99.73,32,1566196889.0595,2024-10-30,0,2,0.14523598384077244,2024-11-04,101.49,99.37,0.14179104477611873,2024-11-04,2024-11-04,101.49,108.244,0.021572079267292987,3.23157894736844,0.9576347823992079,0.009217586121396433,0.9359607958584532,3,105.48,0.48868358431674036,2024-11-06,target_gap,0.06682084042762848,0.06254168698657381
2024-10-17,KLAC,large,648.0,839.48,670.15,150,464136814.7155,2024-10-17,1,0,0.2866767475633675,2024-10-18,667.93,669.68,0.10408397743889675,2024-10-18,2024-10-18,667.93,762.888,0.030808132831163237,4.764576016056213,0.8012280810801817,0.0011989691540126087,0.8012280810801817,15,669.3,0.40573701978316334,2024-11-07,time_h15,0.026131632832033347,0.020937398029502008
2024-10-21,MCHP,large,71.765,93.23,75.18,266,280155067.013,2024-10-11,1,6,0.28773458445040223,2024-10-22,74.6,74.55,0.1320754716981129,2024-10-22,2024-10-22,74.6,84.644,0.038964197525901856,3.5428571428571547,0.6358322202006874,0.0024198190366611252,0.18060880453718853,15,72.88,0.09112565502549609,2024-11-11,stop,-0.03896443778485248,-0.007037320527785856
2024-11-08,SLV,small,27.92,31.8,28.49,101,667692746.926,2024-11-06,0,2,0.13872005720414726,2024-11-11,27.97,28.435,0.0128865979381436,2024-11-11,2024-11-11,27.97,30.248,0.002785343116786021,45.56000000000263,0.9977015472960054,0.03565258121281221,0.9977015472960054,1,27.97,0.5,2024-11-11,stop,-0.002785592420450178,-0.0027791898680191718
2024-11-11,SLV,small,27.92,31.8,27.98,102,671923815.018,2024-11-06,0,3,0.13857142857142854,2024-11-12,28.0,27.72,0.020618556701030494,2024-11-12,2024-11-12,28.0,30.248,0.0038537873920181376,28.100000000000612,0.9957301280480472,0.035544009392286545,0.9957301280480472,1,28.0,0.5,2024-11-12,stop,-0.0038540364285711837,-0.0038375801865230263
2024-11-15,TTD,small,115.36,132.65,118.13,223,386857712.2235,2024-11-14,0,1,0.14656268542849882,2024-11-18,117.97,117.81,0.1509543088490456,2024-11-18,2024-11-18,117.97,125.73400000000001,0.023101655919518294,2.9747126436781652,0.9938113379547857,0.008420059610797732,0.9938113379547857,4,123.89,0.5,2024-11-21,target60,0.06474779548614085,0.06434709326170451
2024-11-20,KLAC,small,609.72,700.35,616.82,166,473416545.5705,2024-11-20,0,0,0.1443612615482638,2024-11-21,627.8,610.0,0.1994924417963139,2024-11-21,2024-11-21,627.8,664.0980000000001,0.029769696228661546,2.0076327433628465,0.8606077959318433,0.0013701457343642523,0.8606077959318433,7,648.0,0.4198900755985982,2024-12-02,target60,0.056760223039981295,0.04884829044703809
2024-12-09,LDOS,large,153.19,202.73,160.24,427,192391172.064,2024-12-06,1,1,0.3075299522006331,2024-12-10,161.09,159.23,0.1594670972951152,2024-12-10,2024-12-10,161.09,182.914,0.04999139265800712,2.762531645569616,0.5332128391038686,0.003308375645194095,0.5332128391038686,2,160.15,0.2500430441198736,2024-12-11,stop,-0.04999163016015862,-0.02665617904912876
2024-12-10,INTC,large,19.965,26.43,20.17,36,1297566990.179,2024-12-10,1,0,0.3208436724565757,2024-12-11,20.15,19.965,0.028615622583139787,2024-12-11,2024-12-11,20.15,23.844,0.010171465135918378,19.96756756756772,1.058259238575781,0.025654471097267286,0.5171961907052884,1,20.15,0.24436176498744192,2024-12-11,stop,-0.01017171259305194,-0.005260771006075471
2024-12-11,INTC,large,19.965,26.43,20.1,36,1304295831.1775,2024-12-10,1,1,0.3229270729270729,2024-12-12,20.02,19.88,0.00850734725444698,2024-12-12,2024-12-12,20.02,23.844,0.0037440071173202583,69.52727272727311,1.0423154684758345,0.050848293392311485,1.018492079753953,1,20.02,0.48857189140792556,2024-12-12,stop,-0.0037442561813186837,-0.0038134952652428833
2024-12-12,FCX,large,40.28,52.61,42.08,231,350121172.2735,2024-12-04,1,6,0.295470884255931,2024-12-13,41.73,41.98,0.11759935117599318,2024-12-13,2024-12-13,41.73,47.678,0.03571195471039923,4.102068965517254,0.7288356679482505,0.004400809348120122,0.1837376429185119,3,40.74,0.08823988094525707,2024-12-17,stop_gap,-0.038824346093937034,-0.007133493839152516
2024-12-04,ON,small,64.32,73.48,65.99,331,258744938.26000005,2024-11-29,0,3,0.13904068002428677,2024-12-05,65.88,65.35,0.17030567685589523,2024-12-05,2024-12-05,65.88,69.816,0.024655249788584577,2.523076923076924,1.050409029809157,0.015936305787708754,1.050409029809157,9,66.43,0.5,2024-12-17,target60,0.05868551083788742,0.06164379050308
2024-12-12,INTC,large,19.965,26.43,20.785,37,1305482029.5635,2024-12-10,1,2,0.3139873725109276,2024-12-13,20.59,19.92,0.09667440061871617,2024-12-13,2024-12-13,20.59,23.844,0.031323701917860824,5.206400000000002,0.8309409415701982,0.040336351194726235,0.8309409415701982,4,20.43,0.399058835152319,2024-12-18,stop,-0.031323944086935285,-0.026028347593290202
2024-12-17,LDOS,small,147.28,167.68,150.12,493,172420774.868,2024-12-17,0,0,0.13558420842748906,2024-12-18,150.46,148.92,0.15588235294117675,2024-12-18,2024-12-18,150.46,159.52,0.02211356105809914,2.8490566037735796,1.057372720929795,0.005426985689271104,0.81695274317932,1,150.46,0.38631256841056816,2024-12-18,stop,-0.022113805529708874,-0.018065934089629643
2024-12-18,DELL,large,111.4,147.66,112.67,59,1043240486.1345,2024-12-09,1,7,0.3174297470016632,2024-12-19,114.23,111.94,0.07804743519029231,2024-12-19,2024-12-19,114.23,133.156,0.025749315659949756,6.687632508833927,1.0021052108521418,0.008768310936240179,1.0021052108521418,1,114.23,0.48544979466939314,2024-12-19,stop,-0.02574955922262101,-0.025803767474134376
2024-12-17,CEG,large,221.41,288.64,234.15,181,451477686.3635,2024-12-16,1,1,0.28691532946398085,2024-12-18,234.32,228.86,0.192027368734196,2024-12-18,2024-12-18,234.32,261.748,0.0560400279546126,2.1245546088303646,0.4717042262122764,0.002012070562048354,0.4717042262122764,3,225.17,0.2230548494751623,2024-12-20,stop,-0.056040263944605595,-0.026434429340721932
2024-12-20,KWEB,large,29.67,39.17,29.97,198,441269094.0695,2024-12-19,1,1,0.31868500503186853,2024-12-23,29.81,29.475,0.014736842105262844,2024-12-23,2024-12-23,29.81,35.370000000000005,0.005691216786775866,39.7142857142866,1.0116327162320093,0.03391905064991256,1.0116327162320093,4,30.12,0.5,2024-12-27,stop,-0.005691465363971471,-0.005757672565494865
2024-12-20,CEG,large,221.41,288.64,226.94,193,448752865.334,2024-12-16,1,4,0.29593274055814767,2024-12-23,227.18,220.0,0.08582478060389724,2024-12-23,2024-12-23,227.18,261.748,0.02637247711209101,5.990987868284216,0.9589853011647941,0.004219146969426058,0.9589853011647941,9,252.48,0.4739789875206344,2025-01-06,target60,0.15100940856149325,0.14481580314806097
2025-01-06,FERG,large,172.0,223.22,174.18,312,255311379.6695,2024-12-24,1,7,0.29630915191484436,2025-01-07,172.86,173.73,0.016790316282702337,2025-01-07,2025-01-07,172.86,202.732,0.005969651989925273,34.734883720929666,1.1005451477925847,0.0025249986962655444,0.4366896194461851,1,172.86,0.19839695823568623,2025-01-07,stop,-0.005969900497512337,-0.0026069935763902707
2025-01-07,SHOP,small,104.51,120.08,106.78,129,564066501.159,2025-01-07,0,0,0.1462246431254695,2025-01-08,106.48,106.1,0.12652536929993577,2025-01-08,2025-01-08,106.48,113.852,0.019482135341044482,3.7421319796954338,1.0924798926785044,0.004074620440992298,0.43408262586979485,2,107.68,0.19866847379933286,2025-01-10,stop_gap,-0.02483014664725769,-0.010778335257373706
2025-01-08,MCHP,small,55.27,62.7,56.39,258,316562981.89250004,2025-01-03,0,3,0.13392213410237924,2025-01-10,55.48,56.01,0.02826379542395609,2025-01-10,2025-01-10,55.48,59.728,0.0047808647947111815,20.228571428572053,1.0935636051706992,0.007626038905319305,0.42330429061242114,1,55.48,0.19354351617542434,2025-01-10,stop,-0.004781113599494957,-0.002023865900571631
2025-01-10,WDAY,small,246.89,283.0,249.64,104,631824418.5195,2025-01-08,0,1,0.1455637521667272,2025-01-13,248.07,249.5,0.03267792855164792,2025-01-13,2025-01-13,248.07,268.556,0.005751467798168375,17.361016949152432,1.0828395894061682,0.0016973829342503874,0.4212804247118495,1,248.07,0.19452577687101405,2025-01-13,stop,-0.005751716360301473,-0.002423085511089884
2024-12-30,HPQ,small,32.14,36.93,32.62,477,174732255.00800002,2024-12-27,0,1,0.14612568639414275,2024-12-31,32.78,32.21,0.13361169102296466,2024-12-31,2024-12-31,32.78,35.014,0.020504085967998353,3.4906249999999996,1.0085985165633593,0.030753331827488642,1.0085985165633593,15,33.11,0.5,2025-01-23,time_h15,0.017285794539353416,0.017434426730010832
2025-01-02,UNH,large,475.82,630.73,504.37,16,2900259720.2105,2024-12-26,1,4,0.3059346301965044,2025-01-03,506.35,503.3,0.1970821767477892,2025-01-03,2025-01-03,506.35,568.766,0.06123349898073582,2.044415329184405,0.432045403483698,9.854642085372794e-05,0.04992394217037033,15,532.51,0.023588505112788562,2025-01-27,time_h15,0.0727291713834306,0.0036309269462453386
2025-01-06,GDX,large,33.83,44.22,34.57,160,493184515.546,2024-12-27,1,5,0.2947517730496454,2025-01-07,35.25,34.52,0.13666987487969218,2025-01-07,2025-01-07,35.25,40.064,0.0412429246369721,3.3901408450704187,0.6671114848666699,0.01891568593260246,0.6671114848666699,15,37.69,0.30308228890233485,2025-01-29,time_h15,0.0743858007801419,0.049623622011436774
2025-01-13,LHX,large,202.77,265.71,213.81,473,169778211.14225,2025-01-13,1,0,0.29270334371948087,2025-01-14,215.03,207.72,0.19478868763902124,2025-01-14,2025-01-14,215.03,240.534,0.05795781363375874,2.0802610114192506,0.46485809159458585,0.001946927919504996,0.4188573392007596,15,212.87,0.1943317463980997,2025-02-04,time_h15,-0.020744674254755013,-0.008689059060933202
2025-02-07,HUM,small,267.12,306.89,274.33,292,345090604.73050004,2025-02-07,0,0,0.14581652856200036,2025-02-10,272.74,273.21,0.1413125471460902,2025-02-10,2025-02-10,272.74,290.98199999999997,0.021584609909608532,3.245907473309599,1.1033265773355658,0.0040433193299365625,1.1033265773355658,1,272.74,0.5,2025-02-10,stop,-0.02158485451345593,-0.0238151436526175
2025-02-05,SQQQ,large,27.235,35.415,28.285,41,1490793431.78075,2025-02-05,1,0,0.28996809641970933,2025-02-06,28.21,28.26,0.11919315403423,2025-02-06,2025-02-06,28.21,32.143,0.03552716729192995,4.033846153846148,0.7763394071419278,0.02750624733918316,0.7763394071419278,6,28.07,0.3518434187923391,2025-02-13,stop,-0.03552740841013813,-0.027581327182415794
2025-02-11,IBIT,small,53.69,61.08,54.13,22,2310350957.6969995,2025-02-11,0,0,0.13728404235556382,2025-02-12,53.83,53.87,0.018944519621109684,2025-02-12,2025-02-12,53.83,58.123999999999995,0.0035976810034512585,30.671428571428425,1.1024215044449304,0.020469446288179604,1.1024215044449304,4,55.345,0.5,2025-02-18,stop,-0.0035979301040310885,-0.003966435518173661
2025-02-11,FBTC,small,82.46,93.78,83.12,270,369149130.4075,2025-02-11,0,0,0.13688029020556236,2025-02-12,82.7,82.74,0.021201413427562626,2025-02-12,2025-02-12,82.7,89.252,0.0038986552672878316,27.299999999998935,1.1024215044449304,0.003673073598746662,0.3039151441884431,4,85.0,0.13783981125325767,2025-02-18,stop,-0.0038989042926238504,-0.0011849360602697034
2025-02-13,GBTC,small,74.82,85.06,76.23,434,224983139.1415001,2025-02-11,0,2,0.13390872237478763,2025-02-14,76.47,75.37,0.16113281250000042,2025-02-14,2025-02-14,76.47,80.964,0.022555022998504648,2.7236363636363543,1.0917151661191464,0.009786631370727505,0.748758079959512,2,77.01,0.34292739681414064,2025-02-18,stop,-0.022555267359749,-0.01688843868125911
2025-02-18,BAH,large,115.97,150.96,119.23,400,241417279.2625,2025-02-18,1,0,0.2952742616033756,2025-02-19,118.5,115.98,0.07230637324949987,2025-02-19,2025-02-19,118.5,136.964,0.022328371679139147,7.298023715415016,1.0665274591665914,0.008995731607063361,1.0665274591665914,2,117.85,0.5,2025-02-20,stop,-0.022328616097046172,-0.02381408219268888
2025-02-25,ULTA,large,352.5,459.0,365.83,337,299206998.56625,2025-02-25,1,0,0.29025400632290416,2025-02-26,366.92,363.555,0.135399061032864,2025-02-26,2025-02-26,366.92,416.4,0.04026033968734577,3.4313453536754444,0.6548755091612682,0.0017838985920818917,0.6548755091612682,4,366.46,0.3104792482396485,2025-03-03,stop,-0.040260579622260706,-0.026365667579255736
2025-02-27,ZS,small,189.49,217.1,191.94,404,248436077.0975,2025-02-26,0,1,0.14400458978772224,2025-02-28,191.73,191.67,0.08113002535313227,2025-02-28,2025-02-28,191.73,206.056,0.012670919012928605,6.39553571428578,1.0480753619788468,0.0020975345934710595,0.40236148835038144,2,196.36,0.19195255558278368,2025-03-03,stop,-0.012671165845199006,-0.005098389148608773
2025-02-26,BKR,small,42.97,49.4,43.51,354,280368799.447,2025-02-26,0,0,0.1461695839963628,2025-02-27,43.99,43.29,0.15863141524105803,2025-02-27,2025-02-27,43.99,46.827999999999996,0.024163412724190314,2.7823529411764563,1.0520038386288442,0.02390265598339463,1.0520038386288442,4,43.59,0.5,2025-03-04,stop,-0.024163656683337087,-0.025420259586180105
2025-03-03,NEM,small,42.04,48.225,42.37,256,398968114.485,2025-02-27,0,2,0.14471221338324758,2025-03-04,42.74,42.16,0.11317704122877972,2025-03-04,2025-03-04,42.74,45.751,0.017361230475075984,4.301428571428548,1.026793574034877,0.023988302627828577,1.0257729407837852,1,42.74,0.49950299978647067,2025-03-04,stop,-0.01736147613476835,-0.017808932431108815
2025-03-04,DE,small,447.73,515.05,458.16,160,590571028.6025,2025-03-04,0,0,0.14622385368926333,2025-03-05,460.39,447.73,0.18805704099821718,2025-03-05,2025-03-05,460.39,488.12199999999996,0.028470440815127396,2.1905213270142214,0.8932719028687773,0.0019392803208526314,0.8932719028687773,3,482.91,0.439051860179077,2025-03-07,target60,0.05917591613740525,0.052860183212063094
2025-03-04,NEM,small,42.04,48.225,42.495,258,404775776.533,2025-02-27,0,3,0.14434072345390903,2025-03-05,42.85,41.94,0.13096200485044496,2025-03-05,2025-03-05,42.85,45.751,0.01988375707128942,3.581481481481467,1.0172737936976701,0.023728475071197696,1.0172737936976701,4,43.86,0.5,2025-03-10,stop,-0.019884002100350018,-0.02022747425051552
2025-03-05,SNPS,large,429.77,558.87,448.18,216,460724599.95375,2025-03-05,1,0,0.2933357569698485,2025-03-06,440.11,433.91,0.0800929512006199,2025-03-06,2025-03-06,440.11,507.23,0.024470144332982224,6.491295938104429,1.0339037936735638,0.00028161116512571456,0.12400189082889268,3,450.88,0.05996780918478959,2025-03-10,stop,-0.024470388215446226,-0.003034374408032378
2025-03-10,SNPS,large,429.77,558.87,429.85,210,493334995.27925,2025-03-05,1,3,0.2995151149571956,2025-03-11,431.03,427.435,0.009759876065065768,2025-03-11,2025-03-11,431.03,507.23,0.003919808881954312,60.47619047619095,1.0320729609744277,0.0023932369544902685,1.0320729609744277,1,431.03,0.5,2025-03-11,stop,-0.0039200579020021165,-0.004045785766110477
2025-03-10,LULU,large,321.83,423.32,333.77,215,482795209.468,2025-02-28,1,6,0.30399880185712147,2025-03-11,333.85,330.74,0.11843531382402245,2025-03-11,2025-03-11,333.85,382.724,0.036967707549550144,4.066056572379352,0.6979557493462879,0.002089581463146966,0.6979557493462879,1,333.85,0.33813294977097147,2025-03-11,stop,-0.03696794830762329,-0.02580199206284206
2025-03-11,SNPS,large,429.77,558.87,430.68,206,510142689.88225,2025-03-05,1,4,0.29192953892770734,2025-03-12,442.23,427.73,0.09651432997676246,2025-03-12,2025-03-12,442.23,507.23,0.02914672279670949,5.2166934189405945,0.8724386264231927,0.001971830059267759,0.8724386264231927,2,432.42,0.4288646818781007,2025-03-13,stop,-0.02914696551002871,-0.025428938553973657
2025-03-19,GILD,small,105.8,119.96,107.51,129,755220308.206,2025-03-19,0,0,0.13255324128247128,2025-03-20,106.825,105.8,0.07238700564971794,2025-03-20,2025-03-20,106.825,114.29599999999999,0.010585042138420597,7.288780487804828,1.0041171671520992,0.006914202326963914,0.7389791531544974,1,106.825,0.3679745637904028,2025-03-20,stop,-0.010585289492160088,-0.007822308264811673
2025-03-11,MCHP,large,50.21,66.23,52.17,204,515327361.0630001,2025-03-04,1,5,0.30467858501331313,2025-03-12,52.58,51.07,0.14794007490636685,2025-03-12,2025-03-12,52.58,59.822,0.0460286212922445,3.0556962025316508,0.5524546703245128,0.010501682065221578,0.5524546703245128,8,51.0,0.271570158937308,2025-03-21,stop,-0.046028859785089304,-0.025428858557984713
2025-03-24,TMF,small,41.51,47.53,42.67,454,252988845.86775,2025-03-20,0,2,0.14299287410926373,2025-03-25,42.1,42.6,0.09800664451827294,2025-03-25,2025-03-25,42.1,45.122,0.014999744783190327,5.122033898305053,0.997644562704068,0.006185459023875765,0.2605380939521458,2,42.45,0.13057661199794932,2025-03-26,stop,-0.014999991033254112,-0.003908069073103315
2025-03-14,SNPS,large,429.77,558.87,446.26,194,558474309.65975,2025-03-05,1,7,0.29011235955056186,2025-03-17,445.0,433.05,0.11797056545313722,2025-03-17,2025-03-17,445.0,507.23,0.03519001173570513,4.086014445173995,0.717435382086919,0.0016114082345974733,0.717435382086919,11,437.96,0.3552144311255521,2025-03-31,stop_gap,-0.036873961224718976,-0.026454684460314515
2025-03-28,ETN,small,267.63,304.54,274.12,88,963793505.167,2025-03-28,0,0,0.137723880597015,2025-03-31,268.0,271.65,0.010024383635871154,2025-03-31,2025-03-31,268.0,289.776,0.0023787173577387577,58.85405405405336,0.986063996029661,0.0005175147326034808,0.13876333000273422,1,268.0,0.07036223336490231,2025-03-31,stop,-0.002378966763059709,-0.0003301133500079878
2025-03-28,MU,large,83.54,110.66,88.45,37,1781917240.9080002,2025-03-20,1,6,0.31505576208178426,2025-03-31,86.08,87.605,0.09365781710914428,2025-03-31,2025-03-31,86.08,99.812,0.030477442505512875,5.406299212598442,0.8088473925029127,0.009391763113460285,0.8088473925029127,4,88.58,0.4101394005661385,2025-04-03,stop_gap,-0.03773111374593385,-0.03051871296962938
2025-03-31,ETN,small,267.63,304.54,271.83,86,956716113.167,2025-03-28,0,1,0.1357933850851699,2025-04-01,271.81,262.68,0.11324844215659724,2025-04-01,2025-04-01,271.81,289.776,0.01636251886197715,4.298086124401909,1.007990938610057,0.0005090467607681832,0.13843321665272623,3,283.77,0.06866788745324195,2025-04-03,stop_gap,-0.04429551890107042,-0.006131971164776817
2025-03-24,GILD,small,105.8,119.96,106.66,115,805933067.2565,2025-03-19,0,3,0.13265879707700953,2025-03-25,106.74,106.1,0.06638418079096031,2025-03-25,2025-03-25,106.74,114.29599999999999,0.009797143774000094,8.038297872340442,0.997644562704068,0.009341818816026944,0.997644562704068,8,111.88,0.5,2025-04-03,target60,0.06971831154206476,0.06955409443084926
2025-04-08,ADP,small,272.98,309.5,276.92,298,379031178.74350005,2025-04-08,0,0,0.13272277947376065,2025-04-09,275.16,273.54,0.059693318729463526,2025-04-09,2025-04-09,275.16,294.892,0.008914244723836506,9.051376146788948,0.988914291078075,0.003592163955271609,0.988914291078075,1,275.16,0.5,2025-04-09,target60,0.07063956142971373,0.06985647181333143
2025-04-08,MCK,small,635.15,727.94,652.92,205,529332787.185,2025-04-07,0,1,0.143548886138614,2025-04-09,646.4,646.73,0.12124151309408332,2025-04-09,2025-04-09,646.4,690.8240000000001,0.01838618902182554,3.9488000000000083,0.988914291078075,0.0015291148420986016,0.988914291078075,2,671.93,0.5,2025-04-10,target60,0.06765678945853959,0.06690676598401035
2025-05-12,GDXJ,small,58.38,66.8,59.09,330,294355469.974,2025-05-09,0,1,0.14198988195615506,2025-05-13,59.3,58.91,0.10926365795724409,2025-05-13,2025-05-13,59.3,63.432,0.016498327564716697,4.4913043478261185,1.0787654230795027,0.018182563918515398,1.0787654230795027,2,59.31,0.5,2025-05-14,stop_gap,-0.023321425063237755,-0.025158346975160617
2025-04-30,USO,large,60.68,79.54,63.57,358,339626390.93450004,2025-04-22,1,6,0.29658751376002523,2025-05-01,63.59,63.3,0.15429480381760355,2025-05-01,2025-05-01,63.59,71.99600000000001,0.04671567345749983,2.888659793814431,0.5658143358131368,0.008893401928687376,0.5658143358131368,15,68.695,0.26757614896362425,2025-05-21,time_h15,0.06215453534360771,0.03516792713321748
2025-05-23,BABA,small,117.29,134.51,120.7,41,1462741737.0820005,2025-05-20,0,3,0.1437035800717682,2025-05-27,119.83,119.38,0.14750290360046425,2025-05-27,2025-05-27,119.83,127.622,0.022175009465975393,3.0677165354330813,1.0623007000557743,0.008860632143083923,1.0623007000557743,2,119.53,0.5,2025-05-28,stop,-0.02217525392222286,-0.02355678776549186
2025-06-10,THC,small,152.03,174.09,156.33,479,211095557.288,2025-06-09,0,1,0.14407471508343403,2025-06-11,153.115,155.58,0.04918404351767941,2025-06-11,2025-06-11,153.115,165.266,0.008078594670597128,11.199078341013726,1.0505223061730282,0.006857571400711503,1.0505223061730282,2,161.46,0.5,2025-06-12,target60,0.07827956318126894,0.082234427239404
2025-06-12,LYFT,small,15.05,17.15,15.42,468,209335990.16725,2025-06-12,0,0,0.1389808074123096,2025-06-13,15.11,15.155,0.02857142857142799,2025-06-13,2025-06-13,15.11,16.31,0.004966411565891282,20.000000000000416,1.0916395197927302,0.07221003971097512,1.0916395197927302,1,15.11,0.5,2025-06-13,stop,-0.0049666603242882745,-0.005421802691379707
2025-06-18,TEAM,small,193.5,220.43,196.18,254,376158623.709,2025-06-18,0,0,0.13729288809584506,2025-06-20,196.15,193.5,0.09840326773115503,2025-06-20,2025-06-20,196.15,209.65800000000002,0.014496065757587662,5.09735849056603,1.0889286184470404,0.005548733898230012,1.0889286184470404,1,196.15,0.5,2025-06-20,stop,-0.014496312133571165,-0.01578544914418667
2025-07-10,CHWY,small,38.505,43.84,38.75,359,298175656.508,2025-07-10,0,0,0.13806935817805385,2025-07-11,38.64,38.58,0.025304592314901217,2025-07-11,2025-07-11,38.64,41.706,0.004489797026952291,22.711111111111464,1.0886356739008782,0.028159714183849063,1.0886356739008782,1,38.64,0.5,2025-07-11,stop,-0.0044900459045027485,-0.004888024149094283
2025-07-09,BABA,large,102.19,134.51,103.83,75,1085667721.44425,2025-07-09,1,0,0.3073996575993912,2025-07-10,105.14,103.71,0.09127475247524763,2025-07-10,2025-07-10,105.14,121.582,0.029029284102479735,5.573559322033891,0.9309873867872984,0.008850312850427096,0.9309873867872984,7,117.22,0.4305996646652484,2025-07-18,target60,0.15522587402986487,0.1445133308248383
2025-07-21,LULU,small,220.0,252.16,223.14,140,697649180.773,2025-07-16,0,3,0.14501510574018125,2025-07-22,221.77,222.705,0.055037313432836146,2025-07-22,2025-07-22,221.77,239.296,0.008972764823792723,9.90169491525417,1.1601689634409578,0.004847197399347661,1.0755007176121367,3,224.05,0.46351038146301443,2025-07-24,stop,-0.008973012580601347,-0.009650481469579475
2025-07-16,OXY,small,41.655,47.315,42.635,190,523984015.87175,2025-07-15,0,1,0.13294186729301224,2025-07-17,42.575,42.055,0.16254416961130783,2025-07-17,2025-07-17,42.575,45.051,0.022586827549231803,2.691304347826081,1.1221681835633173,0.026344265401562785,1.1221681835633173,8,44.72,0.5,2025-07-28,target_gap,0.058248062830299485,0.06536412286235915
2025-07-29,CRWD,small,454.56,517.69,465.67,73,1110746227.096,2025-07-25,0,2,0.13627336700772796,2025-07-30,463.26,458.0,0.1378108664660222,2025-07-30,2025-07-30,463.26,492.43800000000005,0.01976068046795132,3.3537931034482864,1.1807559361591142,0.0025475231148621392,1.1807559361591142,1,463.26,0.5,2025-07-30,stop,-0.019760925527781414,-0.02333283012092613
2025-07-17,HUBS,large,519.96,681.19,528.3,314,337257311.821,2025-07-17,1,0,0.3047826086956522,2025-07-18,529.0,526.97,0.05606896979470299,2025-07-18,2025-07-18,529.0,616.6980000000001,0.018071266824054688,9.701106194690315,1.1681793034836223,0.000196552323541699,0.10402819325018386,10,538.79,0.0445257816757932,2025-07-31,stop,-0.018071512306238047,-0.0018799467745164028
2025-07-30,CRWD,small,454.56,517.69,463.32,76,1116922906.053,2025-07-25,0,3,0.13554190999656487,2025-07-31,465.76,453.71,0.17741169016315506,2025-07-31,2025-07-31,465.76,492.43800000000005,0.02502218488831831,2.381964285714293,1.1828534145686862,0.0025383501972290495,1.1828534145686862,1,465.76,0.49955669561996036,2025-07-31,stop,-0.02502242863277193,-0.029597865149075586
2025-07-29,SPOT,large,594.26,784.25,620.0,79,1064142538.461,2025-07-28,1,1,0.3049598715890851,2025-07-30,623.0,615.805,0.15127111953260702,2025-07-30,2025-07-30,623.0,708.254,0.04708501287077138,2.9663883089770353,0.6269276910891977,0.0010058013278389296,0.6269276910891977,8,687.13,0.2654772556674724,2025-08-08,target60,0.13570774167495991,0.08507894115121195
2025-07-30,LUV,large,29.17,37.96,30.72,283,388070358.18825,2025-07-29,1,1,0.2881967213114754,2025-07-31,30.5,30.45,0.15130830489192246,2025-07-31,2025-07-31,30.5,34.444,0.04456247286192949,2.9654135338345924,0.6641816518311313,0.013772408933968165,0.4202686067894237,8,29.595,0.17749282700180058,2025-08-11,stop,-0.04456271172131121,-0.01872830876987419
2025-08-04,GEHC,small,69.09,78.76,70.64,473,240869623.80725,2025-08-04,0,0,0.1363123766563293,2025-08-05,70.94,69.91,0.19131334022750712,2025-08-05,2025-08-05,70.94,74.89200000000001,0.027051810998926507,2.1362162162162295,1.074470611413503,0.015138615394809646,1.074470611413503,7,74.41,0.46207627284162367,2025-08-13,target60,0.054653604778686526,0.05872369214250717
2025-08-19,XYZ,small,72.4,82.5,74.33,157,688228399.146,2025-08-15,0,2,0.13726556129382977,2025-08-20,73.58,74.04,0.11683168316831617,2025-08-20,2025-08-20,73.58,78.46000000000001,0.017020437864785798,4.135593220339017,1.2138372091488723,0.016488587802993993,1.2138372091488723,1,73.58,0.5,2025-08-20,stop,-0.017020683609676235,-0.020660339090575297
2025-08-19,PWR,small,369.11,424.23,379.02,273,427615546.3655,2025-08-15,0,2,0.14659964360754277,2025-08-20,375.99,377.4,0.12481857764876624,2025-08-20,2025-08-20,375.99,402.182,0.019279570034392846,3.8069767441860503,1.2138372091488723,0.0032267621227806535,1.2138372091488723,1,375.99,0.5,2025-08-20,stop,-0.019279815214500173,-0.023402557092874865
2025-08-20,XYZ,small,72.4,82.5,74.13,189,580170214.3255,2025-08-15,0,3,0.13700488334237648,2025-08-21,73.72,71.455,0.1306930693069301,2025-08-21,2025-08-21,73.72,78.46000000000001,0.018887192323534086,3.590909090909116,1.191805761057147,0.016158571055027382,1.191805761057147,2,74.1,0.5,2025-08-22,target60,0.0632333100244169,0.07536182317781281
2025-08-20,PWR,small,369.11,424.23,375.74,277,419369932.4865,2025-08-15,0,3,0.1463971740458421,2025-08-21,376.51,367.9,0.13425253991291686,2025-08-21,2025-08-21,376.51,402.182,0.020634048331335975,3.4691891891892035,1.191805761057147,0.00316381997337818,1.191805761057147,8,378.1,0.5,2025-09-02,stop,-0.020634293172823837,-0.02459206947871362
2025-08-27,APO,small,132.33,151.53,135.75,273,403537428.67,2025-08-27,0,0,0.14126995806048112,2025-08-28,135.91,133.82,0.18645833333333262,2025-08-28,2025-08-28,135.91,143.85,0.027314133382870476,2.217877094972076,1.1352558483420556,0.008348820693237325,1.1352558483420556,3,136.27,0.457638535507743,2025-09-02,stop,-0.027314376554337105,-0.031008805727128275
2025-09-02,APO,small,132.33,151.53,135.84,256,396802215.432,2025-08-27,0,3,0.14215904042647703,2025-09-03,135.06,132.28,0.14218749999999955,2025-09-03,2025-09-03,135.06,143.85,0.021192535673522528,3.2197802197802288,1.2016862350431325,0.00889297639512521,1.2016862350431325,1,135.06,0.5,2025-09-03,stop,-0.02119278037538852,-0.02546707245939661
2025-09-04,TXN,small,183.4,209.03,187.26,117,800396423.1735001,2025-09-03,0,1,0.1370002138122728,2025-09-05,187.08,181.69,0.14358174014826405,2025-09-05,2025-09-05,187.08,198.778,0.020650568451074824,3.1788043478260755,1.198149898679316,0.006401276586112766,1.198149898679316,2,187.9,0.5,2025-09-08,stop,-0.020650813288432657,-0.024742769849181112
2025-09-02,ARM,large,127.03,168.3,132.37,219,475718698.39375,2025-08-28,1,2,0.3087916199027311,2025-09-03,133.65,130.42,0.16040707535740253,2025-09-03,2025-09-03,133.65,151.792,0.05048235328650674,2.740483383685798,0.5951021281749197,0.004450464475202635,0.5951021281749197,6,140.78,0.24761127772823308,2025-09-10,target60,0.13460715262252143,0.08010500299322876
2025-09-08,TXN,small,183.4,209.03,185.79,108,854198314.4765,2025-09-03,0,3,0.13920269389528567,2025-09-09,184.12,183.08,0.028092079594225477,2025-09-09,2025-09-09,184.12,198.778,0.004906084867624894,20.35833333333335,1.1889383435321192,0.006454181372802265,1.1889383435321192,2,185.05,0.5,2025-09-10,stop,-0.004906333641103489,-0.005833328192069498
2025-09-10,SQQQ,small,16.71,19.0,17.05,48,1589534608.6727,2025-09-10,0,0,0.13598574821852727,2025-09-11,16.84,16.785,0.05676855895196465,2025-09-11,2025-09-11,16.84,18.084,0.008711499357209385,9.56923076923084,1.2137171512894231,0.07203742830841915,1.2137171512894231,1,16.84,0.5,2025-09-11,stop,-0.008711747179334872,-0.010573596969255972
2025-09-11,SQQQ,small,16.71,19.0,16.765,50,1578307705.4667,2025-09-10,0,1,0.13696172248803823,2025-09-12,16.72,16.7,0.004366812227073368,2025-09-12,2025-09-12,16.72,18.084,0.0015969885870459333,136.4000000000272,1.208430352804795,0.0722384053605498,1.208430352804795,1,16.72,0.5,2025-09-12,stop,-0.0015972381877988884,-0.0019301511067950639
2025-09-12,CHWY,large,33.985,43.84,34.67,390,271878258.34675,2025-09-05,1,5,0.28408763332372455,2025-09-15,34.69,34.64,0.07153729071537271,2025-09-15,2025-09-15,34.69,39.898,0.02130204716033446,7.387234042553217,1.2074652772513974,0.034789897509736864,1.2074652772513974,11,39.66,0.5,2025-09-29,target60,0.1489798781925631,0.17988802992666253
2025-09-15,CCI,small,91.3,104.6,93.59,383,273242382.282,2025-09-15,0,0,0.14239828693790146,2025-09-16,93.4,92.29,0.15789473684210595,2025-09-16,2025-09-16,93.4,99.28,0.02346096758901073,2.7999999999999865,1.2473457425558307,0.012921429813841239,1.2074652772513974,15,95.45,0.48401386883210196,2025-10-06,time_h15,0.005417810492505559,0.0065418180484286825
2025-10-06,Z,large,71.07,93.88,74.01,497,231383288.6005,2025-09-26,1,6,0.3083265747499324,2025-10-07,73.98,72.99,0.12757562472599784,2025-10-07,2025-10-07,73.98,84.756,0.04029514034548032,3.7030927835051397,0.8069708841359285,0.010902506065069756,0.8069708841359285,2,72.73,0.3102111046847875,2025-10-08,stop,-0.0402953802716951,-0.032517198644443246
2025-10-09,DECK,large,97.34,126.49,98.84,475,245233662.5405,2025-10-09,1,0,0.2967525195968644,2025-10-10,98.23,98.38,0.0305317324185249,2025-10-10,2025-10-10,98.23,114.83,0.010050812932127062,18.651685393258408,1.2844216019167214,0.01306911728714001,1.2844216019167214,1,98.23,0.5,2025-10-10,stop,-0.010051060419423608,-0.012909799124877885
2025-10-10,VLO,small,155.915,178.39,158.03,326,370357916.9535,2025-10-08,0,2,0.140604961056023,2025-10-13,159.845,157.64,0.17486095661846532,2025-10-13,2025-10-13,159.845,169.39999999999998,0.02556124421445305,2.4312977099236543,1.249906588693836,0.007815581565888763,1.249906588693836,4,161.01,0.4890215787278519,2025-10-16,stop,-0.025561487824141915,-0.0319494720482123
2025-10-16,RBRK,small,76.59,88.0,78.59,483,246796713.1935,2025-10-16,0,0,0.14818181818181814,2025-10-17,77.0,77.95,0.03593339176161233,2025-10-17,2025-10-17,77.0,83.436,0.006318853560232651,15.697560975609903,1.2619919663301764,0.01638131130320794,1.2619919663301764,1,77.0,0.5,2025-10-17,stop,-0.006319101980519104,-0.007974655933836283
2025-10-20,VST,small,190.7,217.1,194.22,150,806039521.6700001,2025-10-20,0,0,0.13687266694317715,2025-10-21,192.88,192.95,0.08257575757575782,2025-10-21,2025-10-21,192.88,206.54,0.012290567698315935,6.266055045871538,1.2580046383632584,0.006518952903588122,1.2580046383632584,1,192.88,0.5,2025-10-21,stop,-0.01229081462567394,-0.015461901808360823
2025-10-30,ETHA,large,27.78,36.8,27.85,61,1546413065.9745,2025-10-30,1,0,0.3094339622641508,2025-10-31,29.15,27.78,0.15188470066518825,2025-10-31,2025-10-31,29.15,33.192,0.04795081018667324,2.9503649635036564,0.6518522224086222,0.022350816339534063,0.6518522224086222,2,29.36,0.2606838122512906,2025-11-03,stop,-0.04795104819897078,-0.031256997335322056
2025-10-30,NVO,large,47.92,62.32,50.04,247,516902366.1615,2025-10-30,1,0,0.29538461538461536,2025-10-31,48.75,49.435,0.057638888888888774,2025-10-31,2025-10-31,48.75,56.56,0.018008124143056525,9.40963855421689,1.250273687459078,0.0006139418688795819,0.029944638427093162,3,49.12,0.011975233393877715,2025-11-04,stop_gap,-0.01800836964102548,-0.0005392541175619492
2025-10-30,UAL,small,92.9,106.44,93.37,213,607875901.33275,2025-10-29,0,1,0.1448283238849074,2025-10-31,93.49,92.36,0.04357459379615876,2025-10-31,2025-10-31,93.49,101.024,0.007304027951795633,12.769491525423973,1.250273687459078,0.013366654729012179,1.250273687459078,3,96.105,0.5,2025-11-04,stop,-0.007304276125788767,-0.009132344246009172
2025-11-03,NFLX,small,1087.4,1248.1,1099.96,19,4223047707.035501,2025-10-31,0,1,0.14609622168078823,2025-11-04,1099.96,1075.16,0.0781580584940881,2025-11-04,2025-11-04,1099.96,1183.82,0.012406684399172696,6.676751592356709,1.2316453886860836,0.0005906356677316811,0.6500006093828313,1,1099.96,0.2638749007440569,2025-11-04,stop,-0.012406931297501589,-0.008064512903946941
2025-11-05,NFLX,small,1087.4,1248.1,1098.46,18,4364432025.436999,2025-10-31,0,3,0.14681430320305489,2025-11-06,1094.58,1073.51,0.044679527069071835,2025-11-06,2025-11-06,1094.58,1183.82,0.007552537568486506,12.428969359331761,1.2239648516519286,0.0011176459182755968,1.2239648516519286,1,1094.58,0.5,2025-11-06,stop,-0.007552785680352003,-0.009244344204810906
2025-11-10,TTD,large,43.1,57.0,43.245,289,446315532.91925,2025-10-31,1,6,0.32116451016635855,2025-11-11,43.28,42.02,0.012949640287769765,2025-11-11,2025-11-11,43.28,51.44,0.00515430824329044,45.333333333333385,1.2246630864113808,0.01284073101832527,0.5560248508985669,1,43.28,0.22701135400752606,2025-11-11,stop,-0.00515455695471323,-0.0028660617621926177
2025-11-11,BABA,small,160.0,182.5,160.79,49,1936416788.486,2025-11-07,0,2,0.13976891539321656,2025-11-12,160.98,160.17,0.0435555555555551,2025-11-12,2025-11-12,160.98,173.5,0.007081128338799703,12.775510204081776,1.213873467736487,0.0034344776353696493,0.5531587891363743,1,160.98,0.22784862007398962,2025-11-12,stop,-0.0070813765685175944,-0.003917125688059908
2025-11-10,SPXU,large,12.22,15.87,12.7,276,461372473.8015,2025-11-06,1,2,0.28560250391236297,2025-11-11,12.78,12.645,0.15342465753424628,2025-11-11,2025-11-11,12.78,14.41,0.044774170035482896,2.9107142857142936,0.6837999930768414,0.05347872402819273,0.6837999930768414,8,13.82,0.2791788209606996,2025-11-20,target_gap,3.120289763497653,2.1336541186774345
2025-10-30,LULU,large,159.3,208.115,168.01,199,641197791.7745,2025-10-23,1,5,0.289875296912114,2025-10-31,168.4,167.0,0.18641810918774956,2025-10-31,2025-10-31,168.4,188.589,0.054983494001217714,2.2185714285714293,0.5684768266233629,0.003374065250653511,0.5684768266233629,15,166.05,0.22734095435483173,2025-11-20,time_h15,-0.022652665157363416,-0.012877515203219558
2025-11-05,QID,large,19.13,24.92,19.97,319,404389610.52575,2025-11-04,1,1,0.28834661354581687,2025-11-06,20.08,19.76,0.16407599309153692,2025-11-06,2025-11-06,20.08,22.604,0.04826297010857106,2.656842105263161,0.6340082515117339,0.03155832905308656,0.6340082515117339,11,21.56,0.25899773619154276,2025-11-20,target60,0.12457179536852614,0.07897954616927672
2025-11-18,TNA,large,38.5,50.96,39.34,226,576545088.78775,2025-11-17,1,1,0.3153631991900785,2025-11-19,39.51,38.1,0.08105939004815393,2025-11-19,2025-11-19,39.51,45.976,0.026537098446473895,6.401980198019816,1.1950494731643826,0.013894382247952171,0.5492416634483144,2,39.34,0.21648816858160408,2025-11-20,stop,-0.026537341812199244,-0.014575413760428813
2025-11-20,F,small,12.195,13.97,12.405,72,1360477043.108,2025-11-18,0,2,0.14188649080735416,2025-11-21,12.51,12.385,0.17746478873239405,2025-11-21,2025-11-21,12.51,13.26,0.026154189092504,2.380952380952385,2.208397407295094,0.17644230284503967,2.208397407295094,4,13.155,0.4779349096157832,2025-11-26,target60,0.05889235131894499,0.13005771596226978
2025-11-25,EQIX,small,743.6,853.415,748.05,490,272362737.112,2025-11-24,0,1,0.14691559527472667,2025-11-26,747.47,747.58,0.0352410872831581,2025-11-26,2025-11-26,747.47,809.489,0.006171790688331513,16.02558139534882,2.368027595858697,0.0031664730117071825,2.368027595858697,3,753.31,0.5,2025-12-01,stop,-0.006172039145383557,-0.014615559018988478
2025-12-09,LLY,small,966.0,1111.24,981.86,28,3126049260.99875,2025-12-09,0,0,0.1474517766497462,2025-12-10,985.0,979.42,0.13081795648581657,2025-12-10,2025-12-10,985.0,1053.144,0.02026956065114638,3.586526315789474,2.3680748137432985,0.0024029347983110932,2.3680748137432985,4,1027.78,0.5,2025-12-15,target60,0.06811281145786796,0.16129623330662302
2025-12-10,INSM,small,185.77,212.59,189.8,345,347902549.6575,2025-12-08,0,2,0.14097981497056344,2025-12-11,190.24,189.59,0.16666666666666666,2025-12-11,2025-12-11,190.24,201.862,0.02447265118492048,2.5999999999999974,2.395296765330314,0.012441604164930755,2.3680748137432985,4,196.92,0.494317624441984,2025-12-16,target60,0.06003042717357032,0.14215654264798294
2025-12-15,BABA,large,147.86,192.67,150.1,51,1776391829.7775002,2025-12-04,1,7,0.3008392077878481,2025-12-16,148.95,149.58,0.024324927471545986,2025-12-16,2025-12-16,148.95,174.746,0.008310077925118953,23.66605504587212,2.480168042417871,0.016642685185610354,2.480168042417871,1,148.95,0.5,2025-12-16,stop,-0.008310325847599609,-0.020611004589295767
2025-12-18,VLO,small,159.92,182.91,161.95,298,404245437.6895,2025-12-18,0,0,0.1420451034908867,2025-12-19,161.85,160.73,0.08394954327968708,2025-12-19,2025-12-19,161.85,173.714,0.012912203150818646,6.147150259067338,2.509495699425954,0.015497318205599266,2.509495699425954,10,165.31,0.5,2026-01-05,target_gap,0.10911556949335832,0.2738250523839967
2025-12-22,VST,small,158.65,180.73,161.54,175,657579333.834,2025-12-19,0,1,0.13665903323636805,2025-12-23,161.57,160.85,0.13224637681159374,2025-12-23,2025-12-23,161.57,171.898,0.01905409862377072,3.536986301369879,2.526767728028565,0.015524174980356758,2.509495699425954,9,162.98,0.49658218909260665,2026-01-06,target60,0.06285910116048798,0.1577446440320256
2026-01-02,TSLA,small,435.26,498.82,438.1,2,31177410207.9605,2026-01-02,0,0,0.1419383653416704,2026-01-05,447.8,435.31,0.1972938955317813,2026-01-05,2026-01-05,447.8,473.396,0.028975083695311765,2.0411483253588485,2.335045139623166,0.005211874982254029,2.335045139623166,2,451.69,0.431405138685502,2026-01-06,stop,-0.028975326451540884,-0.06765869519966516
2026-01-06,TZA,small,6.61,7.555,6.67,151,678692741.3735,2026-01-02,0,2,0.14231927710843364,2026-01-07,6.64,6.66,0.03174603174603109,2026-01-07,2026-01-07,6.64,7.177,0.005513056724649412,17.90000000000038,2.708500523006951,0.4077027519194952,2.708500523006951,2,6.725,0.5,2026-01-08,stop,-0.005513305346385278,-0.014932790414181607
2026-01-08,AIG,small,76.235,87.29,77.9,323,336272474.1205,2026-01-07,0,1,0.14173076923076933,2026-01-09,78.0,77.26,0.159656264133876,2026-01-09,2026-01-09,78.0,82.86800000000001,0.023605088481400305,2.758073654390939,2.7349085433284714,0.008495692464767515,0.6629955100068696,1,78.0,0.12120981369270631,2026-01-09,stop,-0.02360533258012809,-0.015650229512843783
2026-01-08,GLW,small,84.85,96.605,85.32,274,379492720.7987501,2026-01-05,0,3,0.137759287472167,2026-01-09,85.33,83.98,0.04083368779242906,2026-01-09,2026-01-09,85.33,91.903,0.006619097576490041,13.693749999999902,2.7349085433284714,0.032034936002072044,2.7349085433284714,2,85.2,0.5,2026-01-12,stop_gap,-0.007204720496894246,-0.019704251639249826
2026-01-06,LEN,large,102.15,133.76,106.32,300,349426238.8545,2026-01-02,1,2,0.29597378277153547,2026-01-07,106.8,102.77,0.14710534640936393,2026-01-07,2026-01-07,106.8,121.116,0.04449530852551242,3.078709677419361,1.5217899441319578,0.014241845029587002,1.5217899441319578,4,119.25,0.2809284936822684,2026-01-12,target60,0.13291118238764055,0.20226290082019993
2026-01-02,SNOW,large,211.96,280.67,216.68,68,1170600481.97825,2025-12-24,1,5,0.3161260639521509,2026-01-05,217.35,213.96,0.07844564110027631,2026-01-05,2026-01-05,217.35,253.186,0.02577342568651242,6.64860853432284,2.625111972923281,0.0020614284535573554,0.4482756121867846,7,220.17,0.08281998466032973,2026-01-13,stop,-0.02577366924315605,-0.011553707358275489
2026-01-13,KKR,small,127.36,144.84,130.07,302,359836520.53199995,2026-01-08,0,3,0.13577753611931026,2026-01-14,128.74,128.59,0.07894736842105317,2026-01-14,2026-01-14,128.74,137.848,0.011708065494982822,6.599999999999957,2.7616621609819574,0.02144074359096991,2.7616621609819574,1,128.74,0.5,2026-01-14,stop,-0.01170831256796645,-0.03233440378790231
2026-01-14,DASH,small,208.11,238.9,213.1,171,628413687.3575,2026-01-13,0,1,0.14401983254595627,2026-01-15,213.79,207.9,0.1844754790516395,2026-01-15,2026-01-15,213.79,226.584,0.027541073001550287,2.252464788732405,2.4921822752997516,0.011651322251565096,2.4921822752997516,1,213.79,0.45386757441499737,2026-01-15,stop,-0.02754131611628219,-0.06863797986342579
2026-01-15,DASH,small,208.11,238.9,210.11,174,629809950.42,2026-01-13,0,2,0.14576527955309376,2026-01-16,211.23,207.745,0.10133160116921003,2026-01-16,2026-01-16,211.23,226.584,0.015755366174319274,4.921153846153888,2.7111759691562933,0.012828766658011245,2.7111759691562933,1,211.23,0.5,2026-01-16,stop,-0.015755612235477723,-0.04271623727217211
2026-01-15,NET,small,180.5,205.19,184.23,347,319332410.8685,2026-01-13,0,2,0.13382839178275244,2026-01-16,184.49,184.1,0.16160388821385213,2026-01-16,2026-01-16,184.49,195.314,0.02260507233509912,2.7127819548872076,2.7111759691562933,0.014688169446429157,2.7111759691562933,2,184.08,0.5,2026-01-20,stop_gap,-0.03749637141579487,-0.101659261113062
2026-01-22,WFC,small,86.035,97.76,88.05,101,1037972871.242,2026-01-22,0,0,0.1340000000000001,2026-01-23,87.5,86.43,0.12494669509594902,2026-01-23,2026-01-23,87.5,93.07000000000001,0.01772562290283408,3.802047781569962,2.638988219963676,0.030144785438327933,2.638988219963676,1,87.5,0.5,2026-01-23,stop,-0.017725868471428652,-0.046778358084725635
2026-01-23,WFC,small,86.035,97.76,86.97,97,1082346374.1179998,2026-01-22,0,1,0.13461538461538472,2026-01-26,87.1,86.03,0.09083155650319803,2026-01-26,2026-01-26,87.1,93.07000000000001,0.01321460394946028,5.605633802816926,2.615599040921313,0.030014824815164782,2.615599040921313,7,92.29,0.5,2026-02-03,target60,0.06747363108496018,0.17648396475330008
2026-01-30,VST,large,149.26,196.55,158.34,149,877214772.125,2026-01-28,1,2,0.29996828417380283,2026-02-02,157.65,156.86,0.17741594417424425,2026-02-02,2026-02-02,157.65,177.63400000000001,0.05416546404881917,2.3818831942789003,1.2281201083821847,0.007786273696974269,1.2281201083821847,3,153.05,0.23077435446198316,2026-02-04,stop,-0.054165700507453396,-0.06652198597781056
2026-02-04,XYZ,large,55.09,72.22,57.42,425,357479036.7055,2026-02-04,1,0,0.3044250933001598,2026-02-05,56.27,55.09,0.06888499708114419,2026-02-05,2026-02-05,56.27,65.368,0.02194886207154101,7.710169491525419,2.6705800303090577,0.047436373561292045,2.6705800303090577,1,56.27,0.5,2026-02-05,stop,-0.021949106584325362,-0.058616845727224476
2026-02-05,DASH,large,182.04,238.9,183.76,215,692705084.7055,2026-02-03,1,2,0.30440601745275453,2026-02-06,186.79,182.8,0.08353851565247976,2026-02-06,2026-02-06,186.79,216.156,0.026403710185166407,6.182315789473687,2.500852710587347,0.013381884920135197,2.500852710587347,1,186.79,0.4734183155450061,2026-02-06,stop,-0.02640395358423897,-0.06603239889136647
2026-02-09,DASH,large,182.04,238.9,186.12,206,749830900.5139999,2026-02-03,1,4,0.30632474948820176,2026-02-10,185.62,178.24,0.0629616602180797,2026-02-10,2026-02-10,185.62,216.156,0.02026693796728396,8.529608938547456,2.6082554079997626,0.014044560286045485,2.6082554079997626,2,185.59,0.5,2026-02-11,stop,-0.02026718290054952,-0.05286198940527864
2026-02-17,HPQ,small,18.265,20.735,18.5,490,333916959.304,2026-02-13,0,1,0.13423913043478256,2026-02-18,18.4,18.49,0.05465587044534335,2026-02-18,2026-02-18,18.4,19.747,0.00832912348173731,9.977777777777934,2.617039212255866,0.06471582655086174,1.1913668919818465,1,18.4,0.22761731776936164,2026-02-18,stop,-0.008329371399456331,-0.00992333731633277
2026-02-18,HPQ,small,18.265,20.735,18.35,492,332674159.156,2026-02-13,0,2,0.13497267759562834,2026-02-19,18.3,18.245,0.014170040485830024,2026-02-19,2026-02-19,18.3,19.747,0.002910156943386144,41.34285714285695,2.6438068629527294,0.06452747720700443,1.1814435546655138,1,18.3,0.22343605564024094,2026-02-19,stop,-0.002910406215846928,-0.003438480665170829
2026-02-19,HPQ,small,18.265,20.735,18.335,491,330469837.47349995,2026-02-13,0,3,0.13387533875338747,2026-02-20,18.45,18.26,0.07489878542510073,2026-02-20,2026-02-20,18.45,19.747,0.01101657843165138,7.010810810810862,2.626541900933291,0.06381658923920558,1.178005074000343,1,18.45,0.2242501963478598,2026-02-20,stop,-0.011016825677506503,-0.01297787654747995
2026-02-12,EMR,small,144.015,165.085,144.98,329,489080347.57175,2026-02-11,0,1,0.14461221688400838,2026-02-13,145.7,144.85,0.0799715234931182,2026-02-13,2026-02-13,145.7,156.657,0.012552800470046255,6.502670623145405,2.5818244132971233,0.01771128003493806,2.5818244132971233,6,148.61,0.5,2026-02-23,stop,-0.012553047331846034,-0.032409764062634405
2026-02-12,DELL,large,110.22,143.785,112.85,201,791151464.23225,2026-02-06,1,4,0.29068156231055686,2026-02-13,115.47,111.2,0.15641293013555788,2026-02-13,2026-02-13,115.47,130.359,0.04642041151417009,2.836000000000002,1.390457521315277,0.012035700117386501,1.390457521315277,10,121.47,0.26927809539526176,2026-02-27,target_gap,0.1884702896206807,0.26205993174754405
2026-02-23,AAL,large,12.805,16.5,12.93,227,679423000.79425,2026-02-20,1,1,0.28554868624420404,2026-02-24,12.94,12.84,0.03653585926928275,2026-02-24,2026-02-24,12.94,15.022,0.01142183931218299,15.422222222222253,2.5823718554162127,0.19946527584918894,2.5823718554162127,5,13.085,0.5,2026-03-02,stop_gap,-0.05195339489953621,-0.1341629847818866
2026-03-04,CARR,small,59.43,68.32,61.08,411,395405304.1591498,2026-03-02,0,2,0.1466270823024904,2026-03-05,60.63,60.495,0.13498312710911178,2026-03-05,2026-03-05,60.63,64.764,0.020771900047007574,3.444999999999986,2.725746136501384,0.025001065142891517,1.5165728660465359,2,60.4,0.2781940778962498,2026-03-06,stop_gap,-0.02653909335312543,-0.04024846886882605
2026-03-05,BDX,large,164.41,213.02,169.95,354,447218853.99452144,2026-03-05,1,0,0.28889813384048507,2026-03-06,168.26,167.83,0.07920181032709306,2026-03-06,2026-03-06,168.26,193.576,0.023857885629870013,6.575584415584426,2.682331211481782,0.008769679275996204,1.4763243971777098,2,167.18,0.27519427706359834,2026-03-09,stop,-0.023858129665398464,-0.03522233889605708
2026-03-09,MCHP,large,63.25,83.35,65.05,306,482781331.5958265,2026-03-03,1,4,0.30894558868736544,2026-03-10,65.06,61.68,0.09004975124378123,2026-03-10,2026-03-10,65.06,75.31,0.028792167088911635,5.662983425414358,2.343155937188898,0.022139279238433937,1.4411020582816527,3,65.77,0.267011032172157,2026-03-12,stop,-0.02879240989086984,-0.04149280115662157
2026-03-12,B,large,42.045,54.69,44.49,243,611255844.5014814,2026-03-11,1,1,0.2860859728506786,2026-03-13,44.2,44.055,0.17042309213127732,2026-03-13,2026-03-13,44.2,49.632,0.04970642506800893,2.520649651972154,1.353317068468605,0.030602724206659968,1.353317068468605,2,42.32,0.25147654418714177,2026-03-16,stop_gap,-0.050723744343891375,-0.0686453089972261
2026-02-27,NVDL,large,72.75,94.68,76.49,162,919416557.9937828,2026-02-19,1,6,0.2940860936033258,2026-03-02,74.57,75.82,0.08299133606931111,2026-03-02,2026-03-02,74.57,85.908,0.025381703676792156,6.229670329670357,2.5841534576506113,0.03463673569695301,2.5841534576506113,11,78.51,0.49248073175755397,2026-03-16,target60,0.1508933012873812,0.3899314462581014
2026-02-24,MA,small,490.0,561.58,498.28,76,1801934516.5596557,2026-02-24,0,0,0.14235710592259665,2026-02-25,502.82,491.26,0.17910030734842114,2026-02-25,2026-02-25,502.82,532.948,0.02647021821414952,2.350078003120125,2.4521201745542736,0.0022503161295801756,1.1320699912711394,15,508.5,0.2180138173605469,2026-03-17,time_h15,0.006867958106280714,0.007775009273427669
2026-03-16,B,large,42.045,54.69,43.09,255,582759904.1519815,2026-03-11,1,3,0.29089026915113864,2026-03-17,43.47,41.67,0.11269276393831536,2026-03-17,2026-03-17,43.47,49.632,0.03374796383726697,4.324210526315797,2.0201025231820906,0.04644795196504485,2.0201025231820906,2,42.815,0.37039271643987554,2026-03-18,stop_gap,-0.05477616097308469,-0.11065346099195672
2026-03-18,SMCI,small,29.685,33.855,30.36,207,705883403.7284979,2026-03-18,0,0,0.13899999999999993,2026-03-19,30.0,30.325,0.07553956834532408,2026-03-19,2026-03-19,30.0,32.187,0.011489005497251181,6.942857142857107,2.6671201957945643,0.08885955452322224,2.6671201957945643,2,30.795,0.5,2026-03-20,stop_gap,-0.2500838123333333,-0.667003586515531
2026-03-19,PDD,large,96.89,125.35,97.43,285,505798579.6987993,2026-03-19,1,0,0.29340206185567,2026-03-20,97.0,96.89,0.003865073787772293,2026-03-20,2026-03-20,97.0,113.966,0.0021323874145400268,154.2363636363644,2.333618402536799,0.024045892714799285,2.333618402536799,1,97.0,0.5,2026-03-20,stop,-0.002132636881443273,-0.004976760672464664
2026-03-19,DHR,small,185.32,212.56,190.11,251,581433672.0542175,2026-03-16,0,3,0.1437618746041799,2026-03-20,189.48,187.44,0.15271659324522743,2026-03-20,2026-03-20,189.48,201.664,0.022932380126170826,2.9288461538461554,2.333618402536799,0.012309750862019901,2.333618402536799,4,190.08,0.5,2026-03-25,stop,-0.02293262439307564,-0.053515994302145486
