symbol,entry_date,signal_date,year,liquidity_rank,entry_fraction,box_width_pct,scale,net_return,exit_reason,rank_band,same_day_liq_position,priority_bucket,rank_cap
COP,2023-01-04,2023-01-03,2023,105,0.13866077068856597,0.2846610321884554,large,0.08127746951915182,time_h15,101_200,1,rank1,300
FANG,2023-01-05,2023-01-04,2023,206,0.039026862645717,0.3011524078455314,large,0.14279313827021456,time_h15,201_300,1,rank1,300
FANG,2023-01-06,2023-01-05,2023,212,0.17764825139381638,0.28908424908424896,large,0.1051214319580136,time_h15,201_300,1,rank1,300
MRO,2023-01-06,2023-01-05,2023,280,0.11786600496277903,0.3063473964272141,large,0.2355559202534805,target_gap,201_300,2,rank2,300
SDS,2023-01-23,2023-01-20,2023,201,0.13256637168141638,0.1320432821519549,small,-0.018486503318720926,stop,201_300,1,rank1,300
HAL,2023-02-03,2023-02-02,2023,212,0.0029211295034080923,0.1340731070496085,small,-0.0013907537093071909,stop,201_300,1,rank1,300
HAL,2023-02-06,2023-02-03,2023,214,0.03407984420642728,0.13351534061362466,small,-0.005545134349102199,stop,201_300,1,rank1,300
HAL,2023-02-07,2023-02-06,2023,213,0.0847127555988319,0.1326188016528927,small,-0.012222775492419125,stop,201_300,1,rank1,300
FSLR,2023-02-10,2023-02-09,2023,235,0.06092001657687522,0.1483827327511991,small,-0.010029943827741694,stop,201_300,1,rank1,300
FSLR,2023-02-13,2023-02-10,2023,248,0.19270617488603425,0.14553679131483713,small,-0.029017306786895958,stop,201_300,1,rank1,300
GOLD,2023-02-23,2023-02-22,2023,236,0.15680166147455843,0.2985120892746436,large,0.08261182489970165,time_h15,201_300,1,rank1,300
COF,2023-02-24,2023-02-23,2023,201,0.01711026615969558,0.14670881368538477,small,-0.009172802962594373,stop_gap,201_300,1,rank1,300
GOLD,2023-02-24,2023-02-23,2023,235,0.11526479750778808,0.3022598870056498,large,0.09118698654439283,time_h15,201_300,2,rank2,300
TSM,2023-02-27,2023-02-24,2023,33,0.16545012165450174,0.13900789177001124,small,-0.02397538547524436,stop,001_100,1,rank1,300
GOLD,2023-02-27,2023-02-24,2023,243,0.11734164070612656,0.3020702634880804,large,0.14465151364092144,target60,201_300,2,rank2,300
TSM,2023-02-28,2023-02-27,2023,35,0.03892944038929473,0.14149644250631166,small,-0.006502371949209995,stop,001_100,1,rank1,300
GOLD,2023-02-28,2023-02-27,2023,248,0.12149532710280388,0.30169172932330834,large,0.14321711324788744,target60,201_300,2,rank2,300
COF,2023-02-28,2023-02-27,2023,254,0.1362484157160959,0.14418859649122795,small,-0.026193591800590665,stop_gap,201_300,3,rank3plus,300
GM,2023-03-01,2023-02-28,2023,99,0.06249999999999967,0.1365046535677353,small,-0.009522513820649059,stop,001_100,1,rank1,300
COF,2023-03-01,2023-02-28,2023,260,0.1394169835234468,0.14412275093615845,small,-0.02663829287292585,stop_gap,201_300,2,rank2,300
GM,2023-03-02,2023-03-01,2023,104,0.01041666666666661,0.13748209868506708,small,-0.002430174055011225,stop,101_200,1,rank1,300
GOLD,2023-03-02,2023-03-01,2023,248,0.16926272066459006,0.2974058060531193,large,0.1269762277601163,target60,201_300,2,rank2,300
LLY,2023-03-03,2023-03-02,2023,47,0.16094276094276125,0.14081613300881882,small,0.05002887815503687,time_h15,001_100,1,rank1,300
LLY,2023-03-08,2023-03-07,2023,66,0.029180695847362763,0.14347826086956525,small,0.0808188015493061,target60,001_100,1,rank1,300
AMZN,2023-03-10,2023-03-09,2023,9,0.18826405867970686,0.13236245954692552,small,-0.03041990331694988,stop_gap,001_100,1,rank1,300
PYPL,2023-03-14,2023-03-13,2023,52,0.11035818005808333,0.1402579769178547,small,-0.0221595923016088,stop_gap,001_100,1,rank1,300
ZM,2023-03-28,2023-03-27,2023,261,0.19806295399515694,0.3011521073355694,large,-0.0195750527827816,time_h15,201_300,1,rank1,300
BX,2023-04-05,2023-04-04,2023,163,0.12755716004813503,0.3104994395316977,large,0.14554711683889043,target60,101_200,1,rank1,300
BX,2023-04-06,2023-04-05,2023,156,0.1656638588046528,0.3068685376661744,large,0.13215137876655003,target60,101_200,1,rank1,300
SPXS,2023-04-11,2023-04-10,2023,105,0.13779527559055108,0.28733031674208137,large,-0.04055268745717622,stop,101_200,1,rank1,300
BX,2023-04-11,2023-04-10,2023,158,0.19574809466506193,0.3040614709110868,large,0.12179507270392143,target60,101_200,2,rank2,300
SPXU,2023-04-11,2023-04-10,2023,175,0.16321243523316079,0.2863501483679526,large,-0.04768869274561527,stop,101_200,3,rank3plus,300
SPXS,2023-04-12,2023-04-11,2023,114,0.09645669291338556,0.2907842014882655,large,-0.029019548611498136,stop,101_200,1,rank1,300
SPXU,2023-04-12,2023-04-11,2023,183,0.11658031088082925,0.2902255639097745,large,-0.034800269038413156,stop,101_200,2,rank2,300
SPXS,2023-04-13,2023-04-12,2023,116,0.16732283464566894,0.2849130678631519,large,-0.04862431375450771,stop,101_200,1,rank1,300
SPXS,2023-04-14,2023-04-13,2023,117,0.07874015748031471,0.2922899884925201,large,-0.02399145651570045,stop,101_200,1,rank1,300
SPXU,2023-04-14,2023-04-13,2023,184,0.09844559585492245,0.2917611489040061,large,-0.02969339215501854,stop,101_200,2,rank2,300
SPXS,2023-04-17,2023-04-14,2023,121,0.0905511811023624,0.29128440366972463,large,-0.02734928407355952,stop,101_200,1,rank1,300
SPXU,2023-04-17,2023-04-14,2023,188,0.10880829015544036,0.290881688018086,large,-0.0326182048388014,stop,101_200,2,rank2,300
SPXS,2023-04-18,2023-04-17,2023,120,0.011811023622046996,0.29812206572769945,large,-0.004517107643361329,stop,101_200,1,rank1,300
SPXU,2023-04-18,2023-04-17,2023,191,0.03367875647668413,0.2973805855161788,large,-0.011004898167249255,stop,101_200,2,rank2,300
SPXS,2023-04-19,2023-04-18,2023,124,0.09645669291338556,0.2907842014882655,large,-0.029019548611498136,stop,101_200,1,rank1,300
SE,2023-04-21,2023-04-20,2023,216,0.043478260869565105,0.13777721131786902,small,-0.00698382646555884,stop,201_300,1,rank1,300
SE,2023-04-24,2023-04-21,2023,222,0.10823311748381143,0.13655886811520973,small,-0.030277938342602284,stop_gap,201_300,1,rank1,300
SNAP,2023-04-24,2023-04-21,2023,257,0.11371237458193974,0.2984031936127745,large,-0.1385863954250417,stop_gap,201_300,2,rank2,300
SNAP,2023-04-25,2023-04-24,2023,264,0.1705685618729096,0.2934249263984299,large,-0.15295737803325993,stop_gap,201_300,1,rank1,300
UBER,2023-04-26,2023-04-25,2023,114,0.10250569476081992,0.29562289562289557,large,0.1779460438131104,target_gap,101_200,1,rank1,300
UBER,2023-04-27,2023-04-26,2023,114,0.14464692482915717,0.2919853674758895,large,0.1634518623627994,target_gap,101_200,1,rank1,300
NUE,2023-04-27,2023-04-26,2023,265,0.14511691884456698,0.3000825536598789,large,-0.04450303054306637,stop,201_300,2,rank2,300
SNAP,2023-04-27,2023-04-26,2023,272,0.15384615384615413,0.2948717948717949,large,-0.1487806392661657,stop_gap,201_300,3,rank3plus,300
UBER,2023-04-28,2023-04-27,2023,119,0.09339407744874721,0.2964213369345036,large,0.18112753211510402,target_gap,101_200,1,rank1,300
SLB,2023-04-28,2023-04-27,2023,163,0.07764705882352901,0.13300646776549135,small,-0.011316738876545274,stop,101_200,2,rank2,300
NUE,2023-05-03,2023-05-02,2023,270,0.18982118294360387,0.296110243703754,large,-0.057151317084652264,stop,201_300,1,rank1,300
UPS,2023-05-04,2023-05-03,2023,93,0.09445745511319342,0.14677742767115443,small,-0.014849865242113847,stop,001_100,1,rank1,300
NUE,2023-05-04,2023-05-03,2023,274,0.1359468133883541,0.30091059602649006,large,-0.04186644950151852,stop,201_300,2,rank2,300
UPS,2023-05-05,2023-05-04,2023,93,0.11885245901639405,0.14625374625374626,small,-0.01836474370207497,stop,001_100,1,rank1,300
BAX,2023-05-10,2023-05-09,2023,294,0.16496598639455776,0.13573407202216056,small,-0.023368625013439615,stop,201_300,1,rank1,300
XOM,2023-05-11,2023-05-10,2023,24,0.04139900071377574,0.13156164898112505,small,-0.006440577251049406,stop,001_100,1,rank1,300
INTC,2023-05-12,2023-05-11,2023,38,0.1283292978208227,0.14221763085399447,small,-0.02817616673756773,stop_gap,001_100,1,rank1,300
BAX,2023-05-12,2023-05-11,2023,276,0.18367346938775495,0.13539028321436786,small,-0.025842248113797095,stop,201_300,2,rank2,300
INTC,2023-05-15,2023-05-12,2023,40,0.09443099273607679,0.14290657439446364,small,-0.02346836962141763,stop_gap,001_100,1,rank1,300
BABA,2023-05-24,2023-05-23,2023,19,0.10722843450479246,0.304752631899227,large,-0.03364498606292299,stop,001_100,1,rank1,300
BABA,2023-05-25,2023-05-24,2023,19,0.04432907348242811,0.31070852463084736,large,-0.014759154732101543,stop,001_100,1,rank1,300
ROKU,2023-05-26,2023-05-25,2023,198,0.1622754491017965,0.3072111846946283,large,0.13333997092697225,target60,101_200,1,rank1,300
BABA,2023-05-30,2023-05-26,2023,19,0.025559105431309934,0.31253120319520705,large,-0.008979534196955297,stop,001_100,1,rank1,300
T,2023-06-05,2023-06-02,2023,117,0.16438356164383527,0.14257812500000008,small,0.017211446360153593,time_h15,101_200,1,rank1,300
CRWD,2023-06-22,2023-06-21,2023,86,0.008559919436053161,0.1393097643097644,small,-0.0021907887246052082,stop,001_100,1,rank1,300
DDOG,2023-06-22,2023-06-21,2023,192,0.057031250000000325,0.1395399542134525,small,-0.008949684102677602,stop,101_200,2,rank2,300
CRWD,2023-06-23,2023-06-22,2023,82,0.06344410876133023,0.13825269752871572,small,-0.009762052492723328,stop,001_100,1,rank1,300
TFC,2023-06-26,2023-06-23,2023,228,0.15081206496519692,0.14323695579926882,small,0.06327650398795304,target60,201_300,1,rank1,300
KWEB,2023-07-07,2023-07-06,2023,148,0.08724832214765078,0.1391483003361973,small,0.07886083107120334,target_gap,101_200,1,rank1,300
SPXS,2023-07-17,2023-07-14,2023,222,0.11827956989247254,0.13747228381374718,small,-0.017243410814917537,stop,201_300,1,rank1,300
SPXS,2023-07-18,2023-07-17,2023,233,0.048387096774193485,0.1388059701492537,small,-0.007709205098942795,stop,201_300,1,rank1,300
SHOP,2023-08-08,2023-08-07,2023,70,0.0643347907557777,0.28361381753764403,large,-0.019227498739558424,stop,001_100,1,rank1,300
ALB,2023-08-08,2023-08-07,2023,212,0.10694027360694022,0.3091124748594709,large,-0.03402303283405472,stop,201_300,2,rank2,300
RBLX,2023-08-08,2023-08-07,2023,224,0.14691943127962062,0.283221476510067,large,-0.12999795404311265,stop_gap,201_300,3,rank3plus,300
SHOP,2023-08-09,2023-08-08,2023,67,0.04309806371018098,0.2853323828194619,large,-0.013284482335556347,stop,001_100,1,rank1,300
ALB,2023-08-09,2023-08-08,2023,212,0.15015015015015015,0.3050381679389313,large,-0.046755248330033305,stop,201_300,2,rank2,300
NVDA,2023-08-10,2023-08-09,2023,3,0.015279853844875593,0.1428164804668042,small,-0.0031795340736612276,stop,001_100,1,rank1,300
TNA,2023-08-10,2023-08-09,2023,150,0.19803921568627406,0.13581890812250338,small,-0.027870086261795768,stop,101_200,2,rank2,300
ALB,2023-08-10,2023-08-09,2023,214,0.13430096763430116,0.306520071592943,large,-0.04212429709461296,stop,201_300,3,rank3plus,300
SHOP,2023-08-11,2023-08-10,2023,66,0.010618363522798354,0.2880014391077533,large,-0.004054547649722462,stop,001_100,1,rank1,300
ALB,2023-08-11,2023-08-10,2023,218,0.04721388054721409,0.31492670624704455,large,-0.015853550658601168,stop,201_300,2,rank2,300
MU,2023-08-14,2023-08-11,2023,82,0.12269272529858875,0.14332399626517273,small,-0.030226405626940567,stop_gap,001_100,1,rank1,300
PYPL,2023-08-16,2023-08-15,2023,45,0.027872582480090724,0.29576043068640645,large,-0.009234867761274024,stop,001_100,1,rank1,300
MPWR,2023-08-17,2023-08-16,2023,300,0.036865062614324005,0.1434743110931663,small,-0.006283403165682544,stop,201_300,1,rank1,300
SPXU,2023-08-31,2023-08-30,2023,229,0.11513157894736775,0.14771622934888237,small,0.07055184749704857,target60,201_300,1,rank1,300
SPXU,2023-09-01,2023-08-31,2023,230,0.049342105263157444,0.14916584887144255,small,0.08105775375315294,target60,201_300,1,rank1,300
SPXS,2023-09-05,2023-09-01,2023,213,0.14432989690721712,0.1423330887747615,small,0.06379260846465984,target60,201_300,1,rank1,300
SPXU,2023-09-05,2023-09-01,2023,228,0.16776315789473623,0.1465766634522661,small,0.06229300971500762,target60,201_300,2,rank2,300
SQ,2023-09-15,2023-09-14,2023,116,0.11889035667106983,0.14102086438152012,small,-0.017748763472213214,stop,101_200,1,rank1,300
SQ,2023-09-18,2023-09-15,2023,117,0.003963011889035817,0.14334406362431357,small,-0.0015670066879076572,stop,101_200,1,rank1,300
FSLR,2023-09-18,2023-09-15,2023,184,0.15572715572715673,0.13411967779056386,small,-0.021864700561111894,stop,101_200,2,rank2,300
MRVL,2023-09-25,2023-09-22,2023,100,0.03604806408544767,0.1438724548597772,small,-0.0061806399911837895,stop,001_100,1,rank1,300
MRVL,2023-09-26,2023-09-25,2023,117,0.02670226969292427,0.14406616657049437,small,-0.004842548912118216,stop,101_200,1,rank1,300
MRVL,2023-09-28,2023-09-27,2023,158,0.062750333778371,0.1433218522770762,small,-0.009984005318427469,stop,101_200,1,rank1,300
WFC,2023-10-05,2023-10-04,2023,101,0.0691588785046724,0.1380288957688339,small,0.07219867878238384,target60,101_200,1,rank1,300
WFC,2023-10-06,2023-10-05,2023,107,0.09345794392523361,0.13756749807148372,small,0.06861457417344297,target60,101_200,1,rank1,300
ETSY,2023-10-09,2023-10-06,2023,295,0.08647990255785629,0.13256902954949148,small,0.06700931788263786,target60,201_300,1,rank1,300
KVUE,2023-10-10,2023-10-09,2023,152,0.1948529411764711,0.13654618473895574,small,-0.027579332823548186,stop,101_200,1,rank1,300
KVUE,2023-10-11,2023-10-10,2023,164,0.16176470588235217,0.13716591023701458,small,-0.023165925862081438,stop,101_200,1,rank1,300
KVUE,2023-10-12,2023-10-11,2023,183,0.07720588235294153,0.13877551020408158,small,-0.011703077032912068,stop,101_200,1,rank1,300
TSLA,2023-10-20,2023-10-19,2023,2,0.06781391278984947,0.3159762222939035,large,-0.022405667356635295,stop,001_100,1,rank1,300
DKNG,2023-10-20,2023-10-19,2023,254,0.07692307692307707,0.1418181818181819,small,-0.011897687519876299,stop,201_300,2,rank2,300
SNOW,2023-10-23,2023-10-20,2023,133,0.09699714013346093,0.287673111202523,large,-0.02887507980549686,stop,101_200,1,rank1,300
TFC,2023-10-23,2023-10-20,2023,291,0.05681818181818172,0.2931162102146559,large,0.1580567599249969,target60,201_300,2,rank2,300
TFC,2023-10-24,2023-10-23,2023,284,0.061868686868686656,0.2926829268292684,large,0.1563449243596977,target60,201_300,1,rank1,300
KRE,2023-10-26,2023-10-25,2023,74,0.18078020932445335,0.13610463610463616,small,0.056001227565445566,target60,001_100,1,rank1,300
FCX,2023-11-01,2023-10-31,2023,206,0.16649104320337163,0.1400944788898732,small,0.05967200928617489,target60,201_300,1,rank1,300
MRO,2023-11-07,2023-11-06,2023,281,0.06377204884667557,0.14113366526235155,small,-0.009990887359843548,stop,201_300,1,rank1,300
MRVL,2023-12-05,2023-12-04,2023,152,0.09210526315789425,0.1483795392424833,small,-0.014652377052395194,stop,101_200,1,rank1,300
MRVL,2023-12-06,2023-12-05,2023,149,0.13684210526315788,0.147401086113266,small,-0.021150014597045796,stop,101_200,1,rank1,300
SE,2023-12-18,2023-12-15,2023,220,0.12795275590551158,0.14170153417015335,small,-0.019112480022192457,stop,201_300,1,rank1,300
ARKK,2024-01-04,2024-01-03,2024,54,0.14265635980323266,0.1469434118133003,small,-0.021940960539969523,stop,001_100,1,rank1,300
SHOP,2024-01-04,2024-01-03,2024,89,0.15979899497487346,0.13890827865419503,small,0.060086946614644754,target60,001_100,2,rank2,300
AAL,2024-01-04,2024-01-03,2024,164,0.04597701149425291,0.1337432744043044,small,0.07732336752453928,target_gap,101_200,3,rank3plus,300
AAL,2024-01-05,2024-01-04,2024,168,0.06896551724137988,0.13333333333333333,small,0.07402122693442559,target_gap,101_200,1,rank1,300
MCHP,2024-01-05,2024-01-04,2024,268,0.053097345132742876,0.13542665388302969,small,-0.008183108829094454,stop,201_300,2,rank2,300
DHI,2024-01-26,2024-01-25,2024,224,0.09543786051389584,0.135584784927124,small,0.03252543653519857,time_h15,201_300,1,rank1,300
DHI,2024-01-29,2024-01-26,2024,220,0.11379129522810635,0.13524822695035457,small,0.0009134794304979099,time_h15,201_300,1,rank1,300
DHI,2024-01-30,2024-01-29,2024,214,0.10854745673833215,0.13534421575585517,small,0.017647563727008153,time_h15,201_300,1,rank1,300
CCL,2024-02-06,2024-02-05,2024,153,0.03278688524590177,0.1354695431472081,small,-0.00543668521069407,stop,101_200,1,rank1,300
WDC,2024-02-21,2024-02-20,2024,216,0.08126721763085448,0.1347438752783964,small,-0.01193881529910612,stop,201_300,1,rank1,300
WDC,2024-02-22,2024-02-21,2024,230,0.1887052341597793,0.13282107574094398,small,0.053574511683053716,target60,201_300,1,rank1,300
SNOW,2024-03-01,2024-02-29,2024,52,0.1854838709677417,0.29823277214263305,large,-0.05626157955216671,stop,001_100,1,rank1,300
SNOW,2024-03-04,2024-03-01,2024,37,0.0913394109396911,0.30684813599440525,large,-0.02899881491821721,stop,001_100,1,rank1,300
ZS,2024-03-07,2024-03-06,2024,95,0.08045791680103206,0.3061506565307533,large,-0.025607124367522882,stop,001_100,1,rank1,300
ZS,2024-03-08,2024-03-07,2024,93,0.05723960012899036,0.3083424480461371,large,-0.02176027428266547,stop_gap,001_100,1,rank1,300
ZS,2024-03-12,2024-03-11,2024,95,0.09206707513705267,0.3050664043285785,large,-0.029057999283683245,stop,001_100,1,rank1,300
ZS,2024-03-13,2024-03-12,2024,96,0.04466301193163511,0.3095428229187463,large,-0.014810796837556484,stop,001_100,1,rank1,300
ZS,2024-03-14,2024-03-13,2024,97,0.06191551112544345,0.30789852554237207,large,-0.020044140666101384,stop,001_100,1,rank1,300
ZS,2024-03-15,2024-03-14,2024,98,0.01934859722670088,0.3119875245233664,large,-0.007029987697433349,stop,001_100,1,rank1,300
NXPI,2024-03-20,2024-03-19,2024,171,0.1702374059061963,0.146616860514475,small,0.061947963109879156,target60,101_200,1,rank1,300
CPNG,2024-03-27,2024-03-26,2024,267,0.16666666666666666,0.1387478849407784,small,0.05906448918800611,target60,201_300,1,rank1,300
CPNG,2024-03-28,2024-03-27,2024,270,0.09349593495934974,0.1401709401709402,small,0.06992668907711397,target60,201_300,1,rank1,300
AAL,2024-04-05,2024-04-04,2024,209,0.027322404371585087,0.13232104121475055,small,-0.00461121572257972,stop,201_300,1,rank1,300
BA,2024-04-12,2024-04-11,2024,38,0.03306451612903197,0.14401858304297335,small,-0.005756645486780343,stop,001_100,1,rank1,300
ANET,2024-04-15,2024-04-12,2024,118,0.12224938875305623,0.13370868143843082,small,-0.017328967190941458,stop,101_200,1,rank1,300
EL,2024-04-15,2024-04-12,2024,287,0.11849332984567017,0.13591439135381123,small,-0.01708835215498028,stop,201_300,2,rank2,300
DG,2024-04-17,2024-04-16,2024,274,0.1522770398481965,0.1441564658414825,small,-0.02292927939367506,stop,201_300,1,rank1,300
DG,2024-04-18,2024-04-17,2024,286,0.0820683111954455,0.14563039723661475,small,-0.012939195341879817,stop,201_300,1,rank1,300
MPC,2024-04-19,2024-04-18,2024,198,0.11819152723389081,0.14308272208638959,small,-0.01789376297996048,stop,101_200,1,rank1,300
DG,2024-04-19,2024-04-18,2024,285,0.12998102466793088,0.14462129527991208,small,-0.019778735769326983,stop,201_300,2,rank2,300
MPC,2024-04-22,2024-04-19,2024,195,0.11569953720185118,0.14313375796178346,small,-0.017543457570577625,stop,101_200,1,rank1,300
DG,2024-04-22,2024-04-19,2024,286,0.07685009487665927,0.1457411504424778,small,-0.012188526864885807,stop,201_300,2,rank2,300
ORCL,2024-05-01,2024-04-30,2024,122,0.06754966887417195,0.1325607936089895,small,0.06951199143646525,target60,101_200,1,rank1,300
DHI,2024-05-01,2024-04-30,2024,279,0.11031175059952096,0.14652143359100486,small,0.07067861009762155,target60,201_300,2,rank2,300
DHI,2024-05-02,2024-05-01,2024,285,0.18513189448441317,0.14493257333518694,small,0.059068304023992324,target60,201_300,1,rank1,300
DASH,2024-05-06,2024-05-03,2024,181,0.15841584158415833,0.30006990562740304,large,-0.014879356896176033,time_h15,101_200,1,rank1,300
F,2024-05-08,2024-05-07,2024,117,0.08206686930091174,0.13617549668874168,small,-0.012163827026883678,stop,101_200,1,rank1,300
DASH,2024-05-08,2024-05-07,2024,162,0.13075131042516,0.30258172526213767,large,-0.017196177662336165,time_h15,101_200,2,rank2,300
CCL,2024-05-08,2024-05-07,2024,243,0.11749347258485615,0.13659058487874473,small,0.06484047562524031,target60,201_300,3,rank3plus,300
DASH,2024-05-09,2024-05-08,2024,161,0.11648223645894,0.30389380530973453,large,-0.023101281217798197,time_h15,101_200,1,rank1,300
DASH,2024-05-13,2024-05-10,2024,156,0.1854979615608621,0.2976510357978677,large,-0.05615797457949523,stop,101_200,1,rank1,300
MPC,2024-05-28,2024-05-24,2024,194,0.16923373122834023,0.29189614476789927,large,-0.05034879997339747,stop,101_200,1,rank1,300
MPC,2024-05-29,2024-05-28,2024,193,0.18579129765113606,0.2904921700223713,large,-0.054916473530572496,stop,101_200,1,rank1,300
MPC,2024-05-30,2024-05-29,2024,192,0.05487100500577579,0.3019767441860465,large,-0.017552706205036905,stop,101_200,1,rank1,300
ZS,2024-05-30,2024-05-29,2024,297,0.07695729537366507,0.13833846153846147,small,-0.011635013262599192,stop,201_300,2,rank2,300
MPC,2024-05-31,2024-05-30,2024,213,0.06295725837504779,0.30124115531840856,large,-0.01994586165912504,stop,201_300,1,rank1,300
MPC,2024-06-03,2024-05-31,2024,212,0.13900654601463225,0.29449452854793895,large,-0.04189525127440241,stop,201_300,1,rank1,300
MPC,2024-06-04,2024-06-03,2024,218,0.07758952637658839,0.2999191592562651,large,-0.024246826811793354,stop,201_300,1,rank1,300
MPC,2024-06-05,2024-06-04,2024,211,0.13496341932999598,0.2948455949137148,large,-0.04075309643089431,stop,201_300,1,rank1,300
MPC,2024-06-06,2024-06-05,2024,211,0.0831728917982286,0.2994177667608232,large,-0.02587805077112104,stop,201_300,1,rank1,300
ANET,2024-06-07,2024-06-06,2024,90,0.1866632988128313,0.13338948787061986,small,0.07708948760121292,target_gap,001_100,1,rank1,300
ANET,2024-06-10,2024-06-07,2024,104,0.1310937105329629,0.1343856076035301,small,0.08513292572993891,target_gap,101_200,1,rank1,300
AMD,2024-06-20,2024-06-18,2024,6,0.11721698113207484,0.13605005615273538,small,0.06461750674478295,target60,001_100,1,rank1,300
SQ,2024-07-01,2024-06-28,2024,192,0.1892166836215669,0.3042401733209533,large,0.12385237279224848,target60,101_200,1,rank1,300
SQ,2024-07-02,2024-07-01,2024,193,0.15666327568667332,0.3072835261019069,large,0.13509440965669106,target60,101_200,1,rank1,300
SQ,2024-07-03,2024-07-02,2024,196,0.17853509664292966,0.30523210681571195,large,0.12751653982044875,target60,101_200,1,rank1,300
BBY,2024-07-03,2024-07-02,2024,268,0.06482281763180643,0.13956574185765974,small,-0.010037502358591355,stop,201_300,2,rank2,300
SQ,2024-07-05,2024-07-03,2024,197,0.16683621566632795,0.30632595824244313,large,0.13155718806224814,target60,101_200,1,rank1,300
SQ,2024-07-09,2024-07-08,2024,202,0.182095625635809,0.3049007444168735,large,0.12629249891183436,target60,201_300,1,rank1,300
SQ,2024-07-10,2024-07-09,2024,205,0.1963377416073248,0.30358245830759734,large,0.12142279694001057,target60,201_300,1,rank1,300
LULU,2024-07-11,2024-07-10,2024,136,0.06732813607370644,0.2925362819626815,large,-0.02067573676879586,stop,101_200,1,rank1,300
LULU,2024-07-12,2024-07-11,2024,140,0.10760689818095925,0.28912946962193925,large,-0.032080728871587416,stop,101_200,1,rank1,300
LULU,2024-07-15,2024-07-12,2024,141,0.06850933144342086,0.29243523316062187,large,-0.021014018034160697,stop,101_200,1,rank1,300
LULU,2024-07-16,2024-07-15,2024,147,0.011103236475312986,0.2974283305227657,large,-0.004298616571421832,stop,101_200,1,rank1,300
LULU,2024-07-17,2024-07-16,2024,146,0.07388377037562005,0.29197634115638643,large,-0.022550251662808107,stop,101_200,1,rank1,300
LULU,2024-07-18,2024-07-17,2024,144,0.11634774391684408,0.2884006131834441,large,-0.03452072294631081,stop,101_200,1,rank1,300
CEG,2024-07-19,2024-07-18,2024,128,0.16955017301038078,0.30695698353690926,large,-0.05299209131493732,stop,101_200,1,rank1,300
LULU,2024-07-19,2024-07-18,2024,151,0.03827072997873858,0.2950442601240678,large,-0.012279773544606964,stop,101_200,2,rank2,300
CEG,2024-07-24,2024-07-23,2024,127,0.1693771626297576,0.30697328588878864,large,-0.05294179613682448,stop,101_200,1,rank1,300
ALNY,2024-07-25,2024-07-24,2024,243,0.15220048899755545,0.1386499427941863,small,0.061025819985468965,target60,201_300,1,rank1,300
CCL,2024-07-26,2024-07-25,2024,141,0.1480730223123726,0.14182968929804374,small,-0.02197966034244081,stop,101_200,1,rank1,300
RCL,2024-07-26,2024-07-25,2024,275,0.12740046838407493,0.13805366957646295,small,-0.01857002310354683,stop,201_300,2,rank2,300
CCL,2024-07-29,2024-07-26,2024,152,0.13184584178498956,0.14215686274509803,small,-0.019723558059493773,stop,101_200,1,rank1,300
BKNG,2024-07-29,2024-07-26,2024,174,0.17507609813131203,0.13281304382747441,small,-0.024228648975022415,stop,101_200,2,rank2,300
DDOG,2024-07-29,2024-07-26,2024,189,0.08323494687131025,0.14203068667728694,small,-0.012809600900899332,stop,101_200,3,rank3plus,300
RCL,2024-07-29,2024-07-26,2024,256,0.13442622950819696,0.13791989664082682,small,-0.01952102114317511,stop,201_300,4,rank3plus,300
CCL,2024-07-30,2024-07-29,2024,170,0.1277890466531431,0.14223889209463358,small,-0.0191579051789742,stop,101_200,1,rank1,300
BKNG,2024-08-01,2024-07-31,2024,181,0.13703711169794597,0.1334874321557061,small,-0.019273948810113017,stop,101_200,1,rank1,300
DE,2024-08-06,2024-08-05,2024,150,0.13504238998788862,0.1425652536763647,small,0.06522104569747422,target60,101_200,1,rank1,300
DXCM,2024-08-30,2024-08-29,2024,213,0.1956521739130436,0.13799999999999996,small,-0.02797251374312837,stop,201_300,1,rank1,300
DXCM,2024-09-03,2024-08-30,2024,224,0.08281573498964777,0.1401828471919895,small,-0.012597242229269723,stop,201_300,1,rank1,300
IBIT,2024-09-06,2024-09-05,2024,69,0.12262156448202932,0.14648497986992867,small,-0.01894376441385992,stop,001_100,1,rank1,300
CDNS,2024-09-06,2024-09-05,2024,171,0.047084002140181644,0.14842167957117341,small,-0.007980802134172071,stop,101_200,2,rank2,300
ON,2024-09-06,2024-09-05,2024,199,0.15049504950495018,0.14424450157097965,small,-0.02268588641982916,stop,101_200,3,rank3plus,300
FBTC,2024-09-06,2024-09-05,2024,246,0.12499999999999975,0.14510278113663852,small,-0.019119219108704177,stop,201_300,4,rank3plus,300
MCK,2024-09-09,2024-09-06,2024,122,0.07046253719231858,0.14539376659128894,small,-0.04496298699534296,stop_gap,101_200,1,rank1,300
ANET,2024-09-09,2024-09-06,2024,170,0.14638993155221905,0.141566641660415,small,0.06315236980159589,target60,101_200,2,rank2,300
PINS,2024-09-09,2024-09-06,2024,289,0.1995012468827933,0.13588614029142657,small,-0.028081858765635737,stop,201_300,3,rank3plus,300
MCK,2024-09-10,2024-09-09,2024,144,0.022450635650527795,0.1464158415841584,small,-0.038249360468280535,stop_gap,101_200,1,rank1,300
PINS,2024-09-10,2024-09-09,2024,297,0.19451371571072268,0.13597829772804335,small,-0.02742270777124134,stop,201_300,2,rank2,300
MCK,2024-09-11,2024-09-10,2024,145,0.022585880443603136,0.1464129423179739,small,-0.03826840465828729,stop_gap,101_200,1,rank1,300
GM,2024-09-12,2024-09-11,2024,145,0.19407638347622722,0.14354441709554708,small,0.05721032971990203,target60,101_200,1,rank1,300
MCK,2024-09-12,2024-09-11,2024,150,0.08845009467135544,0.14501451321879658,small,-0.04745415987385593,stop_gap,101_200,2,rank2,300
SPXS,2024-09-16,2024-09-13,2024,224,0.11707317073170738,0.14236111111111116,small,-0.017649508579043682,stop_gap,201_300,1,rank1,300
TMF,2024-10-03,2024-10-02,2024,132,0.03102625298329331,0.1473795286669012,small,-0.005567564441486428,stop,101_200,1,rank1,300
DKNG,2024-10-15,2024-10-14,2024,265,0.18248175182481738,0.1448585778482687,small,-0.027407126465844422,stop,201_300,1,rank1,300
KLAC,2024-10-18,2024-10-17,2024,150,0.10408397743889675,0.2866767475633675,large,0.02613188936500599,time_h15,101_200,1,rank1,300
AMD,2024-10-21,2024-10-18,2024,6,0.1547729379054681,0.1385020216930878,small,-0.022414439401183706,stop,001_100,1,rank1,300
KLAC,2024-10-22,2024-10-21,2024,138,0.1175579695007311,0.2855736678051036,large,-0.007674303368218505,time_h15,101_200,1,rank1,300
MCHP,2024-10-22,2024-10-21,2024,266,0.1320754716981129,0.28773458445040223,large,-0.038964197525901856,stop,201_300,2,rank2,300
KLAC,2024-10-23,2024-10-22,2024,133,0.08690202632128674,0.28809581126624945,large,-0.0006087020283791489,time_h15,101_200,1,rank1,300
MCHP,2024-10-23,2024-10-22,2024,259,0.18751455858374122,0.28321678321678323,large,-0.05405368960855361,stop,201_300,2,rank2,300
INTC,2024-10-24,2024-10-23,2024,47,0.14617940199335583,0.13626075147125402,small,-0.02089810685422344,stop,001_100,1,rank1,300
KLAC,2024-10-25,2024-10-24,2024,134,0.11317108836431981,0.28593187689458993,large,-0.03332637890590728,stop,101_200,1,rank1,300
SQQQ,2024-10-28,2024-10-25,2024,52,0.04687499999999993,0.13763440860215054,small,-0.007444664764391873,stop,001_100,1,rank1,300
KLAC,2024-10-28,2024-10-25,2024,135,0.13578441612701064,0.2840949554896143,large,-0.03953661151620025,stop,101_200,2,rank2,300
KLAC,2024-10-29,2024-10-28,2024,133,0.1463338207645706,0.2832460578089406,large,-0.042406550341585914,stop,101_200,1,rank1,300
FANG,2024-10-30,2024-10-29,2024,214,0.06716712761754313,0.14310754268913264,small,-0.01060201551378559,stop,201_300,1,rank1,300
FANG,2024-10-31,2024-10-30,2024,224,0.12603713947056489,0.14191197084384638,small,-0.018867801871421896,stop,201_300,1,rank1,300
MU,2024-11-01,2024-10-31,2024,32,0.05156037991858827,0.14716453674121402,small,-0.008579775607403861,stop,001_100,1,rank1,300
FANG,2024-11-01,2024-10-31,2024,237,0.08850256815487985,0.14267192784667418,small,-0.01361371174615622,stop,201_300,2,rank2,300
MU,2024-11-04,2024-11-01,2024,32,0.14179104477611873,0.14523598384077244,small,0.06682110713290523,target_gap,001_100,1,rank1,300
FANG,2024-11-04,2024-11-01,2024,250,0.1197155274595022,0.1420393961501768,small,-0.019444483942438473,stop_gap,201_300,2,rank2,300
MU,2024-11-05,2024-11-04,2024,32,0.17706919945725919,0.14449563768258009,small,0.06138294444582448,target_gap,001_100,1,rank1,300
SLV,2024-11-11,2024-11-08,2024,101,0.0128865979381436,0.13872005720414726,small,-0.002785343116786021,stop,101_200,1,rank1,300
SLV,2024-11-12,2024-11-11,2024,102,0.020618556701030494,0.13857142857142854,small,-0.0038537873920181376,stop,101_200,1,rank1,300
TTD,2024-11-18,2024-11-15,2024,223,0.1509543088490456,0.14656268542849882,small,0.06474806167315617,target60,201_300,1,rank1,300
TTD,2024-11-19,2024-11-18,2024,222,0.05031810294968214,0.14875677535920162,small,0.08068767818620182,target60,201_300,1,rank1,300
KLAC,2024-11-21,2024-11-20,2024,166,0.1994924417963139,0.1443612615482638,small,0.05676048723010285,target60,101_200,1,rank1,300
INTC,2024-12-11,2024-12-10,2024,36,0.028615622583139787,0.3208436724565757,large,-0.010171465135918378,stop,001_100,1,rank1,300
DELL,2024-12-11,2024-12-10,2024,59,0.1765030336458906,0.3078098471986417,large,-0.05527456984580692,stop,001_100,2,rank2,300
INTC,2024-12-12,2024-12-11,2024,36,0.00850734725444698,0.3229270729270729,large,-0.0037440071173202583,stop,001_100,1,rank1,300
INTC,2024-12-13,2024-12-12,2024,37,0.09667440061871617,0.3139873725109276,large,-0.031323701917860824,stop,001_100,1,rank1,300
FCX,2024-12-13,2024-12-12,2024,231,0.11759935117599318,0.295470884255931,large,-0.03882410579996365,stop_gap,201_300,2,rank2,300
INTC,2024-12-16,2024-12-13,2024,36,0.030162412993039487,0.3206845238095238,large,-0.010662451512339022,stop,001_100,1,rank1,300
FCX,2024-12-16,2024-12-13,2024,226,0.0754257907542579,0.2991992234894443,large,-0.026695703349489897,stop_gap,201_300,2,rank2,300
INTC,2024-12-17,2024-12-16,2024,37,0.10595514307811273,0.3130750605326877,large,-0.034138257747639345,stop,001_100,1,rank1,300
INTC,2024-12-18,2024-12-17,2024,39,0.0796597061098222,0.315673828125,large,-0.02612085070745873,stop,001_100,1,rank1,300
CEG,2024-12-18,2024-12-17,2024,181,0.192027368734196,0.28691532946398085,large,-0.0560400279546126,stop,101_200,2,rank2,300
DELL,2024-12-19,2024-12-18,2024,59,0.07804743519029231,0.3174297470016632,large,-0.025749315659949756,stop,001_100,1,rank1,300
CEG,2024-12-19,2024-12-18,2024,189,0.11081362486985004,0.2937603775233767,large,-0.0335196161422916,stop,101_200,2,rank2,300
CEG,2024-12-20,2024-12-19,2024,188,0.005949724825226919,0.3030972453901988,large,-0.002801043011247506,stop,101_200,1,rank1,300
CEG,2024-12-23,2024-12-20,2024,193,0.08582478060389724,0.29593274055814767,large,0.15100969631391714,target60,101_200,1,rank1,300
KWEB,2024-12-23,2024-12-20,2024,198,0.014736842105262844,0.31868500503186853,large,-0.005691216786775866,stop,101_200,2,rank2,300
CEG,2024-12-24,2024-12-23,2024,201,0.11230105607615666,0.29363207547169806,large,0.1420614203729722,target60,201_300,1,rank1,300
KWEB,2024-12-24,2024-12-23,2024,204,0.057894736842104964,0.314361350099272,large,-0.019181177114949932,stop,201_300,2,rank2,300
CEG,2024-12-26,2024-12-24,2024,207,0.10650007437156028,0.294133088331802,large,0.14401007485057393,target60,201_300,1,rank1,300
KWEB,2024-12-26,2024-12-24,2024,215,0.034736842105262976,0.31666666666666665,large,-0.011988505747126177,stop,201_300,2,rank2,300
CEG,2024-12-27,2024-12-26,2024,206,0.10069909266696432,0.29463581383118587,large,0.1459653905188698,target60,201_300,1,rank1,300
KWEB,2024-12-27,2024-12-26,2024,215,0.005263157894736543,0.31965006729475104,large,-0.0026801874970991957,stop,201_300,2,rank2,300
UNH,2025-01-03,2025-01-02,2025,16,0.1970821767477892,0.3059346301965044,large,0.07272943956579048,time_h15,001_100,1,rank1,300
GDX,2025-01-03,2025-01-02,2025,159,0.13474494706448495,0.29491910303718427,large,0.05968347078234948,time_h15,101_200,2,rank2,300
FERG,2025-01-03,2025-01-02,2025,294,0.05271378367825046,0.29318832283915286,large,-0.016439118734851044,stop,201_300,3,rank3plus,300
DKNG,2025-01-03,2025-01-02,2025,297,0.0882899628252791,0.29839156960621177,large,0.15153784727159447,target60,201_300,4,rank3plus,300
GDX,2025-01-06,2025-01-03,2025,160,0.11260827718960555,0.2968571428571429,large,0.07578082387377738,time_h15,101_200,1,rank1,300
GDX,2025-01-07,2025-01-06,2025,160,0.13666987487969218,0.2947517730496454,large,0.07438606937665937,time_h15,101_200,1,rank1,300
SHOP,2025-01-08,2025-01-07,2025,129,0.12652536929993577,0.1462246431254695,small,-0.0248299028547333,stop_gap,101_200,1,rank1,300
GDX,2025-01-08,2025-01-07,2025,157,0.15303176130895124,0.2933370976849238,large,0.11153612916861722,time_h15,101_200,2,rank2,300
MCHP,2025-01-10,2025-01-08,2025,258,0.02826379542395609,0.13392213410237924,small,-0.0047808647947111815,stop,201_300,1,rank1,300
WDAY,2025-01-13,2025-01-10,2025,104,0.03267792855164792,0.1455637521667272,small,-0.005751467798168375,stop,101_200,1,rank1,300
SQQQ,2025-02-06,2025-02-05,2025,41,0.11919315403423,0.28996809641970933,large,-0.03552716729192995,stop,001_100,1,rank1,300
SQQQ,2025-02-07,2025-02-06,2025,43,0.06907090464547694,0.29424460431654675,large,-0.021302927672854244,stop,001_100,1,rank1,300
HUM,2025-02-10,2025-02-07,2025,292,0.1413125471460902,0.14581652856200036,small,-0.021584609909608532,stop,201_300,1,rank1,300
SQQQ,2025-02-11,2025-02-10,2025,45,0.14608801955990225,0.28772423496306715,large,-0.04299055185738121,stop,001_100,1,rank1,300
IBIT,2025-02-12,2025-02-11,2025,22,0.018944519621109684,0.13728404235556382,small,-0.0035976810034512585,stop,001_100,1,rank1,300
FBTC,2025-02-12,2025-02-11,2025,270,0.021201413427562626,0.13688029020556236,small,-0.0038986552672878316,stop,201_300,2,rank2,300
SQQQ,2025-02-13,2025-02-12,2025,46,0.071515892420538,0.2940330697340043,large,-0.022006520104433713,stop,001_100,1,rank1,300
FBTC,2025-02-13,2025-02-12,2025,266,0.11572438162544182,0.1351319087978991,small,-0.016621926591914638,stop,201_300,2,rank2,300
IBIT,2025-02-14,2025-02-13,2025,24,0.16914749661705006,0.13451037495449583,small,-0.023728852719617444,stop,001_100,1,rank1,300
FBTC,2025-02-14,2025-02-13,2025,269,0.17314487632508893,0.13409144752428342,small,-0.024193541703443566,stop,201_300,2,rank2,300
DELL,2025-03-03,2025-02-28,2025,109,0.16861115550583358,0.30186221536086466,large,-0.05184596528443608,stop,101_200,1,rank1,300
NEM,2025-03-04,2025-03-03,2025,256,0.11317704122877972,0.14471221338324758,small,-0.017361230475075984,stop,201_300,1,rank1,300
DE,2025-03-05,2025-03-04,2025,160,0.18805704099821718,0.14622385368926333,small,0.059176180931450384,target60,101_200,1,rank1,300
NEM,2025-03-05,2025-03-04,2025,258,0.13096200485044496,0.14434072345390903,small,-0.01988375707128942,stop,201_300,2,rank2,300
SNPS,2025-03-06,2025-03-05,2025,216,0.0800929512006199,0.2933357569698485,large,-0.024470144332982224,stop,201_300,1,rank1,300
SNPS,2025-03-07,2025-03-06,2025,215,0.10449264136328433,0.2912511844064432,large,-0.031402687412328545,stop,201_300,1,rank1,300
SNPS,2025-03-10,2025-03-07,2025,213,0.06522075910147183,0.29462105479358275,large,-0.020195703284850874,stop,201_300,1,rank1,300
SNPS,2025-03-11,2025-03-10,2025,210,0.009759876065065768,0.2995151149571956,large,-0.003919808881954312,stop,201_300,1,rank1,300
LULU,2025-03-11,2025-03-10,2025,215,0.11843531382402245,0.30399880185712147,large,-0.036967707549550144,stop,201_300,2,rank2,300
MCHP,2025-03-12,2025-03-11,2025,204,0.14794007490636685,0.30467858501331313,large,-0.0460286212922445,stop,201_300,1,rank1,300
SNPS,2025-03-12,2025-03-11,2025,206,0.09651432997676246,0.29192953892770734,large,-0.02914672279670949,stop,201_300,2,rank2,300
SNPS,2025-03-13,2025-03-12,2025,207,0.014407436096049678,0.29909876514607425,large,-0.005304439502325509,stop,201_300,1,rank1,300
MCHP,2025-03-13,2025-03-12,2025,210,0.08302122347066156,0.310826542491269,large,-0.026778907790962703,stop,201_300,2,rank2,300
MCHP,2025-03-14,2025-03-13,2025,214,0.156367041198502,0.30389832116095994,large,-0.048471685621667926,stop,201_300,1,rank1,300
SNPS,2025-03-17,2025-03-14,2025,194,0.11797056545313722,0.29011235955056186,large,-0.03687372044314907,stop_gap,101_200,1,rank1,300
GILD,2025-03-20,2025-03-19,2025,129,0.07238700564971794,0.13255324128247128,small,-0.010585042138420597,stop,101_200,1,rank1,300
GILD,2025-03-24,2025-03-21,2025,116,0.09675141242937887,0.13212652794625357,small,0.0654265290607472,target60,101_200,1,rank1,300
GILD,2025-03-25,2025-03-24,2025,115,0.06638418079096031,0.13265879707700953,small,0.06971857897170963,target60,101_200,1,rank1,300
MU,2025-03-31,2025-03-28,2025,37,0.09365781710914428,0.31505576208178426,large,-0.03773087317865198,stop_gap,001_100,1,rank1,300
ETN,2025-03-31,2025-03-28,2025,88,0.010024383635871154,0.137723880597015,small,-0.0023787173577387577,stop,001_100,2,rank2,300
MU,2025-04-01,2025-03-31,2025,37,0.18325958702064898,0.30640605581290237,large,-0.06414951489344001,stop_gap,001_100,1,rank1,300
ETN,2025-04-01,2025-03-31,2025,86,0.11324844215659724,0.1357933850851699,small,-0.04429527997489047,stop_gap,001_100,2,rank2,300
MCK,2025-04-09,2025-04-08,2025,205,0.12124151309408332,0.143548886138614,small,0.06765705637280384,target60,201_300,1,rank1,300
ADP,2025-04-09,2025-04-08,2025,298,0.059693318729463526,0.13272277947376065,small,0.07063982908967104,target60,201_300,2,rank2,300
BABA,2025-05-27,2025-05-23,2025,41,0.14750290360046425,0.1437035800717682,small,-0.022175009465975393,stop,001_100,1,rank1,300
TEAM,2025-06-20,2025-06-18,2025,254,0.09840326773115503,0.13729288809584506,small,-0.014496065757587662,stop,201_300,1,rank1,300
BABA,2025-07-10,2025-07-09,2025,75,0.09127475247524763,0.3073996575993912,large,0.15522616283640578,target60,001_100,1,rank1,300
BABA,2025-07-11,2025-07-10,2025,71,0.14603960396039603,0.3023103545037882,large,0.1361002596634524,target60,001_100,1,rank1,300
BABA,2025-07-14,2025-07-11,2025,70,0.16878094059405938,0.3002461795717404,large,0.12834296772371867,target60,001_100,1,rank1,300
OXY,2025-07-17,2025-07-16,2025,190,0.16254416961130783,0.13294186729301224,small,0.058248327392381505,target_gap,101_200,1,rank1,300
LULU,2025-07-22,2025-07-21,2025,140,0.055037313432836146,0.14501510574018125,small,-0.008972764823792723,stop,101_200,1,rank1,300
CRWD,2025-07-30,2025-07-29,2025,73,0.1378108664660222,0.13627336700772796,small,-0.01976068046795132,stop,001_100,1,rank1,300
SPOT,2025-07-30,2025-07-29,2025,79,0.15127111953260702,0.3049598715890851,large,0.1357080256019665,target60,001_100,2,rank2,300
CRWD,2025-07-31,2025-07-30,2025,76,0.17741169016315506,0.13554190999656487,small,-0.02502218488831831,stop,001_100,1,rank1,300
LUV,2025-07-31,2025-07-30,2025,283,0.15130830489192246,0.2881967213114754,large,-0.04456247286192949,stop,201_300,2,rank2,300
SPOT,2025-08-01,2025-07-31,2025,54,0.1460076846149798,0.30545016077170417,large,0.13753392274923648,target60,001_100,1,rank1,300
LUV,2025-08-04,2025-08-01,2025,287,0.09215017064846402,0.29319546364242827,large,-0.027990507748127058,stop,201_300,1,rank1,300
LUV,2025-08-05,2025-08-04,2025,293,0.07736063708759952,0.2944723618090452,large,-0.02375730057919101,stop,201_300,1,rank1,300
LUV,2025-08-06,2025-08-05,2025,294,0.08646188850966986,0.2936852656197795,large,-0.026366703050078488,stop,201_300,1,rank1,300
LUV,2025-08-07,2025-08-06,2025,296,0.08646188850966986,0.2936852656197795,large,-0.026366703050078488,stop,201_300,1,rank1,300
DDOG,2025-08-08,2025-08-07,2025,187,0.13422074320576904,0.1320008785416209,small,-0.018699047869725094,stop,101_200,1,rank1,300
XYZ,2025-08-20,2025-08-19,2025,157,0.11683168316831617,0.13726556129382977,small,-0.017020437864785798,stop,101_200,1,rank1,300
PWR,2025-08-20,2025-08-19,2025,273,0.12481857764876624,0.14659964360754277,small,-0.019279570034392846,stop,201_300,2,rank2,300
XYZ,2025-08-21,2025-08-20,2025,189,0.1306930693069301,0.13700488334237648,small,0.06323357583281108,target60,101_200,1,rank1,300
PWR,2025-08-21,2025-08-20,2025,277,0.13425253991291686,0.1463971740458421,small,-0.020634048331335975,stop,201_300,2,rank2,300
APO,2025-08-28,2025-08-27,2025,273,0.18645833333333262,0.14126995806048112,small,-0.027314133382870476,stop,201_300,1,rank1,300
ARM,2025-09-03,2025-09-02,2025,219,0.16040707535740253,0.3087916199027311,large,0.13460743627438054,target60,201_300,1,rank1,300
APO,2025-09-03,2025-09-02,2025,256,0.14218749999999955,0.14215904042647703,small,-0.021192535673522528,stop,201_300,2,rank2,300
ARM,2025-09-04,2025-09-03,2025,216,0.09946692512721078,0.3147138445113815,large,0.15636774208312798,target60,201_300,1,rank1,300
TXN,2025-09-05,2025-09-04,2025,117,0.14358174014826405,0.1370002138122728,small,-0.020650568451074824,stop,101_200,1,rank1,300
TXN,2025-09-08,2025-09-05,2025,110,0.18532969176746003,0.13622110018602177,small,-0.02622008156166411,stop,101_200,1,rank1,300
TXN,2025-09-09,2025-09-08,2025,108,0.028092079594225477,0.13920269389528567,small,-0.004906084867624894,stop,101_200,1,rank1,300
SQQQ,2025-09-11,2025-09-10,2025,48,0.05676855895196465,0.13598574821852727,small,-0.008711499357209385,stop,001_100,1,rank1,300
SQQQ,2025-09-12,2025-09-11,2025,50,0.004366812227073368,0.13696172248803823,small,-0.0015969885870459333,stop,001_100,1,rank1,300
DHR,2025-09-23,2025-09-22,2025,206,0.11594202898550755,0.13436842105263158,small,-0.016562876456508557,stop,201_300,1,rank1,300
DHR,2025-09-24,2025-09-23,2025,211,0.06267136701919288,0.13533715012722647,small,-0.009472786931385646,stop,201_300,1,rank1,300
VST,2025-10-21,2025-10-20,2025,150,0.08257575757575782,0.13687266694317715,small,-0.012290567698315935,stop,101_200,1,rank1,300
ETHA,2025-10-31,2025-10-30,2025,61,0.15188470066518825,0.3094339622641508,large,-0.04795081018667324,stop,001_100,1,rank1,300
LULU,2025-10-31,2025-10-30,2025,199,0.18641810918774956,0.289875296912114,large,-0.022652420820468477,time_h15,101_200,2,rank2,300
UAL,2025-10-31,2025-10-30,2025,213,0.04357459379615876,0.1448283238849074,small,-0.007304027951795633,stop,201_300,3,rank3plus,300
NVO,2025-10-31,2025-10-30,2025,247,0.057638888888888774,0.29538461538461536,large,-0.018008124143056525,stop_gap,201_300,4,rank3plus,300
ETHA,2025-11-03,2025-10-31,2025,62,0.04046563192904641,0.32048321193817714,large,-0.013955093868947444,stop,001_100,1,rank1,300
PM,2025-11-03,2025-10-31,2025,110,0.06100104275286699,0.1336585365853657,small,-0.00914466111891754,stop,101_200,2,rank2,300
UAL,2025-11-03,2025-10-31,2025,210,0.07902511078286513,0.14408853889539205,small,-0.01237473207633688,stop,201_300,3,rank3plus,300
FLUT,2025-11-03,2025-10-31,2025,227,0.043222003929272876,0.13165495538216146,small,-0.0066842037014858136,stop,201_300,4,rank3plus,300
NVO,2025-11-03,2025-10-31,2025,240,0.10347222222222188,0.2914389799635701,large,-0.031125198380368313,stop_gap,201_300,5,rank3plus,300
NFLX,2025-11-04,2025-11-03,2025,19,0.0781580584940881,0.14609622168078823,small,-0.012406684399172696,stop,001_100,1,rank1,300
PM,2025-11-04,2025-11-03,2025,120,0.17778936392075081,0.13160422670509112,small,0.054509667082199176,target60,101_200,2,rank2,300
LULU,2025-11-04,2025-11-03,2025,204,0.09792072108982898,0.297507313505607,large,0.03303519498173868,time_h15,201_300,3,rank3plus,300
NFLX,2025-11-06,2025-11-05,2025,18,0.044679527069071835,0.14681430320305489,small,-0.007552537568486506,stop,001_100,1,rank1,300
SPXU,2025-11-11,2025-11-10,2025,276,0.15342465753424628,0.28560250391236297,large,3.1202907935703514,target_gap,201_300,1,rank1,300
TTD,2025-11-11,2025-11-10,2025,289,0.012949640287769765,0.32116451016635855,large,-0.00515430824329044,stop,201_300,2,rank2,300
BABA,2025-11-12,2025-11-11,2025,49,0.0435555555555551,0.13976891539321656,small,-0.007081128338799703,stop,001_100,1,rank1,300
TTD,2025-11-12,2025-11-11,2025,271,0.12877697841726615,0.30964580084651366,large,-0.040834895539532456,stop,201_300,2,rank2,300
SPXU,2025-11-12,2025-11-11,2025,274,0.07945205479452035,0.2917665867306154,large,3.2092179329999277,target_gap,201_300,3,rank3plus,300
SPXU,2025-11-13,2025-11-12,2025,287,0.14520547945205467,0.28627450980392144,large,3.129985595437576,target_gap,201_300,1,rank1,300
TNA,2025-11-19,2025-11-18,2025,226,0.08105939004815393,0.3153631991900785,large,-0.026537098446473895,stop,201_300,1,rank1,300
F,2025-11-21,2025-11-20,2025,72,0.17746478873239405,0.14188649080735416,small,0.05889261604209883,target60,001_100,1,rank1,300
LLY,2025-12-10,2025-12-09,2025,28,0.13081795648581657,0.1474517766497462,small,0.06811307848613768,target60,001_100,1,rank1,300
BABA,2025-12-15,2025-12-12,2025,46,0.11872349921892426,0.2925316620968793,large,-0.03569516978030085,stop,001_100,1,rank1,300
BABA,2025-12-16,2025-12-15,2025,51,0.024324927471545986,0.3008392077878481,large,-0.008310077925118953,stop,001_100,1,rank1,300
VLO,2025-12-19,2025-12-18,2025,298,0.08394954327968708,0.1420451034908867,small,0.10911584677231989,target_gap,201_300,1,rank1,300
VST,2025-12-23,2025-12-22,2025,175,0.13224637681159374,0.13665903323636805,small,0.06285936687532945,target60,101_200,1,rank1,300
VST,2025-12-24,2025-12-23,2025,177,0.10597826086956545,0.13715137586185466,small,0.06668853907725314,target60,101_200,1,rank1,300
VST,2025-12-26,2025-12-24,2025,176,0.13677536231883985,0.136574503618482,small,0.062201941646854664,target60,101_200,1,rank1,300
ARES,2025-12-31,2025-12-30,2025,218,0.16905311778290974,0.13265931372549025,small,0.05611247684981069,target60,201_300,1,rank1,300
ARES,2026-01-02,2025-12-31,2026,215,0.1450346420323332,0.13308335382345712,small,0.0594882974052684,target60,201_300,1,rank1,300
TSLA,2026-01-05,2026-01-02,2026,2,0.1972938955317813,0.1419383653416704,small,-0.028975083695311765,stop,001_100,1,rank1,300
SNOW,2026-01-05,2026-01-02,2026,68,0.07844564110027631,0.3161260639521509,large,-0.02577342568651242,stop,001_100,2,rank2,300
LEN,2026-01-05,2026-01-02,2026,286,0.05441316039228091,0.304322711081159,large,0.164869014419333,target60,201_300,3,rank3plus,300
SNOW,2026-01-06,2026-01-05,2026,78,0.19706010769902474,0.3047006651884701,large,-0.06098383180915068,stop,001_100,1,rank1,300
LEN,2026-01-06,2026-01-05,2026,283,0.05852578298006945,0.30394230769230757,large,0.16341292815130903,target60,201_300,2,rank2,300
TZA,2026-01-07,2026-01-06,2026,151,0.03174603174603109,0.14231927710843364,small,-0.005513056724649412,stop,101_200,1,rank1,300
LEN,2026-01-07,2026-01-06,2026,300,0.14710534640936393,0.29597378277153547,large,0.13291146561550682,target60,201_300,2,rank2,300
TZA,2026-01-08,2026-01-07,2026,153,0.16931216931216864,0.139586410635155,small,-0.024609556373954566,stop,101_200,1,rank1,300
GLW,2026-01-09,2026-01-08,2026,274,0.04083368779242906,0.137759287472167,small,-0.007204472298012465,stop_gap,201_300,1,rank1,300
DASH,2026-01-15,2026-01-14,2026,171,0.1844754790516395,0.14401983254595627,small,-0.027541073001550287,stop,101_200,1,rank1,300
RCL,2026-01-15,2026-01-14,2026,234,0.13363746142492988,0.13214539007092213,small,-0.01864142396886659,stop,201_300,2,rank2,300
DASH,2026-01-16,2026-01-15,2026,174,0.10133160116921003,0.14576527955309376,small,-0.015755366174319274,stop,101_200,1,rank1,300
WFC,2026-01-23,2026-01-22,2026,101,0.12494669509594902,0.1340000000000001,small,-0.01772562290283408,stop,101_200,1,rank1,300
WFC,2026-01-26,2026-01-23,2026,97,0.09083155650319803,0.13461538461538472,small,0.06747389795343461,target60,001_100,1,rank1,300
WFC,2026-01-27,2026-01-26,2026,98,0.1803837953091691,0.13301191151446407,small,0.05475866717803912,target60,001_100,1,rank1,300
VST,2026-02-02,2026-01-30,2026,149,0.17741594417424425,0.29996828417380283,large,-0.05416546404881917,stop,101_200,1,rank1,300
VST,2026-02-03,2026-02-02,2026,153,0.14506238105307698,0.302908019472201,large,-0.04489614019533916,stop,101_200,1,rank1,300
VST,2026-02-04,2026-02-03,2026,153,0.0831042503700572,0.3087016123767871,large,-0.02662827473918883,stop,101_200,1,rank1,300
DASH,2026-02-06,2026-02-05,2026,215,0.08353851565247976,0.30440601745275453,large,-0.026403710185166407,stop,201_300,1,rank1,300
DASH,2026-02-10,2026-02-09,2026,206,0.0629616602180797,0.30632474948820176,large,-0.02026693796728396,stop,201_300,1,rank1,300
DASH,2026-02-11,2026-02-10,2026,207,0.06278578965881149,0.30634125316523897,large,-0.020214153469572005,stop,201_300,1,rank1,300
DELL,2026-02-13,2026-02-12,2026,201,0.15641293013555788,0.29068156231055686,large,0.18847058673832762,target_gap,201_300,1,rank1,300
DELL,2026-02-18,2026-02-17,2026,185,0.1379413079100252,0.29225076186329996,large,0.1948863617821044,target_gap,101_200,1,rank1,300
AAL,2026-02-24,2026-02-23,2026,227,0.03653585926928275,0.28554868624420404,large,-0.05195315788782562,stop_gap,201_300,1,rank1,300
MA,2026-02-25,2026-02-24,2026,76,0.17910030734842114,0.14235710592259665,small,0.006868209823333027,time_h15,001_100,1,rank1,300
NVDL,2026-03-02,2026-02-27,2026,162,0.08299133606931111,0.2940860936033258,large,0.15089358901077854,target60,101_200,1,rank1,300
MCHP,2026-03-09,2026-03-06,2026,298,0.015422885572139422,0.3162366268093139,large,-0.005871906714987385,stop,201_300,1,rank1,300
B,2026-03-13,2026-03-12,2026,243,0.17042309213127732,0.2860859728506786,large,-0.05072350702476813,stop_gap,201_300,1,rank1,300
B,2026-03-17,2026-03-16,2026,255,0.11269276393831536,0.29089026915113864,large,-0.054775924667065934,stop_gap,201_300,1,rank1,300
SMCI,2026-03-19,2026-03-18,2026,207,0.07553956834532408,0.13899999999999993,small,-0.2500836248542395,stop_gap,201_300,1,rank1,300
DHR,2026-03-20,2026-03-19,2026,251,0.15271659324522743,0.1437618746041799,small,-0.022932380126170826,stop,201_300,1,rank1,300
PDD,2026-03-20,2026-03-19,2026,285,0.003865073787772293,0.29340206185567,large,-0.0021323874145400268,stop,201_300,2,rank2,300
BKNG,2026-03-30,2026-03-27,2026,96,0.06587209834238505,0.1477935391877274,small,-0.0009995002498749406,,001_100,1,rank1,300
PDD,2026-03-30,2026-03-27,2026,251,0.10681658468025323,0.2847993595516861,large,-0.0009995002498750516,,201_300,2,rank2,300
IBIT,2026-03-31,2026-03-30,2026,50,0.12849162011173149,0.14198836594394493,small,-0.0009995002498749406,,001_100,1,rank1,300
CAT,2026-03-31,2026-03-30,2026,81,0.17890057465033066,0.1356323529411765,small,-0.0009995002498748295,,001_100,2,rank2,300
KWEB,2026-03-31,2026-03-30,2026,200,0.02230971128608945,0.13729729729729737,small,-0.004059501780641184,stop,101_200,3,rank3plus,300
PDD,2026-03-31,2026-03-30,2026,246,0.06043569922698522,0.28861170266707226,large,-0.0009995002498748295,,201_300,4,rank3plus,300
COP,2023-01-04,2023-01-03,2023,105,0.13866077068856597,0.2846610321884554,large,0.08127746951915182,time_h15,101_200,1,rank1,500
FANG,2023-01-05,2023-01-04,2023,206,0.039026862645717,0.3011524078455314,large,0.14279313827021456,time_h15,201_300,1,rank1,500
FANG,2023-01-06,2023-01-05,2023,212,0.17764825139381638,0.28908424908424896,large,0.1051214319580136,time_h15,201_300,1,rank1,500
MRO,2023-01-06,2023-01-05,2023,280,0.11786600496277903,0.3063473964272141,large,0.2355559202534805,target_gap,201_300,2,rank2,500
ANET,2023-01-20,2023-01-19,2023,352,0.15685131195335264,0.30655107695057643,large,0.13471242750239876,target60,301_400,1,rank1,500
SYF,2023-01-20,2023-01-19,2023,440,0.19790104947526244,0.30447352404138767,large,0.12130661692890632,target60,401_500,2,rank2,500
EQT,2023-01-31,2023-01-30,2023,365,0.17002237136465284,0.13856168629882204,small,-0.02453453992160748,stop,301_400,1,rank1,500
HAL,2023-02-03,2023-02-02,2023,212,0.0029211295034080923,0.1340731070496085,small,-0.0013907537093071909,stop,201_300,1,rank1,500
HAL,2023-02-06,2023-02-03,2023,214,0.03407984420642728,0.13351534061362466,small,-0.005545134349102199,stop,201_300,1,rank1,500
HAL,2023-02-07,2023-02-06,2023,213,0.0847127555988319,0.1326188016528927,small,-0.012222775492419125,stop,201_300,1,rank1,500
FSLR,2023-02-10,2023-02-09,2023,235,0.06092001657687522,0.1483827327511991,small,-0.010029943827741694,stop,201_300,1,rank1,500
FSLR,2023-02-13,2023-02-10,2023,248,0.19270617488603425,0.14553679131483713,small,-0.029017306786895958,stop,201_300,1,rank1,500
M,2023-02-13,2023-02-10,2023,484,0.04402515723270347,0.14402173913043478,small,-0.007333742549015088,stop,401_500,2,rank2,500
M,2023-02-14,2023-02-13,2023,485,0.11006289308176034,0.1426648721399731,small,-0.01668591455730173,stop,401_500,1,rank1,500
M,2023-02-15,2023-02-14,2023,485,0.11635220125786085,0.1425369789332138,small,-0.01756741530624184,stop,401_500,1,rank1,500
GOLD,2023-02-23,2023-02-22,2023,236,0.15680166147455843,0.2985120892746436,large,0.08261182489970165,time_h15,201_300,1,rank1,500
COF,2023-02-24,2023-02-23,2023,201,0.01711026615969558,0.14670881368538477,small,-0.009172802962594373,stop_gap,201_300,1,rank1,500
GOLD,2023-02-24,2023-02-23,2023,235,0.11526479750778808,0.3022598870056498,large,0.09118698654439283,time_h15,201_300,2,rank2,500
TSM,2023-02-27,2023-02-24,2023,33,0.16545012165450174,0.13900789177001124,small,-0.02397538547524436,stop,001_100,1,rank1,500
GOLD,2023-02-27,2023-02-24,2023,243,0.11734164070612656,0.3020702634880804,large,0.14465151364092144,target60,201_300,2,rank2,500
TSM,2023-02-28,2023-02-27,2023,35,0.03892944038929473,0.14149644250631166,small,-0.006502371949209995,stop,001_100,1,rank1,500
GOLD,2023-02-28,2023-02-27,2023,248,0.12149532710280388,0.30169172932330834,large,0.14321711324788744,target60,201_300,2,rank2,500
COF,2023-02-28,2023-02-27,2023,254,0.1362484157160959,0.14418859649122795,small,-0.026193591800590665,stop_gap,201_300,3,rank3plus,500
GM,2023-03-01,2023-02-28,2023,99,0.06249999999999967,0.1365046535677353,small,-0.009522513820649059,stop,001_100,1,rank1,500
COF,2023-03-01,2023-02-28,2023,260,0.1394169835234468,0.14412275093615845,small,-0.02663829287292585,stop_gap,201_300,2,rank2,500
SSO,2023-03-01,2023-02-28,2023,338,0.062200956937799104,0.13377426925538732,small,-0.009312071082018036,stop,301_400,3,rank3plus,500
GM,2023-03-02,2023-03-01,2023,104,0.01041666666666661,0.13748209868506708,small,-0.002430174055011225,stop,101_200,1,rank1,500
GOLD,2023-03-02,2023-03-01,2023,248,0.16926272066459006,0.2974058060531193,large,0.1269762277601163,target60,201_300,2,rank2,500
LLY,2023-03-03,2023-03-02,2023,47,0.16094276094276125,0.14081613300881882,small,0.05002887815503687,time_h15,001_100,1,rank1,500
KEY,2023-03-03,2023-03-02,2023,412,0.13545816733067714,0.13844456701599567,small,-0.019734203499463643,stop,401_500,2,rank2,500
KEY,2023-03-07,2023-03-06,2023,456,0.023904382470120413,0.14061624649859952,small,-0.004357485122984728,stop,401_500,1,rank1,500
LLY,2023-03-08,2023-03-07,2023,66,0.029180695847362763,0.14347826086956525,small,0.0808188015493061,target60,001_100,1,rank1,500
IQV,2023-03-08,2023-03-07,2023,435,0.17232970248740082,0.145036547983966,small,-0.025968623799394797,stop,401_500,2,rank2,500
IQV,2023-03-09,2023-03-08,2023,445,0.19118842464639885,0.14464092555142735,small,-0.028625531094679246,stop,401_500,1,rank1,500
PYPL,2023-03-14,2023-03-13,2023,52,0.11035818005808333,0.1402579769178547,small,-0.0221595923016088,stop_gap,001_100,1,rank1,500
EQT,2023-03-23,2023-03-22,2023,398,0.19349411104879388,0.298860207844452,large,0.12036750649147465,target60,301_400,1,rank1,500
EQT,2023-03-24,2023-03-23,2023,408,0.11946158160403825,0.3056222146040453,large,0.1457169255619022,target60,401_500,1,rank1,500
ZM,2023-03-28,2023-03-27,2023,261,0.19806295399515694,0.3011521073355694,large,-0.0195750527827816,time_h15,201_300,1,rank1,500
BX,2023-04-05,2023-04-04,2023,163,0.12755716004813503,0.3104994395316977,large,0.14554711683889043,target60,101_200,1,rank1,500
BX,2023-04-06,2023-04-05,2023,156,0.1656638588046528,0.3068685376661744,large,0.13215137876655003,target60,101_200,1,rank1,500
ROK,2023-04-06,2023-04-05,2023,495,0.0446302250803862,0.14282827540598134,small,-0.007367587056644309,stop,401_500,2,rank2,500
RCL,2023-04-10,2023-04-06,2023,354,0.12324141812042759,0.29265480895915674,large,0.07665666507984481,time_h15,301_400,1,rank1,500
SPXS,2023-04-11,2023-04-10,2023,105,0.13779527559055108,0.28733031674208137,large,-0.04055268745717622,stop,101_200,1,rank1,500
BX,2023-04-11,2023-04-10,2023,158,0.19574809466506193,0.3040614709110868,large,0.12179507270392143,target60,101_200,2,rank2,500
SPXU,2023-04-11,2023-04-10,2023,175,0.16321243523316079,0.2863501483679526,large,-0.04768869274561527,stop,101_200,3,rank3plus,500
SPXS,2023-04-12,2023-04-11,2023,114,0.09645669291338556,0.2907842014882655,large,-0.029019548611498136,stop,101_200,1,rank1,500
SPXU,2023-04-12,2023-04-11,2023,183,0.11658031088082925,0.2902255639097745,large,-0.034800269038413156,stop,101_200,2,rank2,500
SPXS,2023-04-13,2023-04-12,2023,116,0.16732283464566894,0.2849130678631519,large,-0.04862431375450771,stop,101_200,1,rank1,500
RCL,2023-04-13,2023-04-12,2023,368,0.1992121553179516,0.2862896729498952,large,0.07963514617751533,time_h15,301_400,2,rank2,500
SPXS,2023-04-14,2023-04-13,2023,117,0.07874015748031471,0.2922899884925201,large,-0.02399145651570045,stop,101_200,1,rank1,500
SPXU,2023-04-14,2023-04-13,2023,184,0.09844559585492245,0.2917611489040061,large,-0.02969339215501854,stop,101_200,2,rank2,500
RCL,2023-04-14,2023-04-13,2023,371,0.18739448508722562,0.28726155835758155,large,0.1821344419933586,target_gap,301_400,3,rank3plus,500
SPXS,2023-04-17,2023-04-14,2023,121,0.0905511811023624,0.29128440366972463,large,-0.02734928407355952,stop,101_200,1,rank1,500
SPXU,2023-04-17,2023-04-14,2023,188,0.10880829015544036,0.290881688018086,large,-0.0326182048388014,stop,101_200,2,rank2,500
WBD,2023-04-17,2023-04-14,2023,358,0.12030075187969941,0.1445652173913043,small,-0.018373421984659744,stop,301_400,3,rank3plus,500
RCL,2023-04-17,2023-04-14,2023,382,0.1851435002813731,0.287447428016823,large,0.18289933001794179,target_gap,301_400,4,rank3plus,500
SPXS,2023-04-18,2023-04-17,2023,120,0.011811023622046996,0.29812206572769945,large,-0.004517107643361329,stop,101_200,1,rank1,500
SPXU,2023-04-18,2023-04-17,2023,191,0.03367875647668413,0.2973805855161788,large,-0.011004898167249255,stop,101_200,2,rank2,500
SPXS,2023-04-19,2023-04-18,2023,124,0.09645669291338556,0.2907842014882655,large,-0.029019548611498136,stop,101_200,1,rank1,500
SE,2023-04-21,2023-04-20,2023,216,0.043478260869565105,0.13777721131786902,small,-0.00698382646555884,stop,201_300,1,rank1,500
SE,2023-04-24,2023-04-21,2023,222,0.10823311748381143,0.13655886811520973,small,-0.030277938342602284,stop_gap,201_300,1,rank1,500
SNAP,2023-04-24,2023-04-21,2023,257,0.11371237458193974,0.2984031936127745,large,-0.1385863954250417,stop_gap,201_300,2,rank2,500
SNAP,2023-04-25,2023-04-24,2023,264,0.1705685618729096,0.2934249263984299,large,-0.15295737803325993,stop_gap,201_300,1,rank1,500
UBER,2023-04-26,2023-04-25,2023,114,0.10250569476081992,0.29562289562289557,large,0.1779460438131104,target_gap,101_200,1,rank1,500
UBER,2023-04-27,2023-04-26,2023,114,0.14464692482915717,0.2919853674758895,large,0.1634518623627994,target_gap,101_200,1,rank1,500
NUE,2023-04-27,2023-04-26,2023,265,0.14511691884456698,0.3000825536598789,large,-0.04450303054306637,stop,201_300,2,rank2,500
SNAP,2023-04-27,2023-04-26,2023,272,0.15384615384615413,0.2948717948717949,large,-0.1487806392661657,stop_gap,201_300,3,rank3plus,500
UBER,2023-04-28,2023-04-27,2023,119,0.09339407744874721,0.2964213369345036,large,0.18112753211510402,target_gap,101_200,1,rank1,500
SLB,2023-04-28,2023-04-27,2023,163,0.07764705882352901,0.13300646776549135,small,-0.011316738876545274,stop,101_200,2,rank2,500
SDOW,2023-05-01,2023-04-28,2023,439,0.005633802816902288,0.1443089430894309,small,-0.0018116957781273424,stop,401_500,1,rank1,500
SDOW,2023-05-02,2023-05-01,2023,438,0.07323943661971874,0.14291465378421903,small,0.07420705911134617,target60,401_500,1,rank1,500
NUE,2023-05-03,2023-05-02,2023,270,0.18982118294360387,0.296110243703754,large,-0.057151317084652264,stop,201_300,1,rank1,500
DFS,2023-05-03,2023-05-02,2023,420,0.16910016977928705,0.3085708298407377,large,0.06672402482748585,time_h15,401_500,2,rank2,500
UPS,2023-05-04,2023-05-03,2023,93,0.09445745511319342,0.14677742767115443,small,-0.014849865242113847,stop,001_100,1,rank1,500
NUE,2023-05-04,2023-05-03,2023,274,0.1359468133883541,0.30091059602649006,large,-0.04186644950151852,stop,201_300,2,rank2,500
BKR,2023-05-04,2023-05-03,2023,461,0.1645885286783042,0.14597742992355303,small,0.04482287432912613,time_h15,401_500,3,rank3plus,500
UPS,2023-05-05,2023-05-04,2023,93,0.11885245901639405,0.14625374625374626,small,-0.01836474370207497,stop,001_100,1,rank1,500
MTCH,2023-05-05,2023-05-04,2023,466,0.19913885898816008,0.13677856301531222,small,-0.02821020290796883,stop,401_500,2,rank2,500
MTCH,2023-05-08,2023-05-05,2023,471,0.03767491926803103,0.13986750978620907,small,-0.0062637305255833775,stop,401_500,1,rank1,500
BAX,2023-05-10,2023-05-09,2023,294,0.16496598639455776,0.13573407202216056,small,-0.023368625013439615,stop,201_300,1,rank1,500
DD,2023-05-11,2023-05-10,2023,412,0.08743169398907145,0.14386792452830197,small,0.07266893282918319,target60,401_500,1,rank1,500
INTC,2023-05-12,2023-05-11,2023,38,0.1283292978208227,0.14221763085399447,small,-0.02817616673756773,stop_gap,001_100,1,rank1,500
BAX,2023-05-12,2023-05-11,2023,276,0.18367346938775495,0.13539028321436786,small,-0.025842248113797095,stop,201_300,2,rank2,500
INTC,2023-05-15,2023-05-12,2023,40,0.09443099273607679,0.14290657439446364,small,-0.02346836962141763,stop_gap,001_100,1,rank1,500
TECK,2023-05-19,2023-05-18,2023,328,0.05444355484387453,0.14639006094702292,small,-0.00896152954933671,stop,301_400,1,rank1,500
BABA,2023-05-24,2023-05-23,2023,19,0.10722843450479246,0.304752631899227,large,-0.03364498606292299,stop,001_100,1,rank1,500
SWAV,2023-05-24,2023-05-23,2023,442,0.06833541927409309,0.14748772473880456,small,0.07733612427366987,target60,401_500,2,rank2,500
BABA,2023-05-25,2023-05-24,2023,19,0.04432907348242811,0.31070852463084736,large,-0.014759154732101543,stop,001_100,1,rank1,500
ROKU,2023-05-26,2023-05-25,2023,198,0.1622754491017965,0.3072111846946283,large,0.13333997092697225,target60,101_200,1,rank1,500
BABA,2023-05-30,2023-05-26,2023,19,0.025559105431309934,0.31253120319520705,large,-0.008979534196955297,stop,001_100,1,rank1,500
T,2023-06-05,2023-06-02,2023,117,0.16438356164383527,0.14257812500000008,small,0.017211446360153593,time_h15,101_200,1,rank1,500
CRWD,2023-06-22,2023-06-21,2023,86,0.008559919436053161,0.1393097643097644,small,-0.0021907887246052082,stop,001_100,1,rank1,500
DDOG,2023-06-22,2023-06-21,2023,192,0.057031250000000325,0.1395399542134525,small,-0.008949684102677602,stop,101_200,2,rank2,500
CRWD,2023-06-23,2023-06-22,2023,82,0.06344410876133023,0.13825269752871572,small,-0.009762052492723328,stop,001_100,1,rank1,500
TFC,2023-06-26,2023-06-23,2023,228,0.15081206496519692,0.14323695579926882,small,0.06327650398795304,target60,201_300,1,rank1,500
KWEB,2023-07-07,2023-07-06,2023,148,0.08724832214765078,0.1391483003361973,small,0.07886083107120334,target_gap,101_200,1,rank1,500
SPXS,2023-07-17,2023-07-14,2023,222,0.11827956989247254,0.13747228381374718,small,-0.017243410814917537,stop,201_300,1,rank1,500
SPXU,2023-07-17,2023-07-14,2023,321,0.12056737588652476,0.1367604267701261,small,-0.017471865425192412,stop,301_400,2,rank2,500
QID,2023-07-17,2023-07-14,2023,390,0.11428571428571388,0.13955342902711323,small,-0.016932522574438225,stop,301_400,3,rank3plus,500
SPXS,2023-07-18,2023-07-17,2023,233,0.048387096774193485,0.1388059701492537,small,-0.007709205098942795,stop,201_300,1,rank1,500
SPXU,2023-07-18,2023-07-17,2023,330,0.04964539007092218,0.13809990205680706,small,-0.007848671159033538,stop,301_400,2,rank2,500
QID,2023-07-18,2023-07-17,2023,404,0.04000000000000016,0.14101531023368252,small,-0.006634474865709672,stop,401_500,3,rank3plus,500
ALGN,2023-07-21,2023-07-20,2023,382,0.18783727687837298,0.14475858546405074,small,0.21210940063724126,target_gap,301_400,1,rank1,500
SHOP,2023-08-08,2023-08-07,2023,70,0.0643347907557777,0.28361381753764403,large,-0.019227498739558424,stop,001_100,1,rank1,500
ALB,2023-08-08,2023-08-07,2023,212,0.10694027360694022,0.3091124748594709,large,-0.03402303283405472,stop,201_300,2,rank2,500
SHOP,2023-08-09,2023-08-08,2023,67,0.04309806371018098,0.2853323828194619,large,-0.013284482335556347,stop,001_100,1,rank1,500
ALB,2023-08-09,2023-08-08,2023,212,0.15015015015015015,0.3050381679389313,large,-0.046755248330033305,stop,201_300,2,rank2,500
MGM,2023-08-09,2023-08-08,2023,370,0.15892053973013523,0.14582422387407087,small,-0.024150801730748128,stop,301_400,3,rank3plus,500
NVDA,2023-08-10,2023-08-09,2023,3,0.015279853844875593,0.1428164804668042,small,-0.0031795340736612276,stop,001_100,1,rank1,500
TNA,2023-08-10,2023-08-09,2023,150,0.19803921568627406,0.13581890812250338,small,-0.027870086261795768,stop,101_200,2,rank2,500
ALB,2023-08-10,2023-08-09,2023,214,0.13430096763430116,0.306520071592943,large,-0.04212429709461296,stop,201_300,3,rank3plus,500
SHOP,2023-08-11,2023-08-10,2023,66,0.010618363522798354,0.2880014391077533,large,-0.004054547649722462,stop,001_100,1,rank1,500
ALB,2023-08-11,2023-08-10,2023,218,0.04721388054721409,0.31492670624704455,large,-0.015853550658601168,stop,201_300,2,rank2,500
MU,2023-08-14,2023-08-11,2023,82,0.12269272529858875,0.14332399626517273,small,-0.030226405626940567,stop_gap,001_100,1,rank1,500
MGM,2023-08-14,2023-08-11,2023,389,0.1109445277361322,0.14685160722148835,small,-0.017275598220264587,stop,301_400,2,rank2,500
PYPL,2023-08-16,2023-08-15,2023,45,0.027872582480090724,0.29576043068640645,large,-0.009234867761274024,stop,001_100,1,rank1,500
MPWR,2023-08-17,2023-08-16,2023,300,0.036865062614324005,0.1434743110931663,small,-0.006283403165682544,stop,201_300,1,rank1,500
ZM,2023-08-21,2023-08-18,2023,466,0.12622415669205625,0.13815393866506312,small,-0.01842043500198176,stop,401_500,1,rank1,500
SPXU,2023-08-31,2023-08-30,2023,229,0.11513157894736775,0.14771622934888237,small,0.07055184749704857,target60,201_300,1,rank1,500
SPXU,2023-09-01,2023-08-31,2023,230,0.049342105263157444,0.14916584887144255,small,0.08105775375315294,target60,201_300,1,rank1,500
SPXS,2023-09-05,2023-09-01,2023,213,0.14432989690721712,0.1423330887747615,small,0.06379260846465984,target60,201_300,1,rank1,500
SPXU,2023-09-05,2023-09-01,2023,228,0.16776315789473623,0.1465766634522661,small,0.06229300971500762,target60,201_300,2,rank2,500
WBD,2023-09-05,2023-09-01,2023,416,0.04819277108433739,0.28620689655172415,large,-0.014778817487807738,stop,401_500,3,rank3plus,500
WBD,2023-09-06,2023-09-05,2023,370,0.027108433734939714,0.2879444926279272,large,-0.008797422624334028,stop,301_400,1,rank1,500
SQ,2023-09-15,2023-09-14,2023,116,0.11889035667106983,0.14102086438152012,small,-0.017748763472213214,stop,101_200,1,rank1,500
SQ,2023-09-18,2023-09-15,2023,117,0.003963011889035817,0.14334406362431357,small,-0.0015670066879076572,stop,101_200,1,rank1,500
FSLR,2023-09-18,2023-09-15,2023,184,0.15572715572715673,0.13411967779056386,small,-0.021864700561111894,stop,101_200,2,rank2,500
ELF,2023-09-22,2023-09-21,2023,495,0.04299502778590228,0.31914496406235415,large,-0.014707432058263747,stop,401_500,1,rank1,500
MRVL,2023-09-25,2023-09-22,2023,100,0.03604806408544767,0.1438724548597772,small,-0.0061806399911837895,stop,001_100,1,rank1,500
MRVL,2023-09-26,2023-09-25,2023,117,0.02670226969292427,0.14406616657049437,small,-0.004842548912118216,stop,101_200,1,rank1,500
TEAM,2023-09-27,2023-09-26,2023,397,0.13784556720686297,0.13593717603151564,small,-0.019719108411790143,stop,301_400,1,rank1,500
MRVL,2023-09-28,2023-09-27,2023,158,0.062750333778371,0.1433218522770762,small,-0.009984005318427469,stop,101_200,1,rank1,500
OKTA,2023-10-03,2023-10-02,2023,357,0.03281519861830704,0.14562374245472837,small,-0.005773395998177944,stop,301_400,1,rank1,500
WFC,2023-10-05,2023-10-04,2023,101,0.0691588785046724,0.1380288957688339,small,0.07219867878238384,target60,101_200,1,rank1,500
WFC,2023-10-06,2023-10-05,2023,107,0.09345794392523361,0.13756749807148372,small,0.06861457417344297,target60,101_200,1,rank1,500
ETSY,2023-10-09,2023-10-06,2023,295,0.08647990255785629,0.13256902954949148,small,0.06700931788263786,target60,201_300,1,rank1,500
KVUE,2023-10-10,2023-10-09,2023,152,0.1948529411764711,0.13654618473895574,small,-0.027579332823548186,stop,101_200,1,rank1,500
KVUE,2023-10-11,2023-10-10,2023,164,0.16176470588235217,0.13716591023701458,small,-0.023165925862081438,stop,101_200,1,rank1,500
KEY,2023-10-11,2023-10-10,2023,498,0.1818181818181815,0.2927756653992394,large,-0.05417823407687772,stop,401_500,2,rank2,500
KVUE,2023-10-12,2023-10-11,2023,183,0.07720588235294153,0.13877551020408158,small,-0.011703077032912068,stop,101_200,1,rank1,500
TSLA,2023-10-20,2023-10-19,2023,2,0.06781391278984947,0.3159762222939035,large,-0.022405667356635295,stop,001_100,1,rank1,500
DKNG,2023-10-20,2023-10-19,2023,254,0.07692307692307707,0.1418181818181819,small,-0.011897687519876299,stop,201_300,2,rank2,500
UDOW,2023-10-20,2023-10-19,2023,452,0.13354838709677422,0.2948449686132775,large,-0.040336213859971215,stop,401_500,3,rank3plus,500
SNOW,2023-10-23,2023-10-20,2023,133,0.09699714013346093,0.287673111202523,large,-0.02887507980549686,stop,101_200,1,rank1,500
TFC,2023-10-23,2023-10-20,2023,291,0.05681818181818172,0.2931162102146559,large,0.1580567599249969,target60,201_300,2,rank2,500
UDOW,2023-10-23,2023-10-20,2023,433,0.026451612903225587,0.30445884894912595,large,-0.009044878464322892,stop,401_500,3,rank3plus,500
TFC,2023-10-24,2023-10-23,2023,284,0.061868686868686656,0.2926829268292684,large,0.1563449243596977,target60,201_300,1,rank1,500
ROK,2023-10-24,2023-10-23,2023,436,0.11485774499473023,0.14084298011279306,small,-0.01716023852128512,stop,401_500,2,rank2,500
KRE,2023-10-26,2023-10-25,2023,74,0.18078020932445335,0.13610463610463616,small,0.056001227565445566,target60,001_100,1,rank1,500
SVXY,2023-10-26,2023-10-25,2023,311,0.1672629695885513,0.13915857605178,small,0.059159379732588446,target60,301_400,2,rank2,500
FCX,2023-11-01,2023-10-31,2023,206,0.16649104320337163,0.1400944788898732,small,0.05967200928617489,target60,201_300,1,rank1,500
MRO,2023-11-07,2023-11-06,2023,281,0.06377204884667557,0.14113366526235155,small,-0.009990887359843548,stop,201_300,1,rank1,500
MRVL,2023-12-05,2023-12-04,2023,152,0.09210526315789425,0.1483795392424833,small,-0.014652377052395194,stop,101_200,1,rank1,500
MRVL,2023-12-06,2023-12-05,2023,149,0.13684210526315788,0.147401086113266,small,-0.021150014597045796,stop,101_200,1,rank1,500
SU,2023-12-08,2023-12-07,2023,423,0.13003452243958605,0.14306881791241352,small,-0.019584791074992558,stop,401_500,1,rank1,500
SU,2023-12-12,2023-12-11,2023,447,0.014959723820483613,0.14546367592902573,small,-0.003173421658772102,stop,401_500,1,rank1,500
SE,2023-12-18,2023-12-15,2023,220,0.12795275590551158,0.14170153417015335,small,-0.019112480022192457,stop,201_300,1,rank1,500
ARKK,2024-01-04,2024-01-03,2024,54,0.14265635980323266,0.1469434118133003,small,-0.021940960539969523,stop,001_100,1,rank1,500
SHOP,2024-01-04,2024-01-03,2024,89,0.15979899497487346,0.13890827865419503,small,0.060086946614644754,target60,001_100,2,rank2,500
AAL,2024-01-04,2024-01-03,2024,164,0.04597701149425291,0.1337432744043044,small,0.07732336752453928,target_gap,101_200,3,rank3plus,500
LUV,2024-01-04,2024-01-03,2024,328,0.1475409836065581,0.13372305443916696,small,0.0594442274660989,target60,301_400,4,rank3plus,500
NET,2024-01-04,2024-01-03,2024,390,0.01711711711711692,0.1460526315789473,small,-0.003497001499250252,stop,301_400,5,rank3plus,500
AAL,2024-01-05,2024-01-04,2024,168,0.06896551724137988,0.13333333333333333,small,0.07402122693442559,target_gap,101_200,1,rank1,500
MCHP,2024-01-05,2024-01-04,2024,268,0.053097345132742876,0.13542665388302969,small,-0.008183108829094454,stop,201_300,2,rank2,500
NET,2024-01-05,2024-01-04,2024,399,0.04414414414414371,0.14547837483617293,small,0.08083212653175376,target_gap,301_400,3,rank3plus,500
OKTA,2024-01-17,2024-01-16,2024,447,0.04919499105545595,0.13689237173992888,small,-0.007727188199704416,stop,401_500,1,rank1,500
OKTA,2024-01-18,2024-01-17,2024,473,0.11985688729874688,0.1355808877031287,small,-0.017233561245086793,stop,401_500,1,rank1,500
EXR,2024-01-19,2024-01-18,2024,486,0.11538461538461554,0.1379591836734694,small,-0.01690195718467291,stop,401_500,1,rank1,500
OKTA,2024-01-19,2024-01-18,2024,495,0.06529516994633186,0.13659132559560164,small,-0.009909339771165038,stop,401_500,2,rank2,500
EXR,2024-01-22,2024-01-19,2024,490,0.13313609467455706,0.13762214983713356,small,-0.019303662500997132,stop,401_500,1,rank1,500
DHI,2024-01-26,2024-01-25,2024,224,0.09543786051389584,0.135584784927124,small,0.03252543653519857,time_h15,201_300,1,rank1,500
DHI,2024-01-29,2024-01-26,2024,220,0.11379129522810635,0.13524822695035457,small,0.0009134794304979099,time_h15,201_300,1,rank1,500
DHI,2024-01-30,2024-01-29,2024,214,0.10854745673833215,0.13534421575585517,small,0.017647563727008153,time_h15,201_300,1,rank1,500
CCL,2024-02-06,2024-02-05,2024,153,0.03278688524590177,0.1354695431472081,small,-0.00543668521069407,stop,101_200,1,rank1,500
WBD,2024-02-08,2024-02-07,2024,473,0.0873786407766989,0.3130699088145897,large,-0.028327781398054697,stop,401_500,1,rank1,500
WBD,2024-02-09,2024-02-08,2024,467,0.07443365695792895,0.31434384537131227,large,-0.024373876134160644,stop,401_500,1,rank1,500
WBD,2024-02-13,2024-02-12,2024,468,0.02588996763754048,0.31921487603305787,large,-0.009255702727148707,stop,401_500,1,rank1,500
WBD,2024-02-14,2024-02-13,2024,463,0.09160305343511399,0.13533057851239658,small,-0.013383803965785646,stop,401_500,1,rank1,500
WBD,2024-02-15,2024-02-14,2024,463,0.04207119741100349,0.3175745118191161,large,-0.01434688616637203,stop,401_500,1,rank1,500
WBD,2024-02-16,2024-02-15,2024,455,0.13592233009708737,0.3083832335329341,large,-0.042873772694490886,stop,401_500,1,rank1,500
WBD,2024-02-20,2024-02-16,2024,443,0.05825242718446593,0.3159509202453988,large,-0.019386012515214657,stop,401_500,1,rank1,500
WDC,2024-02-21,2024-02-20,2024,216,0.08126721763085448,0.1347438752783964,small,-0.01193881529910612,stop,201_300,1,rank1,500
WDC,2024-02-22,2024-02-21,2024,230,0.1887052341597793,0.13282107574094398,small,0.053574511683053716,target60,201_300,1,rank1,500
SNOW,2024-03-01,2024-02-29,2024,52,0.1854838709677417,0.29823277214263305,large,-0.05626157955216671,stop,001_100,1,rank1,500
SNOW,2024-03-04,2024-03-01,2024,37,0.0913394109396911,0.30684813599440525,large,-0.02899881491821721,stop,001_100,1,rank1,500
ESTC,2024-03-05,2024-03-04,2024,495,0.12123947051744886,0.31111943092474736,large,-0.03868175421836051,stop,401_500,1,rank1,500
WBA,2024-03-06,2024-03-05,2024,438,0.10558069381598784,0.3139204545454545,large,-0.03978645147123394,stop_gap,401_500,1,rank1,500
ZS,2024-03-07,2024-03-06,2024,95,0.08045791680103206,0.3061506565307533,large,-0.025607124367522882,stop,001_100,1,rank1,500
WBA,2024-03-07,2024-03-06,2024,450,0.09502262443438901,0.3149643705463182,large,-0.03659334228372735,stop_gap,401_500,2,rank2,500
ESTC,2024-03-07,2024-03-06,2024,475,0.18140794223826714,0.3054024255788314,large,-0.056346551090496466,stop,401_500,3,rank3plus,500
ZS,2024-03-08,2024-03-07,2024,93,0.05723960012899036,0.3083424480461371,large,-0.02176027428266547,stop_gap,001_100,1,rank1,500
WBA,2024-03-08,2024-03-07,2024,462,0.08898944193061839,0.31556401713469767,large,-0.03475915540563834,stop_gap,401_500,2,rank2,500
ESTC,2024-03-08,2024-03-07,2024,463,0.1353790613718411,0.30975677942409846,large,-0.04289216867663437,stop,401_500,3,rank3plus,500
VXX,2024-03-08,2024-03-07,2024,488,0.13084112149532723,0.30769230769230765,large,-0.04121806817655149,stop,401_500,4,rank3plus,500
ESTC,2024-03-11,2024-03-08,2024,439,0.06889290012033669,0.31627021883920087,large,-0.022766494963745276,stop,401_500,1,rank1,500
WBA,2024-03-11,2024-03-08,2024,466,0.11010558069381553,0.3134751773049645,large,-0.04114845650460808,stop_gap,401_500,2,rank2,500
ZS,2024-03-12,2024-03-11,2024,95,0.09206707513705267,0.3050664043285785,large,-0.029057999283683245,stop,001_100,1,rank1,500
ESTC,2024-03-12,2024-03-11,2024,441,0.04843561973525869,0.31832982187320447,large,-0.016402591655713783,stop,401_500,2,rank2,500
WBA,2024-03-12,2024-03-11,2024,469,0.19457013574660623,0.3053892215568862,large,-0.06588161469702725,stop_gap,401_500,3,rank3plus,500
ZS,2024-03-13,2024-03-12,2024,96,0.04466301193163511,0.3095428229187463,large,-0.014810796837556484,stop,001_100,1,rank1,500
ESTC,2024-03-13,2024-03-12,2024,433,0.07370637785800248,0.3157894736842106,large,-0.024251934454585178,stop,401_500,2,rank2,500
VXX,2024-03-13,2024-03-12,2024,450,0.05140186915887866,0.31540162122328663,large,-0.017195528985691322,stop,401_500,3,rank3plus,500
WBA,2024-03-13,2024-03-12,2024,469,0.08144796380090485,0.3163167938931297,large,-0.03245657705498384,stop_gap,401_500,4,rank3plus,500
ZS,2024-03-14,2024-03-13,2024,97,0.06191551112544345,0.30789852554237207,large,-0.020044140666101384,stop,001_100,1,rank1,500
VXX,2024-03-14,2024-03-13,2024,445,0.02803738317757033,0.31774313288789896,large,-0.00989928198484269,stop,401_500,2,rank2,500
WBA,2024-03-14,2024-03-13,2024,469,0.08446455505279017,0.3160152526215443,large,-0.033378925408601545,stop_gap,401_500,3,rank3plus,500
ZS,2024-03-15,2024-03-14,2024,98,0.01934859722670088,0.3119875245233664,large,-0.007029987697433349,stop,001_100,1,rank1,500
WBA,2024-03-15,2024-03-14,2024,482,0.02714932126696829,0.3218446601941747,large,-0.015548051217109782,stop_gap,401_500,2,rank2,500
VXX,2024-03-15,2024-03-14,2024,489,0.18691588785046748,0.3024734982332155,large,-0.05748009387532371,stop,401_500,3,rank3plus,500
VXX,2024-03-18,2024-03-15,2024,474,0.14485981308411242,0.3063707945597709,large,-0.0453359576475183,stop,401_500,1,rank1,500
VXX,2024-03-19,2024-03-18,2024,457,0.12616822429906566,0.3081353491720662,large,-0.03983753263756895,stop,401_500,1,rank1,500
NXPI,2024-03-20,2024-03-19,2024,171,0.1702374059061963,0.146616860514475,small,0.061947963109879156,target60,101_200,1,rank1,500
X,2024-03-20,2024-03-19,2024,359,0.0744021257750224,0.28402515723270455,large,0.07087827155604587,time_h15,301_400,2,rank2,500
X,2024-03-21,2024-03-20,2024,347,0.07263064658990255,0.284168134910647,large,0.062113795858175,time_h15,301_400,1,rank1,500
X,2024-03-25,2024-03-22,2024,343,0.059344552701505876,0.28524507326932813,large,0.03080294112670834,time_h15,301_400,1,rank1,500
CPNG,2024-03-27,2024-03-26,2024,267,0.16666666666666666,0.1387478849407784,small,0.05906448918800611,target60,201_300,1,rank1,500
CPNG,2024-03-28,2024-03-27,2024,270,0.09349593495934974,0.1401709401709402,small,0.06992668907711397,target60,201_300,1,rank1,500
BA,2024-04-12,2024-04-11,2024,38,0.03306451612903197,0.14401858304297335,small,-0.005756645486780343,stop,001_100,1,rank1,500
ANET,2024-04-15,2024-04-12,2024,118,0.12224938875305623,0.13370868143843082,small,-0.017328967190941458,stop,101_200,1,rank1,500
EL,2024-04-15,2024-04-12,2024,287,0.11849332984567017,0.13591439135381123,small,-0.01708835215498028,stop,201_300,2,rank2,500
DG,2024-04-17,2024-04-16,2024,274,0.1522770398481965,0.1441564658414825,small,-0.02292927939367506,stop,201_300,1,rank1,500
WSM,2024-04-17,2024-04-16,2024,347,0.1688532555879493,0.1441327870574639,small,-0.025977136444909066,stop_gap,301_400,2,rank2,500
DG,2024-04-18,2024-04-17,2024,286,0.0820683111954455,0.14563039723661475,small,-0.012939195341879817,stop,201_300,1,rank1,500
MPC,2024-04-19,2024-04-18,2024,198,0.11819152723389081,0.14308272208638959,small,-0.01789376297996048,stop,101_200,1,rank1,500
DG,2024-04-19,2024-04-18,2024,285,0.12998102466793088,0.14462129527991208,small,-0.019778735769326983,stop,201_300,2,rank2,500
MPWR,2024-04-19,2024-04-18,2024,477,0.1338998747071958,0.29648233089992887,large,-0.04065876810286617,stop,401_500,3,rank3plus,500
MPC,2024-04-22,2024-04-19,2024,195,0.11569953720185118,0.14313375796178346,small,-0.017543457570577625,stop,101_200,1,rank1,500
DG,2024-04-22,2024-04-19,2024,286,0.07685009487665927,0.1457411504424778,small,-0.012188526864885807,stop,201_300,2,rank2,500
MPWR,2024-04-23,2024-04-22,2024,480,0.0493544696845887,0.3041050957524351,large,0.16628724104583448,target60,401_500,1,rank1,500
KVUE,2024-04-24,2024-04-23,2024,337,0.1522935779816512,0.1414115204981836,small,-0.022514041370596316,stop,301_400,1,rank1,500
KVUE,2024-04-25,2024-04-24,2024,334,0.1339449541284399,0.14177939646201862,small,-0.019971153861154445,stop,301_400,1,rank1,500
ORCL,2024-05-01,2024-04-30,2024,122,0.06754966887417195,0.1325607936089895,small,0.06951199143646525,target60,101_200,1,rank1,500
DHI,2024-05-01,2024-04-30,2024,279,0.11031175059952096,0.14652143359100486,small,0.07067861009762155,target60,201_300,2,rank2,500
DHI,2024-05-02,2024-05-01,2024,285,0.18513189448441317,0.14493257333518694,small,0.059068304023992324,target60,201_300,1,rank1,500
DASH,2024-05-06,2024-05-03,2024,181,0.15841584158415833,0.30006990562740304,large,-0.014879356896176033,time_h15,101_200,1,rank1,500
F,2024-05-08,2024-05-07,2024,117,0.08206686930091174,0.13617549668874168,small,-0.012163827026883678,stop,101_200,1,rank1,500
DASH,2024-05-08,2024-05-07,2024,162,0.13075131042516,0.30258172526213767,large,-0.017196177662336165,time_h15,101_200,2,rank2,500
CCL,2024-05-08,2024-05-07,2024,243,0.11749347258485615,0.13659058487874473,small,0.06484047562524031,target60,201_300,3,rank3plus,500
DASH,2024-05-09,2024-05-08,2024,161,0.11648223645894,0.30389380530973453,large,-0.023101281217798197,time_h15,101_200,1,rank1,500
QID,2024-05-10,2024-05-09,2024,324,0.0060975609756096305,0.1446527012127893,small,-0.0018806473279346925,stop,301_400,1,rank1,500
DASH,2024-05-13,2024-05-10,2024,156,0.1854979615608621,0.2976510357978677,large,-0.05615797457949523,stop,101_200,1,rank1,500
MPC,2024-05-28,2024-05-24,2024,194,0.16923373122834023,0.29189614476789927,large,-0.05034879997339747,stop,101_200,1,rank1,500
MPC,2024-05-29,2024-05-28,2024,193,0.18579129765113606,0.2904921700223713,large,-0.054916473530572496,stop,101_200,1,rank1,500
TOL,2024-05-29,2024-05-28,2024,491,0.03665521191294389,0.14727962884858717,small,-0.006392670387707855,stop,401_500,2,rank2,500
MPC,2024-05-30,2024-05-29,2024,192,0.05487100500577579,0.3019767441860465,large,-0.017552706205036905,stop,101_200,1,rank1,500
ZS,2024-05-30,2024-05-29,2024,297,0.07695729537366507,0.13833846153846147,small,-0.011635013262599192,stop,201_300,2,rank2,500
TOL,2024-05-30,2024-05-29,2024,477,0.09908361970217659,0.14593781344032103,small,-0.015445094236566037,stop,401_500,3,rank3plus,500
MPC,2024-05-31,2024-05-30,2024,213,0.06295725837504779,0.30124115531840856,large,-0.01994586165912504,stop,201_300,1,rank1,500
MPC,2024-06-03,2024-05-31,2024,212,0.13900654601463225,0.29449452854793895,large,-0.04189525127440241,stop,201_300,1,rank1,500
MPC,2024-06-04,2024-06-03,2024,218,0.07758952637658839,0.2999191592562651,large,-0.024246826811793354,stop,201_300,1,rank1,500
MPC,2024-06-05,2024-06-04,2024,211,0.13496341932999598,0.2948455949137148,large,-0.04075309643089431,stop,201_300,1,rank1,500
MPC,2024-06-06,2024-06-05,2024,211,0.0831728917982286,0.2994177667608232,large,-0.02587805077112104,stop,201_300,1,rank1,500
ANET,2024-06-07,2024-06-06,2024,90,0.1866632988128313,0.13338948787061986,small,0.07708948760121292,target_gap,001_100,1,rank1,500
ANET,2024-06-10,2024-06-07,2024,104,0.1310937105329629,0.1343856076035301,small,0.08513292572993891,target_gap,101_200,1,rank1,500
WBD,2024-06-13,2024-06-12,2024,375,0.14678899082568753,0.14028314028314015,small,-0.02157093911216834,stop,301_400,1,rank1,500
AMD,2024-06-20,2024-06-18,2024,6,0.11721698113207484,0.13605005615273538,small,0.06461750674478295,target60,001_100,1,rank1,500
XME,2024-06-26,2024-06-25,2024,463,0.051767676767676324,0.13747613261586533,small,0.07429402812913999,target60,401_500,1,rank1,500
EL,2024-06-28,2024-06-27,2024,340,0.005006257822277739,0.1452727272727273,small,-0.0017260460678749645,stop,301_400,1,rank1,500
SQ,2024-07-01,2024-06-28,2024,192,0.1892166836215669,0.3042401733209533,large,0.12385237279224848,target60,101_200,1,rank1,500
SQ,2024-07-02,2024-07-01,2024,193,0.15666327568667332,0.3072835261019069,large,0.13509440965669106,target60,101_200,1,rank1,500
SQ,2024-07-03,2024-07-02,2024,196,0.17853509664292966,0.30523210681571195,large,0.12751653982044875,target60,101_200,1,rank1,500
BBY,2024-07-03,2024-07-02,2024,268,0.06482281763180643,0.13956574185765974,small,-0.010037502358591355,stop,201_300,2,rank2,500
SQ,2024-07-05,2024-07-03,2024,197,0.16683621566632795,0.30632595824244313,large,0.13155718806224814,target60,101_200,1,rank1,500
BBY,2024-07-05,2024-07-03,2024,306,0.012964563526360549,0.1405832320777642,small,-0.002820278803489895,stop,301_400,2,rank2,500
BBY,2024-07-08,2024-07-05,2024,316,0.07519446845289462,0.13936400867260892,small,0.0720663999486646,target60,301_400,1,rank1,500
ANF,2024-07-08,2024-07-05,2024,373,0.15945561649400813,0.14202873463735508,small,-0.023624143729877534,stop,301_400,2,rank2,500
SQ,2024-07-09,2024-07-08,2024,202,0.182095625635809,0.3049007444168735,large,0.12629249891183436,target60,201_300,1,rank1,500
SQ,2024-07-10,2024-07-09,2024,205,0.1963377416073248,0.30358245830759734,large,0.12142279694001057,target60,201_300,1,rank1,500
LULU,2024-07-11,2024-07-10,2024,136,0.06732813607370644,0.2925362819626815,large,-0.02067573676879586,stop,101_200,1,rank1,500
LULU,2024-07-12,2024-07-11,2024,140,0.10760689818095925,0.28912946962193925,large,-0.032080728871587416,stop,101_200,1,rank1,500
CSGP,2024-07-12,2024-07-11,2024,432,0.1999130812690132,0.3049297641134377,large,0.021638862519442803,time_h15,401_500,2,rank2,500
LULU,2024-07-15,2024-07-12,2024,141,0.06850933144342086,0.29243523316062187,large,-0.021014018034160697,stop,101_200,1,rank1,500
LULU,2024-07-16,2024-07-15,2024,147,0.011103236475312986,0.2974283305227657,large,-0.004298616571421832,stop,101_200,1,rank1,500
LULU,2024-07-17,2024-07-16,2024,146,0.07388377037562005,0.29197634115638643,large,-0.022550251662808107,stop,101_200,1,rank1,500
LULU,2024-07-18,2024-07-17,2024,144,0.11634774391684408,0.2884006131834441,large,-0.03452072294631081,stop,101_200,1,rank1,500
CEG,2024-07-19,2024-07-18,2024,128,0.16955017301038078,0.30695698353690926,large,-0.05299209131493732,stop,101_200,1,rank1,500
LULU,2024-07-19,2024-07-18,2024,151,0.03827072997873858,0.2950442601240678,large,-0.012279773544606964,stop,101_200,2,rank2,500
CSGP,2024-07-19,2024-07-18,2024,461,0.1894828335506301,0.3059026854559958,large,-0.01786643237806773,time_h15,401_500,3,rank3plus,500
CSGP,2024-07-22,2024-07-19,2024,478,0.14211212516297242,0.31040064751112917,large,-0.0046381099211623145,time_h15,401_500,1,rank1,500
CEG,2024-07-24,2024-07-23,2024,127,0.1693771626297576,0.30697328588878864,large,-0.05294179613682448,stop,101_200,1,rank1,500
APTV,2024-07-24,2024-07-23,2024,354,0.1443954968184044,0.30008813160987086,large,0.15894623193691082,target_gap,301_400,2,rank2,500
SRPT,2024-07-24,2024-07-23,2024,443,0.1349282296650714,0.14272056815077852,small,-0.020237286437360336,stop,401_500,3,rank3plus,500
ALNY,2024-07-25,2024-07-24,2024,243,0.15220048899755545,0.1386499427941863,small,0.061025819985468965,target60,201_300,1,rank1,500
APTV,2024-07-25,2024-07-24,2024,359,0.09348996573666227,0.3047434367541767,large,0.17692511142996525,target_gap,301_400,2,rank2,500
CCL,2024-07-26,2024-07-25,2024,141,0.1480730223123726,0.14182968929804374,small,-0.02197966034244081,stop,101_200,1,rank1,500
RCL,2024-07-26,2024-07-25,2024,275,0.12740046838407493,0.13805366957646295,small,-0.01857002310354683,stop,201_300,2,rank2,500
CCL,2024-07-29,2024-07-26,2024,152,0.13184584178498956,0.14215686274509803,small,-0.019723558059493773,stop,101_200,1,rank1,500
BKNG,2024-07-29,2024-07-26,2024,174,0.17507609813131203,0.13281304382747441,small,-0.024228648975022415,stop,101_200,2,rank2,500
DDOG,2024-07-29,2024-07-26,2024,189,0.08323494687131025,0.14203068667728694,small,-0.012809600900899332,stop,101_200,3,rank3plus,500
RCL,2024-07-29,2024-07-26,2024,256,0.13442622950819696,0.13791989664082682,small,-0.01952102114317511,stop,201_300,4,rank3plus,500
ALNY,2024-07-29,2024-07-26,2024,348,0.1320293398533013,0.1390387965835211,small,0.06400154361267507,target60,301_400,5,rank3plus,500
CCL,2024-07-30,2024-07-29,2024,170,0.1277890466531431,0.14223889209463358,small,-0.0191579051789742,stop,101_200,1,rank1,500
ALNY,2024-07-30,2024-07-29,2024,398,0.18031784841075796,0.13811151914229045,small,0.05690550529049365,target60,301_400,2,rank2,500
BKNG,2024-08-01,2024-07-31,2024,181,0.13703711169794597,0.1334874321557061,small,-0.019273948810113017,stop,101_200,1,rank1,500
DE,2024-08-06,2024-08-05,2024,150,0.13504238998788862,0.1425652536763647,small,0.06522104569747422,target60,101_200,1,rank1,500
EXPE,2024-08-06,2024-08-05,2024,417,0.1668608037274313,0.30392070094698637,large,0.14948274159229813,target_gap,401_500,2,rank2,500
TSCO,2024-08-08,2024-08-07,2024,403,0.16797312430011185,0.1409017395763482,small,0.05981299516310279,target60,401_500,1,rank1,500
EXPE,2024-08-08,2024-08-07,2024,415,0.1779266161910309,0.30290200229337555,large,0.14562984010332336,target_gap,401_500,2,rank2,500
DXCM,2024-08-30,2024-08-29,2024,213,0.1956521739130436,0.13799999999999996,small,-0.02797251374312837,stop,201_300,1,rank1,500
DXCM,2024-09-03,2024-08-30,2024,224,0.08281573498964777,0.1401828471919895,small,-0.012597242229269723,stop,201_300,1,rank1,500
IBIT,2024-09-06,2024-09-05,2024,69,0.12262156448202932,0.14648497986992867,small,-0.01894376441385992,stop,001_100,1,rank1,500
CDNS,2024-09-06,2024-09-05,2024,171,0.047084002140181644,0.14842167957117341,small,-0.007980802134172071,stop,101_200,2,rank2,500
ON,2024-09-06,2024-09-05,2024,199,0.15049504950495018,0.14424450157097965,small,-0.02268588641982916,stop,101_200,3,rank3plus,500
FBTC,2024-09-06,2024-09-05,2024,246,0.12499999999999975,0.14510278113663852,small,-0.019119219108704177,stop,201_300,4,rank3plus,500
GBTC,2024-09-06,2024-09-05,2024,339,0.12061068702290069,0.14484741264927017,small,-0.018452184787747572,stop,301_400,5,rank3plus,500
MCK,2024-09-09,2024-09-06,2024,122,0.07046253719231858,0.14539376659128894,small,-0.04496298699534296,stop_gap,101_200,1,rank1,500
ANET,2024-09-09,2024-09-06,2024,170,0.14638993155221905,0.141566641660415,small,0.06315236980159589,target60,101_200,2,rank2,500
PINS,2024-09-09,2024-09-06,2024,289,0.1995012468827933,0.13588614029142657,small,-0.028081858765635737,stop,201_300,3,rank3plus,500
INSM,2024-09-09,2024-09-06,2024,456,0.10638297872340505,0.14504138027773886,small,-0.016414012099014497,stop,401_500,4,rank3plus,500
MCK,2024-09-10,2024-09-09,2024,144,0.022450635650527795,0.1464158415841584,small,-0.038249360468280535,stop_gap,101_200,1,rank1,500
PINS,2024-09-10,2024-09-09,2024,297,0.19451371571072268,0.13597829772804335,small,-0.02742270777124134,stop,201_300,2,rank2,500
GDXJ,2024-09-10,2024-09-09,2024,406,0.15436241610738283,0.1372323278839512,small,0.060095257459918505,target60,401_500,3,rank3plus,500
SNAP,2024-09-10,2024-09-09,2024,424,0.10833333333333404,0.14035087719298237,small,-0.01618898153262538,stop,401_500,4,rank3plus,500
INSM,2024-09-10,2024-09-09,2024,455,0.12282398452611176,0.14469633361321024,small,-0.01875391719197772,stop,401_500,5,rank3plus,500
MCK,2024-09-11,2024-09-10,2024,145,0.022585880443603136,0.1464129423179739,small,-0.03826840465828729,stop_gap,101_200,1,rank1,500
PINS,2024-09-11,2024-09-10,2024,301,0.08478802992518704,0.13803786574870905,small,-0.012691760832148402,stop,301_400,2,rank2,500
INSM,2024-09-11,2024-09-10,2024,449,0.10251450676982611,0.1451228070175439,small,-0.01586182347422771,stop,401_500,3,rank3plus,500
XP,2024-09-11,2024-09-10,2024,480,0.07851239669421399,0.13348041919470482,small,-0.011468893242291944,stop,401_500,4,rank3plus,500
GM,2024-09-12,2024-09-11,2024,145,0.19407638347622722,0.14354441709554708,small,0.05721032971990203,target60,101_200,1,rank1,500
MCK,2024-09-12,2024-09-11,2024,150,0.08845009467135544,0.14501451321879658,small,-0.04745415987385593,stop_gap,101_200,2,rank2,500
BIDU,2024-09-12,2024-09-11,2024,344,0.16167066346922415,0.2988354732756046,large,0.12985793158959513,target60,301_400,3,rank3plus,500
BIDU,2024-09-13,2024-09-12,2024,344,0.16786570743405232,0.2982832618025751,large,0.1277700920641256,target60,301_400,1,rank1,500
SPXS,2024-09-16,2024-09-13,2024,224,0.11707317073170738,0.14236111111111116,small,-0.017649508579043682,stop_gap,201_300,1,rank1,500
BIDU,2024-09-16,2024-09-13,2024,360,0.19664268585131847,0.2957446808510638,large,0.1181720487274096,target60,301_400,2,rank2,500
HAL,2024-09-27,2024-09-26,2024,355,0.1094527363184082,0.14375111746826402,small,0.06944673559876624,target60,301_400,1,rank1,500
TMF,2024-10-03,2024-10-02,2024,132,0.03102625298329331,0.1473795286669012,small,-0.005567564441486428,stop,101_200,1,rank1,500
SDS,2024-10-10,2024-10-09,2024,311,0.02553191489361678,0.28561011181332036,large,-0.008284384788645793,stop,301_400,1,rank1,500
SDS,2024-10-11,2024-10-10,2024,318,0.02553191489361678,0.28561011181332036,large,-0.008284384788645793,stop,301_400,1,rank1,500
DKNG,2024-10-15,2024-10-14,2024,265,0.18248175182481738,0.1448585778482687,small,-0.027407126465844422,stop,201_300,1,rank1,500
KLAC,2024-10-18,2024-10-17,2024,150,0.10408397743889675,0.2866767475633675,large,0.02613188936500599,time_h15,101_200,1,rank1,500
AMD,2024-10-21,2024-10-18,2024,6,0.1547729379054681,0.1385020216930878,small,-0.022414439401183706,stop,001_100,1,rank1,500
KLAC,2024-10-22,2024-10-21,2024,138,0.1175579695007311,0.2855736678051036,large,-0.007674303368218505,time_h15,101_200,1,rank1,500
MCHP,2024-10-22,2024-10-21,2024,266,0.1320754716981129,0.28773458445040223,large,-0.038964197525901856,stop,201_300,2,rank2,500
KLAC,2024-10-23,2024-10-22,2024,133,0.08690202632128674,0.28809581126624945,large,-0.0006087020283791489,time_h15,101_200,1,rank1,500
Z,2024-10-23,2024-10-22,2024,490,0.15741270749856887,0.14421330691761608,small,-0.025409616472925722,stop_gap,401_500,2,rank2,500
INTC,2024-10-24,2024-10-23,2024,47,0.14617940199335583,0.13626075147125402,small,-0.02089810685422344,stop,001_100,1,rank1,500
Z,2024-10-24,2024-10-23,2024,488,0.0704064109902692,0.1460458117371678,small,-0.013025588860811177,stop_gap,401_500,2,rank2,500
KLAC,2024-10-25,2024-10-24,2024,134,0.11317108836431981,0.28593187689458993,large,-0.03332637890590728,stop,101_200,1,rank1,500
SQQQ,2024-10-28,2024-10-25,2024,52,0.04687499999999993,0.13763440860215054,small,-0.007444664764391873,stop,001_100,1,rank1,500
KLAC,2024-10-28,2024-10-25,2024,135,0.13578441612701064,0.2840949554896143,large,-0.03953661151620025,stop,101_200,2,rank2,500
ALB,2024-10-28,2024-10-25,2024,367,0.15015015015015024,0.14185303514376987,small,0.06274928563407323,target60,301_400,3,rank3plus,500
FANG,2024-10-30,2024-10-29,2024,214,0.06716712761754313,0.14310754268913264,small,-0.01060201551378559,stop,201_300,1,rank1,500
CARR,2024-10-30,2024-10-29,2024,341,0.16713091922005552,0.14487489911218718,small,-0.025188374335834318,stop,301_400,2,rank2,500
ALGN,2024-10-30,2024-10-29,2024,483,0.1320849356294935,0.2835134622677285,large,0.054263752651546815,time_h15,401_500,3,rank3plus,500
FANG,2024-10-31,2024-10-30,2024,224,0.12603713947056489,0.14191197084384638,small,-0.018867801871421896,stop,201_300,1,rank1,500
CARR,2024-10-31,2024-10-30,2024,346,0.08913649025069584,0.1465306122448979,small,-0.014047670042529714,stop,301_400,2,rank2,500
ALGN,2024-10-31,2024-10-30,2024,462,0.12690185587694372,0.28393069071920246,large,0.06160105325927123,time_h15,401_500,3,rank3plus,500
MU,2024-11-01,2024-10-31,2024,32,0.05156037991858827,0.14716453674121402,small,-0.008579775607403861,stop,001_100,1,rank1,500
FANG,2024-11-01,2024-10-31,2024,237,0.08850256815487985,0.14267192784667418,small,-0.01361371174615622,stop,201_300,2,rank2,500
CARR,2024-11-01,2024-10-31,2024,347,0.026926648096563803,0.14787862144720576,small,-0.004977395964930964,stop,301_400,3,rank3plus,500
ALGN,2024-11-01,2024-10-31,2024,460,0.029259321183748535,0.29202675650603,large,0.11372386166664761,time_h15,401_500,4,rank3plus,500
MU,2024-11-04,2024-11-01,2024,32,0.14179104477611873,0.14523598384077244,small,0.06682110713290523,target_gap,001_100,1,rank1,500
FANG,2024-11-04,2024-11-01,2024,250,0.1197155274595022,0.1420393961501768,small,-0.019444483942438473,stop_gap,201_300,2,rank2,500
ALGN,2024-11-04,2024-11-01,2024,461,0.098812907540545,0.2862133320572331,large,0.07969690801821194,time_h15,401_500,3,rank3plus,500
MU,2024-11-05,2024-11-04,2024,32,0.17706919945725919,0.14449563768258009,small,0.06138294444582448,target_gap,001_100,1,rank1,500
ALGN,2024-11-05,2024-11-04,2024,456,0.09179067045644555,0.28678973867178137,large,0.1446040441778631,target60,401_500,2,rank2,500
SLV,2024-11-11,2024-11-08,2024,101,0.0128865979381436,0.13872005720414726,small,-0.002785343116786021,stop,101_200,1,rank1,500
SLV,2024-11-12,2024-11-11,2024,102,0.020618556701030494,0.13857142857142854,small,-0.0038537873920181376,stop,101_200,1,rank1,500
TTD,2024-11-18,2024-11-15,2024,223,0.1509543088490456,0.14656268542849882,small,0.06474806167315617,target60,201_300,1,rank1,500
TTD,2024-11-19,2024-11-18,2024,222,0.05031810294968214,0.14875677535920162,small,0.08068767818620182,target60,201_300,1,rank1,500
KLAC,2024-11-21,2024-11-20,2024,166,0.1994924417963139,0.1443612615482638,small,0.05676048723010285,target60,101_200,1,rank1,500
ON,2024-12-05,2024-12-04,2024,331,0.17030567685589523,0.13904068002428677,small,0.05868577550933107,target60,301_400,1,rank1,500
LDOS,2024-12-10,2024-12-09,2024,427,0.1594670972951152,0.3075299522006331,large,-0.04999139265800712,stop,401_500,1,rank1,500
INTC,2024-12-11,2024-12-10,2024,36,0.028615622583139787,0.3208436724565757,large,-0.010171465135918378,stop,001_100,1,rank1,500
DELL,2024-12-11,2024-12-10,2024,59,0.1765030336458906,0.3078098471986417,large,-0.05527456984580692,stop,001_100,2,rank2,500
OKE,2024-12-11,2024-12-10,2024,348,0.07278594478307637,0.13268315889628932,small,-0.010647316684188834,stop,301_400,3,rank3plus,500
LDOS,2024-12-11,2024-12-10,2024,421,0.151190956802584,0.30831466268359464,large,-0.04756729800397275,stop,401_500,4,rank3plus,500
INTC,2024-12-12,2024-12-11,2024,36,0.00850734725444698,0.3229270729270729,large,-0.0037440071173202583,stop,001_100,1,rank1,500
OKE,2024-12-12,2024-12-11,2024,352,0.008246683399068415,0.13382917466410754,small,-0.002102043987603164,stop,301_400,2,rank2,500
X,2024-12-12,2024-12-11,2024,427,0.11088709677419367,0.28728641760787726,large,-0.032824016604498074,stop,401_500,3,rank3plus,500
INTC,2024-12-13,2024-12-12,2024,37,0.09667440061871617,0.3139873725109276,large,-0.031323701917860824,stop,001_100,1,rank1,500
FCX,2024-12-13,2024-12-12,2024,231,0.11759935117599318,0.295470884255931,large,-0.03882410579996365,stop_gap,201_300,2,rank2,500
OKE,2024-12-13,2024-12-12,2024,355,0.03334528504840467,0.13338115734098524,small,-0.005442687551489689,stop,301_400,3,rank3plus,500
X,2024-12-13,2024-12-12,2024,393,0.013104838709677675,0.2955899880810489,large,-0.004869287644616249,stop,301_400,4,rank3plus,500
INTC,2024-12-16,2024-12-13,2024,36,0.030162412993039487,0.3206845238095238,large,-0.010662451512339022,stop,001_100,1,rank1,500
FCX,2024-12-16,2024-12-13,2024,226,0.0754257907542579,0.2991992234894443,large,-0.026695703349489897,stop_gap,201_300,2,rank2,500
URI,2024-12-16,2024-12-13,2024,310,0.054172904191617494,0.13701158855502,small,-0.008414397303450616,stop,301_400,3,rank3plus,500
INTC,2024-12-17,2024-12-16,2024,37,0.10595514307811273,0.3130750605326877,large,-0.034138257747639345,stop,001_100,1,rank1,500
INTC,2024-12-18,2024-12-17,2024,39,0.0796597061098222,0.315673828125,large,-0.02612085070745873,stop,001_100,1,rank1,500
CEG,2024-12-18,2024-12-17,2024,181,0.192027368734196,0.28691532946398085,large,-0.0560400279546126,stop,101_200,2,rank2,500
LDOS,2024-12-18,2024-12-17,2024,493,0.15588235294117675,0.13558420842748906,small,-0.02211356105809914,stop,401_500,3,rank3plus,500
DELL,2024-12-19,2024-12-18,2024,59,0.07804743519029231,0.3174297470016632,large,-0.025749315659949756,stop,001_100,1,rank1,500
CEG,2024-12-19,2024-12-18,2024,189,0.11081362486985004,0.2937603775233767,large,-0.0335196161422916,stop,101_200,2,rank2,500
CEG,2024-12-20,2024-12-19,2024,188,0.005949724825226919,0.3030972453901988,large,-0.002801043011247506,stop,101_200,1,rank1,500
CEG,2024-12-23,2024-12-20,2024,193,0.08582478060389724,0.29593274055814767,large,0.15100969631391714,target60,101_200,1,rank1,500
KWEB,2024-12-23,2024-12-20,2024,198,0.014736842105262844,0.31868500503186853,large,-0.005691216786775866,stop,101_200,2,rank2,500
CEG,2024-12-24,2024-12-23,2024,201,0.11230105607615666,0.29363207547169806,large,0.1420614203729722,target60,201_300,1,rank1,500
KWEB,2024-12-24,2024-12-23,2024,204,0.057894736842104964,0.314361350099272,large,-0.019181177114949932,stop,201_300,2,rank2,500
CEG,2024-12-26,2024-12-24,2024,207,0.10650007437156028,0.294133088331802,large,0.14401007485057393,target60,201_300,1,rank1,500
KWEB,2024-12-26,2024-12-24,2024,215,0.034736842105262976,0.31666666666666665,large,-0.011988505747126177,stop,201_300,2,rank2,500
CEG,2024-12-27,2024-12-26,2024,206,0.10069909266696432,0.29463581383118587,large,0.1459653905188698,target60,201_300,1,rank1,500
KWEB,2024-12-27,2024-12-26,2024,215,0.005263157894736543,0.31965006729475104,large,-0.0026801874970991957,stop,201_300,2,rank2,500
HPQ,2024-12-31,2024-12-30,2024,477,0.13361169102296466,0.14612568639414275,small,0.01728604886086549,time_h15,401_500,1,rank1,500
UNH,2025-01-03,2025-01-02,2025,16,0.1970821767477892,0.3059346301965044,large,0.07272943956579048,time_h15,001_100,1,rank1,500
GDX,2025-01-03,2025-01-02,2025,159,0.13474494706448495,0.29491910303718427,large,0.05968347078234948,time_h15,101_200,2,rank2,500
FERG,2025-01-03,2025-01-02,2025,294,0.05271378367825046,0.29318832283915286,large,-0.016439118734851044,stop,201_300,3,rank3plus,500
DKNG,2025-01-03,2025-01-02,2025,297,0.0882899628252791,0.29839156960621177,large,0.15153784727159447,target60,201_300,4,rank3plus,500
GDX,2025-01-06,2025-01-03,2025,160,0.11260827718960555,0.2968571428571429,large,0.07578082387377738,time_h15,101_200,1,rank1,500
FERG,2025-01-06,2025-01-03,2025,303,0.09957048028114007,0.28921513269339355,large,-0.02976800701851212,stop,301_400,2,rank2,500
ODFL,2025-01-06,2025-01-03,2025,438,0.0977443609022557,0.3148188924364197,large,-0.03174051529778421,stop,401_500,3,rank3plus,500
GDX,2025-01-07,2025-01-06,2025,160,0.13666987487969218,0.2947517730496454,large,0.07438606937665937,time_h15,101_200,1,rank1,500
FERG,2025-01-07,2025-01-06,2025,312,0.016790316282702337,0.29630915191484436,large,-0.005969651989925273,stop,301_400,2,rank2,500
ODFL,2025-01-07,2025-01-06,2025,454,0.10963455149501679,0.3136448393111769,large,-0.03535144240975918,stop,401_500,3,rank3plus,500
SHOP,2025-01-08,2025-01-07,2025,129,0.12652536929993577,0.1462246431254695,small,-0.0248299028547333,stop_gap,101_200,1,rank1,500
GDX,2025-01-08,2025-01-07,2025,157,0.15303176130895124,0.2933370976849238,large,0.11153612916861722,time_h15,101_200,2,rank2,500
MCHP,2025-01-10,2025-01-08,2025,258,0.02826379542395609,0.13392213410237924,small,-0.0047808647947111815,stop,201_300,1,rank1,500
WDAY,2025-01-13,2025-01-10,2025,104,0.03267792855164792,0.1455637521667272,small,-0.005751467798168375,stop,101_200,1,rank1,500
LHX,2025-01-14,2025-01-13,2025,473,0.19478868763902124,0.29270334371948087,large,-0.02074442944086241,time_h15,401_500,1,rank1,500
LHX,2025-01-16,2025-01-15,2025,485,0.1720686367969493,0.29466292134831445,large,-0.033925359417669276,time_h15,401_500,1,rank1,500
SQQQ,2025-02-06,2025-02-05,2025,41,0.11919315403423,0.28996809641970933,large,-0.03552716729192995,stop,001_100,1,rank1,500
SQQQ,2025-02-07,2025-02-06,2025,43,0.06907090464547694,0.29424460431654675,large,-0.021302927672854244,stop,001_100,1,rank1,500
HUM,2025-02-10,2025-02-07,2025,292,0.1413125471460902,0.14581652856200036,small,-0.021584609909608532,stop,201_300,1,rank1,500
SQQQ,2025-02-11,2025-02-10,2025,45,0.14608801955990225,0.28772423496306715,large,-0.04299055185738121,stop,001_100,1,rank1,500
IBIT,2025-02-12,2025-02-11,2025,22,0.018944519621109684,0.13728404235556382,small,-0.0035976810034512585,stop,001_100,1,rank1,500
FBTC,2025-02-12,2025-02-11,2025,270,0.021201413427562626,0.13688029020556236,small,-0.0038986552672878316,stop,201_300,2,rank2,500
GBTC,2025-02-12,2025-02-11,2025,415,0.010742187500001322,0.13666088349125863,small,-0.002466069781071112,stop,401_500,3,rank3plus,500
SQQQ,2025-02-13,2025-02-12,2025,46,0.071515892420538,0.2940330697340043,large,-0.022006520104433713,stop,001_100,1,rank1,500
FBTC,2025-02-13,2025-02-12,2025,266,0.11572438162544182,0.1351319087978991,small,-0.016621926591914638,stop,201_300,2,rank2,500
GBTC,2025-02-13,2025-02-12,2025,424,0.11230468750000046,0.1347900487034357,small,-0.016121924558320955,stop,401_500,3,rank3plus,500
IBIT,2025-02-14,2025-02-13,2025,24,0.16914749661705006,0.13451037495449583,small,-0.023728852719617444,stop,001_100,1,rank1,500
FBTC,2025-02-14,2025-02-13,2025,269,0.17314487632508893,0.13409144752428342,small,-0.024193541703443566,stop,201_300,2,rank2,500
GBTC,2025-02-14,2025-02-13,2025,434,0.16113281250000042,0.13390872237478763,small,-0.022555022998504648,stop,401_500,3,rank3plus,500
BAH,2025-02-19,2025-02-18,2025,400,0.07230637324949987,0.2952742616033756,large,-0.022328371679139147,stop,301_400,1,rank1,500
BAH,2025-02-20,2025-02-19,2025,398,0.014289797084881392,0.30042070919550107,large,-0.0052881604188030895,stop,301_400,1,rank1,500
ULTA,2025-02-26,2025-02-25,2025,337,0.135399061032864,0.29025400632290416,large,-0.04026033968734577,stop,301_400,1,rank1,500
ULTA,2025-02-27,2025-02-26,2025,343,0.10957746478873254,0.2924458357360573,large,-0.03301294405931554,stop,301_400,1,rank1,500
BKR,2025-02-27,2025-02-26,2025,354,0.15863141524105803,0.1461695839963628,small,-0.024163412724190314,stop,301_400,2,rank2,500
ULTA,2025-02-28,2025-02-27,2025,342,0.14018779342723012,0.2898511281060338,large,-0.04159247703802349,stop,301_400,1,rank1,500
BKR,2025-02-28,2025-02-27,2025,359,0.0730948678071538,0.14802025782688766,small,-0.011808207314390473,stop,301_400,2,rank2,500
ZS,2025-02-28,2025-02-27,2025,404,0.08113002535313227,0.14400458978772224,small,-0.012670919012928605,stop,401_500,3,rank3plus,500
DELL,2025-03-03,2025-02-28,2025,109,0.16861115550583358,0.30186221536086466,large,-0.05184596528443608,stop,101_200,1,rank1,500
ULTA,2025-03-03,2025-02-28,2025,346,0.11915492957746476,0.2916290150332704,large,-0.035713803329995186,stop,301_400,2,rank2,500
NEM,2025-03-04,2025-03-03,2025,256,0.11317704122877972,0.14471221338324758,small,-0.017361230475075984,stop,201_300,1,rank1,500
BKR,2025-03-04,2025-03-03,2025,384,0.0046656298600312816,0.14953488372093024,small,-0.0016964773427239344,stop,301_400,2,rank2,500
DE,2025-03-05,2025-03-04,2025,160,0.18805704099821718,0.14622385368926333,small,0.059176180931450384,target60,101_200,1,rank1,500
NEM,2025-03-05,2025-03-04,2025,258,0.13096200485044496,0.14434072345390903,small,-0.01988375707128942,stop,201_300,2,rank2,500
SNPS,2025-03-06,2025-03-05,2025,216,0.0800929512006199,0.2933357569698485,large,-0.024470144332982224,stop,201_300,1,rank1,500
SNPS,2025-03-07,2025-03-06,2025,215,0.10449264136328433,0.2912511844064432,large,-0.031402687412328545,stop,201_300,1,rank1,500
SNPS,2025-03-10,2025-03-07,2025,213,0.06522075910147183,0.29462105479358275,large,-0.020195703284850874,stop,201_300,1,rank1,500
SNPS,2025-03-11,2025-03-10,2025,210,0.009759876065065768,0.2995151149571956,large,-0.003919808881954312,stop,201_300,1,rank1,500
LULU,2025-03-11,2025-03-10,2025,215,0.11843531382402245,0.30399880185712147,large,-0.036967707549550144,stop,201_300,2,rank2,500
MCHP,2025-03-12,2025-03-11,2025,204,0.14794007490636685,0.30467858501331313,large,-0.0460286212922445,stop,201_300,1,rank1,500
SNPS,2025-03-12,2025-03-11,2025,206,0.09651432997676246,0.29192953892770734,large,-0.02914672279670949,stop,201_300,2,rank2,500
SNPS,2025-03-13,2025-03-12,2025,207,0.014407436096049678,0.29909876514607425,large,-0.005304439502325509,stop,201_300,1,rank1,500
MCHP,2025-03-13,2025-03-12,2025,210,0.08302122347066156,0.310826542491269,large,-0.026778907790962703,stop,201_300,2,rank2,500
MCHP,2025-03-14,2025-03-13,2025,214,0.156367041198502,0.30389832116095994,large,-0.048471685621667926,stop,201_300,1,rank1,500
SNPS,2025-03-17,2025-03-14,2025,194,0.11797056545313722,0.29011235955056186,large,-0.03687372044314907,stop_gap,101_200,1,rank1,500
GILD,2025-03-20,2025-03-19,2025,129,0.07238700564971794,0.13255324128247128,small,-0.010585042138420597,stop,101_200,1,rank1,500
GILD,2025-03-25,2025-03-24,2025,115,0.06638418079096031,0.13265879707700953,small,0.06971857897170963,target60,101_200,1,rank1,500
TMF,2025-03-25,2025-03-24,2025,454,0.09800664451827294,0.14299287410926373,small,-0.014999744783190327,stop,401_500,2,rank2,500
TMF,2025-03-26,2025-03-25,2025,446,0.05481727574750917,0.14388145315487577,small,-0.008878806294749464,stop,401_500,1,rank1,500
FE,2025-03-26,2025-03-25,2025,455,0.029824561403509055,0.1496848739495799,small,0.08426183441892499,target60,401_500,2,rank2,500
MU,2025-03-31,2025-03-28,2025,37,0.09365781710914428,0.31505576208178426,large,-0.03773087317865198,stop_gap,001_100,1,rank1,500
ETN,2025-03-31,2025-03-28,2025,88,0.010024383635871154,0.137723880597015,small,-0.0023787173577387577,stop,001_100,2,rank2,500
FSLR,2025-03-31,2025-03-28,2025,305,0.058628983764281946,0.13269499301815277,small,-0.008771496956488822,stop,301_400,3,rank3plus,500
MU,2025-04-01,2025-03-31,2025,37,0.18325958702064898,0.30640605581290237,large,-0.06414951489344001,stop_gap,001_100,1,rank1,500
ETN,2025-04-01,2025-03-31,2025,86,0.11324844215659724,0.1357933850851699,small,-0.04429527997489047,stop_gap,001_100,2,rank2,500
MCK,2025-04-09,2025-04-08,2025,205,0.12124151309408332,0.143548886138614,small,0.06765705637280384,target60,201_300,1,rank1,500
ADP,2025-04-09,2025-04-08,2025,298,0.059693318729463526,0.13272277947376065,small,0.07063982908967104,target60,201_300,2,rank2,500
FERG,2025-04-09,2025-04-08,2025,395,0.012339585389930904,0.13821803793150492,small,-0.0027033488304283315,stop,301_400,3,rank3plus,500
PAYX,2025-04-09,2025-04-08,2025,413,0.007956240676280294,0.14847903130537496,small,-0.0021796544137850926,stop,401_500,4,rank3plus,500
USO,2025-05-01,2025-04-30,2025,358,0.15429480381760355,0.29658751376002523,large,0.062154800882307626,time_h15,301_400,1,rank1,500
GDXJ,2025-05-13,2025-05-12,2025,330,0.10926365795724409,0.14198988195615506,small,-0.023321180893532856,stop_gap,301_400,1,rank1,500
BABA,2025-05-27,2025-05-23,2025,41,0.14750290360046425,0.1437035800717682,small,-0.022175009465975393,stop,001_100,1,rank1,500
THC,2025-06-11,2025-06-10,2025,479,0.04918404351767941,0.14407471508343403,small,0.0782798327512273,target60,401_500,1,rank1,500
LYFT,2025-06-13,2025-06-12,2025,468,0.02857142857142799,0.1389808074123096,small,-0.004966411565891282,stop,401_500,1,rank1,500
TEAM,2025-06-20,2025-06-18,2025,254,0.09840326773115503,0.13729288809584506,small,-0.014496065757587662,stop,201_300,1,rank1,500
BABA,2025-07-10,2025-07-09,2025,75,0.09127475247524763,0.3073996575993912,large,0.15522616283640578,target60,001_100,1,rank1,500
BABA,2025-07-11,2025-07-10,2025,71,0.14603960396039603,0.3023103545037882,large,0.1361002596634524,target60,001_100,1,rank1,500
CHWY,2025-07-11,2025-07-10,2025,359,0.025304592314901217,0.13806935817805385,small,-0.004489797026952291,stop,301_400,2,rank2,500
BABA,2025-07-14,2025-07-11,2025,70,0.16878094059405938,0.3002461795717404,large,0.12834296772371867,target60,001_100,1,rank1,500
OXY,2025-07-17,2025-07-16,2025,190,0.16254416961130783,0.13294186729301224,small,0.058248327392381505,target_gap,101_200,1,rank1,500
HUBS,2025-07-18,2025-07-17,2025,314,0.05606896979470299,0.3047826086956522,large,-0.018071266824054688,stop,301_400,1,rank1,500
HUBS,2025-07-21,2025-07-18,2025,312,0.15654654840910504,0.2957263389581805,large,-0.04724816608570248,stop,301_400,1,rank1,500
LULU,2025-07-22,2025-07-21,2025,140,0.055037313432836146,0.14501510574018125,small,-0.008972764823792723,stop,101_200,1,rank1,500
HUBS,2025-07-22,2025-07-21,2025,317,0.18563542764994076,0.2932040953645275,large,-0.05537416601488465,stop,301_400,2,rank2,500
HUBS,2025-07-23,2025-07-22,2025,324,0.19562116231470544,0.29234814143245696,large,-0.058131822574659875,stop,301_400,1,rank1,500
CRWD,2025-07-30,2025-07-29,2025,73,0.1378108664660222,0.13627336700772796,small,-0.01976068046795132,stop,001_100,1,rank1,500
SPOT,2025-07-30,2025-07-29,2025,79,0.15127111953260702,0.3049598715890851,large,0.1357080256019665,target60,001_100,2,rank2,500
CRWD,2025-07-31,2025-07-30,2025,76,0.17741169016315506,0.13554190999656487,small,-0.02502218488831831,stop,001_100,1,rank1,500
LUV,2025-07-31,2025-07-30,2025,283,0.15130830489192246,0.2881967213114754,large,-0.04456247286192949,stop,201_300,2,rank2,500
SPOT,2025-08-01,2025-07-31,2025,54,0.1460076846149798,0.30545016077170417,large,0.13753392274923648,target60,001_100,1,rank1,500
LUV,2025-08-04,2025-08-01,2025,287,0.09215017064846402,0.29319546364242827,large,-0.027990507748127058,stop,201_300,1,rank1,500
LUV,2025-08-05,2025-08-04,2025,293,0.07736063708759952,0.2944723618090452,large,-0.02375730057919101,stop,201_300,1,rank1,500
GEHC,2025-08-05,2025-08-04,2025,473,0.19131334022750712,0.1363123766563293,small,0.054653868442153586,target60,401_500,2,rank2,500
LUV,2025-08-06,2025-08-05,2025,294,0.08646188850966986,0.2936852656197795,large,-0.026366703050078488,stop,201_300,1,rank1,500
GEHC,2025-08-06,2025-08-05,2025,473,0.19131334022750712,0.1363123766563293,small,0.054653868442153586,target60,401_500,2,rank2,500
LUV,2025-08-07,2025-08-06,2025,296,0.08646188850966986,0.2936852656197795,large,-0.026366703050078488,stop,201_300,1,rank1,500
GEHC,2025-08-07,2025-08-06,2025,469,0.18200620475697937,0.13648553281580808,small,0.055993584012510755,target60,401_500,2,rank2,500
LUV,2025-08-08,2025-08-07,2025,305,0.08759954493742886,0.29358717434869736,large,-0.026691897872039072,stop,301_400,1,rank1,500
XYZ,2025-08-20,2025-08-19,2025,157,0.11683168316831617,0.13726556129382977,small,-0.017020437864785798,stop,101_200,1,rank1,500
PWR,2025-08-20,2025-08-19,2025,273,0.12481857764876624,0.14659964360754277,small,-0.019279570034392846,stop,201_300,2,rank2,500
XYZ,2025-08-21,2025-08-20,2025,189,0.1306930693069301,0.13700488334237648,small,0.06323357583281108,target60,101_200,1,rank1,500
PWR,2025-08-21,2025-08-20,2025,277,0.13425253991291686,0.1463971740458421,small,-0.020634048331335975,stop,201_300,2,rank2,500
APO,2025-08-28,2025-08-27,2025,273,0.18645833333333262,0.14126995806048112,small,-0.027314133382870476,stop,201_300,1,rank1,500
ARM,2025-09-03,2025-09-02,2025,219,0.16040707535740253,0.3087916199027311,large,0.13460743627438054,target60,201_300,1,rank1,500
APO,2025-09-03,2025-09-02,2025,256,0.14218749999999955,0.14215904042647703,small,-0.021192535673522528,stop,201_300,2,rank2,500
ARM,2025-09-04,2025-09-03,2025,216,0.09946692512721078,0.3147138445113815,large,0.15636774208312798,target60,201_300,1,rank1,500
TXN,2025-09-05,2025-09-04,2025,117,0.14358174014826405,0.1370002138122728,small,-0.020650568451074824,stop,101_200,1,rank1,500
TXN,2025-09-08,2025-09-05,2025,110,0.18532969176746003,0.13622110018602177,small,-0.02622008156166411,stop,101_200,1,rank1,500
TXN,2025-09-09,2025-09-08,2025,108,0.028092079594225477,0.13920269389528567,small,-0.004906084867624894,stop,101_200,1,rank1,500
SQQQ,2025-09-11,2025-09-10,2025,48,0.05676855895196465,0.13598574821852727,small,-0.008711499357209385,stop,001_100,1,rank1,500
SQQQ,2025-09-12,2025-09-11,2025,50,0.004366812227073368,0.13696172248803823,small,-0.0015969885870459333,stop,001_100,1,rank1,500
CHWY,2025-09-15,2025-09-12,2025,390,0.07153729071537271,0.28408763332372455,large,0.1489801654376044,target60,301_400,1,rank1,500
CCI,2025-09-16,2025-09-15,2025,383,0.15789473684210595,0.14239828693790146,small,0.005418061847020761,time_h15,301_400,1,rank1,500
CCI,2025-09-17,2025-09-16,2025,379,0.173684210526316,0.14207883773101163,small,0.0153285711593516,time_h15,301_400,1,rank1,500
CCI,2025-09-19,2025-09-18,2025,394,0.1270676691729322,0.14302613184213353,small,0.03832023121679318,time_h15,301_400,1,rank1,500
DHR,2025-09-23,2025-09-22,2025,206,0.11594202898550755,0.13436842105263158,small,-0.016562876456508557,stop,201_300,1,rank1,500
DHR,2025-09-24,2025-09-23,2025,211,0.06267136701919288,0.13533715012722647,small,-0.009472786931385646,stop,201_300,1,rank1,500
Z,2025-10-07,2025-10-06,2025,497,0.12757562472599784,0.3083265747499324,large,-0.04029514034548032,stop,401_500,1,rank1,500
Z,2025-10-08,2025-10-07,2025,500,0.06970626918018427,0.3139278832920452,large,-0.02286036998016261,stop,401_500,1,rank1,500
DECK,2025-10-10,2025-10-09,2025,475,0.0305317324185249,0.2967525195968644,large,-0.010050812932127062,stop,401_500,1,rank1,500
VLO,2025-10-13,2025-10-10,2025,326,0.17486095661846532,0.140604961056023,small,-0.02556124421445305,stop,301_400,1,rank1,500
RBRK,2025-10-17,2025-10-16,2025,483,0.03593339176161233,0.14818181818181814,small,-0.006318853560232651,stop,401_500,1,rank1,500
VST,2025-10-21,2025-10-20,2025,150,0.08257575757575782,0.13687266694317715,small,-0.012290567698315935,stop,101_200,1,rank1,500
ETHA,2025-10-31,2025-10-30,2025,61,0.15188470066518825,0.3094339622641508,large,-0.04795081018667324,stop,001_100,1,rank1,500
LULU,2025-10-31,2025-10-30,2025,199,0.18641810918774956,0.289875296912114,large,-0.022652420820468477,time_h15,101_200,2,rank2,500
UAL,2025-10-31,2025-10-30,2025,213,0.04357459379615876,0.1448283238849074,small,-0.007304027951795633,stop,201_300,3,rank3plus,500
NVO,2025-10-31,2025-10-30,2025,247,0.057638888888888774,0.29538461538461536,large,-0.018008124143056525,stop_gap,201_300,4,rank3plus,500
ETH,2025-10-31,2025-10-30,2025,451,0.15147453083109924,0.3083494075502893,large,-0.04765989835063167,stop,401_500,5,rank3plus,500
ETHA,2025-11-03,2025-10-31,2025,62,0.04046563192904641,0.32048321193817714,large,-0.013955093868947444,stop,001_100,1,rank1,500
PM,2025-11-03,2025-10-31,2025,110,0.06100104275286699,0.1336585365853657,small,-0.00914466111891754,stop,101_200,2,rank2,500
UAL,2025-11-03,2025-10-31,2025,210,0.07902511078286513,0.14408853889539205,small,-0.01237473207633688,stop,201_300,3,rank3plus,500
NVO,2025-11-03,2025-10-31,2025,240,0.10347222222222188,0.2914389799635701,large,-0.031125198380368313,stop_gap,201_300,4,rank3plus,500
ETH,2025-11-03,2025-10-31,2025,458,0.04066130473637162,0.31925820256776033,large,-0.013967980346488496,stop,401_500,5,rank3plus,500
NFLX,2025-11-04,2025-11-03,2025,19,0.0781580584940881,0.14609622168078823,small,-0.012406684399172696,stop,001_100,1,rank1,500
LULU,2025-11-04,2025-11-03,2025,204,0.09792072108982898,0.297507313505607,large,0.03303519498173868,time_h15,201_300,2,rank2,500
NFLX,2025-11-06,2025-11-05,2025,18,0.044679527069071835,0.14681430320305489,small,-0.007552537568486506,stop,001_100,1,rank1,500
QID,2025-11-06,2025-11-05,2025,319,0.16407599309153692,0.28834661354581687,large,0.12457207651154523,target60,301_400,2,rank2,500
SPXU,2025-11-11,2025-11-10,2025,276,0.15342465753424628,0.28560250391236297,large,3.1202907935703514,target_gap,201_300,1,rank1,500
TTD,2025-11-11,2025-11-10,2025,289,0.012949640287769765,0.32116451016635855,large,-0.00515430824329044,stop,201_300,2,rank2,500
QID,2025-11-11,2025-11-10,2025,348,0.17271157167530216,0.2876304023845009,large,0.12177880260068696,target60,301_400,3,rank3plus,500
BABA,2025-11-12,2025-11-11,2025,49,0.0435555555555551,0.13976891539321656,small,-0.007081128338799703,stop,001_100,1,rank1,500
TTD,2025-11-12,2025-11-11,2025,271,0.12877697841726615,0.30964580084651366,large,-0.040834895539532456,stop,201_300,2,rank2,500
SPXU,2025-11-12,2025-11-11,2025,274,0.07945205479452035,0.2917665867306154,large,3.2092179329999277,target_gap,201_300,3,rank3plus,500
QID,2025-11-12,2025-11-11,2025,356,0.12607944732297066,0.29154078549848955,large,0.1370295718203336,target60,301_400,4,rank3plus,500
SPXU,2025-11-13,2025-11-12,2025,287,0.14520547945205467,0.28627450980392144,large,3.129985595437576,target_gap,201_300,1,rank1,500
TNA,2025-11-19,2025-11-18,2025,226,0.08105939004815393,0.3153631991900785,large,-0.026537098446473895,stop,201_300,1,rank1,500
F,2025-11-21,2025-11-20,2025,72,0.17746478873239405,0.14188649080735416,small,0.05889261604209883,target60,001_100,1,rank1,500
EQIX,2025-11-26,2025-11-25,2025,490,0.0352410872831581,0.14691559527472667,small,-0.006171790688331513,stop,401_500,1,rank1,500
EQIX,2025-11-28,2025-11-26,2025,487,0.047443427582752135,0.14665268893310712,small,-0.007950252247976075,stop,401_500,1,rank1,500
EQIX,2025-12-01,2025-11-28,2025,481,0.027591859035650635,0.1470808834362401,small,-0.005053679045587511,stop,401_500,1,rank1,500
LLY,2025-12-10,2025-12-09,2025,28,0.13081795648581657,0.1474517766497462,small,0.06811307848613768,target60,001_100,1,rank1,500
INSM,2025-12-11,2025-12-10,2025,345,0.16666666666666666,0.14097981497056344,small,0.06003069218124324,target60,301_400,1,rank1,500
BABA,2025-12-15,2025-12-12,2025,46,0.11872349921892426,0.2925316620968793,large,-0.03569516978030085,stop,001_100,1,rank1,500
BABA,2025-12-16,2025-12-15,2025,51,0.024324927471545986,0.3008392077878481,large,-0.008310077925118953,stop,001_100,1,rank1,500
VLO,2025-12-19,2025-12-18,2025,298,0.08394954327968708,0.1420451034908867,small,0.10911584677231989,target_gap,201_300,1,rank1,500
VLO,2025-12-22,2025-12-19,2025,307,0.19878207916485516,0.1397653352787404,small,0.0913149723393516,target_gap,301_400,1,rank1,500
VST,2025-12-23,2025-12-22,2025,175,0.13224637681159374,0.13665903323636805,small,0.06285936687532945,target60,101_200,1,rank1,500
VLO,2025-12-23,2025-12-22,2025,318,0.18442801217920868,0.14004629629629636,small,0.09350877071210983,target_gap,301_400,2,rank2,500
VST,2025-12-24,2025-12-23,2025,177,0.10597826086956545,0.13715137586185466,small,0.06668853907725314,target60,101_200,1,rank1,500
VST,2025-12-26,2025-12-24,2025,176,0.13677536231883985,0.136574503618482,small,0.062201941646854664,target60,101_200,1,rank1,500
ARES,2025-12-31,2025-12-30,2025,218,0.16905311778290974,0.13265931372549025,small,0.05611247684981069,target60,201_300,1,rank1,500
ARES,2026-01-02,2025-12-31,2026,215,0.1450346420323332,0.13308335382345712,small,0.0594882974052684,target60,201_300,1,rank1,500
TSLA,2026-01-05,2026-01-02,2026,2,0.1972938955317813,0.1419383653416704,small,-0.028975083695311765,stop,001_100,1,rank1,500
SNOW,2026-01-05,2026-01-02,2026,68,0.07844564110027631,0.3161260639521509,large,-0.02577342568651242,stop,001_100,2,rank2,500
LEN,2026-01-05,2026-01-02,2026,286,0.05441316039228091,0.304322711081159,large,0.164869014419333,target60,201_300,3,rank3plus,500
SNOW,2026-01-06,2026-01-05,2026,78,0.19706010769902474,0.3047006651884701,large,-0.06098383180915068,stop,001_100,1,rank1,500
LEN,2026-01-06,2026-01-05,2026,283,0.05852578298006945,0.30394230769230757,large,0.16341292815130903,target60,201_300,2,rank2,500
TZA,2026-01-07,2026-01-06,2026,151,0.03174603174603109,0.14231927710843364,small,-0.005513056724649412,stop,101_200,1,rank1,500
LEN,2026-01-07,2026-01-06,2026,300,0.14710534640936393,0.29597378277153547,large,0.13291146561550682,target60,201_300,2,rank2,500
TZA,2026-01-08,2026-01-07,2026,153,0.16931216931216864,0.139586410635155,small,-0.024609556373954566,stop,101_200,1,rank1,500
LEN,2026-01-08,2026-01-07,2026,318,0.031635558367605204,0.30644692195831297,large,0.17299994694848397,target60,301_400,2,rank2,500
GLW,2026-01-09,2026-01-08,2026,274,0.04083368779242906,0.137759287472167,small,-0.007204472298012465,stop_gap,201_300,1,rank1,500
AIG,2026-01-09,2026-01-08,2026,323,0.159656264133876,0.14173076923076933,small,-0.023605088481400305,stop,301_400,2,rank2,500
KKR,2026-01-14,2026-01-13,2026,302,0.07894736842105317,0.13577753611931026,small,-0.011708065494982822,stop,301_400,1,rank1,500
DASH,2026-01-15,2026-01-14,2026,171,0.1844754790516395,0.14401983254595627,small,-0.027541073001550287,stop,101_200,1,rank1,500
DASH,2026-01-16,2026-01-15,2026,174,0.10133160116921003,0.14576527955309376,small,-0.015755366174319274,stop,101_200,1,rank1,500
NET,2026-01-16,2026-01-15,2026,347,0.16160388821385213,0.13382839178275244,small,-0.03749613078982761,stop_gap,301_400,2,rank2,500
WFC,2026-01-23,2026-01-22,2026,101,0.12494669509594902,0.1340000000000001,small,-0.01772562290283408,stop,101_200,1,rank1,500
WFC,2026-01-26,2026-01-23,2026,97,0.09083155650319803,0.13461538461538472,small,0.06747389795343461,target60,001_100,1,rank1,500
WFC,2026-01-27,2026-01-26,2026,98,0.1803837953091691,0.13301191151446407,small,0.05475866717803912,target60,001_100,1,rank1,500
VST,2026-02-02,2026-01-30,2026,149,0.17741594417424425,0.29996828417380283,large,-0.05416546404881917,stop,101_200,1,rank1,500
VST,2026-02-03,2026-02-02,2026,153,0.14506238105307698,0.302908019472201,large,-0.04489614019533916,stop,101_200,1,rank1,500
VST,2026-02-04,2026-02-03,2026,153,0.0831042503700572,0.3087016123767871,large,-0.02662827473918883,stop,101_200,1,rank1,500
XYZ,2026-02-05,2026-02-04,2026,425,0.06888499708114419,0.3044250933001598,large,-0.02194886207154101,stop,401_500,1,rank1,500
DASH,2026-02-06,2026-02-05,2026,215,0.08353851565247976,0.30440601745275453,large,-0.026403710185166407,stop,201_300,1,rank1,500
DASH,2026-02-10,2026-02-09,2026,206,0.0629616602180797,0.30632474948820176,large,-0.02026693796728396,stop,201_300,1,rank1,500
DASH,2026-02-11,2026-02-10,2026,207,0.06278578965881149,0.30634125316523897,large,-0.020214153469572005,stop,201_300,1,rank1,500
DELL,2026-02-13,2026-02-12,2026,201,0.15641293013555788,0.29068156231055686,large,0.18847058673832762,target_gap,201_300,1,rank1,500
EMR,2026-02-13,2026-02-12,2026,329,0.0799715234931182,0.14461221688400838,small,-0.012552800470046255,stop,301_400,2,rank2,500
EMR,2026-02-17,2026-02-13,2026,311,0.11556715709539629,0.14387162854216473,small,-0.01760971682134327,stop,301_400,1,rank1,500
DELL,2026-02-18,2026-02-17,2026,185,0.1379413079100252,0.29225076186329996,large,0.1948863617821044,target_gap,101_200,1,rank1,500
HPQ,2026-02-18,2026-02-17,2026,490,0.05465587044534335,0.13423913043478256,small,-0.00832912348173731,stop,401_500,2,rank2,500
HPQ,2026-02-19,2026-02-18,2026,492,0.014170040485830024,0.13497267759562834,small,-0.002910156943386144,stop,401_500,1,rank1,500
HPQ,2026-02-20,2026-02-19,2026,491,0.07489878542510073,0.13387533875338747,small,-0.01101657843165138,stop,401_500,1,rank1,500
AAL,2026-02-24,2026-02-23,2026,227,0.03653585926928275,0.28554868624420404,large,-0.05195315788782562,stop_gap,201_300,1,rank1,500
MA,2026-02-25,2026-02-24,2026,76,0.17910030734842114,0.14235710592259665,small,0.006868209823333027,time_h15,001_100,1,rank1,500
NVDL,2026-03-02,2026-02-27,2026,162,0.08299133606931111,0.2940860936033258,large,0.15089358901077854,target60,101_200,1,rank1,500
CARR,2026-03-05,2026-03-04,2026,411,0.13498312710911178,0.1466270823024904,small,-0.026538849987837954,stop_gap,401_500,1,rank1,500
BDX,2026-03-06,2026-03-05,2026,354,0.07920181032709306,0.28889813384048507,large,-0.023857885629870013,stop,301_400,1,rank1,500
IR,2026-03-06,2026-03-05,2026,409,0.04063018242122681,0.1349144199574895,small,-0.006475618885936618,stop,401_500,2,rank2,500
MCHP,2026-03-09,2026-03-06,2026,298,0.015422885572139422,0.3162366268093139,large,-0.005871906714987385,stop,201_300,1,rank1,500
BDX,2026-03-09,2026-03-06,2026,353,0.01213742028389227,0.2946060606060607,large,-0.00457168385504203,stop,301_400,2,rank2,500
MCHP,2026-03-10,2026-03-09,2026,306,0.09004975124378123,0.30894558868736544,large,-0.028792167088911635,stop,301_400,1,rank1,500
BDX,2026-03-10,2026-03-09,2026,354,0.0012343139271755246,0.29555542044141797,large,-0.0013639437957192468,stop,301_400,2,rank2,500
BKR,2026-03-10,2026-03-09,2026,378,0.1827503015681545,0.1382934356493452,small,-0.026247406782887506,stop,301_400,3,rank3plus,500
CHTR,2026-03-10,2026-03-09,2026,485,0.08873144399460169,0.13337533186338485,small,-0.012822257367918422,stop,401_500,4,rank3plus,500
MCHP,2026-03-11,2026-03-10,2026,333,0.11442786069651731,0.3066361556064072,large,-0.03605214936391443,stop,301_400,1,rank1,500
BKR,2026-03-11,2026-03-10,2026,378,0.07358262967430633,0.1404132791327913,small,-0.011321151754745795,stop,301_400,2,rank2,500
MCHP,2026-03-12,2026-03-11,2026,335,0.06766169154228854,0.3110973533508744,large,-0.02202783455818902,stop,301_400,1,rank1,500
B,2026-03-13,2026-03-12,2026,243,0.17042309213127732,0.2860859728506786,large,-0.05072350702476813,stop_gap,201_300,1,rank1,500
B,2026-03-17,2026-03-16,2026,255,0.11269276393831536,0.29089026915113864,large,-0.054775924667065934,stop_gap,201_300,1,rank1,500
SMCI,2026-03-19,2026-03-18,2026,207,0.07553956834532408,0.13899999999999993,small,-0.2500836248542395,stop_gap,201_300,1,rank1,500
DHR,2026-03-20,2026-03-19,2026,251,0.15271659324522743,0.1437618746041799,small,-0.022932380126170826,stop,201_300,1,rank1,500
PDD,2026-03-20,2026-03-19,2026,285,0.003865073787772293,0.29340206185567,large,-0.0021323874145400268,stop,201_300,2,rank2,500
BKNG,2026-03-30,2026-03-27,2026,96,0.06587209834238505,0.1477935391877274,small,-0.0009995002498749406,,001_100,1,rank1,500
PDD,2026-03-30,2026-03-27,2026,251,0.10681658468025323,0.2847993595516861,large,-0.0009995002498750516,,201_300,2,rank2,500
IBIT,2026-03-31,2026-03-30,2026,50,0.12849162011173149,0.14198836594394493,small,-0.0009995002498749406,,001_100,1,rank1,500
CAT,2026-03-31,2026-03-30,2026,81,0.17890057465033066,0.1356323529411765,small,-0.0009995002498748295,,001_100,2,rank2,500
KWEB,2026-03-31,2026-03-30,2026,200,0.02230971128608945,0.13729729729729737,small,-0.004059501780641184,stop,101_200,3,rank3plus,500
PDD,2026-03-31,2026-03-30,2026,246,0.06043569922698522,0.28861170266707226,large,-0.0009995002498748295,,201_300,4,rank3plus,500
ADSK,2026-03-31,2026-03-30,2026,446,0.07742335088262622,0.13745104716499232,small,-0.0009995002498750516,,401_500,5,rank3plus,500
FBTC,2026-03-31,2026-03-30,2026,467,0.13017031630170323,0.14143152099105297,small,-0.0009995002498748295,,401_500,6,rank3plus,500
