signal_date,symbol,scale,lower,upper,close,liquidity_rank,adv20_prior,detected_at,ord,box_age_sessions,box_width_pct,direct_entry_date,direct_entry_price,signal_low,entry_fraction,entry_date,entry_price,entry_weight,cost_basis,shares,target,last,entry_i,hold_sessions,opening_exposure,exit_date,exit_price,exit_reason,net_return
2023-01-05,MRO,large,25.36,33.42,25.87,280,233898055.96525,2022-12-28,1,5,0.3063473964272141,2023-01-06,26.31,25.26,0.11786600496277903,2023-01-06,26.31,0.18034192722120432,0.18770236104280882,0.007130692127034871,30.196,28.09,1011,12,0.8196580727787958,2023-01-24,32.54,target_gap,0.23555561136450032
2023-01-03,COP,large,106.83,138.49,113.09,105,504615202.2134999,2022-12-27,1,4,0.2846610321884554,2023-01-04,111.22,111.95,0.13866077068856597,2023-01-04,111.22,0.3091659026122331,0.3091659026122331,0.002778379065464188,125.82600000000001,118.81,1009,15,0.0,2023-01-25,120.38,time_h15,0.08127719919978427
2023-01-04,FANG,large,129.49,168.95,130.62,206,306213442.108,2022-12-28,1,4,0.3011524078455314,2023-01-05,131.03,128.08,0.039026862645717,2023-01-05,131.03,0.5,0.5031317363449581,0.0038379010186734767,153.166,147.12,1010,15,0.31346598963684136,2023-01-26,149.89,time_h15,0.1427928525719302
2023-01-30,EQT,small,31.5,35.97,32.15,365,190743160.189,2023-01-26,0,2,0.13856168629882204,2023-01-31,32.26,32.07,0.17002237136465284,2023-01-31,32.26,0.5,0.5705930494572797,0.017678479632131157,34.182,32.67,1027,2,0.0,2023-02-01,31.5,stop,-0.02453478378797269
2023-02-02,HAL,small,38.285,43.42,38.54,212,339834348.68850005,2023-02-02,0,0,0.1340731070496085,2023-02-03,38.3,38.285,0.0029211295034080923,2023-02-03,38.3,0.5,0.5635933609076025,0.014707873739612238,41.366,38.3,1030,1,0.0,2023-02-03,38.285,stop,-0.0013910033616186812
2023-02-03,HAL,small,38.285,43.42,38.55,214,351784159.5285,2023-02-02,0,1,0.13351534061362466,2023-02-06,38.46,37.92,0.03407984420642728,2023-02-06,38.46,0.5,0.5632013807777982,0.014636499742262334,41.366,38.46,1031,1,0.0,2023-02-06,38.285,stop,-0.005545382962818368
2023-02-06,HAL,small,38.285,43.42,38.3,213,362385616.49100006,2023-02-02,0,2,0.1326188016528927,2023-02-07,38.72,37.54,0.0847127555988319,2023-02-07,38.72,0.5,0.5616397971069977,0.014497907469226351,41.366,38.72,1032,1,0.0,2023-02-07,38.285,stop,-0.012223022436725128
2023-02-10,M,small,21.94,25.12,22.11,484,162086911.14624998,2023-02-09,0,1,0.14402173913043478,2023-02-13,22.08,21.78,0.04402515723270347,2023-02-13,22.08,0.4952836581671703,0.5582073291862995,0.02526848847471496,23.848000000000003,22.08,1036,1,0.5047163418328298,2023-02-13,21.94,stop,-0.007333990715579608
2023-02-09,FSLR,small,161.15,185.28,164.0,235,333919523.73025,2023-02-08,0,1,0.1483827327511991,2023-02-10,162.62,161.84,0.06092001657687522,2023-02-10,162.62,0.5,0.5582073291862995,0.0034308708985469577,175.62800000000001,167.27,1035,3,0.0,2023-02-14,161.15,stop,-0.010030191320255732
2023-02-13,M,small,21.94,25.12,22.365,485,160261595.57275,2023-02-09,0,2,0.1426648721399731,2023-02-14,22.29,21.81,0.11006289308176034,2023-02-14,22.29,0.4992706076062347,0.5541134418166787,0.024846854423318545,23.848000000000003,22.29,1037,4,0.5007293923937652,2023-02-17,21.94,stop,-0.016686160385822935
2023-02-23,COF,small,107.29,123.07,109.51,201,366908357.293,2023-02-23,0,0,0.14670881368538477,2023-02-24,107.56,107.29,0.01711026615969558,2023-02-24,107.56,0.5,0.5468862233141891,0.005081933620328487,116.758,108.59,1044,5,0.25922609604805413,2023-03-02,106.68,stop_gap,-0.009173050669393557
2023-03-01,GM,small,38.35,43.63,38.73,104,596143884.43825,2023-02-28,0,1,0.13748209868506708,2023-03-02,38.405,38.64,0.01041666666666661,2023-03-02,38.405,0.4970796271064511,0.5418696082773348,0.014102295885254423,41.518,38.405,1048,1,0.502920372893549,2023-03-02,38.35,stop,-0.002430423447467689
2023-03-02,KEY,small,17.79,20.3,17.955,412,185621563.7285,2023-03-01,0,1,0.13844456701599567,2023-03-03,18.13,17.615,0.13545816733067714,2023-03-03,18.13,0.24605662462127575,0.2702763178379537,0.014900230539384156,19.296,18.145,1049,3,0.5078867507574486,2023-03-07,17.79,stop,-0.019734448565912777
2023-03-07,IQV,small,206.75,237.505,212.65,435,168588691.11425,2023-03-06,0,1,0.145036547983966,2023-03-08,212.05,212.03,0.17232970248740082,2023-03-08,212.05,0.2468905409761858,0.2649425637449963,0.0012488096791470114,225.203,211.58,1052,2,0.7531094590238142,2023-03-09,206.75,stop,-0.025968867307238686
2023-03-13,PYPL,small,72.51,82.84,73.55,52,837316666.5424999,2023-03-08,0,3,0.1402579769178547,2023-03-14,73.65,71.1,0.11035818005808333,2023-03-14,73.65,0.23377937212195024,0.25806230546306286,0.003502149006250256,78.708,72.86,1056,2,0.7662206278780498,2023-03-15,72.09,stop_gap,-0.022159836761710516
2023-02-22,GOLD,large,15.375,20.19,16.21,236,326368604.736,2023-02-17,1,2,0.2985120892746436,2023-02-23,16.13,16.1,0.15680166147455843,2023-02-23,16.13,0.26172579719170647,0.287237733608802,0.017798767187972575,18.264,16.99,1043,15,0.0,2023-03-15,17.48,time_h15,0.08261155424674538
2023-02-24,TSM,small,86.66,98.99,88.11,33,1183347231.0455,2023-02-22,0,2,0.13900789177001124,2023-02-27,88.7,87.24,0.16545012165450174,2023-02-27,88.7,0.23700649435150756,0.263351862009786,0.0029675331012263936,94.05799999999999,88.28,1045,13,0.7629935056484923,2023-03-15,86.66,stop,-0.023975629481397753
2023-03-02,LLY,small,309.2,353.75,315.13,47,977845268.708,2023-03-02,0,0,0.14081613300881882,2023-03-03,316.37,310.53,0.16094276094276125,2023-03-03,316.37,0.24605662462127575,0.2702763178379537,0.000853877357774235,335.93,331.03,1049,15,0.5078867507574486,2023-03-23,332.53,time_h15,0.050028615647817354
2023-03-22,EQT,large,28.105,37.02,29.52,398,178867118.553,2023-03-21,1,1,0.298860207844452,2023-03-23,29.83,29.5,0.19349411104879388,2023-03-23,29.83,0.21269575262939674,0.23457956990960666,0.00785994904876473,33.454,32.115,1063,11,0.256181504375126,2023-04-10,33.454,target60,0.12036722639959807
2023-04-05,ROK,small,270.445,309.32,273.16,495,145037364.11650002,2023-03-31,0,3,0.14282827540598134,2023-04-06,272.18,272.65,0.0446302250803862,2023-04-06,272.18,0.2546810282152523,0.28888723649243675,0.0010608523509228838,293.77,272.16,1073,2,0.7453189717847476,2023-04-10,270.445,stop,-0.007367835214747598
2023-03-27,ZM,large,64.48,85.13,68.56,261,255449353.6735,2023-03-24,1,1,0.3011521073355694,2023-03-28,68.57,67.85,0.19806295399515694,2023-03-28,68.57,0.20631502577273156,0.2287669610410372,0.0033345862266372568,76.87,67.62,1066,15,0.21577540197355152,2023-04-18,67.295,time_h15,-0.01957529788901835
2023-04-04,BX,large,77.11,102.04,81.2,163,396747618.2335,2023-04-04,1,0,0.3104994395316977,2023-04-05,80.29,80.98,0.12755716004813503,2023-04-05,80.29,0.30813723647466723,0.351912511881887,0.004380826449445087,92.068,87.22,1072,9,0.43891093118053676,2023-04-18,92.068,target60,0.14554683045211103
2023-04-20,SE,small,77.99,88.8,78.79,216,286281205.69200003,2023-04-20,0,0,0.13777721131786902,2023-04-21,78.46,77.99,0.043478260869565105,2023-04-21,78.46,0.5,0.5853508195042724,0.007456769616295186,84.476,78.46,1083,1,0.46406409514760205,2023-04-21,77.99,stop,-0.0069840747196022734
2023-04-21,SE,small,77.99,88.8,79.16,222,280209963.388,2023-04-20,0,1,0.13655886811520973,2023-04-24,79.16,77.67,0.10823311748381143,2023-04-24,79.16,0.310877172023549,0.36316737115729175,0.0045854697760448855,84.476,78.71,1084,2,0.46641689984240675,2023-04-25,76.84,stop_gap,-0.030278180773117613
2023-04-21,SNAP,large,9.68,12.67,10.0,257,238784512.03275,2023-04-21,1,0,0.2984031936127745,2023-04-24,10.02,9.98,0.11371237458193974,2023-04-24,10.02,0.2227059281340443,0.26016553719633995,0.025951642158457265,11.474,10.475,1084,5,0.46641689984240675,2023-04-28,8.64,stop_gap,-0.13858661077844292
2023-04-27,SLB,small,47.435,53.81,47.96,163,380570472.0935,2023-04-26,0,1,0.13300646776549135,2023-04-28,47.93,46.99,0.07764705882352901,2023-04-28,47.93,0.19993678931385947,0.22411007715494627,0.004673440895396804,51.260000000000005,47.93,1088,1,0.8000632106861405,2023-04-28,47.435,stop,-0.011316986047360644
2023-04-10,SPXS,large,16.98,22.06,17.755,105,540753227.54,2023-04-06,1,1,0.28733031674208137,2023-04-11,17.68,17.75,0.13779527559055108,2023-04-11,17.68,0.26081367146089846,0.29700880427359655,0.01679074094295587,20.028,17.025,1075,15,0.5174001000985048,2023-05-01,16.98,stop,-0.040552927319004284
2023-04-10,SPXU,large,12.85,16.71,13.51,175,374377865.7585,2023-04-05,1,2,0.2863501483679526,2023-04-11,13.48,13.51,0.16321243523316079,2023-04-11,13.48,0.22178622844059673,0.2525652207743567,0.018726924196140176,15.166,12.97,1075,15,0.5174001000985048,2023-05-01,12.85,stop,-0.047688930823441944
2023-04-28,SDOW,small,24.58,28.13,24.61,439,152431774.8585,2023-04-26,0,2,0.1443089430894309,2023-05-01,24.6,24.6,0.005633802816902288,2023-05-01,24.6,0.19586952891814338,0.22157382653871083,0.009002562586400059,26.709999999999997,24.6,1089,1,0.8041304710818566,2023-05-01,24.58,stop,-0.0018119453252033457
2023-04-25,UBER,large,28.8,37.58,29.6,114,486672106.2057501,2023-04-20,1,3,0.29562289562289557,2023-04-26,29.7,29.555,0.10250569476081992,2023-04-26,29.7,0.29658972036312153,0.35217132384249333,0.011851691521231384,34.068,32.73,1086,5,0.7034102796368785,2023-05-02,35.02,target_gap,0.17794574932659968
2023-05-01,SDOW,small,24.58,28.13,24.74,438,153448801.236,2023-04-26,0,3,0.14291465378421903,2023-05-02,24.84,24.27,0.07323943661971874,2023-05-02,24.84,0.5,0.5807479720438695,0.023367858214889195,26.709999999999997,26.15,1090,3,0.0,2023-05-04,26.709999999999997,target60,0.07420679055958135
2023-05-02,NUE,large,139.03,182.65,146.56,270,234311177.0505,2023-04-24,1,6,0.296110243703754,2023-05-03,147.31,143.25,0.18982118294360387,2023-05-03,147.31,0.2187176190792779,0.257196023810641,0.0017450779023741477,165.202,146.19,1091,2,0.5061361686366048,2023-05-04,139.03,stop,-0.057151552796822935
2023-05-04,MTCH,small,33.035,37.68,33.6,466,145583917.11149997,2023-05-03,0,1,0.13677856301531222,2023-05-05,33.96,33.08,0.19913885898816008,2023-05-05,33.96,0.44310209468465034,0.5265409668357789,0.015496987525098968,35.821999999999996,33.96,1093,1,0.2709452445461311,2023-05-05,33.035,stop,-0.02821044585541821
2023-05-05,MTCH,small,33.035,37.68,33.25,471,146195280.2715,2023-05-03,0,2,0.13986750978620907,2023-05-08,33.21,32.87,0.03767491926803103,2023-05-08,33.21,0.5,0.589781350458433,0.0177502697917255,35.821999999999996,33.21,1094,1,0.27813389593237403,2023-05-08,33.035,stop,-0.006263978959650696
2023-05-03,UPS,small,172.13,197.75,175.93,93,556226608.387,2023-05-01,0,2,0.14677742767115443,2023-05-04,174.55,175.5,0.09445745511319342,2023-05-04,174.55,0.01968740651567703,0.0234368748816304,0.00013420313058831043,187.502,173.02,1092,5,0.9606265228322671,2023-05-10,172.13,stop,-0.014850111529647658
2023-05-09,BAX,small,42.35,48.23,43.09,294,228434955.79375,2023-05-08,0,1,0.13573407202216056,2023-05-10,43.32,42.44,0.16496598639455776,2023-05-10,43.32,0.5,0.5896908215279648,0.01360563195099725,45.878,43.38,1096,3,0.28115554584388797,2023-05-12,42.35,stop,-0.023368869171283335
2023-05-02,DFS,large,90.46,119.91,95.22,420,157213233.5215,2023-04-21,1,7,0.3085708298407377,2023-05-03,95.44,94.01,0.16910016977928705,2023-05-03,95.44,0.23528647039690936,0.27667978874893745,0.0028975424230360753,108.13,101.04,1091,15,0.5061361686366048,2023-05-23,101.91,time_h15,0.06672375814647946
2023-05-03,BKR,small,26.81,30.82,27.45,461,147559753.13275,2023-05-03,0,0,0.14597742992355303,2023-05-04,27.47,26.81,0.1645885286783042,2023-05-04,27.47,0.019686070652055774,0.023435284602660676,0.0008526962854153385,29.216,28.41,1092,15,0.9606265228322671,2023-05-24,28.73,time_h15,0.04482261312340752
2023-05-12,INTC,small,28.51,32.64,28.96,40,948555631.8815,2023-05-10,0,2,0.14290657439446364,2023-05-15,28.9,28.72,0.09443099273607679,2023-05-15,28.9,0.4941886347609121,0.5759104138681712,0.019917732133606824,30.988,28.98,1099,9,0.5058113652390879,2023-05-25,28.25,stop_gap,-0.023468613754325074
2023-05-23,BABA,large,79.48,104.52,82.89,19,1693981106.4945,2023-05-17,1,4,0.304752631899227,2023-05-24,82.165,82.705,0.10722843450479246,2023-05-24,82.165,0.104925447797802,0.12581676792486998,0.0015305039802946212,94.50399999999999,81.22,1106,2,0.7538659430500779,2023-05-25,79.48,stop,-0.033645227651676324
2023-05-10,DD,small,62.8,71.95,64.13,412,168768089.59700003,2023-05-05,0,3,0.14386792452830197,2023-05-11,63.6,63.26,0.08743169398907145,2023-05-11,63.6,0.239450549772206,0.28118996659204537,0.004419015276867128,68.29,67.6,1097,13,0.760549450227794,2023-05-30,68.29,target60,0.07266866466194988
2023-05-26,BABA,large,79.48,104.52,80.99,19,1596751400.319,2023-05-17,1,7,0.31253120319520705,2023-05-30,80.12,78.4,0.025559105431309934,2023-05-30,80.12,0.34882051679816223,0.4187398698613349,0.005223795555746433,94.50399999999999,80.12,1109,1,0.6511794832018378,2023-05-30,79.48,stop,-0.00897978195207183
2023-05-25,ROKU,large,51.65,68.35,54.58,198,324567851.5445,2023-05-22,1,3,0.3072111846946283,2023-05-26,54.36,54.44,0.1622754491017965,2023-05-26,54.36,0.2460508576712682,0.2897240743701528,0.00532706424453583,61.669999999999995,60.15,1108,6,0.398330423571852,2023-06-05,61.669999999999995,target60,0.13333968759197945
2023-05-23,SWAV,small,268.14,308.09,274.24,442,163578441.9935,2023-05-19,0,2,0.14748772473880456,2023-05-24,270.87,268.9,0.06833541927409309,2023-05-24,270.87,0.14120860915212005,0.16932413613257064,0.0006247996236737341,292.10999999999996,290.8,1106,9,0.7538659430500779,2023-06-06,292.10999999999996,target60,0.07733585493963879
2023-06-21,CRWD,small,142.39,162.25,143.85,86,714195950.987,2023-06-16,0,2,0.1393097643097644,2023-06-22,142.56,143.27,0.008559919436053161,2023-06-22,142.56,0.2515206311890893,0.3107173614534129,0.002178465227081132,154.30599999999998,142.56,1125,1,0.49695873762182136,2023-06-22,142.39,stop,-0.0021910381769079113
2023-06-21,DDOG,small,91.0,103.8,91.91,192,355315340.412,2023-06-15,0,3,0.1395399542134525,2023-06-22,91.73,91.85,0.057031250000000325,2023-06-22,91.73,0.2515206311890893,0.3107173614534129,0.0033856099724483397,98.67999999999999,91.73,1125,1,0.49695873762182136,2023-06-22,91.0,stop,-0.00894993186525661
2023-06-22,CRWD,small,142.39,162.25,145.84,82,732253867.2575,2023-06-16,0,3,0.13825269752871572,2023-06-23,143.65,141.5,0.06344410876133023,2023-06-23,143.65,0.5,0.617129728113033,0.004293916903926046,154.30599999999998,143.65,1126,1,0.4993167546952903,2023-06-23,142.39,stop,-0.009762300052210238
2023-06-02,T,small,15.0,17.19,15.21,117,512016037.71425,2023-06-01,0,1,0.14257812500000008,2023-06-05,15.36,14.85,0.16438356164383527,2023-06-05,15.36,0.5,0.6059433751059863,0.03942971376422092,16.314,15.45,1113,15,0.408687863787085,2023-06-26,15.64,time_h15,0.017211192057291713
2023-06-23,TFC,small,29.44,33.75,30.02,228,306561249.079,2023-06-20,0,3,0.14323695579926882,2023-06-26,30.09,29.85,0.15081206496519692,2023-06-26,30.09,0.5,0.610765899654585,0.020287820428871978,32.026,30.82,1127,9,0.49903193280731756,2023-07-07,32.026,target60,0.06327623816882721
2023-07-06,KWEB,small,26.445,30.17,26.49,148,435943320.1865,2023-06-30,0,3,0.1391483003361973,2023-07-07,26.77,26.37,0.08724832214765078,2023-07-07,26.77,0.4964906622237134,0.6175549077705085,0.023057382529571284,28.68,27.93,1135,4,0.5035093377762866,2023-07-12,28.91,target_gap,0.07886056135599562
2023-07-14,QID,small,12.34,14.09,12.58,390,168674657.91075,2023-07-14,0,0,0.13955342902711323,2023-07-17,12.54,12.34,0.11428571428571388,2023-07-17,12.54,0.33333333333333337,0.43855616755065585,0.03495509485381823,13.39,12.54,1141,1,0.0,2023-07-17,12.34,stop,-0.016932768341307636
2023-07-14,SPXS,small,13.31,15.17,13.49,222,287216792.95325,2023-07-14,0,0,0.13747228381374718,2023-07-17,13.53,13.31,0.11827956989247254,2023-07-17,13.53,0.33333333333333337,0.43855616755065585,0.03239740498646567,14.426,13.53,1141,1,0.0,2023-07-17,13.31,stop,-0.017243656504065008
2023-07-14,SPXU,small,10.14,11.55,10.28,321,210075009.09250003,2023-07-14,0,0,0.1367604267701261,2023-07-17,10.31,10.14,0.12056737588652476,2023-07-17,10.31,0.33333333333333337,0.43855616755065585,0.04251570217913487,10.986,10.31,1141,1,0.0,2023-07-17,10.14,stop,-0.017472111057225903
2023-07-17,QID,small,12.34,14.09,12.36,404,162703287.28775,2023-07-14,0,1,0.14101531023368252,2023-07-18,12.41,12.3,0.04000000000000016,2023-07-18,12.41,0.3333333333333333,0.4310059062289738,0.03471316706493629,13.39,12.41,1142,1,0.0,2023-07-18,12.34,stop,-0.006634723207090909
2023-07-17,SPXS,small,13.31,15.17,13.36,233,277938608.84275,2023-07-14,0,1,0.1388059701492537,2023-07-18,13.4,13.26,0.048387096774193485,2023-07-18,13.4,0.3333333333333333,0.4310059062289738,0.032148537557899946,14.426,13.4,1142,1,0.0,2023-07-18,13.31,stop,-0.007709453171641845
2023-07-17,SPXU,small,10.14,11.55,10.185,330,202175140.0735,2023-07-14,0,1,0.13809990205680706,2023-07-18,10.21,10.1,0.04964539007092218,2023-07-18,10.21,0.3333333333333333,0.4310059062289738,0.04219298758823303,10.986,10.21,1142,1,0.0,2023-07-18,10.14,stop,-0.007848919196865811
2023-07-20,ALGN,small,323.78,371.96,330.96,382,171370514.5595,2023-07-19,0,1,0.14475858546405074,2023-07-21,332.83,330.74,0.18783727687837298,2023-07-21,332.83,0.44383875204528084,0.5696458952882721,0.0017106663231698706,352.688,340.15,1145,5,0.0,2023-07-27,403.83,target_gap,0.21210909760989094
2023-08-07,SHOP,large,55.42,71.43,57.57,70,804644600.2737501,2023-08-01,1,4,0.28361381753764403,2023-08-08,56.45,56.51,0.0643347907557777,2023-08-08,56.45,0.5,0.7021397201115541,0.012432039862736907,65.02600000000001,56.18,1157,2,0.0,2023-08-09,55.42,stop,-0.019227743932683672
2023-08-09,NVDA,small,420.67,480.88,425.84,3,17980750856.6755,2023-08-07,0,2,0.1428164804668042,2023-08-10,421.59,421.34,0.015279853844875593,2023-08-10,421.59,0.2598454902783246,0.36301118602435417,0.0008606221220411823,456.796,421.59,1159,1,0.5070681390539604,2023-08-10,420.67,stop,-0.003179783278777659
2023-08-09,TNA,small,36.54,41.64,37.18,150,486786760.664,2023-08-08,0,1,0.13581890812250338,2023-08-10,37.55,36.68,0.19803921568627406,2023-08-10,37.55,0.23308637066771484,0.32562797134392873,0.008667514177317091,39.6,37.55,1159,1,0.5070681390539604,2023-08-10,36.54,stop,-0.027870329294274243
2023-08-07,ALB,large,187.5,247.44,196.82,212,349779162.1255,2023-08-03,1,2,0.3091124748594709,2023-08-08,193.91,194.72,0.10694027360694022,2023-08-08,193.91,0.3673981699682092,0.5159296964619512,0.00265933542165809,223.464,191.7,1157,4,0.0,2023-08-11,187.5,stop,-0.03402327432829666
2023-08-10,SHOP,large,55.42,71.43,56.47,66,797489842.59125,2023-08-01,1,7,0.2880014391077533,2023-08-11,55.59,55.38,0.010618363522798354,2023-08-11,55.59,0.4945775181040026,0.6784095016801717,0.012197702769011182,65.02600000000001,55.59,1160,1,0.5054224818959974,2023-08-11,55.42,stop,-0.004054796636085434
2023-08-08,MGM,small,44.68,51.35,45.99,370,210219506.211,2023-08-08,0,0,0.14582422387407087,2023-08-09,45.74,44.86,0.15892053973013523,2023-08-09,45.74,0.13240837213917037,0.18621002364960293,0.004069018772142066,48.682,45.66,1158,5,0.8675916278608294,2023-08-15,44.68,stop,-0.024151045693047712
2023-08-15,PYPL,large,58.95,76.53,59.495,45,1003511264.5919998,2023-08-04,1,7,0.29576043068640645,2023-08-16,59.44,59.4,0.027872582480090724,2023-08-16,59.44,0.4957727272195176,0.6763228245345825,0.01137255489775093,69.498,59.68,1163,2,0.5042272727804824,2023-08-17,58.95,stop,-0.009235115452557174
2023-08-11,MU,small,63.13,72.34,64.4,82,718300644.3634999,2023-08-08,0,3,0.14332399626517273,2023-08-14,64.26,64.07,0.12269272529858875,2023-08-14,64.26,0.5,0.6794248003053373,0.010567772921026838,68.656,63.54,1161,5,0.13600830625231508,2023-08-18,62.38,stop_gap,-0.030226648070339146
2023-08-18,ZM,small,65.36,74.55,66.28,466,157394899.059,2023-08-16,0,2,0.13815393866506312,2023-08-21,66.52,64.33,0.12622415669205625,2023-08-21,66.52,0.5,0.6644824855715268,0.009984218946613665,70.874,67.27,1166,2,0.0,2023-08-22,65.36,stop,-0.018420680396873057
2023-09-01,WBD,large,11.44,14.76,11.56,416,158503162.9385,2023-08-28,1,4,0.28620689655172415,2023-09-05,11.6,11.34,0.04819277108433739,2023-09-05,11.6,0.24909446054104087,0.32918118791175516,0.028363499768775804,13.431999999999999,11.6,1176,1,0.5018110789179182,2023-09-05,11.44,stop,-0.014779063793103231
2023-09-05,WBD,large,11.44,14.76,11.635,370,172403970.85325,2023-08-28,1,5,0.2879444926279272,2023-09-06,11.53,11.34,0.027108433734939714,2023-09-06,11.53,0.24347618454677442,0.32431619813611784,0.02811396704571117,13.431999999999999,11.53,1177,1,0.7565238154532254,2023-09-06,11.44,stop,-0.008797670424978365
2023-09-14,SQ,small,52.78,60.35,53.85,116,458341977.5395,2023-09-12,0,2,0.14102086438152012,2023-09-15,53.68,53.57,0.11889035667106983,2023-09-15,53.68,0.24141607815751598,0.3214629711114343,0.005985511170377769,57.322,53.68,1184,1,0.758583921842484,2023-09-15,52.78,stop,-0.01774900903502208
2023-09-15,FSLR,small,170.17,193.48,174.02,184,322736549.584,2023-09-14,0,1,0.13411967779056386,2023-09-18,173.8,171.68,0.15572715572715673,2023-09-18,173.8,0.11652005598267057,0.1578786609663762,0.0009079385594700405,184.15599999999998,173.8,1185,1,0.7669598880346588,2023-09-18,170.17,stop,-0.02186494509493664
2023-09-15,SQ,small,52.78,60.35,52.84,117,456427394.028,2023-09-12,0,3,0.14334406362431357,2023-09-18,52.81,52.26,0.003963011889035817,2023-09-18,52.81,0.11652005598267057,0.1578786609663762,0.0029880651701551415,57.322,52.81,1185,1,0.7669598880346588,2023-09-18,52.78,stop,-0.00156725629615595
2023-08-30,SPXU,small,10.115,11.635,10.31,229,282049829.34344995,2023-08-30,0,0,0.14771622934888237,2023-08-31,10.29,10.27,0.11513157894736775,2023-08-31,10.29,0.5,0.6583623758235103,0.06394880414340123,11.027,10.81,1174,13,0.0,2023-09-19,11.027,target60,0.07055157985908656
2023-09-01,SPXS,small,13.35,15.29,13.58,213,289451883.7895,2023-09-01,0,0,0.1423330887747615,2023-09-05,13.63,13.35,0.14432989690721712,2023-09-05,13.63,0.24909446054104087,0.32918118791175516,0.02413914873938366,14.514,14.15,1176,12,0.5018110789179182,2023-09-20,14.514,target60,0.0637923425165079
2023-09-21,ELF,large,105.66,139.85,106.0,495,123651432.0265,2023-09-14,1,5,0.31914496406235415,2023-09-22,107.13,100.51,0.04299502778590228,2023-09-22,107.13,0.5,0.6835245929561429,0.006377138342758003,126.17399999999999,107.13,1189,1,0.0,2023-09-22,105.66,stop,-0.014707678381405742
2023-09-22,MRVL,small,51.79,59.28,52.33,100,509062963.458,2023-09-22,0,0,0.1438724548597772,2023-09-25,52.06,52.035,0.03604806408544767,2023-09-25,52.06,0.5,0.6784980630166528,0.013026485093836814,56.284,52.06,1190,1,0.0,2023-09-25,51.79,stop,-0.0061808884460237135
2023-09-25,MRVL,small,51.79,59.28,52.64,117,463070291.40550005,2023-09-22,0,1,0.14406616657049437,2023-09-26,51.99,51.67,0.02670226969292427,2023-09-26,51.99,0.5,0.6764012025974783,0.013003712290751673,56.284,51.99,1191,1,0.0,2023-09-26,51.79,stop,-0.004842797701480994
2023-09-26,TEAM,small,189.305,215.53,191.53,397,160396972.08875,2023-09-25,0,1,0.13593717603151564,2023-09-27,192.92,189.79,0.13784556720686297,2023-09-27,192.92,0.5,0.6747633655028693,0.0034958842205065205,205.04,189.92,1192,7,0.0,2023-10-05,189.305,stop,-0.019719353482013147
2023-10-05,WFC,small,38.39,43.74,39.31,107,524363025.91925,2023-10-04,0,1,0.13756749807148372,2023-10-06,38.89,38.605,0.09345794392523361,2023-10-06,38.89,0.49505044219800726,0.6614574681818054,0.01699991615962238,41.6,39.76,1199,6,0.5049495578019928,2023-10-13,41.6,target60,0.06861430701979931
2023-09-27,MRVL,small,51.79,59.28,52.55,158,379868293.502,2023-09-22,0,3,0.1433218522770762,2023-09-28,52.26,51.56,0.062750333778371,2023-09-28,52.26,0.4974825261905842,0.6747633655028693,0.012905204435899691,56.284,53.2,1193,15,0.5025174738094159,2023-10-18,51.79,stop,-0.00998425282242632
2023-10-19,DKNG,small,27.2,31.1,27.71,254,262658801.65675,2023-10-18,0,1,0.1418181818181819,2023-10-20,27.5,27.51,0.07692307692307707,2023-10-20,27.5,0.38170991932608916,0.5248012386893078,0.01907413956618048,29.54,27.5,1209,1,0.0,2023-10-20,27.2,stop,-0.011897934545454292
2023-10-19,TSLA,large,212.36,280.93,220.1,2,27227718987.4255,2023-10-12,1,5,0.3159762222939035,2023-10-20,217.01,216.785,0.06781391278984947,2023-10-20,217.01,0.38170991932608916,0.5248012386893078,0.0024171182805859787,253.502,217.01,1209,1,0.0,2023-10-20,212.36,stop,-0.022405911755218444
2023-10-19,UDOW,large,50.5,66.0,52.85,452,153024878.93400002,2023-10-11,1,6,0.2948449686132775,2023-10-20,52.57,52.67,0.13354838709677422,2023-10-20,52.57,0.23658016134782162,0.3252667940719327,0.0061842145838861854,59.8,51.53,1209,2,0.0,2023-10-23,50.5,stop,-0.04033645377591777
2023-10-23,ROK,small,265.16,303.12,266.91,436,162027595.739,2023-10-23,0,0,0.14084298011279306,2023-10-24,269.52,265.16,0.11485774499473023,2023-10-24,269.52,0.23007053692279716,0.31214668506800936,0.0011575787018606241,287.93600000000004,269.52,1211,1,0.7699294630772028,2023-10-24,265.16,stop,-0.017160484231225404
2023-10-20,SNOW,large,141.79,183.75,147.64,133,457656999.325,2023-10-12,1,6,0.287673111202523,2023-10-23,145.86,147.35,0.09699714013346093,2023-10-23,145.86,0.3555305428895402,0.47869988317073503,0.0032802724066169587,166.966,151.15,1210,3,0.2338305451413759,2023-10-25,141.79,stop,-0.028875322586727092
2023-10-25,SVXY,small,78.47,89.65,80.4,311,231761750.78450003,2023-10-23,0,2,0.13915857605178,2023-10-26,80.34,79.35,0.1672629695885513,2023-10-26,80.34,0.2908289565194857,0.3902575196824876,0.004855145518081234,85.178,84.25,1213,5,0.42493557807793886,2023-11-01,85.178,target60,0.059159114942743285
2023-10-25,KRE,small,37.66,42.915,38.56,74,694574254.2985,2023-10-25,0,0,0.13610463610463616,2023-10-26,38.61,37.66,0.18078020932445335,2023-10-26,38.61,0.2842354654025753,0.38140984674053435,0.009873585646650198,40.812999999999995,39.84,1213,6,0.42493557807793886,2023-11-02,40.812999999999995,target60,0.05600096356513862
2023-10-20,TFC,large,26.57,34.49,27.17,291,237036155.45150003,2023-10-12,1,6,0.2931162102146559,2023-10-23,27.02,26.955,0.05681818181818172,2023-10-23,27.02,0.4106389119690839,0.5528998931774799,0.020452385019648082,31.322000000000003,29.97,1210,10,0.2338305451413759,2023-11-03,31.322000000000003,target60,0.15805647041080695
2023-11-06,MRO,small,25.875,29.56,26.61,281,264868428.313,2023-11-06,0,0,0.14113366526235155,2023-11-07,26.11,26.565,0.06377204884667557,2023-11-07,26.11,0.5,0.7282016368007573,0.027875815242526122,28.086,26.11,1221,1,0.0,2023-11-07,25.875,stop,-0.009991134862121553
2023-12-04,MRVL,small,50.52,58.12,52.01,152,424685776.6205,2023-12-04,0,0,0.1483795392424833,2023-12-05,51.22,50.63,0.09210526315789425,2023-12-05,51.22,0.5,0.7245638564207103,0.014139038939720813,55.08,51.22,1240,1,0.0,2023-12-05,50.52,stop,-0.014652623389300734
2023-12-05,MRVL,small,50.52,58.12,50.71,149,433425174.0405,2023-12-04,0,1,0.147401086113266,2023-12-06,51.56,50.49,0.13684210526315788,2023-12-06,51.56,0.5,0.7192554757658942,0.013942898526532414,55.08,51.56,1241,1,0.0,2023-12-06,50.52,stop,-0.021150259309542285
2023-12-07,SU,small,29.805,34.15,30.24,423,168246008.3445,2023-12-07,0,0,0.14306881791241352,2023-12-08,30.37,29.805,0.13003452243958605,2023-12-08,30.37,0.5,0.7116492558547658,0.023420922990676274,32.412,30.28,1243,3,0.0,2023-12-12,29.805,stop,-0.019585036178794812
2023-12-15,SE,small,35.2,40.28,35.745,220,323950835.942,2023-12-13,0,2,0.14170153417015335,2023-12-18,35.85,35.74,0.12795275590551158,2023-12-18,35.85,0.5,0.7046804176435018,0.0196465293566159,38.248000000000005,36.95,1249,3,0.0,2023-12-20,35.2,stop,-0.01911272524407248
2024-01-03,NET,small,75.81,86.91,76.39,390,196798654.5525,2023-12-29,0,2,0.1460526315789473,2024-01-04,76.0,75.83,0.01711711711711692,2024-01-04,76.0,0.2,0.279178494415941,0.0036715645416938556,82.47,76.0,1260,1,0.0,2024-01-04,75.81,stop,-0.003497250625000059
2024-01-03,LUV,small,26.83,30.49,27.3,328,232423873.037,2024-01-03,0,0,0.13372305443916696,2024-01-04,27.37,27.25,0.1475409836065581,2024-01-04,27.37,0.2,0.279178494415941,0.010195064127465583,29.026,27.93,1260,2,0.0,2024-01-05,29.026,target60,0.05944396260504203
2024-01-03,AAL,small,12.93,14.67,12.96,164,425582411.6745,2024-01-02,0,1,0.1337432744043044,2024-01-04,13.01,12.89,0.04597701149425291,2024-01-04,13.01,0.2,0.279178494415941,0.021448032680148582,13.974,13.59,1260,3,0.0,2024-01-08,14.03,target_gap,0.0773230981936972
2024-01-03,SHOP,small,70.04,79.99,71.82,89,663906573.3935,2023-12-29,0,2,0.13890827865419503,2024-01-04,71.63,71.18,0.15979899497487346,2024-01-04,71.63,0.2,0.279178494415941,0.003895559195431147,76.01,74.51,1260,3,0.0,2024-01-08,76.01,target60,0.0600866815929082
2024-01-04,NET,small,75.81,86.91,76.83,399,192772740.799,2023-12-29,0,3,0.14547837483617293,2024-01-05,76.3,75.73,0.04414414414414371,2024-01-05,76.3,0.09891354391257108,0.13910106862592914,0.0018221693065742619,82.47,81.63,1261,4,0.802172912174858,2024-01-10,82.55,target_gap,0.08083185632372225
2024-01-03,ARKK,small,47.405,54.52,48.52,54,926717266.60175,2024-01-02,0,1,0.1469434118133003,2024-01-04,48.42,48.37,0.14265635980323266,2024-01-04,48.42,0.2,0.279178494415941,0.005762885278164664,51.674,49.37,1260,6,0.0,2024-01-11,47.405,stop,-0.021941205054729518
2024-01-04,MCHP,small,82.84,94.14,83.39,268,277428723.917,2023-12-29,0,3,0.13542665388302969,2024-01-05,83.44,81.81,0.053097345132742876,2024-01-05,83.44,0.09891354391257108,0.13910106862592914,0.001666245422958008,89.62,85.2,1261,8,0.802172912174858,2024-01-17,82.84,stop,-0.008183356783317164
2024-01-16,OKTA,small,81.12,92.3,82.66,447,167064235.15899998,2024-01-16,0,0,0.13689237173992888,2024-01-17,81.67,82.24,0.04919499105545595,2024-01-17,81.67,0.5,0.7279776264826918,0.008909191106519537,87.828,81.67,1268,1,0.09620116412820846,2024-01-17,81.12,stop,-0.007727436267907173
2024-01-17,OKTA,small,81.12,92.3,81.84,473,152563492.95299998,2024-01-16,0,1,0.1355808877031287,2024-01-18,82.46,79.775,0.11985688729874688,2024-01-18,82.46,0.5,0.7241140084754243,0.008777006445199936,87.828,82.46,1269,1,0.0,2024-01-18,81.12,stop,-0.017233806936696183
2024-01-18,OKTA,small,81.12,92.3,81.21,495,142353786.435,2024-01-16,0,2,0.13659132559560164,2024-01-19,81.85,80.69,0.06529516994633186,2024-01-19,81.85,0.5,0.717874387964313,0.008766224200004042,87.828,81.85,1270,1,0.0,2024-01-19,81.12,stop,-0.009909587293830069
2024-01-18,EXR,small,144.66,164.94,146.4,486,144455613.4045,2024-01-18,0,0,0.1379591836734694,2024-01-19,147.0,144.66,0.11538461538461554,2024-01-19,147.0,0.5,0.717874387964313,0.004881057488233543,156.828,148.06,1270,8,0.0,2024-01-30,144.66,stop,-0.016902202959183543
2024-02-05,CCL,small,15.69,17.825,15.82,153,492902470.91375005,2024-01-31,0,3,0.1354695431472081,2024-02-06,15.76,15.645,0.03278688524590177,2024-02-06,15.76,0.490171261277978,0.7057407293597405,0.04475811288039726,16.971,15.76,1282,1,0.509828738722022,2024-02-06,15.69,stop,-0.005436933851522663
2024-02-07,WBD,large,9.6,12.69,9.76,473,166472210.49525002,2024-02-07,1,0,0.3130699088145897,2024-02-08,9.87,9.63,0.0873786407766989,2024-02-08,9.87,0.44126293635047575,0.6329615229843795,0.06409777530120439,11.453999999999999,9.82,1284,2,0.510674724400065,2024-02-09,9.6,stop,-0.028328024316109368
2024-02-12,WBD,large,9.6,12.69,9.96,468,170563707.60149997,2024-02-07,1,3,0.31921487603305787,2024-02-13,9.68,9.56,0.02588996763754048,2024-02-13,9.68,0.48829329581531716,0.6839731142836232,0.07062305038496709,11.453999999999999,9.68,1287,1,0.5117067041846828,2024-02-13,9.6,stop,-0.009255950413222913
2024-02-13,WBD,small,9.56,10.87,9.56,463,173759448.879,2024-02-12,0,1,0.13533057851239658,2024-02-14,9.68,9.43,0.09160305343511399,2024-02-14,9.68,0.4819548543321826,0.6776422930538363,0.06996936693257329,10.346,9.68,1288,1,0.5180451456678173,2024-02-14,9.56,stop,-0.013384050619834609
2024-01-25,DHI,small,138.83,157.9,141.57,224,313344632.9605,2024-01-25,0,0,0.135584784927124,2024-01-26,140.65,139.03,0.09543786051389584,2024-01-26,140.65,0.49313563811427946,0.7107605490507758,0.005050872156247782,150.27200000000002,145.51,1275,15,0.5068643618857205,2024-02-15,145.37,time_h15,0.032525178403839616
2024-02-14,WBD,large,9.6,12.69,9.72,463,177042431.94525,2024-02-07,1,5,0.3175745118191161,2024-02-15,9.73,9.555,0.04207119741100349,2024-02-15,9.73,0.47508732513113033,0.6685726943014629,0.06867815086889129,11.453999999999999,9.91,1289,4,0.5249126748688697,2024-02-21,9.6,stop,-0.014347132579650479
2024-02-20,WDC,small,53.29,60.55,54.13,216,392852858.634,2024-02-20,0,0,0.1347438752783964,2024-02-21,53.88,53.29,0.08126721763085448,2024-02-21,53.88,0.5,0.7075827096652324,0.013126000711031918,57.646,53.88,1292,1,0.4814188131743132,2024-02-21,53.29,stop,-0.011939062314402338
2024-02-21,WDC,small,53.29,60.55,53.38,230,365673665.5965,2024-02-20,0,1,0.13282107574094398,2024-02-22,54.66,52.89,0.1887052341597793,2024-02-22,54.66,0.4800587264523636,0.6645985248348872,0.012152693479188985,57.646,56.05,1293,3,0.0,2024-02-26,57.646,target60,0.05357424828942592
2024-02-29,SNOW,large,180.68,237.72,188.27,52,1057657798.95725,2024-02-29,1,0,0.29823277214263305,2024-03-01,191.26,180.68,0.1854838709677417,2024-03-01,191.26,0.2221764852586441,0.3154942190457408,0.0016487319457085536,214.904,186.66,1299,2,0.0,2024-03-04,180.68,stop,-0.05626181548677178
2024-03-06,ZS,large,197.59,259.61,202.41,95,693455360.5090001,2024-03-06,1,0,0.3061506565307533,2024-03-07,202.58,200.92,0.08045791680103206,2024-03-07,202.58,0.30530789532480856,0.43003796971984076,0.0021217442528136086,234.80200000000002,202.58,1303,1,0.6946921046751914,2024-03-07,197.59,stop,-0.025607367965741812
2024-03-07,ZS,large,197.59,259.61,201.18,93,717611774.2195,2024-03-06,1,1,0.3083424480461371,2024-03-08,201.14,197.08,0.05723960012899036,2024-03-08,201.14,0.18763723548027103,0.2608266243774956,0.00129609332338325,234.80200000000002,198.69,1304,2,0.6985551288267152,2024-03-11,196.96,stop_gap,-0.021760518842596777
2024-03-04,ESTC,large,102.81,136.05,108.44,495,168076707.28575,2024-03-01,1,1,0.31111943092474736,2024-03-05,106.84,107.625,0.12123947051744886,2024-03-05,106.84,0.32314977054651794,0.4531419266795314,0.00423919277158547,122.754,105.76,1301,5,0.0,2024-03-11,102.81,stop,-0.038681994547922094
2024-03-11,ZS,large,197.59,259.61,200.78,95,733376433.431,2024-03-06,1,3,0.3050664043285785,2024-03-12,203.3,195.7,0.09206707513705267,2024-03-12,203.3,0.2309870611489891,0.3194552166185403,0.0015705631530262226,234.80200000000002,201.4,1306,3,0.500532064554714,2024-03-14,197.59,stop,-0.02905824201918339
2024-03-11,ESTC,large,102.81,136.05,103.86,441,191863626.89325,2024-03-01,1,6,0.31832982187320447,2024-03-12,104.42,101.82,0.04843561973525869,2024-03-12,104.42,0.26848087429629686,0.37130917822681675,0.0035541421532053565,122.754,103.04,1306,4,0.500532064554714,2024-03-15,102.81,stop,-0.016402837555065997
2024-03-14,ZS,large,197.59,259.61,198.74,98,701078715.5860001,2024-03-06,1,6,0.3119875245233664,2024-03-15,198.79,197.19,0.01934859722670088,2024-03-15,198.79,0.23089248196868484,0.31017240961974807,0.0015595217235018775,234.80200000000002,198.79,1309,1,0.769107518031315,2024-03-15,197.59,stop,-0.007030235939936458
2024-03-07,VXX,large,13.35,17.63,14.11,488,175093804.55699998,2024-03-07,1,0,0.30769230769230765,2024-03-08,13.91,13.86,0.13084112149532723,2024-03-08,13.91,0.11380763569301375,0.15819920481248864,0.01136736917398148,15.918,13.49,1304,9,0.6985551288267152,2024-03-20,13.35,stop,-0.04121830787203451
2024-03-05,WBA,large,20.42,27.05,21.015,438,190111028.03225,2024-03-05,1,0,0.3139204545454545,2024-03-06,21.12,20.42,0.10558069381598784,2024-03-06,21.12,0.36645809342786456,0.5190860743087856,0.024565650154906783,24.398,20.63,1302,15,0.329948914417664,2024-03-26,20.3,stop_gap,-0.03978669152462111
2024-03-19,NXPI,small,229.7,264.24,236.34,171,429474548.6145,2024-03-19,0,0,0.146616860514475,2024-03-20,235.58,233.54,0.1702374059061963,2024-03-20,235.58,0.24784570562798824,0.33043128243084857,0.0014019274420138939,250.424,247.77,1312,8,0.495046822290943,2024-04-01,250.424,target60,0.0619476976228881
2024-03-26,CPNG,small,17.32,19.78,17.6,267,299177753.05300003,2024-03-26,0,0,0.1387478849407784,2024-03-27,17.73,17.6,0.16666666666666666,2024-03-27,17.73,0.4844698128914385,0.6501118580789519,0.03664900181330583,18.796,18.245,1317,8,0.5155301871085616,2024-04-08,18.796,target60,0.05906422442188375
2024-03-19,X,large,38.91,50.2,39.74,359,234327203.231,2024-03-13,1,4,0.28402515723270455,2024-03-20,39.75,38.8,0.0744021257750224,2024-03-20,39.75,0.2571074720810689,0.3427791960608713,0.008619064313530588,45.684,41.94,1312,15,0.495046822290943,2024-04-10,42.61,time_h15,0.07087800383647802
2024-04-11,BA,small,171.38,196.18,173.36,38,1324717916.507,2024-04-11,0,0,0.14401858304297335,2024-04-12,172.2,171.38,0.03306451612903197,2024-04-12,172.2,0.5,0.7032428257991057,0.0040818304552044495,186.26,172.2,1328,1,0.0,2024-04-12,171.38,stop,-0.005756894047618921
2024-04-12,ANET,small,270.8,307.61,271.36,118,557342273.0569999,2024-04-09,0,3,0.13370868143843082,2024-04-15,275.3,268.33,0.12224938875305623,2024-04-15,275.3,0.5,0.7012185785801689,0.0025458335244855747,292.886,275.3,1329,1,0.0,2024-04-15,270.8,stop,-0.017329212858699594
2024-04-12,EL,small,138.375,157.49,138.83,287,257542784.8735,2024-04-11,0,1,0.13591439135381123,2024-04-15,140.64,138.12,0.11849332984567017,2024-04-15,140.64,0.5,0.7012185785801689,0.004983418439212734,149.844,140.64,1329,1,0.0,2024-04-15,138.375,stop,-0.017088597882892298
2024-04-16,WSM,small,278.62,319.78,282.54,347,212738388.9975,2024-04-11,0,3,0.1441327870574639,2024-04-17,285.57,279.18,0.1688532555879493,2024-04-17,285.57,0.49382783446567247,0.6806442616949149,0.0023822668332250147,303.316,279.69,1331,3,0.0,2024-04-19,278.43,stop_gap,-0.02597737995062488
2024-04-18,MPWR,large,594.58,778.15,619.81,477,161003115.01599997,2024-04-12,1,4,0.29648233089992887,2024-04-19,619.16,617.835,0.1338998747071958,2024-04-19,619.16,0.1882582492223187,0.2556665466095479,0.0004127183818984482,704.722,619.16,1333,1,0.5055678108344075,2024-04-19,594.58,stop,-0.04065900793817401
2024-04-16,DG,small,143.02,164.1,145.0,274,265825609.203,2024-04-16,0,0,0.1441564658414825,2024-04-17,146.23,143.02,0.1522770398481965,2024-04-17,146.23,0.5,0.6891513744171387,0.004710434238733024,155.668,144.75,1331,4,0.0,2024-04-22,143.02,stop,-0.022929523661355367
2024-04-23,KVUE,small,18.855,21.58,19.36,337,224185478.76925,2024-04-19,0,2,0.1414115204981836,2024-04-24,19.27,19.265,0.1522935779816512,2024-04-24,19.27,0.1824810402185863,0.25100458128363146,0.01301915303544316,20.49,19.0,1336,3,0.8175189597814138,2024-04-26,18.855,stop,-0.022514285742085915
2024-04-18,MPC,small,193.0,221.09,194.99,198,389367362.759,2024-04-16,0,2,0.14308272208638959,2024-04-19,196.32,193.77,0.11819152723389081,2024-04-19,196.32,0.30617393994327374,0.4158034732103294,0.0021169293575474956,209.854,200.55,1333,8,0.5055678108344075,2024-04-30,193.0,stop,-0.017894008506519565
2024-04-22,MPWR,large,594.58,778.15,601.39,480,160274352.9375,2024-04-12,1,6,0.3041050957524351,2024-04-23,603.64,585.18,0.0493544696845887,2024-04-23,603.64,0.5,0.6676162788489787,0.0011054311687587871,704.722,650.52,1335,8,0.312014334254714,2024-05-02,704.722,target60,0.16628694947402445
2024-04-30,DHI,small,140.0,160.85,142.48,279,291851215.836,2024-04-29,0,1,0.14652143359100486,2024-05-01,142.3,142.21,0.11031175059952096,2024-05-01,142.3,0.2364964675701465,0.32685823737085123,0.0022958173454122686,152.51,145.49,1341,3,0.527007064859707,2024-05-03,152.51,target60,0.07067834242796911
2024-05-07,F,small,11.945,13.59,12.165,117,601556641.6797501,2024-05-02,0,3,0.13617549668874168,2024-05-08,12.08,12.085,0.08206686930091174,2024-05-08,12.08,0.2569042616572396,0.3758173521620952,0.031095152606458128,12.932,12.14,1346,3,0.4861914766855208,2024-05-10,11.945,stop,-0.012164073985927115
2024-04-30,ORCL,small,112.89,127.99,113.74,122,577943253.6405,2024-04-26,0,2,0.1325607936089895,2024-05-01,113.91,113.69,0.06754966887417195,2024-05-01,113.91,0.2364964675701465,0.32685823737085123,0.0028680081489962767,121.95,116.375,1341,10,0.527007064859707,2024-05-14,121.95,target60,0.0695117240584675
2024-05-07,CCL,small,13.795,15.71,14.12,243,346559759.23475003,2024-05-02,0,3,0.13659058487874473,2024-05-08,14.02,14.115,0.11749347258485615,2024-05-08,14.02,0.2569042616572396,0.3758173521620952,0.026792399678032396,14.944,14.51,1346,6,0.4861914766855208,2024-05-15,14.944,target60,0.06484020941512147
2024-05-03,DASH,large,109.0,143.34,113.88,181,430078432.8115,2024-05-03,1,0,0.30006990562740304,2024-05-06,114.44,112.9,0.15841584158415833,2024-05-06,114.44,0.2577967278609166,0.3769574847509352,0.003292284218879411,129.604,110.32,1344,15,0.2281692625756135,2024-05-24,112.85,time_h15,-0.014879603176336853
2024-05-28,TOL,small,117.91,135.37,120.1,491,150754018.681,2024-05-23,0,2,0.14727962884858717,2024-05-29,118.55,119.15,0.03665521191294389,2024-05-29,118.55,0.5,0.7469815350284844,0.006297832511691018,128.386,118.55,1360,1,0.24907545199460945,2024-05-29,117.91,stop,-0.00639291878954007
2024-05-29,ZS,small,160.77,183.25,164.37,297,253681401.96475,2024-05-29,0,0,0.13833846153846147,2024-05-30,162.5,160.77,0.07695729537366507,2024-05-30,162.5,0.3786613533042667,0.5585390754142758,0.003435444959240423,174.258,162.5,1361,1,0.2426772933914666,2024-05-30,160.77,stop,-0.011635260353845989
2024-05-29,TOL,small,117.91,135.37,118.5,477,154857516.963,2024-05-23,0,3,0.14593781344032103,2024-05-30,119.64,117.47,0.09908361970217659,2024-05-30,119.64,0.3786613533042667,0.5585390754142758,0.0046661635395901764,128.386,120.01,1361,4,0.2426772933914666,2024-06-04,117.91,stop,-0.015445340375292438
2024-05-24,MPC,large,169.15,221.09,177.79,194,358175131.542,2024-05-24,1,0,0.29189614476789927,2024-05-28,177.94,176.21,0.16923373122834023,2024-05-28,177.94,0.24826808199211417,0.37050499088074934,0.0020811494795173035,200.314,174.47,1359,12,0.0,2024-06-12,169.15,stop,-0.05034903738619734
2024-06-06,ANET,small,289.41,329.0,296.44,90,716519359.429,2024-06-06,0,0,0.13338948787061986,2024-06-07,296.8,293.69,0.1866632988128313,2024-06-07,296.8,0.4831191295706654,0.7087592573215892,0.0023868088871055538,313.164,311.21,1367,5,0.2488643155000617,2024-06-13,320.0,target_gap,0.07708921832884097
2024-06-12,WBD,small,7.61,8.7,7.82,375,197715354.93075,2024-06-07,0,3,0.14028314028314015,2024-06-13,7.77,7.75,0.14678899082568753,2024-06-13,7.77,0.5,0.7542203477545042,0.0970197216963484,8.264,7.77,1371,1,0.0,2024-06-13,7.61,stop,-0.021571183719433562
2024-06-18,AMD,small,153.34,174.54,154.62,6,7807778106.233,2024-06-18,0,0,0.13605005615273538,2024-06-20,155.825,153.34,0.11721698113207484,2024-06-20,155.825,0.5,0.7460856349113305,0.0047855773598195085,166.06,155.825,1375,1,0.0,2024-06-20,166.06,target60,0.06461724059040597
2024-06-27,EL,small,109.92,125.9,110.84,340,223307072.33050004,2024-06-26,0,1,0.1452727272727273,2024-06-28,110.0,109.94,0.005006257822277739,2024-06-28,110.0,0.49306588125320044,0.7701906323973862,0.006998232155283522,119.50800000000001,110.0,1381,1,0.5069341187467996,2024-06-28,109.92,stop,-0.0017262956363636173
2024-06-25,XME,small,57.2,65.12,57.93,463,162757802.12025002,2024-06-20,0,3,0.13747613261586533,2024-06-26,57.61,57.775,0.051767676767676324,2024-06-26,57.61,0.5,0.7701906323973862,0.013362359609116256,61.952000000000005,60.645,1379,6,0.0,2024-07-03,61.952000000000005,target60,0.074293759555633
2024-07-02,BBY,small,82.15,93.72,82.17,268,261644726.388,2024-07-01,0,1,0.13956574185765974,2024-07-03,82.9,80.54,0.06482281763180643,2024-07-03,82.9,0.2730318192814569,0.4328586610839396,0.005218844773864869,89.092,82.42,1384,2,0.7269681807185431,2024-07-05,82.15,stop,-0.010037749849215793
2024-07-05,ANF,small,169.385,194.0,171.51,373,190717256.2095,2024-07-05,0,0,0.14202873463735508,2024-07-08,173.31,171.45,0.15945561649400813,2024-07-08,173.31,0.39284100743832523,0.6279623620883155,0.0036215358658315813,184.154,174.09,1386,4,0.2143179851233495,2024-07-11,169.385,stop,-0.023624387823841575
2024-07-11,LULU,large,283.7,368.36,289.25,140,446733502.7485,2024-07-10,1,1,0.28912946962193925,2024-07-12,292.81,288.51,0.10760689818095925,2024-07-12,292.81,0.2494476530496765,0.40382912264859905,0.0013784611457507419,334.496,291.06,1390,2,0.6212677183353871,2024-07-15,283.7,stop,-0.03208097085140549
2024-06-28,SQ,large,60.9,80.56,64.47,192,359909212.9205,2024-06-28,1,0,0.3042401733209533,2024-07-01,64.62,63.13,0.1892166836215669,2024-07-01,64.62,0.21364132934682628,0.3360023945855708,0.0051970658215456204,72.696,72.08,1382,11,0.5111329542194508,2024-07-16,72.696,target60,0.12385209182915502
2024-07-15,LULU,large,283.7,368.36,283.71,147,428617720.1375,2024-07-10,1,3,0.2974283305227657,2024-07-16,284.64,282.58,0.011103236475312986,2024-07-16,284.64,0.2401022860542065,0.3908738923359607,0.001372535326692639,334.496,284.64,1392,1,0.7598977139457935,2024-07-16,283.7,stop,-0.004298865496767834
2024-07-05,BBY,small,82.15,93.72,82.48,316,221833517.44900003,2024-07-01,0,3,0.13936400867260892,2024-07-08,83.02,81.63,0.07519446845289462,2024-07-08,83.02,0.39284100743832523,0.6279623620883155,0.007560206949015555,89.092,87.26,1386,8,0.2143179851233495,2024-07-17,89.092,target60,0.07206613193206479
2024-07-16,LULU,large,283.7,368.36,291.76,146,427182393.765,2024-07-10,1,4,0.29197634115638643,2024-07-17,289.955,282.35,0.07388377037562005,2024-07-17,289.955,0.46998402866784117,0.7668105720612093,0.002643262460641061,334.496,285.02,1393,3,0.5300159713321588,2024-07-19,283.7,stop,-0.02255049602524506
2024-07-18,CEG,large,178.5,236.3,187.22,128,478873943.64525,2024-07-17,1,1,0.30695698353690926,2024-07-19,188.3,178.07,0.16955017301038078,2024-07-19,188.3,0.23588425536390414,0.38689804844150116,0.0020536622380099862,213.18,189.83,1395,4,0.589552508818477,2024-07-24,178.5,stop,-0.05299232806691445
2024-07-23,SRPT,small,143.62,164.52,147.62,443,162904623.035,2024-07-23,0,0,0.14272056815077852,2024-07-24,146.44,145.41,0.1349282296650714,2024-07-24,146.44,0.4062544012732946,0.662091843195047,0.004518989328554012,156.16,147.53,1398,3,0.3644180223742714,2024-07-26,143.62,stop,-0.02023753137803852
2024-07-26,DDOG,small,117.86,134.8,118.3,189,374637443.563,2024-07-23,0,3,0.14203068667728694,2024-07-29,119.27,117.53,0.08323494687131025,2024-07-29,119.27,0.1007876122906897,0.16217318468581096,0.0013590349467046874,128.024,119.27,1401,1,0.5968495508372412,2024-07-29,117.86,stop,-0.012809847698499133
2024-07-26,RCL,small,151.93,173.28,153.55,256,285267055.1105,2024-07-25,0,1,0.13791989664082682,2024-07-29,154.8,152.05,0.13442622950819696,2024-07-29,154.8,0.1007876122906897,0.16217318468581096,0.0010471065768311888,164.74,154.8,1401,1,0.5968495508372412,2024-07-29,151.93,stop,-0.019521266262919834
2024-07-26,CCL,small,17.015,19.48,17.27,152,435175153.39125,2024-07-24,0,2,0.14215686274509803,2024-07-29,17.34,17.12,0.13184584178498956,2024-07-29,17.34,0.1007876122906897,0.16217318468581096,0.0093478718623684,18.494,17.13,1401,3,0.5968495508372412,2024-07-31,17.015,stop,-0.019723803128604445
2024-07-23,APTV,large,65.13,85.56,68.59,354,199723762.093,2024-07-15,1,6,0.30008813160987086,2024-07-24,68.08,68.15,0.1443954968184044,2024-07-24,68.08,0.229327576352434,0.37374590219022186,0.005487059771432532,77.388,69.36,1398,7,0.3644180223742714,2024-08-01,78.98,target_gap,0.15894594220035274
2024-07-11,CSGP,large,70.86,93.87,75.21,432,160471474.5165,2024-07-11,1,0,0.3049297641134377,2024-07-12,75.46,72.98,0.1999130812690132,2024-07-12,75.46,0.12928462861493636,0.20929801305896642,0.002772241771169321,84.666,78.01,1390,15,0.6212677183353871,2024-08-01,77.17,time_h15,0.021638607109727204
2024-07-24,ALNY,small,231.01,263.73,236.6,243,288817094.5455,2024-07-24,0,0,0.1386499427941863,2024-07-25,235.99,233.11,0.15220048899755545,2024-07-25,235.99,0.2281537513905881,0.3663954201300403,0.0015518124599346384,250.642,237.46,1399,6,0.7718462486094119,2024-08-01,250.642,target60,0.061025554729014164
2024-07-26,BKNG,small,3648.25,4144.32,3701.01,174,404063029.35325,2024-07-26,0,0,0.13281304382747441,2024-07-29,3735.1,3668.42,0.17507609813131203,2024-07-29,3735.1,0.1007876122906897,0.16217318468581096,4.339699019931677e-05,3945.892,3708.02,1401,4,0.5968495508372412,2024-08-01,3648.25,stop,-0.024228892917860234
2024-08-05,EXPE,large,107.26,141.6,112.1,417,198135799.1845,2024-07-31,1,3,0.30392070094698637,2024-08-06,112.99,110.27,0.1668608037274313,2024-08-06,112.99,0.2419607778086947,0.4045716512786938,0.003578806668316263,127.864,117.98,1407,4,0.0,2024-08-09,130.01,target_gap,0.14948245422161266
2024-08-05,DE,small,340.8,390.34,344.85,150,492420658.3065,2024-08-05,0,0,0.1425652536763647,2024-08-06,347.49,340.8,0.13504238998788862,2024-08-06,347.49,0.5,0.8360273407588538,0.002404700357099411,370.524,350.82,1407,8,0.0,2024-08-15,370.524,target60,0.06522077939221282
2024-08-07,TSCO,small,247.51,283.23,252.15,403,213976617.23,2024-08-06,0,1,0.1409017395763482,2024-08-08,253.51,251.57,0.16797312430011185,2024-08-08,253.51,0.25815149900953593,0.43145568948016,0.0017010767292628297,268.942,262.24,1409,6,0.7418485009904642,2024-08-15,268.942,target60,0.05981273020985367
2024-08-29,DXCM,small,68.11,77.77,69.6,213,350052143.60300004,2024-08-28,0,1,0.13799999999999996,2024-08-30,70.0,69.45,0.1956521739130436,2024-08-30,70.0,0.44686723956193275,0.8101095056278924,0.01156720644107255,73.90599999999999,69.81,1425,4,0.0,2024-09-05,68.11,stop,-0.027972756749999883
2024-09-05,CDNS,small,250.09,287.47,250.95,171,365464435.8455,2024-09-03,0,2,0.14842167957117341,2024-09-06,251.85,248.63,0.047084002140181644,2024-09-06,251.85,0.19999999999999998,0.35804058924548404,0.0014209313835650637,272.51800000000003,251.85,1429,1,0.0,2024-09-06,250.09,stop,-0.007981050138971546
2024-09-05,FBTC,small,48.72,55.92,48.975,246,268758924.85975003,2024-09-05,0,0,0.14510278113663852,2024-09-06,49.62,48.72,0.12499999999999975,2024-09-06,49.62,0.19999999999999998,0.35804058924548404,0.007212042905095956,53.04,49.62,1429,1,0.0,2024-09-06,48.72,stop,-0.019119464328899438
2024-09-05,GBTC,small,44.43,50.98,44.66,339,195058916.1935,2024-09-05,0,0,0.14484741264927017,2024-09-06,45.22,44.43,0.12061068702290069,2024-09-06,45.22,0.19999999999999998,0.35804058924548404,0.007913789671624531,48.36,45.22,1429,1,0.0,2024-09-06,44.43,stop,-0.01845243017470144
2024-09-05,IBIT,small,31.71,36.44,31.87,69,750505663.648,2024-09-05,0,0,0.14648497986992867,2024-09-06,32.29,31.71,0.12262156448202932,2024-09-06,32.29,0.19999999999999998,0.35804058924548404,0.011082736728115865,34.548,32.29,1429,1,0.0,2024-09-06,31.71,stop,-0.01894400967791876
2024-09-05,ON,small,68.5,78.6,70.3,199,318100274.7355,2024-09-05,0,0,0.14424450157097965,2024-09-06,70.02,69.41,0.15049504950495018,2024-09-06,70.02,0.19999999999999998,0.35804058924548404,0.005110847885616414,74.56,70.02,1429,1,0.0,2024-09-06,68.5,stop,-0.022686130748357347
2024-09-06,ANET,small,313.29,358.58,314.22,170,364724166.1135,2024-09-03,0,3,0.141566641660415,2024-09-09,319.92,313.02,0.14638993155221905,2024-09-09,319.92,0.2570525939587244,0.4521523929458898,0.0014126228955658193,340.464,326.75,1430,3,0.0,2024-09-11,340.464,target60,0.06315210401350368
2024-09-06,PINS,small,28.71,32.72,29.25,289,228678187.82625,2024-09-06,0,0,0.13588614029142657,2024-09-09,29.51,29.04,0.1995012468827933,2024-09-09,29.51,0.22884221812382677,0.4025306842394606,0.013633663805399553,31.116,29.12,1430,3,0.0,2024-09-11,28.71,stop,-0.028082101745171117
2024-09-11,GM,small,43.445,49.86,44.66,145,399743285.9185,2024-09-11,0,0,0.14354441709554708,2024-09-12,44.69,43.8,0.19407638347622722,2024-09-12,44.69,0.30795664339169804,0.5500403245522746,0.01230175216804651,47.294,46.31,1433,3,0.5118217417155244,2024-09-16,47.294,target60,0.05721006541731932
2024-09-06,MCK,small,503.34,577.28,503.98,122,464624638.4475001,2024-09-06,0,0,0.14539376659128894,2024-09-09,508.55,503.34,0.07046253719231858,2024-09-09,508.55,0.2570525939587244,0.4521523929458898,0.0008886566055440309,547.704,505.205,1430,12,0.0,2024-09-24,486.17,stop_gap,-0.044963225754596214
2024-09-06,INSM,small,70.19,80.53,71.03,456,143512937.60649997,2024-09-06,0,0,0.14504138027773886,2024-09-09,71.29,70.19,0.10638297872340505,2024-09-09,71.29,0.2570525939587244,0.4521523929458898,0.00633926661171857,76.394,71.84,1430,12,0.0,2024-09-24,70.19,stop,-0.016414257995511328
2024-09-11,BIDU,large,79.68,104.7,83.95,344,195713941.529,2024-09-11,1,0,0.2988354732756046,2024-09-12,83.725,82.6,0.16167066346922415,2024-09-12,83.725,0.18022161489277763,0.3218932199519836,0.0038427264657152306,94.69200000000001,88.3,1433,9,0.5118217417155244,2024-09-24,94.69200000000001,target60,0.12985764912511244
2024-09-26,HAL,small,27.525,31.545,27.8,355,212577809.83,2024-09-25,0,1,0.14375111746826402,2024-09-27,27.965,27.67,0.1094527363184082,2024-09-27,27.965,0.5,0.9108772470037529,0.03255575928411411,29.937,29.045,1444,3,0.0,2024-10-01,29.937,target60,0.06944646823708212
2024-10-02,TMF,small,56.6,64.98,57.47,132,505418188.151,2024-09-30,0,2,0.1473795286669012,2024-10-03,56.86,56.345,0.03102625298329331,2024-10-03,56.86,0.5,0.9425058509047164,0.016567615159677525,61.628,56.86,1448,1,0.0,2024-10-03,56.6,stop,-0.005567813049595416
2024-10-09,SDS,large,20.42,26.295,20.46,311,239481324.41425,2024-10-09,1,0,0.28561011181332036,2024-10-10,20.57,20.42,0.02553191489361678,2024-10-10,20.57,0.5,0.9398820027167227,0.04566903557196716,23.945,20.53,1453,2,0.0,2024-10-11,20.42,stop,-0.008284632717549645
2024-10-14,DKNG,small,36.83,42.31,37.91,265,278200448.51525,2024-10-09,0,3,0.1448585778482687,2024-10-15,37.83,37.465,0.18248175182481738,2024-10-15,37.83,0.4560857562202981,0.8537822409875843,0.02255763547097781,40.118,37.21,1456,3,0.0,2024-10-17,36.83,stop,-0.02740736961406287
2024-10-18,AMD,small,152.47,174.05,155.99,6,5191435874.820001,2024-10-16,0,2,0.1385020216930878,2024-10-21,155.81,155.56,0.1547729379054681,2024-10-21,155.81,0.5,0.9294717592288573,0.005962435166865046,165.418,157.95,1460,2,0.4090508048981339,2024-10-22,152.47,stop,-0.022414683797573942
2024-10-22,Z,small,59.195,67.93,60.65,490,148776432.05699998,2024-10-18,0,2,0.14421330691761608,2024-10-23,60.57,60.6,0.15741270749856887,2024-10-23,60.57,0.49753289912719023,0.9086379436469677,0.014993951208108704,64.436,59.77,1462,5,0.5024671008728097,2024-10-29,59.09,stop_gap,-0.02540986012052171
2024-10-29,CARR,small,72.54,83.31,74.61,341,218734718.91025,2024-10-28,0,1,0.14487489911218718,2024-10-30,74.34,73.98,0.16713091922005552,2024-10-30,74.34,0.1821219594711844,0.3324992936681621,0.00447044718887985,79.00200000000001,72.72,1467,3,0.5149522783994905,2024-11-01,72.54,stop,-0.02518861803874073
2024-10-29,FANG,small,175.16,200.47,175.73,214,329385111.822,2024-10-29,0,0,0.14310754268913264,2024-10-30,176.86,175.16,0.06716712761754313,2024-10-30,176.86,0.18349424359743352,0.33500466701256687,0.001893232865990391,190.346,176.77,1467,3,0.5149522783994905,2024-11-01,175.16,stop,-0.010602262863281697
2024-11-01,FANG,small,175.16,200.47,175.84,250,297168734.3,2024-10-29,0,3,0.1420393961501768,2024-11-04,178.19,175.12,0.1197155274595022,2024-11-04,178.19,0.18330670340955035,0.3277884777171387,0.0018386249704151758,190.346,179.7,1470,2,0.6333865931808993,2024-11-05,174.9,stop_gap,-0.019444729081317558
2024-11-01,MU,small,99.4,114.14,99.73,32,1566196889.0595,2024-10-30,0,2,0.14523598384077244,2024-11-04,101.49,99.37,0.14179104477611873,2024-11-04,101.49,0.18330670340955035,0.3277884777171387,0.003228146452638488,108.244,105.48,1470,3,0.6333865931808993,2024-11-06,108.38,target_gap,0.06682084042762848
2024-10-17,KLAC,large,648.0,839.48,670.15,150,464136814.7155,2024-10-17,1,0,0.2866767475633675,2024-10-18,667.93,669.68,0.10408397743889675,2024-10-18,667.93,0.4057370197831633,0.7500363268220154,0.0011223650811591102,762.888,669.3,1459,15,0.0,2024-11-07,686.07,time_h15,0.02613163283203357
2024-10-21,MCHP,large,71.765,93.23,75.18,266,280155067.013,2024-10-11,1,6,0.28773458445040223,2024-10-22,74.6,74.55,0.1320754716981129,2024-10-22,74.6,0.09112565502549613,0.16906941674356024,0.0022652128959140547,84.644,72.88,1461,15,0.9088743449745037,2024-11-11,71.765,stop,-0.03896443778485248
2024-11-08,SLV,small,27.92,31.8,28.49,101,667692746.926,2024-11-06,0,2,0.13872005720414726,2024-11-11,27.97,28.435,0.0128865979381436,2024-11-11,27.97,0.5,0.9178399195688066,0.03279874864529933,30.248,27.97,1475,1,0.21514510926115188,2024-11-11,27.92,stop,-0.0027855924204504
2024-11-11,SLV,small,27.92,31.8,27.98,102,671923815.018,2024-11-06,0,3,0.13857142857142854,2024-11-12,28.0,27.72,0.020618556701030494,2024-11-12,28.0,0.5,0.9157018184202954,0.032687284553967334,30.248,28.0,1476,1,0.12598879819327335,2024-11-12,27.92,stop,-0.0038540364285712947
2024-10-29,ALGN,large,203.06,262.87,212.77,483,154753474.2345,2024-10-29,1,0,0.2835134622677285,2024-10-30,210.96,206.47,0.1320849356294935,2024-10-30,210.96,0.11943151853189152,0.21804561991797072,0.0010330707105992215,238.946,222.63,1467,15,0.5149522783994905,2024-11-20,223.85,time_h15,0.06004079428564668
2024-11-15,TTD,small,115.36,132.65,118.13,223,386857712.2235,2024-11-14,0,1,0.14656268542849882,2024-11-18,117.97,117.81,0.1509543088490456,2024-11-18,117.97,0.5,0.9141851813078888,0.007745427555456768,125.73400000000001,123.89,1480,4,0.1264690250298134,2024-11-21,125.73400000000001,target60,0.06474779548614085
2024-11-20,KLAC,small,609.72,700.35,616.82,166,473416545.5705,2024-11-20,0,0,0.1443612615482638,2024-11-21,627.8,610.0,0.1994924417963139,2024-11-21,627.8,0.4198900755985982,0.7916142992275607,0.0012603034279674212,664.0980000000001,648.0,1483,7,0.5151459361036664,2024-12-02,664.0980000000001,target60,0.056760223039981295
2024-12-09,LDOS,large,153.19,202.73,160.24,427,192391172.064,2024-12-06,1,1,0.3075299522006331,2024-12-10,161.09,159.23,0.1594670972951152,2024-12-10,161.09,0.25004304411987366,0.49046607980891144,0.003043148840828152,182.914,160.15,1495,2,0.5074247052529776,2024-12-11,153.19,stop,-0.04999163016015884
2024-12-10,INTC,large,19.965,26.43,20.17,36,1297566990.179,2024-12-10,1,0,0.3208436724565757,2024-12-11,20.15,19.965,0.028615622583139787,2024-12-11,20.15,0.09964645645979457,0.19399578889517125,0.00962276878415502,23.844,20.15,1496,1,0.7556382350125582,2024-12-11,19.965,stop,-0.010171712593052051
2024-12-10,OKE,small,104.085,118.03,104.34,348,237235577.728,2024-12-10,0,0,0.13268315889628932,2024-12-11,105.1,104.085,0.07278594478307637,2024-12-11,105.1,0.09964645645979457,0.19399578889517125,0.0018448981065720615,112.452,104.37,1496,2,0.7556382350125582,2024-12-12,104.085,stop,-0.010647564022359668
2024-12-11,INTC,large,19.965,26.43,20.1,36,1304295831.1775,2024-12-10,1,1,0.3229270729270729,2024-12-12,20.02,19.88,0.00850734725444698,2024-12-12,20.02,0.1946970875700552,0.3734987604302168,0.018646953598901186,23.844,20.02,1497,1,0.6570143209421996,2024-12-12,19.965,stop,-0.0037442561813184616
2024-12-11,X,large,33.43,43.35,34.93,427,188638481.388,2024-12-06,1,3,0.28728641760787726,2024-12-12,34.53,34.26,0.11088709677419367,2024-12-12,34.53,0.1482885914877452,0.28447063999705174,0.00823424282296708,39.382,34.04,1497,2,0.6570143209421996,2024-12-13,33.43,stop,-0.0328242583984939
2024-12-12,OKE,small,104.085,118.03,104.45,355,233761527.7755,2024-12-10,0,2,0.13338115734098524,2024-12-13,104.55,103.92,0.03334528504840467,2024-12-13,104.55,0.11808611942136761,0.22577806580398674,0.002158442628130892,112.452,104.55,1498,1,0.7050015830232433,2024-12-13,104.085,stop,-0.005442936190817815
2024-12-13,URI,small,774.29,881.17,778.1,310,258989854.4615,2024-12-13,0,0,0.13701158855502,2024-12-16,780.08,774.29,0.054172904191617494,2024-12-16,780.08,0.2659633970351127,0.499682272401533,0.0006402323239479697,838.418,780.08,1499,1,0.7340366029648873,2024-12-16,774.29,stop,-0.008414645199851467
2024-12-12,FCX,large,40.28,52.61,42.08,231,350121172.2735,2024-12-04,1,6,0.295470884255931,2024-12-13,41.73,41.98,0.11759935117599318,2024-12-13,41.73,0.0826656790274919,0.15805496201125105,0.003785668213042067,47.678,40.74,1498,3,0.7050015830232433,2024-12-17,40.15,stop_gap,-0.038824346093937145
2024-12-04,ON,small,64.32,73.48,65.99,331,258744938.26000005,2024-11-29,0,3,0.13904068002428677,2024-12-05,65.88,65.35,0.17030567685589523,2024-12-05,65.88,0.5,0.9661995384661421,0.014658719470202022,69.816,66.43,1492,9,0.0,2024-12-17,69.816,target60,0.05868551083788742
2024-12-12,INTC,large,19.965,26.43,20.785,37,1305482029.5635,2024-12-10,1,2,0.3139873725109276,2024-12-13,20.59,19.92,0.09667440061871617,2024-12-13,20.59,0.09424661852789717,0.18019746388536514,0.008747322251258982,23.844,20.43,1498,4,0.7050015830232433,2024-12-18,19.965,stop,-0.031323944086935396
2024-12-17,LDOS,small,147.28,167.68,150.12,493,172420774.868,2024-12-17,0,0,0.13558420842748906,2024-12-18,150.46,148.92,0.15588235294117675,2024-12-18,150.46,0.5,0.9692329873065044,0.006438577501082355,159.52,150.46,1501,1,0.13834048228951026,2024-12-18,147.28,stop,-0.022113805529708763
2024-12-10,DELL,large,111.4,147.66,116.82,59,985424624.82,2024-12-09,1,1,0.3078098471986417,2024-12-11,117.8,116.57,0.1765030336458906,2024-12-11,117.8,0.04506885206785271,0.0877418808668882,0.0007444652795115005,133.156,112.67,1496,7,0.7556382350125582,2024-12-19,111.4,stop,-0.055274806027164614
2024-12-17,CEG,large,221.41,288.64,234.15,181,451477686.3635,2024-12-16,1,1,0.28691532946398085,2024-12-18,234.32,228.86,0.192027368734196,2024-12-18,234.32,0.22305484947516227,0.4323842361800284,0.0018443497954162616,261.748,225.17,1501,3,0.13834048228951026,2024-12-20,221.41,stop,-0.056040263944605706
2024-12-20,KWEB,large,29.67,39.17,29.97,198,441269094.0695,2024-12-19,1,1,0.31868500503186853,2024-12-23,29.81,29.475,0.014736842105262844,2024-12-23,29.81,0.5,0.9410391171457371,0.031552116658408735,35.370000000000005,30.12,1504,4,0.0,2024-12-27,29.67,stop,-0.005691465363971471
2024-12-20,CEG,large,221.41,288.64,226.94,193,448752865.334,2024-12-16,1,4,0.29593274055814767,2024-12-23,227.18,220.0,0.08582478060389724,2024-12-23,227.18,0.47397898752063444,0.8920655359240963,0.00392472710254483,261.748,252.48,1504,9,0.0,2025-01-06,261.748,target60,0.15100940856149325
2025-01-02,FERG,large,172.0,223.22,173.41,294,274029905.5455,2024-12-24,1,5,0.29318832283915286,2025-01-03,174.7,172.66,0.05271378367825046,2025-01-03,174.7,0.008029618448305815,0.01580840930606423,9.04436468312032e-05,202.732,174.18,1511,3,0.9764114948872116,2025-01-07,172.0,stop,-0.01643936462507134
2025-01-07,SHOP,small,104.51,120.08,106.78,129,564066501.159,2025-01-07,0,0,0.1462246431254695,2025-01-08,106.48,106.1,0.12652536929993577,2025-01-08,106.48,0.15772685685745108,0.31851081592575564,0.002989777991339151,113.852,107.68,1514,2,0.8422731431425489,2025-01-10,103.94,stop_gap,-0.02483014664725769
2025-01-06,ODFL,large,176.07,233.26,182.71,454,177177288.7825,2024-12-24,1,7,0.3136448393111769,2025-01-07,182.34,181.33,0.10963455149501679,2025-01-07,182.34,0.3535923613840783,0.7238135380776693,0.003967596968896734,210.384,179.52,1513,3,0.4984066068956906,2025-01-10,176.07,stop,-0.03535168357189866
2025-01-08,MCHP,small,55.27,62.7,56.39,258,316562981.89250004,2025-01-03,0,3,0.13392213410237924,2025-01-10,55.48,56.01,0.02826379542395609,2025-01-10,55.48,0.1559448660408745,0.31060214565758143,0.00559565329100131,59.728,55.48,1515,1,0.8440551339591257,2025-01-10,55.27,stop,-0.004781113599495068
2025-01-10,WDAY,small,246.89,283.0,249.64,104,631824418.5195,2025-01-08,0,1,0.1455637521667272,2025-01-13,248.07,249.5,0.03267792855164792,2025-01-13,248.07,0.5,0.9931318727766582,0.004001432284598178,268.556,248.07,1516,1,0.4928454820339985,2025-01-13,246.89,stop,-0.005751716360301473
2025-01-02,DKNG,large,35.11,45.87,36.28,297,271971295.90975004,2024-12-26,1,4,0.29839156960621177,2025-01-03,36.06,36.03,0.0882899628252791,2025-01-03,36.06,0.007348245338213601,0.014466947680729297,0.00040099041061810684,41.565999999999995,40.02,1511,8,0.9764114948872116,2025-01-15,41.565999999999995,target60,0.15153755938713243
2024-12-30,HPQ,small,32.14,36.93,32.62,477,174732255.00800002,2024-12-27,0,1,0.14612568639414275,2024-12-31,32.78,32.21,0.13361169102296466,2024-12-31,32.78,0.5,0.9382166495331183,0.02860730754143843,35.014,33.11,1509,15,0.4752508350198261,2025-01-23,33.38,time_h15,0.017285794539353416
2025-01-02,GDX,large,33.83,44.22,35.33,159,485295739.949,2024-12-27,1,3,0.29491910303718427,2025-01-03,35.23,34.46,0.13474494706448495,2025-01-03,35.23,0.0049323628586154,0.00971064956784751,0.0002754979915714899,40.064,37.96,1511,15,0.9764114948872116,2025-01-27,37.37,time_h15,0.059683205861482014
2025-01-02,UNH,large,475.82,630.73,504.37,16,2900259720.2105,2024-12-26,1,4,0.3059346301965044,2025-01-03,506.35,503.3,0.1970821767477892,2025-01-03,506.35,0.003278278467653771,0.006454150738241166,1.2740048707163118e-05,568.766,532.51,1511,15,0.9764114948872116,2025-01-27,543.72,time_h15,0.07272917138343038
2025-01-13,LHX,large,202.77,265.71,213.81,473,169778211.14225,2025-01-13,1,0,0.29270334371948087,2025-01-14,215.03,207.72,0.19478868763902124,2025-01-14,215.03,0.215674112191132,0.4260762568878601,0.0019804828105818547,240.534,212.87,1517,15,0.49298805555055236,2025-02-04,210.78,time_h15,-0.020744674254754902
2025-02-07,HUM,small,267.12,306.89,274.33,292,345090604.73050004,2025-02-07,0,0,0.14581652856200036,2025-02-10,272.74,273.21,0.1413125471460902,2025-02-10,272.74,0.5,0.990622244725035,0.0036302960093960277,290.98199999999997,272.74,1535,1,0.3518909896380459,2025-02-10,267.12,stop,-0.02158485451345582
2025-02-11,GBTC,small,74.82,85.06,75.43,415,232156713.1765,2025-02-11,0,0,0.13666088349125863,2025-02-12,74.93,75.04,0.010742187500001322,2025-02-12,74.93,0.2126132704177526,0.42089332277079233,0.005614345070190937,80.964,74.93,1537,1,0.3621601887467423,2025-02-12,74.82,stop,-0.002466319164553754
2025-02-05,SQQQ,large,27.235,35.415,28.285,41,1490793431.78075,2025-02-05,1,0,0.28996809641970933,2025-02-06,28.21,28.26,0.11919315403423,2025-02-06,28.21,0.3518434187923391,0.6970366725223349,0.024696496071821117,32.143,28.07,1533,6,0.0,2025-02-13,27.235,stop,-0.03552740841013824
2025-02-11,FBTC,small,82.46,93.78,83.12,270,369149130.4075,2025-02-11,0,0,0.13688029020556236,2025-02-12,82.7,82.74,0.021201413427562626,2025-02-12,82.7,0.2126132704177526,0.42089332277079233,0.005086854608336239,89.252,85.0,1537,4,0.3621601887467423,2025-02-18,82.46,stop,-0.0038989042926239614
2025-02-11,IBIT,small,53.69,61.08,54.13,22,2310350957.6969995,2025-02-11,0,0,0.13728404235556382,2025-02-12,53.83,53.87,0.018944519621109684,2025-02-12,53.83,0.2126132704177526,0.42089332277079233,0.007815026492836838,58.123999999999995,55.345,1537,4,0.3621601887467423,2025-02-18,53.69,stop,-0.0035979301040310885
2025-02-12,GBTC,small,74.82,85.06,76.8,424,225063707.132,2025-02-11,0,1,0.1347900487034357,2025-02-13,75.97,74.8,0.11230468750000046,2025-02-13,75.97,0.21426613715582854,0.41985526550260993,0.00552382964156718,80.964,77.01,1538,3,0.7857338628441713,2025-02-18,74.82,stop,-0.01612217052783993
2025-02-18,BAH,large,115.97,150.96,119.23,400,241417279.2625,2025-02-18,1,0,0.2952742616033756,2025-02-19,118.5,115.98,0.07230637324949987,2025-02-19,118.5,0.5,0.9619951656490348,0.008114043612373082,136.964,117.85,1541,2,0.0,2025-02-20,115.97,stop,-0.022328616097046283
2025-02-25,ULTA,large,352.5,459.0,365.83,337,299206998.56625,2025-02-25,1,0,0.29025400632290416,2025-02-26,366.92,363.555,0.135399061032864,2025-02-26,366.92,0.31047924823964856,0.5906899709899418,0.001609055450791581,416.4,366.46,1546,4,0.0,2025-03-03,352.5,stop,-0.040260579622260706
2025-02-27,ZS,small,189.49,217.1,191.94,404,248436077.0975,2025-02-26,0,1,0.14400458978772224,2025-02-28,191.73,191.67,0.08113002535313227,2025-02-28,191.73,0.19195255558278373,0.36292530802618295,0.00189195141799494,206.056,196.36,1548,2,0.8080474444172162,2025-03-03,189.49,stop,-0.012671165845198895
2025-02-26,BKR,small,42.97,49.4,43.51,354,280368799.447,2025-02-26,0,0,0.1461695839963628,2025-02-27,43.99,43.29,0.15863141524105803,2025-02-27,43.99,0.5,0.948895031540953,0.021559913253584508,46.827999999999996,43.59,1547,4,0.30876424896186233,2025-03-04,42.97,stop,-0.024163656683337087
2025-03-03,NEM,small,42.04,48.225,42.37,256,398968114.485,2025-02-27,0,2,0.14471221338324758,2025-03-04,42.74,42.16,0.11317704122877972,2025-03-04,42.74,0.49950299978647067,0.9252350716395936,0.021637165514828586,45.751,42.74,1550,1,0.5004970002135294,2025-03-04,42.04,stop,-0.01736147613476846
2025-03-04,DE,small,447.73,515.05,458.16,160,590571028.6025,2025-03-04,0,0,0.14622385368926333,2025-03-05,460.39,447.73,0.18805704099821718,2025-03-05,460.39,0.43905186017907705,0.8057207011260381,0.0017492079340895221,488.12199999999996,482.91,1551,3,0.0,2025-03-07,488.12199999999996,target60,0.05917591613740525
2025-03-04,NEM,small,42.04,48.225,42.495,258,404775776.533,2025-02-27,0,3,0.14434072345390903,2025-03-05,42.85,41.94,0.13096200485044496,2025-03-05,42.85,0.5,0.9175689413972725,0.021402804128974887,45.751,43.86,1551,4,0.0,2025-03-10,42.04,stop,-0.019884002100350018
2025-03-05,SNPS,large,429.77,558.87,448.18,216,460724599.95375,2025-03-05,1,0,0.2933357569698485,2025-03-06,440.11,433.91,0.0800929512006199,2025-03-06,440.11,0.059967809184789556,0.11184824027123441,0.0002540099433121238,507.23,450.88,1552,3,0.9400321908152105,2025-03-10,429.77,stop,-0.024470388215446004
2025-03-10,LULU,large,321.83,423.32,333.77,215,482795209.468,2025-02-28,1,6,0.30399880185712147,2025-03-11,333.85,330.74,0.11843531382402245,2025-03-11,333.85,0.33813294977097147,0.6295478385833112,0.0018847777884200077,382.724,333.85,1555,1,0.0,2025-03-11,321.83,stop,-0.03696794830762329
2025-03-10,SNPS,large,429.77,558.87,429.85,210,493334995.27925,2025-03-05,1,3,0.2995151149571956,2025-03-11,431.03,427.435,0.009759876065065768,2025-03-11,431.03,0.5,0.9309176154079699,0.0021586714534957336,507.23,431.03,1555,1,0.0,2025-03-11,429.77,stop,-0.0039200579020020054
2025-03-11,SNPS,large,429.77,558.87,430.68,206,510142689.88225,2025-03-05,1,4,0.29192953892770734,2025-03-12,442.23,427.73,0.09651432997676246,2025-03-12,442.23,0.4288646818781007,0.7869293319465298,0.001778567413519111,507.23,432.42,1556,2,0.0,2025-03-13,429.77,stop,-0.02914696551002882
2025-03-19,GILD,small,105.8,119.96,107.51,129,755220308.206,2025-03-19,0,0,0.13255324128247128,2025-03-20,106.825,105.8,0.07238700564971794,2025-03-20,106.825,0.3679745637904028,0.6665504640692073,0.0062365287979140906,114.29599999999999,106.825,1562,1,0.6320254362095973,2025-03-20,105.8,stop,-0.010585289492159866
2025-03-11,MCHP,large,50.21,66.23,52.17,204,515327361.0630001,2025-03-04,1,5,0.30467858501331313,2025-03-12,52.58,51.07,0.14794007490636685,2025-03-12,52.58,0.27157015893730807,0.49830758460518815,0.009472393130712926,59.822,51.0,1556,8,0.0,2025-03-21,50.21,stop,-0.04602885978508908
2025-03-24,TMF,small,41.51,47.53,42.67,454,252988845.86775,2025-03-20,0,2,0.14299287410926373,2025-03-25,42.1,42.6,0.09800664451827294,2025-03-25,42.1,0.31528830599897467,0.5674329445547254,0.013471478101720856,45.122,42.45,1565,2,0.3694233880020506,2025-03-26,41.51,stop,-0.01499999103325389
2025-03-14,SNPS,large,429.77,558.87,446.26,194,558474309.65975,2025-03-05,1,7,0.29011235955056186,2025-03-17,445.0,433.05,0.11797056545313722,2025-03-17,445.0,0.3552144311255521,0.6471182371361521,0.0014534711865563687,507.23,437.96,1559,11,0.27890445113830736,2025-03-31,429.02,stop_gap,-0.03687396122471909
2025-03-28,ETN,small,267.63,304.54,274.12,88,963793505.167,2025-03-28,0,0,0.137723880597015,2025-03-31,268.0,271.65,0.010024383635871154,2025-03-31,268.0,0.23750450017050423,0.419170572551905,0.0015632872659165264,289.776,268.0,1569,1,0.33017109299560965,2025-03-31,267.63,stop,-0.002378966763059487
2025-03-28,FSLR,small,124.35,140.98,127.25,305,352906454.6485,2025-03-28,0,0,0.13269499301815277,2025-03-31,125.325,124.39,0.058628983764281946,2025-03-31,125.325,0.23750450017050423,0.419170572551905,0.0033429961082435994,134.328,125.325,1569,1,0.33017109299560965,2025-03-31,124.35,stop,-0.00877174476361453
2025-03-28,MU,large,83.54,110.66,88.45,37,1781917240.9080002,2025-03-20,1,6,0.31505576208178426,2025-03-31,86.08,87.605,0.09365781710914428,2025-03-31,86.08,0.19481990666338186,0.34383673472280674,0.003992388665839282,99.812,88.58,1569,4,0.33017109299560965,2025-04-03,82.915,stop_gap,-0.03773111374593374
2025-03-31,ETN,small,267.63,304.54,271.83,86,956716113.167,2025-03-28,0,1,0.1357933850851699,2025-04-01,271.81,262.68,0.11324844215659724,2025-04-01,271.81,0.4677922702303365,0.8336670949688129,0.003065561463600782,289.776,283.77,1570,3,0.5322077297696636,2025-04-03,260.03,stop_gap,-0.04429551890107064
2025-03-24,GILD,small,105.8,119.96,106.66,115,805933067.2565,2025-03-19,0,3,0.13265879707700953,2025-03-25,106.74,106.1,0.06638418079096031,2025-03-25,106.74,0.31528830599897467,0.5674329445547254,0.00531337107066187,114.29599999999999,111.88,1565,8,0.3694233880020506,2025-04-03,114.29599999999999,target60,0.06971831154206476
2025-04-08,ADP,small,272.98,309.5,276.92,298,379031178.74350005,2025-04-08,0,0,0.13272277947376065,2025-04-09,275.16,273.54,0.059693318729463526,2025-04-09,275.16,0.25,0.4336490453859485,0.0015752006863761286,294.892,275.16,1576,1,0.0,2025-04-09,294.892,target60,0.07063956142971373
2025-04-08,FERG,small,146.33,166.59,147.96,395,284116503.73625004,2025-04-08,0,0,0.13821803793150492,2025-04-09,146.58,146.45,0.012339585389930904,2025-04-09,146.58,0.25,0.4336490453859485,0.002956966986377784,158.48600000000002,146.58,1576,1,0.0,2025-04-09,146.33,stop,-0.0027035981545912025
2025-04-08,PAYX,small,135.28,155.39,137.05,413,271484059.48450005,2025-04-08,0,0,0.14847903130537496,2025-04-09,135.44,135.28,0.007956240676280294,2025-04-09,135.44,0.25,0.4336490453859485,0.0032001788309454784,147.346,135.44,1576,1,0.0,2025-04-09,135.28,stop,-0.00217990386887168
2025-04-08,MCK,small,635.15,727.94,652.92,205,529332787.185,2025-04-07,0,1,0.143548886138614,2025-04-09,646.4,646.73,0.12124151309408332,2025-04-09,646.4,0.25,0.4336490453859485,0.0006705325198998384,690.8240000000001,671.93,1576,2,0.0,2025-04-10,690.8240000000001,target60,0.06765678945853981
2025-05-12,GDXJ,small,58.38,66.8,59.09,330,294355469.974,2025-05-09,0,1,0.14198988195615506,2025-05-13,59.3,58.91,0.10926365795724409,2025-05-13,59.3,0.5,0.9144240711966152,0.015412594589561839,63.432,59.31,1599,2,0.28215279661118087,2025-05-14,57.975,stop_gap,-0.023321425063237533
2025-04-30,USO,large,60.68,79.54,63.57,358,339626390.93450004,2025-04-22,1,6,0.29658751376002523,2025-05-01,63.59,63.3,0.15429480381760355,2025-05-01,63.59,0.26757614896362425,0.479617011656413,0.007538562716631308,71.99600000000001,68.695,1591,15,0.0,2025-05-21,67.61,time_h15,0.06215453534360749
2025-05-23,BABA,small,117.29,134.51,120.7,41,1462741737.0820005,2025-05-20,0,3,0.1437035800717682,2025-05-27,119.83,119.38,0.14750290360046425,2025-05-27,119.83,0.5,0.9004676180730959,0.007510785147826583,127.622,119.53,1608,2,0.0,2025-05-28,117.29,stop,-0.02217525392222297
2025-06-10,THC,small,152.03,174.09,156.33,479,211095557.288,2025-06-09,0,1,0.14407471508343403,2025-06-11,153.115,155.58,0.04918404351767941,2025-06-11,153.115,0.5,0.8904835690333408,0.0058128748146740955,165.266,161.46,1619,2,0.0,2025-06-12,165.266,target60,0.07827956318126894
2025-06-12,LYFT,small,15.05,17.15,15.42,468,209335990.16725,2025-06-12,0,0,0.1389808074123096,2025-06-13,15.11,15.155,0.02857142857142799,2025-06-13,15.11,0.5,0.9253369014353545,0.061209413169069284,16.31,15.11,1621,1,0.0,2025-06-13,15.05,stop,-0.0049666603242883856
2025-06-18,TEAM,small,193.5,220.43,196.18,254,376158623.709,2025-06-18,0,0,0.13729288809584506,2025-06-20,196.15,193.5,0.09840326773115503,2025-06-20,196.15,0.5,0.923038984397875,0.004703428319682264,209.65800000000002,196.15,1625,1,0.0,2025-06-20,193.5,stop,-0.014496312133571054
2025-07-10,CHWY,small,38.505,43.84,38.75,359,298175656.508,2025-07-10,0,0,0.13806935817805385,2025-07-11,38.64,38.58,0.025304592314901217,2025-07-11,38.64,0.5,0.9227906676287188,0.02386980518361554,41.706,38.64,1639,1,0.43457465593090266,2025-07-11,38.505,stop,-0.0044900459045028596
2025-07-09,BABA,large,102.19,134.51,103.83,75,1085667721.44425,2025-07-09,1,0,0.3073996575993912,2025-07-10,105.14,103.71,0.09127475247524763,2025-07-10,105.14,0.43059966466524846,0.789158846071023,0.0075020379175193795,121.582,117.22,1638,7,0.0,2025-07-18,121.582,target60,0.1552258740298651
2025-07-21,LULU,small,220.0,252.16,223.14,140,697649180.773,2025-07-16,0,3,0.14501510574018125,2025-07-22,221.77,222.705,0.055037313432836146,2025-07-22,221.77,0.46351038146301443,0.9116567177007974,0.004108765339504653,239.296,224.05,1646,3,0.5364896185369855,2025-07-24,220.0,stop,-0.00897301258060157
2025-07-16,OXY,small,41.655,47.315,42.635,190,523984015.87175,2025-07-15,0,1,0.13294186729301224,2025-07-17,42.575,42.055,0.16254416961130783,2025-07-17,42.575,0.5,0.9512147655344854,0.022330925617186567,45.051,44.72,1643,8,0.4536485730152078,2025-07-28,45.1,target_gap,0.058248062830299485
2025-07-29,CRWD,small,454.56,517.69,465.67,73,1110746227.096,2025-07-25,0,2,0.13627336700772796,2025-07-30,463.26,458.0,0.1378108664660222,2025-07-30,463.26,0.5,1.0008771389334894,0.0021594281836636504,492.43800000000005,463.26,1652,1,0.04578817960540146,2025-07-30,454.56,stop,-0.019760925527781303
2025-07-17,HUBS,large,519.96,681.19,528.3,314,337257311.821,2025-07-17,1,0,0.3047826086956522,2025-07-18,529.0,526.97,0.05606896979470299,2025-07-18,529.0,0.04452578167579323,0.08818032350305582,0.0001666091367510478,616.6980000000001,538.79,1644,10,0.9554742183242068,2025-07-31,519.96,stop,-0.018071512306238047
2025-07-30,CRWD,small,454.56,517.69,463.32,76,1116922906.053,2025-07-25,0,3,0.13554190999656487,2025-07-31,465.76,453.71,0.17741169016315506,2025-07-31,465.76,0.43358697094270165,0.8702479302462995,0.00186751289565694,492.43800000000005,465.76,1653,1,0.3229504773782391,2025-07-31,454.56,stop,-0.025022428632772042
2025-07-29,SPOT,large,594.26,784.25,620.0,79,1064142538.461,2025-07-28,1,1,0.3049598715890851,2025-07-30,623.0,615.805,0.15127111953260702,2025-07-30,623.0,0.2654772556674724,0.5314202322087485,0.0008525754768742281,708.254,687.13,1652,8,0.04578817960540146,2025-08-08,708.254,target60,0.13570774167495991
2025-07-30,LUV,large,29.17,37.96,30.72,283,388070358.18825,2025-07-29,1,1,0.2881967213114754,2025-07-31,30.5,30.45,0.15130830489192246,2025-07-31,30.5,0.2434625516790591,0.4886511724061534,0.016013339239998373,34.444,29.595,1653,8,0.3229504773782391,2025-08-11,29.17,stop,-0.04456271172131132
2025-08-04,GEHC,small,69.09,78.76,70.64,473,240869623.80725,2025-08-04,0,0,0.1363123766563293,2025-08-05,70.94,69.91,0.19131334022750712,2025-08-05,70.94,0.46207627284162367,0.9109806451430377,0.012835144556251286,74.89200000000001,74.41,1656,7,0.5257104823451405,2025-08-13,74.89200000000001,target60,0.054653604778686526
2025-08-19,PWR,small,369.11,424.23,379.02,273,427615546.3655,2025-08-15,0,2,0.14659964360754277,2025-08-20,375.99,377.4,0.12481857764876624,2025-08-20,375.99,0.5,1.0276304921206973,0.0027317659429097504,402.182,375.99,1667,1,0.0,2025-08-20,369.11,stop,-0.019279815214500173
2025-08-19,XYZ,small,72.4,82.5,74.33,157,688228399.146,2025-08-15,0,2,0.13726556129382977,2025-08-20,73.58,74.04,0.11683168316831617,2025-08-20,73.58,0.5,1.0276304921206973,0.013959182887668349,78.46000000000001,73.58,1667,1,0.0,2025-08-20,72.4,stop,-0.017020683609676235
2025-08-20,XYZ,small,72.4,82.5,74.13,189,580170214.3255,2025-08-15,0,3,0.13700488334237648,2025-08-21,73.72,71.455,0.1306930693069301,2025-08-21,73.72,0.5,1.0089787423852399,0.01367979182059207,78.46000000000001,74.1,1668,2,0.0,2025-08-22,78.46000000000001,target60,0.0632333100244169
2025-08-20,PWR,small,369.11,424.23,375.74,277,419369932.4865,2025-08-15,0,3,0.1463971740458421,2025-08-21,376.51,367.9,0.13425253991291686,2025-08-21,376.51,0.5,1.0089787423852399,0.002678479331263572,402.182,378.1,1668,8,0.0,2025-09-02,369.11,stop,-0.020634293172823837
2025-08-27,APO,small,132.33,151.53,135.75,273,403537428.67,2025-08-27,0,0,0.14126995806048112,2025-08-28,135.91,133.82,0.18645833333333262,2025-08-28,135.91,0.4576385355077431,0.9611037767845894,0.007068083473594269,143.85,136.27,1673,3,0.4891858796948081,2025-09-02,132.33,stop,-0.027314376554337327
2025-09-02,APO,small,132.33,151.53,135.84,256,396802215.432,2025-08-27,0,3,0.14215904042647703,2025-09-03,135.06,132.28,0.14218749999999955,2025-09-03,135.06,0.5,1.0173435183766788,0.007528763857674297,143.85,135.06,1676,1,0.0,2025-09-03,132.33,stop,-0.02119278037538852
2025-09-04,TXN,small,183.4,209.03,187.26,117,800396423.1735001,2025-09-03,0,1,0.1370002138122728,2025-09-05,187.08,181.69,0.14358174014826405,2025-09-05,187.08,0.5,1.0143496679241941,0.005419299193340988,198.778,187.9,1678,2,0.25601826974359454,2025-09-08,183.4,stop,-0.020650813288432657
2025-09-02,ARM,large,127.03,168.3,132.37,219,475718698.39375,2025-08-28,1,2,0.3087916199027311,2025-09-03,133.65,130.42,0.16040707535740253,2025-09-03,133.65,0.24761127772823302,0.5038114569475711,0.0037677482320920114,151.792,140.78,1676,6,0.0,2025-09-10,151.792,target60,0.13460715262252165
2025-09-08,TXN,small,183.4,209.03,185.79,108,854198314.4765,2025-09-03,0,3,0.13920269389528567,2025-09-09,184.12,183.08,0.028092079594225477,2025-09-09,184.12,0.5,1.0065511963682363,0.005464088207527983,198.778,185.05,1680,2,0.2606595164641213,2025-09-10,183.4,stop,-0.0049063336411036
2025-09-10,SQQQ,small,16.71,19.0,17.05,48,1589534608.6727,2025-09-10,0,0,0.13598574821852727,2025-09-11,16.84,16.785,0.05676855895196465,2025-09-11,16.84,0.5,1.0275288515413357,0.06098664412800267,18.084,16.84,1682,1,0.0,2025-09-11,16.71,stop,-0.008711747179334872
2025-09-11,SQQQ,small,16.71,19.0,16.765,50,1578307705.4667,2025-09-10,0,1,0.13696172248803823,2025-09-12,16.72,16.7,0.004366812227073368,2025-09-12,16.72,0.5,1.0230530657542856,0.06115679062328999,18.084,16.72,1683,1,0.0,2025-09-12,16.71,stop,-0.0015972381877988884
2025-09-12,CHWY,large,33.985,43.84,34.67,390,271878258.34675,2025-09-05,1,5,0.28408763332372455,2025-09-15,34.69,34.64,0.07153729071537271,2025-09-15,34.69,0.5,1.0222360360419018,0.02945301003239784,39.898,39.66,1684,11,0.0,2025-09-29,39.898,target60,0.1489798781925631
2025-09-15,CCI,small,91.3,104.6,93.59,383,273242382.282,2025-09-15,0,0,0.14239828693790146,2025-09-16,93.4,92.29,0.15789473684210595,2025-09-16,93.4,0.484013868832102,1.0222360360419018,0.010939238951005148,99.28,95.45,1685,15,0.515986131167898,2025-10-06,94.0,time_h15,0.005417810492505337
2025-10-06,Z,large,71.07,93.88,74.01,497,231383288.6005,2025-09-26,1,6,0.3083265747499324,2025-10-07,73.98,72.99,0.12757562472599784,2025-10-07,73.98,0.3102111046847875,0.6831788320059418,0.00923002490659555,84.756,72.73,1700,2,0.0,2025-10-08,71.07,stop,-0.04029538027169499
2025-10-09,DECK,large,97.34,126.49,98.84,475,245233662.5405,2025-10-09,1,0,0.2967525195968644,2025-10-10,98.23,98.38,0.0305317324185249,2025-10-10,98.23,0.5,1.0873870012550038,0.01106427066837398,114.83,98.23,1703,1,0.0,2025-10-10,97.34,stop,-0.01005106041942394
2025-10-10,VLO,small,155.915,178.39,158.03,326,370357916.9535,2025-10-08,0,2,0.140604961056023,2025-10-13,159.845,157.64,0.17486095661846532,2025-10-13,159.845,0.48902157872785196,1.058166707333831,0.006616645024743746,169.39999999999998,161.01,1704,4,0.0,2025-10-16,155.915,stop,-0.025561487824142026
2025-10-16,RBRK,small,76.59,88.0,78.59,483,246796713.1935,2025-10-16,0,0,0.14818181818181814,2025-10-17,77.0,77.95,0.03593339176161233,2025-10-17,77.0,0.5,1.0683981473278354,0.013868362964339891,83.436,77.0,1708,1,0.0,2025-10-17,76.59,stop,-0.006319101980519326
2025-10-20,VST,small,190.7,217.1,194.22,150,806039521.6700001,2025-10-20,0,0,0.13687266694317715,2025-10-21,192.88,192.95,0.08257575757575782,2025-10-21,192.88,0.5,1.065022488903454,0.005518923567290556,206.54,192.88,1710,1,0.0,2025-10-21,190.7,stop,-0.01229081462567394
2025-10-30,ETH,large,34.595,45.785,34.69,451,271559404.82075,2025-10-30,1,0,0.3083494075502893,2025-10-31,36.29,34.595,0.15147453083109924,2025-10-31,36.29,0.1498457623428695,0.3172167333965876,0.008736790438960853,41.309,36.58,1718,2,0.0,2025-11-03,34.595,stop,-0.04766013643565703
2025-10-30,ETHA,large,27.78,36.8,27.85,61,1546413065.9745,2025-10-30,1,0,0.3094339622641508,2025-10-31,29.15,27.78,0.15188470066518825,2025-10-31,29.15,0.1489366660069263,0.31529221737743685,0.010810791467195479,33.192,29.36,1718,2,0.0,2025-11-03,27.78,stop,-0.04795104819897056
2025-10-30,NVO,large,47.92,62.32,50.04,247,516902366.1615,2025-10-30,1,0,0.29538461538461536,2025-10-31,48.75,49.435,0.057638888888888774,2025-10-31,48.75,0.28566535206136284,0.6047406907520316,0.012398734777572425,56.56,49.12,1718,3,0.0,2025-11-04,47.92,stop_gap,-0.01800836964102548
2025-10-30,UAL,small,92.9,106.44,93.37,213,607875901.33275,2025-10-29,0,1,0.1448283238849074,2025-10-31,93.49,92.36,0.04357459379615876,2025-10-31,93.49,0.28566535206136284,0.6047406907520316,0.006465272439904329,101.024,96.105,1718,3,0.0,2025-11-04,92.9,stop,-0.007304276125788434
2025-11-03,NFLX,small,1087.4,1248.1,1099.96,19,4223047707.035501,2025-10-31,0,1,0.14609622168078823,2025-11-04,1099.96,1075.16,0.0781580584940881,2025-11-04,1099.96,0.5,1.0365931541577658,0.0009419204858182905,1183.82,1099.96,1720,1,0.42305133999447664,2025-11-04,1087.4,stop,-0.0124069312975017
2025-11-05,NFLX,small,1087.4,1248.1,1098.46,18,4364432025.436999,2025-10-31,0,3,0.14681430320305489,2025-11-06,1094.58,1073.51,0.044679527069071835,2025-11-06,1094.58,0.5,1.0283980595232582,0.0009390669119602923,1183.82,1094.58,1722,1,0.13283353477618595,2025-11-06,1087.4,stop,-0.007552785680351892
2025-11-10,TTD,large,43.1,57.0,43.245,289,446315532.91925,2025-10-31,1,6,0.32116451016635855,2025-11-11,43.28,42.02,0.012949640287769765,2025-11-11,43.28,0.3882490863433328,0.7977063659973755,0.01842207746798468,51.44,43.28,1725,1,0.394969069327866,2025-11-11,43.1,stop,-0.00515455695471323
2025-11-11,BABA,small,160.0,182.5,160.79,49,1936416788.486,2025-11-07,0,2,0.13976891539321656,2025-11-12,160.98,160.17,0.0435555555555551,2025-11-12,160.98,0.2417729958958152,0.4922366778694279,0.0030562216395235015,173.5,160.98,1726,1,0.6102083838154702,2025-11-12,160.0,stop,-0.0070813765685175944
2025-11-11,TTD,large,43.1,57.0,44.2,271,469293442.78374994,2025-10-31,1,7,0.30964580084651366,2025-11-12,44.89,43.05,0.12877697841726615,2025-11-12,44.89,0.1480186202887146,0.301357865231277,0.006709894994401011,51.44,43.81,1726,2,0.6102083838154702,2025-11-13,43.1,stop,-0.0408351353308084
2025-11-10,SPXU,large,12.22,15.87,12.7,276,461372473.8015,2025-11-06,1,2,0.28560250391236297,2025-11-11,12.78,12.645,0.15342465753424628,2025-11-11,12.78,0.21678184432880104,0.4454054454639833,0.03483433041793829,14.41,13.82,1725,8,0.394969069327866,2025-11-20,52.71,target_gap,3.120289763497653
2025-10-30,LULU,large,159.3,208.115,168.01,199,641197791.7745,2025-10-23,1,5,0.289875296912114,2025-10-31,168.4,167.0,0.18641810918774956,2025-10-31,168.4,0.12988686752747844,0.27496465154553407,0.0016319903160318366,188.589,166.05,1718,15,0.0,2025-11-20,164.75,time_h15,-0.022652665157363527
2025-11-05,QID,large,19.13,24.92,19.97,319,404389610.52575,2025-11-04,1,1,0.28834661354581687,2025-11-06,20.08,19.76,0.16407599309153692,2025-11-06,20.08,0.25899773619154276,0.5327055386405987,0.026515895710721035,22.604,21.56,1722,11,0.13283353477618595,2025-11-20,22.604,target60,0.1245717953685257
2025-11-18,TNA,large,38.5,50.96,39.34,226,576545088.78775,2025-11-17,1,1,0.3153631991900785,2025-11-19,39.51,38.1,0.08105939004815393,2025-11-19,39.51,0.36878089287937865,0.7778028406141526,0.019676384186126186,45.976,39.34,1731,2,0.6312191071206216,2025-11-20,38.5,stop,-0.026537341812199244
2025-11-20,F,small,12.195,13.97,12.405,72,1360477043.108,2025-11-18,0,2,0.14188649080735416,2025-11-21,12.51,12.385,0.17746478873239405,2025-11-21,12.51,0.47793490961578317,1.6537327440354126,0.13212676879803317,13.26,13.155,1733,4,0.0,2025-11-26,13.26,target60,0.05889235131894499
2025-11-25,EQIX,small,743.6,853.415,748.05,490,272362737.112,2025-11-24,0,1,0.14691559527472667,2025-11-26,747.47,747.58,0.0352410872831581,2025-11-26,747.47,0.5,1.77326995635605,0.00237117653066728,809.489,753.31,1736,3,0.49064992581442723,2025-12-01,743.6,stop,-0.006172039145383668
2025-12-09,LLY,small,966.0,1111.24,981.86,28,3126049260.99875,2025-12-09,0,0,0.1474517766497462,2025-12-10,985.0,979.42,0.13081795648581657,2025-12-10,985.0,0.5,1.7733053149204148,0.001799409809404015,1053.144,1027.78,1745,4,0.0,2025-12-15,1053.144,target60,0.06811281145786818
2025-12-10,INSM,small,185.77,212.59,189.8,345,347902549.6575,2025-12-08,0,2,0.14097981497056344,2025-12-11,190.24,189.59,0.16666666666666666,2025-12-11,190.24,0.494317624441984,1.7733053149204148,0.009316750747807793,201.862,196.92,1746,4,0.5056823755580159,2025-12-16,201.862,target60,0.06003042717357032
2025-12-15,BABA,large,147.86,192.67,150.1,51,1776391829.7775002,2025-12-04,1,7,0.3008392077878481,2025-12-16,148.95,149.58,0.024324927471545986,2025-12-16,148.95,0.5,1.8572450270534946,0.012462681467203546,174.746,148.95,1749,1,0.49008071151015964,2025-12-16,147.86,stop,-0.008310325847599498
2025-12-18,VLO,small,159.92,182.91,161.95,298,404245437.6895,2025-12-18,0,0,0.1420451034908867,2025-12-19,161.85,160.73,0.08394954327968708,2025-12-19,161.85,0.5,1.8792067023117132,0.011604986709672891,173.714,165.31,1752,10,0.0,2026-01-05,179.69,target_gap,0.1091155694933581
2025-12-22,VST,small,158.65,180.73,161.54,175,657579333.834,2025-12-19,0,1,0.13665903323636805,2025-12-23,161.57,160.85,0.13224637681159374,2025-12-23,161.57,0.49658218909260676,1.8792067023117132,0.011625098093461395,171.898,162.98,1754,9,0.5034178109073932,2026-01-06,171.898,target60,0.06285910116048798
2026-01-02,TSLA,small,435.26,498.82,438.1,2,31177410207.9605,2026-01-02,0,0,0.1419383653416704,2026-01-05,447.8,435.31,0.1972938955317813,2026-01-05,447.8,0.15662188162810456,0.6348198538301035,0.001416932657220162,473.396,451.69,1761,2,0.48577487665416835,2026-01-06,435.26,stop,-0.02897532645154066
2026-01-06,TZA,small,6.61,7.555,6.67,151,678692741.3735,2026-01-02,0,2,0.14231927710843364,2026-01-07,6.64,6.66,0.03174603174603109,2026-01-07,6.64,0.5,2.0689292063673173,0.31142993098857435,7.177,6.725,1763,2,0.3683308061491006,2026-01-08,6.61,stop,-0.0055133053463855
2026-01-08,AIG,small,76.235,87.29,77.9,323,336272474.1205,2026-01-07,0,1,0.14173076923076933,2026-01-09,78.0,77.26,0.159656264133876,2026-01-09,78.0,0.31438162229172456,1.3011755246932457,0.01667339662731922,82.86800000000001,78.0,1765,1,0.37123675541655077,2026-01-09,76.235,stop,-0.02360533258012798
2026-01-08,GLW,small,84.85,96.605,85.32,274,379492720.7987501,2026-01-05,0,3,0.137759287472167,2026-01-09,85.33,83.98,0.04083368779242906,2026-01-09,85.33,0.31438162229172456,1.3011755246932457,0.015241121960985576,91.903,85.2,1765,2,0.37123675541655077,2026-01-12,84.8,stop_gap,-0.007204720496894246
2026-01-02,LEN,large,102.15,133.76,104.22,286,364779653.199,2026-01-02,1,0,0.304322711081159,2026-01-05,103.87,102.15,0.05441316039228091,2026-01-05,103.87,0.18152528514766167,0.7357583358469132,0.007079911973418597,121.116,119.25,1761,6,0.48577487665416835,2026-01-12,121.116,target60,0.16486872320207935
2026-01-02,SNOW,large,211.96,280.67,216.68,68,1170600481.97825,2025-12-24,1,5,0.3161260639521509,2026-01-05,217.35,213.96,0.07844564110027631,2026-01-05,217.35,0.17607795657006542,0.7136792221531746,0.0032819065219328184,253.186,220.17,1761,7,0.48577487665416835,2026-01-13,211.96,stop,-0.02577366924315594
2026-01-13,KKR,small,127.36,144.84,130.07,302,359836520.53199995,2026-01-08,0,3,0.13577753611931026,2026-01-14,128.74,128.59,0.07894736842105317,2026-01-14,128.74,0.5,2.0573043628035683,0.015972314048641967,137.848,128.74,1768,1,0.0,2026-01-14,127.36,stop,-0.011708312567966339
2026-01-14,DASH,small,208.11,238.9,213.1,171,628413687.3575,2026-01-13,0,1,0.14401983254595627,2026-01-15,213.79,207.9,0.1844754790516395,2026-01-15,213.79,0.4538675744149974,1.8565549183803296,0.008679669960807988,226.584,213.79,1769,1,0.0,2026-01-15,208.11,stop,-0.027541316116282077
2026-01-15,DASH,small,208.11,238.9,210.11,174,629809950.42,2026-01-13,0,2,0.14576527955309376,2026-01-16,211.23,207.745,0.10133160116921003,2026-01-16,211.23,0.5,2.01969459859282,0.009556808934779736,226.584,211.23,1770,1,0.0,2026-01-16,208.11,stop,-0.015755612235477834
2026-01-15,NET,small,180.5,205.19,184.23,347,319332410.8685,2026-01-13,0,2,0.13382839178275244,2026-01-16,184.49,184.1,0.16160388821385213,2026-01-16,184.49,0.5,2.01969459859282,0.010941973826730574,195.314,184.08,1770,2,0.0,2026-01-20,177.75,stop_gap,-0.03749637141579487
2026-01-22,WFC,small,86.035,97.76,88.05,101,1037972871.242,2026-01-22,0,0,0.1340000000000001,2026-01-23,87.5,86.43,0.12494669509594902,2026-01-23,87.5,0.5,1.9659182267204058,0.022456403058366235,93.07000000000001,87.5,1774,1,0.0,2026-01-23,86.035,stop,-0.01772586847142854
2026-01-23,WFC,small,86.035,97.76,86.97,97,1082346374.1179998,2026-01-22,0,1,0.13461538461538472,2026-01-26,87.1,86.03,0.09083155650319803,2026-01-26,87.1,0.5,1.948494422764191,0.022359588697506417,93.07000000000001,92.29,1775,7,0.0,2026-02-03,93.07000000000001,target60,0.06747363108496018
2026-01-30,VST,large,149.26,196.55,158.34,149,877214772.125,2026-01-28,1,2,0.29996828417380283,2026-02-02,157.65,156.86,0.17741594417424425,2026-02-02,157.65,0.23077435446198316,0.9148899140230379,0.00580039625160816,177.63400000000001,153.05,1780,3,0.5085063943825948,2026-02-04,149.26,stop,-0.054165700507453174
2026-02-04,XYZ,large,55.09,72.22,57.42,425,357479036.7055,2026-02-04,1,0,0.3044250933001598,2026-02-05,56.27,55.09,0.06888499708114419,2026-02-05,56.27,0.5,1.989452593150407,0.035337797527169576,65.368,56.27,1783,1,0.0,2026-02-05,55.09,stop,-0.02194910658432525
2026-02-05,DASH,large,182.04,238.9,183.76,215,692705084.7055,2026-02-03,1,2,0.30440601745275453,2026-02-06,186.79,182.8,0.08353851565247976,2026-02-06,186.79,0.4734183155450061,1.8630139721330286,0.00996885521252188,216.156,186.79,1784,1,0.0,2026-02-06,182.04,stop,-0.02640395358423897
2026-02-09,DASH,large,182.04,238.9,186.12,206,749830900.5139999,2026-02-03,1,4,0.30632474948820176,2026-02-10,185.62,178.24,0.0629616602180797,2026-02-10,185.62,0.5,1.943023772421152,0.010462516218806927,216.156,185.59,1786,2,0.0,2026-02-11,182.04,stop,-0.020267182900549296
2026-02-17,HPQ,small,18.265,20.735,18.5,490,333916959.304,2026-02-13,0,1,0.13423913043478256,2026-02-18,18.4,18.49,0.05465587044534335,2026-02-18,18.4,0.2276173177693616,0.8875105504224612,0.04821015191017663,19.747,18.4,1791,1,0.7723826822306384,2026-02-18,18.265,stop,-0.008329371399456331
2026-02-18,HPQ,small,18.265,20.735,18.35,492,332674159.156,2026-02-13,0,2,0.13497267759562834,2026-02-19,18.3,18.245,0.014170040485830024,2026-02-19,18.3,0.2234360556402409,0.8801181454270566,0.04806984078439033,19.747,18.3,1792,1,0.7765639443597591,2026-02-19,18.265,stop,-0.002910406215846706
2026-02-19,HPQ,small,18.265,20.735,18.335,491,330469837.47349995,2026-02-13,0,3,0.13387533875338747,2026-02-20,18.45,18.26,0.07489878542510073,2026-02-20,18.45,0.22425019634785978,0.8775566441059262,0.04754026372812321,19.747,18.45,1793,1,0.7757498036521402,2026-02-20,18.265,stop,-0.011016825677506725
2026-02-12,EMR,small,144.015,165.085,144.98,329,489080347.57175,2026-02-11,0,1,0.14461221688400838,2026-02-13,145.7,144.85,0.0799715234931182,2026-02-13,145.7,0.5,1.9233339633332647,0.013194044587176377,156.657,148.61,1789,6,0.0,2026-02-23,144.015,stop,-0.012553047331846257
2026-02-12,DELL,large,110.22,143.785,112.85,201,791151464.23225,2026-02-06,1,4,0.29068156231055686,2026-02-13,115.47,111.2,0.15641293013555788,2026-02-13,115.47,0.26927809539526176,1.0358234129108035,0.008966012827611919,130.359,121.47,1789,10,0.0,2026-02-27,137.37,target_gap,0.18847028962068113
2026-02-23,AAL,large,12.805,16.5,12.93,227,679423000.79425,2026-02-20,1,1,0.28554868624420404,2026-02-24,12.94,12.84,0.03653585926928275,2026-02-24,12.94,0.5,1.9237417811597521,0.14859195597134253,15.022,13.085,1795,5,0.28080809917116334,2026-03-02,12.28,stop_gap,-0.05195339489953621
2026-03-04,CARR,small,59.43,68.32,61.08,411,395405304.1591498,2026-03-02,0,2,0.1466270823024904,2026-03-05,60.63,60.495,0.13498312710911178,2026-03-05,60.63,0.27819407789624984,1.1297732278439379,0.018624580920831534,64.764,60.4,1802,2,0.7218059221037503,2026-03-06,59.08,stop_gap,-0.026539093353125542
2026-03-05,IR,small,88.9,100.96,90.49,409,393491027.0642504,2026-03-03,0,2,0.1349144199574895,2026-03-06,89.39,89.28,0.04063018242122681,2026-03-06,89.39,0.13759713853179917,0.5498950353411628,0.006148563461500081,96.136,89.39,1803,1,0.7248057229364017,2026-03-06,88.9,stop,-0.006475867267031976
2026-03-05,BDX,large,164.41,213.02,169.95,354,447218853.99452144,2026-03-05,1,0,0.28889813384048507,2026-03-06,168.26,167.83,0.07920181032709306,2026-03-06,168.26,0.13759713853179917,0.5498950353411628,0.003266492855244813,193.576,167.18,1803,2,0.7248057229364017,2026-03-09,164.41,stop,-0.023858129665398686
2026-03-06,MCHP,large,63.25,83.35,64.78,298,491540465.6318264,2026-03-03,1,3,0.3162366268093139,2026-03-09,63.56,64.21,0.015422885572139422,2026-03-09,63.56,0.13975623727249092,0.5463339880814936,0.008591265278279624,75.31,63.56,1804,1,0.8602437627275092,2026-03-09,63.25,stop,-0.005872155247010569
2026-03-09,BDX,large,164.41,213.02,165.495,354,432019115.9395215,2026-03-05,1,2,0.29555542044141797,2026-03-10,164.47,161.78,0.0012343139271755246,2026-03-10,164.47,0.07018667254804566,0.2826399691778095,0.0017176302620126502,193.576,164.47,1805,1,0.7318330947593004,2026-03-10,164.41,stop,-0.0013641934547332646
2026-03-09,CHTR,small,219.6,249.24,222.82,485,324674224.50085014,2026-03-05,0,2,0.13337533186338485,2026-03-10,222.23,221.64,0.08873144399460169,2026-03-10,222.23,0.07018667254804566,0.2826399691778095,0.001271199429389464,237.38400000000001,222.23,1805,1,0.7318330947593004,2026-03-10,219.6,stop,-0.012822504162354198
2026-03-09,BKR,small,58.43,66.72,60.07,378,412553552.31363547,2026-03-09,0,0,0.1382934356493452,2026-03-10,59.945,58.86,0.1827503015681545,2026-03-10,59.945,0.06685105420948212,0.2692075178280869,0.0044886631757306335,63.403999999999996,59.33,1805,2,0.7318330947593004,2026-03-11,58.43,stop,-0.026247650221036145
2026-03-09,MCHP,large,63.25,83.35,65.05,306,482781331.5958265,2026-03-03,1,4,0.30894558868736544,2026-03-10,65.06,61.68,0.09004975124378123,2026-03-10,65.06,0.060942505935126165,0.24541394218868912,0.003770231097718948,75.31,65.77,1805,3,0.7318330947593004,2026-03-12,63.25,stop,-0.028792409890869952
2026-03-12,B,large,42.045,54.69,44.49,243,611255844.5014814,2026-03-11,1,1,0.2860859728506786,2026-03-13,44.2,44.055,0.17042309213127732,2026-03-13,44.2,0.25147654418714177,1.0129634400024252,0.02290626602448923,49.632,42.32,1808,2,0.736409419040707,2026-03-16,42.0,stop_gap,-0.050723744343891375
2026-02-27,NVDL,large,72.75,94.68,76.49,162,919416557.9937828,2026-02-19,1,6,0.2940860936033258,2026-03-02,74.57,75.82,0.08299133606931111,2026-03-02,74.57,0.4924807317575541,1.9250689884124694,0.025802688130860445,85.908,78.51,1799,11,0.21849505699715893,2026-03-16,85.908,target60,0.1508933012873812
2026-02-24,MA,small,490.0,561.58,498.28,76,1801934516.5596557,2026-02-24,0,0,0.14235710592259665,2026-02-25,502.82,491.26,0.17910030734842114,2026-02-25,502.82,0.21801381736054673,0.8433372354325157,0.0016763763708977357,532.948,508.5,1796,15,0.7819861826394532,2026-03-17,506.78,time_h15,0.006867958106280714
2026-03-16,B,large,42.045,54.69,43.09,255,582759904.1519815,2026-03-11,1,3,0.29089026915113864,2026-03-17,43.47,41.67,0.11269276393831536,2026-03-17,43.47,0.3703927164398756,1.5118694373599217,0.03476221538167108,49.632,42.815,1810,2,0.2096804603091252,2026-03-18,41.13,stop_gap,-0.05477616097308469
2026-03-18,SMCI,small,29.685,33.855,30.36,207,705883403.7284979,2026-03-18,0,0,0.13899999999999993,2026-03-19,30.0,30.325,0.07553956834532408,2026-03-19,30.0,0.5,1.9961210441486619,0.06650409945421959,32.187,30.795,1812,2,0.0,2026-03-20,22.52,stop_gap,-0.2500838123333332
2026-03-19,PDD,large,96.89,125.35,97.43,285,505798579.6987993,2026-03-19,1,0,0.29340206185567,2026-03-20,97.0,96.89,0.003865073787772293,2026-03-20,97.0,0.5,1.7465222638489162,0.017996381471309192,113.966,97.0,1813,1,0.0,2026-03-20,96.89,stop,-0.002132636881443273
2026-03-19,DHR,small,185.32,212.56,190.11,251,581433672.0542175,2026-03-16,0,3,0.1437618746041799,2026-03-20,189.48,187.44,0.15271659324522743,2026-03-20,189.48,0.5,1.7465222638489162,0.009212840419659024,201.664,190.08,1813,4,0.0,2026-03-25,185.32,stop,-0.02293262439307564
2026-03-30,KWEB,small,27.665,31.475,27.77,200,722449692.6257501,2026-03-30,0,0,0.13729729729729737,2026-03-31,27.75,27.665,0.02230971128608945,2026-03-31,27.75,0.020300811411868885,0.07035322672895704,0.002533983787949282,29.951,27.75,1820,1,0.8986889405945339,2026-03-31,27.665,stop,-0.00405975076576548
