rank_cap,symbol,scale,signal_date,direct_date,delay_date,entry_fraction_direct,entry_fraction_delay,entry_fraction_delta,direct_stop_distance,delay_stop_distance,direct_rr,delay_rr,rr_delta,open_move,delayed_valid,direct_ret,delay_ret,ret_delta,direct_exit,delay_exit,delay_band,year,month
300,COP,large,2023-01-03,2023-01-04,2023-01-05,0.13866077068856597,0.21162349968414404,0.07296272899557807,0.03947131810825392,0.059015238263014205,3.3271070615034186,1.8352238805970151,-1.4918831809064035,0.020769645747167775,True,0.13019454128357544,0.10719842228097631,-0.022996119002599125,target,target,20_30,2023,2023-01
300,FANG,large,2023-01-04,2023-01-05,2023-01-06,0.039026862645717,0.17764825139381638,0.13862138874809937,0.0117530336564145,0.05135531135531129,14.374025974026047,2.3774607703281054,-11.99656520369794,0.04174616500038164,True,0.049091572659827554,0.012686440662452503,-0.03640513199737505,time,time,10_20,2023,2023-01
300,FANG,large,2023-01-05,2023-01-06,2023-01-09,0.17764825139381638,0.28763304612265583,0.10998479472883946,0.05135531135531129,0.08058790116444188,2.3774607703281054,1.0859911894273127,-1.2914695809007928,0.031794871794871726,True,0.012686440662452503,-0.02731511977609602,-0.04000156043854852,time,time,20_30,2023,2023-01
300,MRO,large,2023-01-05,2023-01-06,2023-01-09,0.11786600496277903,0.24689826302729545,0.1290322580645164,0.03610794374762445,0.07276051188299824,4.09052631578948,1.430150753768843,-2.6603755620206364,0.039528696313189116,True,0.2355559202534805,0.1885731722804045,-0.046982747973076,target_gap,target_gap,20_30,2023,2023-01
300,SDS,small,2023-01-20,2023-01-23,2023-01-24,0.13256637168141638,0.04601769911504391,-0.08654867256637247,0.017504498819790187,0.006146572104018866,3.526034712950587,12.03846153846164,8.512426825511053,-0.011428170791558667,True,-0.018486503318720926,-0.0071399288535400895,0.011346574465180836,stop,stop,LE10,2023,2023-01
300,HAL,small,2023-02-02,2023-02-03,2023-02-06,0.0029211295034080923,0.03407984420642728,0.031158714703019192,0.00039164490861620286,0.004550182007280402,204.39999999999242,16.605714285713873,-187.79428571427854,0.004177545691906204,True,-0.0013907537093071909,-0.005545134349102199,-0.004154380639795008,stop,stop,LE10,2023,2023-02
300,HAL,small,2023-02-03,2023-02-06,2023-02-07,0.03407984420642728,0.0847127555988319,0.05063291139240462,0.004550182007280402,0.011234504132231465,16.605714285713873,6.082758620689624,-10.522955665024249,0.0067602704108162825,True,-0.005545134349102199,-0.012222775492419125,-0.006677641143316926,stop,stop,LE10,2023,2023-02
300,HAL,small,2023-02-06,2023-02-07,2023-02-08,0.0847127555988319,0.15871470301850127,0.07400194741966937,0.011234504132231465,0.020843989769821096,6.082758620689624,2.7803680981594905,-3.3023905225301338,0.009814049586776896,True,-0.012222775492419125,-0.021822656446712774,-0.00959988095429365,stop,stop,10_20,2023,2023-02
300,FSLR,small,2023-02-09,2023-02-10,2023-02-13,0.06092001657687522,0.19270617488603425,0.13178615830915902,0.009039478538925094,0.028045838359469274,8.848979591836748,2.113548387096772,-6.735431204739976,0.019554790308695225,True,-0.010029943827741694,-0.029017306786895958,-0.018987362959154264,stop,stop,10_20,2023,2023-02
300,FSLR,small,2023-02-10,2023-02-13,2023-02-14,0.19270617488603425,0.03439701616245273,-0.15830915872358153,0.028045838359469274,0.0051240893937522175,2.113548387096772,16.443373493976246,14.329825106879474,-0.023039806996381307,True,-0.029017306786895958,-0.0061184681149976106,0.022898838671898347,stop,stop,LE10,2023,2023-02
300,GOLD,large,2023-02-22,2023-02-23,2023-02-24,0.15680166147455843,0.11526479750778808,-0.04153686396677035,0.04680719156850583,0.03483992467043313,2.8264900662251695,4.205405405405407,1.3789153391802373,-0.012399256044637319,True,0.13116832780138177,0.145370064496942,0.014201736695560241,target,target,10_20,2023,2023-02
300,COF,small,2023-02-23,2023-02-24,2023-02-27,0.01711026615969558,0.23510773130544974,0.21799746514575416,0.002510226850130123,0.033423423423423367,34.066666666667146,1.5520215633423196,-32.514645103324824,0.03198214949795464,True,-0.009172802962594373,-0.039879519699609456,-0.030706716737015083,stop_gap,stop_gap,20_30,2023,2023-02
300,GOLD,large,2023-02-23,2023-02-24,2023-02-27,0.11526479750778808,0.11734164070612656,0.0020768431983384794,0.03483992467043313,0.03544542032622331,4.205405405405407,4.1132743362831885,-0.09213106912221836,0.0006277463904582614,True,0.145370064496942,0.14465151364092144,-0.0007185508560205722,target,target,10_20,2023,2023-02
300,GOLD,large,2023-02-24,2023-02-27,2023-02-28,0.11734164070612656,0.12149532710280388,0.00415368639667732,0.03544542032622331,0.03665413533834592,4.1132743362831885,3.93846153846153,-0.1748127978216587,0.0012547051442912682,True,0.14465151364092144,0.14321711324788744,-0.0014344003930339966,target,target,10_20,2023,2023-02
300,TSM,small,2023-02-24,2023-02-27,2023-02-28,0.16545012165450174,0.03892944038929473,-0.126520681265207,0.022998872604284175,0.005508377323846729,2.626470588235281,14.412499999999865,11.786029411764584,-0.01758737316798198,True,-0.02397538547524436,-0.006502371949209995,0.017473013526034364,stop,stop,LE10,2023,2023-02
300,COF,small,2023-02-27,2023-02-28,2023-03-01,0.1362484157160959,0.1394169835234468,0.0031685678073509194,0.019645467836257233,0.020093159192620228,3.403720930232571,3.303636363636381,-0.1000845665961898,0.00045687134502925275,True,-0.026193591800590665,-0.02663829287292585,-0.0004447010723351852,stop_gap,stop_gap,10_20,2023,2023-02
300,GOLD,large,2023-02-27,2023-02-28,2023-03-01,0.12149532710280388,0.2191069574247143,0.09761163032191043,0.03665413533834592,0.06421180766889834,3.93846153846153,1.7383886255924172,-2.2000729128691123,0.029448621553884724,True,0.14321711324788744,0.11051400653903132,-0.03270310670885612,target,target,20_30,2023,2023-02
300,TSM,small,2023-02-27,2023-02-28,2023-03-01,0.03892944038929473,0.19302514193025222,0.15409570154095747,0.005508377323846729,0.026729559748427778,14.412499999999865,2.1084033613445237,-12.304096638655341,0.021803993573559888,True,-0.006502371949209995,-0.02770234379665515,-0.021199971847445154,stop,stop,10_20,2023,2023-02
300,COF,small,2023-02-28,2023-03-01,2023-03-02,0.1394169835234468,-0.03865652724968314,-0.17807351077312994,0.020093159192620228,-0.005718035245594295,3.303636363636381,,,-0.025664444241483175,False,-0.02663829287292585,,,stop_gap,,LE10,2023,2023-03
300,GM,small,2023-02-28,2023-03-01,2023-03-02,0.06249999999999967,0.01041666666666661,-0.05208333333333306,0.00853154084798341,0.0014321051946361077,8.600000000000048,56.600000000000286,48.00000000000024,-0.007109617373319499,True,-0.009522513820649059,-0.002430174055011225,0.007092339765637834,stop,stop,LE10,2023,2023-03
300,GM,small,2023-03-01,2023-03-02,2023-03-03,0.01041666666666661,0.38636363636363613,0.3759469696969695,0.0014321051946361077,0.050507551374102476,56.600000000000286,0.5529411764705885,-56.047058823529696,0.051685978388230636,True,-0.002430174055011225,-0.05145656931375853,-0.0490263952587473,stop,stop,GT30,2023,2023-03
300,GOLD,large,2023-03-01,2023-03-02,2023-03-03,0.16926272066459006,0.24610591900311493,0.07684319833852488,0.05033971587399637,0.07155797101449268,2.5447852760736134,1.437974683544306,-1.1068105925293075,0.022853613341568657,True,0.1269762277601163,0.10179620334760187,-0.025180024412514435,target,target,20_30,2023,2023-03
300,LLY,small,2023-03-02,2023-03-03,2023-03-06,0.16094276094276125,0.17373737373737388,0.012794612794612636,0.0226633372317224,0.02442102606171518,2.7280334728033413,2.4534883720930214,-0.2745451007103199,0.0018016878970825712,True,0.060765046878842766,0.058857316467026966,-0.0019077304118158,target,target,10_20,2023,2023-03
300,LLY,small,2023-03-07,2023-03-08,2023-03-09,0.029180695847362763,0.06980920314253676,0.040628507295174,0.0041867954911433535,0.009958054497134302,19.561538461538298,7.594855305466206,-11.966683156072092,0.005829307568437914,True,0.0808188015493061,0.07455489059287101,-0.0062639109564350814,target,target,LE10,2023,2023-03
300,AMZN,small,2023-03-09,2023-03-10,2023-03-13,0.18826405867970686,-0.034229828850855896,-0.22249388753056276,0.02491909385113271,-0.0046682227409136565,2.1870129870129817,,,-0.029449838187702304,False,-0.03041990331694988,,,stop_gap,,LE10,2023,2023-03
300,PYPL,small,2023-03-13,2023-03-14,2023-03-15,0.11035818005808333,-0.040658276863504525,-0.15101645692158785,0.015478615071283102,-0.005826050769871018,4.43684210526315,,,-0.02118126272912424,False,-0.0221595923016088,,,stop_gap,,LE10,2023,2023-03
300,ZM,large,2023-03-27,2023-03-28,2023-03-29,0.19806295399515694,0.25375302663438243,0.055690072639225485,0.05964707598074945,0.0751577739529546,2.029339853300742,1.3645038167938954,-0.6648360365068464,0.016771182732973733,True,-0.06058695896327737,-0.07608215398898355,-0.015495195025706177,stop,stop,20_30,2023,2023-03
300,BX,large,2023-04-04,2023-04-05,2023-04-06,0.12755716004813503,0.1656638588046528,0.03810669875651779,0.03960642670320098,0.0508370260955194,3.70377358490565,2.621791767554483,-1.081981817351167,0.011832108606302016,True,0.14554711683889043,0.13215137876655003,-0.013395738072340402,target,target,10_20,2023,2023-04
300,BX,large,2023-04-05,2023-04-06,2023-04-10,0.1656638588046528,0.17890092258323276,0.013237063778579944,0.0508370260955194,0.054676964570307636,2.621791767554483,2.3538116591928295,-0.26798010836165354,0.004062038404726742,True,0.13215137876655003,0.1275711414857732,-0.004580237280776833,target,target,10_20,2023,2023-04
300,BX,large,2023-04-10,2023-04-11,2023-04-12,0.19574809466506193,0.30084235860409136,0.10509426393902943,0.0595194535919014,0.0886420044911949,2.065163934426232,0.9943999999999997,-1.0707639344262323,0.03195511647761928,True,0.12179507270392143,0.08705800745768233,-0.034737065246239096,target,target,GT30,2023,2023-04
300,SPXS,large,2023-04-10,2023-04-11,2023-04-12,0.13779527559055108,0.09645669291338556,-0.04133858267716552,0.03959276018099544,0.028048082427017656,3.354285714285716,5.220408163265322,1.8661224489796062,-0.011877828054298711,True,-0.04055268745717622,-0.029019548611498136,0.011533138845678081,stop,stop,LE10,2023,2023-04
300,SPXU,large,2023-04-10,2023-04-11,2023-04-12,0.16321243523316079,0.11658031088082925,-0.046632124352331536,0.046735905044510445,0.033834586466165495,2.676190476190473,4.146666666666655,1.470476190476182,-0.013353115727002929,True,-0.04768869274561527,-0.034800269038413156,0.012888423707202112,stop,stop,10_20,2023,2023-04
300,SPXS,large,2023-04-11,2023-04-12,2023-04-13,0.09645669291338556,0.16732283464566894,0.07086614173228338,0.028048082427017656,0.04767246214245642,5.220408163265322,2.585882352941183,-2.634525810324139,0.020606754436176322,True,-0.029019548611498136,-0.04862431375450771,-0.019604765143009573,stop,stop,10_20,2023,2023-04
300,SPXU,large,2023-04-11,2023-04-12,2023-04-13,0.11658031088082925,0.19170984455958548,0.07512953367875623,0.033834586466165495,0.054451802796173676,4.146666666666655,2.1297297297297297,-2.016936936936925,0.021804511278195493,True,-0.034800269038413156,-0.05539687845554775,-0.020596609417134593,stop,stop,10_20,2023,2023-04
300,SPXS,large,2023-04-12,2023-04-13,2023-04-14,0.16732283464566894,0.07874015748031471,-0.08858267716535423,0.04767246214245642,0.023014959723820404,2.585882352941183,6.620000000000022,4.034117647058839,-0.025238362310712192,True,-0.04862431375450771,-0.02399145651570045,0.02463285723880726,stop,stop,LE10,2023,2023-04
300,SPXS,large,2023-04-13,2023-04-14,2023-04-17,0.07874015748031471,0.0905511811023624,0.011811023622047695,0.023014959723820404,0.026376146788990872,6.620000000000022,5.626086956521723,-0.9939130434782992,0.0034522439585731313,True,-0.02399145651570045,-0.02734928407355952,-0.003357827557859072,stop,stop,LE10,2023,2023-04
300,SPXU,large,2023-04-13,2023-04-14,2023-04-17,0.09844559585492245,0.10880829015544036,0.010362694300517908,0.02872260015117164,0.03165033911077618,5.094736842105252,4.514285714285718,-0.5804511278195346,0.003023431594860071,True,-0.02969339215501854,-0.0326182048388014,-0.0029248126837828625,stop,stop,10_20,2023,2023-04
300,SPXS,large,2023-04-14,2023-04-17,2023-04-18,0.0905511811023624,0.011811023622046996,-0.0787401574803154,0.026376146788990872,0.0035211267605633053,5.626086956521723,49.800000000001056,44.17391304347933,-0.022935779816513846,True,-0.02734928407355952,-0.004517107643361329,0.022832176430198192,stop,stop,LE10,2023,2023-04
300,SPXU,large,2023-04-14,2023-04-17,2023-04-18,0.10880829015544036,0.03367875647668413,-0.07512953367875623,0.03165033911077618,0.010015408320493127,4.514285714285718,16.815384615384513,12.301098901098795,-0.021853805576488305,True,-0.0326182048388014,-0.011004898167249255,0.021613306671552146,stop,stop,LE10,2023,2023-04
300,SPXS,large,2023-04-17,2023-04-18,2023-04-19,0.011811023622046996,0.09645669291338556,0.08464566929133856,0.0035211267605633053,0.028048082427017656,49.800000000001056,5.220408163265322,-44.57959183673573,0.025234741784037507,True,-0.004517107643361329,-0.029019548611498136,-0.024502440968136807,stop,stop,LE10,2023,2023-04
300,SPXU,large,2023-04-17,2023-04-18,2023-04-19,0.03367875647668413,0.11917098445595874,0.08549222797927461,0.010015408320493127,0.03456048084147264,16.815384615384513,4.034782608695645,-12.780602006688868,0.025423728813559254,True,-0.011004898167249255,-0.03552543788211071,-0.024520539714861456,stop,stop,10_20,2023,2023-04
300,SPXS,large,2023-04-18,2023-04-19,2023-04-20,0.09645669291338556,0.1259842519685041,0.029527559055118544,0.028048082427017656,0.036322360953462,5.220408163265322,3.7624999999999935,-1.4579081632653286,0.008586147681740153,True,-0.029019548611498136,-0.03728555699448799,-0.008266008382989853,stop,stop,10_20,2023,2023-04
300,SE,small,2023-04-20,2023-04-21,2023-04-24,0.043478260869565105,0.10823311748381143,0.06475485661424632,0.005990313535559507,0.014780192016169804,12.800000000000042,4.543589743589739,-8.256410256410302,0.008921743563599316,True,-0.00698382646555884,-0.030277938342602284,-0.023294111877043444,stop,stop_gap,10_20,2023,2023-04
300,SE,small,2023-04-21,2023-04-24,2023-04-25,0.10823311748381143,-0.10638297872340344,-0.21461609620721486,0.014780192016169804,-0.014966163456532944,4.543589743589739,,,-0.029307731177362184,False,-0.030277938342602284,,,stop_gap,,LE10,2023,2023-04
300,SNAP,large,2023-04-21,2023-04-24,2023-04-25,0.11371237458193974,0.1705685618729096,0.056856187290969876,0.0339321357285429,0.050049067713444535,4.276470588235298,2.5176470588235316,-1.758823529411766,0.01696606786427135,True,-0.1385863954250417,-0.15295737803325993,-0.01437098260821823,stop_gap,stop_gap,10_20,2023,2023-04
300,SNAP,large,2023-04-24,2023-04-25,2023-04-26,0.1705685618729096,0.24080267558528448,0.07023411371237487,0.050049067713444535,0.06923076923076929,2.5176470588235316,1.4916666666666651,-1.0259803921568664,0.02060843964671255,True,-0.15295737803325993,-0.17006112328451162,-0.01710374525125169,stop_gap,stop_gap,20_30,2023,2023-04
300,UBER,large,2023-04-25,2023-04-26,2023-04-27,0.10250569476081992,0.14464692482915717,0.042141230068337254,0.030303030303030255,0.04223478550049882,4.853333333333339,3.1480314960629916,-1.7053018372703472,0.012457912457912501,True,0.1779460438131104,0.1634518623627994,-0.014494181450311006,target_gap,target_gap,10_20,2023,2023-04
300,NUE,large,2023-04-26,2023-04-27,2023-04-28,0.14511691884456698,0.18294360385144404,0.03782668500687705,0.04354705558613107,0.05428202163118149,3.1345971563980957,2.2796992481203047,-0.854897908277791,0.011351128233351604,True,-0.04450303054306637,-0.0552272669868723,-0.010724236443805935,stop,stop,10_20,2023,2023-04
300,SNAP,large,2023-04-26,2023-04-27,2023-04-28,0.15384615384615413,-0.34782608695652145,-0.5016722408026756,0.04536489151873775,-0.12037037037037027,2.8999999999999937,,,-0.14792899408284022,False,-0.1487806392661657,,,stop_gap,,LE10,2023,2023-04
300,UBER,large,2023-04-26,2023-04-27,2023-04-28,0.14464692482915717,0.09339407744874721,-0.05125284738040996,0.04223478550049882,0.027683997299122222,3.1480314960629916,5.424390243902434,2.2763587478394425,-0.014965081476554731,True,0.1634518623627994,0.18112753211510402,0.017675669752304612,target_gap,target_gap,LE10,2023,2023-04
300,SLB,small,2023-04-27,2023-04-28,2023-05-01,0.07764705882352901,0.22039215686274527,0.14274509803921626,0.010327561026496922,0.02876740376740379,6.727272727272773,1.7224199288256223,-5.004852798447151,0.01898602128103488,True,-0.011316738876545274,-0.02973815099002497,-0.018421412113479696,stop,stop,20_30,2023,2023-04
300,UBER,large,2023-04-27,2023-04-28,2023-05-01,0.09339407744874721,0.36446469248291574,0.2710706150341685,0.027683997299122222,0.09999999999999998,5.424390243902434,0.6462499999999994,-4.778140243902435,0.08035111411208629,True,0.18112753211510402,0.09328117191404317,-0.08784636020106085,target_gap,target_gap,GT30,2023,2023-04
300,NUE,large,2023-05-02,2023-05-03,2023-05-04,0.18982118294360387,0.1359468133883541,-0.05387436955524977,0.056207996741565416,0.040907836644591654,2.1608695652173906,3.4134907251264703,1.2526211599090797,-0.015952752698391137,True,-0.057151317084652264,-0.04186644950151852,0.015284867583133743,stop,stop,10_20,2023,2023-05
300,NUE,large,2023-05-03,2023-05-04,2023-05-05,0.1359468133883541,0.07679963319578162,-0.05914718019257248,0.040907836644591654,0.02352858547548809,3.4134907251264703,6.812537313432848,3.399046588306378,-0.017798013245033162,True,-0.04186644950151852,-0.024504568898301216,0.017361880603217306,stop,stop,LE10,2023,2023-05
300,UPS,small,2023-05-03,2023-05-04,2023-05-05,0.09445745511319342,0.11885245901639405,0.024395003903200624,0.013864222285878062,0.017382617382617472,5.352066115702444,4.048275862068944,-1.3037902536335002,0.003580635920939601,True,-0.014849865242113847,-0.01836474370207497,-0.003514878459961124,stop,stop,10_20,2023,2023-05
300,UPS,small,2023-05-04,2023-05-05,2023-05-08,0.11885245901639405,0.1475409836065574,0.028688524590163356,0.017382617382617472,0.0214882610425786,4.048275862068944,3.066666666666669,-0.9816091954022745,0.00419580419580412,True,-0.01836474370207497,-0.022466283770172124,-0.004101540068097154,stop,stop,10_20,2023,2023-05
300,BAX,small,2023-05-09,2023-05-10,2023-05-11,0.16496598639455776,0.2482993197278915,0.08333333333333373,0.02239150507848566,0.03332572472038349,2.6371134020618587,1.4164383561643812,-1.2206750458974776,0.011311172668513336,True,-0.023368625013439615,-0.03429191590007319,-0.010923290886633574,stop,stop,20_30,2023,2023-05
300,XOM,small,2023-05-10,2023-05-11,2023-05-12,0.04139900071377574,0.02855103497501824,-0.012847965738757499,0.005446520800075108,0.003762581130655683,13.493103448275917,20.014999999999716,6.521896551723799,-0.0016902995586439706,True,-0.006440577251049406,-0.00475832067975035,0.0016822565712990567,stop,stop,LE10,2023,2023-05
300,BAX,small,2023-05-11,2023-05-12,2023-05-15,0.18367346938775495,0.03741496598639439,-0.14625850340136054,0.024867603039373666,0.005167958656330723,2.2666666666666706,15.036363636363713,12.769696969697042,-0.01980198019801982,True,-0.025842248113797095,-0.00616229353023745,0.019679954583559645,stop,stop,LE10,2023,2023-05
300,INTC,small,2023-05-11,2023-05-12,2023-05-15,0.1283292978208227,0.09443099273607679,-0.03389830508474591,0.018250688705234077,0.013494809688581213,3.675471698113225,5.353846153846197,1.678374455732972,-0.004820936639118423,True,-0.02817616673756773,-0.02346836962141763,0.004707797116150103,stop_gap,stop_gap,LE10,2023,2023-05
300,INTC,small,2023-05-12,2023-05-15,2023-05-16,0.09443099273607679,0.27118644067796555,0.17675544794188874,0.013494809688581213,0.037799527505906094,5.353846153846197,1.2125000000000032,-4.141346153846194,0.02525951557093431,True,-0.02346836962141763,-0.04752736692740356,-0.02405899730598593,stop_gap,stop_gap,20_30,2023,2023-05
300,BABA,large,2023-05-23,2023-05-24,2023-05-25,0.10722843450479246,0.04432907348242811,-0.06289936102236435,0.032678147629769394,0.013773421019977658,4.595530726256973,12.53513513513513,7.939604408878157,-0.0191687458163452,True,-0.03364498606292299,-0.014759154732101543,0.018885831330821445,stop,stop,LE10,2023,2023-05
300,BABA,large,2023-05-24,2023-05-25,2023-05-26,0.04432907348242811,0.016773162939297197,-0.02755591054313091,0.013773421019977658,0.005256570713391761,12.53513513513513,34.771428571428395,22.236293436293266,-0.008561856309715843,True,-0.014759154732101543,-0.006250817019525123,0.00850833771257642,stop,stop,LE10,2023,2023-05
300,ROKU,large,2023-05-25,2023-05-26,2023-05-30,0.1622754491017965,0.3497005988023955,0.187425149700599,0.04985283296541576,0.10158288397982264,2.697416974169739,0.7157534246575326,-1.9816635495122066,0.05757910228108898,True,0.13333997092697225,0.07163612488415749,-0.06170384604281476,target,target,GT30,2023,2023-05
300,BABA,large,2023-05-26,2023-05-30,2023-05-31,0.025559105431309934,0.003993610223641947,-0.021565495207667987,0.007988017973040445,0.001256597134958461,22.47499999999996,149.2400000000084,126.76500000000843,-0.00673989016475296,True,-0.008979534196955297,-0.0022548414156829955,0.006724692781272301,stop,stop,LE10,2023,2023-05
300,T,small,2023-06-02,2023-06-05,2023-06-06,0.16438356164383527,0.2100456621004569,0.04566210045662161,0.023437499999999965,0.02975420439844766,2.6500000000000057,1.8565217391304296,-0.7934782608695761,0.006510416666666741,True,0.047779821026986635,0.03906390918382985,-0.008715911843156787,time,time,20_30,2023,2023-06
300,CRWD,small,2023-06-21,2023-06-22,2023-06-23,0.008559919436053161,0.06344410876133023,0.05488418932527707,0.0011924803591471375,0.008771319178559132,69.09411764705224,8.45714285714271,-60.63697478990953,0.007645903479236882,True,-0.0021907887246052082,-0.009762052492723328,-0.007571263768118119,stop,stop,LE10,2023,2023-06
300,DDOG,small,2023-06-21,2023-06-22,2023-06-23,0.057031250000000325,0.15625000000000003,0.0992187499999997,0.007958138013736007,0.021505376344086023,9.520547945205413,2.8399999999999963,-6.680547945205417,0.013844979832115856,True,-0.008949684102677602,0.06001472382088524,0.06896440792356284,stop,target,10_20,2023,2023-06
300,CRWD,small,2023-06-22,2023-06-23,2023-06-26,0.06344410876133023,0.03272910372608284,-0.030715005035247392,0.008771319178559132,0.004544183445190197,8.45714285714271,17.332307692307527,8.875164835164817,-0.004246432300731073,True,-0.009762052492723328,-0.005539141782576196,0.004222910710147132,stop,stop,LE10,2023,2023-06
300,TFC,small,2023-06-23,2023-06-26,2023-06-27,0.15081206496519692,0.13457076566125253,-0.016241299303944384,0.02160186108341637,0.019320453031312402,2.9784615384615503,3.458620689655189,0.48015915119363894,-0.0023263542705217466,True,0.06327650398795304,0.0657558296135079,0.0024793256255548624,target,target,10_20,2023,2023-06
300,KWEB,small,2023-07-06,2023-07-07,2023-07-10,0.08724832214765078,0.1758389261744969,0.08859060402684611,0.012140455734030605,0.024169741697417015,5.876923076923091,2.4122137404580086,-3.464709336465082,0.012327231976092756,True,0.07886083107120334,0.06572341135705217,-0.013137419714151166,target_gap,target_gap,10_20,2023,2023-07
300,SPXS,small,2023-07-14,2023-07-17,2023-07-18,0.11827956989247254,0.048387096774193485,-0.06989247311827906,0.016260162601625935,0.006716417910447751,4.072727272727296,11.400000000000015,7.327272727272718,-0.009608277900960749,True,-0.017243410814917537,-0.007709205098942795,0.009534205715974742,stop,stop,LE10,2023,2023-07
300,SPXS,small,2023-07-17,2023-07-18,2023-07-19,0.048387096774193485,-0.1612903225806456,-0.20967741935483908,0.006716417910447751,-0.0230591852421215,11.400000000000015,,,-0.02910447761194035,False,-0.007709205098942795,,,stop,,LE10,2023,2023-07
300,ALB,large,2023-08-07,2023-08-08,2023-08-09,0.10694027360694022,0.15015015015015015,0.04320987654320993,0.033056572636790245,0.04580152671755725,4.610608424336976,2.9959999999999996,-1.6146084243369767,0.013356711876643779,True,-0.03402303283405472,-0.046755248330033305,-0.012732215495978583,stop,stop,10_20,2023,2023-08
300,RBLX,large,2023-08-07,2023-08-08,2023-08-09,0.14691943127962062,-0.3090047393364935,-0.4559241706161141,0.04161073825503348,-0.10049321824907538,3.083870967741942,,,-0.12912751677852352,False,-0.12999795404311265,,,stop_gap,,LE10,2023,2023-08
300,SHOP,large,2023-08-07,2023-08-08,2023-08-09,0.0643347907557777,0.04309806371018098,-0.02123672704559671,0.01824623560673164,0.012297273213330916,8.326213592233008,12.92173913043484,4.595525538201832,-0.006023029229406562,True,-0.019227498739558424,-0.013284482335556347,0.005943016404002077,stop,stop,LE10,2023,2023-08
300,ALB,large,2023-08-08,2023-08-09,2023-08-10,0.15015015015015015,0.13430096763430116,-0.015849182515848992,0.04580152671755725,0.041165942214267504,2.9959999999999996,3.4675776397515468,0.4715776397515472,-0.0048346055979643365,True,-0.046755248330033305,-0.04212429709461296,0.004630951235420344,stop,stop,10_20,2023,2023-08
300,SHOP,large,2023-08-08,2023-08-09,2023-08-10,0.04309806371018098,0.05496564647095535,0.011867582760774369,0.012297273213330916,0.015630550621669546,12.92173913043484,9.915909090909157,-3.0058300395256836,0.0033862056674389684,True,-0.013284482335556347,-0.016614428132292525,-0.003329945796736178,stop,stop,LE10,2023,2023-08
300,ALB,large,2023-08-09,2023-08-10,2023-08-11,0.13430096763430116,0.04721388054721409,-0.08708708708708707,0.041165942214267504,0.014868911889875543,3.4675776397515468,11.70812720848051,8.240549568728964,-0.026693940168754815,True,-0.04212429709461296,-0.015853550658601168,0.026270746436011794,stop,stop,LE10,2023,2023-08
300,NVDA,small,2023-08-09,2023-08-10,2023-08-11,0.015279853844875593,-0.04982561036372697,-0.06510546420860257,0.002182214948172298,-0.007182704048650849,38.267391304349545,,,-0.009298133257430119,False,-0.0031795340736612276,,,stop,,LE10,2023,2023-08
300,TNA,small,2023-08-09,2023-08-10,2023-08-11,0.19803921568627406,-0.07450980392156911,-0.27254901960784317,0.026897470039946688,-0.010508849557522196,2.0297029702970377,,,-0.03701731025299604,False,-0.027870086261795768,,,stop,,LE10,2023,2023-08
300,ALB,large,2023-08-10,2023-08-11,2023-08-14,0.04721388054721409,-0.045378712045378695,-0.09259259259259278,0.014868911889875543,-0.014720207814698554,11.70812720848051,,,-0.029159880208059707,False,-0.015853550658601168,,,stop,,LE10,2023,2023-08
300,SHOP,large,2023-08-10,2023-08-11,2023-08-14,0.010618363522798354,-0.054965646470955795,-0.06558400999375415,0.0030581039755351986,-0.01613494682801618,55.50588235294066,,,-0.018888289260658442,False,-0.004054547649722462,,,stop,,LE10,2023,2023-08
300,MU,small,2023-08-11,2023-08-14,2023-08-15,0.12269272529858875,0.48642779587404955,0.3637350705754608,0.0175848117024588,0.06626238722082528,3.890265486725656,0.23348214285714444,-3.656783343868512,0.05213196389666974,True,-0.030226405626940567,-0.07827760428320074,-0.048051198656260175,stop_gap,stop_gap,GT30,2023,2023-08
300,PYPL,large,2023-08-15,2023-08-16,2023-08-17,0.027872582480090724,0.003412969283276176,-0.02445961319681455,0.00824360699865402,0.0010167768174884795,20.526530612245125,174.80000000001417,154.27346938776904,-0.007234185733512755,True,-0.009234867761274024,-0.0020152607986801963,0.0072196069625938275,stop,stop,LE10,2023,2023-08
300,MPWR,small,2023-08-16,2023-08-17,2023-08-18,0.036865062614324005,-0.21429576473899017,-0.2511608273533142,0.005289189461996577,-0.03189528795811522,15.275572519083918,,,-0.03603512667810649,False,-0.006283403165682544,,,stop,,LE10,2023,2023-08
300,SPXU,small,2023-08-30,2023-08-31,2023-09-01,0.11513157894736775,0.049342105263157444,-0.06578947368421031,0.017006802721088333,0.007360157016682954,4.2114285714285975,11.160000000000101,6.948571428571504,-0.0097181729834791,True,0.07055184749704857,0.08105775375315294,0.01050590625610437,target,target,LE10,2023,2023-08
300,SPXU,small,2023-08-31,2023-09-01,2023-09-05,0.049342105263157444,0.16776315789473623,0.11842105263157879,0.007360157016682954,0.024590163934426135,11.160000000000101,2.576470588235304,-8.583529411764797,0.017664376840039298,True,0.08105775375315294,0.06229300971500762,-0.01876474403814532,target,target,10_20,2023,2023-09
300,SPXS,small,2023-09-01,2023-09-05,2023-09-06,0.14432989690721712,0.2577319587628867,0.11340206185566956,0.02054292002934711,0.036101083032490974,3.1571428571428393,1.3279999999999994,-1.8291428571428399,0.01614086573734408,True,0.06379260846465984,0.04689481973814558,-0.016897788726514262,target,target,20_30,2023,2023-09
300,SPXU,small,2023-09-01,2023-09-05,2023-09-06,0.16776315789473623,0.2730263157894732,0.10526315789473695,0.024590163934426135,0.039411206077872664,2.576470588235304,1.1975903614457855,-1.3788802267895186,0.015429122468659573,True,0.06229300971500762,0.04615180538885366,-0.016141204326153957,target,target,20_30,2023,2023-09
300,SQ,small,2023-09-14,2023-09-15,2023-09-18,0.11889035667106983,0.003963011889035817,-0.11492734478203401,0.016766020864381493,0.0005680742283658613,4.046666666666677,150.39999999999432,146.35333333332764,-0.01620715350223545,True,-0.017748763472213214,-0.0015670066879076572,0.016181756784305557,stop,stop,LE10,2023,2023-09
300,FSLR,small,2023-09-15,2023-09-18,2023-09-19,0.15572715572715673,-0.09995709995709927,-0.255684255684256,0.020886075949367224,-0.013882268827454624,2.852892561983443,,,-0.03429228998849254,False,-0.021864700561111894,,,stop,,LE10,2023,2023-09
300,SQ,small,2023-09-15,2023-09-18,2023-09-19,0.003963011889035817,-0.37516512549537695,-0.37912813738441276,0.0005680742283658613,-0.056868241890268394,150.39999999999432,,,-0.05434576784699874,False,-0.0015670066879076572,,,stop,,LE10,2023,2023-09
300,MRVL,small,2023-09-22,2023-09-25,2023-09-26,0.03604806408544767,0.02670226969292427,-0.009345794392523397,0.0051863234729159265,0.0038468936333910914,15.64444444444425,21.46999999999968,5.825555555555429,-0.001344602381867066,True,-0.0061806399911837895,-0.004842548912118216,0.0013380910790655731,stop,stop,LE10,2023,2023-09
300,MRVL,small,2023-09-25,2023-09-26,2023-09-27,0.02670226969292427,0.042723631508678264,0.016021361815753993,0.0038468936333910914,0.00614085588178853,21.46999999999968,13.043749999999987,-8.426249999999692,0.002308136180034559,True,-0.004842548912118216,-0.007134218344675314,-0.0022916694325570974,stop,stop,LE10,2023,2023-09
300,MRVL,small,2023-09-27,2023-09-28,2023-09-29,0.062750333778371,0.42857142857142855,0.3658210947930576,0.008993494068120913,0.05836363636363638,8.561702127659597,0.3999999999999996,-8.161702127659597,0.05243015690776898,True,-0.009984005318427469,-0.059304802144382274,-0.049320796825954805,stop,stop,GT30,2023,2023-09
300,WFC,small,2023-10-04,2023-10-05,2023-10-06,0.0691588785046724,0.09345794392523361,0.02429906542056122,0.009545923632610873,0.012856775520699408,7.675675675675738,5.420000000000002,-2.255675675675736,0.003353973168214619,True,0.07219867878238384,0.06861457417344297,-0.0035841046089408746,target,target,LE10,2023,2023-10
300,WFC,small,2023-10-05,2023-10-06,2023-10-09,0.09345794392523361,0.1345794392523362,0.04112149532710259,0.012856775520699408,0.018409613909486037,5.420000000000002,3.4583333333333415,-1.9616666666666602,0.005656981229107627,True,0.06861457417344297,0.06260344642304272,-0.006011127750400247,target,target,10_20,2023,2023-10
300,ETSY,small,2023-10-06,2023-10-09,2023-10-10,0.08647990255785629,0.2204628501827041,0.1339829476248478,0.011464556757629595,0.02871648421386645,5.938028169014079,1.7215469613259646,-4.216481207688115,0.017761989342806483,True,0.06700931788263786,0.04838786381836835,-0.018621454064269516,target,target,20_30,2023,2023-10
300,KVUE,small,2023-10-09,2023-10-10,2023-10-11,0.1948529411764711,0.16176470588235217,-0.03308823529411892,0.026606425702811298,0.022188603126575782,2.0792452830188575,2.709090909090923,0.6298456260720657,-0.004518072289156794,True,-0.027579332823548186,-0.023165925862081438,0.004413406961466748,stop,stop,10_20,2023,2023-10
300,KVUE,small,2023-10-10,2023-10-11,2023-10-12,0.16176470588235217,0.07720588235294153,-0.08455882352941065,0.022188603126575782,0.010714285714285758,2.709090909090923,6.77142857142853,4.062337662337606,-0.011598587997982746,True,-0.023165925862081438,-0.011703077032912068,0.01146284882916937,stop,stop,LE10,2023,2023-10
300,KVUE,small,2023-10-11,2023-10-12,2023-10-13,0.07720588235294153,-0.0036764705882358704,-0.08088235294117739,0.010714285714285758,-0.0005159958720331045,6.77142857142853,,,-0.011224489795918502,False,-0.011703077032912068,,,stop,,LE10,2023,2023-10
300,DKNG,small,2023-10-19,2023-10-20,2023-10-23,0.07692307692307707,-0.08461538461538413,-0.1615384615384612,0.010909090909090934,-0.012281354670636334,6.799999999999982,,,-0.02290909090909088,False,-0.011897687519876299,,,stop,,LE10,2023,2023-10
300,TSLA,large,2023-10-19,2023-10-20,2023-10-23,0.06781391278984947,-0.0345632200670848,-0.10237713285693427,0.02142758398230486,-0.0112862517262727,7.847741935483913,,,-0.03234873968941521,False,-0.022405667356635295,,,stop,,LE10,2023,2023-10
300,SNOW,large,2023-10-20,2023-10-23,2023-10-24,0.09699714013346093,0.1892278360343183,0.09223069590085738,0.027903469079939815,0.053028785146597195,5.185749385749356,2.170780856423177,-3.0149685293261794,0.026532291238173356,True,-0.02887507980549686,-0.053975283112467465,-0.025100203306970603,stop,stop,10_20,2023,2023-10
300,TFC,large,2023-10-20,2023-10-23,2023-10-24,0.05681818181818172,0.061868686868686656,0.005050505050504937,0.01665433012583269,0.018107908351810732,9.560000000000022,8.697959183673508,-0.8620408163265143,0.001480384900073961,True,0.1580567599249969,0.1563449243596977,-0.0017118355652991912,target,target,LE10,2023,2023-10
300,TFC,large,2023-10-23,2023-10-24,2023-10-25,0.061868686868686656,0.13888888888888903,0.07702020202020238,0.018107908351810732,0.0397542464763282,8.697959183673508,3.319999999999997,-5.377959183673511,0.022542498152254398,True,0.1563449243596977,0.13085267991230287,-0.02549224444739484,target,target,10_20,2023,2023-10
300,KRE,small,2023-10-25,2023-10-26,2023-10-27,0.18078020932445335,0.3843958135109424,0.20361560418648902,0.02460502460502468,0.05090725806451621,2.3189473684210413,0.5608910891089078,-1.7580562793121335,0.02771302771302775,True,0.056001227565445566,0.027525388011639285,-0.02847583955380628,target,target,GT30,2023,2023-10
300,FCX,small,2023-10-31,2023-11-01,2023-11-02,0.16649104320337163,0.25922023182297216,0.09272918861960053,0.02332447593740771,0.035849606528708944,2.6037974683544363,1.314634146341457,-1.2891633220129792,0.012990847357543744,True,0.05967200928617489,0.0460825110615779,-0.013589498224596985,target,target,20_30,2023,2023-11
300,MRO,small,2023-11-06,2023-11-07,2023-11-08,0.06377204884667557,-0.15603799185888725,-0.21981004070556281,0.009000382995021042,-0.0227272727272727,8.40851063829789,,,-0.031022596706242744,False,-0.009990887359843548,,,stop,,LE10,2023,2023-11
300,MRVL,small,2023-12-04,2023-12-05,2023-12-06,0.09210526315789425,0.13684210526315788,0.04473684210526363,0.01366653650917602,0.020170674941815344,5.514285714285747,3.3846153846153837,-2.1296703296703634,0.00663803201874269,True,-0.014652377052395194,-0.021150014597045796,-0.006497637544650603,stop,stop,10_20,2023,2023-12
300,MRVL,small,2023-12-05,2023-12-06,2023-12-07,0.13684210526315788,0.03289473684210529,-0.1039473684210526,0.020170674941815344,0.004924167815639157,3.3846153846153837,17.23999999999998,13.855384615384597,-0.015321955003879006,True,-0.021150014597045796,0.08380830266371642,0.10495831726076221,stop,target,LE10,2023,2023-12
300,SE,small,2023-12-15,2023-12-18,2023-12-19,0.12795275590551158,0.31496062992125884,0.18700787401574726,0.018131101813110142,0.043478260869565064,3.6892307692307824,0.905000000000008,-2.784230769230774,0.026499302649930057,True,-0.019112480022192457,-0.04443430458683695,-0.02532182456464449,stop,stop,GT30,2023,2023-12
300,AAL,small,2024-01-03,2024-01-04,2024-01-05,0.04597701149425291,0.06896551724137988,0.02298850574712697,0.006149116064565724,0.009195402298850651,12.049999999999995,7.699999999999932,-4.350000000000064,0.003074558032282848,True,0.07732336752453928,0.07402122693442559,-0.003302140590113689,target_gap,target_gap,LE10,2024,2024-01
300,ARKK,small,2024-01-03,2024-01-04,2024-01-05,0.14265635980323266,0.13281799016163037,-0.009838369641602285,0.02096241222635276,0.019544984488107556,3.2059113300492568,3.517460317460314,0.3115489874110571,-0.0014456836018174046,True,-0.021940960539969523,-0.020524949521102953,0.0014160110188665698,stop,stop,10_20,2024,2024-01
300,SHOP,small,2024-01-03,2024-01-04,2024-01-05,0.15979899497487346,0.3296482412060292,0.16984924623115574,0.022197403322630035,0.044735406437533924,2.7547169811321,0.820121951219519,-1.9345950299125811,0.023593466424682408,True,0.060086946614644754,0.035652318412534356,-0.024434628202110398,target,target,GT30,2024,2024-01
300,AAL,small,2024-01-04,2024-01-05,2024-01-08,0.06896551724137988,0.6321839080459767,0.5632183908045968,0.009195402298850651,0.07840342124019956,7.699999999999932,-0.050909090909090154,-7.750909090909022,0.0750957854406129,False,0.07402122693442559,,,target_gap,,GT30,2024,2024-01
300,MCHP,small,2024-01-04,2024-01-05,2024-01-08,0.053097345132742876,0.13628318584070728,0.0831858407079644,0.007190795781399741,0.018250770324721406,10.300000000000107,3.402597402597426,-6.897402597402682,0.011265580057526314,True,-0.008183108829094454,-0.019232028925096456,-0.011048920096002002,stop,stop,10_20,2024,2024-01
300,DHI,small,2024-01-25,2024-01-26,2024-01-29,0.09543786051389584,0.11379129522810635,0.018353434714210512,0.01293992179168143,0.015390070921985726,5.286813186813214,4.272811059907868,-1.0140021269053463,0.0024884464984002985,True,0.03742632771776222,0.03336328289755852,-0.004063044820203698,time,time,10_20,2024,2024-01
300,DHI,small,2024-01-26,2024-01-29,2024-01-30,0.11379129522810635,0.10854745673833215,-0.005243838489774208,0.015390070921985726,0.01469127040454218,4.272811059907868,4.5275362318840795,0.2547251719762116,-0.0007092198581559739,True,0.03336328289755852,0.03118972806002951,-0.0021735548375290126,time,time,10_20,2024,2024-01
300,DHI,small,2024-01-29,2024-01-30,2024-01-31,0.10854745673833215,0.1982170949134768,0.08966963817514466,0.01469127040454218,0.026505855129373822,4.5275362318840795,2.026984126984128,-2.5005521048999513,0.01213626685592617,True,0.03118972806002951,0.022817915773899022,-0.008371812286130487,time,time,10_20,2024,2024-01
300,CCL,small,2024-02-05,2024-02-06,2024-02-07,0.03278688524590177,0.14519906323185036,0.11241217798594859,0.004441624365482252,0.01937500000000003,17.299999999999933,3.132258064516124,-14.167741935483809,0.015228426395939021,True,-0.00543668521069407,-0.020355134932533714,-0.014918449721839644,stop,stop,10_20,2024,2024-02
300,WDC,small,2024-02-20,2024-02-21,2024-02-22,0.08126721763085448,0.1887052341597793,0.10743801652892482,0.010950259836674154,0.025064032199048618,6.383050847457587,2.179562043795628,-4.203488803661958,0.014476614699331813,True,-0.01193881529910612,0.053574511683053716,0.06551332698215984,stop,target,10_20,2024,2024-02
300,WDC,small,2024-02-21,2024-02-22,2024-02-23,0.1887052341597793,0.3030303030303035,0.11432506887052418,0.025064032199048618,0.03964678320418098,2.179562043795628,0.9799999999999982,-1.1995620437956296,0.015184778631540441,True,0.053574511683053716,0.03781551285989737,-0.015758998823156345,target,target,GT30,2024,2024-02
300,SNOW,large,2024-02-29,2024-03-01,2024-03-04,0.1854838709677417,0.0913394109396911,-0.09414446002805059,0.05531736902645605,0.028027327989671204,2.234782608695656,5.568905950095993,3.334123341400337,-0.028076963296036817,True,-0.05626157955216671,-0.02899881491821721,0.0272627646339495,stop,stop,LE10,2024,2024-03
300,SNOW,large,2024-03-01,2024-03-04,2024-03-05,0.0913394109396911,-0.09905329593267893,-0.19039270687237003,0.028027327989671204,-0.032280180540478806,5.568905950095993,,,-0.058421647210715966,False,-0.02899881491821721,,,stop,,LE10,2024,2024-03
300,ZS,large,2024-03-06,2024-03-07,2024-03-08,0.08045791680103206,0.05723960012899036,-0.023218316672041703,0.024632244051732692,0.017649398428954872,6.457314629258507,9.482253521126816,3.0249388918683096,-0.007108302892684493,True,-0.025607124367522882,-0.02176027428266547,0.0038468500848574116,stop,stop_gap,LE10,2024,2024-03
300,ZS,large,2024-03-07,2024-03-08,2024-03-11,0.05723960012899036,-0.010158013544017984,-0.06739761367300834,0.017649398428954872,-0.0031986190089358015,9.482253521126816,,,-0.02078154519240316,False,-0.02176027428266547,,,stop_gap,,LE10,2024,2024-03
300,ZS,large,2024-03-11,2024-03-12,2024-03-13,0.09206707513705267,0.04466301193163511,-0.04740406320541756,0.02808657156910973,0.01382511479337198,5.516987740805598,12.4339350180505,6.916947277244902,-0.014461387112641444,True,-0.029057999283683245,-0.014810796837556484,0.014247202446126761,stop,stop,LE10,2024,2024-03
300,ZS,large,2024-03-12,2024-03-13,2024-03-14,0.04466301193163511,0.06191551112544345,0.017252499193808335,0.01382511479337198,0.019063694583726372,12.4339350180505,8.690624999999997,-3.7433100180505026,0.005340387302854799,True,-0.014810796837556484,-0.020044140666101384,-0.005233343828544901,stop,stop,LE10,2024,2024-03
300,ZS,large,2024-03-13,2024-03-14,2024-03-15,0.06191551112544345,0.01934859722670088,-0.042566913898742564,0.019063694583726372,0.0060365209517580795,8.690624999999997,30.010000000000307,21.31937500000031,-0.013106290026311918,True,-0.020044140666101384,-0.007029987697433349,0.013014152968668036,stop,stop,LE10,2024,2024-03
300,ZS,large,2024-03-14,2024-03-15,2024-03-18,0.01934859722670088,-0.05788455336988073,-0.0772331505965816,0.0060365209517580795,-0.018505154639175275,30.010000000000307,,,-0.024095779465767908,False,-0.007029987697433349,,,stop,,LE10,2024,2024-03
300,NXPI,small,2024-03-19,2024-03-20,2024-03-21,0.1702374059061963,0.49073537927041133,0.32049797336421504,0.024959673996094844,0.06872085951753504,2.524489795918356,0.222654867256637,-2.301834928661719,0.04699040665591303,True,0.061947963109879156,0.01428624021660374,-0.047661722893275416,target,target,GT30,2024,2024-03
300,CPNG,small,2024-03-26,2024-03-27,2024-03-28,0.16666666666666666,0.09349593495934974,-0.07317073170731692,0.02312464749012973,0.01310541310541313,2.599999999999997,5.4173913043478095,2.8173913043478125,-0.010152284263959421,True,0.05906448918800611,0.06992668907711397,0.01086219988910786,target,target,LE10,2024,2024-03
300,CPNG,small,2024-03-27,2024-03-28,2024-04-01,0.09349593495934974,0.20731707317073084,0.1138211382113811,0.01310541310541313,0.02860347728547381,5.4173913043478095,1.894117647058833,-3.5232736572889767,0.015954415954415824,True,0.06992668907711397,0.05312469956833166,-0.01680198950878231,target,target,20_30,2024,2024-03
300,AAL,small,2024-04-04,2024-04-05,2024-04-08,0.027322404371585087,0.021857923497268263,-0.0054644808743168245,0.003615328994938591,0.0028943560057887786,20.959999999999702,26.449999999999388,5.489999999999686,-0.000723065798987732,True,-0.00461121572257972,-0.003890963346112719,0.000720252376467001,stop,stop,LE10,2024,2024-04
300,BA,small,2024-04-11,2024-04-12,2024-04-15,0.03306451612903197,-0.025806451612902664,-0.058870967741934635,0.0047619047619047224,-0.0037483893639450997,17.14634146341478,,,-0.008478513356562023,False,-0.005756645486780343,,,stop,,LE10,2024,2024-04
300,ANET,small,2024-04-12,2024-04-15,2024-04-16,0.12224938875305623,-0.18473240967128526,-0.3069817984243415,0.01634580457682528,-0.025757575757575802,3.908000000000003,,,-0.041046131492916804,False,-0.017328967190941458,,,stop,,LE10,2024,2024-04
300,EL,small,2024-04-12,2024-04-15,2024-04-16,0.11849332984567017,-0.10489144650797774,-0.2233847763536479,0.016104948805460654,-0.014702647209796842,4.063576158940426,,,-0.03036120591581326,False,-0.01708835215498028,,,stop,,LE10,2024,2024-04
300,DG,small,2024-04-16,2024-04-17,2024-04-18,0.1522770398481965,0.0820683111954455,-0.07020872865275099,0.021951719893318605,0.011951640759930845,2.9401869158878746,6.3109826589595786,3.370795743071704,-0.010121042193804164,True,-0.02292927939367506,-0.012939195341879817,0.009990084051795245,stop,stop,LE10,2024,2024-04
300,DG,small,2024-04-17,2024-04-18,2024-04-19,0.0820683111954455,0.12998102466793088,0.04791271347248538,0.011951640759930845,0.018798024149286368,6.3109826589595786,3.6160583941606146,-2.694924264798964,0.006977547495682135,True,-0.012939195341879817,-0.019778735769326983,-0.006839540427447166,stop,stop,10_20,2024,2024-04
300,DG,small,2024-04-18,2024-04-19,2024-04-22,0.12998102466793088,0.07685009487665927,-0.05313092979127161,0.018798024149286368,0.011200221238937888,3.6160583941606146,6.807407407407521,3.191349013246906,-0.007683863885839748,True,-0.019778735769326983,-0.012188526864885807,0.007590208904441176,stop,stop,LE10,2024,2024-04
300,MPC,small,2024-04-18,2024-04-19,2024-04-22,0.11819152723389081,0.11569953720185118,-0.0024919900320396343,0.016911165444172746,0.016560509554140127,4.0765060240964,4.185846153846159,0.10934012974975893,-0.0003565607171963636,True,-0.01789376297996048,-0.017543457570577625,0.00035030540938285615,stop,stop,10_20,2024,2024-04
300,DG,small,2024-04-19,2024-04-22,2024-04-23,0.07685009487665927,0.008064516129031672,-0.0687855787476276,0.011200221238937888,0.0011872337453731928,6.807407407407521,73.40000000000546,66.59259259259794,-0.010024889380530921,True,-0.012188526864885807,-0.002185547354823014,0.010002979510062793,stop,stop,LE10,2024,2024-04
300,MPC,small,2024-04-19,2024-04-22,2024-04-23,0.11569953720185118,0.13527945888216486,0.01957992168031368,0.016560509554140127,0.01930894308943095,4.185846153846159,3.4352631578947275,-0.7505829959514312,0.0028025477707007695,True,-0.017543457570577625,-0.02028914404586324,-0.0027456864752856136,stop,stop,10_20,2024,2024-04
300,DHI,small,2024-04-30,2024-05-01,2024-05-02,0.11031175059952096,0.18513189448441317,0.0748201438848922,0.0161630358397752,0.026831641874044302,4.439130434782578,2.240932642487033,-2.1981977922955456,0.010962754743499614,True,0.07067861009762155,0.059068304023992324,-0.011610306073629229,target,target,10_20,2024,2024-05
300,ORCL,small,2024-04-30,2024-05-01,2024-05-02,0.06754966887417195,0.15496688741721884,0.08741721854304689,0.00895443771398469,0.020307211663629293,7.882352941176507,2.871794871794867,-5.0105580693816405,0.011588095865156856,True,0.06951199143646525,0.05726035706437327,-0.01225163437209198,target,target,10_20,2024,2024-05
300,DHI,small,2024-05-01,2024-05-02,2024-05-03,0.18513189448441317,0.4796163069544366,0.29448441247002344,0.026831641874044302,0.06666666666666667,2.240932642487033,0.2509999999999991,-1.9899326424870338,0.042680383706381164,True,0.059068304023992324,0.0157171081126104,-0.04335119591138192,target,target,GT30,2024,2024-05
300,DASH,large,2024-05-03,2024-05-06,2024-05-07,0.15841584158415833,0.15958066394874793,0.0011648223645895905,0.04753582663404402,0.047868623340321485,2.787500000000004,2.75985401459854,-0.027645985401464124,0.00034952813701516483,True,-0.048487814813320096,-0.04882027888920659,-0.00033246407588649607,stop,stop,10_20,2024,2024-05
300,CCL,small,2024-05-07,2024-05-08,2024-05-09,0.11749347258485615,0.26892950391644926,0.1514360313315931,0.01604850213980026,0.03598881900768697,4.106666666666679,1.231067961165048,-2.875598705501631,0.020684736091298284,True,0.06484047562524031,0.043260899249885965,-0.021579576375354348,target,target,20_30,2024,2024-05
300,DASH,large,2024-05-07,2024-05-08,2024-05-09,0.13075131042516,0.11648223645894,-0.01426907396622,0.03956295708873024,0.035398230088495575,3.5888641425389833,4.151000000000003,0.56213585746102,-0.004317561018591931,True,-0.04052291415310916,-0.03636234979855202,0.004160564354557139,stop,stop,10_20,2024,2024-05
300,F,small,2024-05-07,2024-05-08,2024-05-09,0.08206686930091174,0.11854103343465065,0.03647416413373891,0.011175496688741704,0.016062602965403648,6.311111111111122,4.061538461538454,-2.2495726495726682,0.004966887417218624,True,-0.012163827026883678,-0.01704604863960102,-0.004882221612717341,stop,stop,10_20,2024,2024-05
300,DASH,large,2024-05-08,2024-05-09,2024-05-10,0.11648223645894,0.22481071636575417,0.10832847990681417,0.035398230088495575,0.06614119259766962,4.151000000000003,1.6689119170984477,-2.482088082901556,0.032920353982300865,True,-0.03636234979855202,-0.06707458470901617,-0.030712234910464153,stop,stop,20_30,2024,2024-05
300,DASH,large,2024-05-10,2024-05-13,2024-05-14,0.1854979615608621,0.21170646476412333,0.026208503203261235,0.05521366039698365,0.06252687709641348,2.234536891679749,1.834112792297115,-0.400424099382634,0.007800988125162389,True,-0.05615797457949523,-0.06346388171700668,-0.007305907137511447,stop,stop,20_30,2024,2024-05
300,MPC,large,2024-05-24,2024-05-28,2024-05-29,0.16923373122834023,0.18579129765113606,0.016557566422795822,0.049398673710239364,0.053970917225950814,2.5453924914675787,2.2294300518134684,-0.3159624396541103,0.004833089805552415,True,-0.05034879997339747,-0.054916473530572496,-0.004567673557175023,stop,stop,10_20,2024,2024-05
300,MPC,large,2024-05-28,2024-05-29,2024-05-30,0.18579129765113606,0.05487100500577579,-0.13092029264536026,0.053970917225950814,0.016569767441860433,2.2294300518134684,9.934736842105279,7.705306790291811,-0.03803131991051456,True,-0.054916473530572496,-0.017552706205036905,0.03736376732553559,stop,stop,LE10,2024,2024-05
300,MPC,large,2024-05-29,2024-05-30,2024-05-31,0.05487100500577579,0.06295725837504779,0.008086253369271997,0.016569767441860433,0.018965317248578948,9.934736842105279,8.530275229357846,-1.4044616127474328,0.0024418604651161857,True,-0.017552706205036905,-0.01994586165912504,-0.002393155454088136,stop,stop,LE10,2024,2024-05
300,ZS,small,2024-05-29,2024-05-30,2024-05-31,0.07695729537366507,0.9888790035587188,0.9119217081850538,0.010646153846153783,0.12147540983606551,6.796531791907561,-0.39325236167341404,-7.189784153580975,0.12615384615384606,False,-0.011635013262599192,,,stop,,GT30,2024,2024-05
300,MPC,large,2024-05-30,2024-05-31,2024-06-03,0.06295725837504779,0.13900654601463225,0.07604928763958446,0.018965317248578948,0.04093666723365651,8.530275229357846,3.3163434903047087,-5.2139317390531374,0.022909175269690385,True,-0.01994586165912504,-0.04189525127440241,-0.02194938961527737,stop,stop,10_20,2024,2024-05
300,MPC,large,2024-05-31,2024-06-03,2024-06-04,0.13900654601463225,0.07758952637658839,-0.06141701963804386,0.04093666723365651,0.0232705855179582,3.3163434903047087,6.733002481389573,3.416658991084864,-0.018086976243125275,True,-0.04189525127440241,-0.024246826811793354,0.017648424462609058,stop,stop,LE10,2024,2024-06
300,MPC,large,2024-06-03,2024-06-04,2024-06-05,0.07758952637658839,0.13496341932999598,0.057373892953407585,0.0232705855179582,0.03979336966394182,6.733002481389573,3.445649072753214,-3.2873534086363585,0.017207529737844895,True,-0.024246826811793354,-0.04075309643089431,-0.016506269619100955,stop,stop,10_20,2024,2024-06
300,MPC,large,2024-06-04,2024-06-05,2024-06-06,0.13496341932999598,0.0831728917982286,-0.05179052753176738,0.03979336966394182,0.024903441517265194,3.445649072753214,6.2138888888888975,2.7682398161356834,-0.01527020890099906,True,-0.04075309643089431,-0.02587805077112104,0.014875045659773267,stop,stop,LE10,2024,2024-06
300,MPC,large,2024-06-05,2024-06-06,2024-06-07,0.0831728917982286,0.12090874085483252,0.03773584905660393,0.024903441517265194,0.03579775408995041,6.2138888888888975,3.9624203821656026,-2.251468506723295,0.01129878365135184,True,-0.02587805077112104,-0.03676147447566758,-0.010883423704546535,stop,stop,10_20,2024,2024-06
300,ANET,small,2024-06-06,2024-06-07,2024-06-10,0.1866632988128313,0.1310937105329629,-0.05556958827986841,0.02489892183288405,0.017617107942973515,2.2143437077131267,3.5768786127167576,1.3625349050036308,-0.0074123989218328745,True,0.07708948760121292,0.08513292572993891,0.008043438128725988,target_gap,target_gap,10_20,2024,2024-06
300,ANET,small,2024-06-07,2024-06-10,2024-06-11,0.1310937105329629,0.22530942157110292,0.09421571103814003,0.017617107942973515,0.029899775416484965,3.5768786127167576,1.6630044843049407,-1.9138741284118168,0.012661235573659058,True,0.08513292572993891,0.07156558147031822,-0.013567344259620695,target_gap,target_gap,20_30,2024,2024-06
300,AMD,small,2024-06-18,2024-06-20,2024-06-21,0.11721698113207484,0.3990566037735855,0.28183962264151063,0.015947376865072905,0.05228677379480845,4.118712273641881,0.5035460992907785,-3.6151661743511028,0.03834429648644333,True,0.06461750674478295,0.025302985095833064,-0.039314521648949885,target,target,GT30,2024,2024-06
300,SQ,large,2024-06-28,2024-07-01,2024-07-02,0.1892166836215669,0.15666327568667332,-0.032553407934893586,0.0575673166202415,0.04814004376367612,2.1709677419354785,2.8298701298701316,0.6589023879346532,-0.009904054472299695,True,0.12385237279224848,0.13509440965669106,0.011242036864442584,target,target,10_20,2024,2024-07
300,SQ,large,2024-07-01,2024-07-02,2024-07-03,0.15666327568667332,0.17853509664292966,0.021871820956256338,0.04814004376367612,0.05449464368886816,2.8298701298701316,2.360683760683762,-0.4691863691863696,0.006720850265708123,True,0.13509440965669106,0.12751653982044875,-0.0075778698362423125,target,target,10_20,2024,2024-07
300,BBY,small,2024-07-02,2024-07-03,2024-07-05,0.06482281763180643,0.012964563526360549,-0.05185825410544588,0.00904704463208685,0.0018226002430132622,8.255999999999991,45.28000000000259,37.024000000002594,-0.007237635705669598,True,-0.010037502358591355,-0.002820278803489895,0.00721722355510146,stop,stop,LE10,2024,2024-07
300,SQ,large,2024-07-02,2024-07-03,2024-07-05,0.17853509664292966,0.16683621566632795,-0.011698880976601711,0.05449464368886816,0.05110626363353082,2.360683760683762,2.596341463414625,0.23565770273086306,-0.003570874087874376,True,0.12751653982044875,0.13155718806224814,0.004040648241799394,target,target,10_20,2024,2024-07
300,SQ,large,2024-07-03,2024-07-05,2024-07-08,0.16683621566632795,0.25534079348931854,0.0885045778229906,0.05110626363353082,0.07615291262135927,2.596341463414625,1.3498007968127472,-1.246540666601878,0.0271112496104704,True,0.13155718806224814,0.10168902199385754,-0.0298681660683906,target,target,20_30,2024,2024-07
300,SQ,large,2024-07-08,2024-07-09,2024-07-10,0.182095625635809,0.1963377416073248,0.014242115971515812,0.05552109181141447,0.0596046942557135,2.2949720670391014,2.0559585492227925,-0.23901351781630886,0.004342431761786614,True,0.12629249891183436,0.12142279694001057,-0.004869701971823792,target,target,10_20,2024,2024-07
300,SQ,large,2024-07-09,2024-07-10,2024-07-11,0.1963377416073248,0.22939979654120027,0.03306205493387546,0.0596046942557135,0.06894970188044638,2.0559585492227925,1.6155210643015532,-0.44043748492123935,0.010037059913526658,True,0.12142279694001057,0.11027886148654797,-0.011143935453462595,target,target,20_30,2024,2024-07
300,LULU,large,2024-07-10,2024-07-11,2024-07-12,0.06732813607370644,0.10760689818095925,0.040278762107252813,0.019695922598479576,0.031112325398722766,7.9115789473684375,4.575850713501638,-3.3357282338667993,0.011782999308915132,True,-0.02067573676879586,-0.032080728871587416,-0.011404992102791556,stop,stop,10_20,2024,2024-07
300,LULU,large,2024-07-11,2024-07-12,2024-07-15,0.10760689818095925,0.06850933144342086,-0.03909756673753839,0.031112325398722766,0.0200345423143351,4.575850713501638,7.75793103448274,3.182080320981102,-0.011304258734332828,True,-0.032080728871587416,-0.021014018034160697,0.011066710837426719,stop,stop,LE10,2024,2024-07
300,LULU,large,2024-07-12,2024-07-15,2024-07-16,0.06850933144342086,0.011103236475312986,-0.057406094968107876,0.0200345423143351,0.0033024170882518192,7.75793103448274,53.03829787234055,45.28036683785781,-0.016787564766839402,True,-0.021014018034160697,-0.004298616571421832,0.016715401462738866,stop,stop,LE10,2024,2024-07
300,LULU,large,2024-07-15,2024-07-16,2024-07-17,0.011103236475312986,0.07388377037562005,0.06278053390030706,0.0033024170882518192,0.02157231294511216,53.03829787234055,7.120863309352523,-45.91743456298803,0.01867270938729626,True,-0.004298616571421832,-0.022550251662808107,-0.018251635091386276,stop,stop,LE10,2024,2024-07
300,LULU,large,2024-07-16,2024-07-17,2024-07-18,0.07388377037562005,0.11634774391684408,0.042463973541224026,0.02157231294511216,0.03355476068812816,7.120863309352523,4.1569543147207995,-2.9639089946317236,0.012398475625528205,True,-0.022550251662808107,-0.03452072294631081,-0.011970471283502704,stop,stop,10_20,2024,2024-07
300,LULU,large,2024-07-17,2024-07-18,2024-07-19,0.11634774391684408,0.03827072997873858,-0.0780770139381055,0.03355476068812816,0.011291559210984906,4.1569543147207995,14.677777777777733,10.520823463056933,-0.02251745869528199,True,-0.03452072294631081,-0.012279773544606964,0.022240949401703847,stop,stop,LE10,2024,2024-07
300,CEG,large,2024-07-18,2024-07-19,2024-07-22,0.16955017301038078,0.23391003460207627,0.06435986159169549,0.052044609665427566,0.07040933236121243,2.5387755102040783,1.5650887573964483,-0.9736867528076301,0.019755708975039754,True,-0.05299209131493732,-0.07133845846579878,-0.018346367150861465,stop,stop,20_30,2024,2024-07
300,LULU,large,2024-07-18,2024-07-19,2024-07-22,0.03827072997873858,-0.022442712024568587,-0.060713442003307166,0.011291559210984906,-0.006742370475514468,14.677777777777733,,,-0.01791315257545123,False,-0.012279773544606964,,,stop,,LE10,2024,2024-07
300,CEG,large,2024-07-23,2024-07-24,2024-07-25,0.1693771626297576,-0.03339100346020772,-0.20276816608996534,0.05199426416697643,-0.010930509146514169,2.5423901940755913,,,-0.06224441021828031,False,-0.05294179613682448,,,stop,,LE10,2024,2024-07
300,ALNY,small,2024-07-24,2024-07-25,2024-07-26,0.15220048899755545,0.1891809290953543,0.036980440097798856,0.021102589092758244,0.02609612141652613,2.942168674698782,2.171567043618742,-0.7706016310800399,0.005127335904063557,True,0.061025819985468965,0.055613335827870314,-0.0054124841575986515,target,target,10_20,2024,2024-07
300,CCL,small,2024-07-25,2024-07-26,2024-07-29,0.1480730223123726,0.13184584178498956,-0.016227180527383034,0.021001150747986103,0.018742791234140674,3.0520547945205627,3.5507692307692387,0.49871443624867595,-0.0023014959723820505,True,-0.02197966034244081,-0.019723558059493773,0.0022561022829470367,stop,stop,10_20,2024,2024-07
300,RCL,small,2024-07-25,2024-07-26,2024-07-29,0.12740046838407493,0.13442622950819696,0.0070257611241220375,0.01758810216618169,0.01854005167958659,3.7095588235294152,3.463414634146335,-0.24614418938308003,0.0009699321047527132,True,-0.01857002310354683,-0.01952102114317511,-0.0009509980396282813,stop,stop,10_20,2024,2024-07
300,BKNG,small,2024-07-26,2024-07-29,2024-07-30,0.17507609813131203,0.20936561372387,0.03428951559255797,0.023252389494257158,0.0276804251474504,2.427081174438689,1.8658001155401451,-0.561281058898544,0.004554094937217368,True,-0.024228648975022415,-0.02865225880547373,-0.004423609830451314,stop,stop,20_30,2024,2024-07
300,CCL,small,2024-07-26,2024-07-29,2024-07-30,0.13184584178498956,0.1277890466531431,-0.004056795131846452,0.018742791234140674,0.01817657241777252,3.5507692307692387,3.695238095238126,0.1444688644688874,-0.0005767012687428741,True,-0.019723558059493773,-0.0191579051789742,0.0005656528805195737,stop,stop,10_20,2024,2024-07
300,DDOG,small,2024-07-26,2024-07-29,2024-07-30,0.08323494687131025,0.0005903187721372556,-0.082644628099173,0.01182191665967969,8.48392296598381e-05,6.2085106382978905,1015.3999999994801,1009.1914893611822,-0.01173807327911458,True,-0.012809600900899332,-0.001084254682703456,0.011725346218195876,stop,stop,LE10,2024,2024-07
300,RCL,small,2024-07-26,2024-07-29,2024-07-30,0.13442622950819696,0.20187353629976595,0.06744730679156899,0.01854005167958659,0.027585765488991307,3.463414634146335,1.9721577726218087,-1.4912568615245265,0.009302325581395321,True,-0.01952102114317511,-0.02855769375936701,-0.009036672616191899,stop,stop,20_30,2024,2024-07
300,CCL,small,2024-07-29,2024-07-30,2024-07-31,0.1277890466531431,0.16835699797160208,0.04056795131845897,0.01817657241777252,0.02380952380952376,3.695238095238126,2.5638554216867524,-1.1313826735513737,0.0057703404500866196,True,-0.0191579051789742,-0.02478522643440173,-0.005627321255427531,stop,stop,10_20,2024,2024-07
300,BKNG,small,2024-07-31,2024-08-01,2024-08-02,0.13703711169794597,-0.678654222186385,-0.815691333884331,0.01829273215059348,-0.10166113558743681,3.3783759929390964,,,-0.1088845415918821,False,-0.019273948810113017,,,stop,,LE10,2024,2024-08
300,DE,small,2024-08-05,2024-08-06,2024-08-07,0.13504238998788862,0.18570851836899466,0.05066612838110604,0.019252352585685913,0.026285714285714253,3.4430493273542595,2.2308695652173944,-1.212179762136865,0.007223229445451729,True,0.06522104569747422,0.05758188905547246,-0.007639156642001765,target,target,10_20,2024,2024-08
300,DXCM,small,2024-08-29,2024-08-30,2024-09-03,0.1956521739130436,0.08281573498964777,-0.11283643892339583,0.027000000000000007,0.011609345523146092,2.066666666666662,6.245000000000016,4.178333333333354,-0.01557142857142857,True,-0.02797251374312837,-0.012597242229269723,0.015375271513858646,stop,stop,LE10,2024,2024-08
300,DXCM,small,2024-08-30,2024-09-03,2024-09-04,0.08281573498964777,0.345755693581781,0.2629399585921332,0.011609345523146092,0.046745976207137906,6.245000000000016,0.7353293413173612,-5.509670658682655,0.036859672035989055,True,-0.012597242229269723,-0.047698753842113195,-0.03510151161284347,stop,stop,GT30,2024,2024-09
300,CDNS,small,2024-09-05,2024-09-06,2024-09-09,0.047084002140181644,0.033172819689673845,-0.013911182450507799,0.006988286678578483,0.00493375243703501,11.743181818181899,17.087096774193434,5.343914956011535,-0.0020647210641253633,True,-0.007980802134172071,-0.005928321400116454,0.0020524807340556173,stop,stop,LE10,2024,2024-09
300,FBTC,small,2024-09-05,2024-09-06,2024-09-09,0.12499999999999975,-0.041666666666666255,-0.16666666666666602,0.01813784764207978,-0.006195786864931788,3.8000000000000074,,,-0.024183796856106277,False,-0.019119219108704177,,,stop,,LE10,2024,2024-09
300,IBIT,small,2024-09-05,2024-09-06,2024-09-09,0.12262156448202932,-0.0401691331923893,-0.16279069767441862,0.017962217404769228,-0.006027918781725929,3.8931034482758777,,,-0.02384639207184891,False,-0.01894376441385992,,,stop,,LE10,2024,2024-09
300,ON,small,2024-09-05,2024-09-06,2024-09-09,0.15049504950495018,0.029702970297029438,-0.12079207920792075,0.021708083404741448,0.004360465116279029,2.9868421052631695,19.2000000000002,16.21315789473703,-0.017423593259068837,True,-0.02268588641982916,-0.007969271178364212,0.014716615241464948,stop,stop_gap,LE10,2024,2024-09
300,ANET,small,2024-09-06,2024-09-09,2024-09-10,0.14638993155221905,0.25855597262088736,0.11216604106866832,0.02072393098274567,0.036030769230769165,3.0986425339366512,1.3205807002561936,-1.7780618336804577,0.015878969742435523,True,0.06315236980159589,0.04653448045208175,-0.016617889349514137,target,target,20_30,2024,2024-09
300,MCK,small,2024-09-06,2024-09-09,2024-09-10,0.07046253719231858,0.022450635650527795,-0.04801190154179079,0.010244813685969986,0.0032871287128713365,7.515163147792642,25.725301204818862,18.21013805702622,-0.006980631206371046,True,-0.04496298699534296,-0.038249360468280535,0.006713626527062422,stop_gap,stop_gap,LE10,2024,2024-09
300,PINS,small,2024-09-06,2024-09-09,2024-09-10,0.1995012468827933,0.19451371571072268,-0.004987531172070625,0.027109454422229774,0.026449643947100632,2.007499999999996,2.0846153846153928,0.07711538461539691,-0.0006777363605559028,True,-0.028081858765635737,-0.02742270777124134,0.0006591509943943974,stop,stop,10_20,2024,2024-09
300,MCK,small,2024-09-09,2024-09-10,2024-09-11,0.022450635650527795,0.022585880443603136,0.00013524479307534115,0.0032871287128713365,0.003306865210589921,25.725301204818862,25.565269461077577,-0.16003174374128548,1.980198019801982e-05,True,-0.038249360468280535,-0.03826840465828729,-1.9044190006756168e-05,stop_gap,stop_gap,LE10,2024,2024-09
300,PINS,small,2024-09-09,2024-09-10,2024-09-11,0.19451371571072268,0.08478802992518704,-0.10972568578553564,0.026449643947100632,0.011703958691910495,2.0846153846153928,6.076470588235293,3.9918552036199,-0.014920311970159306,True,-0.02742270777124134,-0.012691760832148402,0.014730946939092937,stop,stop,LE10,2024,2024-09
300,MCK,small,2024-09-10,2024-09-11,2024-09-12,0.022585880443603136,0.08845009467135544,0.0658642142277523,0.003306865210589921,0.012826547422923081,25.565269461077577,5.783486238532085,-19.781783222545492,0.009643373398546595,True,-0.03826840465828729,-0.04745415987385593,-0.009185755215568636,stop_gap,stop_gap,LE10,2024,2024-09
300,GM,small,2024-09-11,2024-09-12,2024-09-13,0.19407638347622722,0.4466095089633675,0.25253312548714024,0.027858581338106904,0.06186568775642414,2.0915662650602447,0.34345549738219683,-1.7481107676780478,0.036249720295368215,True,0.05721032971990203,0.02022737281758613,-0.0369829569023159,target,target,GT30,2024,2024-09
300,MCK,small,2024-09-11,2024-09-12,2024-09-13,0.08845009467135544,0.07830673519069543,-0.010143359480660002,0.012826547422923081,0.011372341052383519,5.783486238532085,6.662176165803077,0.878689927270992,-0.0014709343374911255,True,-0.04745415987385593,-0.04605096347982174,0.0014031963940341896,stop_gap,stop_gap,LE10,2024,2024-09
300,SPXS,small,2024-09-13,2024-09-16,2024-09-17,0.11707317073170738,0.0,-0.11707317073170738,0.01666666666666668,0.0,4.124999999999998,,,-0.01666666666666672,False,-0.017649508579043682,,,stop_gap,,LE10,2024,2024-09
300,TMF,small,2024-10-02,2024-10-03,2024-10-04,0.03102625298329331,-0.3723150357995231,-0.4033412887828164,0.004572634540977805,-0.05833956619296942,18.338461538461683,,,-0.05944424903271195,False,-0.005567564441486428,,,stop,,LE10,2024,2024-10
300,DKNG,small,2024-10-14,2024-10-15,2024-10-16,0.18248175182481738,0.25000000000000067,0.06751824817518329,0.026434047052603753,0.03586387434554986,2.288000000000004,1.3999999999999948,-0.888000000000009,0.009780597409463576,True,-0.027407126465844422,-0.03682752864405481,-0.009420402178210385,stop,stop,20_30,2024,2024-10
300,KLAC,large,2024-10-17,2024-10-18,2024-10-21,0.10408397743889675,0.1540630875287236,0.04997911008982686,0.029838456125641837,0.043542435424354244,4.764576016056212,2.8945084745762726,-1.8700675414799397,0.01432784872666315,True,-0.030808132831163237,-0.04449841499914242,-0.013690282167979184,stop,stop,10_20,2024,2024-10
300,AMD,small,2024-10-18,2024-10-21,2024-10-22,0.1547729379054681,0.1913809082483778,0.03660797034290972,0.021436364803286076,0.02637292464878669,2.8766467065868246,2.1351089588377774,-0.7415377477490472,0.005070277902573528,True,-0.022414439401183706,-0.02734606515388527,-0.004931625752701563,stop,stop,10_20,2024,2024-10
300,KLAC,large,2024-10-21,2024-10-22,2024-10-23,0.1175579695007311,0.08690202632128674,-0.030655943179444353,0.033571460530044284,0.025036109773712064,4.103864948911598,5.904326923076931,1.8004619741653327,-0.008754530133778804,True,-0.03453740609673073,-0.02601058642561227,0.008526819671118457,stop,stop,LE10,2024,2024-10
300,MCHP,large,2024-10-21,2024-10-22,2024-10-23,0.1320754716981129,0.18751455858374122,0.05543908688562832,0.03800268096514737,0.053107270088402235,3.5428571428571547,2.1997515527950275,-1.3431055900621272,0.01595174262734611,True,-0.038964197525901856,-0.05405368960855361,-0.015089492082651756,stop,stop,10_20,2024,2024-10
300,KLAC,large,2024-10-22,2024-10-23,2024-10-24,0.08690202632128674,0.16059118445790682,0.07368915813662008,0.025036109773712064,0.045303867403314914,5.904326923076931,2.736195121951221,-3.1681318011257096,0.021229537794896558,True,-0.02601058642561227,-0.04625808642640006,-0.020247500000787788,stop,stop,10_20,2024,2024-10
300,MCHP,large,2024-10-22,2024-10-23,2024-10-24,0.18751455858374122,0.21174004192872123,0.02422548334498001,0.053107270088402235,0.05955969073515924,2.1997515527950275,1.8336633663366337,-0.3660881864583938,0.006861063464836947,True,-0.05405368960855361,-0.060499661059261856,-0.006445971450708243,stop,stop,20_30,2024,2024-10
300,INTC,small,2024-10-23,2024-10-24,2024-10-25,0.14617940199335583,0.25913621262458497,0.11295681063122914,0.019918515165233196,0.03477485510477045,3.1045454545454443,1.3153846153846132,-1.7891608391608311,0.015391579900407404,True,-0.02089810685422344,-0.03573959787827896,-0.01484149102405552,stop,stop,20_30,2024,2024-10
300,KLAC,large,2024-10-24,2024-10-25,2024-10-28,0.11317108836431981,0.13578441612701064,0.02261332776269083,0.03235922170621345,0.03857566765578635,4.301707429626223,3.4187692307692323,-0.8829381988569907,0.00646587125001874,True,-0.03332637890590728,-0.03953661151620025,-0.006210232610292965,stop,stop,10_20,2024,2024-10
300,KLAC,large,2024-10-25,2024-10-28,2024-10-29,0.13578441612701064,0.1463338207645706,0.010549404637559961,0.03857566765578635,0.041448477855684715,3.4187692307692323,3.1002141327623165,-0.31855509800691584,0.0029970326409496373,True,-0.03953661151620025,-0.042406550341585914,-0.002869938825385665,stop,stop,10_20,2024,2024-10
300,SQQQ,small,2024-10-25,2024-10-28,2024-10-29,0.04687499999999993,0.17187500000000006,0.1250000000000001,0.006451612903225797,0.02325581395348838,11.800000000000011,2.490909090909088,-9.309090909090923,0.017204301075268935,True,-0.007444664764391873,-0.024232070011505735,-0.016787405247113862,stop,stop,10_20,2024,2024-10
300,KLAC,large,2024-10-28,2024-10-29,2024-10-30,0.1463338207645706,0.17756423647378314,0.031230415709212533,0.041448477855684715,0.04985337243401759,3.1002141327623165,2.379058823529413,-0.7211553092329037,0.008845892133368949,True,-0.042406550341585914,-0.05080304422568771,-0.008396493884101797,stop,stop,10_20,2024,2024-10
300,FANG,small,2024-10-29,2024-10-30,2024-10-31,0.06716712761754313,0.12603713947056489,0.05887001185302175,0.009612122582833976,0.017886178861788605,7.932941176470503,3.760501567398125,-4.172439609072377,0.008424742734365998,True,-0.01060201551378559,-0.018867801871421896,-0.008265786357636307,stop,stop,10_20,2024,2024-10
300,FANG,small,2024-10-30,2024-10-31,2024-11-01,0.12603713947056489,0.08850256815487985,-0.037534571315685036,0.017886178861788605,0.012626832018038383,3.760501567398125,5.779464285714261,2.018962718316136,-0.005326604990187778,True,-0.018867801871421896,-0.01361371174615622,0.005254090125265676,stop,stop,LE10,2024,2024-10
300,FANG,small,2024-10-31,2024-11-01,2024-11-04,0.08850256815487985,0.1197155274595022,0.031212959304622354,0.012626832018038383,0.0170043212301476,5.779464285714261,4.011881188118812,-1.7675830975954492,0.004453213077790341,True,-0.01361371174615622,-0.019444483942438473,-0.005830772196282252,stop,stop_gap,10_20,2024,2024-11
300,MU,small,2024-10-31,2024-11-01,2024-11-04,0.05156037991858827,0.14179104477611873,0.09023066485753045,0.007587859424920037,0.02059316188787062,10.63684210526329,3.2315789473684404,-7.405263157894849,0.013278753993610115,True,-0.008579775607403861,0.06682110713290523,0.0754008827403091,stop,target_gap,10_20,2024,2024-11
300,FANG,small,2024-11-01,2024-11-04,2024-11-05,0.1197155274595022,-0.010272619517976724,-0.12998814697747893,0.0170043212301476,-0.0014865637507146421,4.011881188118812,,,-0.01846343790336158,False,-0.019444483942438473,,,stop_gap,,LE10,2024,2024-11
300,MU,small,2024-11-01,2024-11-04,2024-11-05,0.14179104477611873,0.17706919945725919,0.035278154681140456,0.02059316188787062,0.025585726889520627,3.2315789473684404,2.3885057471264353,-0.8430732002420052,0.005123657503202317,True,0.06682110713290523,0.06138294444582448,-0.00543816268708075,target_gap,target_gap,10_20,2024,2024-11
300,MU,small,2024-11-04,2024-11-05,2024-11-06,0.17706919945725919,0.6092265943012207,0.43215739484396154,0.025585726889520627,0.08285661561173639,2.3885057471264353,-0.015144766146992856,-2.403650513273428,0.0624448583472208,False,0.06138294444582448,,,target_gap,,GT30,2024,2024-11
300,SLV,small,2024-11-08,2024-11-11,2024-11-12,0.0128865979381436,0.020618556701030494,0.007731958762886893,0.0017876296031461266,0.0028571428571427964,45.56000000000263,28.10000000000061,-17.460000000002022,0.0010725777618878496,True,-0.002785343116786021,-0.0038537873920181376,-0.0010684442752321166,stop,stop,LE10,2024,2024-11
300,SLV,small,2024-11-11,2024-11-12,2024-11-13,0.020618556701030494,-0.07216494845360856,-0.09278350515463905,0.0028571428571427964,-0.010130246020260534,28.10000000000061,,,-0.01285714285714279,False,-0.0038537873920181376,,,stop,,LE10,2024,2024-11
300,TTD,small,2024-11-15,2024-11-18,2024-11-19,0.1509543088490456,0.05031810294968214,-0.10063620589936345,0.022124268881919127,0.007485158736987047,2.9747126436781657,10.924137931034432,7.9494252873562665,-0.01474951258794599,True,0.06474806167315617,0.08068767818620182,0.01593961651304565,target,target,LE10,2024,2024-11
300,TTD,small,2024-11-18,2024-11-19,2024-11-20,0.05031810294968214,0.37941006362058993,0.3290919606709078,0.007485158736987047,0.05380577427821524,10.924137931034432,0.581402439024391,-10.342735492010041,0.048954658866041445,True,0.08068767818620182,0.030252040974263705,-0.05043563721193811,target,target,GT30,2024,2024-11
300,KLAC,small,2024-11-20,2024-11-21,2024-11-22,0.1994924417963139,0.21328478428776265,0.013792342491448756,0.02879898056705946,0.03072887687783154,2.007632743362846,1.813140196585631,-0.19449254677721495,0.0019910799617712804,True,0.05676048723010285,0.054660573695347825,-0.002099913534755027,target,target,20_30,2024,2024-11
300,DELL,large,2024-12-10,2024-12-11,2024-12-12,0.1765030336458906,0.1685052399338114,-0.007997793712079204,0.0543293718166383,0.05199557484469406,2.399375000000005,2.5607201309328977,0.16134513093289282,-0.002461799660441355,True,-0.05527456984580692,-0.052943105504519306,0.0023314643412876146,stop,stop,10_20,2024,2024-12
300,INTC,large,2024-12-10,2024-12-11,2024-12-12,0.028615622583139787,0.00850734725444698,-0.020108275328692807,0.009181141439205892,0.002747252747252733,19.96756756756772,69.52727272727311,49.559705159705395,-0.006451612903225712,True,-0.010171465135918378,-0.0037440071173202583,0.00642745801859812,stop,stop,LE10,2024,2024-12
300,INTC,large,2024-12-11,2024-12-12,2024-12-13,0.00850734725444698,0.09667440061871617,0.0881670533642692,0.002747252747252733,0.030354541039339485,69.52727272727311,5.206400000000002,-64.32087272727311,0.02847152847152845,True,-0.0037440071173202583,-0.031323701917860824,-0.027579694800540566,stop,stop,LE10,2024,2024-12
300,FCX,large,2024-12-12,2024-12-13,2024-12-16,0.11759935117599318,0.0754257907542579,-0.042173560421735284,0.03474718427989446,0.022567338024751266,4.102068965517254,6.954838709677418,2.852769744160164,-0.012461059190031043,True,-0.03882410579996365,-0.026695703349489897,0.012128402450473752,stop_gap,stop_gap,LE10,2024,2024-12
300,INTC,large,2024-12-12,2024-12-13,2024-12-16,0.09667440061871617,0.030162412993039487,-0.06651198762567669,0.030354541039339485,0.009672619047619062,5.206400000000002,18.892307692307668,13.685907692307666,-0.020883924235065576,True,-0.031323701917860824,-0.010662451512339022,0.020661250405521803,stop,stop,LE10,2024,2024-12
300,FCX,large,2024-12-13,2024-12-16,2024-12-17,0.0754257907542579,-0.01054339010543411,-0.085969180859692,0.022567338024751266,-0.003237858032378644,6.954838709677418,,,-0.0257219121572434,False,-0.026695703349489897,,,stop_gap,,LE10,2024,2024-12
300,INTC,large,2024-12-13,2024-12-16,2024-12-17,0.030162412993039487,0.10595514307811273,0.07579273008507324,0.009672619047619062,0.03317191283292972,18.892307692307668,4.662773722627749,-14.229533969679919,0.02430555555555558,True,-0.010662451512339022,-0.034138257747639345,-0.023475806235300323,stop,stop,10_20,2024,2024-12
300,INTC,large,2024-12-16,2024-12-17,2024-12-18,0.10595514307811273,0.0796597061098222,-0.026295436968290523,0.03317191283292972,0.025146484375000028,4.662773722627749,6.532038834951451,1.8692651123237018,-0.008232445520581,True,-0.034138257747639345,-0.02612085070745873,0.008017407040180613,stop,stop,LE10,2024,2024-12
300,CEG,large,2024-12-17,2024-12-18,2024-12-19,0.192027368734196,0.11081362486985004,-0.08121374386434597,0.05509559576647319,0.03255265227650099,2.1245546088303646,4.414496644295289,2.2899420354649243,-0.02330146807784217,True,-0.0560400279546126,-0.0335196161422916,0.022520411812321006,stop,stop,10_20,2024,2024-12
300,INTC,large,2024-12-17,2024-12-18,2024-12-19,0.0796597061098222,-0.06728538283062625,-0.14694508894044844,0.025146484375000028,-0.022273425499231884,6.532038834951451,,,-0.04638671875,False,-0.02612085070745873,,,stop,,LE10,2024,2024-12
300,CEG,large,2024-12-18,2024-12-19,2024-12-20,0.11081362486985004,0.005949724825226919,-0.10486390004462312,0.03255265227650099,0.0018033452053559608,4.414496644295289,99.84499999999855,95.43050335570327,-0.030804858865682072,True,-0.0335196161422916,-0.002801043011247506,0.03071857313104409,stop,stop,LE10,2024,2024-12
300,DELL,large,2024-12-18,2024-12-19,2024-12-20,0.07804743519029231,-0.0165471594043025,-0.09459459459459481,0.024774577606583192,-0.005415162454873723,6.687632508833928,,,-0.030027138229887118,False,-0.025749315659949756,,,stop,,LE10,2024,2024-12
300,CEG,large,2024-12-19,2024-12-20,2024-12-23,0.005949724825226919,0.08582478060389724,0.07987505577867032,0.0018033452053559608,0.025398362531913066,99.84499999999855,5.990987868284215,-93.85401213171434,0.024209909381903483,True,-0.002801043011247506,0.15100969631391714,0.15381073932516465,stop,target,LE10,2024,2024-12
300,CEG,large,2024-12-20,2024-12-23,2024-12-24,0.08582478060389724,0.11230105607615666,0.02647627547225942,0.025398362531913066,0.032975192173305426,5.990987868284215,4.342781456953634,-1.6482064113305812,0.007835196760278107,True,0.15100969631391714,0.1420614203729722,-0.008948275940944939,target,target,10_20,2024,2024-12
300,KWEB,large,2024-12-20,2024-12-23,2024-12-24,0.014736842105262844,0.057894736842104964,0.04315789473684212,0.004696410600469541,0.01819986763732618,39.7142857142866,9.363636363636424,-30.35064935065018,0.013753773901375332,True,-0.005691216786775866,-0.019181177114949932,-0.013489960328174067,stop,stop,LE10,2024,2024-12
300,CEG,large,2024-12-23,2024-12-24,2024-12-26,0.11230105607615666,0.10650007437156028,-0.005800981704596378,0.032975192173305426,0.03132519578247363,4.342781456953634,4.633798882681566,0.2910174257279321,-0.0017033542976939708,True,0.1420614203729722,0.14401007485057393,0.00194865447760173,target,target,10_20,2024,2024-12
300,KWEB,large,2024-12-23,2024-12-24,2024-12-26,0.057894736842104964,0.034736842105262976,-0.02315789473684199,0.01819986763732618,0.010999999999999944,9.363636363636424,16.27272727272737,6.909090909090946,-0.007279947054930513,True,-0.019181177114949932,-0.011988505747126177,0.007192671367823755,stop,stop,LE10,2024,2024-12
300,CEG,large,2024-12-24,2024-12-26,2024-12-27,0.10650007437156028,0.10069909266696432,-0.005800981704595962,0.03132519578247363,0.02966955911999303,4.633798882681566,4.9583456425406105,0.3245467598590448,-0.0017062606641290445,True,0.14401007485057393,0.1459653905188698,0.001955315668295876,target,target,10_20,2024,2024-12
300,KWEB,large,2024-12-24,2024-12-26,2024-12-27,0.034736842105262976,0.005263157894736543,-0.029473684210526433,0.010999999999999944,0.001682368775235436,16.27272727272737,113.00000000000654,96.72727272727917,-0.009333333333333416,True,-0.011988505747126177,-0.0026801874970991957,0.009308318250026981,stop,stop,LE10,2024,2024-12
300,CEG,large,2024-12-26,2024-12-27,2024-12-30,0.10069909266696432,0.0301948534880262,-0.07050423917893812,0.02966955911999303,0.009085213032581458,4.9583456425406105,18.87093596059112,13.912590318050508,-0.020773073889035043,True,0.1459653905188698,0.17027561228336774,0.02431022176449793,target,target,LE10,2024,2024-12
300,KWEB,large,2024-12-26,2024-12-27,2024-12-30,0.005263157894736543,-0.027368421052631743,-0.03263157894736829,0.001682368775235436,-0.008840530431825963,113.00000000000654,,,-0.010430686406460277,False,-0.0026801874970991957,,,stop,,LE10,2024,2024-12
300,DKNG,large,2025-01-02,2025-01-03,2025-01-06,0.0882899628252791,0.2537174721189595,0.1654275092936804,0.026344980587909118,0.07214587737843561,5.795789473684185,1.36483516483516,-4.430954308849025,0.04936217415418742,True,0.15153784727159447,0.0973693121726662,-0.05416853509892827,target,target,20_30,2025,2025-01
300,FERG,large,2025-01-02,2025-01-03,2025-01-06,0.05271378367825046,0.09957048028114007,0.04685669660288961,0.015455065827132162,0.028797289666854853,10.38222222222227,5.025882352941183,-5.356339869281086,0.013737836290784289,True,-0.016439118734851044,-0.02976800701851212,-0.013328888283661078,stop,stop,LE10,2025,2025-01
300,GDX,large,2025-01-02,2025-01-03,2025-01-06,0.13474494706448495,0.11260827718960555,-0.022136669874879403,0.03973885892705077,0.033428571428571474,3.4528571428571486,4.328205128205122,0.8753479853479731,-0.00652852682372973,True,0.12121713767016584,0.14354160062825727,0.02232446295809143,time,target,10_20,2025,2025-01
300,UNH,large,2025-01-02,2025-01-03,2025-01-06,0.1970821767477892,0.24001032857788393,0.04292815183009474,0.06029426286165701,0.07247563352826512,2.044415329184405,1.4998924152770292,-0.5445229139073757,0.013133208255159401,True,0.08156823138741687,0.061705794276351256,-0.01986243711106561,time,time,20_30,2025,2025-01
300,GDX,large,2025-01-03,2025-01-06,2025-01-07,0.11260827718960555,0.13666987487969218,0.02406159769008663,0.033428571428571474,0.04028368794326246,4.328205128205122,3.3901408450704182,-0.9380642831347035,0.0071428571428571175,True,0.14354160062825727,0.13543137651032655,-0.00811022411793072,target,target,10_20,2025,2025-01
300,GDX,large,2025-01-06,2025-01-07,2025-01-08,0.13666987487969218,0.15303176130895124,0.016361886429259065,0.04028368794326246,0.04488989271597977,3.3901408450704182,2.9207547169811248,-0.4693861280892935,0.0048226950354610665,True,0.13543137651032655,0.1299818188026256,-0.005449557707700947,target,target,10_20,2025,2025-01
300,GDX,large,2025-01-07,2025-01-08,2025-01-10,0.15303176130895124,0.2723772858517804,0.11934552454282915,0.04488989271597977,0.07719585379159843,2.9207547169811248,1.2028268551236767,-1.717927861857448,0.03500846979107841,True,0.1299818188026256,0.09176093895223714,-0.03822087985038847,target,target,20_30,2025,2025-01
300,SHOP,small,2025-01-07,2025-01-08,2025-01-10,0.12652536929993577,-0.03660886319845907,-0.16313423249839484,0.01850112697220134,-0.005483933038291393,3.742131979695434,,,-0.0238542449286252,False,-0.0248299028547333,,,stop_gap,,LE10,2025,2025-01
300,MCHP,small,2025-01-08,2025-01-10,2025-01-13,0.02826379542395609,-0.06056527590847952,-0.08882907133243562,0.00378514780100926,-0.008208682962422525,20.228571428572053,,,-0.011896178803172286,False,-0.0047808647947111815,,,stop,,LE10,2025,2025-01
300,WDAY,small,2025-01-10,2025-01-13,2025-01-14,0.03267792855164792,-0.005815563555801148,-0.03849349210744907,0.004756721893014096,-0.0008513053348466821,17.361016949152432,,,-0.005603257145160634,False,-0.005751467798168375,,,stop,,LE10,2025,2025-01
300,SQQQ,large,2025-02-05,2025-02-06,2025-02-07,0.11919315403423,0.06907090464547694,-0.050122249388753065,0.03456221198156687,0.02032374100719429,4.033846153846148,7.686725663716796,3.6528795098706484,-0.014533853243530626,True,-0.03552716729192995,-0.021302927672854244,0.014224239619075707,stop,stop,LE10,2025,2025-02
300,SQQQ,large,2025-02-06,2025-02-07,2025-02-10,0.06907090464547694,0.12163814180929108,0.052567237163814146,0.02032374100719429,0.03524619199433231,7.686725663716796,3.932663316582911,-3.7540623471338854,0.015467625899280524,True,-0.021302927672854244,-0.03621046366650171,-0.01490753599364747,stop,stop,10_20,2025,2025-02
300,HUM,small,2025-02-07,2025-02-10,2025-02-11,0.1413125471460902,0.16369122454111124,0.02237867739502103,0.020605705067096886,0.023791250959324602,3.245907473309599,2.6654377880184335,-0.5804696852911655,0.0032631810515508786,True,-0.021584609909608532,-0.024766971847920982,-0.00318236193831245,stop,stop,10_20,2025,2025-02
300,SQQQ,large,2025-02-10,2025-02-11,2025-02-12,0.14608801955990225,0.21943765281173616,0.07334963325183391,0.042033063665142464,0.06183258697898731,3.107112970711297,1.7342618384401094,-1.3728511322711876,0.021104467112205372,True,-0.04299055185738121,-0.06277028554272635,-0.019779733685345136,stop,stop,20_30,2025,2025-02
300,FBTC,small,2025-02-11,2025-02-12,2025-02-13,0.021201413427562626,0.11572438162544182,0.0945229681978792,0.002902055622732879,0.015638056583502476,27.299999999998935,4.184732824427473,-23.11526717557146,0.012938331318016916,True,-0.0038986552672878316,-0.016621926591914638,-0.012723271324626806,stop,stop,10_20,2025,2025-02
300,IBIT,small,2025-02-11,2025-02-12,2025-02-13,0.018944519621109684,0.11907983761840359,0.1001353179972939,0.0026007802340702315,0.016126076598863892,30.67142857142843,4.038636363636345,-26.632792207792082,0.013746981237228395,True,-0.0035976810034512585,-0.017109458831148783,-0.013511777827697524,stop,stop,10_20,2025,2025-02
300,FBTC,small,2025-02-12,2025-02-13,2025-02-14,0.11572438162544182,0.17314487632508893,0.05742049469964711,0.015638056583502476,0.023217247097844205,4.184732824427473,2.4653061224489665,-1.7194267019785068,0.0077593410528828954,True,-0.016621926591914638,-0.024193541703443566,-0.007571615111528929,stop,stop,10_20,2025,2025-02
300,SQQQ,large,2025-02-12,2025-02-13,2025-02-14,0.071515892420538,-0.04217603911980426,-0.11369193154034227,0.0210280373831776,-0.012830048345109663,7.3897435897435795,,,-0.03342918763479508,False,-0.022006520104433713,,,stop,,LE10,2025,2025-02
300,FBTC,small,2025-02-13,2025-02-14,2025-02-18,0.17314487632508893,0.16342756183745646,-0.009717314487632467,0.023217247097844205,0.02194283003202477,2.4653061224489665,2.671351351351335,0.20604522890236865,-0.0013030087656953349,True,-0.024193541703443566,-0.022920398417799803,0.001273143285643763,stop,stop,10_20,2025,2025-02
300,IBIT,small,2025-02-13,2025-02-14,2025-02-18,0.16914749661705006,0.16373477672530456,-0.005412719891745493,0.02275209319257372,0.02204007285974501,2.547199999999998,2.6644628099173504,0.1172628099173525,-0.0007280669821623231,True,-0.023728852719617444,-0.023017544051289307,0.0007113086683281367,stop,stop,10_20,2025,2025-02
300,DELL,large,2025-02-28,2025-03-03,2025-03-04,0.16861115550583358,-0.16541473549624405,-0.33402589100207764,0.05089733693554618,-0.05553170941088097,2.5584834123222713,,,-0.10082979544577386,False,-0.05184596528443608,,,stop,,LE10,2025,2025-03
300,NEM,small,2025-03-03,2025-03-04,2025-03-05,0.11317704122877972,0.13096200485044496,0.017784963621665234,0.01637810014038378,0.018903150525087568,4.301428571428548,3.5814814814814664,-0.7199470899470812,0.002573701450631738,True,-0.017361230475075984,-0.01988375707128942,-0.002522526596213437,stop,stop,10_20,2025,2025-03
300,DE,small,2025-03-04,2025-03-05,2025-03-06,0.18805704099821718,0.30109922756981583,0.11304218657159865,0.0274984252481591,0.04331196581196577,2.1905213270142214,0.9926985693142563,-1.1978227576999652,0.016529464149959816,True,0.059176180931450384,0.04195325200647537,-0.01722292892497501,target,target,GT30,2025,2025-03
300,NEM,small,2025-03-04,2025-03-05,2025-03-06,0.13096200485044496,0.2635408245755864,0.13257881972514146,0.018903150525087568,0.03732539500801471,3.5814814814814664,1.2766871165644127,-2.3047943649170537,0.019136522753792296,True,-0.01988375707128942,-0.03828758851625247,-0.018403831444963048,stop,stop,20_30,2025,2025-03
300,SNPS,large,2025-03-05,2025-03-06,2025-03-07,0.0800929512006199,0.10449264136328433,0.024399690162664425,0.023494126468382975,0.03043360555881426,6.49129593810443,4.742031134173461,-1.749264803930969,0.007157301583694986,True,-0.024470144332982224,-0.031402687412328545,-0.0069325430793463205,stop,stop,10_20,2025,2025-03
300,SNPS,large,2025-03-06,2025-03-07,2025-03-10,0.10449264136328433,0.06522075910147183,-0.039271882261812496,0.03043360555881426,0.019215408840913797,4.742031134173461,8.199524940617563,3.457493806444102,-0.011437982222623266,True,-0.031402687412328545,-0.020195703284850874,0.01120698412747767,stop,stop,LE10,2025,2025-03
300,SNPS,large,2025-03-07,2025-03-10,2025-03-11,0.06522075910147183,0.009759876065065768,-0.05546088303640607,0.019215408840913797,0.002923230401596156,8.199524940617563,60.47619047619094,52.27666553557338,-0.016339943859969508,True,-0.020195703284850874,-0.003919808881954312,0.016275894402896562,stop,stop,LE10,2025,2025-03
300,LULU,large,2025-03-10,2025-03-11,2025-03-12,0.11843531382402245,0.029263966893290246,-0.0891713469307322,0.036004193500075,0.009144088669950822,4.066056572379352,19.50303030303012,15.436973730650767,-0.027107982626928262,True,-0.036967707549550144,-0.010134449400915346,0.026833258148634798,stop,stop,LE10,2025,2025-03
300,SNPS,large,2025-03-10,2025-03-11,2025-03-12,0.009759876065065768,0.09651432997676246,0.08675445391169669,0.002923230401596156,0.02817538385003287,60.47619047619094,5.216693418940595,-55.25949705725035,0.02598427023641059,True,-0.003919808881954312,-0.02914672279670949,-0.025226913914755178,stop,stop,LE10,2025,2025-03
300,MCHP,large,2025-03-11,2025-03-12,2025-03-13,0.14794007490636685,0.08302122347066156,-0.06491885143570529,0.0450741726892354,0.02580519984478072,3.055696202531651,6.227067669172943,3.1713714666412915,-0.01977938379612021,True,-0.0460286212922445,-0.026778907790962703,0.019249713501281795,stop,stop,LE10,2025,2025-03
300,SNPS,large,2025-03-11,2025-03-12,2025-03-13,0.09651432997676246,0.014407436096049678,-0.08210689388071278,0.02817538385003287,0.004309246345249435,5.216693418940595,40.6451612903223,35.428467871381706,-0.023969427673382726,True,-0.02914672279670949,-0.005304439502325509,0.02384228329438398,stop,stop,LE10,2025,2025-03
300,MCHP,large,2025-03-12,2025-03-13,2025-03-14,0.08302122347066156,0.156367041198502,0.07334581772784045,0.02580519984478072,0.047519681305131414,6.227067669172943,2.8371257485029906,-3.389941920669952,0.022797826930539555,True,-0.026778907790962703,-0.048471685621667926,-0.021692777830705223,stop,stop,10_20,2025,2025-03
300,SNPS,large,2025-03-12,2025-03-13,2025-03-14,0.014407436096049678,0.0254066615027113,0.010999225406661622,0.004309246345249435,0.007574183119732201,40.6451612903223,22.615853658536384,-18.029307631785915,0.003289854736695741,True,-0.005304439502325509,-0.010296283563563935,-0.004991844061238426,stop,stop_gap,LE10,2025,2025-03
300,MCHP,large,2025-03-13,2025-03-14,2025-03-17,0.156367041198502,0.214107365792759,0.057740324594256986,0.047519681305131414,0.063944817300522,2.8371257485029906,1.8023323615160356,-1.034793386986955,0.017547187707483536,True,-0.048471685621667926,-0.06488040468952683,-0.0164087190678589,stop,stop,20_30,2025,2025-03
300,SNPS,large,2025-03-14,2025-03-17,2025-03-18,0.11797056545313722,0.14748257164988393,0.02951200619674671,0.03422471910112364,0.042423297163610485,4.086014445173995,3.0682773109243673,-1.0177371342496278,0.008561797752808964,True,-0.03687372044314907,-0.04504981082685633,-0.008176090383707257,stop_gap,stop_gap,10_20,2025,2025-03
300,GILD,small,2025-03-19,2025-03-20,2025-03-21,0.07238700564971794,-0.05649717514124275,-0.1288841807909607,0.009595132225602675,-0.007619047619047592,7.288780487804827,,,-0.01708401591387787,False,-0.010585042138420597,,,stop,,LE10,2025,2025-03
300,GILD,small,2025-03-21,2025-03-24,2025-03-25,0.09675141242937887,0.06638418079096031,-0.030367231638418563,0.012783428198189834,0.008806445568671517,5.2014598540145744,8.038297872340443,2.836838018325869,-0.004012316879723921,True,0.0654265290607472,0.06971857897170963,0.004292049910962437,target,target,LE10,2025,2025-03
300,GILD,small,2025-03-24,2025-03-25,2025-03-26,0.06638418079096031,0.1546610169491524,0.0882768361581921,0.008806445568671517,0.020279655523659578,8.038297872340443,2.8794520547945224,-5.158845817545921,0.01171069889450993,True,0.06971857897170963,0.057336430405040106,-0.012382148566669526,target,target,10_20,2025,2025-03
300,ETN,small,2025-03-28,2025-03-31,2025-04-01,0.010024383635871154,0.11324844215659724,0.10322405852072608,0.00138059701492539,0.015378389316066395,58.854054054053364,4.298086124401909,-54.55596792965146,0.01421641791044781,True,-0.0023787173577387577,-0.04429527997489047,-0.04191656261715171,stop,stop_gap,10_20,2025,2025-03
300,MU,large,2025-03-28,2025-03-31,2025-04-01,0.09365781710914428,0.18325958702064898,0.0896017699115047,0.029507434944237826,0.056151847248898414,5.406299212598442,2.2740442655935604,-3.1322549470048813,0.028229553903345694,True,-0.03773087317865198,-0.06414951489344001,-0.026418641714788027,stop_gap,stop_gap,10_20,2025,2025-03
300,ETN,small,2025-03-31,2025-04-01,2025-04-02,0.11324844215659724,0.08290436196152805,-0.030344080195069192,0.015378389316066395,0.011304444198160266,4.298086124401909,6.2372549019607835,1.9391687775588746,-0.004120525366984262,True,-0.04429527997489047,-0.04034098064197045,0.003954299332920019,stop_gap,stop_gap,LE10,2025,2025-04
300,MU,large,2025-03-31,2025-04-01,2025-04-02,0.18325958702064898,0.13237463126843624,-0.050884955752212746,0.056151847248898414,0.041202800413175596,2.2740442655935604,3.532590529247922,1.2585462636543614,-0.01559145859224953,True,-0.06414951489344001,-0.04932713833603097,0.014822376557409034,stop_gap,stop_gap,10_20,2025,2025-04
300,ADP,small,2025-04-08,2025-04-09,2025-04-10,0.059693318729463526,0.5520262869660454,0.49233296823658185,0.007922663177787493,0.06877260012280811,9.051376146788948,0.0869047619047625,-8.964471384884186,0.06534379997092588,True,0.07063982908967104,0.0049711925097695175,-0.06566863657990152,target,target,GT30,2025,2025-04
300,MCK,small,2025-04-08,2025-04-09,2025-04-10,0.12124151309408332,0.4132988468584976,0.2920573337644143,0.017404084158415843,0.056941351150705304,3.948800000000008,0.45173402868318274,-3.4970659713168253,0.041924504950495045,True,0.06765705637280384,0.024697136212888493,-0.042959920159915344,target,target,GT30,2025,2025-04
300,BABA,small,2025-05-23,2025-05-27,2025-05-28,0.14750290360046425,0.009291521486643249,-0.138211382113821,0.021196695318367622,0.001362281822051908,3.067716535433081,63.57500000000133,60.50728346456825,-0.019861470416423277,True,-0.022175009465975393,-0.0023604204709053445,0.019814588995070048,stop,stop,LE10,2025,2025-05
300,TEAM,small,2025-06-18,2025-06-20,2025-06-23,0.09840326773115503,-0.1570738952840694,-0.25547716301522444,0.013510068824878948,-0.022349025202092195,5.09735849056603,,,-0.03507519755289312,False,-0.014496065757587662,,,stop,,LE10,2025,2025-06
300,BABA,large,2025-07-09,2025-07-10,2025-07-11,0.09127475247524763,0.14603960396039603,0.0547648514851484,0.028057827658360308,0.04414928444486015,5.573559322033891,3.108474576271187,-2.4650847457627036,0.01683469659501613,True,0.15522616283640578,0.1361002596634524,-0.019125903172953373,target,target,10_20,2025,2025-07
300,BABA,large,2025-07-10,2025-07-11,2025-07-14,0.14603960396039603,0.16878094059405938,0.022741336633663345,0.04414928444486015,0.050675832597891206,3.108474576271187,2.5549037580201652,-0.5535708182510217,0.006874941539612767,True,0.1361002596634524,0.12834296772371867,-0.007757291939733735,target,target,10_20,2025,2025-07
300,BABA,large,2025-07-11,2025-07-14,2025-07-15,0.16878094059405938,0.3856745049504952,0.21689356435643584,0.050675832597891206,0.10871745671798005,2.5549037580201652,0.5557160048134769,-1.9991877532066882,0.06512146407171726,True,0.12834296772371867,0.05935614461314098,-0.06898682311057769,target,target,GT30,2025,2025-07
300,OXY,small,2025-07-16,2025-07-17,2025-07-18,0.16254416961130783,0.41961130742049496,0.2570671378091871,0.021608925425719357,0.053940495116965706,2.691304347826081,0.42989473684210555,-2.2614096109839754,0.0341749853200235,True,0.058248327392381505,0.023277822819228744,-0.03497050457315276,target_gap,target_gap,GT30,2025,2025-07
300,LULU,small,2025-07-21,2025-07-22,2025-07-23,0.055037313432836146,0.1554726368159204,0.10043532338308427,0.007981241827118232,0.022222222222222223,9.901694915254168,2.8591999999999986,-7.04249491525417,0.014564639040447247,True,-0.008972764823792723,-0.0231995113554333,-0.014226746531640577,stop,stop,10_20,2025,2025-07
300,CRWD,small,2025-07-29,2025-07-30,2025-07-31,0.1378108664660222,0.17741169016315506,0.03960082369713286,0.01877995078357723,0.02404671934043282,3.353793103448287,2.3819642857142926,-0.9718288177339942,0.005396537581487726,True,-0.01976068046795132,-0.02502218488831831,-0.005261504420366991,stop,stop,10_20,2025,2025-07
300,SPOT,large,2025-07-29,2025-07-30,2025-07-31,0.15127111953260702,0.31870098426232935,0.16742986472972232,0.04613162118780098,0.09246957132603345,2.966388308977035,0.8826424442609431,-2.083745864716092,0.05105939004815396,True,0.1357080256019665,0.08053649142503194,-0.055171534176934545,target,target,GT30,2025,2025-07
300,CRWD,small,2025-07-30,2025-07-31,2025-08-01,0.17741169016315506,-0.08886424837636638,-0.2662759385395214,0.02404671934043282,-0.0124958235883729,2.3819642857142926,,,-0.03609154929577463,False,-0.02502218488831831,,,stop,,LE10,2025,2025-07
300,LUV,large,2025-07-30,2025-07-31,2025-08-01,0.15130830489192246,0.1262798634812286,-0.025028441410693852,0.043606557377049125,0.0366578599735799,2.965413533834592,3.7513513513513552,0.7859378175167633,-0.00721311475409836,True,-0.04456247286192949,-0.037620720683251285,0.006941752178678207,stop,stop,10_20,2025,2025-07
300,SPOT,large,2025-07-31,2025-08-01,2025-08-04,0.1460076846149798,0.35128164640244225,0.20527396178746246,0.044598070739549855,0.10096822995461424,3.1093727469358323,0.7080311657177107,-2.4013415812181216,0.06270096463022501,True,0.13753392274923648,0.0704177003782529,-0.06711622237098358,target,target,GT30,2025,2025-08
300,LUV,large,2025-08-01,2025-08-04,2025-08-05,0.09215017064846402,0.07736063708759952,-0.014789533560864501,0.027018012008005295,0.022780569514237844,5.511111111111122,6.755882352941181,1.2447712418300592,-0.00433622414943291,True,-0.027990507748127058,-0.02375730057919101,0.004233207168936048,stop,stop,LE10,2025,2025-08
300,LUV,large,2025-08-04,2025-08-05,2025-08-06,0.07736063708759952,0.08646188850966986,0.009101251422070342,0.022780569514237844,0.025392582692950152,6.755882352941181,5.939473684210546,-0.8164086687306353,0.0026800670016748906,True,-0.02375730057919101,-0.026366703050078488,-0.0026094024708874786,stop,stop,LE10,2025,2025-08
300,LUV,large,2025-08-05,2025-08-06,2025-08-07,0.08646188850966986,0.08646188850966986,0.0,0.025392582692950152,0.025392582692950152,5.939473684210546,5.939473684210546,0.0,0.0,True,-0.026366703050078488,-0.026366703050078488,0.0,stop,stop,LE10,2025,2025-08
300,LUV,large,2025-08-06,2025-08-07,2025-08-08,0.08646188850966986,0.08759954493742886,0.0011376564277589957,0.025392582692950152,0.025718102872411476,5.939473684210546,5.849350649350654,-0.09012303485989115,0.0003341129301703827,True,-0.026366703050078488,-0.026691897872039072,-0.0003251948219605838,stop,stop,LE10,2025,2025-08
300,DDOG,small,2025-08-07,2025-08-08,2025-08-11,0.13422074320576904,-0.2701053799223503,-0.40432612312811933,0.017717256021670808,-0.03766434648105163,3.4702479338842736,,,-0.05337140347023939,False,-0.018699047869725094,,,stop,,LE10,2025,2025-08
300,PWR,small,2025-08-19,2025-08-20,2025-08-21,0.12481857764876624,0.13425253991291686,0.009433962264150622,0.018298358998909532,0.01965419245172765,3.8069767441860507,3.4691891891892035,-0.3377875549968472,0.0013830155057314997,True,-0.019279570034392846,-0.020634048331335975,-0.001354478296943129,stop,stop,10_20,2025,2025-08
300,XYZ,small,2025-08-19,2025-08-20,2025-08-21,0.11683168316831617,0.1306930693069301,0.013861386138613915,0.016036966567001803,0.01790558871405308,4.135593220339017,3.590909090909117,-0.5446841294299003,0.0019026909486272725,True,-0.017020437864785798,0.06323357583281108,0.08025401369759688,stop,target,10_20,2025,2025-08
300,PWR,small,2025-08-20,2025-08-21,2025-08-22,0.13425253991291686,0.22369375907111724,0.08944121915820039,0.01965419245172765,0.03232487416107378,3.4691891891892035,1.6822384428223882,-1.7869507463668153,0.0130939417279754,True,-0.020634048331335975,-0.03329206569114762,-0.012658017359811646,stop,stop,20_30,2025,2025-08
300,XYZ,small,2025-08-20,2025-08-21,2025-08-22,0.1306930693069301,0.11386138613861307,-0.016831683168317013,0.01790558871405308,0.01563562202583265,3.590909090909117,4.269565217391346,0.6786561264822288,-0.002306022788931106,True,0.06323357583281108,0.06569108375791743,0.0024575079251063503,target,target,10_20,2025,2025-08
300,APO,small,2025-08-27,2025-08-28,2025-08-29,0.18645833333333262,0.21406249999999935,0.027604166666666735,0.026340960930027107,0.03012313104661379,2.2178770949720765,1.8029197080292025,-0.414957386942874,0.0038996394672945467,True,-0.027314133382870476,-0.03109252321948064,-0.003778389836610163,stop,stop,20_30,2025,2025-08
300,APO,small,2025-09-02,2025-09-03,2025-09-04,0.14218749999999955,0.055729166666666344,-0.0864583333333332,0.02021323856063964,0.008020989505247324,3.2197802197802288,9.766355140186969,6.54657492040674,-0.012290833703539117,True,-0.021192535673522528,-0.00901247277410755,0.012180062899414978,stop,stop,LE10,2025,2025-09
300,ARM,large,2025-09-02,2025-09-03,2025-09-04,0.16040707535740253,0.09946692512721078,-0.06094015023019175,0.04953236064347179,0.03130361840851024,2.740483383685798,5.032155907429979,2.2916725237441806,-0.01881780770669672,True,0.13460743627438054,0.15636774208312798,0.021760305808747438,target,target,LE10,2025,2025-09
300,ARM,large,2025-09-03,2025-09-04,2025-09-05,0.09946692512721078,0.2621759147080201,0.16270898958080932,0.03130361840851024,0.07849111352919835,5.032155907429979,1.2885397412199646,-3.743616166210014,0.05120677164753884,True,0.15636774208312798,0.10003833049017774,-0.05632941159295024,target,target,20_30,2025,2025-09
300,TXN,small,2025-09-04,2025-09-05,2025-09-08,0.14358174014826405,0.18532969176746003,0.04174795161919598,0.019670729099850365,0.025245814509699708,3.178804347826075,2.2374736842105234,-0.9413306636155516,0.0057194782980543035,True,-0.020650568451074824,-0.02622008156166411,-0.005569513110589286,stop,stop,10_20,2025,2025-09
300,TXN,small,2025-09-05,2025-09-08,2025-09-09,0.18532969176746003,0.028092079594225477,-0.15723761217323456,0.025245814509699708,0.00391049315663697,2.2374736842105234,20.358333333333345,18.12085964912282,-0.021419080520861056,True,-0.02622008156166411,-0.004906084867624894,0.021313996694039217,stop,stop,LE10,2025,2025-09
300,TXN,small,2025-09-08,2025-09-09,2025-09-10,0.028092079594225477,0.06632852126414315,0.03823644166991767,0.00391049315663697,0.009184224743381894,20.358333333333345,8.045882352941229,-12.312450980392116,0.0053226156854224715,True,-0.004906084867624894,-0.010174545358330955,-0.005268460490706062,stop,stop,LE10,2025,2025-09
300,SQQQ,small,2025-09-10,2025-09-11,2025-09-12,0.05676855895196465,0.004366812227073368,-0.052401746724891285,0.007719714964370487,0.0005980861244017949,9.569230769230842,136.4000000000272,126.83076923079636,-0.0071258907363420665,True,-0.008711499357209385,-0.0015969885870459333,0.007114510770163451,stop,stop,LE10,2025,2025-09
300,SQQQ,small,2025-09-11,2025-09-12,2025-09-15,0.004366812227073368,-0.12227074235807915,-0.12663755458515252,0.0005980861244017949,-0.01704199634814371,136.4000000000272,,,-0.01734449760765544,False,-0.0015969885870459333,,,stop,,LE10,2025,2025-09
300,DHR,small,2025-09-22,2025-09-23,2025-09-24,0.11594202898550755,0.06267136701919288,-0.05327066196631468,0.015578947368421095,0.008481764206955017,4.17499999999999,8.573750000000043,4.398750000000053,-0.007157894736842141,True,-0.016562876456508557,-0.009472786931385646,0.007090089525122911,stop,stop,LE10,2025,2025-09
300,DHR,small,2025-09-23,2025-09-24,2025-09-25,0.06267136701919288,-0.10223266745005817,-0.16490403446925106,0.008481764206955017,-0.014151710676137207,8.573750000000043,,,-0.022317642069550336,False,-0.009472786931385646,,,stop,,LE10,2025,2025-09
300,VST,small,2025-10-20,2025-10-21,2025-10-22,0.08257575757575782,-0.11931818181818094,-0.20189393939393874,0.011302364164247236,-0.016795521194348052,6.266055045871538,,,-0.027633761924512612,False,-0.012290567698315935,,,stop,,LE10,2025,2025-10
300,ETHA,large,2025-10-30,2025-10-31,2025-11-03,0.15188470066518825,0.04046563192904641,-0.11141906873614184,0.046998284734133706,0.012968555693728848,2.950364963503656,13.827397260274035,10.877032296770379,-0.03447684391080619,True,-0.04795081018667324,-0.013955093868947444,0.0339957163177258,stop,stop,LE10,2025,2025-10
300,LULU,large,2025-10-30,2025-10-31,2025-11-03,0.18641810918774956,0.2232920208952162,0.03687391170746662,0.05403800475059379,0.06404230317273783,2.2185714285714293,1.6870642201834904,-0.5315072083879389,0.010688836104512989,True,0.09712085762344502,0.07055053554303936,-0.02657032208040566,time,time,20_30,2025,2025-10
300,NVO,large,2025-10-30,2025-10-31,2025-11-03,0.057638888888888774,0.10347222222222188,0.04583333333333311,0.01702564102564099,0.030155838899008195,9.40963855421689,4.798657718120826,-4.610980836096064,0.0135384615384615,True,-0.018008124143056525,-0.031125198380368313,-0.013117074237311788,stop_gap,stop_gap,10_20,2025,2025-10
300,UAL,small,2025-10-30,2025-10-31,2025-11-03,0.04357459379615876,0.07902511078286513,0.03545051698670637,0.0063108353834633564,0.011386612748749528,12.769491525423973,6.592523364486025,-6.176968160937948,0.00513423895603804,True,-0.007304027951795633,-0.01237473207633688,-0.005070704124541248,stop,stop,LE10,2025,2025-10
300,ETHA,large,2025-10-31,2025-11-03,2025-11-04,0.04046563192904641,-0.14855875831485593,-0.18902439024390233,0.012968555693728848,-0.05068078668683812,13.827397260274035,,,-0.06057914372002127,False,-0.013955093868947444,,,stop,,LE10,2025,2025-11
300,FLUT,small,2025-10-31,2025-11-03,2025-11-04,0.043222003929272876,-0.28159790438768817,-0.32481990831696106,0.005690390998836027,-0.03873001576221569,12.881818181818241,,,-0.042764150536707235,False,-0.0066842037014858136,,,stop,,LE10,2025,2025-11
300,NVO,large,2025-10-31,2025-11-03,2025-11-04,0.10347222222222188,0.0,-0.10347222222222188,0.030155838899008195,0.0,4.798657718120826,,,-0.03015583889900819,False,-0.031125198380368313,,,stop_gap,,LE10,2025,2025-11
300,PM,small,2025-10-31,2025-11-03,2025-11-04,0.06100104275286699,0.17778936392075081,0.11678832116788382,0.00815331010452953,0.023397831755180433,8.835897435897525,2.3747800586510244,-6.4611173772465005,0.01560975609756099,True,-0.00914466111891754,0.054509667082199176,0.06365432820111672,stop,target,10_20,2025,2025-11
300,UAL,small,2025-10-31,2025-11-03,2025-11-04,0.07902511078286513,0.098966026587887,0.019940915805021872,0.011386612748749528,0.01421901528013571,6.592523364486025,5.062686567164225,-1.5298367973218001,0.0028732574225815988,True,-0.01237473207633688,-0.015204303620685145,-0.002829571544348264,stop,stop,LE10,2025,2025-11
300,LULU,large,2025-11-03,2025-11-04,2025-11-05,0.09792072108982898,0.03953702755300581,-0.05838369353682317,0.02913213066796685,0.011970476958382301,5.127405857740582,14.175647668393944,9.048241810653362,-0.017369575816674976,True,0.1103591000696631,0.12955275757891083,0.01919365750924773,time,time,LE10,2025,2025-11
300,NFLX,small,2025-11-03,2025-11-04,2025-11-05,0.0781580584940881,-0.011885500933416827,-0.09004355942750493,0.011418597039892309,-0.001759574017264168,6.676751592356709,,,-0.013155023819047984,False,-0.012406684399172696,,,stop,,LE10,2025,2025-11
300,PM,small,2025-11-03,2025-11-04,2025-11-05,0.17778936392075081,0.3055265901981226,0.1277372262773718,0.023397831755180433,0.039543828868344594,2.3747800586510244,0.9638225255972714,-1.410957533053753,0.016810758885686727,True,0.054509667082199176,0.037075638575880365,-0.01743402850631881,target,target,GT30,2025,2025-11
300,NFLX,small,2025-11-05,2025-11-06,2025-11-07,0.044679527069071835,0.04716863721219624,0.002489110143124404,0.006559593634087812,0.006922500867595689,12.428969359331761,11.720316622691396,-0.7086527366403654,0.0003654369712584593,True,-0.007552537568486506,-0.8989576929740029,-0.8914051554055163,stop,stop_gap,LE10,2025,2025-11
300,SPXU,large,2025-11-10,2025-11-11,2025-11-12,0.15342465753424628,0.07945205479452035,-0.07397260273972593,0.043818466353677525,0.023181454836131026,2.9107142857142936,6.551724137931055,3.6410098522167615,-0.021126760563380254,True,3.1202907935703514,3.2092179329999277,0.08892713942957631,target_gap,target_gap,LE10,2025,2025-11
300,TTD,large,2025-11-10,2025-11-11,2025-11-12,0.012949640287769765,0.12877697841726615,0.11582733812949639,0.004158964879852119,0.039875250612608576,45.333333333333385,3.6592178770949726,-41.67411545623841,0.03719963031423279,True,-0.00515430824329044,-0.040834895539532456,-0.03568058729624202,stop,stop,10_20,2025,2025-11
300,BABA,small,2025-11-11,2025-11-12,2025-11-13,0.0435555555555551,0.17777777777777778,0.1342222222222227,0.006087712759348924,0.024390243902439025,12.775510204081776,2.375,-10.400510204081776,0.01876009442166726,True,-0.007081128338799703,-0.025365366097439,-0.0182842377586393,stop,stop,10_20,2025,2025-11
300,SPXU,large,2025-11-11,2025-11-12,2025-11-13,0.07945205479452035,0.14520547945205467,0.06575342465753432,0.023181454836131026,0.04156862745098034,6.551724137931055,3.1320754716981174,-3.4196486662329377,0.01918465227817756,True,3.2092179329999277,3.129985595437576,-0.0792323375623516,target_gap,target_gap,10_20,2025,2025-11
300,TTD,large,2025-11-11,2025-11-12,2025-11-13,0.12877697841726615,0.0294964028776976,-0.09928057553956855,0.039875250612608576,0.009423121121581168,3.6592178770949726,19.341463414634305,15.682245537539332,-0.030741813321452538,True,-0.040834895539532456,-0.010413202959540513,0.030421692579991944,stop,stop,LE10,2025,2025-11
300,SPXU,large,2025-11-12,2025-11-13,2025-11-14,0.14520547945205467,0.3890410958904111,0.2438356164383564,0.04156862745098034,0.10410557184750732,3.1320754716981174,0.5422535211267603,-2.5898219505713573,0.06980392156862747,True,3.129985595437576,2.860507063183951,-0.26947853225362506,target_gap,target_gap,GT30,2025,2025-11
300,TNA,large,2025-11-18,2025-11-19,2025-11-20,0.08105939004815393,0.21910112359550535,0.13804173354735141,0.025563148569982232,0.06621392190152794,6.4019801980198165,1.7384615384615412,-4.663518659558275,0.04353328271323709,True,-0.026537098446473895,-0.06714724131991723,-0.04061014287344333,stop,stop,20_30,2025,2025-11
300,F,small,2025-11-20,2025-11-21,2025-11-24,0.17746478873239405,0.3633802816901405,0.18591549295774648,0.025179856115107875,0.05023364485981305,2.3809523809523845,0.6511627906976748,-1.7297895902547098,0.026378896882494063,True,0.05889261604209883,0.03167808619054968,-0.027214529851549152,target,target,GT30,2025,2025-11
300,LLY,small,2025-12-09,2025-12-10,2025-12-11,0.13081795648581657,0.29020930873037715,0.15939135224456058,0.019289340101522844,0.041809254575212,3.5865263157894742,1.0674733096085423,-2.5190530061809318,0.02350253807106606,True,0.06811307848613768,0.04358615514441877,-0.02452692334171891,target,target,20_30,2025,2025-12
300,BABA,large,2025-12-12,2025-12-15,2025-12-16,0.11872349921892426,0.024324927471545986,-0.09439857174737828,0.034730382556469465,0.007317891910036758,4.053759398496246,23.66605504587212,19.612295647375873,-0.027614571092832052,True,-0.03569516978030085,-0.008310077925118953,0.027385091855181898,stop,stop,LE10,2025,2025-12
300,BABA,large,2025-12-15,2025-12-16,2025-12-17,0.024324927471545986,0.06114706538718996,0.036822137915643975,0.007317891910036758,0.018193891102257508,23.66605504587212,8.812408759124155,-14.853646286747965,0.011077542799597273,True,-0.008310077925118953,-0.019175206553429636,-0.010865128628310683,stop,stop,LE10,2025,2025-12
300,VLO,small,2025-12-18,2025-12-19,2025-12-22,0.08394954327968708,0.19878207916485516,0.11483253588516808,0.011924621563175822,0.027782843941881095,6.147150259067338,2.018380743982483,-4.128769515084855,0.016311399443929675,True,0.10911584677231989,0.0913149723393516,-0.017800874432968294,target_gap,target_gap,10_20,2025,2025-12
300,VST,small,2025-12-22,2025-12-23,2025-12-24,0.13224637681159374,0.10597826086956545,-0.026268115942028283,0.01807266200408484,0.014535064289707456,3.536986301369879,4.6615384615384485,1.1245521601685695,-0.003589775329578382,True,0.06285936687532945,0.06668853907725314,0.003829172201923692,target,target,10_20,2025,2025-12
300,VST,small,2025-12-23,2025-12-24,2025-12-26,0.10597826086956545,0.13677536231883985,0.030797101449274403,0.014535064289707456,0.018680027215933582,4.6615384615384485,3.3867549668874406,-1.274783494651008,0.004223864836325086,True,0.06668853907725314,0.062201941646854664,-0.004486597430398476,target,target,10_20,2025,2025-12
300,VST,small,2025-12-24,2025-12-26,2025-12-29,0.13677536231883985,0.10643115942028968,-0.03034420289855018,0.018680027215933582,0.01459627329192543,3.3867549668874406,4.6374468085106475,1.250691841623207,-0.00414424444856798,True,0.062201941646854664,0.06662228513072654,0.00442034348387188,target,target,10_20,2025,2025-12
300,ARES,small,2025-12-30,2025-12-31,2026-01-02,0.16905311778290974,0.1450346420323332,-0.02401847575057653,0.022426470588235273,0.01930169658224745,2.5491803278688585,3.1369426751592187,0.5877623472903601,-0.0031862745098037992,True,0.05611247684981069,0.0594882974052684,0.003375820555457709,target,target,10_20,2025,2025-12
300,ARES,small,2025-12-31,2026-01-02,2026-01-05,0.1450346420323332,0.31408775981524295,0.16905311778290974,0.01930169658224745,0.04088012504508844,3.1369426751592187,0.9102941176470569,-2.2266485575121617,0.022498155888861504,True,0.0594882974052684,0.03617624276715792,-0.02331205463811048,target,target,GT30,2026,2026-01
300,LEN,large,2026-01-02,2026-01-05,2026-01-06,0.05441316039228091,0.05852578298006945,0.004112622587788536,0.01655916048907287,0.017788461538461482,10.026744186046516,9.25189189189192,-0.774852294154595,0.0012515644555695093,True,0.164869014419333,0.16341292815130903,-0.0014560862680239595,target,target,LE10,2026,2026-01
300,SNOW,large,2026-01-02,2026-01-05,2026-01-06,0.07844564110027631,0.19706010769902474,0.11861446659874843,0.024798711755233432,0.0600443458980044,6.648608534322839,2.044756277695718,-4.603852256627121,0.03749712445364617,True,-0.02577342568651242,-0.06098383180915068,-0.03521040612263826,stop,stop,10_20,2026,2026-01
300,TSLA,small,2026-01-02,2026-01-05,2026-01-06,0.1972938955317813,0.17495280050346138,-0.022341095028319935,0.028003573023671326,0.02491151037232852,2.041148325358849,2.4294964028776986,0.3883480775188497,-0.003171058508262603,True,-0.028975083695311765,-0.02588611156136167,0.0030889721339500964,stop,stop,10_20,2026,2026-01
300,LEN,large,2026-01-05,2026-01-06,2026-01-07,0.05852578298006945,0.14710534640936393,0.08857956342929449,0.017788461538461482,0.04353932584269655,9.25189189189192,3.0787096774193614,-6.173182214472559,0.026923076923076827,True,0.16341292815130903,0.13291146561550682,-0.030501462535802215,target,target,10_20,2026,2026-01
300,SNOW,large,2026-01-05,2026-01-06,2026-01-07,0.19706010769902474,0.3207684470964923,0.12370833939746759,0.0600443458980044,0.09418803418803415,2.044756277695718,0.8705081669691477,-1.1742481107265703,0.037694013303769314,True,-0.06098383180915068,-0.09509339347420298,-0.0341095616650523,stop,stop,GT30,2026,2026-01
300,LEN,large,2026-01-06,2026-01-07,2026-01-08,0.14710534640936393,0.031635558367605204,-0.11546978804175873,0.04353932584269655,0.009694619486185167,3.0787096774193614,17.965999999999994,14.887290322580633,-0.03417602996254676,True,0.13291146561550682,0.17299994694848397,0.040088481332977155,target,target,LE10,2026,2026-01
300,TZA,small,2026-01-06,2026-01-07,2026-01-08,0.03174603174603109,0.16931216931216864,0.13756613756613756,0.00451807228915653,0.02363367799113726,17.900000000000382,2.543750000000012,-15.35625000000037,0.01957831325301207,True,-0.005513056724649412,-0.024609556373954566,-0.019096499649305154,stop,stop,10_20,2026,2026-01
300,TZA,small,2026-01-07,2026-01-08,2026-01-09,0.16931216931216864,-0.2010582010582016,-0.37037037037037024,0.02363367799113726,-0.02959501557632405,2.543750000000012,,,-0.05169867060561295,False,-0.024609556373954566,,,stop,,LE10,2026,2026-01
300,GLW,small,2026-01-08,2026-01-09,2026-01-12,0.04083368779242906,-0.0042535091450444165,-0.04508719693747348,0.005625219735145951,-0.0005896226415094004,13.693749999999902,,,-0.006211180124223614,False,-0.007204472298012465,,,stop_gap,,LE10,2026,2026-01
300,DASH,small,2026-01-14,2026-01-15,2026-01-16,0.1844754790516395,0.10133160116921003,-0.08314387788242947,0.026568127601852187,0.014770629171992502,2.252464788732405,4.921153846153888,2.6686890574214828,-0.011974367369848915,True,-0.027541073001550287,-0.015755366174319274,0.011785706827231013,stop,stop,10_20,2026,2026-01
300,RCL,small,2026-01-14,2026-01-15,2026-01-16,0.13363746142492988,-0.007513752851200118,-0.14115121427613,0.017659574468085172,-0.0010117800101177015,3.4897590361445694,,,-0.018652482269503556,False,-0.01864142396886659,,,stop,,LE10,2026,2026-01
300,DASH,small,2026-01-15,2026-01-16,2026-01-20,0.10133160116921003,-0.22052614485222546,-0.32185774602143546,0.014770629171992502,-0.03372739916550775,4.921153846153888,,,-0.04691568432514315,False,-0.015755366174319274,,,stop,,LE10,2026,2026-01
300,WFC,small,2026-01-22,2026-01-23,2026-01-26,0.12494669509594902,0.09083155650319803,-0.03411513859275099,0.01674285714285718,0.012227324913892054,3.802047781569962,5.605633802816925,1.803586021246963,-0.004571428571428671,True,-0.01772562290283408,0.06747389795343461,0.0851995208562687,stop,target,LE10,2026,2026-01
300,WFC,small,2026-01-23,2026-01-26,2026-01-27,0.09083155650319803,0.1803837953091691,0.08955223880597106,0.012227324913892054,0.023993193420306397,5.605633802816925,2.326241134751764,-3.279392668065161,0.012055109070034487,True,0.06747389795343461,0.05475866717803912,-0.012715230775395492,target,target,10_20,2026,2026-01
300,WFC,small,2026-01-26,2026-01-27,2026-01-28,0.1803837953091691,0.22046908315565084,0.04008528784648174,0.023993193420306397,0.029169487700293477,2.326241134751764,1.7214700193423556,-0.6047711154094084,0.005331820760068107,True,0.05475866717803912,0.049164709001852325,-0.005593958176186797,target,target,20_30,2026,2026-01
300,VST,large,2026-01-30,2026-02-02,2026-02-03,0.17741594417424425,0.14506238105307698,-0.03235356312116727,0.053219156359023245,0.04394055854470928,2.3818831942789003,3.1361516034985377,0.7542684092196374,-0.009705042816365417,True,-0.05416546404881917,-0.04489614019533916,0.009269323853480005,stop,stop,10_20,2026,2026-02
300,VST,large,2026-02-02,2026-02-03,2026-02-04,0.14506238105307698,0.0831042503700572,-0.06195813068301978,0.04394055854470928,0.025654416084600867,3.1361516034985377,6.219847328244269,3.083695724745731,-0.01876761465539334,True,-0.04489614019533916,-0.02662827473918883,0.018267865456150334,stop,stop,LE10,2026,2026-02
300,VST,large,2026-02-03,2026-02-04,2026-02-05,0.0831042503700572,-0.1746669486149289,-0.2577711989849861,0.025654416084600867,-0.05858156028368788,6.219847328244269,,,-0.07957438475096279,False,-0.02662827473918883,,,stop,,LE10,2026,2026-02
300,DASH,large,2026-02-05,2026-02-06,2026-02-09,0.08353851565247976,-0.0133661625043966,-0.09690467815687635,0.02542962685368596,-0.004192409532215308,6.182315789473687,,,-0.02949836715027565,False,-0.026403710185166407,,,stop,,LE10,2026,2026-02
300,DASH,large,2026-02-09,2026-02-10,2026-02-11,0.0629616602180797,0.06278578965881149,-0.00017587055926820971,0.019286714793664544,0.01923387748504941,8.529608938547456,8.55630252100835,0.026693582460893595,-5.38735050101824e-05,True,-0.02026693796728396,-0.020214153469572005,5.278449771195515e-05,stop,stop,LE10,2026,2026-02
300,DASH,large,2026-02-10,2026-02-11,2026-02-12,0.06278578965881149,-0.09461836088638752,-0.15740415054519902,0.01923387748504941,-0.03045397939544886,8.55630252100835,,,-0.048219384731426174,False,-0.020214153469572005,,,stop,,LE10,2026,2026-02
300,DELL,large,2026-02-12,2026-02-13,2026-02-17,0.15641293013555788,0.1796514226128408,0.023238492477282935,0.045466354897375945,0.051870967741935496,2.8360000000000016,2.3398009950248766,-0.49619900497512504,0.006755001299038721,True,0.18847058673832762,0.18049633247892216,-0.007974254259405456,target_gap,target_gap,10_20,2026,2026-02
300,DELL,large,2026-02-17,2026-02-18,2026-02-19,0.1379413079100252,0.26039028750186194,0.12244897959183673,0.04031345232912491,0.07347007397444515,3.3496760259179332,1.3042334096109867,-2.0454426163069463,0.03578580757509786,True,0.1948863617821044,0.15360372100432662,-0.04128264077777777,target_gap,target_gap,20_30,2026,2026-02
300,AAL,large,2026-02-23,2026-02-24,2026-02-25,0.03653585926928275,0.11502029769959422,0.07848443843031147,0.010432766615146815,0.03212396069538932,15.422222222222251,4.216470588235286,-11.205751633986964,0.022411128284389514,True,-0.05195315788782562,-0.0727342300127336,-0.020781072124907984,stop_gap,stop_gap,10_20,2026,2026-02
300,MA,small,2026-02-24,2026-02-25,2026-02-26,0.17910030734842114,0.29267951941883175,0.1135792120704106,0.025496201423968804,0.041002054995596414,2.350078003120125,1.050023866348449,-1.300054136771676,0.016168807923312434,True,-0.02647021821414952,-0.04196057368125783,-0.015490355467108308,stop,stop,20_30,2026,2026-02
300,NVDL,large,2026-02-27,2026-03-02,2026-03-03,0.08299133606931111,0.2161422708618328,0.13315093479252169,0.0244065978275445,0.06116918312040257,6.229670329670357,1.7759493670886108,-4.453720962581746,0.03915783827276398,True,0.15089358901077854,0.10752529271562472,-0.04336829629515382,target,target,20_30,2026,2026-03
300,MCHP,large,2026-03-06,2026-03-09,2026-03-10,0.015422885572139422,0.09004975124378123,0.07462686567164181,0.004877281308999407,0.027820473409160808,37.90322580645133,5.662983425414358,-32.24024238103697,0.02359974826935174,True,-0.005871906714987385,-0.028792167088911635,-0.02292026037392425,stop,stop,LE10,2026,2026-03
300,B,large,2026-03-12,2026-03-13,2026-03-16,0.17042309213127732,-0.0035587188612101004,-0.1739818109924874,0.048755656108597306,-0.001071428571428612,2.520649651972154,,,-0.04977375565610864,False,-0.05072350702476813,,,stop_gap,,LE10,2026,2026-03
300,B,large,2026-03-16,2026-03-17,2026-03-18,0.11269276393831536,-0.07236061684460257,-0.18505338078291794,0.03278122843340228,-0.0222465353756382,4.324210526315798,,,-0.053830227743271175,False,-0.054775924667065934,,,stop_gap,,LE10,2026,2026-03
300,SMCI,small,2026-03-18,2026-03-19,2026-03-20,0.07553956834532408,-1.7182254196642692,-1.7937649880095934,0.010500000000000042,-0.3181616341030195,6.9428571428571075,,,-0.2493333333333333,False,-0.2500836248542395,,,stop_gap,,LE10,2026,2026-03
300,DHR,small,2026-03-19,2026-03-20,2026-03-23,0.15271659324522743,0.26835535976505137,0.11563876651982394,0.021954823728097934,0.03794839848414059,2.928846153846156,1.2358413132694925,-1.6930048405766633,0.016624445851805003,True,-0.022932380126170826,-0.03890996930024826,-0.015977589174077433,stop,stop,20_30,2026,2026-03
300,PDD,large,2026-03-19,2026-03-20,2026-03-23,0.003865073787772293,0.003865073787772293,0.0,0.0011340206185566951,0.0011340206185566951,154.2363636363644,154.2363636363644,0.0,0.0,True,-0.0021323874145400268,-0.0021323874145400268,0.0,stop,stop,LE10,2026,2026-03
300,BKNG,small,2026-03-27,2026-03-30,2026-03-31,0.06587209834238505,0.20699807873046436,0.1411259803880793,0.00973547054774312,0.029967922474496828,8.108560606060617,1.898577627772427,-6.20998297828819,0.02085750811289211,True,0.033006205619778406,0.011900483084406055,-0.02110572253537235,end,end,20_30,2026,2026-03
300,PDD,large,2026-03-27,2026-03-30,2026-03-31,0.10681658468025323,0.06043569922698522,-0.04638088545326802,0.030421294906434564,0.017442450055775265,4.617105263157881,8.92790697674419,4.310801713586309,-0.013209246472530856,True,0.021393786245074153,0.03506623120850083,0.013672444963426678,end,end,LE10,2026,2026-03
300,CAT,small,2026-03-30,2026-03-31,,0.17890057465033066,,,0.02426470588235294,,2.3538181818181796,,,,False,0.040723461798512606,,,end,,INVALID,2026,2026-03
300,IBIT,small,2026-03-30,2026-03-31,,0.12849162011173149,,,0.018244315177154885,,3.6695652173913214,,,,False,0.015377557123077867,,,end,,INVALID,2026,2026-03
300,KWEB,small,2026-03-30,2026-03-31,,0.02230971128608945,,,0.003063063063063094,,25.89411764705857,,,,False,-0.004059501780641184,,,stop,,INVALID,2026,2026-03
300,PDD,large,2026-03-30,2026-03-31,,0.06043569922698522,,,0.017442450055775265,,8.92790697674419,,,,False,0.03506623120850083,,,end,,INVALID,2026,2026-03
500,COP,large,2023-01-03,2023-01-04,2023-01-05,0.13866077068856597,0.21162349968414404,0.07296272899557807,0.03947131810825392,0.059015238263014205,3.3271070615034186,1.8352238805970151,-1.4918831809064035,0.020769645747167775,True,0.13019454128357544,0.10719842228097631,-0.022996119002599125,target,target,20_30,2023,2023-01
500,FANG,large,2023-01-04,2023-01-05,2023-01-06,0.039026862645717,0.17764825139381638,0.13862138874809937,0.0117530336564145,0.05135531135531129,14.374025974026047,2.3774607703281054,-11.99656520369794,0.04174616500038164,True,0.049091572659827554,0.012686440662452503,-0.03640513199737505,time,time,10_20,2023,2023-01
500,FANG,large,2023-01-05,2023-01-06,2023-01-09,0.17764825139381638,0.28763304612265583,0.10998479472883946,0.05135531135531129,0.08058790116444188,2.3774607703281054,1.0859911894273127,-1.2914695809007928,0.031794871794871726,True,0.012686440662452503,-0.02731511977609602,-0.04000156043854852,time,time,20_30,2023,2023-01
500,MRO,large,2023-01-05,2023-01-06,2023-01-09,0.11786600496277903,0.24689826302729545,0.1290322580645164,0.03610794374762445,0.07276051188299824,4.09052631578948,1.430150753768843,-2.6603755620206364,0.039528696313189116,True,0.2355559202534805,0.1885731722804045,-0.046982747973076,target_gap,target_gap,20_30,2023,2023-01
500,ANET,large,2023-01-19,2023-01-20,2023-01-23,0.15685131195335264,0.26588921282798805,0.10903790087463541,0.04808293860041108,0.07887226498313578,2.8252788104089244,1.2565789473684235,-1.568699863040501,0.0334256859415496,True,0.13471242750239876,0.09801066776133704,-0.03670175974106171,target,target,20_30,2023,2023-01
500,SYF,large,2023-01-19,2023-01-20,2023-01-23,0.19790104947526244,0.434782608695652,0.23688155922038956,0.06025562994522217,0.12347431166619353,2.0318181818181795,0.3799999999999999,-1.6518181818181796,0.07212416311625058,True,0.12130661692890632,0.045873841393240467,-0.07543277553566585,target,target,GT30,2023,2023-01
500,EQT,small,2023-01-30,2023-01-31,2023-02-01,0.17002237136465284,0.12751677852349003,-0.042505592841162815,0.02355858648481085,0.017773620205799822,2.528947368421065,3.705263157894738,1.1763157894736733,-0.0058896466212026155,True,-0.02453453992160748,-0.018755355717837707,0.005779184203769772,stop,stop,10_20,2023,2023-01
500,HAL,small,2023-02-02,2023-02-03,2023-02-06,0.0029211295034080923,0.03407984420642728,0.031158714703019192,0.00039164490861620286,0.004550182007280402,204.39999999999242,16.605714285713873,-187.79428571427854,0.004177545691906204,True,-0.0013907537093071909,-0.005545134349102199,-0.004154380639795008,stop,stop,LE10,2023,2023-02
500,HAL,small,2023-02-03,2023-02-06,2023-02-07,0.03407984420642728,0.0847127555988319,0.05063291139240462,0.004550182007280402,0.011234504132231465,16.605714285713873,6.082758620689624,-10.522955665024249,0.0067602704108162825,True,-0.005545134349102199,-0.012222775492419125,-0.006677641143316926,stop,stop,LE10,2023,2023-02
500,HAL,small,2023-02-06,2023-02-07,2023-02-08,0.0847127555988319,0.15871470301850127,0.07400194741966937,0.011234504132231465,0.020843989769821096,6.082758620689624,2.7803680981594905,-3.3023905225301338,0.009814049586776896,True,-0.012222775492419125,-0.021822656446712774,-0.00959988095429365,stop,stop,10_20,2023,2023-02
500,FSLR,small,2023-02-09,2023-02-10,2023-02-13,0.06092001657687522,0.19270617488603425,0.13178615830915902,0.009039478538925094,0.028045838359469274,8.848979591836748,2.113548387096772,-6.735431204739976,0.019554790308695225,True,-0.010029943827741694,-0.029017306786895958,-0.018987362959154264,stop,stop,10_20,2023,2023-02
500,FSLR,small,2023-02-10,2023-02-13,2023-02-14,0.19270617488603425,0.03439701616245273,-0.15830915872358153,0.028045838359469274,0.0051240893937522175,2.113548387096772,16.443373493976246,14.329825106879474,-0.023039806996381307,True,-0.029017306786895958,-0.0061184681149976106,0.022898838671898347,stop,stop,LE10,2023,2023-02
500,M,small,2023-02-10,2023-02-13,2023-02-14,0.04402515723270347,0.11006289308176034,0.06603773584905687,0.006340579710144793,0.015702108568864868,12.628571428571728,4.4514285714286075,-8.17714285714312,0.009510869565217517,True,-0.007333742549015088,-0.01668591455730173,-0.009352172008286641,stop,stop,10_20,2023,2023-02
500,M,small,2023-02-13,2023-02-14,2023-02-15,0.11006289308176034,0.11635220125786085,0.006289308176100503,0.015702108568864868,0.016584491259524763,4.4514285714286075,4.156756756756796,-0.2946718146718119,0.0008972633467922986,True,-0.01668591455730173,-0.01756741530624184,-0.0008815007489401117,stop,stop,10_20,2023,2023-02
500,M,small,2023-02-14,2023-02-15,2023-02-16,0.11635220125786085,0.13836477987421314,0.022012578616352294,0.016584491259524763,0.01966041108132251,4.156756756756796,3.336363636363661,-0.8203931203931347,0.003137606454504782,True,-0.01756741530624184,-0.020640260745409145,-0.0030728454391673043,stop,stop,10_20,2023,2023-02
500,GOLD,large,2023-02-22,2023-02-23,2023-02-24,0.15680166147455843,0.11526479750778808,-0.04153686396677035,0.04680719156850583,0.03483992467043313,2.8264900662251695,4.205405405405407,1.3789153391802373,-0.012399256044637319,True,0.13116832780138177,0.145370064496942,0.014201736695560241,target,target,10_20,2023,2023-02
500,COF,small,2023-02-23,2023-02-24,2023-02-27,0.01711026615969558,0.23510773130544974,0.21799746514575416,0.002510226850130123,0.033423423423423367,34.066666666667146,1.5520215633423196,-32.514645103324824,0.03198214949795464,True,-0.009172802962594373,-0.039879519699609456,-0.030706716737015083,stop_gap,stop_gap,20_30,2023,2023-02
500,GOLD,large,2023-02-23,2023-02-24,2023-02-27,0.11526479750778808,0.11734164070612656,0.0020768431983384794,0.03483992467043313,0.03544542032622331,4.205405405405407,4.1132743362831885,-0.09213106912221836,0.0006277463904582614,True,0.145370064496942,0.14465151364092144,-0.0007185508560205722,target,target,10_20,2023,2023-02
500,GOLD,large,2023-02-24,2023-02-27,2023-02-28,0.11734164070612656,0.12149532710280388,0.00415368639667732,0.03544542032622331,0.03665413533834592,4.1132743362831885,3.93846153846153,-0.1748127978216587,0.0012547051442912682,True,0.14465151364092144,0.14321711324788744,-0.0014344003930339966,target,target,10_20,2023,2023-02
500,TSM,small,2023-02-24,2023-02-27,2023-02-28,0.16545012165450174,0.03892944038929473,-0.126520681265207,0.022998872604284175,0.005508377323846729,2.626470588235281,14.412499999999865,11.786029411764584,-0.01758737316798198,True,-0.02397538547524436,-0.006502371949209995,0.017473013526034364,stop,stop,LE10,2023,2023-02
500,COF,small,2023-02-27,2023-02-28,2023-03-01,0.1362484157160959,0.1394169835234468,0.0031685678073509194,0.019645467836257233,0.020093159192620228,3.403720930232571,3.303636363636381,-0.1000845665961898,0.00045687134502925275,True,-0.026193591800590665,-0.02663829287292585,-0.0004447010723351852,stop_gap,stop_gap,10_20,2023,2023-02
500,GOLD,large,2023-02-27,2023-02-28,2023-03-01,0.12149532710280388,0.2191069574247143,0.09761163032191043,0.03665413533834592,0.06421180766889834,3.93846153846153,1.7383886255924172,-2.2000729128691123,0.029448621553884724,True,0.14321711324788744,0.11051400653903132,-0.03270310670885612,target,target,20_30,2023,2023-02
500,TSM,small,2023-02-27,2023-02-28,2023-03-01,0.03892944038929473,0.19302514193025222,0.15409570154095747,0.005508377323846729,0.026729559748427778,14.412499999999865,2.1084033613445237,-12.304096638655341,0.021803993573559888,True,-0.006502371949209995,-0.02770234379665515,-0.021199971847445154,stop,stop,10_20,2023,2023-02
500,COF,small,2023-02-28,2023-03-01,2023-03-02,0.1394169835234468,-0.03865652724968314,-0.17807351077312994,0.020093159192620228,-0.005718035245594295,3.303636363636381,,,-0.025664444241483175,False,-0.02663829287292585,,,stop_gap,,LE10,2023,2023-03
500,GM,small,2023-02-28,2023-03-01,2023-03-02,0.06249999999999967,0.01041666666666661,-0.05208333333333306,0.00853154084798341,0.0014321051946361077,8.600000000000048,56.600000000000286,48.00000000000024,-0.007109617373319499,True,-0.009522513820649059,-0.002430174055011225,0.007092339765637834,stop,stop,LE10,2023,2023-03
500,SSO,small,2023-02-28,2023-03-01,2023-03-02,0.062200956937799104,-0.04625199362041452,-0.10845295055821362,0.008320887561339889,-0.006278415241394223,8.646153846153833,,,-0.014508214209515646,False,-0.009312071082018036,,,stop,,LE10,2023,2023-03
500,GM,small,2023-03-01,2023-03-02,2023-03-03,0.01041666666666661,0.38636363636363613,0.3759469696969695,0.0014321051946361077,0.050507551374102476,56.600000000000286,0.5529411764705885,-56.047058823529696,0.051685978388230636,True,-0.002430174055011225,-0.05145656931375853,-0.0490263952587473,stop,stop,GT30,2023,2023-03
500,GOLD,large,2023-03-01,2023-03-02,2023-03-03,0.16926272066459006,0.24610591900311493,0.07684319833852488,0.05033971587399637,0.07155797101449268,2.5447852760736134,1.437974683544306,-1.1068105925293075,0.022853613341568657,True,0.1269762277601163,0.10179620334760187,-0.025180024412514435,target,target,20_30,2023,2023-03
500,KEY,small,2023-03-02,2023-03-03,2023-03-06,0.13545816733067714,0.21513944223107523,0.07968127490039809,0.01875344732487589,0.029459901800327287,3.4294117647058853,1.7888888888888939,-1.6405228758169914,0.01103143960286812,True,-0.019734203499463643,-0.030429956870991592,-0.01069575337152795,stop,stop,20_30,2023,2023-03
500,LLY,small,2023-03-02,2023-03-03,2023-03-06,0.16094276094276125,0.17373737373737388,0.012794612794612636,0.0226633372317224,0.02442102606171518,2.7280334728033413,2.4534883720930214,-0.2745451007103199,0.0018016878970825712,True,0.060765046878842766,0.058857316467026966,-0.0019077304118158,target,target,10_20,2023,2023-03
500,KEY,small,2023-03-06,2023-03-07,2023-03-08,0.023904382470120413,-0.11155378486055674,-0.13545816733067714,0.0033613445378152533,-0.015990862364363083,24.099999999999053,,,-0.01904761904761909,False,-0.004357485122984728,,,stop,,LE10,2023,2023-03
500,IQV,small,2023-03-07,2023-03-08,2023-03-09,0.17232970248740082,0.19118842464639885,0.01885872215899803,0.024994105163876495,0.02765367069557445,2.4816981132075404,2.138265306122452,-0.3434328070850885,0.0027352039613297574,True,-0.025968623799394797,-0.028625531094679246,-0.0026569072952844497,stop,stop,10_20,2023,2023-03
500,LLY,small,2023-03-07,2023-03-08,2023-03-09,0.029180695847362763,0.06980920314253676,0.040628507295174,0.0041867954911433535,0.009958054497134302,19.561538461538298,7.594855305466206,-11.966683156072092,0.005829307568437914,True,0.0808188015493061,0.07455489059287101,-0.0062639109564350814,target,target,LE10,2023,2023-03
500,IQV,small,2023-03-08,2023-03-09,2023-03-10,0.19118842464639885,-0.1427410177206954,-0.3339294423670942,0.02765367069557445,-0.021694010674046187,2.138265306122452,,,-0.04829986361284855,False,-0.028625531094679246,,,stop,,LE10,2023,2023-03
500,PYPL,small,2023-03-13,2023-03-14,2023-03-15,0.11035818005808333,-0.040658276863504525,-0.15101645692158785,0.015478615071283102,-0.005826050769871018,4.43684210526315,,,-0.02118126272912424,False,-0.0221595923016088,,,stop_gap,,LE10,2023,2023-03
500,EQT,large,2023-03-22,2023-03-23,2023-03-24,0.19349411104879388,0.11946158160403825,-0.07403252944475563,0.05782769024472001,0.03651011312992805,2.1008695652173954,4.022535211267599,1.921665646050204,-0.022125377137110158,True,0.12036750649147465,0.1457169255619022,0.025349419070427537,target,target,10_20,2023,2023-03
500,EQT,large,2023-03-23,2023-03-24,2023-03-27,0.11946158160403825,0.2966909702748176,0.17722938867077936,0.03651011312992805,0.08601626016260161,4.022535211267599,1.0223062381852557,-3.0002289730823435,0.05416523825848474,True,0.1457169255619022,0.08684756808587601,-0.058869357476026174,target,target,20_30,2023,2023-03
500,ZM,large,2023-03-27,2023-03-28,2023-03-29,0.19806295399515694,0.25375302663438243,0.055690072639225485,0.05964707598074945,0.0751577739529546,2.029339853300742,1.3645038167938954,-0.6648360365068464,0.016771182732973733,True,-0.06058695896327737,-0.07608215398898355,-0.015495195025706177,stop,stop,20_30,2023,2023-03
500,BX,large,2023-04-04,2023-04-05,2023-04-06,0.12755716004813503,0.1656638588046528,0.03810669875651779,0.03960642670320098,0.0508370260955194,3.70377358490565,2.621791767554483,-1.081981817351167,0.011832108606302016,True,0.14554711683889043,0.13215137876655003,-0.013395738072340402,target,target,10_20,2023,2023-04
500,BX,large,2023-04-05,2023-04-06,2023-04-10,0.1656638588046528,0.17890092258323276,0.013237063778579944,0.0508370260955194,0.054676964570307636,2.621791767554483,2.3538116591928295,-0.26798010836165354,0.004062038404726742,True,0.13215137876655003,0.1275711414857732,-0.004580237280776833,target,target,10_20,2023,2023-04
500,ROK,small,2023-04-05,2023-04-06,2023-04-10,0.0446302250803862,0.01607717041800643,-0.02855305466237977,0.006374458079212336,0.0023056775002766815,12.44380403458202,36.31999999999998,23.87619596541796,-0.0040781835550004475,True,-0.007367587056644309,-0.0033028732249140713,0.004064713831730238,stop,stop,LE10,2023,2023-04
500,RCL,large,2023-04-06,2023-04-10,2023-04-11,0.12324141812042759,0.22791221159257163,0.10467079347214404,0.03606719367588929,0.06471716203259822,3.868493150684933,1.6325925925925926,-2.2359005580923403,0.03063241106719361,True,0.20432866570667274,0.16853366221970534,-0.0357950034869674,target_gap,target_gap,20_30,2023,2023-04
500,BX,large,2023-04-10,2023-04-11,2023-04-12,0.19574809466506193,0.30084235860409136,0.10509426393902943,0.0595194535919014,0.0886420044911949,2.065163934426232,0.9943999999999997,-1.0707639344262323,0.03195511647761928,True,0.12179507270392143,0.08705800745768233,-0.034737065246239096,target,target,GT30,2023,2023-04
500,SPXS,large,2023-04-10,2023-04-11,2023-04-12,0.13779527559055108,0.09645669291338556,-0.04133858267716552,0.03959276018099544,0.028048082427017656,3.354285714285716,5.220408163265322,1.8661224489796062,-0.011877828054298711,True,-0.04055268745717622,-0.029019548611498136,0.011533138845678081,stop,stop,LE10,2023,2023-04
500,SPXU,large,2023-04-10,2023-04-11,2023-04-12,0.16321243523316079,0.11658031088082925,-0.046632124352331536,0.046735905044510445,0.033834586466165495,2.676190476190473,4.146666666666655,1.470476190476182,-0.013353115727002929,True,-0.04768869274561527,-0.034800269038413156,0.012888423707202112,stop,stop,10_20,2023,2023-04
500,SPXS,large,2023-04-11,2023-04-12,2023-04-13,0.09645669291338556,0.16732283464566894,0.07086614173228338,0.028048082427017656,0.04767246214245642,5.220408163265322,2.585882352941183,-2.634525810324139,0.020606754436176322,True,-0.029019548611498136,-0.04862431375450771,-0.019604765143009573,stop,stop,10_20,2023,2023-04
500,SPXU,large,2023-04-11,2023-04-12,2023-04-13,0.11658031088082925,0.19170984455958548,0.07512953367875623,0.033834586466165495,0.054451802796173676,4.146666666666655,2.1297297297297297,-2.016936936936925,0.021804511278195493,True,-0.034800269038413156,-0.05539687845554775,-0.020596609417134593,stop,stop,10_20,2023,2023-04
500,RCL,large,2023-04-12,2023-04-13,2023-04-14,0.1992121553179516,0.18739448508722562,-0.011817670230725996,0.05703238279362009,0.05383123181377301,2.0118644067796594,2.201801801801801,0.1899373950221417,-0.003383276945384206,True,0.17813495378941768,0.1821344419933586,0.003999488203940915,target_gap,target_gap,10_20,2023,2023-04
500,SPXS,large,2023-04-12,2023-04-13,2023-04-14,0.16732283464566894,0.07874015748031471,-0.08858267716535423,0.04767246214245642,0.023014959723820404,2.585882352941183,6.620000000000022,4.034117647058839,-0.025238362310712192,True,-0.04862431375450771,-0.02399145651570045,0.02463285723880726,stop,stop,LE10,2023,2023-04
500,RCL,large,2023-04-13,2023-04-14,2023-04-17,0.18739448508722562,0.1851435002813731,-0.0022509848058525073,0.05383123181377301,0.053219022969912634,2.201801801801801,2.240729483282673,0.03892768148087189,-0.0006466214031684014,True,0.1821344419933586,0.18289933001794179,0.0007648880245831879,target_gap,target_gap,10_20,2023,2023-04
500,SPXS,large,2023-04-13,2023-04-14,2023-04-17,0.07874015748031471,0.0905511811023624,0.011811023622047695,0.023014959723820404,0.026376146788990872,6.620000000000022,5.626086956521723,-0.9939130434782992,0.0034522439585731313,True,-0.02399145651570045,-0.02734928407355952,-0.003357827557859072,stop,stop,LE10,2023,2023-04
500,SPXU,large,2023-04-13,2023-04-14,2023-04-17,0.09844559585492245,0.10880829015544036,0.010362694300517908,0.02872260015117164,0.03165033911077618,5.094736842105252,4.514285714285718,-0.5804511278195346,0.003023431594860071,True,-0.02969339215501854,-0.0326182048388014,-0.0029248126837828625,stop,stop,10_20,2023,2023-04
500,RCL,large,2023-04-14,2023-04-17,2023-04-18,0.1851435002813731,0.2673044456949916,0.08216094541361851,0.053219022969912634,0.07506321112515803,2.240729483282673,1.2446315789473668,-0.9960979043353062,0.023616952442575334,True,0.18289933001794179,0.15560740489426617,-0.02729192512367562,target_gap,target_gap,20_30,2023,2023-04
500,SPXS,large,2023-04-14,2023-04-17,2023-04-18,0.0905511811023624,0.011811023622046996,-0.0787401574803154,0.026376146788990872,0.0035211267605633053,5.626086956521723,49.800000000001056,44.17391304347933,-0.022935779816513846,True,-0.02734928407355952,-0.004517107643361329,0.022832176430198192,stop,stop,LE10,2023,2023-04
500,SPXU,large,2023-04-14,2023-04-17,2023-04-18,0.10880829015544036,0.03367875647668413,-0.07512953367875623,0.03165033911077618,0.010015408320493127,4.514285714285718,16.815384615384513,12.301098901098795,-0.021853805576488305,True,-0.0326182048388014,-0.011004898167249255,0.021613306671552146,stop,stop,LE10,2023,2023-04
500,WBD,small,2023-04-14,2023-04-17,2023-04-18,0.12030075187969941,0.5162907268170425,0.39598997493734306,0.0173913043478261,0.07059629883481833,3.9874999999999923,0.16213592233009702,-3.8253640776698954,0.05724637681159406,True,-0.018373421984659744,-0.07152523806636757,-0.053151816081707826,stop,stop,GT30,2023,2023-04
500,SPXS,large,2023-04-17,2023-04-18,2023-04-19,0.011811023622046996,0.09645669291338556,0.08464566929133856,0.0035211267605633053,0.028048082427017656,49.800000000001056,5.220408163265322,-44.57959183673573,0.025234741784037507,True,-0.004517107643361329,-0.029019548611498136,-0.024502440968136807,stop,stop,LE10,2023,2023-04
500,SPXU,large,2023-04-17,2023-04-18,2023-04-19,0.03367875647668413,0.11917098445595874,0.08549222797927461,0.010015408320493127,0.03456048084147264,16.815384615384513,4.034782608695645,-12.780602006688868,0.025423728813559254,True,-0.011004898167249255,-0.03552543788211071,-0.024520539714861456,stop,stop,10_20,2023,2023-04
500,SPXS,large,2023-04-18,2023-04-19,2023-04-20,0.09645669291338556,0.1259842519685041,0.029527559055118544,0.028048082427017656,0.036322360953462,5.220408163265322,3.7624999999999935,-1.4579081632653286,0.008586147681740153,True,-0.029019548611498136,-0.03728555699448799,-0.008266008382989853,stop,stop,10_20,2023,2023-04
500,SE,small,2023-04-20,2023-04-21,2023-04-24,0.043478260869565105,0.10823311748381143,0.06475485661424632,0.005990313535559507,0.014780192016169804,12.800000000000042,4.543589743589739,-8.256410256410302,0.008921743563599316,True,-0.00698382646555884,-0.030277938342602284,-0.023294111877043444,stop,stop_gap,10_20,2023,2023-04
500,SE,small,2023-04-21,2023-04-24,2023-04-25,0.10823311748381143,-0.10638297872340344,-0.21461609620721486,0.014780192016169804,-0.014966163456532944,4.543589743589739,,,-0.029307731177362184,False,-0.030277938342602284,,,stop_gap,,LE10,2023,2023-04
500,SNAP,large,2023-04-21,2023-04-24,2023-04-25,0.11371237458193974,0.1705685618729096,0.056856187290969876,0.0339321357285429,0.050049067713444535,4.276470588235298,2.5176470588235316,-1.758823529411766,0.01696606786427135,True,-0.1385863954250417,-0.15295737803325993,-0.01437098260821823,stop_gap,stop_gap,10_20,2023,2023-04
500,SNAP,large,2023-04-24,2023-04-25,2023-04-26,0.1705685618729096,0.24080267558528448,0.07023411371237487,0.050049067713444535,0.06923076923076929,2.5176470588235316,1.4916666666666651,-1.0259803921568664,0.02060843964671255,True,-0.15295737803325993,-0.17006112328451162,-0.01710374525125169,stop_gap,stop_gap,20_30,2023,2023-04
500,UBER,large,2023-04-25,2023-04-26,2023-04-27,0.10250569476081992,0.14464692482915717,0.042141230068337254,0.030303030303030255,0.04223478550049882,4.853333333333339,3.1480314960629916,-1.7053018372703472,0.012457912457912501,True,0.1779460438131104,0.1634518623627994,-0.014494181450311006,target_gap,target_gap,10_20,2023,2023-04
500,NUE,large,2023-04-26,2023-04-27,2023-04-28,0.14511691884456698,0.18294360385144404,0.03782668500687705,0.04354705558613107,0.05428202163118149,3.1345971563980957,2.2796992481203047,-0.854897908277791,0.011351128233351604,True,-0.04450303054306637,-0.0552272669868723,-0.010724236443805935,stop,stop,10_20,2023,2023-04
500,SNAP,large,2023-04-26,2023-04-27,2023-04-28,0.15384615384615413,-0.34782608695652145,-0.5016722408026756,0.04536489151873775,-0.12037037037037027,2.8999999999999937,,,-0.14792899408284022,False,-0.1487806392661657,,,stop_gap,,LE10,2023,2023-04
500,UBER,large,2023-04-26,2023-04-27,2023-04-28,0.14464692482915717,0.09339407744874721,-0.05125284738040996,0.04223478550049882,0.027683997299122222,3.1480314960629916,5.424390243902434,2.2763587478394425,-0.014965081476554731,True,0.1634518623627994,0.18112753211510402,0.017675669752304612,target_gap,target_gap,LE10,2023,2023-04
500,SLB,small,2023-04-27,2023-04-28,2023-05-01,0.07764705882352901,0.22039215686274527,0.14274509803921626,0.010327561026496922,0.02876740376740379,6.727272727272773,1.7224199288256223,-5.004852798447151,0.01898602128103488,True,-0.011316738876545274,-0.02973815099002497,-0.018421412113479696,stop,stop,20_30,2023,2023-04
500,UBER,large,2023-04-27,2023-04-28,2023-05-01,0.09339407744874721,0.36446469248291574,0.2710706150341685,0.027683997299122222,0.09999999999999998,5.424390243902434,0.6462499999999994,-4.778140243902435,0.08035111411208629,True,0.18112753211510402,0.09328117191404317,-0.08784636020106085,target_gap,target_gap,GT30,2023,2023-04
500,SDOW,small,2023-04-28,2023-05-01,2023-05-02,0.005633802816902288,0.07323943661971874,0.06760563380281645,0.0008130081300814279,0.010466988727858357,105.4999999999833,7.192307692307639,-98.30769230767567,0.009756097560975618,True,-0.0018116957781273424,0.07420705911134617,0.07601875488947352,stop,target,LE10,2023,2023-05
500,SDOW,small,2023-05-01,2023-05-02,2023-05-03,0.07323943661971874,0.2507042253521128,0.17746478873239405,0.010466988727858357,0.03494307027875935,7.192307692307639,1.3932584269662893,-5.79904926534135,0.0253623188405796,True,0.07420705911134617,0.0476365664831504,-0.026570492628195774,target,target,20_30,2023,2023-05
500,DFS,large,2023-05-02,2023-05-03,2023-05-04,0.16910016977928705,0.13853989813242826,-0.03056027164685879,0.052179379715004234,0.04315633594245835,2.548192771084335,3.3308823529411633,0.7826895818568285,-0.009430008382229627,True,0.07509787645992594,0.11344068816025676,0.038342811700330826,time,time,10_20,2023,2023-05
500,NUE,large,2023-05-02,2023-05-03,2023-05-04,0.18982118294360387,0.1359468133883541,-0.05387436955524977,0.056207996741565416,0.040907836644591654,2.1608695652173906,3.4134907251264703,1.2526211599090797,-0.015952752698391137,True,-0.057151317084652264,-0.04186644950151852,0.015284867583133743,stop,stop,10_20,2023,2023-05
500,BKR,small,2023-05-03,2023-05-04,2023-05-05,0.1645885286783042,0.3167082294264337,0.15211970074812947,0.02402621041135785,0.045227920227920215,2.6454545454545486,0.8944881889763805,-1.7509663564781681,0.022206042955951855,True,0.04009516901541965,0.04311590643424745,0.0030207374188278013,time,target_gap,GT30,2023,2023-05
500,NUE,large,2023-05-03,2023-05-04,2023-05-05,0.1359468133883541,0.07679963319578162,-0.05914718019257248,0.040907836644591654,0.02352858547548809,3.4134907251264703,6.812537313432848,3.399046588306378,-0.017798013245033162,True,-0.04186644950151852,-0.024504568898301216,0.017361880603217306,stop,stop,LE10,2023,2023-05
500,UPS,small,2023-05-03,2023-05-04,2023-05-05,0.09445745511319342,0.11885245901639405,0.024395003903200624,0.013864222285878062,0.017382617382617472,5.352066115702444,4.048275862068944,-1.3037902536335002,0.003580635920939601,True,-0.014849865242113847,-0.01836474370207497,-0.003514878459961124,stop,stop,10_20,2023,2023-05
500,MTCH,small,2023-05-04,2023-05-05,2023-05-08,0.19913885898816008,0.03767491926803103,-0.16146393972012907,0.02723792697290943,0.005269497139415967,2.012972972972958,14.925714285713891,12.912741312740932,-0.022084805653710293,True,-0.02821020290796883,-0.0062637305255833775,0.02194647238238545,stop,stop,LE10,2023,2023-05
500,UPS,small,2023-05-04,2023-05-05,2023-05-08,0.11885245901639405,0.1475409836065574,0.028688524590163356,0.017382617382617472,0.0214882610425786,4.048275862068944,3.066666666666669,-0.9816091954022745,0.00419580419580412,True,-0.01836474370207497,-0.022466283770172124,-0.004101540068097154,stop,stop,10_20,2023,2023-05
500,MTCH,small,2023-05-05,2023-05-08,2023-05-09,0.03767491926803103,-0.20559741657696398,-0.24327233584499502,0.005269497139415967,-0.02976932668329172,14.925714285713891,,,-0.03402589581451376,False,-0.0062637305255833775,,,stop,,LE10,2023,2023-05
500,BAX,small,2023-05-09,2023-05-10,2023-05-11,0.16496598639455776,0.2482993197278915,0.08333333333333373,0.02239150507848566,0.03332572472038349,2.6371134020618587,1.4164383561643812,-1.2206750458974776,0.011311172668513336,True,-0.023368625013439615,-0.03429191590007319,-0.010923290886633574,stop,stop,20_30,2023,2023-05
500,DD,small,2023-05-10,2023-05-11,2023-05-12,0.08743169398907145,0.14863387978142062,0.061202185792349165,0.012578616352201324,0.02119700748129675,5.862499999999975,3.0367647058823612,-2.8257352941176137,0.008805031446540879,True,0.07266893282918319,0.06330648578453957,-0.009362447044643618,target,target,10_20,2023,2023-05
500,BAX,small,2023-05-11,2023-05-12,2023-05-15,0.18367346938775495,0.03741496598639439,-0.14625850340136054,0.024867603039373666,0.005167958656330723,2.2666666666666706,15.036363636363713,12.769696969697042,-0.01980198019801982,True,-0.025842248113797095,-0.00616229353023745,0.019679954583559645,stop,stop,LE10,2023,2023-05
500,INTC,small,2023-05-11,2023-05-12,2023-05-15,0.1283292978208227,0.09443099273607679,-0.03389830508474591,0.018250688705234077,0.013494809688581213,3.675471698113225,5.353846153846197,1.678374455732972,-0.004820936639118423,True,-0.02817616673756773,-0.02346836962141763,0.004707797116150103,stop_gap,stop_gap,LE10,2023,2023-05
500,INTC,small,2023-05-12,2023-05-15,2023-05-16,0.09443099273607679,0.27118644067796555,0.17675544794188874,0.013494809688581213,0.037799527505906094,5.353846153846197,1.2125000000000032,-4.141346153846194,0.02525951557093431,True,-0.02346836962141763,-0.04752736692740356,-0.02405899730598593,stop_gap,stop_gap,20_30,2023,2023-05
500,TECK,small,2023-05-18,2023-05-19,2023-05-22,0.05444355484387453,-0.028823058446757373,-0.0832666132906319,0.007969995311767378,-0.004271476032273368,10.020588235294237,,,-0.012189404594467823,False,-0.00896152954933671,,,stop,,LE10,2023,2023-05
500,BABA,large,2023-05-23,2023-05-24,2023-05-25,0.10722843450479246,0.04432907348242811,-0.06289936102236435,0.032678147629769394,0.013773421019977658,4.595530726256973,12.53513513513513,7.939604408878157,-0.0191687458163452,True,-0.03364498606292299,-0.014759154732101543,0.018885831330821445,stop,stop,LE10,2023,2023-05
500,SWAV,small,2023-05-23,2023-05-24,2023-05-25,0.06833541927409309,0.3339173967459333,0.2655819774718402,0.01007863550780824,0.04739235469660378,7.780219780219712,0.796851574212887,-6.9833682060068245,0.039170081588954186,True,0.07733612427366987,0.036727426396223395,-0.040608697877446476,target,target,GT30,2023,2023-05
500,BABA,large,2023-05-24,2023-05-25,2023-05-26,0.04432907348242811,0.016773162939297197,-0.02755591054313091,0.013773421019977658,0.005256570713391761,12.53513513513513,34.771428571428395,22.236293436293266,-0.008561856309715843,True,-0.014759154732101543,-0.006250817019525123,0.00850833771257642,stop,stop,LE10,2023,2023-05
500,ROKU,large,2023-05-25,2023-05-26,2023-05-30,0.1622754491017965,0.3497005988023955,0.187425149700599,0.04985283296541576,0.10158288397982264,2.697416974169739,0.7157534246575326,-1.9816635495122066,0.05757910228108898,True,0.13333997092697225,0.07163612488415749,-0.06170384604281476,target,target,GT30,2023,2023-05
500,BABA,large,2023-05-26,2023-05-30,2023-05-31,0.025559105431309934,0.003993610223641947,-0.021565495207667987,0.007988017973040445,0.001256597134958461,22.47499999999996,149.2400000000084,126.76500000000843,-0.00673989016475296,True,-0.008979534196955297,-0.0022548414156829955,0.006724692781272301,stop,stop,LE10,2023,2023-05
500,T,small,2023-06-02,2023-06-05,2023-06-06,0.16438356164383527,0.2100456621004569,0.04566210045662161,0.023437499999999965,0.02975420439844766,2.6500000000000057,1.8565217391304296,-0.7934782608695761,0.006510416666666741,True,0.047779821026986635,0.03906390918382985,-0.008715911843156787,time,time,20_30,2023,2023-06
500,CRWD,small,2023-06-21,2023-06-22,2023-06-23,0.008559919436053161,0.06344410876133023,0.05488418932527707,0.0011924803591471375,0.008771319178559132,69.09411764705224,8.45714285714271,-60.63697478990953,0.007645903479236882,True,-0.0021907887246052082,-0.009762052492723328,-0.007571263768118119,stop,stop,LE10,2023,2023-06
500,DDOG,small,2023-06-21,2023-06-22,2023-06-23,0.057031250000000325,0.15625000000000003,0.0992187499999997,0.007958138013736007,0.021505376344086023,9.520547945205413,2.8399999999999963,-6.680547945205417,0.013844979832115856,True,-0.008949684102677602,0.06001472382088524,0.06896440792356284,stop,target,10_20,2023,2023-06
500,CRWD,small,2023-06-22,2023-06-23,2023-06-26,0.06344410876133023,0.03272910372608284,-0.030715005035247392,0.008771319178559132,0.004544183445190197,8.45714285714271,17.332307692307527,8.875164835164817,-0.004246432300731073,True,-0.009762052492723328,-0.005539141782576196,0.004222910710147132,stop,stop,LE10,2023,2023-06
500,TFC,small,2023-06-23,2023-06-26,2023-06-27,0.15081206496519692,0.13457076566125253,-0.016241299303944384,0.02160186108341637,0.019320453031312402,2.9784615384615503,3.458620689655189,0.48015915119363894,-0.0023263542705217466,True,0.06327650398795304,0.0657558296135079,0.0024793256255548624,target,target,10_20,2023,2023-06
500,KWEB,small,2023-07-06,2023-07-07,2023-07-10,0.08724832214765078,0.1758389261744969,0.08859060402684611,0.012140455734030605,0.024169741697417015,5.876923076923091,2.4122137404580086,-3.464709336465082,0.012327231976092756,True,0.07886083107120334,0.06572341135705217,-0.013137419714151166,target_gap,target_gap,10_20,2023,2023-07
500,QID,small,2023-07-14,2023-07-17,2023-07-18,0.11428571428571388,0.04000000000000016,-0.07428571428571372,0.015948963317384313,0.005640612409347323,4.250000000000023,13.99999999999995,9.749999999999927,-0.010366826156299802,True,-0.016932522574438225,-0.006634474865709672,0.010298047708728553,stop,stop,LE10,2023,2023-07
500,SPXS,small,2023-07-14,2023-07-17,2023-07-18,0.11827956989247254,0.048387096774193485,-0.06989247311827906,0.016260162601625935,0.006716417910447751,4.072727272727296,11.400000000000015,7.327272727272718,-0.009608277900960749,True,-0.017243410814917537,-0.007709205098942795,0.009534205715974742,stop,stop,LE10,2023,2023-07
500,SPXU,small,2023-07-14,2023-07-17,2023-07-18,0.12056737588652476,0.04964539007092218,-0.07092198581560258,0.016488845780795337,0.006856023506366334,3.976470588235297,11.08571428571424,7.109243697478942,-0.009699321047526688,True,-0.017471865425192412,-0.007848671159033538,0.009623194266158874,stop,stop,LE10,2023,2023-07
500,QID,small,2023-07-17,2023-07-18,2023-07-19,0.04000000000000016,-0.14285714285714285,-0.182857142857143,0.005640612409347323,-0.0206782464846981,13.99999999999995,,,-0.025785656728444795,False,-0.006634474865709672,,,stop,,LE10,2023,2023-07
500,SPXS,small,2023-07-17,2023-07-18,2023-07-19,0.048387096774193485,-0.1612903225806456,-0.20967741935483908,0.006716417910447751,-0.0230591852421215,11.400000000000015,,,-0.02910447761194035,False,-0.007709205098942795,,,stop,,LE10,2023,2023-07
500,SPXU,small,2023-07-17,2023-07-18,2023-07-19,0.04964539007092218,-0.1560283687943267,-0.20567375886524886,0.006856023506366334,-0.022177419354838773,11.08571428571424,,,-0.028403525954946218,False,-0.007848671159033538,,,stop,,LE10,2023,2023-07
500,ALGN,small,2023-07-20,2023-07-21,2023-07-24,0.18783727687837298,0.2795765877957664,0.0917393109173934,0.027191058498332518,0.03994069681245375,2.1942541436464063,1.1461024498886383,-1.048151693757768,0.01328005287984868,True,0.21210940063724126,0.19622348944134327,-0.015885911195897995,target_gap,target_gap,20_30,2023,2023-07
500,ALB,large,2023-08-07,2023-08-08,2023-08-09,0.10694027360694022,0.15015015015015015,0.04320987654320993,0.033056572636790245,0.04580152671755725,4.610608424336976,2.9959999999999996,-1.6146084243369767,0.013356711876643779,True,-0.03402303283405472,-0.046755248330033305,-0.012732215495978583,stop,stop,10_20,2023,2023-08
500,SHOP,large,2023-08-07,2023-08-08,2023-08-09,0.0643347907557777,0.04309806371018098,-0.02123672704559671,0.01824623560673164,0.012297273213330916,8.326213592233008,12.92173913043484,4.595525538201832,-0.006023029229406562,True,-0.019227498739558424,-0.013284482335556347,0.005943016404002077,stop,stop,LE10,2023,2023-08
500,ALB,large,2023-08-08,2023-08-09,2023-08-10,0.15015015015015015,0.13430096763430116,-0.015849182515848992,0.04580152671755725,0.041165942214267504,2.9959999999999996,3.4675776397515468,0.4715776397515472,-0.0048346055979643365,True,-0.046755248330033305,-0.04212429709461296,0.004630951235420344,stop,stop,10_20,2023,2023-08
500,MGM,small,2023-08-08,2023-08-09,2023-08-10,0.15892053973013523,0.24137931034482743,0.0824587706146922,0.023174464363795413,0.03478073017930437,2.775471698113202,1.4857142857142882,-1.2897574123989137,0.012024486226497544,True,-0.024150801730748128,-0.03574546708067439,-0.011594665349926259,stop,stop,20_30,2023,2023-08
500,SHOP,large,2023-08-08,2023-08-09,2023-08-10,0.04309806371018098,0.05496564647095535,0.011867582760774369,0.012297273213330916,0.015630550621669546,12.92173913043484,9.915909090909157,-3.0058300395256836,0.0033862056674389684,True,-0.013284482335556347,-0.016614428132292525,-0.003329945796736178,stop,stop,LE10,2023,2023-08
500,ALB,large,2023-08-09,2023-08-10,2023-08-11,0.13430096763430116,0.04721388054721409,-0.08708708708708707,0.041165942214267504,0.014868911889875543,3.4675776397515468,11.70812720848051,8.240549568728964,-0.026693940168754815,True,-0.04212429709461296,-0.015853550658601168,0.026270746436011794,stop,stop,LE10,2023,2023-08
500,NVDA,small,2023-08-09,2023-08-10,2023-08-11,0.015279853844875593,-0.04982561036372697,-0.06510546420860257,0.002182214948172298,-0.007182704048650849,38.267391304349545,,,-0.009298133257430119,False,-0.0031795340736612276,,,stop,,LE10,2023,2023-08
500,TNA,small,2023-08-09,2023-08-10,2023-08-11,0.19803921568627406,-0.07450980392156911,-0.27254901960784317,0.026897470039946688,-0.010508849557522196,2.0297029702970377,,,-0.03701731025299604,False,-0.027870086261795768,,,stop,,LE10,2023,2023-08
500,ALB,large,2023-08-10,2023-08-11,2023-08-14,0.04721388054721409,-0.045378712045378695,-0.09259259259259278,0.014868911889875543,-0.014720207814698554,11.70812720848051,,,-0.029159880208059707,False,-0.015853550658601168,,,stop,,LE10,2023,2023-08
500,SHOP,large,2023-08-10,2023-08-11,2023-08-14,0.010618363522798354,-0.054965646470955795,-0.06558400999375415,0.0030581039755351986,-0.01613494682801618,55.50588235294066,,,-0.018888289260658442,False,-0.004054547649722462,,,stop,,LE10,2023,2023-08
500,MGM,small,2023-08-11,2023-08-14,2023-08-15,0.1109445277361322,0.10944527736131884,-0.0014992503748133545,0.01629238221048001,0.016075754239154305,4.408108108108097,4.482191780821944,0.07408367271384719,-0.0002201673271687854,True,-0.017275598220264587,-0.01705918676865026,0.00021641145161432895,stop,stop,10_20,2023,2023-08
500,MU,small,2023-08-11,2023-08-14,2023-08-15,0.12269272529858875,0.48642779587404955,0.3637350705754608,0.0175848117024588,0.06626238722082528,3.890265486725656,0.23348214285714444,-3.656783343868512,0.05213196389666974,True,-0.030226405626940567,-0.07827760428320074,-0.048051198656260175,stop_gap,stop_gap,GT30,2023,2023-08
500,PYPL,large,2023-08-15,2023-08-16,2023-08-17,0.027872582480090724,0.003412969283276176,-0.02445961319681455,0.00824360699865402,0.0010167768174884795,20.526530612245125,174.80000000001417,154.27346938776904,-0.007234185733512755,True,-0.009234867761274024,-0.0020152607986801963,0.0072196069625938275,stop,stop,LE10,2023,2023-08
500,MPWR,small,2023-08-16,2023-08-17,2023-08-18,0.036865062614324005,-0.21429576473899017,-0.2511608273533142,0.005289189461996577,-0.03189528795811522,15.275572519083918,,,-0.03603512667810649,False,-0.006283403165682544,,,stop,,LE10,2023,2023-08
500,ZM,small,2023-08-18,2023-08-21,2023-08-22,0.12622415669205625,0.20348204570185038,0.07725788900979413,0.017438364401683653,0.027814963557935512,3.7534482758620795,1.9486631016042686,-1.804785174257811,0.01067348165965143,True,-0.01842043500198176,-0.02878666274478414,-0.01036622774280238,stop,stop,20_30,2023,2023-08
500,SPXU,small,2023-08-30,2023-08-31,2023-09-01,0.11513157894736775,0.049342105263157444,-0.06578947368421031,0.017006802721088333,0.007360157016682954,4.2114285714285975,11.160000000000101,6.948571428571504,-0.0097181729834791,True,0.07055184749704857,0.08105775375315294,0.01050590625610437,target,target,LE10,2023,2023-08
500,SPXU,small,2023-08-31,2023-09-01,2023-09-05,0.049342105263157444,0.16776315789473623,0.11842105263157879,0.007360157016682954,0.024590163934426135,11.160000000000101,2.576470588235304,-8.583529411764797,0.017664376840039298,True,0.08105775375315294,0.06229300971500762,-0.01876474403814532,target,target,10_20,2023,2023-09
500,SPXS,small,2023-09-01,2023-09-05,2023-09-06,0.14432989690721712,0.2577319587628867,0.11340206185566956,0.02054292002934711,0.036101083032490974,3.1571428571428393,1.3279999999999994,-1.8291428571428399,0.01614086573734408,True,0.06379260846465984,0.04689481973814558,-0.016897788726514262,target,target,20_30,2023,2023-09
500,SPXU,small,2023-09-01,2023-09-05,2023-09-06,0.16776315789473623,0.2730263157894732,0.10526315789473695,0.024590163934426135,0.039411206077872664,2.576470588235304,1.1975903614457855,-1.3788802267895186,0.015429122468659573,True,0.06229300971500762,0.04615180538885366,-0.016141204326153957,target,target,20_30,2023,2023-09
500,WBD,large,2023-09-01,2023-09-05,2023-09-06,0.04819277108433739,0.027108433734939714,-0.021084337349397672,0.013793103448275874,0.007805724197745001,11.449999999999983,21.133333333333358,9.683333333333374,-0.0060344827586207295,True,-0.014778817487807738,-0.008797422624334028,0.00598139486347371,stop,stop,LE10,2023,2023-09
500,WBD,large,2023-09-05,2023-09-06,2023-09-07,0.027108433734939714,-0.015060240963855099,-0.04216867469879482,0.007805724197745001,-0.004389815627743541,21.133333333333358,,,-0.012142237640936582,False,-0.008797422624334028,,,stop,,LE10,2023,2023-09
500,SQ,small,2023-09-14,2023-09-15,2023-09-18,0.11889035667106983,0.003963011889035817,-0.11492734478203401,0.016766020864381493,0.0005680742283658613,4.046666666666677,150.39999999999432,146.35333333332764,-0.01620715350223545,True,-0.017748763472213214,-0.0015670066879076572,0.016181756784305557,stop,stop,LE10,2023,2023-09
500,FSLR,small,2023-09-15,2023-09-18,2023-09-19,0.15572715572715673,-0.09995709995709927,-0.255684255684256,0.020886075949367224,-0.013882268827454624,2.852892561983443,,,-0.03429228998849254,False,-0.021864700561111894,,,stop,,LE10,2023,2023-09
500,SQ,small,2023-09-15,2023-09-18,2023-09-19,0.003963011889035817,-0.37516512549537695,-0.37912813738441276,0.0005680742283658613,-0.056868241890268394,150.39999999999432,,,-0.05434576784699874,False,-0.0015670066879076572,,,stop,,LE10,2023,2023-09
500,ELF,large,2023-09-21,2023-09-22,2023-09-25,0.04299502778590228,-0.04387247733255338,-0.08686750511845566,0.0137216465975917,-0.014400921658986175,12.955102040816335,,,-0.027723326799215853,False,-0.014707432058263747,,,stop,,LE10,2023,2023-09
500,MRVL,small,2023-09-22,2023-09-25,2023-09-26,0.03604806408544767,0.02670226969292427,-0.009345794392523397,0.0051863234729159265,0.0038468936333910914,15.64444444444425,21.46999999999968,5.825555555555429,-0.001344602381867066,True,-0.0061806399911837895,-0.004842548912118216,0.0013380910790655731,stop,stop,LE10,2023,2023-09
500,MRVL,small,2023-09-25,2023-09-26,2023-09-27,0.02670226969292427,0.042723631508678264,0.016021361815753993,0.0038468936333910914,0.00614085588178853,21.46999999999968,13.043749999999987,-8.426249999999692,0.002308136180034559,True,-0.004842548912118216,-0.007134218344675314,-0.0022916694325570974,stop,stop,LE10,2023,2023-09
500,TEAM,small,2023-09-26,2023-09-27,2023-09-28,0.13784556720686297,0.21601525262154408,0.07816968541468111,0.01873833713456345,0.02905575216700001,3.352697095435704,1.7775816416593129,-1.575115453776391,0.01062616628654367,True,-0.019719108411790143,-0.03002621118532367,-0.010307102773533527,stop,stop,20_30,2023,2023-09
500,MRVL,small,2023-09-27,2023-09-28,2023-09-29,0.062750333778371,0.42857142857142855,0.3658210947930576,0.008993494068120913,0.05836363636363638,8.561702127659597,0.3999999999999996,-8.161702127659597,0.05243015690776898,True,-0.009984005318427469,-0.059304802144382274,-0.049320796825954805,stop,stop,GT30,2023,2023-09
500,OKTA,small,2023-10-02,2023-10-03,2023-10-04,0.03281519861830704,-0.015544041450777793,-0.04835924006908483,0.004778672032193102,-0.0022796352583587492,17.28421052631599,,,-0.007042253521126751,False,-0.005773395998177944,,,stop,,LE10,2023,2023-10
500,WFC,small,2023-10-04,2023-10-05,2023-10-06,0.0691588785046724,0.09345794392523361,0.02429906542056122,0.009545923632610873,0.012856775520699408,7.675675675675738,5.420000000000002,-2.255675675675736,0.003353973168214619,True,0.07219867878238384,0.06861457417344297,-0.0035841046089408746,target,target,LE10,2023,2023-10
500,WFC,small,2023-10-05,2023-10-06,2023-10-09,0.09345794392523361,0.1345794392523362,0.04112149532710259,0.012856775520699408,0.018409613909486037,5.420000000000002,3.4583333333333415,-1.9616666666666602,0.005656981229107627,True,0.06861457417344297,0.06260344642304272,-0.006011127750400247,target,target,10_20,2023,2023-10
500,ETSY,small,2023-10-06,2023-10-09,2023-10-10,0.08647990255785629,0.2204628501827041,0.1339829476248478,0.011464556757629595,0.02871648421386645,5.938028169014079,1.7215469613259646,-4.216481207688115,0.017761989342806483,True,0.06700931788263786,0.04838786381836835,-0.018621454064269516,target,target,20_30,2023,2023-10
500,KVUE,small,2023-10-09,2023-10-10,2023-10-11,0.1948529411764711,0.16176470588235217,-0.03308823529411892,0.026606425702811298,0.022188603126575782,2.0792452830188575,2.709090909090923,0.6298456260720657,-0.004518072289156794,True,-0.027579332823548186,-0.023165925862081438,0.004413406961466748,stop,stop,10_20,2023,2023-10
500,KEY,large,2023-10-10,2023-10-11,2023-10-12,0.1818181818181815,0.17857142857142833,-0.0032467532467531646,0.05323193916349798,0.05233111322549942,2.3000000000000056,2.3600000000000048,0.059999999999999165,-0.000950570342205248,True,-0.05417823407687772,-0.053278308514629336,0.0008999255622483826,stop,stop,10_20,2023,2023-10
500,KVUE,small,2023-10-10,2023-10-11,2023-10-12,0.16176470588235217,0.07720588235294153,-0.08455882352941065,0.022188603126575782,0.010714285714285758,2.709090909090923,6.77142857142853,4.062337662337606,-0.011598587997982746,True,-0.023165925862081438,-0.011703077032912068,0.01146284882916937,stop,stop,LE10,2023,2023-10
500,KVUE,small,2023-10-11,2023-10-12,2023-10-13,0.07720588235294153,-0.0036764705882358704,-0.08088235294117739,0.010714285714285758,-0.0005159958720331045,6.77142857142853,,,-0.011224489795918502,False,-0.011703077032912068,,,stop,,LE10,2023,2023-10
500,DKNG,small,2023-10-19,2023-10-20,2023-10-23,0.07692307692307707,-0.08461538461538413,-0.1615384615384612,0.010909090909090934,-0.012281354670636334,6.799999999999982,,,-0.02290909090909088,False,-0.011897687519876299,,,stop,,LE10,2023,2023-10
500,TSLA,large,2023-10-19,2023-10-20,2023-10-23,0.06781391278984947,-0.0345632200670848,-0.10237713285693427,0.02142758398230486,-0.0112862517262727,7.847741935483913,,,-0.03234873968941521,False,-0.022405667356635295,,,stop,,LE10,2023,2023-10
500,UDOW,large,2023-10-19,2023-10-20,2023-10-23,0.13354838709677422,0.026451612903225587,-0.10709677419354863,0.03937607000190223,0.008053427617363908,3.492753623188404,21.682926829268478,18.190173206080075,-0.03157694502568009,True,-0.040336213859971215,-0.009044878464322892,0.03129133539564832,stop,stop,LE10,2023,2023-10
500,SNOW,large,2023-10-20,2023-10-23,2023-10-24,0.09699714013346093,0.1892278360343183,0.09223069590085738,0.027903469079939815,0.053028785146597195,5.185749385749356,2.170780856423177,-3.0149685293261794,0.026532291238173356,True,-0.02887507980549686,-0.053975283112467465,-0.025100203306970603,stop,stop,10_20,2023,2023-10
500,TFC,large,2023-10-20,2023-10-23,2023-10-24,0.05681818181818172,0.061868686868686656,0.005050505050504937,0.01665433012583269,0.018107908351810732,9.560000000000022,8.697959183673508,-0.8620408163265143,0.001480384900073961,True,0.1580567599249969,0.1563449243596977,-0.0017118355652991912,target,target,LE10,2023,2023-10
500,UDOW,large,2023-10-20,2023-10-23,2023-10-24,0.026451612903225587,0.05677419354838726,0.030322580645161672,0.008053427617363908,0.017127286882055323,21.682926829268478,9.568181818181785,-12.114745011086693,0.009231978000392882,True,-0.009044878464322892,-0.018109668404412083,-0.00906478994008919,stop,stop,LE10,2023,2023-10
500,ROK,small,2023-10-23,2023-10-24,2023-10-25,0.11485774499473023,-0.00421496311907337,-0.11907270811380359,0.016176907094093043,-0.0006037735849057547,4.223853211009229,,,-0.016770555060848902,False,-0.01716023852128512,,,stop,,LE10,2023,2023-10
500,TFC,large,2023-10-23,2023-10-24,2023-10-25,0.061868686868686656,0.13888888888888903,0.07702020202020238,0.018107908351810732,0.0397542464763282,8.697959183673508,3.319999999999997,-5.377959183673511,0.022542498152254398,True,0.1563449243596977,0.13085267991230287,-0.02549224444739484,target,target,10_20,2023,2023-10
500,KRE,small,2023-10-25,2023-10-26,2023-10-27,0.18078020932445335,0.3843958135109424,0.20361560418648902,0.02460502460502468,0.05090725806451621,2.3189473684210413,0.5608910891089078,-1.7580562793121335,0.02771302771302775,True,0.056001227565445566,0.027525388011639285,-0.02847583955380628,target,target,GT30,2023,2023-10
500,SVXY,small,2023-10-25,2023-10-26,2023-10-27,0.1672629695885513,0.2084078711985686,0.0411449016100173,0.023276076674134984,0.028836633663366317,2.58716577540106,1.8789699570815466,-0.7081958183195134,0.0057256659198405835,True,0.059159379732588446,0.05312951197668503,-0.0060298677559034175,target,target,20_30,2023,2023-10
500,FCX,small,2023-10-31,2023-11-01,2023-11-02,0.16649104320337163,0.25922023182297216,0.09272918861960053,0.02332447593740771,0.035849606528708944,2.6037974683544363,1.314634146341457,-1.2891633220129792,0.012990847357543744,True,0.05967200928617489,0.0460825110615779,-0.013589498224596985,target,target,20_30,2023,2023-11
500,MRO,small,2023-11-06,2023-11-07,2023-11-08,0.06377204884667557,-0.15603799185888725,-0.21981004070556281,0.009000382995021042,-0.0227272727272727,8.40851063829789,,,-0.031022596706242744,False,-0.009990887359843548,,,stop,,LE10,2023,2023-11
500,MRVL,small,2023-12-04,2023-12-05,2023-12-06,0.09210526315789425,0.13684210526315788,0.04473684210526363,0.01366653650917602,0.020170674941815344,5.514285714285747,3.3846153846153837,-2.1296703296703634,0.00663803201874269,True,-0.014652377052395194,-0.021150014597045796,-0.006497637544650603,stop,stop,10_20,2023,2023-12
500,MRVL,small,2023-12-05,2023-12-06,2023-12-07,0.13684210526315788,0.03289473684210529,-0.1039473684210526,0.020170674941815344,0.004924167815639157,3.3846153846153837,17.23999999999998,13.855384615384597,-0.015321955003879006,True,-0.021150014597045796,0.08380830266371642,0.10495831726076221,stop,target,LE10,2023,2023-12
500,SU,small,2023-12-07,2023-12-08,2023-12-11,0.13003452243958605,0.18066743383199088,0.050632911392404834,0.01860388541323679,0.025661981039555415,3.6141592920353864,2.3210191082802534,-1.293140183755133,0.007243990780375409,True,-0.019584791074992558,-0.02663583213296905,-0.007051041057976493,stop,stop,10_20,2023,2023-12
500,SU,small,2023-12-11,2023-12-12,2023-12-13,0.014959723820483613,-0.05408515535097802,-0.06904487917146163,0.002176096417810555,-0.007947243828204241,39.10769230769151,,,-0.010043521928356225,False,-0.003173421658772102,,,stop,,LE10,2023,2023-12
500,SE,small,2023-12-15,2023-12-18,2023-12-19,0.12795275590551158,0.31496062992125884,0.18700787401574726,0.018131101813110142,0.043478260869565064,3.6892307692307824,0.905000000000008,-2.784230769230774,0.026499302649930057,True,-0.019112480022192457,-0.04443430458683695,-0.02532182456464449,stop,stop,GT30,2023,2023-12
500,AAL,small,2024-01-03,2024-01-04,2024-01-05,0.04597701149425291,0.06896551724137988,0.02298850574712697,0.006149116064565724,0.009195402298850651,12.049999999999995,7.699999999999932,-4.350000000000064,0.003074558032282848,True,0.07732336752453928,0.07402122693442559,-0.003302140590113689,target_gap,target_gap,LE10,2024,2024-01
500,ARKK,small,2024-01-03,2024-01-04,2024-01-05,0.14265635980323266,0.13281799016163037,-0.009838369641602285,0.02096241222635276,0.019544984488107556,3.2059113300492568,3.517460317460314,0.3115489874110571,-0.0014456836018174046,True,-0.021940960539969523,-0.020524949521102953,0.0014160110188665698,stop,stop,10_20,2024,2024-01
500,LUV,small,2024-01-03,2024-01-04,2024-01-05,0.1475409836065581,0.2786885245901648,0.1311475409836067,0.01972963098282801,0.03662477558348305,3.066666666666649,1.1529411764705833,-1.9137254901960659,0.017537449762513813,True,0.0594442274660989,0.0411845064900227,-0.0182597209760762,target,target,20_30,2024,2024-01
500,NET,small,2024-01-03,2024-01-04,2024-01-05,0.01711711711711692,0.04414414414414371,0.027027027027026786,0.00249999999999997,0.006422018348623787,34.05263157894777,12.591836734694011,-21.460794844253755,0.003947368421052699,True,-0.003497001499250252,0.08083212653175376,0.08432912803100401,stop,target_gap,LE10,2024,2024-01
500,SHOP,small,2024-01-03,2024-01-04,2024-01-05,0.15979899497487346,0.3296482412060292,0.16984924623115574,0.022197403322630035,0.044735406437533924,2.7547169811321,0.820121951219519,-1.9345950299125811,0.023593466424682408,True,0.060086946614644754,0.035652318412534356,-0.024434628202110398,target,target,GT30,2024,2024-01
500,AAL,small,2024-01-04,2024-01-05,2024-01-08,0.06896551724137988,0.6321839080459767,0.5632183908045968,0.009195402298850651,0.07840342124019956,7.699999999999932,-0.050909090909090154,-7.750909090909022,0.0750957854406129,False,0.07402122693442559,,,target_gap,,GT30,2024,2024-01
500,MCHP,small,2024-01-04,2024-01-05,2024-01-08,0.053097345132742876,0.13628318584070728,0.0831858407079644,0.007190795781399741,0.018250770324721406,10.300000000000107,3.402597402597426,-6.897402597402682,0.011265580057526314,True,-0.008183108829094454,-0.019232028925096456,-0.011048920096002002,stop,stop,10_20,2024,2024-01
500,NET,small,2024-01-04,2024-01-05,2024-01-08,0.04414414414414371,0.10540540540540562,0.06126126126126191,0.006422018348623787,0.015198752922837122,12.591836734694011,4.692307692307681,-7.89952904238633,0.008912188728702475,True,0.08083212653175376,0.07128463567644605,-0.009547490855307705,target_gap,target_gap,10_20,2024,2024-01
500,OKTA,small,2024-01-16,2024-01-17,2024-01-18,0.04919499105545595,0.11985688729874688,0.07066189624329093,0.006734419003305953,0.016250303177297955,11.196363636363696,4.005970149253771,-7.190393487109925,0.009673074568384843,True,-0.007727188199704416,-0.017233561245086793,-0.009506373045382377,stop,stop,10_20,2024,2024-01
500,OKTA,small,2024-01-17,2024-01-18,2024-01-19,0.11985688729874688,0.06529516994633186,-0.05456171735241502,0.016250303177297955,0.008918753817959557,4.005970149253771,8.189041095890538,4.183070946636767,-0.007397526073247618,True,-0.017233561245086793,-0.009909339771165038,0.007324221473921755,stop,stop,LE10,2024,2024-01
500,EXR,small,2024-01-18,2024-01-19,2024-01-22,0.11538461538461554,0.13313609467455706,0.017751479289941516,0.0159183673469388,0.01832247557003269,4.199999999999995,3.5066666666666406,-0.6933333333333542,0.002448979591836764,True,-0.01690195718467291,-0.019303662500997132,-0.002401705316324221,stop,stop,10_20,2024,2024-01
500,OKTA,small,2024-01-18,2024-01-19,2024-01-22,0.06529516994633186,0.20751341681574192,0.14221824686941006,0.008918753817959557,0.027804410354745845,8.189041095890538,1.8913793103448353,-6.297661785545703,0.019425778863775278,True,-0.009909339771165038,0.05153662382615032,0.061445963597315356,stop,target,20_30,2024,2024-01
500,EXR,small,2024-01-19,2024-01-22,2024-01-23,0.13313609467455706,0.22238658777120268,0.08925049309664562,0.01832247557003269,0.03023396125226246,3.5066666666666406,1.6980044345898073,-1.8086622320768333,0.012282844733984666,True,-0.019303662500997132,-0.031203242650311047,-0.011899580149313915,stop,stop,20_30,2024,2024-01
500,DHI,small,2024-01-25,2024-01-26,2024-01-29,0.09543786051389584,0.11379129522810635,0.018353434714210512,0.01293992179168143,0.015390070921985726,5.286813186813214,4.272811059907868,-1.0140021269053463,0.0024884464984002985,True,0.03742632771776222,0.03336328289755852,-0.004063044820203698,time,time,10_20,2024,2024-01
500,DHI,small,2024-01-26,2024-01-29,2024-01-30,0.11379129522810635,0.10854745673833215,-0.005243838489774208,0.015390070921985726,0.01469127040454218,4.272811059907868,4.5275362318840795,0.2547251719762116,-0.0007092198581559739,True,0.03336328289755852,0.03118972806002951,-0.0021735548375290126,time,time,10_20,2024,2024-01
500,DHI,small,2024-01-29,2024-01-30,2024-01-31,0.10854745673833215,0.1982170949134768,0.08966963817514466,0.01469127040454218,0.026505855129373822,4.5275362318840795,2.026984126984128,-2.5005521048999513,0.01213626685592617,True,0.03118972806002951,0.022817915773899022,-0.008371812286130487,time,time,10_20,2024,2024-01
500,CCL,small,2024-02-05,2024-02-06,2024-02-07,0.03278688524590177,0.14519906323185036,0.11241217798594859,0.004441624365482252,0.01937500000000003,17.299999999999933,3.132258064516124,-14.167741935483809,0.015228426395939021,True,-0.00543668521069407,-0.020355134932533714,-0.014918449721839644,stop,stop,10_20,2024,2024-02
500,WBD,large,2024-02-07,2024-02-08,2024-02-09,0.0873786407766989,0.07443365695792895,-0.012944983818769948,0.02735562310030391,0.02339776195320452,5.866666666666675,7.060869565217374,1.1942028985506985,-0.00405268490374866,True,-0.028327781398054697,-0.024373876134160644,0.003953905263894053,stop,stop,LE10,2024,2024-02
500,WBD,large,2024-02-08,2024-02-09,2024-02-12,0.07443365695792895,-0.003236245954692488,-0.07766990291262144,0.02339776195320452,-0.0010427528675703635,7.060869565217374,,,-0.024415055951169884,False,-0.024373876134160644,,,stop,,LE10,2024,2024-02
500,WBD,large,2024-02-12,2024-02-13,2024-02-14,0.02588996763754048,0.02588996763754048,0.0,0.008264462809917363,0.008264462809917363,22.17499999999997,22.17499999999997,0.0,0.0,True,-0.009255702727148707,-0.009255702727148707,0.0,stop,stop,LE10,2024,2024-02
500,WBD,small,2024-02-13,2024-02-14,2024-02-15,0.09160305343511399,0.1297709923664123,0.0381679389312983,0.012396694214875952,0.01747173689619732,5.55000000000004,3.6235294117647054,-1.9264705882353343,0.005165289256198413,True,-0.013383803965785646,-0.018453774140678836,-0.00506997017489319,stop,stop,10_20,2024,2024-02
500,WBD,large,2024-02-14,2024-02-15,2024-02-16,0.04207119741100349,0.13592233009708737,0.09385113268608389,0.013360739979445094,0.041916167664670656,13.26153846153837,3.414285714285713,-9.847252747252657,0.029804727646454143,True,-0.01434688616637203,-0.042873772694490886,-0.028526886528118856,stop,stop,10_20,2024,2024-02
500,WBD,large,2024-02-15,2024-02-16,2024-02-20,0.13592233009708737,0.05825242718446593,-0.07766990291262144,0.041916167664670656,0.018404907975460096,3.414285714285713,9.300000000000011,5.8857142857142986,-0.02395209580838331,True,-0.042873772694490886,-0.019386012515214657,0.02348776017927623,stop,stop,LE10,2024,2024-02
500,WBD,large,2024-02-16,2024-02-20,2024-02-21,0.05825242718446593,0.10355987055016191,0.04530744336569598,0.018404907975460096,0.03225806451612906,9.300000000000011,4.793749999999992,-4.506250000000019,0.014314928425357865,True,-0.019386012515214657,-0.0332253228224596,-0.013839310307244945,stop,stop,10_20,2024,2024-02
500,WDC,small,2024-02-20,2024-02-21,2024-02-22,0.08126721763085448,0.1887052341597793,0.10743801652892482,0.010950259836674154,0.025064032199048618,6.383050847457587,2.179562043795628,-4.203488803661958,0.014476614699331813,True,-0.01193881529910612,0.053574511683053716,0.06551332698215984,stop,target,10_20,2024,2024-02
500,WDC,small,2024-02-21,2024-02-22,2024-02-23,0.1887052341597793,0.3030303030303035,0.11432506887052418,0.025064032199048618,0.03964678320418098,2.179562043795628,0.9799999999999982,-1.1995620437956296,0.015184778631540441,True,0.053574511683053716,0.03781551285989737,-0.015758998823156345,target,target,GT30,2024,2024-02
500,SNOW,large,2024-02-29,2024-03-01,2024-03-04,0.1854838709677417,0.0913394109396911,-0.09414446002805059,0.05531736902645605,0.028027327989671204,2.234782608695656,5.568905950095993,3.334123341400337,-0.028076963296036817,True,-0.05626157955216671,-0.02899881491821721,0.0272627646339495,stop,stop,LE10,2024,2024-03
500,SNOW,large,2024-03-01,2024-03-04,2024-03-05,0.0913394109396911,-0.09905329593267893,-0.19039270687237003,0.028027327989671204,-0.032280180540478806,5.568905950095993,,,-0.058421647210715966,False,-0.02899881491821721,,,stop,,LE10,2024,2024-03
500,ESTC,large,2024-03-04,2024-03-05,2024-03-06,0.12123947051744886,0.22382671480144392,0.10258724428399506,0.03771995507300637,0.06748299319727889,3.948883374689826,1.6806451612903237,-2.2682382133995027,0.03191688506177459,True,-0.03868175421836051,-0.06841504417859079,-0.02973328996023028,stop,stop,20_30,2024,2024-03
500,WBA,large,2024-03-05,2024-03-06,2024-03-07,0.10558069381598784,0.09502262443438901,-0.010558069381598825,0.03314393939393936,0.029928741092636532,4.682857142857146,5.314285714285721,0.6314285714285752,-0.0033143939393939226,True,-0.03978645147123394,-0.03659334228372735,0.003193109187506593,stop_gap,stop_gap,LE10,2024,2024-03
500,ESTC,large,2024-03-06,2024-03-07,2024-03-08,0.18140794223826714,0.1353790613718411,-0.046028880866426036,0.05540242557883132,0.04193458205199888,2.3074626865671637,3.4320000000000004,1.1245373134328367,-0.014057331863285616,True,-0.056346551090496466,-0.04289216867663437,0.013454382413862098,stop,stop,10_20,2024,2024-03
500,WBA,large,2024-03-06,2024-03-07,2024-03-08,0.09502262443438901,0.08898944193061839,-0.0060331825037706205,0.029928741092636532,0.02808186577820085,5.314285714285721,5.74237288135593,0.4280871670702089,-0.0019002375296911511,True,-0.03659334228372735,-0.03475915540563834,0.0018341868780890058,stop_gap,stop_gap,LE10,2024,2024-03
500,ZS,large,2024-03-06,2024-03-07,2024-03-08,0.08045791680103206,0.05723960012899036,-0.023218316672041703,0.024632244051732692,0.017649398428954872,6.457314629258507,9.482253521126816,3.0249388918683096,-0.007108302892684493,True,-0.025607124367522882,-0.02176027428266547,0.0038468500848574116,stop,stop_gap,LE10,2024,2024-03
500,ESTC,large,2024-03-07,2024-03-08,2024-03-11,0.1353790613718411,0.06889290012033669,-0.06648616125150442,0.04193458205199888,0.021788772597526092,3.4320000000000004,7.709170305676887,4.277170305676886,-0.02059453918553733,True,-0.04289216867663437,-0.022766494963745276,0.02012567371288909,stop,stop,LE10,2024,2024-03
500,VXX,large,2024-03-07,2024-03-08,2024-03-11,0.13084112149532723,0.29439252336448596,0.16355140186915873,0.04025880661394684,0.08624229979466118,3.585714285714281,1.0380952380952382,-2.547619047619043,0.05032350826743337,True,-0.04121806817655149,-0.0871556008443416,-0.045937532667790104,stop,stop,20_30,2024,2024-03
500,WBA,large,2024-03-07,2024-03-08,2024-03-11,0.08898944193061839,0.11010558069381553,0.021116138763197137,0.02808186577820085,0.0345153664302599,5.74237288135593,4.4493150684931715,-1.2930578128627586,0.006663493574488255,True,-0.03475915540563834,-0.04114845650460808,-0.006389301098969735,stop_gap,stop_gap,10_20,2024,2024-03
500,ZS,large,2024-03-07,2024-03-08,2024-03-11,0.05723960012899036,-0.010158013544017984,-0.06739761367300834,0.017649398428954872,-0.0031986190089358015,9.482253521126816,,,-0.02078154519240316,False,-0.02176027428266547,,,stop_gap,,LE10,2024,2024-03
500,ESTC,large,2024-03-08,2024-03-11,2024-03-12,0.06889290012033669,0.04843561973525869,-0.020457280385078,0.021788772597526092,0.015418502202643167,7.709170305676887,11.387577639751559,3.678407334074672,-0.0064700285442435,True,-0.022766494963745276,-0.016402591655713783,0.006363903308031493,stop,stop,LE10,2024,2024-03
500,WBA,large,2024-03-08,2024-03-11,2024-03-12,0.11010558069381553,0.19457013574660623,0.0844645550527907,0.0345153664302599,0.05941962229387375,4.4493150684931715,2.0837209302325586,-2.365594138260613,0.02647754137115843,True,-0.04114845650460808,-0.06588161469702725,-0.02473315819241917,stop_gap,stop_gap,10_20,2024,2024-03
500,ESTC,large,2024-03-11,2024-03-12,2024-03-13,0.04843561973525869,0.07370637785800248,0.025270758122743785,0.015418502202643167,0.023275698270948154,11.387577639751559,7.140408163265298,-4.247169476486261,0.00804443593181392,True,-0.016402591655713783,-0.024251934454585178,-0.007849342798871395,stop,stop,LE10,2024,2024-03
500,WBA,large,2024-03-11,2024-03-12,2024-03-13,0.19457013574660623,0.08144796380090485,-0.11312217194570137,0.05941962229387375,0.025763358778625914,2.0837209302325586,6.366666666666674,4.282945736434115,-0.03454629203132198,True,-0.06588161469702725,-0.03245657705498384,0.03342503764204341,stop_gap,stop_gap,LE10,2024,2024-03
500,ZS,large,2024-03-11,2024-03-12,2024-03-13,0.09206707513705267,0.04466301193163511,-0.04740406320541756,0.02808657156910973,0.01382511479337198,5.516987740805598,12.4339350180505,6.916947277244902,-0.014461387112641444,True,-0.029057999283683245,-0.014810796837556484,0.014247202446126761,stop,stop,LE10,2024,2024-03
500,ESTC,large,2024-03-12,2024-03-13,2024-03-14,0.07370637785800248,0.050541516245487125,-0.023164861612515353,0.023275698270948154,0.01607809359747337,7.140408163265298,10.871428571428625,3.731020408163327,-0.007315219456583755,True,-0.024251934454585178,-0.01706152378878012,0.007190410665805058,stop,stop,LE10,2024,2024-03
500,VXX,large,2024-03-12,2024-03-13,2024-03-14,0.05140186915887866,0.02803738317757033,-0.023364485981308334,0.016212232866617587,0.008908685968819673,10.672727272727236,20.399999999999817,9.727272727272581,-0.007369196757553431,True,-0.017195528985691322,-0.00989928198484269,0.007296247000848632,stop,stop,LE10,2024,2024-03
500,WBA,large,2024-03-12,2024-03-13,2024-03-14,0.08144796380090485,0.08446455505279017,0.003016591251885317,0.025763358778625914,0.02669208770257382,6.366666666666674,6.103571428571441,-0.26309523809523316,0.000954198473282375,True,-0.03245657705498384,-0.033378925408601545,-0.000922348353617708,stop_gap,stop_gap,LE10,2024,2024-03
500,ZS,large,2024-03-12,2024-03-13,2024-03-14,0.04466301193163511,0.06191551112544345,0.017252499193808335,0.01382511479337198,0.019063694583726372,12.4339350180505,8.690624999999997,-3.7433100180505026,0.005340387302854799,True,-0.014810796837556484,-0.020044140666101384,-0.005233343828544901,stop,stop,LE10,2024,2024-03
500,VXX,large,2024-03-13,2024-03-14,2024-03-15,0.02803738317757033,0.18691588785046748,0.15887850467289716,0.008908685968819673,0.05653710247349828,20.399999999999817,2.2099999999999964,-18.18999999999982,0.05048255382331113,True,-0.00989928198484269,-0.05748009387532371,-0.04758081189048102,stop,stop,10_20,2024,2024-03
500,WBA,large,2024-03-13,2024-03-14,2024-03-15,0.08446455505279017,0.02714932126696829,-0.05731523378582189,0.02669208770257382,0.00873786407766989,6.103571428571441,21.100000000000023,14.99642857142858,-0.018112488083889322,True,-0.033378925408601545,-0.015548051217109782,0.017830874191491763,stop_gap,stop_gap,LE10,2024,2024-03
500,ZS,large,2024-03-13,2024-03-14,2024-03-15,0.06191551112544345,0.01934859722670088,-0.042566913898742564,0.019063694583726372,0.0060365209517580795,8.690624999999997,30.010000000000307,21.31937500000031,-0.013106290026311918,True,-0.020044140666101384,-0.007029987697433349,0.013014152968668036,stop,stop,LE10,2024,2024-03
500,VXX,large,2024-03-14,2024-03-15,2024-03-18,0.18691588785046748,0.14485981308411242,-0.04205607476635506,0.05653710247349828,0.04438081603435941,2.2099999999999964,3.1419354838709608,0.9319354838709644,-0.01272084805653706,True,-0.05748009387532371,-0.0453359576475183,0.012144136227805413,stop,stop,10_20,2024,2024-03
500,WBA,large,2024-03-14,2024-03-15,2024-03-18,0.02714932126696829,0.03921568627450951,0.012066365007541224,0.00873786407766989,0.012572533849129498,21.100000000000023,14.300000000000109,-6.799999999999914,0.003883495145631022,True,-0.015548051217109782,-0.019356375970621897,-0.0038083247535121156,stop_gap,stop_gap,LE10,2024,2024-03
500,ZS,large,2024-03-14,2024-03-15,2024-03-18,0.01934859722670088,-0.05788455336988073,-0.0772331505965816,0.0060365209517580795,-0.018505154639175275,30.010000000000307,,,-0.024095779465767908,False,-0.007029987697433349,,,stop,,LE10,2024,2024-03
500,VXX,large,2024-03-15,2024-03-18,2024-03-19,0.14485981308411242,0.12616822429906566,-0.01869158878504676,0.04438081603435941,0.03887688984881216,3.1419354838709608,3.7555555555555467,0.6136200716845859,-0.005726556907659219,True,-0.0453359576475183,-0.03983753263756895,0.005498425009949348,stop,stop,10_20,2024,2024-03
500,VXX,large,2024-03-18,2024-03-19,2024-03-20,0.12616822429906566,0.035046728971962704,-0.09112149532710295,0.03887688984881216,0.011111111111111138,3.7555555555555467,16.119999999999955,12.364444444444409,-0.02807775377969768,True,-0.03983753263756895,-0.012099505802654065,0.027738026834914886,stop,stop,LE10,2024,2024-03
500,NXPI,small,2024-03-19,2024-03-20,2024-03-21,0.1702374059061963,0.49073537927041133,0.32049797336421504,0.024959673996094844,0.06872085951753504,2.524489795918356,0.222654867256637,-2.301834928661719,0.04699040665591303,True,0.061947963109879156,0.01428624021660374,-0.047661722893275416,target,target,GT30,2024,2024-03
500,X,large,2024-03-19,2024-03-20,2024-03-21,0.0744021257750224,0.07263064658990255,-0.0017714791851198564,0.021132075471698198,0.020639315378806956,7.064285714285683,7.260975609756096,0.1966898954704126,-0.0005031446540881834,True,-0.022110454206858865,-0.02161818662780357,0.0004922675790552944,stop,stop,LE10,2024,2024-03
500,X,large,2024-03-20,2024-03-21,2024-03-22,0.07263064658990255,0.10628875110717469,0.033658104517272136,0.020639315378806956,0.02991772625280486,7.260975609756096,4.644999999999987,-2.6159756097561084,0.009564560785300769,True,-0.02161818662780357,-0.030887323727814553,-0.009269137100010982,stop,stop,10_20,2024,2024-03
500,X,large,2024-03-22,2024-03-25,2024-03-26,0.059344552701505876,0.1257750221434899,0.06643046944198402,0.016927741283476547,0.0352095214480536,9.110447761194006,3.7704225352112624,-5.340025225982744,0.0189489641232945,True,-0.017910322251708966,-0.03617382977244332,-0.018263507520734357,stop,stop,10_20,2024,2024-03
500,CPNG,small,2024-03-26,2024-03-27,2024-03-28,0.16666666666666666,0.09349593495934974,-0.07317073170731692,0.02312464749012973,0.01310541310541313,2.599999999999997,5.4173913043478095,2.8173913043478125,-0.010152284263959421,True,0.05906448918800611,0.06992668907711397,0.01086219988910786,target,target,LE10,2024,2024-03
500,CPNG,small,2024-03-27,2024-03-28,2024-04-01,0.09349593495934974,0.20731707317073084,0.1138211382113811,0.01310541310541313,0.02860347728547381,5.4173913043478095,1.894117647058833,-3.5232736572889767,0.015954415954415824,True,0.06992668907711397,0.05312469956833166,-0.01680198950878231,target,target,20_30,2024,2024-03
500,BA,small,2024-04-11,2024-04-12,2024-04-15,0.03306451612903197,-0.025806451612902664,-0.058870967741934635,0.0047619047619047224,-0.0037483893639450997,17.14634146341478,,,-0.008478513356562023,False,-0.005756645486780343,,,stop,,LE10,2024,2024-04
500,ANET,small,2024-04-12,2024-04-15,2024-04-16,0.12224938875305623,-0.18473240967128526,-0.3069817984243415,0.01634580457682528,-0.025757575757575802,3.908000000000003,,,-0.041046131492916804,False,-0.017328967190941458,,,stop,,LE10,2024,2024-04
500,EL,small,2024-04-12,2024-04-15,2024-04-16,0.11849332984567017,-0.10489144650797774,-0.2233847763536479,0.016104948805460654,-0.014702647209796842,4.063576158940426,,,-0.03036120591581326,False,-0.01708835215498028,,,stop,,LE10,2024,2024-04
500,DG,small,2024-04-16,2024-04-17,2024-04-18,0.1522770398481965,0.0820683111954455,-0.07020872865275099,0.021951719893318605,0.011951640759930845,2.9401869158878746,6.3109826589595786,3.370795743071704,-0.010121042193804164,True,-0.02292927939367506,-0.012939195341879817,0.009990084051795245,stop,stop,LE10,2024,2024-04
500,WSM,small,2024-04-16,2024-04-17,2024-04-18,0.1688532555879493,0.1068999028182697,-0.061953352769679615,0.02433729033161743,0.015546604480248666,2.55338129496403,4.612727272727295,2.0593459777632654,-0.008929509402248126,True,-0.025977136444909066,-0.01720122554792114,0.008775910896987926,stop_gap,stop_gap,10_20,2024,2024-04
500,DG,small,2024-04-17,2024-04-18,2024-04-19,0.0820683111954455,0.12998102466793088,0.04791271347248538,0.011951640759930845,0.018798024149286368,6.3109826589595786,3.6160583941606146,-2.694924264798964,0.006977547495682135,True,-0.012939195341879817,-0.019778735769326983,-0.006839540427447166,stop,stop,10_20,2024,2024-04
500,DG,small,2024-04-18,2024-04-19,2024-04-22,0.12998102466793088,0.07685009487665927,-0.05313092979127161,0.018798024149286368,0.011200221238937888,3.6160583941606146,6.807407407407521,3.191349013246906,-0.007683863885839748,True,-0.019778735769326983,-0.012188526864885807,0.007590208904441176,stop,stop,LE10,2024,2024-04
500,MPC,small,2024-04-18,2024-04-19,2024-04-22,0.11819152723389081,0.11569953720185118,-0.0024919900320396343,0.016911165444172746,0.016560509554140127,4.0765060240964,4.185846153846159,0.10934012974975893,-0.0003565607171963636,True,-0.01789376297996048,-0.017543457570577625,0.00035030540938285615,stop,stop,10_20,2024,2024-04
500,MPWR,large,2024-04-18,2024-04-19,2024-04-22,0.1338998747071958,0.011930053930380463,-0.12196982077681534,0.03969894696039784,0.0036697555172008327,3.4809601301871544,49.29315068493283,45.812190554745676,-0.03616189676335679,True,-0.04065876810286617,-0.004665587845519292,0.03599318025734688,stop,stop,LE10,2024,2024-04
500,DG,small,2024-04-19,2024-04-22,2024-04-23,0.07685009487665927,0.008064516129031672,-0.0687855787476276,0.011200221238937888,0.0011872337453731928,6.807407407407521,73.40000000000546,66.59259259259794,-0.010024889380530921,True,-0.012188526864885807,-0.002185547354823014,0.010002979510062793,stop,stop,LE10,2024,2024-04
500,MPC,small,2024-04-19,2024-04-22,2024-04-23,0.11569953720185118,0.13527945888216486,0.01957992168031368,0.016560509554140127,0.01930894308943095,4.185846153846159,3.4352631578947275,-0.7505829959514312,0.0028025477707007695,True,-0.017543457570577625,-0.02028914404586324,-0.0027456864752856136,stop,stop,10_20,2024,2024-04
500,MPWR,large,2024-04-22,2024-04-23,2024-04-24,0.0493544696845887,0.2284142289045049,0.1790597592199162,0.015008945729242504,0.06587484878477942,11.156953642384172,1.6268065823992386,-9.530147059984934,0.0544529852229807,True,0.16628724104583448,0.10605902528618194,-0.06022821575965254,target,target,20_30,2024,2024-04
500,KVUE,small,2024-04-23,2024-04-24,2024-04-25,0.1522935779816512,0.1339449541284399,-0.018348623853211288,0.021536066424493988,0.01899063475546298,2.9397590361445816,3.4794520547945345,0.5396930186499529,-0.002594706798131896,True,-0.022514041370596316,-0.019971153861154445,0.0025428875094418713,stop,stop,10_20,2024,2024-04
500,KVUE,small,2024-04-24,2024-04-25,2024-04-26,0.1339449541284399,0.05321100917431181,-0.08073394495412808,0.01899063475546298,0.007631578947368399,3.4794520547945345,10.275862068965536,6.796410014171001,-0.01144640998959412,True,-0.019971153861154445,-0.008623451432178464,0.011347702428975981,stop,stop,LE10,2024,2024-04
500,DHI,small,2024-04-30,2024-05-01,2024-05-02,0.11031175059952096,0.18513189448441317,0.0748201438848922,0.0161630358397752,0.026831641874044302,4.439130434782578,2.240932642487033,-2.1981977922955456,0.010962754743499614,True,0.07067861009762155,0.059068304023992324,-0.011610306073629229,target,target,10_20,2024,2024-05
500,ORCL,small,2024-04-30,2024-05-01,2024-05-02,0.06754966887417195,0.15496688741721884,0.08741721854304689,0.00895443771398469,0.020307211663629293,7.882352941176507,2.871794871794867,-5.0105580693816405,0.011588095865156856,True,0.06951199143646525,0.05726035706437327,-0.01225163437209198,target,target,10_20,2024,2024-05
500,DHI,small,2024-05-01,2024-05-02,2024-05-03,0.18513189448441317,0.4796163069544366,0.29448441247002344,0.026831641874044302,0.06666666666666667,2.240932642487033,0.2509999999999991,-1.9899326424870338,0.042680383706381164,True,0.059068304023992324,0.0157171081126104,-0.04335119591138192,target,target,GT30,2024,2024-05
500,DASH,large,2024-05-03,2024-05-06,2024-05-07,0.15841584158415833,0.15958066394874793,0.0011648223645895905,0.04753582663404402,0.047868623340321485,2.787500000000004,2.75985401459854,-0.027645985401464124,0.00034952813701516483,True,-0.048487814813320096,-0.04882027888920659,-0.00033246407588649607,stop,stop,10_20,2024,2024-05
500,CCL,small,2024-05-07,2024-05-08,2024-05-09,0.11749347258485615,0.26892950391644926,0.1514360313315931,0.01604850213980026,0.03598881900768697,4.106666666666679,1.231067961165048,-2.875598705501631,0.020684736091298284,True,0.06484047562524031,0.043260899249885965,-0.021579576375354348,target,target,20_30,2024,2024-05
500,DASH,large,2024-05-07,2024-05-08,2024-05-09,0.13075131042516,0.11648223645894,-0.01426907396622,0.03956295708873024,0.035398230088495575,3.5888641425389833,4.151000000000003,0.56213585746102,-0.004317561018591931,True,-0.04052291415310916,-0.03636234979855202,0.004160564354557139,stop,stop,10_20,2024,2024-05
500,F,small,2024-05-07,2024-05-08,2024-05-09,0.08206686930091174,0.11854103343465065,0.03647416413373891,0.011175496688741704,0.016062602965403648,6.311111111111122,4.061538461538454,-2.2495726495726682,0.004966887417218624,True,-0.012163827026883678,-0.01704604863960102,-0.004882221612717341,stop,stop,10_20,2024,2024-05
500,DASH,large,2024-05-08,2024-05-09,2024-05-10,0.11648223645894,0.22481071636575417,0.10832847990681417,0.035398230088495575,0.06614119259766962,4.151000000000003,1.6689119170984477,-2.482088082901556,0.032920353982300865,True,-0.03636234979855202,-0.06707458470901617,-0.030712234910464153,stop,stop,20_30,2024,2024-05
500,QID,small,2024-05-09,2024-05-10,2024-05-13,0.0060975609756096305,-0.03658536585365887,-0.0426829268292685,0.000882028665931624,-0.005325049922343066,97.4000000000021,,,-0.006174200661521523,False,-0.0018806473279346925,,,stop,,LE10,2024,2024-05
500,DASH,large,2024-05-10,2024-05-13,2024-05-14,0.1854979615608621,0.21170646476412333,0.026208503203261235,0.05521366039698365,0.06252687709641348,2.234536891679749,1.834112792297115,-0.400424099382634,0.007800988125162389,True,-0.05615797457949523,-0.06346388171700668,-0.007305907137511447,stop,stop,20_30,2024,2024-05
500,MPC,large,2024-05-24,2024-05-28,2024-05-29,0.16923373122834023,0.18579129765113606,0.016557566422795822,0.049398673710239364,0.053970917225950814,2.5453924914675787,2.2294300518134684,-0.3159624396541103,0.004833089805552415,True,-0.05034879997339747,-0.054916473530572496,-0.004567673557175023,stop,stop,10_20,2024,2024-05
500,MPC,large,2024-05-28,2024-05-29,2024-05-30,0.18579129765113606,0.05487100500577579,-0.13092029264536026,0.053970917225950814,0.016569767441860433,2.2294300518134684,9.934736842105279,7.705306790291811,-0.03803131991051456,True,-0.054916473530572496,-0.017552706205036905,0.03736376732553559,stop,stop,LE10,2024,2024-05
500,TOL,small,2024-05-28,2024-05-29,2024-05-30,0.03665521191294389,0.09908361970217659,0.062428407789232705,0.005398566005904686,0.014460046807087963,15.368749999999986,5.0554913294797545,-10.31325867052023,0.00919443272880649,True,-0.006392670387707855,-0.015445094236566037,-0.009052423848858182,stop,stop,LE10,2024,2024-05
500,MPC,large,2024-05-29,2024-05-30,2024-05-31,0.05487100500577579,0.06295725837504779,0.008086253369271997,0.016569767441860433,0.018965317248578948,9.934736842105279,8.530275229357846,-1.4044616127474328,0.0024418604651161857,True,-0.017552706205036905,-0.01994586165912504,-0.002393155454088136,stop,stop,LE10,2024,2024-05
500,TOL,small,2024-05-29,2024-05-30,2024-05-31,0.09908361970217659,0.2084765177548682,0.1093928980526916,0.014460046807087963,0.02994652406417113,5.0554913294797545,1.8780219780219771,-3.1774693514577774,0.015964560347709877,True,-0.015445094236566037,-0.030916092755761126,-0.01547099851919509,stop,stop,20_30,2024,2024-05
500,ZS,small,2024-05-29,2024-05-30,2024-05-31,0.07695729537366507,0.9888790035587188,0.9119217081850538,0.010646153846153783,0.12147540983606551,6.796531791907561,-0.39325236167341404,-7.189784153580975,0.12615384615384606,False,-0.011635013262599192,,,stop,,GT30,2024,2024-05
500,MPC,large,2024-05-30,2024-05-31,2024-06-03,0.06295725837504779,0.13900654601463225,0.07604928763958446,0.018965317248578948,0.04093666723365651,8.530275229357846,3.3163434903047087,-5.2139317390531374,0.022909175269690385,True,-0.01994586165912504,-0.04189525127440241,-0.02194938961527737,stop,stop,10_20,2024,2024-05
500,MPC,large,2024-05-31,2024-06-03,2024-06-04,0.13900654601463225,0.07758952637658839,-0.06141701963804386,0.04093666723365651,0.0232705855179582,3.3163434903047087,6.733002481389573,3.416658991084864,-0.018086976243125275,True,-0.04189525127440241,-0.024246826811793354,0.017648424462609058,stop,stop,LE10,2024,2024-06
500,MPC,large,2024-06-03,2024-06-04,2024-06-05,0.07758952637658839,0.13496341932999598,0.057373892953407585,0.0232705855179582,0.03979336966394182,6.733002481389573,3.445649072753214,-3.2873534086363585,0.017207529737844895,True,-0.024246826811793354,-0.04075309643089431,-0.016506269619100955,stop,stop,10_20,2024,2024-06
500,MPC,large,2024-06-04,2024-06-05,2024-06-06,0.13496341932999598,0.0831728917982286,-0.05179052753176738,0.03979336966394182,0.024903441517265194,3.445649072753214,6.2138888888888975,2.7682398161356834,-0.01527020890099906,True,-0.04075309643089431,-0.02587805077112104,0.014875045659773267,stop,stop,LE10,2024,2024-06
500,MPC,large,2024-06-05,2024-06-06,2024-06-07,0.0831728917982286,0.12090874085483252,0.03773584905660393,0.024903441517265194,0.03579775408995041,6.2138888888888975,3.9624203821656026,-2.251468506723295,0.01129878365135184,True,-0.02587805077112104,-0.03676147447566758,-0.010883423704546535,stop,stop,10_20,2024,2024-06
500,ANET,small,2024-06-06,2024-06-07,2024-06-10,0.1866632988128313,0.1310937105329629,-0.05556958827986841,0.02489892183288405,0.017617107942973515,2.2143437077131267,3.5768786127167576,1.3625349050036308,-0.0074123989218328745,True,0.07708948760121292,0.08513292572993891,0.008043438128725988,target_gap,target_gap,10_20,2024,2024-06
500,ANET,small,2024-06-07,2024-06-10,2024-06-11,0.1310937105329629,0.22530942157110292,0.09421571103814003,0.017617107942973515,0.029899775416484965,3.5768786127167576,1.6630044843049407,-1.9138741284118168,0.012661235573659058,True,0.08513292572993891,0.07156558147031822,-0.013567344259620695,target_gap,target_gap,20_30,2024,2024-06
500,WBD,small,2024-06-12,2024-06-13,2024-06-14,0.14678899082568753,-0.29357798165137666,-0.4403669724770642,0.020592020592020498,-0.04389574759945134,3.087500000000013,,,-0.061776061776061764,False,-0.02157093911216834,,,stop,,LE10,2024,2024-06
500,AMD,small,2024-06-18,2024-06-20,2024-06-21,0.11721698113207484,0.3990566037735855,0.28183962264151063,0.015947376865072905,0.05228677379480845,4.118712273641881,0.5035460992907785,-3.6151661743511028,0.03834429648644333,True,0.06461750674478295,0.025302985095833064,-0.039314521648949885,target,target,GT30,2024,2024-06
500,XME,small,2024-06-25,2024-06-26,2024-06-27,0.051767676767676324,0.21464646464646406,0.16287878787878773,0.007116819996528322,0.028862478777589063,10.590243902439127,1.7952941176470674,-8.79494978479206,0.022391945842735517,True,0.07429402812913999,0.05076534737724536,-0.023528680751894626,target,target,20_30,2024,2024-06
500,EL,small,2024-06-27,2024-06-28,2024-07-01,0.005006257822277739,-0.09699624530663309,-0.10200250312891082,0.0007272727272727117,-0.01430285134262247,118.85000000000267,,,-0.01481818181818173,False,-0.0017260460678749645,,,stop,,LE10,2024,2024-06
500,SQ,large,2024-06-28,2024-07-01,2024-07-02,0.1892166836215669,0.15666327568667332,-0.032553407934893586,0.0575673166202415,0.04814004376367612,2.1709677419354785,2.8298701298701316,0.6589023879346532,-0.009904054472299695,True,0.12385237279224848,0.13509440965669106,0.011242036864442584,target,target,10_20,2024,2024-07
500,SQ,large,2024-07-01,2024-07-02,2024-07-03,0.15666327568667332,0.17853509664292966,0.021871820956256338,0.04814004376367612,0.05449464368886816,2.8298701298701316,2.360683760683762,-0.4691863691863696,0.006720850265708123,True,0.13509440965669106,0.12751653982044875,-0.0075778698362423125,target,target,10_20,2024,2024-07
500,BBY,small,2024-07-02,2024-07-03,2024-07-05,0.06482281763180643,0.012964563526360549,-0.05185825410544588,0.00904704463208685,0.0018226002430132622,8.255999999999991,45.28000000000259,37.024000000002594,-0.007237635705669598,True,-0.010037502358591355,-0.002820278803489895,0.00721722355510146,stop,stop,LE10,2024,2024-07
500,SQ,large,2024-07-02,2024-07-03,2024-07-05,0.17853509664292966,0.16683621566632795,-0.011698880976601711,0.05449464368886816,0.05110626363353082,2.360683760683762,2.596341463414625,0.23565770273086306,-0.003570874087874376,True,0.12751653982044875,0.13155718806224814,0.004040648241799394,target,target,10_20,2024,2024-07
500,BBY,small,2024-07-03,2024-07-05,2024-07-08,0.012964563526360549,0.07519446845289462,0.062229904926534074,0.0018226002430132622,0.010479402553601426,45.28000000000259,6.979310344827667,-38.30068965517492,0.008748481166464206,True,-0.002820278803489895,0.0720663999486646,0.07488667875215449,stop,target,LE10,2024,2024-07
500,SQ,large,2024-07-03,2024-07-05,2024-07-08,0.16683621566632795,0.25534079348931854,0.0885045778229906,0.05110626363353082,0.07615291262135927,2.596341463414625,1.3498007968127472,-1.246540666601878,0.0271112496104704,True,0.13155718806224814,0.10168902199385754,-0.0298681660683906,target,target,20_30,2024,2024-07
500,ANF,small,2024-07-05,2024-07-08,2024-07-09,0.15945561649400813,0.4149908592321755,0.25553524273816736,0.02264727944146334,0.056876391982182646,2.762802547770691,0.44581497797356834,-2.3169875697971225,0.036293347181351354,True,-0.023624143729877534,-0.05781904426405948,-0.03419490053418195,stop,stop,GT30,2024,2024-07
500,BBY,small,2024-07-05,2024-07-08,2024-07-09,0.07519446845289462,0.31892826274848746,0.24373379429559283,0.010479402553601426,0.042986952469711064,6.979310344827667,0.8813008130081292,-6.098009531819537,0.03396771862201886,True,0.0720663999486646,0.036847070407014515,-0.03521932954165008,target,target,GT30,2024,2024-07
500,SQ,large,2024-07-08,2024-07-09,2024-07-10,0.182095625635809,0.1963377416073248,0.014242115971515812,0.05552109181141447,0.0596046942557135,2.2949720670391014,2.0559585492227925,-0.23901351781630886,0.004342431761786614,True,0.12629249891183436,0.12142279694001057,-0.004869701971823792,target,target,10_20,2024,2024-07
500,SQ,large,2024-07-09,2024-07-10,2024-07-11,0.1963377416073248,0.22939979654120027,0.03306205493387546,0.0596046942557135,0.06894970188044638,2.0559585492227925,1.6155210643015532,-0.44043748492123935,0.010037059913526658,True,0.12142279694001057,0.11027886148654797,-0.011143935453462595,target,target,20_30,2024,2024-07
500,LULU,large,2024-07-10,2024-07-11,2024-07-12,0.06732813607370644,0.10760689818095925,0.040278762107252813,0.019695922598479576,0.031112325398722766,7.9115789473684375,4.575850713501638,-3.3357282338667993,0.011782999308915132,True,-0.02067573676879586,-0.032080728871587416,-0.011404992102791556,stop,stop,10_20,2024,2024-07
500,CSGP,large,2024-07-11,2024-07-12,2024-07-15,0.1999130812690132,0.19556714471968706,-0.004345936549326135,0.06095944871455068,0.059713375796178345,2.00130434782609,2.0679999999999996,0.06669565217390971,-0.0013252054068380037,True,-0.020990101291787022,-0.02088406433725798,0.00010603695452904294,time,time,10_20,2024,2024-07
500,LULU,large,2024-07-11,2024-07-12,2024-07-15,0.10760689818095925,0.06850933144342086,-0.03909756673753839,0.031112325398722766,0.0200345423143351,4.575850713501638,7.75793103448274,3.182080320981102,-0.011304258734332828,True,-0.032080728871587416,-0.021014018034160697,0.011066710837426719,stop,stop,LE10,2024,2024-07
500,LULU,large,2024-07-12,2024-07-15,2024-07-16,0.06850933144342086,0.011103236475312986,-0.057406094968107876,0.0200345423143351,0.0033024170882518192,7.75793103448274,53.03829787234055,45.28036683785781,-0.016787564766839402,True,-0.021014018034160697,-0.004298616571421832,0.016715401462738866,stop,stop,LE10,2024,2024-07
500,LULU,large,2024-07-15,2024-07-16,2024-07-17,0.011103236475312986,0.07388377037562005,0.06278053390030706,0.0033024170882518192,0.02157231294511216,53.03829787234055,7.120863309352523,-45.91743456298803,0.01867270938729626,True,-0.004298616571421832,-0.022550251662808107,-0.018251635091386276,stop,stop,LE10,2024,2024-07
500,LULU,large,2024-07-16,2024-07-17,2024-07-18,0.07388377037562005,0.11634774391684408,0.042463973541224026,0.02157231294511216,0.03355476068812816,7.120863309352523,4.1569543147207995,-2.9639089946317236,0.012398475625528205,True,-0.022550251662808107,-0.03452072294631081,-0.011970471283502704,stop,stop,10_20,2024,2024-07
500,LULU,large,2024-07-17,2024-07-18,2024-07-19,0.11634774391684408,0.03827072997873858,-0.0780770139381055,0.03355476068812816,0.011291559210984906,4.1569543147207995,14.677777777777733,10.520823463056933,-0.02251745869528199,True,-0.03452072294631081,-0.012279773544606964,0.022240949401703847,stop,stop,LE10,2024,2024-07
500,CEG,large,2024-07-18,2024-07-19,2024-07-22,0.16955017301038078,0.23391003460207627,0.06435986159169549,0.052044609665427566,0.07040933236121243,2.5387755102040783,1.5650887573964483,-0.9736867528076301,0.019755708975039754,True,-0.05299209131493732,-0.07133845846579878,-0.018346367150861465,stop,stop,20_30,2024,2024-07
500,CSGP,large,2024-07-18,2024-07-19,2024-07-22,0.1894828335506301,0.14211212516297242,-0.04737070838765767,0.05796330763094921,0.044111695669769274,2.1665137614678898,3.222018348623857,1.0555045871559674,-0.014490826907737397,True,-0.009764992536967276,-0.002212370140303954,0.007552622396663322,time,time,10_20,2024,2024-07
500,LULU,large,2024-07-18,2024-07-19,2024-07-22,0.03827072997873858,-0.022442712024568587,-0.060713442003307166,0.011291559210984906,-0.006742370475514468,14.677777777777733,,,-0.01791315257545123,False,-0.012279773544606964,,,stop,,LE10,2024,2024-07
500,CSGP,large,2024-07-19,2024-07-22,2024-07-23,0.14211212516297242,0.23598435462842268,0.09387222946545026,0.044111695669769274,0.07117577664176178,3.222018348623857,1.5425414364640848,-1.6794769121597724,0.02913800080938911,True,-0.002212370140303954,-0.019070291830097563,-0.01685792168979361,time,time,20_30,2024,2024-07
500,APTV,large,2024-07-23,2024-07-24,2024-07-25,0.1443954968184044,0.09348996573666227,-0.050905531081742145,0.04333137485311403,0.028490453460620683,3.1552542372881347,5.4178010471203875,2.2625468098322528,-0.015276145710928168,True,0.15894623193691082,0.17692511142996525,0.017978879493054434,target_gap,target_gap,LE10,2024,2024-07
500,CEG,large,2024-07-23,2024-07-24,2024-07-25,0.1693771626297576,-0.03339100346020772,-0.20276816608996534,0.05199426416697643,-0.010930509146514169,2.5423901940755913,,,-0.06224441021828031,False,-0.05294179613682448,,,stop,,LE10,2024,2024-07
500,SRPT,small,2024-07-23,2024-07-24,2024-07-25,0.1349282296650714,0.13014354066985637,-0.004784688995215031,0.01925703359737772,0.01858685253519201,3.4468085106383057,3.610294117647058,0.16348560700875225,-0.0006828735318218371,True,-0.020237286437360336,-0.01956777522131381,0.0006695112160465255,stop,stop,10_20,2024,2024-07
500,ALNY,small,2024-07-24,2024-07-25,2024-07-26,0.15220048899755545,0.1891809290953543,0.036980440097798856,0.021102589092758244,0.02609612141652613,2.942168674698782,2.171567043618742,-0.7706016310800399,0.005127335904063557,True,0.061025819985468965,0.055613335827870314,-0.0054124841575986515,target,target,10_20,2024,2024-07
500,APTV,large,2024-07-24,2024-07-25,2024-07-26,0.09348996573666227,0.15271659324522777,0.0592266275085655,0.028490453460620683,0.045714285714285784,5.4178010471203875,2.928846153846151,-2.4889548932742365,0.018048926014319733,True,0.17692511142996525,0.1560594794178003,-0.02086563201216496,target_gap,target_gap,10_20,2024,2024-07
500,CCL,small,2024-07-25,2024-07-26,2024-07-29,0.1480730223123726,0.13184584178498956,-0.016227180527383034,0.021001150747986103,0.018742791234140674,3.0520547945205627,3.5507692307692387,0.49871443624867595,-0.0023014959723820505,True,-0.02197966034244081,-0.019723558059493773,0.0022561022829470367,stop,stop,10_20,2024,2024-07
500,RCL,small,2024-07-25,2024-07-26,2024-07-29,0.12740046838407493,0.13442622950819696,0.0070257611241220375,0.01758810216618169,0.01854005167958659,3.7095588235294152,3.463414634146335,-0.24614418938308003,0.0009699321047527132,True,-0.01857002310354683,-0.01952102114317511,-0.0009509980396282813,stop,stop,10_20,2024,2024-07
500,ALNY,small,2024-07-26,2024-07-29,2024-07-30,0.1320293398533013,0.18031784841075796,0.04828850855745667,0.018357200526919734,0.024903971972479025,3.544444444444423,2.327457627118642,-1.2169868173257812,0.0067139761186418845,True,0.06400154361267507,0.05690550529049365,-0.007096038322181419,target,target,10_20,2024,2024-07
500,BKNG,small,2024-07-26,2024-07-29,2024-07-30,0.17507609813131203,0.20936561372387,0.03428951559255797,0.023252389494257158,0.0276804251474504,2.427081174438689,1.8658001155401451,-0.561281058898544,0.004554094937217368,True,-0.024228648975022415,-0.02865225880547373,-0.004423609830451314,stop,stop,20_30,2024,2024-07
500,CCL,small,2024-07-26,2024-07-29,2024-07-30,0.13184584178498956,0.1277890466531431,-0.004056795131846452,0.018742791234140674,0.01817657241777252,3.5507692307692387,3.695238095238126,0.1444688644688874,-0.0005767012687428741,True,-0.019723558059493773,-0.0191579051789742,0.0005656528805195737,stop,stop,10_20,2024,2024-07
500,DDOG,small,2024-07-26,2024-07-29,2024-07-30,0.08323494687131025,0.0005903187721372556,-0.082644628099173,0.01182191665967969,8.48392296598381e-05,6.2085106382978905,1015.3999999994801,1009.1914893611822,-0.01173807327911458,True,-0.012809600900899332,-0.001084254682703456,0.011725346218195876,stop,stop,LE10,2024,2024-07
500,RCL,small,2024-07-26,2024-07-29,2024-07-30,0.13442622950819696,0.20187353629976595,0.06744730679156899,0.01854005167958659,0.027585765488991307,3.463414634146335,1.9721577726218087,-1.4912568615245265,0.009302325581395321,True,-0.01952102114317511,-0.02855769375936701,-0.009036672616191899,stop,stop,20_30,2024,2024-07
500,ALNY,small,2024-07-29,2024-07-30,2024-07-31,0.18031784841075796,0.16136919315403414,-0.018948655256723818,0.024903971972479025,0.022345422997164507,2.327457627118642,2.7181818181818183,0.39072419106317646,-0.002617027563209695,True,0.05690550529049365,0.0596787136923731,0.0027732084018794456,target,target,10_20,2024,2024-07
500,CCL,small,2024-07-29,2024-07-30,2024-07-31,0.1277890466531431,0.16835699797160208,0.04056795131845897,0.01817657241777252,0.02380952380952376,3.695238095238126,2.5638554216867524,-1.1313826735513737,0.0057703404500866196,True,-0.0191579051789742,-0.02478522643440173,-0.005627321255427531,stop,stop,10_20,2024,2024-07
500,BKNG,small,2024-07-31,2024-08-01,2024-08-02,0.13703711169794597,-0.678654222186385,-0.815691333884331,0.01829273215059348,-0.10166113558743681,3.3783759929390964,,,-0.1088845415918821,False,-0.019273948810113017,,,stop,,LE10,2024,2024-08
500,DE,small,2024-08-05,2024-08-06,2024-08-07,0.13504238998788862,0.18570851836899466,0.05066612838110604,0.019252352585685913,0.026285714285714253,3.4430493273542595,2.2308695652173944,-1.212179762136865,0.007223229445451729,True,0.06522104569747422,0.05758188905547246,-0.007639156642001765,target,target,10_20,2024,2024-08
500,EXPE,large,2024-08-05,2024-08-06,2024-08-07,0.1668608037274313,0.22510192195690135,0.058241118229470035,0.05071245242941844,0.06722323680320019,2.5958115183246138,1.665459249676588,-0.9303522686480257,0.017700681476236824,True,0.14948274159229813,0.12948999889132762,-0.01999274270097051,target_gap,target_gap,20_30,2024,2024-08
500,EXPE,large,2024-08-07,2024-08-08,2024-08-09,0.1779266161910309,0.6624927198602211,0.4845661036691902,0.053894328305548196,0.17498653949696166,2.372176759410802,-0.09432967032966981,-2.4665064297404715,0.14677604304489722,False,0.14562984010332336,,,target_gap,,GT30,2024,2024-08
500,TSCO,small,2024-08-07,2024-08-08,2024-08-09,0.16797312430011185,0.3754199328107507,0.20744680851063885,0.023667705415959923,0.05139506362103336,2.5720000000000027,0.5982102908277387,-1.973789709172264,0.029229616188710672,True,0.05981299516310279,0.029714826014863416,-0.030098169148239373,target,target,GT30,2024,2024-08
500,DXCM,small,2024-08-29,2024-08-30,2024-09-03,0.1956521739130436,0.08281573498964777,-0.11283643892339583,0.027000000000000007,0.011609345523146092,2.066666666666662,6.245000000000016,4.178333333333354,-0.01557142857142857,True,-0.02797251374312837,-0.012597242229269723,0.015375271513858646,stop,stop,LE10,2024,2024-08
500,DXCM,small,2024-08-30,2024-09-03,2024-09-04,0.08281573498964777,0.345755693581781,0.2629399585921332,0.011609345523146092,0.046745976207137906,6.245000000000016,0.7353293413173612,-5.509670658682655,0.036859672035989055,True,-0.012597242229269723,-0.047698753842113195,-0.03510151161284347,stop,stop,GT30,2024,2024-09
500,CDNS,small,2024-09-05,2024-09-06,2024-09-09,0.047084002140181644,0.033172819689673845,-0.013911182450507799,0.006988286678578483,0.00493375243703501,11.743181818181899,17.087096774193434,5.343914956011535,-0.0020647210641253633,True,-0.007980802134172071,-0.005928321400116454,0.0020524807340556173,stop,stop,LE10,2024,2024-09
500,FBTC,small,2024-09-05,2024-09-06,2024-09-09,0.12499999999999975,-0.041666666666666255,-0.16666666666666602,0.01813784764207978,-0.006195786864931788,3.8000000000000074,,,-0.024183796856106277,False,-0.019119219108704177,,,stop,,LE10,2024,2024-09
500,GBTC,small,2024-09-05,2024-09-06,2024-09-09,0.12061068702290069,-0.04732824427480953,-0.1679389312977102,0.01747014595311807,-0.00702629193109706,3.974683544303803,,,-0.02432551968155683,False,-0.018452184787747572,,,stop,,LE10,2024,2024-09
500,IBIT,small,2024-09-05,2024-09-06,2024-09-09,0.12262156448202932,-0.0401691331923893,-0.16279069767441862,0.017962217404769228,-0.006027918781725929,3.8931034482758777,,,-0.02384639207184891,False,-0.01894376441385992,,,stop,,LE10,2024,2024-09
500,ON,small,2024-09-05,2024-09-06,2024-09-09,0.15049504950495018,0.029702970297029438,-0.12079207920792075,0.021708083404741448,0.004360465116279029,2.9868421052631695,19.2000000000002,16.21315789473703,-0.017423593259068837,True,-0.02268588641982916,-0.007969271178364212,0.014716615241464948,stop,stop_gap,LE10,2024,2024-09
500,ANET,small,2024-09-06,2024-09-09,2024-09-10,0.14638993155221905,0.25855597262088736,0.11216604106866832,0.02072393098274567,0.036030769230769165,3.0986425339366512,1.3205807002561936,-1.7780618336804577,0.015878969742435523,True,0.06315236980159589,0.04653448045208175,-0.016617889349514137,target,target,20_30,2024,2024-09
500,INSM,small,2024-09-06,2024-09-09,2024-09-10,0.10638297872340505,0.12282398452611176,0.016441005802706715,0.015429934072099992,0.01777218024069404,4.639999999999963,3.8850393700787613,-0.7549606299212019,0.002384626174778859,True,-0.016414012099014497,-0.01875391719197772,-0.0023399050929632237,stop,stop,10_20,2024,2024-09
500,MCK,small,2024-09-06,2024-09-09,2024-09-10,0.07046253719231858,0.022450635650527795,-0.04801190154179079,0.010244813685969986,0.0032871287128713365,7.515163147792642,25.725301204818862,18.21013805702622,-0.006980631206371046,True,-0.04496298699534296,-0.038249360468280535,0.006713626527062422,stop_gap,stop_gap,LE10,2024,2024-09
500,PINS,small,2024-09-06,2024-09-09,2024-09-10,0.1995012468827933,0.19451371571072268,-0.004987531172070625,0.027109454422229774,0.026449643947100632,2.007499999999996,2.0846153846153928,0.07711538461539691,-0.0006777363605559028,True,-0.028081858765635737,-0.02742270777124134,0.0006591509943943974,stop,stop,10_20,2024,2024-09
500,GDXJ,small,2024-09-09,2024-09-10,2024-09-11,0.15436241610738283,0.2399328859060402,0.08557046979865737,0.021183513700207268,0.032544378698224845,2.886956521739124,1.5006993006993015,-1.3862572210398225,0.011743034768593175,True,0.060095257459918505,0.047791011185349674,-0.01230424627456883,target,target,20_30,2024,2024-09
500,INSM,small,2024-09-09,2024-09-10,2024-09-11,0.12282398452611176,0.10251450676982611,-0.02030947775628565,0.01777218024069404,0.014877192982456173,3.8850393700787613,4.85283018867924,0.9677908186004789,-0.002938706968933613,True,-0.01875391719197772,-0.01586182347422771,0.0028920937177500106,stop,stop,10_20,2024,2024-09
500,MCK,small,2024-09-09,2024-09-10,2024-09-11,0.022450635650527795,0.022585880443603136,0.00013524479307534115,0.0032871287128713365,0.003306865210589921,25.725301204818862,25.565269461077577,-0.16003174374128548,1.980198019801982e-05,True,-0.038249360468280535,-0.03826840465828729,-1.9044190006756168e-05,stop_gap,stop_gap,LE10,2024,2024-09
500,PINS,small,2024-09-09,2024-09-10,2024-09-11,0.19451371571072268,0.08478802992518704,-0.10972568578553564,0.026449643947100632,0.011703958691910495,2.0846153846153928,6.076470588235293,3.9918552036199,-0.014920311970159306,True,-0.02742270777124134,-0.012691760832148402,0.014730946939092937,stop,stop,LE10,2024,2024-09
500,SNAP,small,2024-09-09,2024-09-10,2024-09-11,0.10833333333333404,0.21666666666666662,0.10833333333333257,0.01520467836257319,0.029953917050691222,4.538461538461497,1.769230769230767,-2.7692307692307296,0.015204678362572999,True,-0.01618898153262538,0.05194292254794264,0.06813190408056802,stop,target,20_30,2024,2024-09
500,INSM,small,2024-09-10,2024-09-11,2024-09-12,0.10251450676982611,0.24564796905222488,0.14313346228239876,0.014877192982456173,0.034923690361611526,4.85283018867924,1.4425196850393671,-3.410310503639873,0.02077192982456144,True,-0.01586182347422771,-0.03588828437424341,-0.020026460900015697,stop,stop,20_30,2024,2024-09
500,MCK,small,2024-09-10,2024-09-11,2024-09-12,0.022585880443603136,0.08845009467135544,0.0658642142277523,0.003306865210589921,0.012826547422923081,25.565269461077577,5.783486238532085,-19.781783222545492,0.009643373398546595,True,-0.03826840465828729,-0.04745415987385593,-0.009185755215568636,stop_gap,stop_gap,LE10,2024,2024-09
500,PINS,small,2024-09-10,2024-09-11,2024-09-12,0.08478802992518704,0.20947630922693275,0.12468827930174571,0.011703958691910495,0.028426395939086288,6.076470588235293,1.8642857142857134,-4.21218487394958,0.01721170395869187,True,-0.012691760832148402,-0.029397483999117013,-0.01670572316696861,stop,stop,20_30,2024,2024-09
500,XP,small,2024-09-10,2024-09-11,2024-09-12,0.07851239669421399,0.1611570247933873,0.08264462809917332,0.010479867622724641,0.02127659574468069,6.642105263157976,2.7230769230769467,-3.9190283400810295,0.01103143960286812,True,-0.011468893242291944,0.056880397771654545,0.06834929101394649,stop,target,10_20,2024,2024-09
500,BIDU,large,2024-09-11,2024-09-12,2024-09-13,0.16167066346922415,0.16786570743405232,0.006195043964828173,0.048312929232606605,0.0500715307582259,2.7112484548825826,2.5742857142857245,-0.1369627405968581,0.0018512988951926435,True,0.12985793158959513,0.1277700920641256,-0.002087839525469537,target,target,10_20,2024,2024-09
500,GM,small,2024-09-11,2024-09-12,2024-09-13,0.19407638347622722,0.4466095089633675,0.25253312548714024,0.027858581338106904,0.06186568775642414,2.0915662650602447,0.34345549738219683,-1.7481107676780478,0.036249720295368215,True,0.05721032971990203,0.02022737281758613,-0.0369829569023159,target,target,GT30,2024,2024-09
500,MCK,small,2024-09-11,2024-09-12,2024-09-13,0.08845009467135544,0.07830673519069543,-0.010143359480660002,0.012826547422923081,0.011372341052383519,5.783486238532085,6.662176165803077,0.878689927270992,-0.0014709343374911255,True,-0.04745415987385593,-0.04605096347982174,0.0014031963940341896,stop_gap,stop_gap,LE10,2024,2024-09
500,BIDU,large,2024-09-12,2024-09-13,2024-09-16,0.16786570743405232,0.19664268585131847,0.028776978417266147,0.0500715307582259,0.05815602836879418,2.5742857142857245,2.05121951219513,-0.5230662020905945,0.008583690987124415,True,0.1277700920641256,0.1181720487274096,-0.009598043336715989,target,target,10_20,2024,2024-09
500,BIDU,large,2024-09-13,2024-09-16,2024-09-17,0.19664268585131847,0.21282973621103077,0.016187050359712296,0.05815602836879418,0.0626433739191811,2.05121951219513,1.819154929577471,-0.23206458261765905,0.004787234042553212,True,0.1181720487274096,0.11284460116862371,-0.005327447558785892,target,target,20_30,2024,2024-09
500,SPXS,small,2024-09-13,2024-09-16,2024-09-17,0.11707317073170738,0.0,-0.11707317073170738,0.01666666666666668,0.0,4.124999999999998,,,-0.01666666666666672,False,-0.017649508579043682,,,stop_gap,,LE10,2024,2024-09
500,HAL,small,2024-09-26,2024-09-27,2024-09-30,0.1094527363184082,0.242537313432836,0.13308457711442778,0.015733953155730424,0.034210526315789525,4.481818181818171,1.473846153846153,-3.007972027972018,0.01913105667799031,True,0.06944673559876624,0.04937115652699986,-0.02007557907176638,target,target,20_30,2024,2024-09
500,TMF,small,2024-10-02,2024-10-03,2024-10-04,0.03102625298329331,-0.3723150357995231,-0.4033412887828164,0.004572634540977805,-0.05833956619296942,18.338461538461683,,,-0.05944424903271195,False,-0.005567564441486428,,,stop,,LE10,2024,2024-10
500,SDS,large,2024-10-09,2024-10-10,2024-10-11,0.02553191489361678,0.02553191489361678,0.0,0.007292173067574068,0.007292173067574068,22.500000000000213,22.500000000000213,0.0,0.0,True,-0.008284384788645793,-0.008284384788645793,0.0,stop,stop,LE10,2024,2024-10
500,SDS,large,2024-10-10,2024-10-11,2024-10-14,0.02553191489361678,-0.03574468085106398,-0.06127659574468076,0.007292173067574068,-0.010390895596239527,22.500000000000213,,,-0.017501215362177858,False,-0.008284384788645793,,,stop,,LE10,2024,2024-10
500,DKNG,small,2024-10-14,2024-10-15,2024-10-16,0.18248175182481738,0.25000000000000067,0.06751824817518329,0.026434047052603753,0.03586387434554986,2.288000000000004,1.3999999999999948,-0.888000000000009,0.009780597409463576,True,-0.027407126465844422,-0.03682752864405481,-0.009420402178210385,stop,stop,20_30,2024,2024-10
500,KLAC,large,2024-10-17,2024-10-18,2024-10-21,0.10408397743889675,0.1540630875287236,0.04997911008982686,0.029838456125641837,0.043542435424354244,4.764576016056212,2.8945084745762726,-1.8700675414799397,0.01432784872666315,True,-0.030808132831163237,-0.04449841499914242,-0.013690282167979184,stop,stop,10_20,2024,2024-10
500,AMD,small,2024-10-18,2024-10-21,2024-10-22,0.1547729379054681,0.1913809082483778,0.03660797034290972,0.021436364803286076,0.02637292464878669,2.8766467065868246,2.1351089588377774,-0.7415377477490472,0.005070277902573528,True,-0.022414439401183706,-0.02734606515388527,-0.004931625752701563,stop,stop,10_20,2024,2024-10
500,KLAC,large,2024-10-21,2024-10-22,2024-10-23,0.1175579695007311,0.08690202632128674,-0.030655943179444353,0.033571460530044284,0.025036109773712064,4.103864948911598,5.904326923076931,1.8004619741653327,-0.008754530133778804,True,-0.03453740609673073,-0.02601058642561227,0.008526819671118457,stop,stop,LE10,2024,2024-10
500,MCHP,large,2024-10-21,2024-10-22,2024-10-23,0.1320754716981129,0.18751455858374122,0.05543908688562832,0.03800268096514737,0.053107270088402235,3.5428571428571547,2.1997515527950275,-1.3431055900621272,0.01595174262734611,True,-0.038964197525901856,-0.05405368960855361,-0.015089492082651756,stop,stop,10_20,2024,2024-10
500,KLAC,large,2024-10-22,2024-10-23,2024-10-24,0.08690202632128674,0.16059118445790682,0.07368915813662008,0.025036109773712064,0.045303867403314914,5.904326923076931,2.736195121951221,-3.1681318011257096,0.021229537794896558,True,-0.02601058642561227,-0.04625808642640006,-0.020247500000787788,stop,stop,10_20,2024,2024-10
500,Z,small,2024-10-22,2024-10-23,2024-10-24,0.15741270749856887,0.0704064109902692,-0.08700629650829966,0.022701007099224037,0.010282561444574519,2.8116363636363686,7.521951219512179,4.71031485587581,-0.012547465742116515,True,-0.025409616472925722,-0.013025588860811177,0.012384027612114545,stop_gap,stop_gap,LE10,2024,2024-10
500,INTC,small,2024-10-23,2024-10-24,2024-10-25,0.14617940199335583,0.25913621262458497,0.11295681063122914,0.019918515165233196,0.03477485510477045,3.1045454545454443,1.3153846153846132,-1.7891608391608311,0.015391579900407404,True,-0.02089810685422344,-0.03573959787827896,-0.01484149102405552,stop,stop,20_30,2024,2024-10
500,Z,small,2024-10-23,2024-10-24,2024-10-25,0.0704064109902692,0.1482541499713796,0.07784773898111039,0.010282561444574519,0.021408497272276436,7.521951219512179,3.047104247104247,-4.474846972407931,0.011369336231399352,True,-0.013025588860811177,-0.024120688870310936,-0.011095100009499759,stop_gap,stop_gap,10_20,2024,2024-10
500,KLAC,large,2024-10-24,2024-10-25,2024-10-28,0.11317108836431981,0.13578441612701064,0.02261332776269083,0.03235922170621345,0.03857566765578635,4.301707429626223,3.4187692307692323,-0.8829381988569907,0.00646587125001874,True,-0.03332637890590728,-0.03953661151620025,-0.006210232610292965,stop,stop,10_20,2024,2024-10
500,ALB,small,2024-10-25,2024-10-28,2024-10-29,0.15015015015015024,0.4091591591591585,0.25900900900900825,0.021299254526091587,0.055983564458140615,2.995999999999995,0.4664220183486252,-2.5295779816513697,0.036741214057507854,True,0.06274928563407323,0.025086367961371314,-0.03766291767270191,target,target,GT30,2024,2024-10
500,KLAC,large,2024-10-25,2024-10-28,2024-10-29,0.13578441612701064,0.1463338207645706,0.010549404637559961,0.03857566765578635,0.041448477855684715,3.4187692307692323,3.1002141327623165,-0.31855509800691584,0.0029970326409496373,True,-0.03953661151620025,-0.042406550341585914,-0.002869938825385665,stop,stop,10_20,2024,2024-10
500,SQQQ,small,2024-10-25,2024-10-28,2024-10-29,0.04687499999999993,0.17187500000000006,0.1250000000000001,0.006451612903225797,0.02325581395348838,11.800000000000011,2.490909090909088,-9.309090909090923,0.017204301075268935,True,-0.007444664764391873,-0.024232070011505735,-0.016787405247113862,stop,stop,10_20,2024,2024-10
500,ALGN,large,2024-10-29,2024-10-30,2024-10-31,0.1320849356294935,0.12690185587694372,-0.00518307975254978,0.03744785741372775,0.03603133159268931,3.5425316455696167,3.7280632411067174,0.18553159553710064,-0.0014694728858551942,True,0.13152812577404882,0.13319332263609462,0.0016651968620458035,target,target,10_20,2024,2024-10
500,CARR,small,2024-10-29,2024-10-30,2024-10-31,0.16713091922005552,0.08913649025069584,-0.07799442896935968,0.02421307506053265,0.013061224489795834,2.5900000000000074,5.731250000000046,3.141250000000039,-0.011299435028248594,True,-0.025188374335834318,-0.014047670042529714,0.011140704293304604,stop,stop,LE10,2024,2024-10
500,FANG,small,2024-10-29,2024-10-30,2024-10-31,0.06716712761754313,0.12603713947056489,0.05887001185302175,0.009612122582833976,0.017886178861788605,7.932941176470503,3.760501567398125,-4.172439609072377,0.008424742734365998,True,-0.01060201551378559,-0.018867801871421896,-0.008265786357636307,stop,stop,10_20,2024,2024-10
500,ALGN,large,2024-10-30,2024-10-31,2024-11-01,0.12690185587694372,0.029259321183748535,-0.09764253469319518,0.03603133159268931,0.00854450466285826,3.7280632411067174,19.50628571428571,15.778222473178992,-0.027723712319012606,True,0.13319332263609462,0.16550546073577155,0.032312138099676924,target,target,LE10,2024,2024-10
500,CARR,small,2024-10-30,2024-10-31,2024-11-01,0.08913649025069584,0.026926648096563803,-0.062209842154132035,0.013061224489795834,0.0039818756007138825,5.731250000000046,21.282758620690277,15.551508620690232,-0.009115646258503474,True,-0.014047670042529714,-0.004977395964930964,0.00907027407759875,stop,stop,LE10,2024,2024-10
500,FANG,small,2024-10-30,2024-10-31,2024-11-01,0.12603713947056489,0.08850256815487985,-0.037534571315685036,0.017886178861788605,0.012626832018038383,3.760501567398125,5.779464285714261,2.018962718316136,-0.005326604990187778,True,-0.018867801871421896,-0.01361371174615622,0.005254090125265676,stop,stop,LE10,2024,2024-10
500,ALGN,large,2024-10-31,2024-11-01,2024-11-04,0.029259321183748535,0.098812907540545,0.06955358635679647,0.00854450466285826,0.028281571517442677,19.50628571428571,5.072081218274115,-14.434204496011596,0.02031150822713723,True,0.16550546073577155,0.1423035527266754,-0.02320190800909616,target,target,LE10,2024,2024-11
500,CARR,small,2024-10-31,2024-11-01,2024-11-04,0.026926648096563803,-0.018570102135562018,-0.04549675023212582,0.0039818756007138825,-0.002764722145424424,21.282758620690277,,,-0.006727996704654626,False,-0.004977395964930964,,,stop,,LE10,2024,2024-11
500,FANG,small,2024-10-31,2024-11-01,2024-11-04,0.08850256815487985,0.1197155274595022,0.031212959304622354,0.012626832018038383,0.0170043212301476,5.779464285714261,4.011881188118812,-1.7675830975954492,0.004453213077790341,True,-0.01361371174615622,-0.019444483942438473,-0.005830772196282252,stop,stop_gap,10_20,2024,2024-11
500,MU,small,2024-10-31,2024-11-01,2024-11-04,0.05156037991858827,0.14179104477611873,0.09023066485753045,0.007587859424920037,0.02059316188787062,10.63684210526329,3.2315789473684404,-7.405263157894849,0.013278753993610115,True,-0.008579775607403861,0.06682110713290523,0.0754008827403091,stop,target_gap,10_20,2024,2024-11
500,ALGN,large,2024-11-01,2024-11-04,2024-11-05,0.098812907540545,0.09179067045644555,-0.00702223708409945,0.028281571517442677,0.026324622392711623,5.072081218274115,5.536612021857912,0.4645308035837967,-0.0020098578743359408,True,0.1423035527266754,0.1446040441778631,0.002300491451187714,target,target,LE10,2024,2024-11
500,FANG,small,2024-11-01,2024-11-04,2024-11-05,0.1197155274595022,-0.010272619517976724,-0.12998814697747893,0.0170043212301476,-0.0014865637507146421,4.011881188118812,,,-0.01846343790336158,False,-0.019444483942438473,,,stop_gap,,LE10,2024,2024-11
500,MU,small,2024-11-01,2024-11-04,2024-11-05,0.14179104477611873,0.17706919945725919,0.035278154681140456,0.02059316188787062,0.025585726889520627,3.2315789473684404,2.3885057471264353,-0.8430732002420052,0.005123657503202317,True,0.06682110713290523,0.06138294444582448,-0.00543816268708075,target_gap,target_gap,10_20,2024,2024-11
500,ALGN,large,2024-11-04,2024-11-05,2024-11-06,0.09179067045644555,0.3195117873265338,0.22772111687008822,0.026324622392711623,0.08601521357519011,5.536612021857912,0.8778649921507076,-4.658747029707204,0.06530807959721874,True,0.1446040441778631,0.07443477253136521,-0.07016927164649789,target,target,GT30,2024,2024-11
500,MU,small,2024-11-04,2024-11-05,2024-11-06,0.17706919945725919,0.6092265943012207,0.43215739484396154,0.025585726889520627,0.08285661561173639,2.3885057471264353,-0.015144766146992856,-2.403650513273428,0.0624448583472208,False,0.06138294444582448,,,target_gap,,GT30,2024,2024-11
500,SLV,small,2024-11-08,2024-11-11,2024-11-12,0.0128865979381436,0.020618556701030494,0.007731958762886893,0.0017876296031461266,0.0028571428571427964,45.56000000000263,28.10000000000061,-17.460000000002022,0.0010725777618878496,True,-0.002785343116786021,-0.0038537873920181376,-0.0010684442752321166,stop,stop,LE10,2024,2024-11
500,SLV,small,2024-11-11,2024-11-12,2024-11-13,0.020618556701030494,-0.07216494845360856,-0.09278350515463905,0.0028571428571427964,-0.010130246020260534,28.10000000000061,,,-0.01285714285714279,False,-0.0038537873920181376,,,stop,,LE10,2024,2024-11
500,TTD,small,2024-11-15,2024-11-18,2024-11-19,0.1509543088490456,0.05031810294968214,-0.10063620589936345,0.022124268881919127,0.007485158736987047,2.9747126436781657,10.924137931034432,7.9494252873562665,-0.01474951258794599,True,0.06474806167315617,0.08068767818620182,0.01593961651304565,target,target,LE10,2024,2024-11
500,TTD,small,2024-11-18,2024-11-19,2024-11-20,0.05031810294968214,0.37941006362058993,0.3290919606709078,0.007485158736987047,0.05380577427821524,10.924137931034432,0.581402439024391,-10.342735492010041,0.048954658866041445,True,0.08068767818620182,0.030252040974263705,-0.05043563721193811,target,target,GT30,2024,2024-11
500,KLAC,small,2024-11-20,2024-11-21,2024-11-22,0.1994924417963139,0.21328478428776265,0.013792342491448756,0.02879898056705946,0.03072887687783154,2.007632743362846,1.813140196585631,-0.19449254677721495,0.0019910799617712804,True,0.05676048723010285,0.054660573695347825,-0.002099913534755027,target,target,20_30,2024,2024-11
500,ON,small,2024-12-04,2024-12-05,2024-12-06,0.17030567685589523,0.21397379912663816,0.04366812227074293,0.02367941712204011,0.02957151478575751,2.5230769230769243,1.8040816326530547,-0.7189952904238697,0.006071645415907767,True,0.05868577550933107,0.05229660365954625,-0.006389171849784825,target,target,20_30,2024,2024-12
500,LDOS,large,2024-12-09,2024-12-10,2024-12-11,0.1594670972951152,0.151190956802584,-0.008276140492531225,0.04904090880874049,0.04661438884739861,2.762531645569616,2.9684913217623436,0.2059596761927276,-0.0025451610900738553,True,-0.04999139265800712,-0.04756729800397275,0.00242409465403437,stop,stop,10_20,2024,2024-12
500,DELL,large,2024-12-10,2024-12-11,2024-12-12,0.1765030336458906,0.1685052399338114,-0.007997793712079204,0.0543293718166383,0.05199557484469406,2.399375000000005,2.5607201309328977,0.16134513093289282,-0.002461799660441355,True,-0.05527456984580692,-0.052943105504519306,0.0023314643412876146,stop,stop,10_20,2024,2024-12
500,INTC,large,2024-12-10,2024-12-11,2024-12-12,0.028615622583139787,0.00850734725444698,-0.020108275328692807,0.009181141439205892,0.002747252747252733,19.96756756756772,69.52727272727311,49.559705159705395,-0.006451612903225712,True,-0.010171465135918378,-0.0037440071173202583,0.00642745801859812,stop,stop,LE10,2024,2024-12
500,LDOS,large,2024-12-10,2024-12-11,2024-12-12,0.151190956802584,-0.06237383932176027,-0.21356479612434426,0.04661438884739861,-0.020586275816122608,2.9684913217623436,,,-0.06584515807816782,False,-0.04756729800397275,,,stop,,LE10,2024,2024-12
500,OKE,small,2024-12-10,2024-12-11,2024-12-12,0.07278594478307637,0.008246683399068415,-0.06453926138400795,0.009657469077069464,0.001103646833013523,7.243349753694582,71.75652173912471,64.51317198543012,-0.008563273073263433,True,-0.010647316684188834,-0.002102043987603164,0.00854527269658567,stop,stop,LE10,2024,2024-12
500,INTC,large,2024-12-11,2024-12-12,2024-12-13,0.00850734725444698,0.09667440061871617,0.0881670533642692,0.002747252747252733,0.030354541039339485,69.52727272727311,5.206400000000002,-64.32087272727311,0.02847152847152845,True,-0.0037440071173202583,-0.031323701917860824,-0.027579694800540566,stop,stop,LE10,2024,2024-12
500,OKE,small,2024-12-11,2024-12-12,2024-12-13,0.008246683399068415,0.03334528504840467,0.025098601649336257,0.001103646833013523,0.004447632711621266,71.75652173912471,16.993548387096652,-54.762973352028055,0.0033589251439538614,True,-0.002102043987603164,-0.005442687551489689,-0.003340643563886525,stop,stop,LE10,2024,2024-12
500,X,large,2024-12-11,2024-12-12,2024-12-13,0.11088709677419367,0.013104838709677675,-0.097782258064516,0.031856356791196104,0.003873659117997692,4.410909090909082,44.78461538461447,40.37370629370539,-0.02809151462496373,True,-0.032824016604498074,-0.004869287644616249,0.027954728959881825,stop,stop,LE10,2024,2024-12
500,FCX,large,2024-12-12,2024-12-13,2024-12-16,0.11759935117599318,0.0754257907542579,-0.042173560421735284,0.03474718427989446,0.022567338024751266,4.102068965517254,6.954838709677418,2.852769744160164,-0.012461059190031043,True,-0.03882410579996365,-0.026695703349489897,0.012128402450473752,stop_gap,stop_gap,LE10,2024,2024-12
500,INTC,large,2024-12-12,2024-12-13,2024-12-16,0.09667440061871617,0.030162412993039487,-0.06651198762567669,0.030354541039339485,0.009672619047619062,5.206400000000002,18.892307692307668,13.685907692307666,-0.020883924235065576,True,-0.031323701917860824,-0.010662451512339022,0.020661250405521803,stop,stop,LE10,2024,2024-12
500,OKE,small,2024-12-12,2024-12-13,2024-12-16,0.03334528504840467,-0.008963786303334524,-0.0423090713517392,0.004447632711621266,-0.0012023855328972682,16.993548387096652,,,-0.00564323290291735,False,-0.005442687551489689,,,stop,,LE10,2024,2024-12
500,X,large,2024-12-12,2024-12-13,2024-12-16,0.013104838709677675,-0.04334677419354835,-0.05645161290322602,0.003873659117997692,-0.013030303030303022,44.78461538461447,,,-0.0166865315852206,False,-0.004869287644616249,,,stop,,LE10,2024,2024-12
500,FCX,large,2024-12-13,2024-12-16,2024-12-17,0.0754257907542579,-0.01054339010543411,-0.085969180859692,0.022567338024751266,-0.003237858032378644,6.954838709677418,,,-0.0257219121572434,False,-0.026695703349489897,,,stop_gap,,LE10,2024,2024-12
500,INTC,large,2024-12-13,2024-12-16,2024-12-17,0.030162412993039487,0.10595514307811273,0.07579273008507324,0.009672619047619062,0.03317191283292972,18.892307692307668,4.662773722627749,-14.229533969679919,0.02430555555555558,True,-0.010662451512339022,-0.034138257747639345,-0.023475806235300323,stop,stop,10_20,2024,2024-12
500,URI,small,2024-12-13,2024-12-16,2024-12-17,0.054172904191617494,-0.14193488023952058,-0.19610778443113808,0.007422315659932413,-0.019983665296659237,10.075647668393641,,,-0.0268690390729156,False,-0.008414397303450616,,,stop,,LE10,2024,2024-12
500,INTC,large,2024-12-16,2024-12-17,2024-12-18,0.10595514307811273,0.0796597061098222,-0.026295436968290523,0.03317191283292972,0.025146484375000028,4.662773722627749,6.532038834951451,1.8692651123237018,-0.008232445520581,True,-0.034138257747639345,-0.02612085070745873,0.008017407040180613,stop,stop,LE10,2024,2024-12
500,CEG,large,2024-12-17,2024-12-18,2024-12-19,0.192027368734196,0.11081362486985004,-0.08121374386434597,0.05509559576647319,0.03255265227650099,2.1245546088303646,4.414496644295289,2.2899420354649243,-0.02330146807784217,True,-0.0560400279546126,-0.0335196161422916,0.022520411812321006,stop,stop,10_20,2024,2024-12
500,INTC,large,2024-12-17,2024-12-18,2024-12-19,0.0796597061098222,-0.06728538283062625,-0.14694508894044844,0.025146484375000028,-0.022273425499231884,6.532038834951451,,,-0.04638671875,False,-0.02612085070745873,,,stop,,LE10,2024,2024-12
500,LDOS,small,2024-12-17,2024-12-18,2024-12-19,0.15588235294117675,-0.009313725490195964,-0.1651960784313727,0.021135185431343923,-0.0012917261540553247,2.8490566037735796,,,-0.022397979529443113,False,-0.02211356105809914,,,stop,,LE10,2024,2024-12
500,CEG,large,2024-12-18,2024-12-19,2024-12-20,0.11081362486985004,0.005949724825226919,-0.10486390004462312,0.03255265227650099,0.0018033452053559608,4.414496644295289,99.84499999999855,95.43050335570327,-0.030804858865682072,True,-0.0335196161422916,-0.002801043011247506,0.03071857313104409,stop,stop,LE10,2024,2024-12
500,DELL,large,2024-12-18,2024-12-19,2024-12-20,0.07804743519029231,-0.0165471594043025,-0.09459459459459481,0.024774577606583192,-0.005415162454873723,6.687632508833928,,,-0.030027138229887118,False,-0.025749315659949756,,,stop,,LE10,2024,2024-12
500,CEG,large,2024-12-19,2024-12-20,2024-12-23,0.005949724825226919,0.08582478060389724,0.07987505577867032,0.0018033452053559608,0.025398362531913066,99.84499999999855,5.990987868284215,-93.85401213171434,0.024209909381903483,True,-0.002801043011247506,0.15100969631391714,0.15381073932516465,stop,target,LE10,2024,2024-12
500,CEG,large,2024-12-20,2024-12-23,2024-12-24,0.08582478060389724,0.11230105607615666,0.02647627547225942,0.025398362531913066,0.032975192173305426,5.990987868284215,4.342781456953634,-1.6482064113305812,0.007835196760278107,True,0.15100969631391714,0.1420614203729722,-0.008948275940944939,target,target,10_20,2024,2024-12
500,KWEB,large,2024-12-20,2024-12-23,2024-12-24,0.014736842105262844,0.057894736842104964,0.04315789473684212,0.004696410600469541,0.01819986763732618,39.7142857142866,9.363636363636424,-30.35064935065018,0.013753773901375332,True,-0.005691216786775866,-0.019181177114949932,-0.013489960328174067,stop,stop,LE10,2024,2024-12
500,CEG,large,2024-12-23,2024-12-24,2024-12-26,0.11230105607615666,0.10650007437156028,-0.005800981704596378,0.032975192173305426,0.03132519578247363,4.342781456953634,4.633798882681566,0.2910174257279321,-0.0017033542976939708,True,0.1420614203729722,0.14401007485057393,0.00194865447760173,target,target,10_20,2024,2024-12
500,KWEB,large,2024-12-23,2024-12-24,2024-12-26,0.057894736842104964,0.034736842105262976,-0.02315789473684199,0.01819986763732618,0.010999999999999944,9.363636363636424,16.27272727272737,6.909090909090946,-0.007279947054930513,True,-0.019181177114949932,-0.011988505747126177,0.007192671367823755,stop,stop,LE10,2024,2024-12
500,CEG,large,2024-12-24,2024-12-26,2024-12-27,0.10650007437156028,0.10069909266696432,-0.005800981704595962,0.03132519578247363,0.02966955911999303,4.633798882681566,4.9583456425406105,0.3245467598590448,-0.0017062606641290445,True,0.14401007485057393,0.1459653905188698,0.001955315668295876,target,target,10_20,2024,2024-12
500,KWEB,large,2024-12-24,2024-12-26,2024-12-27,0.034736842105262976,0.005263157894736543,-0.029473684210526433,0.010999999999999944,0.001682368775235436,16.27272727272737,113.00000000000654,96.72727272727917,-0.009333333333333416,True,-0.011988505747126177,-0.0026801874970991957,0.009308318250026981,stop,stop,LE10,2024,2024-12
500,CEG,large,2024-12-26,2024-12-27,2024-12-30,0.10069909266696432,0.0301948534880262,-0.07050423917893812,0.02966955911999303,0.009085213032581458,4.9583456425406105,18.87093596059112,13.912590318050508,-0.020773073889035043,True,0.1459653905188698,0.17027561228336774,0.02431022176449793,target,target,LE10,2024,2024-12
500,KWEB,large,2024-12-26,2024-12-27,2024-12-30,0.005263157894736543,-0.027368421052631743,-0.03263157894736829,0.001682368775235436,-0.008840530431825963,113.00000000000654,,,-0.010430686406460277,False,-0.0026801874970991957,,,stop,,LE10,2024,2024-12
500,HPQ,small,2024-12-30,2024-12-31,2025-01-02,0.13361169102296466,0.11482254697285955,-0.018789144050105108,0.01952410006101283,0.016824717038849715,3.4906249999999996,4.225454545454577,0.734829545454577,-0.0027455765710799884,True,-0.0003899819461837817,-0.0068058659565903845,-0.006415884010406603,time,time,10_20,2024,2024-12
500,DKNG,large,2025-01-02,2025-01-03,2025-01-06,0.0882899628252791,0.2537174721189595,0.1654275092936804,0.026344980587909118,0.07214587737843561,5.795789473684185,1.36483516483516,-4.430954308849025,0.04936217415418742,True,0.15153784727159447,0.0973693121726662,-0.05416853509892827,target,target,20_30,2025,2025-01
500,FERG,large,2025-01-02,2025-01-03,2025-01-06,0.05271378367825046,0.09957048028114007,0.04685669660288961,0.015455065827132162,0.028797289666854853,10.38222222222227,5.025882352941183,-5.356339869281086,0.013737836290784289,True,-0.016439118734851044,-0.02976800701851212,-0.013328888283661078,stop,stop,LE10,2025,2025-01
500,GDX,large,2025-01-02,2025-01-03,2025-01-06,0.13474494706448495,0.11260827718960555,-0.022136669874879403,0.03973885892705077,0.033428571428571474,3.4528571428571486,4.328205128205122,0.8753479853479731,-0.00652852682372973,True,0.12121713767016584,0.14354160062825727,0.02232446295809143,time,target,10_20,2025,2025-01
500,UNH,large,2025-01-02,2025-01-03,2025-01-06,0.1970821767477892,0.24001032857788393,0.04292815183009474,0.06029426286165701,0.07247563352826512,2.044415329184405,1.4998924152770292,-0.5445229139073757,0.013133208255159401,True,0.08156823138741687,0.061705794276351256,-0.01986243711106561,time,time,20_30,2025,2025-01
500,FERG,large,2025-01-03,2025-01-06,2025-01-07,0.09957048028114007,0.016790316282702337,-0.08278016399843774,0.028797289666854853,0.004975124378109532,5.025882352941183,34.734883720929666,29.709001367988485,-0.023941276115189036,True,-0.02976800701851212,-0.005969651989925273,0.02379835502858685,stop,stop,LE10,2025,2025-01
500,GDX,large,2025-01-03,2025-01-06,2025-01-07,0.11260827718960555,0.13666987487969218,0.02406159769008663,0.033428571428571474,0.04028368794326246,4.328205128205122,3.3901408450704182,-0.9380642831347035,0.0071428571428571175,True,0.14354160062825727,0.13543137651032655,-0.00811022411793072,target,target,10_20,2025,2025-01
500,ODFL,large,2025-01-03,2025-01-06,2025-01-07,0.0977443609022557,0.10963455149501679,0.011890190592761085,0.03077177144115382,0.03438631128660749,5.138461538461534,4.472727272727263,-0.6657342657342715,0.0037432566332709083,True,-0.03174051529778421,-0.03535144240975918,-0.003610927111974971,stop,stop,10_20,2025,2025-01
500,FERG,large,2025-01-06,2025-01-07,2025-01-08,0.016790316282702337,-0.009761811792268645,-0.026552128074970982,0.004975124378109532,-0.0029154518950437317,34.734883720929666,,,-0.007867638551429024,False,-0.005969651989925273,,,stop,,LE10,2025,2025-01
500,GDX,large,2025-01-06,2025-01-07,2025-01-08,0.13666987487969218,0.15303176130895124,0.016361886429259065,0.04028368794326246,0.04488989271597977,3.3901408450704182,2.9207547169811248,-0.4693861280892935,0.0048226950354610665,True,0.13543137651032655,0.1299818188026256,-0.005449557707700947,target,target,10_20,2025,2025-01
500,ODFL,large,2025-01-06,2025-01-07,2025-01-08,0.10963455149501679,0.05560412659555879,-0.054030424899458,0.03438631128660749,0.017740585774058616,4.472727272727263,9.790566037735823,5.317838765008561,-0.016946363935505082,True,-0.03535144240975918,-0.018722354304019473,0.01662908810573971,stop,stop,LE10,2025,2025-01
500,GDX,large,2025-01-07,2025-01-08,2025-01-10,0.15303176130895124,0.2723772858517804,0.11934552454282915,0.04488989271597977,0.07719585379159843,2.9207547169811248,1.2028268551236767,-1.717927861857448,0.03500846979107841,True,0.1299818188026256,0.09176093895223714,-0.03822087985038847,target,target,20_30,2025,2025-01
500,SHOP,small,2025-01-07,2025-01-08,2025-01-10,0.12652536929993577,-0.03660886319845907,-0.16313423249839484,0.01850112697220134,-0.005483933038291393,3.742131979695434,,,-0.0238542449286252,False,-0.0248299028547333,,,stop_gap,,LE10,2025,2025-01
500,MCHP,small,2025-01-08,2025-01-10,2025-01-13,0.02826379542395609,-0.06056527590847952,-0.08882907133243562,0.00378514780100926,-0.008208682962422525,20.228571428572053,,,-0.011896178803172286,False,-0.0047808647947111815,,,stop,,LE10,2025,2025-01
500,WDAY,small,2025-01-10,2025-01-13,2025-01-14,0.03267792855164792,-0.005815563555801148,-0.03849349210744907,0.004756721893014096,-0.0008513053348466821,17.361016949152432,,,-0.005603257145160634,False,-0.005751467798168375,,,stop,,LE10,2025,2025-01
500,LHX,large,2025-01-13,2025-01-14,2025-01-15,0.19478868763902124,0.21004130918334932,0.015252621544328077,0.057015300190671026,0.06120653733969164,2.0802610114192506,1.8565809379727676,-0.223680073446483,0.004464493326512553,True,-0.039885396091890235,-0.06214486164020161,-0.022259465548311375,time,stop,20_30,2025,2025-01
500,LHX,large,2025-01-15,2025-01-16,2025-01-17,0.1720686367969493,0.2534159517000317,0.08134731490308242,0.050702247191011164,0.07292428675932694,2.486980609418286,1.367648902821317,-1.119331706596969,0.02397003745318349,True,-0.05165107053214957,-0.073850899166364,-0.022199828634214436,stop,stop,20_30,2025,2025-01
500,SQQQ,large,2025-02-05,2025-02-06,2025-02-07,0.11919315403423,0.06907090464547694,-0.050122249388753065,0.03456221198156687,0.02032374100719429,4.033846153846148,7.686725663716796,3.6528795098706484,-0.014533853243530626,True,-0.03552716729192995,-0.021302927672854244,0.014224239619075707,stop,stop,LE10,2025,2025-02
500,SQQQ,large,2025-02-06,2025-02-07,2025-02-10,0.06907090464547694,0.12163814180929108,0.052567237163814146,0.02032374100719429,0.03524619199433231,7.686725663716796,3.932663316582911,-3.7540623471338854,0.015467625899280524,True,-0.021302927672854244,-0.03621046366650171,-0.01490753599364747,stop,stop,10_20,2025,2025-02
500,HUM,small,2025-02-07,2025-02-10,2025-02-11,0.1413125471460902,0.16369122454111124,0.02237867739502103,0.020605705067096886,0.023791250959324602,3.245907473309599,2.6654377880184335,-0.5804696852911655,0.0032631810515508786,True,-0.021584609909608532,-0.024766971847920982,-0.00318236193831245,stop,stop,10_20,2025,2025-02
500,SQQQ,large,2025-02-10,2025-02-11,2025-02-12,0.14608801955990225,0.21943765281173616,0.07334963325183391,0.042033063665142464,0.06183258697898731,3.107112970711297,1.7342618384401094,-1.3728511322711876,0.021104467112205372,True,-0.04299055185738121,-0.06277028554272635,-0.019779733685345136,stop,stop,20_30,2025,2025-02
500,FBTC,small,2025-02-11,2025-02-12,2025-02-13,0.021201413427562626,0.11572438162544182,0.0945229681978792,0.002902055622732879,0.015638056583502476,27.299999999998935,4.184732824427473,-23.11526717557146,0.012938331318016916,True,-0.0038986552672878316,-0.016621926591914638,-0.012723271324626806,stop,stop,10_20,2025,2025-02
500,GBTC,small,2025-02-11,2025-02-12,2025-02-13,0.010742187500001322,0.11230468750000046,0.10156249999999914,0.0014680368343789353,0.015137554297749187,54.85454545453859,4.342608695652152,-50.511936758886435,0.013879620979580842,True,-0.002466069781071112,-0.016121924558320955,-0.013655854777249843,stop,stop,10_20,2025,2025-02
500,IBIT,small,2025-02-11,2025-02-12,2025-02-13,0.018944519621109684,0.11907983761840359,0.1001353179972939,0.0026007802340702315,0.016126076598863892,30.67142857142843,4.038636363636345,-26.632792207792082,0.013746981237228395,True,-0.0035976810034512585,-0.017109458831148783,-0.013511777827697524,stop,stop,10_20,2025,2025-02
500,FBTC,small,2025-02-12,2025-02-13,2025-02-14,0.11572438162544182,0.17314487632508893,0.05742049469964711,0.015638056583502476,0.023217247097844205,4.184732824427473,2.4653061224489665,-1.7194267019785068,0.0077593410528828954,True,-0.016621926591914638,-0.024193541703443566,-0.007571615111528929,stop,stop,10_20,2025,2025-02
500,GBTC,small,2025-02-12,2025-02-13,2025-02-14,0.11230468750000046,0.16113281250000042,0.04882812499999996,0.015137554297749187,0.021577089054531262,4.342608695652152,2.7236363636363543,-1.6189723320157978,0.006581545346847406,True,-0.016121924558320955,-0.022555022998504648,-0.006433098440183693,stop,stop,10_20,2025,2025-02
500,SQQQ,large,2025-02-12,2025-02-13,2025-02-14,0.071515892420538,-0.04217603911980426,-0.11369193154034227,0.0210280373831776,-0.012830048345109663,7.3897435897435795,,,-0.03342918763479508,False,-0.022006520104433713,,,stop,,LE10,2025,2025-02
500,FBTC,small,2025-02-13,2025-02-14,2025-02-18,0.17314487632508893,0.16342756183745646,-0.009717314487632467,0.023217247097844205,0.02194283003202477,2.4653061224489665,2.671351351351335,0.20604522890236865,-0.0013030087656953349,True,-0.024193541703443566,-0.022920398417799803,0.001273143285643763,stop,stop,10_20,2025,2025-02
500,GBTC,small,2025-02-13,2025-02-14,2025-02-18,0.16113281250000042,0.15332031250000058,-0.0078124999999998335,0.021577089054531262,0.02055242832831532,2.7236363636363543,2.913375796178329,0.18973943254197456,-0.0010461618935529993,True,-0.022555022998504648,-0.021531386420940657,0.001023636577563991,stop,stop,10_20,2025,2025-02
500,IBIT,small,2025-02-13,2025-02-14,2025-02-18,0.16914749661705006,0.16373477672530456,-0.005412719891745493,0.02275209319257372,0.02204007285974501,2.547199999999998,2.6644628099173504,0.1172628099173525,-0.0007280669821623231,True,-0.023728852719617444,-0.023017544051289307,0.0007113086683281367,stop,stop,10_20,2025,2025-02
500,BAH,large,2025-02-18,2025-02-19,2025-02-20,0.07230637324949987,0.014289797084881392,-0.05801657616461848,0.021350210970464144,0.004292950974499872,7.298023715415016,40.988,33.689976284584986,-0.017130801687763708,True,-0.022328371679139147,-0.0052881604188030895,0.017040211260336058,stop,stop,LE10,2025,2025-02
500,BAH,large,2025-02-19,2025-02-20,2025-02-21,0.014289797084881392,-0.09717062017719362,-0.111460417262075,0.004292950974499872,-0.03020342897752515,40.988,,,-0.03348501760109901,False,-0.0052881604188030895,,,stop,,LE10,2025,2025-02
500,ULTA,large,2025-02-25,2025-02-26,2025-02-27,0.135399061032864,0.10957746478873254,-0.025821596244131467,0.03930011991714819,0.03204547326797928,3.4313453536754444,4.475578406169657,1.0442330524942123,-0.007494821759511661,True,-0.04026033968734577,-0.03301294405931554,0.007247395628030229,stop,stop,10_20,2025,2025-02
500,BKR,small,2025-02-26,2025-02-27,2025-02-28,0.15863141524105803,0.0730948678071538,-0.08553654743390424,0.02318708797453974,0.010819521178637175,2.782352941176456,7.208510638297886,4.426157697121431,-0.012502841554898891,True,-0.024163412724190314,-0.011808207314390473,0.012355205409799841,stop,stop,LE10,2025,2025-02
500,ULTA,large,2025-02-26,2025-02-27,2025-02-28,0.10957746478873254,0.14018779342723012,0.03061032863849758,0.03204547326797928,0.040633590071578275,4.475578406169657,3.2799732083054223,-1.1956051978642344,0.008951863140840732,True,-0.03301294405931554,-0.04159247703802349,-0.008579532978707949,stop,stop,10_20,2025,2025-02
500,BKR,small,2025-02-27,2025-02-28,2025-03-03,0.0730948678071538,0.32659409020217756,0.25349922239502376,0.010819521178637175,0.046594186820501475,7.208510638297886,0.8371428571428545,-6.3713677811550316,0.037523020257826945,True,-0.011808207314390473,-0.04754711616900664,-0.03573890885461617,stop,stop,GT30,2025,2025-02
500,ULTA,large,2025-02-27,2025-02-28,2025-03-03,0.14018779342723012,0.11915492957746476,-0.021032863849765354,0.040633590071578275,0.03474903474903474,3.2799732083054223,4.035460992907801,0.7554877846023786,-0.006096399314155065,True,-0.04159247703802349,-0.035713803329995186,0.005878673708028304,stop,stop,10_20,2025,2025-02
500,ZS,small,2025-02-27,2025-02-28,2025-03-03,0.08113002535313227,0.3227091633466136,0.24157913799348132,0.011683096020445318,0.04490927419354837,6.39553571428578,0.8592592592592602,-5.5362764550265195,0.034788504668022746,True,-0.012670919012928605,-0.04586388761264515,-0.033192968599716544,stop,stop,GT30,2025,2025-02
500,DELL,large,2025-02-28,2025-03-03,2025-03-04,0.16861115550583358,-0.16541473549624405,-0.33402589100207764,0.05089733693554618,-0.05553170941088097,2.5584834123222713,,,-0.10082979544577386,False,-0.05184596528443608,,,stop,,LE10,2025,2025-03
500,ULTA,large,2025-02-28,2025-03-03,2025-03-04,0.11915492957746476,-0.0827230046948357,-0.20187793427230047,0.03474903474903474,-0.025633565131368392,4.035460992907801,,,-0.05887346312878228,False,-0.035713803329995186,,,stop,,LE10,2025,2025-03
500,BKR,small,2025-03-03,2025-03-04,2025-03-05,0.0046656298600312816,-0.05909797822705995,-0.06376360808709124,0.0006976744186046776,-0.00892228222587451,127.599999999995,,,-0.009534883720930143,False,-0.0016964773427239344,,,stop,,LE10,2025,2025-03
500,NEM,small,2025-03-03,2025-03-04,2025-03-05,0.11317704122877972,0.13096200485044496,0.017784963621665234,0.01637810014038378,0.018903150525087568,4.301428571428548,3.5814814814814664,-0.7199470899470812,0.002573701450631738,True,-0.017361230475075984,-0.01988375707128942,-0.002522526596213437,stop,stop,10_20,2025,2025-03
500,DE,small,2025-03-04,2025-03-05,2025-03-06,0.18805704099821718,0.30109922756981583,0.11304218657159865,0.0274984252481591,0.04331196581196577,2.1905213270142214,0.9926985693142563,-1.1978227576999652,0.016529464149959816,True,0.059176180931450384,0.04195325200647537,-0.01722292892497501,target,target,GT30,2025,2025-03
500,NEM,small,2025-03-04,2025-03-05,2025-03-06,0.13096200485044496,0.2635408245755864,0.13257881972514146,0.018903150525087568,0.03732539500801471,3.5814814814814664,1.2766871165644127,-2.3047943649170537,0.019136522753792296,True,-0.01988375707128942,-0.03828758851625247,-0.018403831444963048,stop,stop,20_30,2025,2025-03
500,SNPS,large,2025-03-05,2025-03-06,2025-03-07,0.0800929512006199,0.10449264136328433,0.024399690162664425,0.023494126468382975,0.03043360555881426,6.49129593810443,4.742031134173461,-1.749264803930969,0.007157301583694986,True,-0.024470144332982224,-0.031402687412328545,-0.0069325430793463205,stop,stop,10_20,2025,2025-03
500,SNPS,large,2025-03-06,2025-03-07,2025-03-10,0.10449264136328433,0.06522075910147183,-0.039271882261812496,0.03043360555881426,0.019215408840913797,4.742031134173461,8.199524940617563,3.457493806444102,-0.011437982222623266,True,-0.031402687412328545,-0.020195703284850874,0.01120698412747767,stop,stop,LE10,2025,2025-03
500,SNPS,large,2025-03-07,2025-03-10,2025-03-11,0.06522075910147183,0.009759876065065768,-0.05546088303640607,0.019215408840913797,0.002923230401596156,8.199524940617563,60.47619047619094,52.27666553557338,-0.016339943859969508,True,-0.020195703284850874,-0.003919808881954312,0.016275894402896562,stop,stop,LE10,2025,2025-03
500,LULU,large,2025-03-10,2025-03-11,2025-03-12,0.11843531382402245,0.029263966893290246,-0.0891713469307322,0.036004193500075,0.009144088669950822,4.066056572379352,19.50303030303012,15.436973730650767,-0.027107982626928262,True,-0.036967707549550144,-0.010134449400915346,0.026833258148634798,stop,stop,LE10,2025,2025-03
500,SNPS,large,2025-03-10,2025-03-11,2025-03-12,0.009759876065065768,0.09651432997676246,0.08675445391169669,0.002923230401596156,0.02817538385003287,60.47619047619094,5.216693418940595,-55.25949705725035,0.02598427023641059,True,-0.003919808881954312,-0.02914672279670949,-0.025226913914755178,stop,stop,LE10,2025,2025-03
500,MCHP,large,2025-03-11,2025-03-12,2025-03-13,0.14794007490636685,0.08302122347066156,-0.06491885143570529,0.0450741726892354,0.02580519984478072,3.055696202531651,6.227067669172943,3.1713714666412915,-0.01977938379612021,True,-0.0460286212922445,-0.026778907790962703,0.019249713501281795,stop,stop,LE10,2025,2025-03
500,SNPS,large,2025-03-11,2025-03-12,2025-03-13,0.09651432997676246,0.014407436096049678,-0.08210689388071278,0.02817538385003287,0.004309246345249435,5.216693418940595,40.6451612903223,35.428467871381706,-0.023969427673382726,True,-0.02914672279670949,-0.005304439502325509,0.02384228329438398,stop,stop,LE10,2025,2025-03
500,MCHP,large,2025-03-12,2025-03-13,2025-03-14,0.08302122347066156,0.156367041198502,0.07334581772784045,0.02580519984478072,0.047519681305131414,6.227067669172943,2.8371257485029906,-3.389941920669952,0.022797826930539555,True,-0.026778907790962703,-0.048471685621667926,-0.021692777830705223,stop,stop,10_20,2025,2025-03
500,SNPS,large,2025-03-12,2025-03-13,2025-03-14,0.014407436096049678,0.0254066615027113,0.010999225406661622,0.004309246345249435,0.007574183119732201,40.6451612903223,22.615853658536384,-18.029307631785915,0.003289854736695741,True,-0.005304439502325509,-0.010296283563563935,-0.004991844061238426,stop,stop_gap,LE10,2025,2025-03
500,MCHP,large,2025-03-13,2025-03-14,2025-03-17,0.156367041198502,0.214107365792759,0.057740324594256986,0.047519681305131414,0.063944817300522,2.8371257485029906,1.8023323615160356,-1.034793386986955,0.017547187707483536,True,-0.048471685621667926,-0.06488040468952683,-0.0164087190678589,stop,stop,20_30,2025,2025-03
500,SNPS,large,2025-03-14,2025-03-17,2025-03-18,0.11797056545313722,0.14748257164988393,0.02951200619674671,0.03422471910112364,0.042423297163610485,4.086014445173995,3.0682773109243673,-1.0177371342496278,0.008561797752808964,True,-0.03687372044314907,-0.04504981082685633,-0.008176090383707257,stop_gap,stop_gap,10_20,2025,2025-03
500,GILD,small,2025-03-19,2025-03-20,2025-03-21,0.07238700564971794,-0.05649717514124275,-0.1288841807909607,0.009595132225602675,-0.007619047619047592,7.288780487804827,,,-0.01708401591387787,False,-0.010585042138420597,,,stop,,LE10,2025,2025-03
500,GILD,small,2025-03-24,2025-03-25,2025-03-26,0.06638418079096031,0.1546610169491524,0.0882768361581921,0.008806445568671517,0.020279655523659578,8.038297872340443,2.8794520547945224,-5.158845817545921,0.01171069889450993,True,0.06971857897170963,0.057336430405040106,-0.012382148566669526,target,target,10_20,2025,2025-03
500,TMF,small,2025-03-24,2025-03-25,2025-03-26,0.09800664451827294,0.05481727574750917,-0.04318936877076377,0.014014251781472765,0.007887189292543149,5.122033898305052,9.945454545454371,4.8234206471493195,-0.006175771971496435,True,-0.014999744783190327,-0.008878806294749464,0.0061209384884408635,stop,stop,LE10,2025,2025-03
500,FE,small,2025-03-25,2025-03-26,2025-03-27,0.029824561403509055,0.08947368421052716,0.059649122807018104,0.004464285714285759,0.013274336283185974,19.117647058823337,5.705882352941113,-13.411764705882224,0.008928571428571619,True,0.08426183441892499,0.07466659694619104,-0.009595237472733942,target,target,LE10,2025,2025-03
500,TMF,small,2025-03-25,2025-03-26,2025-03-27,0.05481727574750917,-0.0813953488372084,-0.13621262458471758,0.007887189292543149,-0.011945392491467451,9.945454545454371,,,-0.019598470363288767,False,-0.008878806294749464,,,stop,,LE10,2025,2025-03
500,ETN,small,2025-03-28,2025-03-31,2025-04-01,0.010024383635871154,0.11324844215659724,0.10322405852072608,0.00138059701492539,0.015378389316066395,58.854054054053364,4.298086124401909,-54.55596792965146,0.01421641791044781,True,-0.0023787173577387577,-0.04429527997489047,-0.04191656261715171,stop,stop_gap,10_20,2025,2025-03
500,FSLR,small,2025-03-28,2025-03-31,2025-04-01,0.058628983764281946,0.10583283223090834,0.04720384846662639,0.007779772591262785,0.01395607009753394,9.233846153846072,4.66931818181817,-4.564527972027902,0.006263714342708893,True,-0.008771496956488822,-0.01494162125185916,-0.006170124295370338,stop,stop,10_20,2025,2025-03
500,MU,large,2025-03-28,2025-03-31,2025-04-01,0.09365781710914428,0.18325958702064898,0.0896017699115047,0.029507434944237826,0.056151847248898414,5.406299212598442,2.2740442655935604,-3.1322549470048813,0.028229553903345694,True,-0.03773087317865198,-0.06414951489344001,-0.026418641714788027,stop_gap,stop_gap,10_20,2025,2025-03
500,ETN,small,2025-03-31,2025-04-01,2025-04-02,0.11324844215659724,0.08290436196152805,-0.030344080195069192,0.015378389316066395,0.011304444198160266,4.298086124401909,6.2372549019607835,1.9391687775588746,-0.004120525366984262,True,-0.04429527997489047,-0.04034098064197045,0.003954299332920019,stop_gap,stop_gap,LE10,2025,2025-04
500,MU,large,2025-03-31,2025-04-01,2025-04-02,0.18325958702064898,0.13237463126843624,-0.050884955752212746,0.056151847248898414,0.041202800413175596,2.2740442655935604,3.532590529247922,1.2585462636543614,-0.01559145859224953,True,-0.06414951489344001,-0.04932713833603097,0.014822376557409034,stop_gap,stop_gap,10_20,2025,2025-04
500,ADP,small,2025-04-08,2025-04-09,2025-04-10,0.059693318729463526,0.5520262869660454,0.49233296823658185,0.007922663177787493,0.06877260012280811,9.051376146788948,0.0869047619047625,-8.964471384884186,0.06534379997092588,True,0.07063982908967104,0.0049711925097695175,-0.06566863657990152,target,target,GT30,2025,2025-04
500,FERG,small,2025-04-08,2025-04-09,2025-04-10,0.012339585389930904,0.7152023692003943,0.7028627838104634,0.0017055532814845135,0.09010073373958451,47.624000000000024,-0.16107660455486392,-47.78507660455489,0.09714831491335785,False,-0.0027033488304283315,,,stop,,GT30,2025,2025-04
500,MCK,small,2025-04-08,2025-04-09,2025-04-10,0.12124151309408332,0.4132988468584976,0.2920573337644143,0.017404084158415843,0.056941351150705304,3.948800000000008,0.45173402868318274,-3.4970659713168253,0.041924504950495045,True,0.06765705637280384,0.024697136212888493,-0.042959920159915344,target,target,GT30,2025,2025-04
500,PAYX,small,2025-04-08,2025-04-09,2025-04-10,0.007956240676280294,0.45847836897066163,0.4505221282943813,0.0011813349084465194,0.06380622837370241,74.41250000000163,0.30867678958785294,-74.10382321041378,0.06689308919078552,True,-0.0021796544137850926,0.018676315821328338,0.02085597023511343,stop,target,GT30,2025,2025-04
500,USO,large,2025-04-30,2025-05-01,2025-05-02,0.15429480381760355,0.20413573700954402,0.04984093319194047,0.045761912250353885,0.05966217263288395,2.888659793814431,1.9392207792207805,-0.9494390145936507,0.014782198458877183,True,0.055635140442044984,0.03909675411790481,-0.016538386324140175,time,time,20_30,2025,2025-05
500,GDXJ,small,2025-05-12,2025-05-13,2025-05-14,0.10926365795724409,-0.048099762470308956,-0.15736342042755305,0.01551433389544679,-0.006985769728331197,4.491304347826119,,,-0.022344013490725012,False,-0.023321180893532856,,,stop_gap,,LE10,2025,2025-05
500,BABA,small,2025-05-23,2025-05-27,2025-05-28,0.14750290360046425,0.009291521486643249,-0.138211382113821,0.021196695318367622,0.001362281822051908,3.067716535433081,63.57500000000133,60.50728346456825,-0.019861470416423277,True,-0.022175009465975393,-0.0023604204709053445,0.019814588995070048,stop,stop,LE10,2025,2025-05
500,THC,small,2025-06-10,2025-06-11,2025-06-12,0.04918404351767941,0.4165911151405257,0.3674070716228463,0.007086177056460882,0.05700285324401438,11.199078341013726,0.440261153427638,-10.758817187586088,0.05293406916370036,True,0.0782798327512273,0.024071558067883414,-0.05420827468334388,target,target,GT30,2025,2025-06
500,LYFT,small,2025-06-12,2025-06-13,2025-06-16,0.02857142857142799,-0.04285714285714283,-0.07142857142857081,0.003970880211780194,-0.006016042780748653,20.000000000000412,,,-0.00992720052945062,False,-0.004966411565891282,,,stop,,LE10,2025,2025-06
500,TEAM,small,2025-06-18,2025-06-20,2025-06-23,0.09840326773115503,-0.1570738952840694,-0.25547716301522444,0.013510068824878948,-0.022349025202092195,5.09735849056603,,,-0.03507519755289312,False,-0.014496065757587662,,,stop,,LE10,2025,2025-06
500,BABA,large,2025-07-09,2025-07-10,2025-07-11,0.09127475247524763,0.14603960396039603,0.0547648514851484,0.028057827658360308,0.04414928444486015,5.573559322033891,3.108474576271187,-2.4650847457627036,0.01683469659501613,True,0.15522616283640578,0.1361002596634524,-0.019125903172953373,target,target,10_20,2025,2025-07
500,BABA,large,2025-07-10,2025-07-11,2025-07-14,0.14603960396039603,0.16878094059405938,0.022741336633663345,0.04414928444486015,0.050675832597891206,3.108474576271187,2.5549037580201652,-0.5535708182510217,0.006874941539612767,True,0.1361002596634524,0.12834296772371867,-0.007757291939733735,target,target,10_20,2025,2025-07
500,CHWY,small,2025-07-10,2025-07-11,2025-07-14,0.025304592314901217,-0.1883786316776012,-0.2136832239925024,0.003493788819875725,-0.026800000000000067,22.711111111111467,,,-0.029503105590062084,False,-0.004489797026952291,,,stop,,LE10,2025,2025-07
500,BABA,large,2025-07-11,2025-07-14,2025-07-15,0.16878094059405938,0.3856745049504952,0.21689356435643584,0.050675832597891206,0.10871745671798005,2.5549037580201652,0.5557160048134769,-1.9991877532066882,0.06512146407171726,True,0.12834296772371867,0.05935614461314098,-0.06898682311057769,target,target,GT30,2025,2025-07
500,OXY,small,2025-07-16,2025-07-17,2025-07-18,0.16254416961130783,0.41961130742049496,0.2570671378091871,0.021608925425719357,0.053940495116965706,2.691304347826081,0.42989473684210555,-2.2614096109839754,0.0341749853200235,True,0.058248327392381505,0.023277822819228744,-0.03497050457315276,target_gap,target_gap,GT30,2025,2025-07
500,HUBS,large,2025-07-17,2025-07-18,2025-07-21,0.05606896979470299,0.15654654840910504,0.10047757861440204,0.017088846880907303,0.04629493763756421,9.701106194690315,2.832725832012679,-6.868380362677636,0.030623818525519875,True,-0.018071266824054688,-0.04724816608570248,-0.029176899261647793,stop,stop,10_20,2025,2025-07
500,HUBS,large,2025-07-18,2025-07-21,2025-07-22,0.15654654840910504,0.18563542764994076,0.029088879240835724,0.04629493763756421,0.05442906763170807,2.832725832012679,2.232141663882399,-0.6005841681302799,0.008602347762288964,True,-0.04724816608570248,-0.05537416601488465,-0.00812599992918217,stop,stop,10_20,2025,2025-07
500,HUBS,large,2025-07-21,2025-07-22,2025-07-23,0.18563542764994076,0.19562116231470544,0.009985734664764684,0.05442906763170807,0.05718948322756113,2.232141663882399,2.0671528218135755,-0.1649888420688237,0.0029278582989324953,True,-0.05537416601488465,-0.058131822574659875,-0.0027576565597752234,stop,stop,10_20,2025,2025-07
500,LULU,small,2025-07-21,2025-07-22,2025-07-23,0.055037313432836146,0.1554726368159204,0.10043532338308427,0.007981241827118232,0.022222222222222223,9.901694915254168,2.8591999999999986,-7.04249491525417,0.014564639040447247,True,-0.008972764823792723,-0.0231995113554333,-0.014226746531640577,stop,stop,10_20,2025,2025-07
500,HUBS,large,2025-07-22,2025-07-23,2025-07-24,0.19562116231470544,0.27501085405941766,0.07938969174471222,0.05718948322756113,0.07857522594364685,2.0671528218135755,1.181732070365364,-0.8854207514482115,0.023209428830462286,True,-0.058131822574659875,-0.0794961902355571,-0.02136436766089722,stop,stop,20_30,2025,2025-07
500,CRWD,small,2025-07-29,2025-07-30,2025-07-31,0.1378108664660222,0.17741169016315506,0.03960082369713286,0.01877995078357723,0.02404671934043282,3.353793103448287,2.3819642857142926,-0.9718288177339942,0.005396537581487726,True,-0.01976068046795132,-0.02502218488831831,-0.005261504420366991,stop,stop,10_20,2025,2025-07
500,SPOT,large,2025-07-29,2025-07-30,2025-07-31,0.15127111953260702,0.31870098426232935,0.16742986472972232,0.04613162118780098,0.09246957132603345,2.966388308977035,0.8826424442609431,-2.083745864716092,0.05105939004815396,True,0.1357080256019665,0.08053649142503194,-0.055171534176934545,target,target,GT30,2025,2025-07
500,CRWD,small,2025-07-30,2025-07-31,2025-08-01,0.17741169016315506,-0.08886424837636638,-0.2662759385395214,0.02404671934043282,-0.0124958235883729,2.3819642857142926,,,-0.03609154929577463,False,-0.02502218488831831,,,stop,,LE10,2025,2025-07
500,LUV,large,2025-07-30,2025-07-31,2025-08-01,0.15130830489192246,0.1262798634812286,-0.025028441410693852,0.043606557377049125,0.0366578599735799,2.965413533834592,3.7513513513513552,0.7859378175167633,-0.00721311475409836,True,-0.04456247286192949,-0.037620720683251285,0.006941752178678207,stop,stop,10_20,2025,2025-07
500,SPOT,large,2025-07-31,2025-08-01,2025-08-04,0.1460076846149798,0.35128164640244225,0.20527396178746246,0.044598070739549855,0.10096822995461424,3.1093727469358323,0.7080311657177107,-2.4013415812181216,0.06270096463022501,True,0.13753392274923648,0.0704177003782529,-0.06711622237098358,target,target,GT30,2025,2025-08
500,LUV,large,2025-08-01,2025-08-04,2025-08-05,0.09215017064846402,0.07736063708759952,-0.014789533560864501,0.027018012008005295,0.022780569514237844,5.511111111111122,6.755882352941181,1.2447712418300592,-0.00433622414943291,True,-0.027990507748127058,-0.02375730057919101,0.004233207168936048,stop,stop,LE10,2025,2025-08
500,GEHC,small,2025-08-04,2025-08-05,2025-08-06,0.19131334022750712,0.19131334022750712,0.0,0.026078376092472433,0.026078376092472433,2.1362162162162295,2.1362162162162295,0.0,0.0,True,0.054653868442153586,0.054653868442153586,0.0,target,target,10_20,2025,2025-08
500,LUV,large,2025-08-04,2025-08-05,2025-08-06,0.07736063708759952,0.08646188850966986,0.009101251422070342,0.022780569514237844,0.025392582692950152,6.755882352941181,5.939473684210546,-0.8164086687306353,0.0026800670016748906,True,-0.02375730057919101,-0.026366703050078488,-0.0026094024708874786,stop,stop,LE10,2025,2025-08
500,GEHC,small,2025-08-05,2025-08-06,2025-08-07,0.19131334022750712,0.18200620475697937,-0.00930713547052775,0.026078376092472433,0.024841213832039393,2.1362162162162295,2.29659090909093,0.16037469287470074,-0.001268677755850045,True,0.054653868442153586,0.055993584012510755,0.0013397155703571695,target,target,10_20,2025,2025-08
500,LUV,large,2025-08-05,2025-08-06,2025-08-07,0.08646188850966986,0.08646188850966986,0.0,0.025392582692950152,0.025392582692950152,5.939473684210546,5.939473684210546,0.0,0.0,True,-0.026366703050078488,-0.026366703050078488,0.0,stop,stop,LE10,2025,2025-08
500,GEHC,small,2025-08-06,2025-08-07,2025-08-08,0.18200620475697937,0.21820062047569794,0.036194415718718564,0.024841213832039393,0.02963483146067415,2.29659090909093,1.7497630331753593,-0.5468278759155709,0.004940014114326097,True,0.055993584012510755,0.05080260431581962,-0.005190979696691134,target,target,20_30,2025,2025-08
500,LUV,large,2025-08-06,2025-08-07,2025-08-08,0.08646188850966986,0.08759954493742886,0.0011376564277589957,0.025392582692950152,0.025718102872411476,5.939473684210546,5.849350649350654,-0.09012303485989115,0.0003341129301703827,True,-0.026366703050078488,-0.026691897872039072,-0.0003251948219605838,stop,stop,LE10,2025,2025-08
500,LUV,large,2025-08-07,2025-08-08,2025-08-11,0.08759954493742886,0.0489192263936291,-0.03868031854379976,0.025718102872411476,0.014527027027027017,5.849350649350654,11.265116279069776,5.415765629719122,-0.011356045424181671,True,-0.026691897872039072,-0.015512007509758452,0.01117989036228062,stop,stop,LE10,2025,2025-08
500,PWR,small,2025-08-19,2025-08-20,2025-08-21,0.12481857764876624,0.13425253991291686,0.009433962264150622,0.018298358998909532,0.01965419245172765,3.8069767441860507,3.4691891891892035,-0.3377875549968472,0.0013830155057314997,True,-0.019279570034392846,-0.020634048331335975,-0.001354478296943129,stop,stop,10_20,2025,2025-08
500,XYZ,small,2025-08-19,2025-08-20,2025-08-21,0.11683168316831617,0.1306930693069301,0.013861386138613915,0.016036966567001803,0.01790558871405308,4.135593220339017,3.590909090909117,-0.5446841294299003,0.0019026909486272725,True,-0.017020437864785798,0.06323357583281108,0.08025401369759688,stop,target,10_20,2025,2025-08
500,PWR,small,2025-08-20,2025-08-21,2025-08-22,0.13425253991291686,0.22369375907111724,0.08944121915820039,0.01965419245172765,0.03232487416107378,3.4691891891892035,1.6822384428223882,-1.7869507463668153,0.0130939417279754,True,-0.020634048331335975,-0.03329206569114762,-0.012658017359811646,stop,stop,20_30,2025,2025-08
500,XYZ,small,2025-08-20,2025-08-21,2025-08-22,0.1306930693069301,0.11386138613861307,-0.016831683168317013,0.01790558871405308,0.01563562202583265,3.590909090909117,4.269565217391346,0.6786561264822288,-0.002306022788931106,True,0.06323357583281108,0.06569108375791743,0.0024575079251063503,target,target,10_20,2025,2025-08
500,APO,small,2025-08-27,2025-08-28,2025-08-29,0.18645833333333262,0.21406249999999935,0.027604166666666735,0.026340960930027107,0.03012313104661379,2.2178770949720765,1.8029197080292025,-0.414957386942874,0.0038996394672945467,True,-0.027314133382870476,-0.03109252321948064,-0.003778389836610163,stop,stop,20_30,2025,2025-08
500,APO,small,2025-09-02,2025-09-03,2025-09-04,0.14218749999999955,0.055729166666666344,-0.0864583333333332,0.02021323856063964,0.008020989505247324,3.2197802197802288,9.766355140186969,6.54657492040674,-0.012290833703539117,True,-0.021192535673522528,-0.00901247277410755,0.012180062899414978,stop,stop,LE10,2025,2025-09
500,ARM,large,2025-09-02,2025-09-03,2025-09-04,0.16040707535740253,0.09946692512721078,-0.06094015023019175,0.04953236064347179,0.03130361840851024,2.740483383685798,5.032155907429979,2.2916725237441806,-0.01881780770669672,True,0.13460743627438054,0.15636774208312798,0.021760305808747438,target,target,LE10,2025,2025-09
500,ARM,large,2025-09-03,2025-09-04,2025-09-05,0.09946692512721078,0.2621759147080201,0.16270898958080932,0.03130361840851024,0.07849111352919835,5.032155907429979,1.2885397412199646,-3.743616166210014,0.05120677164753884,True,0.15636774208312798,0.10003833049017774,-0.05632941159295024,target,target,20_30,2025,2025-09
500,TXN,small,2025-09-04,2025-09-05,2025-09-08,0.14358174014826405,0.18532969176746003,0.04174795161919598,0.019670729099850365,0.025245814509699708,3.178804347826075,2.2374736842105234,-0.9413306636155516,0.0057194782980543035,True,-0.020650568451074824,-0.02622008156166411,-0.005569513110589286,stop,stop,10_20,2025,2025-09
500,TXN,small,2025-09-05,2025-09-08,2025-09-09,0.18532969176746003,0.028092079594225477,-0.15723761217323456,0.025245814509699708,0.00391049315663697,2.2374736842105234,20.358333333333345,18.12085964912282,-0.021419080520861056,True,-0.02622008156166411,-0.004906084867624894,0.021313996694039217,stop,stop,LE10,2025,2025-09
500,TXN,small,2025-09-08,2025-09-09,2025-09-10,0.028092079594225477,0.06632852126414315,0.03823644166991767,0.00391049315663697,0.009184224743381894,20.358333333333345,8.045882352941229,-12.312450980392116,0.0053226156854224715,True,-0.004906084867624894,-0.010174545358330955,-0.005268460490706062,stop,stop,LE10,2025,2025-09
500,SQQQ,small,2025-09-10,2025-09-11,2025-09-12,0.05676855895196465,0.004366812227073368,-0.052401746724891285,0.007719714964370487,0.0005980861244017949,9.569230769230842,136.4000000000272,126.83076923079636,-0.0071258907363420665,True,-0.008711499357209385,-0.0015969885870459333,0.007114510770163451,stop,stop,LE10,2025,2025-09
500,SQQQ,small,2025-09-11,2025-09-12,2025-09-15,0.004366812227073368,-0.12227074235807915,-0.12663755458515252,0.0005980861244017949,-0.01704199634814371,136.4000000000272,,,-0.01734449760765544,False,-0.0015969885870459333,,,stop,,LE10,2025,2025-09
500,CHWY,large,2025-09-12,2025-09-15,2025-09-16,0.07153729071537271,0.30593607305936066,0.23439878234398795,0.020322859613721485,0.0814864864864865,7.387234042553217,0.9611940298507472,-6.42604001270247,0.06658979533006648,True,0.1489801654376044,0.07724653889271615,-0.07173362654488824,target,target,GT30,2025,2025-09
500,CCI,small,2025-09-15,2025-09-16,2025-09-17,0.15789473684210595,0.173684210526316,0.015789473684210048,0.022483940042826642,0.02467685076380731,2.7999999999999865,2.454545454545453,-0.3454545454545337,0.002248394004282561,True,0.027879529186156438,0.03816652724807357,0.01028699806191713,time,time,10_20,2025,2025-09
500,CCI,small,2025-09-16,2025-09-17,2025-09-18,0.173684210526316,0.20300751879699275,0.02932330827067675,0.02467685076380731,0.02872340425531918,2.454545454545453,1.955555555555554,-0.4989898989898989,0.004166221557525995,True,0.03816652724807357,0.04257392580305597,0.0044073985549824,time,time,20_30,2025,2025-09
500,CCI,small,2025-09-18,2025-09-19,2025-09-22,0.1270676691729322,0.2187969924812028,0.0917293233082706,0.018173997204000408,0.030888440717545873,3.721893491124269,1.742268041237118,-1.9796254498871508,0.013119690289278507,True,0.06657457377344245,0.05276265380737111,-0.01381191996607134,target,target,20_30,2025,2025-09
500,DHR,small,2025-09-22,2025-09-23,2025-09-24,0.11594202898550755,0.06267136701919288,-0.05327066196631468,0.015578947368421095,0.008481764206955017,4.17499999999999,8.573750000000043,4.398750000000053,-0.007157894736842141,True,-0.016562876456508557,-0.009472786931385646,0.007090089525122911,stop,stop,LE10,2025,2025-09
500,DHR,small,2025-09-23,2025-09-24,2025-09-25,0.06267136701919288,-0.10223266745005817,-0.16490403446925106,0.008481764206955017,-0.014151710676137207,8.573750000000043,,,-0.022317642069550336,False,-0.009472786931385646,,,stop,,LE10,2025,2025-09
500,Z,large,2025-10-06,2025-10-07,2025-10-08,0.12757562472599784,0.06970626918018427,-0.05786935554581357,0.0393349553933497,0.021882741535920774,3.7030927835051393,7.607547169811307,3.9044543863061674,-0.017842660178426728,True,-0.04029514034548032,-0.02286036998016261,0.01743477036531771,stop,stop,LE10,2025,2025-10
500,Z,large,2025-10-07,2025-10-08,2025-10-09,0.06970626918018427,0.02761946514686583,-0.04208680403331844,0.021882741535920774,0.008786610878661222,7.607547169811307,20.7238095238092,13.116262353997895,-0.013212221304706784,True,-0.02286036998016261,-0.009777328908767369,0.01308304107139524,stop,stop,LE10,2025,2025-10
500,DECK,large,2025-10-09,2025-10-10,2025-10-13,0.0305317324185249,-0.05454545454545468,-0.08507718696397959,0.00906036852285453,-0.016605744125326408,18.65168539325841,,,-0.025246869591774468,False,-0.010050812932127062,,,stop,,LE10,2025,2025-10
500,VLO,small,2025-10-10,2025-10-13,2025-10-14,0.17486095661846532,0.1421579532814248,-0.032703003337040515,0.02458631799555824,0.02008044748915858,2.4312977099236543,3.2206572769952717,0.7893595670716174,-0.004598204510619541,True,-0.02556124421445305,-0.02105987732675063,0.004501366887702418,stop,stop,10_20,2025,2025-10
500,RBRK,small,2025-10-16,2025-10-17,2025-10-20,0.03593339176161233,0.1814198071866778,0.14548641542506546,0.005324675324675281,0.026315789473684126,15.697560975609903,2.307246376811607,-13.390314598798296,0.021558441558441555,True,-0.006318853560232651,-0.027288987085404393,-0.02097013352517174,stop,stop,10_20,2025,2025-10
500,VST,small,2025-10-20,2025-10-21,2025-10-22,0.08257575757575782,-0.11931818181818094,-0.20189393939393874,0.011302364164247236,-0.016795521194348052,6.266055045871538,,,-0.027633761924512612,False,-0.012290567698315935,,,stop,,LE10,2025,2025-10
500,ETH,large,2025-10-30,2025-10-31,2025-11-03,0.15147453083109924,0.04066130473637162,-0.11081322609472763,0.046707081840727485,0.01298145506419396,2.961061946902653,13.756043956044008,10.794982009141355,-0.034169192615045474,True,-0.04765989835063167,-0.013967980346488496,0.03369191800414317,stop,stop,LE10,2025,2025-10
500,ETHA,large,2025-10-30,2025-10-31,2025-11-03,0.15188470066518825,0.04046563192904641,-0.11141906873614184,0.046998284734133706,0.012968555693728848,2.950364963503656,13.827397260274035,10.877032296770379,-0.03447684391080619,True,-0.04795081018667324,-0.013955093868947444,0.0339957163177258,stop,stop,LE10,2025,2025-10
500,LULU,large,2025-10-30,2025-10-31,2025-11-03,0.18641810918774956,0.2232920208952162,0.03687391170746662,0.05403800475059379,0.06404230317273783,2.2185714285714293,1.6870642201834904,-0.5315072083879389,0.010688836104512989,True,0.09712085762344502,0.07055053554303936,-0.02657032208040566,time,time,20_30,2025,2025-10
500,NVO,large,2025-10-30,2025-10-31,2025-11-03,0.057638888888888774,0.10347222222222188,0.04583333333333311,0.01702564102564099,0.030155838899008195,9.40963855421689,4.798657718120826,-4.610980836096064,0.0135384615384615,True,-0.018008124143056525,-0.031125198380368313,-0.013117074237311788,stop_gap,stop_gap,10_20,2025,2025-10
500,UAL,small,2025-10-30,2025-10-31,2025-11-03,0.04357459379615876,0.07902511078286513,0.03545051698670637,0.0063108353834633564,0.011386612748749528,12.769491525423973,6.592523364486025,-6.176968160937948,0.00513423895603804,True,-0.007304027951795633,-0.01237473207633688,-0.005070704124541248,stop,stop,LE10,2025,2025-10
500,ETH,large,2025-10-31,2025-11-03,2025-11-04,0.04066130473637162,-0.14968722073279692,-0.19034852546916853,0.01298145506419396,-0.050880923450789706,13.756043956044008,,,-0.060770328102710325,False,-0.013967980346488496,,,stop,,LE10,2025,2025-11
500,ETHA,large,2025-10-31,2025-11-03,2025-11-04,0.04046563192904641,-0.14855875831485593,-0.18902439024390233,0.012968555693728848,-0.05068078668683812,13.827397260274035,,,-0.06057914372002127,False,-0.013955093868947444,,,stop,,LE10,2025,2025-11
500,NVO,large,2025-10-31,2025-11-03,2025-11-04,0.10347222222222188,0.0,-0.10347222222222188,0.030155838899008195,0.0,4.798657718120826,,,-0.03015583889900819,False,-0.031125198380368313,,,stop_gap,,LE10,2025,2025-11
500,PM,small,2025-10-31,2025-11-03,2025-11-04,0.06100104275286699,0.17778936392075081,0.11678832116788382,0.00815331010452953,0.023397831755180433,8.835897435897525,2.3747800586510244,-6.4611173772465005,0.01560975609756099,True,-0.00914466111891754,0.054509667082199176,0.06365432820111672,stop,target,10_20,2025,2025-11
500,UAL,small,2025-10-31,2025-11-03,2025-11-04,0.07902511078286513,0.098966026587887,0.019940915805021872,0.011386612748749528,0.01421901528013571,6.592523364486025,5.062686567164225,-1.5298367973218001,0.0028732574225815988,True,-0.01237473207633688,-0.015204303620685145,-0.002829571544348264,stop,stop,LE10,2025,2025-11
500,LULU,large,2025-11-03,2025-11-04,2025-11-05,0.09792072108982898,0.03953702755300581,-0.05838369353682317,0.02913213066796685,0.011970476958382301,5.127405857740582,14.175647668393944,9.048241810653362,-0.017369575816674976,True,0.1103591000696631,0.12955275757891083,0.01919365750924773,time,time,LE10,2025,2025-11
500,NFLX,small,2025-11-03,2025-11-04,2025-11-05,0.0781580584940881,-0.011885500933416827,-0.09004355942750493,0.011418597039892309,-0.001759574017264168,6.676751592356709,,,-0.013155023819047984,False,-0.012406684399172696,,,stop,,LE10,2025,2025-11
500,NFLX,small,2025-11-05,2025-11-06,2025-11-07,0.044679527069071835,0.04716863721219624,0.002489110143124404,0.006559593634087812,0.006922500867595689,12.428969359331761,11.720316622691396,-0.7086527366403654,0.0003654369712584593,True,-0.007552537568486506,-0.8989576929740029,-0.8914051554055163,stop,stop_gap,LE10,2025,2025-11
500,QID,large,2025-11-05,2025-11-06,2025-11-07,0.16407599309153692,0.3186528497409329,0.15457685664939597,0.047310756972111526,0.08796185935637675,2.6568421052631606,0.8829268292682904,-1.7739152759948702,0.0445717131474106,True,0.12457207651154523,0.07658676025515265,-0.047985316256392574,target,target,GT30,2025,2025-11
500,QID,large,2025-11-10,2025-11-11,2025-11-12,0.17271157167530216,0.12607944732297066,-0.046632124352331494,0.04967709885742673,0.036757301107754305,2.474,3.7589041095890385,1.2849041095890383,-0.01341281669150518,True,0.12177880260068696,0.1370295718203336,0.015250769219646632,target,target,10_20,2025,2025-11
500,SPXU,large,2025-11-10,2025-11-11,2025-11-12,0.15342465753424628,0.07945205479452035,-0.07397260273972593,0.043818466353677525,0.023181454836131026,2.9107142857142936,6.551724137931055,3.6410098522167615,-0.021126760563380254,True,3.1202907935703514,3.2092179329999277,0.08892713942957631,target_gap,target_gap,LE10,2025,2025-11
500,TTD,large,2025-11-10,2025-11-11,2025-11-12,0.012949640287769765,0.12877697841726615,0.11582733812949639,0.004158964879852119,0.039875250612608576,45.333333333333385,3.6592178770949726,-41.67411545623841,0.03719963031423279,True,-0.00515430824329044,-0.040834895539532456,-0.03568058729624202,stop,stop,10_20,2025,2025-11
500,BABA,small,2025-11-11,2025-11-12,2025-11-13,0.0435555555555551,0.17777777777777778,0.1342222222222227,0.006087712759348924,0.024390243902439025,12.775510204081776,2.375,-10.400510204081776,0.01876009442166726,True,-0.007081128338799703,-0.025365366097439,-0.0182842377586393,stop,stop,10_20,2025,2025-11
500,QID,large,2025-11-11,2025-11-12,2025-11-13,0.12607944732297066,0.20898100172711576,0.0829015544041451,0.036757301107754305,0.05948869223205511,3.7589041095890385,1.8710743801652874,-1.8878297294237512,0.024169184290030232,True,0.1370295718203336,0.11019701555318728,-0.026832556267146312,target,target,20_30,2025,2025-11
500,SPXU,large,2025-11-11,2025-11-12,2025-11-13,0.07945205479452035,0.14520547945205467,0.06575342465753432,0.023181454836131026,0.04156862745098034,6.551724137931055,3.1320754716981174,-3.4196486662329377,0.01918465227817756,True,3.2092179329999277,3.129985595437576,-0.0792323375623516,target_gap,target_gap,10_20,2025,2025-11
500,TTD,large,2025-11-11,2025-11-12,2025-11-13,0.12877697841726615,0.0294964028776976,-0.09928057553956855,0.039875250612608576,0.009423121121581168,3.6592178770949726,19.341463414634305,15.682245537539332,-0.030741813321452538,True,-0.040834895539532456,-0.010413202959540513,0.030421692579991944,stop,stop,LE10,2025,2025-11
500,SPXU,large,2025-11-12,2025-11-13,2025-11-14,0.14520547945205467,0.3890410958904111,0.2438356164383564,0.04156862745098034,0.10410557184750732,3.1320754716981174,0.5422535211267603,-2.5898219505713573,0.06980392156862747,True,3.129985595437576,2.860507063183951,-0.26947853225362506,target_gap,target_gap,GT30,2025,2025-11
500,TNA,large,2025-11-18,2025-11-19,2025-11-20,0.08105939004815393,0.21910112359550535,0.13804173354735141,0.025563148569982232,0.06621392190152794,6.4019801980198165,1.7384615384615412,-4.663518659558275,0.04353328271323709,True,-0.026537098446473895,-0.06714724131991723,-0.04061014287344333,stop,stop,20_30,2025,2025-11
500,F,small,2025-11-20,2025-11-21,2025-11-24,0.17746478873239405,0.3633802816901405,0.18591549295774648,0.025179856115107875,0.05023364485981305,2.3809523809523845,0.6511627906976748,-1.7297895902547098,0.026378896882494063,True,0.05889261604209883,0.03167808619054968,-0.027214529851549152,target,target,GT30,2025,2025-11
500,EQIX,small,2025-11-25,2025-11-26,2025-11-28,0.0352410872831581,0.047443427582752135,0.012202340299594036,0.005177465316333772,0.006957706227213744,16.02558139534882,11.646641074856236,-4.378940320492584,0.001792714088859615,True,-0.006171790688331513,-0.007950252247976075,-0.0017784615596445619,stop,stop,LE10,2025,2025-11
500,EQIX,small,2025-11-26,2025-11-28,2025-12-01,0.047443427582752135,0.027591859035650635,-0.0198515685471015,0.006957706227213744,0.0040582350026116985,11.646641074856236,20.74554455445565,9.098903479599413,-0.0029112859069723163,True,-0.007950252247976075,-0.005053679045587511,0.0028965732023885638,stop,stop,LE10,2025,2025-11
500,EQIX,small,2025-11-28,2025-12-01,2025-12-02,0.027591859035650635,-0.078313527295907,-0.10590538633155763,0.0040582350026116985,-0.011700680272108875,20.74554455445565,,,-0.015576657782301773,False,-0.005053679045587511,,,stop,,LE10,2025,2025-12
500,LLY,small,2025-12-09,2025-12-10,2025-12-11,0.13081795648581657,0.29020930873037715,0.15939135224456058,0.019289340101522844,0.041809254575212,3.5865263157894742,1.0674733096085423,-2.5190530061809318,0.02350253807106606,True,0.06811307848613768,0.04358615514441877,-0.02452692334171891,target,target,20_30,2025,2025-12
500,INSM,small,2025-12-10,2025-12-11,2025-12-12,0.16666666666666666,0.3441461595824009,0.17747949291573425,0.023496635828427242,0.04733333333333328,2.5999999999999974,0.7434452871072591,-1.8565547128927382,0.02502102607232959,True,0.06003069218124324,0.0341550711823575,-0.02587562099888574,target,target,GT30,2025,2025-12
500,BABA,large,2025-12-12,2025-12-15,2025-12-16,0.11872349921892426,0.024324927471545986,-0.09439857174737828,0.034730382556469465,0.007317891910036758,4.053759398496246,23.66605504587212,19.612295647375873,-0.027614571092832052,True,-0.03569516978030085,-0.008310077925118953,0.027385091855181898,stop,stop,LE10,2025,2025-12
500,BABA,large,2025-12-15,2025-12-16,2025-12-17,0.024324927471545986,0.06114706538718996,0.036822137915643975,0.007317891910036758,0.018193891102257508,23.66605504587212,8.812408759124155,-14.853646286747965,0.011077542799597273,True,-0.008310077925118953,-0.019175206553429636,-0.010865128628310683,stop,stop,LE10,2025,2025-12
500,VLO,small,2025-12-18,2025-12-19,2025-12-22,0.08394954327968708,0.19878207916485516,0.11483253588516808,0.011924621563175822,0.027782843941881095,6.147150259067338,2.018380743982483,-4.128769515084855,0.016311399443929675,True,0.10911584677231989,0.0913149723393516,-0.017800874432968294,target_gap,target_gap,10_20,2025,2025-12
500,VLO,small,2025-12-19,2025-12-22,2025-12-23,0.19878207916485516,0.18442801217920868,-0.01435406698564648,0.027782843941881095,0.025828460038986412,2.018380743982483,2.2533018867924484,0.23492114280996557,-0.002006200984862372,True,0.0913149723393516,0.09350877071210983,0.0021937983727582377,target_gap,target_gap,10_20,2025,2025-12
500,VLO,small,2025-12-22,2025-12-23,2025-12-24,0.18442801217920868,0.18312309699869536,-0.0013049151805133163,0.025828460038986412,0.02565039907390488,2.2533018867924484,2.2764845605700677,0.02318267377761929,-0.0001827485380117011,True,0.09350877071210983,0.09370864436787896,0.00019987365576912275,target_gap,target_gap,10_20,2025,2025-12
500,VST,small,2025-12-22,2025-12-23,2025-12-24,0.13224637681159374,0.10597826086956545,-0.026268115942028283,0.01807266200408484,0.014535064289707456,3.536986301369879,4.6615384615384485,1.1245521601685695,-0.003589775329578382,True,0.06285936687532945,0.06668853907725314,0.003829172201923692,target,target,10_20,2025,2025-12
500,VST,small,2025-12-23,2025-12-24,2025-12-26,0.10597826086956545,0.13677536231883985,0.030797101449274403,0.014535064289707456,0.018680027215933582,4.6615384615384485,3.3867549668874406,-1.274783494651008,0.004223864836325086,True,0.06668853907725314,0.062201941646854664,-0.004486597430398476,target,target,10_20,2025,2025-12
500,VST,small,2025-12-24,2025-12-26,2025-12-29,0.13677536231883985,0.10643115942028968,-0.03034420289855018,0.018680027215933582,0.01459627329192543,3.3867549668874406,4.6374468085106475,1.250691841623207,-0.00414424444856798,True,0.062201941646854664,0.06662228513072654,0.00442034348387188,target,target,10_20,2025,2025-12
500,ARES,small,2025-12-30,2025-12-31,2026-01-02,0.16905311778290974,0.1450346420323332,-0.02401847575057653,0.022426470588235273,0.01930169658224745,2.5491803278688585,3.1369426751592187,0.5877623472903601,-0.0031862745098037992,True,0.05611247684981069,0.0594882974052684,0.003375820555457709,target,target,10_20,2025,2025-12
500,ARES,small,2025-12-31,2026-01-02,2026-01-05,0.1450346420323332,0.31408775981524295,0.16905311778290974,0.01930169658224745,0.04088012504508844,3.1369426751592187,0.9102941176470569,-2.2266485575121617,0.022498155888861504,True,0.0594882974052684,0.03617624276715792,-0.02331205463811048,target,target,GT30,2026,2026-01
500,LEN,large,2026-01-02,2026-01-05,2026-01-06,0.05441316039228091,0.05852578298006945,0.004112622587788536,0.01655916048907287,0.017788461538461482,10.026744186046516,9.25189189189192,-0.774852294154595,0.0012515644555695093,True,0.164869014419333,0.16341292815130903,-0.0014560862680239595,target,target,LE10,2026,2026-01
500,SNOW,large,2026-01-02,2026-01-05,2026-01-06,0.07844564110027631,0.19706010769902474,0.11861446659874843,0.024798711755233432,0.0600443458980044,6.648608534322839,2.044756277695718,-4.603852256627121,0.03749712445364617,True,-0.02577342568651242,-0.06098383180915068,-0.03521040612263826,stop,stop,10_20,2026,2026-01
500,TSLA,small,2026-01-02,2026-01-05,2026-01-06,0.1972938955317813,0.17495280050346138,-0.022341095028319935,0.028003573023671326,0.02491151037232852,2.041148325358849,2.4294964028776986,0.3883480775188497,-0.003171058508262603,True,-0.028975083695311765,-0.02588611156136167,0.0030889721339500964,stop,stop,10_20,2026,2026-01
500,LEN,large,2026-01-05,2026-01-06,2026-01-07,0.05852578298006945,0.14710534640936393,0.08857956342929449,0.017788461538461482,0.04353932584269655,9.25189189189192,3.0787096774193614,-6.173182214472559,0.026923076923076827,True,0.16341292815130903,0.13291146561550682,-0.030501462535802215,target,target,10_20,2026,2026-01
500,SNOW,large,2026-01-05,2026-01-06,2026-01-07,0.19706010769902474,0.3207684470964923,0.12370833939746759,0.0600443458980044,0.09418803418803415,2.044756277695718,0.8705081669691477,-1.1742481107265703,0.037694013303769314,True,-0.06098383180915068,-0.09509339347420298,-0.0341095616650523,stop,stop,GT30,2026,2026-01
500,LEN,large,2026-01-06,2026-01-07,2026-01-08,0.14710534640936393,0.031635558367605204,-0.11546978804175873,0.04353932584269655,0.009694619486185167,3.0787096774193614,17.965999999999994,14.887290322580633,-0.03417602996254676,True,0.13291146561550682,0.17299994694848397,0.040088481332977155,target,target,LE10,2026,2026-01
500,TZA,small,2026-01-06,2026-01-07,2026-01-08,0.03174603174603109,0.16931216931216864,0.13756613756613756,0.00451807228915653,0.02363367799113726,17.900000000000382,2.543750000000012,-15.35625000000037,0.01957831325301207,True,-0.005513056724649412,-0.024609556373954566,-0.019096499649305154,stop,stop,10_20,2026,2026-01
500,LEN,large,2026-01-07,2026-01-08,2026-01-09,0.031635558367605204,0.34324580828851625,0.311610249920911,0.009694619486185167,0.0960176991150442,17.965999999999994,0.7480184331797238,-17.21798156682027,0.09549200193892382,True,0.17299994694848397,0.07075172148439046,-0.10224822546409351,target,target,GT30,2026,2026-01
500,TZA,small,2026-01-07,2026-01-08,2026-01-09,0.16931216931216864,-0.2010582010582016,-0.37037037037037024,0.02363367799113726,-0.02959501557632405,2.543750000000012,,,-0.05169867060561295,False,-0.024609556373954566,,,stop,,LE10,2026,2026-01
500,AIG,small,2026-01-08,2026-01-09,2026-01-12,0.159656264133876,-0.07100859339665275,-0.23066485753052876,0.022628205128205136,-0.010404241219350518,2.758073654390939,,,-0.03269230769230769,False,-0.023605088481400305,,,stop,,LE10,2026,2026-01
500,GLW,small,2026-01-08,2026-01-09,2026-01-12,0.04083368779242906,-0.0042535091450444165,-0.04508719693747348,0.005625219735145951,-0.0005896226415094004,13.693749999999902,,,-0.006211180124223614,False,-0.007204472298012465,,,stop_gap,,LE10,2026,2026-01
500,KKR,small,2026-01-13,2026-01-14,2026-01-15,0.07894736842105317,0.29233409610983974,0.21338672768878658,0.010719279167314041,0.0385747716464105,6.599999999999957,1.0524461839530364,-5.54755381604692,0.028973124126145722,True,-0.011708065494982822,-0.03953571640238607,-0.027827650907403245,stop,stop,20_30,2026,2026-01
500,DASH,small,2026-01-14,2026-01-15,2026-01-16,0.1844754790516395,0.10133160116921003,-0.08314387788242947,0.026568127601852187,0.014770629171992502,2.252464788732405,4.921153846153888,2.6686890574214828,-0.011974367369848915,True,-0.027541073001550287,-0.015755366174319274,0.011785706827231013,stop,stop,10_20,2026,2026-01
500,DASH,small,2026-01-15,2026-01-16,2026-01-20,0.10133160116921003,-0.22052614485222546,-0.32185774602143546,0.014770629171992502,-0.03372739916550775,4.921153846153888,,,-0.04691568432514315,False,-0.015755366174319274,,,stop,,LE10,2026,2026-01
500,NET,small,2026-01-15,2026-01-16,2026-01-20,0.16160388821385213,-0.11138112596192791,-0.27298501417578,0.021627188465499533,-0.015471167369901548,2.7127819548872076,,,-0.03653314542793651,False,-0.03749613078982761,,,stop_gap,,LE10,2026,2026-01
500,WFC,small,2026-01-22,2026-01-23,2026-01-26,0.12494669509594902,0.09083155650319803,-0.03411513859275099,0.01674285714285718,0.012227324913892054,3.802047781569962,5.605633802816925,1.803586021246963,-0.004571428571428671,True,-0.01772562290283408,0.06747389795343461,0.0851995208562687,stop,target,LE10,2026,2026-01
500,WFC,small,2026-01-23,2026-01-26,2026-01-27,0.09083155650319803,0.1803837953091691,0.08955223880597106,0.012227324913892054,0.023993193420306397,5.605633802816925,2.326241134751764,-3.279392668065161,0.012055109070034487,True,0.06747389795343461,0.05475866717803912,-0.012715230775395492,target,target,10_20,2026,2026-01
500,WFC,small,2026-01-26,2026-01-27,2026-01-28,0.1803837953091691,0.22046908315565084,0.04008528784648174,0.023993193420306397,0.029169487700293477,2.326241134751764,1.7214700193423556,-0.6047711154094084,0.005331820760068107,True,0.05475866717803912,0.049164709001852325,-0.005593958176186797,target,target,20_30,2026,2026-01
500,VST,large,2026-01-30,2026-02-02,2026-02-03,0.17741594417424425,0.14506238105307698,-0.03235356312116727,0.053219156359023245,0.04394055854470928,2.3818831942789003,3.1361516034985377,0.7542684092196374,-0.009705042816365417,True,-0.05416546404881917,-0.04489614019533916,0.009269323853480005,stop,stop,10_20,2026,2026-02
500,VST,large,2026-02-02,2026-02-03,2026-02-04,0.14506238105307698,0.0831042503700572,-0.06195813068301978,0.04394055854470928,0.025654416084600867,3.1361516034985377,6.219847328244269,3.083695724745731,-0.01876761465539334,True,-0.04489614019533916,-0.02662827473918883,0.018267865456150334,stop,stop,LE10,2026,2026-02
500,VST,large,2026-02-03,2026-02-04,2026-02-05,0.0831042503700572,-0.1746669486149289,-0.2577711989849861,0.025654416084600867,-0.05858156028368788,6.219847328244269,,,-0.07957438475096279,False,-0.02662827473918883,,,stop,,LE10,2026,2026-02
500,XYZ,large,2026-02-04,2026-02-05,2026-02-06,0.06888499708114419,-0.0023350846468188128,-0.071220081727963,0.02097032166340856,-0.0007266121707539737,7.710169491525419,,,-0.021681180024880176,False,-0.02194886207154101,,,stop,,LE10,2026,2026-02
500,DASH,large,2026-02-05,2026-02-06,2026-02-09,0.08353851565247976,-0.0133661625043966,-0.09690467815687635,0.02542962685368596,-0.004192409532215308,6.182315789473687,,,-0.02949836715027565,False,-0.026403710185166407,,,stop,,LE10,2026,2026-02
500,DASH,large,2026-02-09,2026-02-10,2026-02-11,0.0629616602180797,0.06278578965881149,-0.00017587055926820971,0.019286714793664544,0.01923387748504941,8.529608938547456,8.55630252100835,0.026693582460893595,-5.38735050101824e-05,True,-0.02026693796728396,-0.020214153469572005,5.278449771195515e-05,stop,stop,LE10,2026,2026-02
500,DASH,large,2026-02-10,2026-02-11,2026-02-12,0.06278578965881149,-0.09461836088638752,-0.15740415054519902,0.01923387748504941,-0.03045397939544886,8.55630252100835,,,-0.048219384731426174,False,-0.020214153469572005,,,stop,,LE10,2026,2026-02
500,DELL,large,2026-02-12,2026-02-13,2026-02-17,0.15641293013555788,0.1796514226128408,0.023238492477282935,0.045466354897375945,0.051870967741935496,2.8360000000000016,2.3398009950248766,-0.49619900497512504,0.006755001299038721,True,0.18847058673832762,0.18049633247892216,-0.007974254259405456,target_gap,target_gap,10_20,2026,2026-02
500,EMR,small,2026-02-12,2026-02-13,2026-02-17,0.0799715234931182,0.11556715709539629,0.03559563360227809,0.011564859299931382,0.01662683509730285,6.502670623145406,4.191786447638608,-2.3108841755067973,0.005147563486616269,True,-0.012552800470046255,-0.01760971682134327,-0.005056916351297014,stop,stop,10_20,2026,2026-02
500,EMR,small,2026-02-13,2026-02-17,2026-02-18,0.11556715709539629,0.294019933554818,0.1784527764594217,0.01662683509730285,0.04124226083483138,4.191786447638608,1.0406779661016918,-3.151108481536917,0.02567429156708778,True,-0.01760971682134327,-0.04220053943469637,-0.024590822613353103,stop,stop,20_30,2026,2026-02
500,DELL,large,2026-02-17,2026-02-18,2026-02-19,0.1379413079100252,0.26039028750186194,0.12244897959183673,0.04031345232912491,0.07347007397444515,3.3496760259179332,1.3042334096109867,-2.0454426163069463,0.03578580757509786,True,0.1948863617821044,0.15360372100432662,-0.04128264077777777,target_gap,target_gap,20_30,2026,2026-02
500,HPQ,small,2026-02-17,2026-02-18,2026-02-19,0.05465587044534335,0.014170040485830024,-0.040485829959513324,0.007336956521739023,0.0019125683060109365,9.977777777777936,41.34285714285696,31.36507936507902,-0.005434782608695565,True,-0.00832912348173731,-0.002910156943386144,0.0054189665383511665,stop,stop,LE10,2026,2026-02
500,HPQ,small,2026-02-18,2026-02-19,2026-02-20,0.014170040485830024,0.07489878542510073,0.060728744939270704,0.0019125683060109365,0.010027100271002641,41.34285714285696,7.010810810810862,-34.3320463320461,0.008196721311475308,True,-0.002910156943386144,-0.01101657843165138,-0.008106421488265236,stop,stop,LE10,2026,2026-02
500,HPQ,small,2026-02-19,2026-02-20,2026-02-23,0.07489878542510073,0.0829959514170034,0.008097165991902674,0.010027100271002641,0.011099079588521835,7.010810810810862,6.229268292682984,-0.7815425181278783,0.0010840108401084514,True,-0.01101657843165138,-0.012087486305574768,-0.001070907873923388,stop,stop,LE10,2026,2026-02
500,AAL,large,2026-02-23,2026-02-24,2026-02-25,0.03653585926928275,0.11502029769959422,0.07848443843031147,0.010432766615146815,0.03212396069538932,15.422222222222251,4.216470588235286,-11.205751633986964,0.022411128284389514,True,-0.05195315788782562,-0.0727342300127336,-0.020781072124907984,stop_gap,stop_gap,10_20,2026,2026-02
500,MA,small,2026-02-24,2026-02-25,2026-02-26,0.17910030734842114,0.29267951941883175,0.1135792120704106,0.025496201423968804,0.041002054995596414,2.350078003120125,1.050023866348449,-1.300054136771676,0.016168807923312434,True,-0.02647021821414952,-0.04196057368125783,-0.015490355467108308,stop,stop,20_30,2026,2026-02
500,NVDL,large,2026-02-27,2026-03-02,2026-03-03,0.08299133606931111,0.2161422708618328,0.13315093479252169,0.0244065978275445,0.06116918312040257,6.229670329670357,1.7759493670886108,-4.453720962581746,0.03915783827276398,True,0.15089358901077854,0.10752529271562472,-0.04336829629515382,target,target,20_30,2026,2026-03
500,CARR,small,2026-03-04,2026-03-05,2026-03-06,0.13498312710911178,-0.03937007874015767,-0.17435320584926944,0.019792182088075257,-0.005924170616113768,3.444999999999986,,,-0.025564901863763922,False,-0.026538849987837954,,,stop_gap,,LE10,2026,2026-03
500,BDX,large,2026-03-05,2026-03-06,2026-03-09,0.07920181032709306,0.01213742028389227,-0.06706439004320079,0.02288125520028524,0.0035757575757575963,6.5755844155844265,48.433898305084455,41.858313889500025,-0.01937477713063107,True,-0.023857885629870013,-0.00457168385504203,0.019286201774827982,stop,stop,LE10,2026,2026-03
500,IR,small,2026-03-05,2026-03-06,2026-03-09,0.04063018242122681,-0.3598673300165844,-0.4004975124378112,0.005481597494126802,-0.05132450331125832,13.767346938775644,,,-0.05403288958496477,False,-0.006475618885936618,,,stop,,LE10,2026,2026-03
500,BDX,large,2026-03-06,2026-03-09,2026-03-10,0.01213742028389227,0.0012343139271755246,-0.010903106356716746,0.0035757575757575963,0.00036480817170305997,48.433898305084455,485.09999999998155,436.66610169489707,-0.0032121212121212217,True,-0.00457168385504203,-0.0013639437957192468,0.0032077400593227834,stop,stop,LE10,2026,2026-03
500,MCHP,large,2026-03-06,2026-03-09,2026-03-10,0.015422885572139422,0.09004975124378123,0.07462686567164181,0.004877281308999407,0.027820473409160808,37.90322580645133,5.662983425414358,-32.24024238103697,0.02359974826935174,True,-0.005871906714987385,-0.028792167088911635,-0.02292026037392425,stop,stop,LE10,2026,2026-03
500,BDX,large,2026-03-09,2026-03-10,2026-03-11,0.0012343139271755246,-0.017486113968319155,-0.01872042789549468,0.00036480817170305997,-0.005196869650281207,485.09999999998155,,,-0.005532923937496159,False,-0.0013639437957192468,,,stop,,LE10,2026,2026-03
500,BKR,small,2026-03-09,2026-03-10,2026-03-11,0.1827503015681545,0.07358262967430633,-0.10916767189384817,0.025273167069814004,0.010331978319783188,2.28316831683168,7.15409836065574,4.87093004382406,-0.01509717240804076,True,-0.026247406782887506,-0.011321151754745795,0.01492625502814171,stop,stop,LE10,2026,2026-03
500,CHTR,small,2026-03-09,2026-03-10,2026-03-11,0.08873144399460169,-0.00910931174089007,-0.09784075573549175,0.011834585789497348,-0.0012310217480507992,5.761977186311807,,,-0.01304954326598562,False,-0.012822257367918422,,,stop,,LE10,2026,2026-03
500,MCHP,large,2026-03-09,2026-03-10,2026-03-11,0.09004975124378123,0.11442786069651731,0.02437810945273608,0.027820473409160808,0.03508771929824557,5.662983425414358,4.243478260869573,-1.419505164544785,0.007531509375960477,True,-0.028792167088911635,-0.03605214936391443,-0.0072599822750027965,stop,stop,10_20,2026,2026-03
500,BKR,small,2026-03-10,2026-03-11,2026-03-12,0.07358262967430633,-0.0470446320868517,-0.12062726176115804,0.010331978319783188,-0.006719503790489328,7.15409836065574,,,-0.01693766937669372,False,-0.011321151754745795,,,stop,,LE10,2026,2026-03
500,MCHP,large,2026-03-10,2026-03-11,2026-03-12,0.11442786069651731,0.06766169154228854,-0.046766169154228765,0.03508771929824557,0.02104937316204921,4.243478260869573,7.867647058823535,3.6241687979539625,-0.014340198321891706,True,-0.03605214936391443,-0.02202783455818902,0.014024314805725413,stop,stop,LE10,2026,2026-03
500,MCHP,large,2026-03-11,2026-03-12,2026-03-13,0.06766169154228854,-0.003980099502487479,-0.07164179104477603,0.02104937316204921,-0.0012664239354123522,7.867647058823535,,,-0.022287571583346155,False,-0.02202783455818902,,,stop,,LE10,2026,2026-03
500,B,large,2026-03-12,2026-03-13,2026-03-16,0.17042309213127732,-0.0035587188612101004,-0.1739818109924874,0.048755656108597306,-0.001071428571428612,2.520649651972154,,,-0.04977375565610864,False,-0.05072350702476813,,,stop_gap,,LE10,2026,2026-03
500,B,large,2026-03-16,2026-03-17,2026-03-18,0.11269276393831536,-0.07236061684460257,-0.18505338078291794,0.03278122843340228,-0.0222465353756382,4.324210526315798,,,-0.053830227743271175,False,-0.054775924667065934,,,stop_gap,,LE10,2026,2026-03
500,SMCI,small,2026-03-18,2026-03-19,2026-03-20,0.07553956834532408,-1.7182254196642692,-1.7937649880095934,0.010500000000000042,-0.3181616341030195,6.9428571428571075,,,-0.2493333333333333,False,-0.2500836248542395,,,stop_gap,,LE10,2026,2026-03
500,DHR,small,2026-03-19,2026-03-20,2026-03-23,0.15271659324522743,0.26835535976505137,0.11563876651982394,0.021954823728097934,0.03794839848414059,2.928846153846156,1.2358413132694925,-1.6930048405766633,0.016624445851805003,True,-0.022932380126170826,-0.03890996930024826,-0.015977589174077433,stop,stop,20_30,2026,2026-03
500,PDD,large,2026-03-19,2026-03-20,2026-03-23,0.003865073787772293,0.003865073787772293,0.0,0.0011340206185566951,0.0011340206185566951,154.2363636363644,154.2363636363644,0.0,0.0,True,-0.0021323874145400268,-0.0021323874145400268,0.0,stop,stop,LE10,2026,2026-03
500,BKNG,small,2026-03-27,2026-03-30,2026-03-31,0.06587209834238505,0.20699807873046436,0.1411259803880793,0.00973547054774312,0.029967922474496828,8.108560606060617,1.898577627772427,-6.20998297828819,0.02085750811289211,True,0.033006205619778406,0.011900483084406055,-0.02110572253537235,end,end,20_30,2026,2026-03
500,PDD,large,2026-03-27,2026-03-30,2026-03-31,0.10681658468025323,0.06043569922698522,-0.04638088545326802,0.030421294906434564,0.017442450055775265,4.617105263157881,8.92790697674419,4.310801713586309,-0.013209246472530856,True,0.021393786245074153,0.03506623120850083,0.013672444963426678,end,end,LE10,2026,2026-03
500,ADSK,small,2026-03-30,2026-03-31,,0.07742335088262622,,,0.010641920653839605,,6.749599999999998,,,,False,0.018051760770389613,,,end,,INVALID,2026,2026-03
500,CAT,small,2026-03-30,2026-03-31,,0.17890057465033066,,,0.02426470588235294,,2.3538181818181796,,,,False,0.040723461798512606,,,end,,INVALID,2026,2026-03
500,FBTC,small,2026-03-30,2026-03-31,,0.13017031630170323,,,0.018410185822436344,,3.609345794392524,,,,False,0.014470225314046736,,,end,,INVALID,2026,2026-03
500,IBIT,small,2026-03-30,2026-03-31,,0.12849162011173149,,,0.018244315177154885,,3.6695652173913214,,,,False,0.015377557123077867,,,end,,INVALID,2026,2026-03
500,KWEB,small,2026-03-30,2026-03-31,,0.02230971128608945,,,0.003063063063063094,,25.89411764705857,,,,False,-0.004059501780641184,,,stop,,INVALID,2026,2026-03
500,PDD,large,2026-03-30,2026-03-31,,0.06043569922698522,,,0.017442450055775265,,8.92790697674419,,,,False,0.03506623120850083,,,end,,INVALID,2026,2026-03
