rank_cap,target_fraction,feature,period,quintile,n,mean_trade,median_trade,profit_factor,win_rate,target_share,stop_share,max_hold_share,mean_holding_sessions,mean_mfe_return,mean_mae_return,yearly_mean_trade,yearly_pf
300,0.6,signal_clv,discovery,1,265,-0.0009045216173672534,-0.016569464213112,0.9650366515909515,0.4226415094339623,0.3283018867924528,0.5245283018867924,0.1471698113207547,9.445283018867924,0.04324111007950143,-0.041000307286219624,"{""2019"": 0.011893162656539039, ""2020"": -0.017577083372657662, ""2021"": 0.005693523438449084, ""2022"": -0.010481317356641907}","{""2019"": 1.7083768484987834, ""2020"": 0.5387967820165738, ""2021"": 1.2616720369576784, ""2022"": 0.6711480139789291}"
300,0.6,signal_clv,discovery,2,262,0.007838857973622736,-0.0134969067208284,1.387960301156725,0.4389312977099237,0.3511450381679389,0.5114503816793893,0.13740458015267176,8.622137404580153,0.045323431561841036,-0.0334089860423239,"{""2019"": 0.018080751376099637, ""2020"": 0.020023191834031017, ""2021"": 0.02007181282376618, ""2022"": -0.026025274353607148}","{""2019"": 2.191924762760233, ""2020"": 2.0410548282019008, ""2021"": 2.414746473925594, ""2022"": 0.23976871477261827}"
300,0.6,signal_clv,discovery,3,265,0.0025169944999246367,-0.013089163223545,1.1194141654258754,0.3886792452830189,0.29056603773584905,0.5584905660377358,0.1509433962264151,9.184905660377359,0.043545657083704094,-0.0335052389265587,"{""2019"": 0.01616821530139882, ""2020"": 0.002067328978675717, ""2021"": 0.004414520590442853, ""2022"": -0.01410102723570957}","{""2019"": 1.9841372644290256, ""2020"": 1.0993611065700244, ""2021"": 1.2354083584762536, ""2022"": 0.5039286947476389}"
300,0.6,signal_clv,discovery,4,266,0.0010988830706283406,-0.01650267180407685,1.0497672172907169,0.40601503759398494,0.2819548872180451,0.5526315789473685,0.16541353383458646,9.477443609022556,0.04238776879203578,-0.034771215752559766,"{""2019"": 0.011908985248172658, ""2020"": -0.0016107496338074122, ""2021"": 0.019030957651339237, ""2022"": -0.015198837294279335}","{""2019"": 1.711061112705217, ""2020"": 0.9204209010117427, ""2021"": 2.2094189589457116, ""2022"": 0.49614817463693284}"
300,0.6,signal_clv,discovery,5,266,-0.010894542525279587,-0.022702293692785,0.631150455959292,0.3157894736842105,0.23684210526315788,0.6578947368421053,0.10526315789473684,8.270676691729323,0.0361980142152358,-0.04167545086279451,"{""2019"": -0.0033858265288252247, ""2020"": -0.004452133174736485, ""2021"": 0.0010521361488947687, ""2022"": -0.021488362441629723}","{""2019"": 0.857294111373942, ""2020"": 0.870065798682308, ""2021"": 1.048756136327658, ""2022"": 0.3738795582869864}"
300,0.6,signal_clv,validation,1,206,0.000642543678893815,-0.013858021239356949,1.0278215564405087,0.4029126213592233,0.2815533980582524,0.5485436893203883,0.16990291262135923,9.441747572815533,0.04376322417884693,-0.03650103640834761,"{""2023"": 0.0033932940917982173, ""2024"": -0.008848084141492648, ""2025"": 0.009317054883835944, ""2026"": -0.000718261636166433}","{""2023"": 1.1378667307667902, ""2024"": 0.6511433424471501, ""2025"": 1.486061870535138, ""2026"": 0.9673659718461488}"
300,0.6,signal_clv,validation,2,187,0.013194883698062845,-0.0199414449277767,1.5346849994598646,0.36363636363636365,0.2887700534759358,0.6203208556149733,0.09090909090909091,8.016042780748663,0.05863103337371409,-0.037979299398913466,"{""2023"": 0.0008988617672008359, ""2024"": -0.012174468031283161, ""2025"": 0.050977114538532965, ""2026"": 0.008152964621773093}","{""2023"": 1.0380918709760467, ""2024"": 0.6185865501166915, ""2025"": 3.4793721302079925, ""2026"": 1.4871112370185415}"
300,0.6,signal_clv,validation,3,191,0.0002861624225361668,-0.016930309542181,1.0128063943660572,0.39267015706806285,0.3036649214659686,0.5863874345549738,0.1099476439790576,8.81675392670157,0.041845396700422345,-0.03390967060991776,"{""2023"": -0.013278269419987793, ""2024"": 0.004111535293493753, ""2025"": 0.020266366763582226, ""2026"": -0.018578208182691083}","{""2023"": 0.5272524277627553, ""2024"": 1.1964515826855298, ""2025"": 2.376873190391853, ""2026"": 0.2985523301281254}"
300,0.6,signal_clv,validation,4,221,0.0017772507069296532,-0.0201041372509959,1.073549853692624,0.3891402714932127,0.27601809954751133,0.5520361990950227,0.17194570135746606,9.538461538461538,0.046987365078463635,-0.03825522944674007,"{""2023"": -0.0039881619594724915, ""2024"": 0.0010630843345086935, ""2025"": 0.008601674988251274, ""2026"": 0.009034045003709853}","{""2023"": 0.8407947588420388, ""2024"": 1.0420406405177907, ""2025"": 1.3978172885715434, ""2026"": 1.3824723547981426}"
300,0.6,signal_clv,validation,5,208,0.005351129235212174,-0.01119960299954825,1.2940247820222943,0.41346153846153844,0.3125,0.5336538461538461,0.15384615384615385,8.629807692307692,0.04194222996513505,-0.029874481910286688,"{""2023"": 0.0027219838292380175, ""2024"": 0.005393708262587959, ""2025"": 0.0071659341120609, ""2026"": 0.008431269074665338}","{""2023"": 1.1423357105363696, ""2024"": 1.2886637771723022, ""2025"": 1.4869877703228973, ""2026"": 1.3619317886426867}"
300,0.6,signal_lower_wick,discovery,1,265,-0.004202310716183405,-0.019098956353731,0.8488164207458679,0.4188679245283019,0.2981132075471698,0.5433962264150943,0.15849056603773584,9.373584905660378,0.0436632005451267,-0.04267570811675026,"{""2019"": 0.012756839420609909, ""2020"": -0.019339513353781, ""2021"": 0.007055170223279572, ""2022"": -0.018975997040150887}","{""2019"": 1.7402693591751457, ""2020"": 0.49720652122590037, ""2021"": 1.338332437719339, ""2022"": 0.47346955769007854}"
300,0.6,signal_lower_wick,discovery,2,266,0.0007304364278376694,-0.015074216341891999,1.031813560167716,0.40225563909774437,0.3157894736842105,0.5413533834586466,0.14285714285714285,9.142857142857142,0.04177654872859518,-0.0363947258968468,"{""2019"": 0.01352586730075482, ""2020"": -0.0033686171707700938, ""2021"": 0.015015599538046893, ""2022"": -0.019063967482517808}","{""2019"": 1.9334020237787608, ""2020"": 0.8825528405985585, ""2021"": 2.0273978542500175, ""2022"": 0.42298205082255536}"
300,0.6,signal_lower_wick,discovery,3,264,-0.0006511777431797335,-0.0192918938631476,0.9733758670469236,0.375,0.29545454545454547,0.5795454545454546,0.125,8.465909090909092,0.04200292632031309,-0.03628028280675888,"{""2019"": 0.013339447423383406, ""2020"": 0.007178733768575422, ""2021"": 0.009081825144388107, ""2022"": -0.026409418567391214}","{""2019"": 1.7276391260672115, ""2020"": 1.2803064189542417, ""2021"": 1.4510914554481233, ""2022"": 0.22695586541079263}"
300,0.6,signal_lower_wick,discovery,4,263,0.0027124834059425946,-0.0138415085328011,1.1311947689176367,0.3916349809885932,0.29277566539923955,0.5703422053231939,0.13688212927756654,8.756653992395437,0.04029831197358921,-0.034213648548395745,"{""2019"": 0.015213549113379026, ""2020"": 0.009258150165750335, ""2021"": 0.008817325865980281, ""2022"": -0.018971788524506303}","{""2019"": 1.942015632617215, ""2020"": 1.4941911336511384, ""2021"": 1.5533351518174188, ""2022"": 0.37463648364264995}"
300,0.6,signal_lower_wick,discovery,5,266,0.0009521982197366977,-0.0167682060062629,1.0415397661593673,0.38345864661654133,0.2857142857142857,0.5714285714285714,0.14285714285714285,9.259398496240602,0.042881623847761445,-0.03483343398664234,"{""2019"": 0.002952280049561548, ""2020"": 0.00968311456493833, ""2021"": 0.01272506492535262, ""2022"": -0.008414097707182216}","{""2019"": 1.1389968368742878, ""2020"": 1.589379550832335, ""2021"": 1.6465273756513008, ""2022"": 0.6965257966286341}"
300,0.6,signal_lower_wick,validation,1,210,0.01849113684768155,-0.013620457003875801,1.8600738434176816,0.4095238095238095,0.3238095238095238,0.5476190476190477,0.12857142857142856,8.423809523809524,0.059787960788426325,-0.0342424281527388,"{""2023"": 0.004968484370642718, ""2024"": 0.01198670568519185, ""2025"": 0.06172990045544358, ""2026"": -0.02229326898322873}","{""2023"": 1.2176489034942355, ""2024"": 1.6212559593701203, ""2025"": 4.547790101970228, ""2026"": 0.31576973085490934}"
300,0.6,signal_lower_wick,validation,2,216,-0.005755149821564486,-0.01933614696556065,0.764076648934956,0.3472222222222222,0.22685185185185186,0.5740740740740741,0.19907407407407407,9.782407407407407,0.04149384600219115,-0.03852630799869994,"{""2023"": -0.013268769846367835, ""2024"": -0.01013313232497088, ""2025"": 0.006167994493435614, ""2026"": 6.663288297945983e-05}","{""2023"": 0.540313169152576, ""2024"": 0.6171271915075477, ""2025"": 1.3551932509694484, ""2026"": 1.0029371673902763}"
300,0.6,signal_lower_wick,validation,3,186,0.0014952666381099346,-0.01427044586893485,1.0669071425139531,0.4032258064516129,0.3279569892473118,0.5698924731182796,0.10215053763440861,8.435483870967742,0.041455331750526674,-0.035063272910949024,"{""2023"": 0.006404563119457824, ""2024"": -0.006557136525273363, ""2025"": 0.0048112268022904294, ""2026"": 0.004271507989427418}","{""2023"": 1.318608945478332, ""2024"": 0.7426765620475453, ""2025"": 1.2178228266304554, ""2026"": 1.23709915132194}"
300,0.6,signal_lower_wick,validation,4,207,0.0027307834187764862,-0.016092381532238,1.1227253406115099,0.391304347826087,0.28502415458937197,0.5942028985507246,0.12077294685990338,8.66183574879227,0.045563961970541446,-0.03350270833879508,"{""2023"": -0.010375803426905073, ""2024"": -0.0009551538030333661, ""2025"": 0.01220039256562698, ""2026"": 0.03107509063587249}","{""2023"": 0.6119503721361282, ""2024"": 0.9615562349087292, ""2025"": 1.701166326465662, ""2026"": 3.3674853526274475}"
300,0.6,signal_lower_wick,validation,5,194,0.00348893515628605,-0.0178713536603606,1.1604211564512328,0.4175257731958763,0.30412371134020616,0.5463917525773195,0.14948453608247422,9.211340206185566,0.043398532840481265,-0.03503590562844574,"{""2023"": 0.001696137057133877, ""2024"": -0.0022239503447090713, ""2025"": 0.013483107215716132, ""2026"": 0.00869017117976615}","{""2023"": 1.077880295519487, ""2024"": 0.9111272411287487, ""2025"": 1.7724723854198006, ""2026"": 1.4655473365214795}"
300,0.6,signal_body_recovery,discovery,1,264,0.0015880920094344861,-0.01629090732755045,1.0664451155450752,0.42803030303030304,0.3371212121212121,0.5189393939393939,0.14393939393939395,9.212121212121213,0.04384346757905249,-0.03804184514760508,"{""2019"": 0.010300278070554982, ""2020"": -0.0026520089282229217, ""2021"": 0.00871438409644767, ""2022"": -0.018546183637338193}","{""2019"": 1.606541241296526, ""2020"": 0.9148709963244718, ""2021"": 1.3958779033504622, ""2022"": 0.4367677951275913}"
300,0.6,signal_body_recovery,discovery,2,264,0.0054566277131690545,-0.0122391405518039,1.2571763606547208,0.42045454545454547,0.32954545454545453,0.5378787878787878,0.13257575757575757,8.920454545454545,0.04473413113952511,-0.03390005497269959,"{""2019"": 0.020726311499650388, ""2020"": -0.0037546676500991158, ""2021"": 0.014538563997540546, ""2022"": -0.012772532089317164}","{""2019"": 2.3693647875596593, ""2020"": 0.8587850522398097, ""2021"": 1.970122918629284, ""2022"": 0.5685319323025207}"
300,0.6,signal_body_recovery,discovery,3,265,-0.0008151953989497234,-0.0211566543998071,0.9652179305654024,0.38113207547169814,0.2792452830188679,0.5735849056603773,0.1471698113207547,8.981132075471699,0.04084887543788406,-0.03665705121370693,"{""2019"": 0.009954210868918357, ""2020"": 8.648339377896631e-05, ""2021"": 0.006368746541844961, ""2022"": -0.014469683036686205}","{""2019"": 1.5194182289541371, ""2020"": 1.0033843049102937, ""2021"": 1.3366244038861455, ""2022"": 0.49611218973128224}"
300,0.6,signal_body_recovery,discovery,4,265,0.0024452994994376307,-0.0163895730073676,1.1105981434938805,0.4,0.2981132075471698,0.5471698113207547,0.15471698113207547,9.366037735849057,0.043456368388772426,-0.0348778711096243,"{""2019"": 0.008647783747933683, ""2020"": 0.006307112994808469, ""2021"": 0.015062302160082511, ""2022"": -0.012404241952917247}","{""2019"": 1.481751313579293, ""2020"": 1.3185978640039895, ""2021"": 1.8854765215735756, ""2022"": 0.5861285337514393}"
300,0.6,signal_body_recovery,discovery,5,266,-0.009083995884838344,-0.01984883861832855,0.6771351997628046,0.34210526315789475,0.24436090225563908,0.6278195488721805,0.12781954887218044,8.526315789473685,0.037788251772998514,-0.040911734442541904,"{""2019"": 0.009897983573029342, ""2020"": -0.00752659265097179, ""2021"": 0.005123342266248794, ""2022"": -0.02849810658974801}","{""2019"": 1.55309329863489, ""2020"": 0.7567899968385331, ""2021"": 1.274499174283545, ""2022"": 0.24453566354910705}"
300,0.6,signal_body_recovery,validation,1,206,-0.0017125948747578953,-0.0177947166686379,0.9281767713240479,0.3592233009708738,0.2669902912621359,0.6116504854368932,0.12135922330097088,8.781553398058252,0.042267949548955096,-0.03657191955138452,"{""2023"": 0.005369212619857434, ""2024"": -0.00662721385251908, ""2025"": -0.004386808754017014, ""2026"": -0.00031290171302131737}","{""2023"": 1.2392129833213694, ""2024"": 0.7536365130360698, ""2025"": 0.8155084193885541, ""2026"": 0.98314737791298}"
300,0.6,signal_body_recovery,validation,2,188,-0.0009651850309883331,-0.020040563415295302,0.9616639751252795,0.40425531914893614,0.31382978723404253,0.5638297872340425,0.12234042553191489,8.462765957446809,0.042439148707211126,-0.03860605888117178,"{""2023"": -0.006432463123592509, ""2024"": -0.01581362962900191, ""2025"": 0.020898016893039013, ""2026"": 0.006559474150816522}","{""2023"": 0.7720696109246976, ""2024"": 0.4944251814524327, ""2025"": 2.4213949449924432, ""2026"": 1.268501959021385}"
300,0.6,signal_body_recovery,validation,3,197,0.00580582950518536,-0.0100501119770849,1.2726279678704162,0.4467005076142132,0.3350253807106599,0.5279187817258884,0.13705583756345177,9.319796954314722,0.04521410978128301,-0.033716355508491835,"{""2023"": -0.002164210678940322, ""2024"": 0.0011569975470539422, ""2025"": 0.021861944652928882, ""2026"": 0.0131341382188538}","{""2023"": 0.9145464238148932, ""2024"": 1.0485719162989673, ""2025"": 2.507893164859415, ""2026"": 2.1643315346986878}"
300,0.6,signal_body_recovery,validation,4,220,0.013858144582427706,-0.01747313473703115,1.6614664530660763,0.36818181818181817,0.23636363636363636,0.5818181818181818,0.18181818181818182,9.204545454545455,0.05828928865363139,-0.03316575550156181,"{""2023"": -0.005173786166264154, ""2024"": 0.006562395133047143, ""2025"": 0.04875217375699829, ""2026"": 0.0030174311556315685}","{""2023"": 0.754219420743461, ""2024"": 1.3480321046845667, ""2025"": 3.172840753880908, ""2026"": 1.1228774442331826}"
300,0.6,signal_body_recovery,validation,5,202,0.002485052814951448,-0.0134011689115873,1.11629664988959,0.3910891089108911,0.31683168316831684,0.5445544554455446,0.13861386138613863,8.762376237623762,0.04288766837546596,-0.03483190483424708,"{""2023"": -0.003515671806770765, ""2024"": 0.004900499505078175, ""2025"": 0.011042994371927827, ""2026"": -0.006107190821312424}","{""2023"": 0.8554475341629592, ""2024"": 1.2297551764323176, ""2025"": 1.7589016462286622, ""2026"": 0.7841743670034851}"
300,0.6,deceleration_1v3,discovery,1,257,-0.001927668796153351,-0.0232805930814745,0.9312437450014138,0.38132295719844356,0.29961089494163423,0.5719844357976653,0.12840466926070038,8.54863813229572,0.04708375826115694,-0.04261942964256623,"{""2019"": 0.005203310931683415, ""2020"": -0.007936861987565992, ""2021"": 0.012797425143802124, ""2022"": -0.015360771404316496}","{""2019"": 1.2476907661946148, ""2020"": 0.7695341219954932, ""2021"": 1.6373674937083553, ""2022"": 0.5730026557739101}"
300,0.6,deceleration_1v3,discovery,2,255,0.0011377106453680887,-0.0127246575143129,1.0519796214366182,0.396078431372549,0.2784313725490196,0.5254901960784314,0.19607843137254902,10.12156862745098,0.04107727159265899,-0.03496727267959132,"{""2019"": 0.006087962071249682, ""2020"": -0.0029528460357660298, ""2021"": 0.013705802721623377, ""2022"": -0.012639133665176027}","{""2019"": 1.291536070511155, ""2020"": 0.8611628752325861, ""2021"": 1.9187323842239332, ""2022"": 0.5541047533361089}"
300,0.6,deceleration_1v3,discovery,3,259,0.0024510681059039057,-0.0117710398973486,1.1310876080897219,0.38996138996138996,0.27413127413127414,0.5791505791505791,0.14671814671814673,8.953667953667953,0.03633517374101954,-0.029458837627604307,"{""2019"": 0.01952049591264598, ""2020"": -0.002743836922268244, ""2021"": 0.002369949996598925, ""2022"": -0.016409337695459658}","{""2019"": 2.7034957434913114, ""2020"": 0.8836752756527202, ""2021"": 1.1428145702616401, ""2022"": 0.39522248334579607}"
300,0.6,deceleration_1v3,discovery,4,259,-0.0033577774625086583,-0.0194466666562694,0.8613127032171739,0.3552123552123552,0.26640926640926643,0.6023166023166023,0.13127413127413126,8.8996138996139,0.03815853324336761,-0.037052273049887646,"{""2019"": 0.009120017682517783, ""2020"": 0.0005031037222888688, ""2021"": 0.009709422329788034, ""2022"": -0.02214053212189525}","{""2019"": 1.4438327143554766, ""2020"": 1.0225442983277049, ""2021"": 1.548348167502685, ""2022"": 0.30110244322798774}"
300,0.6,deceleration_1v3,discovery,5,259,-0.0037986773007120263,-0.0225406763104784,0.8651322703204956,0.3861003861003861,0.305019305019305,0.583011583011583,0.11196911196911197,8.486486486486486,0.04609086521628229,-0.04268559202792418,"{""2019"": 0.006068025773985721, ""2020"": 0.004808900339775785, ""2021"": 0.015489543956363643, ""2022"": -0.01959713668041154}","{""2019"": 1.3353336351083218, ""2020"": 1.1657427438542203, ""2021"": 1.685504886354249, ""2022"": 0.4372966765251879}"
300,0.6,deceleration_1v3,validation,1,175,0.0006744853612874712,-0.018661729967455,1.026321329807336,0.38857142857142857,0.29714285714285715,0.5714285714285714,0.13142857142857142,9.222857142857142,0.04921461133026783,-0.04010796601175962,"{""2023"": -0.002422739101531893, ""2024"": -0.01205528762271517, ""2025"": 0.012250299006448688, ""2026"": 0.013566477051138547}","{""2023"": 0.9048787364684326, ""2024"": 0.6145977306744791, ""2025"": 1.5937563749524706, ""2026"": 1.5229975446926145}"
300,0.6,deceleration_1v3,validation,2,248,-0.000569710617147901,-0.01454744638591455,0.975358150637739,0.4112903225806452,0.2903225806451613,0.5443548387096774,0.16532258064516128,9.294354838709678,0.03986214142651603,-0.0357105001498019,"{""2023"": -0.007146948568678472, ""2024"": -0.003294760865958603, ""2025"": 0.005330752245657631, ""2026"": 0.018398666585422597}","{""2023"": 0.7314325884397336, ""2024"": 0.8701097256431505, ""2025"": 1.2847566969012012, ""2026"": 2.4501686130791005}"
300,0.6,deceleration_1v3,validation,3,201,0.006529905422555211,-0.0100148624344174,1.3721174616308243,0.40298507462686567,0.2885572139303483,0.5671641791044776,0.14427860696517414,8.711442786069652,0.03998825791294901,-0.029413239610464215,"{""2023"": 0.0036105297446327182, ""2024"": 0.009923749907643815, ""2025"": 0.010084391186808093, ""2026"": -0.007753846741292943}","{""2023"": 1.16869376552769, ""2024"": 1.5819929088545592, ""2025"": 1.7412443322427231, ""2026"": 0.5804707844576205}"
300,0.6,deceleration_1v3,validation,4,222,-0.0001711886201166214,-0.0164723000466324,0.9917895224237793,0.3918918918918919,0.27927927927927926,0.5675675675675675,0.15315315315315314,8.855855855855856,0.040833665020652485,-0.03160628407279469,"{""2023"": -0.003320782214626565, ""2024"": -0.0022884584184977644, ""2025"": 0.005275315233737504, ""2026"": -0.0009491769959024503}","{""2023"": 0.8529397603423692, ""2024"": 0.8944248270443429, ""2025"": 1.284458768133668, ""2026"": 0.9518202126846862}"
300,0.6,deceleration_1v3,validation,5,167,0.017419267891075063,-0.0238702633375633,1.6623222659691916,0.3592814371257485,0.31137724550898205,0.592814371257485,0.09580838323353294,8.353293413173652,0.06873537829302859,-0.04169241439645133,"{""2023"": -0.0006992756766393584, ""2024"": -0.003991355247478408, ""2025"": 0.09173414049090767, ""2026"": -0.013639704755518133}","{""2023"": 0.9713451779462338, ""2024"": 0.8608081877064209, ""2025"": 5.461289293243809, ""2026"": 0.6435845968300498}"
300,0.6,deceleration_2v5,discovery,1,256,-0.0002340627815224051,-0.01699910681717525,0.9909690424569696,0.390625,0.328125,0.5390625,0.1328125,8.71875,0.04628218232223118,-0.040826472214888325,"{""2019"": 0.01457603473644674, ""2020"": -0.0027661719260482975, ""2021"": 0.013225003207857362, ""2022"": -0.017055494682704942}","{""2019"": 1.9172207506824681, ""2020"": 0.9192603947461004, ""2021"": 1.7298482386134144, ""2022"": 0.48658456360940205}"
300,0.6,deceleration_2v5,discovery,2,257,0.002100610414978128,-0.0155345490371756,1.098836572909911,0.3852140077821012,0.2801556420233463,0.5603112840466926,0.15953307392996108,9.330739299610896,0.04212546887211982,-0.03330288259773633,"{""2019"": 0.010161881172116373, ""2020"": -0.005223997846591633, ""2021"": 0.008289413949250656, ""2022"": -0.012142612310535256}","{""2019"": 1.543335086696345, ""2020"": 0.7489840682189935, ""2021"": 1.4944943636972488, ""2022"": 0.5889001654553673}"
300,0.6,deceleration_2v5,discovery,3,257,-0.003102076499911362,-0.0150076194425443,0.8684581554590813,0.38910505836575876,0.2607003891050584,0.5719844357976653,0.16731517509727625,9.346303501945526,0.03591411550517348,-0.03534204963954585,"{""2019"": -0.0006586701655775024, ""2020"": -0.005648489326602223, ""2021"": 0.018149161691783936, ""2022"": -0.020335239352306314}","{""2019"": 0.970976233298189, ""2020"": 0.7966582389483902, ""2021"": 2.355714826408805, ""2022"": 0.32069606570427556}"
300,0.6,deceleration_2v5,discovery,4,257,-0.004416945436231663,-0.0211787291196916,0.8181153961461606,0.3424124513618677,0.23346303501945526,0.6264591439688716,0.14007782101167315,8.914396887159533,0.03818677705441875,-0.03608297451315232,"{""2019"": 0.010641724644051009, ""2020"": -0.006894566673469569, ""2021"": 0.005140927105537222, ""2022"": -0.020481228202068536}","{""2019"": 1.6277853064829813, ""2020"": 0.7372198858292638, ""2021"": 1.2569520529043543, ""2022"": 0.3522099203144198}"
300,0.6,deceleration_2v5,discovery,5,258,-0.0013658264608787957,-0.020130916230636453,0.9481504249478145,0.39147286821705424,0.313953488372093,0.5736434108527132,0.1124031007751938,8.612403100775193,0.04504230211050019,-0.04160872706381359,"{""2019"": 0.00984962539559742, ""2020"": 0.007832857358421551, ""2021"": 0.005781137278555412, ""2022"": -0.017393771481885194}","{""2019"": 1.5753660374435468, ""2020"": 1.3130533105957927, ""2021"": 1.2457509526090778, ""2022"": 0.4920981286079027}"
300,0.6,deceleration_2v5,validation,1,190,-0.0018801667945035256,-0.02452182389854115,0.9281746048602445,0.37894736842105264,0.2736842105263158,0.6052631578947368,0.12105263157894737,9.310526315789474,0.049047136851586556,-0.041537665687585414,"{""2023"": -0.0001945940716551689, ""2024"": -0.01190096053256051, ""2025"": 0.007515848235579286, ""2026"": -0.0001318522784274515}","{""2023"": 0.9915690930529238, ""2024"": 0.6458313478002309, ""2025"": 1.3780808591465492, ""2026"": 0.9956196241800367}"
300,0.6,deceleration_2v5,validation,2,192,0.001158931223320333,-0.01317262614850015,1.053683020178759,0.375,0.28125,0.5677083333333334,0.15104166666666666,9.286458333333334,0.0435632742367446,-0.03526353289856253,"{""2023"": 0.007014990878407706, ""2024"": -0.0045371512274364175, ""2025"": 0.003290514844330714, ""2026"": -0.0060160754455321295}","{""2023"": 1.3553934812869077, ""2024"": 0.8170295384447462, ""2025"": 1.1557943520555656, ""2026"": 0.666925798003225}"
300,0.6,deceleration_2v5,validation,3,204,0.01792030257415091,-0.00724705883417675,2.062445500318604,0.43137254901960786,0.3235294117647059,0.5,0.17647058823529413,8.936274509803921,0.052662617333767335,-0.029141938917918126,"{""2023"": -0.004088174631822441, ""2024"": 0.0027763653905124646, ""2025"": 0.061783127535793354, ""2026"": 0.01988780377578103}","{""2023"": 0.8105234151124753, ""2024"": 1.1602005609206438, ""2025"": 5.833778422257829, ""2026"": 2.6842338914358748}"
300,0.6,deceleration_2v5,validation,4,235,0.0006672173244873416,-0.0155700744009433,1.0295178172670825,0.4,0.2851063829787234,0.5829787234042553,0.13191489361702127,8.319148936170214,0.03948448586839047,-0.03293129646763801,"{""2023"": -0.007637204262374906, ""2024"": 0.00397839303469464, ""2025"": 0.00429165622185651, ""2026"": 0.010285153441755004}","{""2023"": 0.717370616893677, ""2024"": 1.1895463206851078, ""2025"": 1.2122540961892092, ""2026"": 1.5523914516337547}"
300,0.6,deceleration_2v5,validation,5,192,0.002512763848680861,-0.020335331911349147,1.0985664791219425,0.375,0.296875,0.578125,0.125,8.859375,0.048826859042601645,-0.03864490892168983,"{""2023"": -0.005647068101526506, ""2024"": -0.0007651661641443442, ""2025"": 0.022219248917032804, ""2026"": -0.011572026895262825}","{""2023"": 0.8034327256545737, ""2024"": 0.9710183935313275, ""2025"": 2.26507214622898, ""2026"": 0.643821385434158}"
300,0.6,down_day_count_5,discovery,1,67,-0.004226307954076656,-0.0250625821242226,0.8221780736388079,0.3283582089552239,0.22388059701492538,0.5671641791044776,0.208955223880597,9.895522388059701,0.037762846835240886,-0.034830280801574076,"{""2019"": -8.219708695976269e-05, ""2020"": 0.00929605938879344, ""2021"": 0.015572350652266644, ""2022"": -0.026722494592941473}","{""2019"": 0.996134491078553, ""2020"": 1.4650960633409453, ""2021"": 1.840181699586966, ""2022"": 0.18474683034806427}"
300,0.6,down_day_count_5,discovery,2,326,0.004076244968060815,-0.0151023122171897,1.1852915462929325,0.40797546012269936,0.29754601226993865,0.5276073619631901,0.17484662576687116,9.763803680981596,0.04664730739626856,-0.03348617794016115,"{""2019"": 0.01909001036674913, ""2020"": 0.010793516046781092, ""2021"": 0.012484196731691872, ""2022"": -0.019429182677912736}","{""2019"": 2.332923228564823, ""2020"": 1.6136203638642206, ""2021"": 1.7338237535659686, ""2022"": 0.44512155411700505}"
300,0.6,down_day_count_5,discovery,4,506,-0.002843410645753789,-0.01883606312170305,0.8847135769822427,0.3814229249011858,0.2984189723320158,0.5830039525691699,0.11857707509881422,8.616600790513834,0.03969775459757362,-0.037880700306507635,"{""2019"": 0.0044529421292197795, ""2020"": -0.003993007500885813, ""2021"": 0.011694282226090234, ""2022"": -0.018127481341969436}","{""2019"": 1.228169999301944, ""2020"": 0.8562875112497088, ""2021"": 1.6919157605784871, ""2022"": 0.44760518729113236}"
300,0.6,down_day_count_5,discovery,5,386,-0.003657415802666104,-0.018526255707825,0.8581296756058675,0.3626943005181347,0.2616580310880829,0.6036269430051814,0.13471502590673576,8.650259067357513,0.04019463920060437,-0.040631977531207585,"{""2019"": 0.00823414154133936, ""2020"": -0.010512513042452308, ""2021"": 0.006242725169796856, ""2022"": -0.014760890095524032}","{""2019"": 1.4140059206178277, ""2020"": 0.695540470601915, ""2021"": 1.2983231262046797, ""2022"": 0.47862815410908627}"
300,0.6,down_day_count_5,validation,1,70,-0.005544311577976291,-0.02468296256982335,0.7709112070766704,0.34285714285714286,0.2571428571428571,0.6142857142857143,0.12857142857142856,9.67142857142857,0.0422668033155974,-0.03554235174049263,"{""2023"": -0.027814738901266765, ""2024"": 0.0013919751134928396, ""2025"": 0.004677003051058166, ""2026"": 0.0602073143317334}","{""2023"": 0.19814496039677504, ""2024"": 1.0608338562150987, ""2025"": 1.2823463201100367, ""2026"": null}"
300,0.6,down_day_count_5,validation,2,257,0.0002526851342090146,-0.018661729967455,1.0104767957124776,0.39299610894941633,0.311284046692607,0.5525291828793775,0.13618677042801555,9.221789883268482,0.04534038431704568,-0.03791657875599882,"{""2023"": -0.0008986744181528059, ""2024"": -0.007188175352031043, ""2025"": 0.0139060355542905, ""2026"": -0.009989468413805595}","{""2023"": 0.9674407732648319, ""2024"": 0.7308485596681398, ""2025"": 1.8782206445168326, ""2026"": 0.6251907474875856}"
300,0.6,down_day_count_5,validation,4,384,-0.00040459277400506176,-0.01578211861157775,0.9818855564237959,0.3854166666666667,0.28125,0.5703125,0.1484375,8.596354166666666,0.040603440544760255,-0.034396001848729395,"{""2023"": -0.004459114343416287, ""2024"": -0.000919088809259242, ""2025"": 0.002586540772536981, ""2026"": 0.003957607998520069}","{""2023"": 0.7995687360537611, ""2024"": 0.9618130665228237, ""2025"": 1.1249600980788763, ""2026"": 1.1831035506584755}"
300,0.6,down_day_count_5,validation,5,302,0.015360254686869001,-0.01200918106016505,1.7367042639510364,0.4139072847682119,0.2980132450331126,0.5629139072847682,0.1390728476821192,8.8841059602649,0.05588415078091301,-0.03419138227563457,"{""2023"": 0.003872959500171048, ""2024"": 0.0012365643147579073, ""2025"": 0.053619415684241445, ""2026"": 0.005349226091548778}","{""2023"": 1.1819753907663098, ""2024"": 1.0544314030812696, ""2025"": 4.031355525303849, ""2026"": 1.2518224644603884}"
300,0.6,signal_volume_ratio20,discovery,1,253,0.0017412397469108445,-0.0150076194425443,1.0756975200907166,0.4031620553359684,0.2766798418972332,0.541501976284585,0.18181818181818182,9.861660079051383,0.04417368590222478,-0.03498809499777653,"{""2019"": 0.012198290588895983, ""2020"": 0.012816336537247732, ""2021"": 0.00021501607626427292, ""2022"": -0.015109129654740391}","{""2019"": 1.6869064653279446, ""2020"": 1.691887096289341, ""2021"": 1.0107726825778638, ""2022"": 0.5390085506494718}"
300,0.6,signal_volume_ratio20,discovery,2,253,0.0022534800985431268,-0.0162089925829534,1.097401344534978,0.4189723320158103,0.3241106719367589,0.549407114624506,0.12648221343873517,9.430830039525691,0.04172223100282338,-0.03820255301292656,"{""2019"": 0.008037764384338203, ""2020"": -0.0019098451860594951, ""2021"": 0.020103697295380998, ""2022"": -0.011418157212157066}","{""2019"": 1.4178483853293944, ""2020"": 0.9193984320999005, ""2021"": 2.352138260912183, ""2022"": 0.635667762083596}"
300,0.6,signal_volume_ratio20,discovery,3,250,0.0015702822315197817,-0.01560101465575795,1.0690986280232335,0.388,0.3,0.564,0.136,9.156,0.04429108391397989,-0.03607783727530319,"{""2019"": 0.0034407751687651777, ""2020"": 0.0011333178925147663, ""2021"": 0.021728048285948463, ""2022"": -0.0197941882388698}","{""2019"": 1.1693218065642128, ""2020"": 1.0551620023302195, ""2021"": 2.3103820391152396, ""2022"": 0.39382975237172174}"
300,0.6,signal_volume_ratio20,discovery,4,252,-0.008691618639836316,-0.0225715662305307,0.6677167272156338,0.3253968253968254,0.23809523809523808,0.6309523809523809,0.13095238095238096,8.154761904761905,0.03563428079248429,-0.038491269143354406,"{""2019"": -0.0011845629894577775, ""2020"": 0.004315378694645051, ""2021"": -0.009198487169374114, ""2022"": -0.018298067917250565}","{""2019"": 0.9359026534066511, ""2020"": 1.1653946271116, ""2021"": 0.6325078175091633, ""2022"": 0.4232950550030311}"
300,0.6,signal_volume_ratio20,discovery,5,253,-0.010183107271961565,-0.0252465389314219,0.6379368771816054,0.3241106719367589,0.25691699604743085,0.6245059288537549,0.11857707509881422,7.822134387351778,0.036054196012002084,-0.04101657647957438,"{""2019"": -0.0051031888042419645, ""2020"": -0.017302764607360462, ""2021"": 0.014410892101995821, ""2022"": -0.023604777534794768}","{""2019"": 0.7710959181430009, ""2020"": 0.5733603624637822, ""2021"": 1.9463178740951594, ""2022"": 0.2480885100038401}"
300,0.6,signal_volume_ratio20,validation,1,184,-0.0001701101016972978,-0.0190387465911343,0.9923576652807575,0.375,0.23369565217391305,0.5978260869565217,0.16847826086956522,9.152173913043478,0.04118408818704657,-0.0352009310983975,"{""2023"": -0.010323306327572147, ""2024"": 9.303274125042308e-05, ""2025"": 0.010147067287747343, ""2026"": 0.04987172256596981}","{""2023"": 0.6035317450488914, ""2024"": 1.0043213074277715, ""2025"": 1.5733033736391082, ""2026"": 4.204537832235117}"
300,0.6,signal_volume_ratio20,validation,2,215,0.0016823285082809415,-0.0127445662171506,1.0787307945330993,0.386046511627907,0.2651162790697674,0.5720930232558139,0.16279069767441862,8.93953488372093,0.04207656623369892,-0.03313177309051733,"{""2023"": -0.0023240980268944837, ""2024"": 0.004747060410740682, ""2025"": 0.006762378375936006, ""2026"": -0.010611044856460809}","{""2023"": 0.9055442027716161, ""2024"": 1.237731752852053, ""2025"": 1.3678167286220182, ""2026"": 0.5202637143104561}"
300,0.6,signal_volume_ratio20,validation,3,224,0.018653423427321045,-0.01412882540412215,1.8513726429025699,0.42410714285714285,0.35267857142857145,0.5089285714285714,0.13839285714285715,8.946428571428571,0.062005016994545255,-0.03456550675605815,"{""2023"": 0.008795540763445624, ""2024"": -0.0008434425466198651, ""2025"": 0.05769827494364922, ""2026"": 0.0038041216775453243}","{""2023"": 1.3730642637033894, ""2024"": 0.9648985599671047, ""2025"": 4.670580591539724, ""2026"": 1.1410247940380824}"
300,0.6,signal_volume_ratio20,validation,4,198,-0.0010603231775455943,-0.01583007018178115,0.9505601025547882,0.3838383838383838,0.2878787878787879,0.5909090909090909,0.12121212121212122,8.353535353535353,0.0379229754504626,-0.03337321962043445,"{""2023"": -0.007215883456176975, ""2024"": -0.0032347129268156397, ""2025"": 0.013078214874974039, ""2026"": -0.016694884567297716}","{""2023"": 0.7178671564580144, ""2024"": 0.8667532798952869, ""2025"": 2.004171112071206, ""2026"": 0.37381269491974184}"
300,0.6,signal_volume_ratio20,validation,5,192,-0.000721623280646434,-0.02224272788875975,0.9718506141498531,0.390625,0.3125,0.5729166666666666,0.11458333333333333,9.203125,0.047175431218565905,-0.04070580200265883,"{""2023"": -0.0010931481394699854, ""2024"": -0.011567623050666529, ""2025"": 0.004081685895515104, ""2026"": 0.022000442027565584}","{""2023"": 0.9444459840366854, ""2024"": 0.6479939167965931, ""2025"": 1.1543506836814517, ""2026"": 2.7366463023423337}"
300,0.8,signal_clv,discovery,1,266,0.003685397087062513,-0.01816982575407855,1.1387055498724414,0.40225563909774437,0.17669172932330826,0.5451127819548872,0.2781954887218045,11.571428571428571,0.051284717421412475,-0.043019326859600186,"{""2019"": 0.01619692444168112, ""2020"": -0.015001475802364621, ""2021"": 0.01137014234427244, ""2022"": -0.004338305953613418}","{""2019"": 1.9058057433866726, ""2020"": 0.6153691765763729, ""2021"": 1.5225671484255765, ""2022"": 0.8652679735359091}"
300,0.8,signal_clv,discovery,2,265,0.011083254782147323,-0.0177268299271151,1.502548261979593,0.4037735849056604,0.25660377358490566,0.5358490566037736,0.20754716981132076,10.381132075471697,0.054422219452457996,-0.03515722509499884,"{""2019"": 0.022515287980037626, ""2020"": 0.02838962851436222, ""2021"": 0.022066539252462103, ""2022"": -0.026100083856558372}","{""2019"": 2.406397484247438, ""2020"": 2.318338916158244, ""2021"": 2.163994349684197, ""2022"": 0.2481552481002413}"
300,0.8,signal_clv,discovery,3,266,-0.0008497481869885355,-0.01552123241672985,0.9632209553783934,0.3458646616541353,0.11654135338345864,0.5902255639097744,0.2932330827067669,11.0,0.04779493976288063,-0.03595306227278589,"{""2019"": 0.015225056331254948, ""2020"": -0.003976248202619204, ""2021"": -2.803288525702901e-05, ""2022"": -0.0174515783667153}","{""2019"": 1.9211014085938602, ""2020"": 0.8545209527745277, ""2021"": 0.9986454920714446, ""2022"": 0.41054167453704926}"
300,0.8,signal_clv,discovery,4,266,-0.0011020933938876126,-0.0188922311257187,0.9545956785405978,0.3609022556390977,0.11654135338345864,0.5902255639097744,0.2932330827067669,11.240601503759398,0.048083818382072006,-0.03697023830831573,"{""2019"": 0.011385587799741565, ""2020"": -0.00244716312655556, ""2021"": 0.011991508103477506, ""2022"": -0.016878081446082042}","{""2019"": 1.657897768703775, ""2020"": 0.904335018928513, ""2021"": 1.6708963185743668, ""2022"": 0.479083607098465}"
300,0.8,signal_clv,discovery,5,266,-0.014863356916954302,-0.02676562166118955,0.5514024541236174,0.2631578947368421,0.09398496240601503,0.6992481203007519,0.20676691729323307,10.030075187969924,0.04048311506310064,-0.04542521778010319,"{""2019"": -0.0015752021998851687, ""2020"": -0.005511100907785551, ""2021"": -0.002995895207244441, ""2022"": -0.02956214597242439}","{""2019"": 0.9336083441409121, ""2020"": 0.8634689644750018, ""2021"": 0.8798942776454696, ""2022"": 0.24719539248869926}"
300,0.8,signal_clv,validation,1,208,0.0005257475806492303,-0.0144668265023928,1.0219565910203905,0.375,0.15384615384615385,0.5576923076923077,0.28846153846153844,11.389423076923077,0.05036792022559739,-0.038021094571944684,"{""2023"": -0.001741128883274169, ""2024"": -0.006931320147051331, ""2025"": 0.009071883772693265, ""2026"": 0.0068554453130395656}","{""2023"": 0.9361637679662709, ""2024"": 0.7274118402746192, ""2025"": 1.4588103987738694, ""2026"": 1.3256333216719671}"
300,0.8,signal_clv,validation,2,187,0.01737747766076809,-0.0200443856550661,1.6913421682318808,0.35294117647058826,0.21390374331550802,0.6256684491978609,0.16042780748663102,9.70053475935829,0.06474990715147265,-0.03866870838997931,"{""2023"": 0.005967854905031232, ""2024"": -0.010463442638826254, ""2025"": 0.056682476845237646, ""2026"": 0.012898062151169138}","{""2023"": 1.2366961857254255, ""2024"": 0.6721912001184829, ""2025"": 3.7568636364267327, ""2026"": 1.7706142858536849}"
300,0.8,signal_clv,validation,3,192,6.691673800963162e-06,-0.02018244571185655,1.0002764176567915,0.3489583333333333,0.15625,0.625,0.21875,10.286458333333334,0.04875300146832868,-0.035341930417595625,"{""2023"": -0.008716859064603314, ""2024"": -0.002274198472727623, ""2025"": 0.021705687532315304, ""2026"": -0.01569198705822281}","{""2023"": 0.6960169386976267, ""2024"": 0.9062148699189858, ""2025"": 2.3370328776539457, ""2026"": 0.4401642500141352}"
300,0.8,signal_clv,validation,4,221,0.00573223262617509,-0.02197875525,1.2308889008843524,0.3755656108597285,0.17647058823529413,0.5610859728506787,0.26244343891402716,10.972850678733032,0.05346504946590978,-0.03948134474960426,"{""2023"": -0.001537025853159932, ""2024"": 0.0023728473084001366, ""2025"": 0.015711259586187454, ""2026"": 0.021881075838449494}","{""2023"": 0.9398603936370648, ""2024"": 1.0887180515963513, ""2025"": 1.7266271624024045, ""2026"": 1.9263742429899127}"
300,0.8,signal_clv,validation,5,208,0.006071805741371313,-0.013686787390300999,1.3192332719233002,0.3701923076923077,0.15865384615384615,0.5528846153846154,0.28846153846153844,10.990384615384615,0.04954035499551186,-0.030760140748752086,"{""2023"": 0.00213039911876556, ""2024"": 0.008186451219951558, ""2025"": 0.0061434488602425934, ""2026"": 0.011531606531180596}","{""2023"": 1.1078346011941578, ""2024"": 1.412769688239478, ""2025"": 1.3918458197408121, ""2026"": 1.4950209678748207}"
300,0.8,signal_lower_wick,discovery,1,266,-0.0018481578275838277,-0.020532147082073397,0.9361516686071268,0.39097744360902253,0.14661654135338345,0.5676691729323309,0.2857142857142857,11.214285714285714,0.04960607942889268,-0.044417245624761965,"{""2019"": 0.014924120444844799, ""2020"": -0.017789858135720385, ""2021"": 0.009361536641894857, ""2022"": -0.01558377496602759}","{""2019"": 1.7928860088045924, ""2020"": 0.5656303514360952, ""2021"": 1.4489348112962877, ""2022"": 0.5709245225334073}"
300,0.8,signal_lower_wick,discovery,2,266,0.0024936682324353207,-0.016928002125849002,1.1018281726139456,0.37593984962406013,0.17669172932330826,0.5676691729323309,0.2556390977443609,11.086466165413533,0.04905207793053073,-0.03864751165510283,"{""2019"": 0.014370893594457475, ""2020"": 0.0008175354589837426, ""2021"": 0.019485599894033923, ""2022"": -0.019840751305345624}","{""2019"": 1.954780914186672, ""2020"": 1.0270944460705513, ""2021"": 2.31556759020096, ""2022"": 0.45629237023255703}"
300,0.8,signal_lower_wick,discovery,3,266,0.0004104788270483269,-0.02162866982921915,1.0156632488781752,0.34210526315789475,0.19172932330827067,0.6052631578947368,0.20300751879699247,10.06766917293233,0.048334057131738585,-0.03831831874197852,"{""2019"": 0.01856877966608018, ""2020"": 0.011246114274938568, ""2021"": 0.008072909830596066, ""2022"": -0.029976048032934185}","{""2019"": 2.0237796011962494, ""2020"": 1.386389057405724, ""2021"": 1.3331213608206884, ""2022"": 0.16358787903241265}"
300,0.8,signal_lower_wick,discovery,4,265,0.0011972189733058382,-0.0179248525832678,1.0512172999813225,0.3471698113207547,0.15471698113207547,0.6075471698113207,0.23773584905660378,10.532075471698112,0.046929201099467695,-0.03677506899557589,"{""2019"": 0.01768133360278746, ""2020"": 0.003932647562224714, ""2021"": 0.002523150329691648, ""2022"": -0.01950337107898903}","{""2019"": 2.0748921693298246, ""2020"": 1.1493676697964073, ""2021"": 1.1198917740465735, ""2022"": 0.385806368102632}"
300,0.8,signal_lower_wick,discovery,5,266,-0.004336920381979808,-0.023386182308556047,0.8339753286195687,0.31954887218045114,0.09022556390977443,0.6127819548872181,0.29699248120300753,11.323308270676693,0.048119225249365544,-0.038373007418311615,"{""2019"": 0.001799542451379515, ""2020"": 0.0041337449750327646, ""2021"": 0.0069143920002919705, ""2022"": -0.01626681902337478}","{""2019"": 1.0820593076947032, ""2020"": 1.1699872624107686, ""2021"": 1.321986748787674, ""2022"": 0.4853082795500856}"
300,0.8,signal_lower_wick,validation,1,212,0.017241954344658052,-0.0155695833394673,1.7590417714512399,0.3584905660377358,0.1650943396226415,0.5613207547169812,0.27358490566037735,10.660377358490566,0.06520174197197616,-0.03573098525015059,"{""2023"": -0.0008509726348329237, ""2024"": 0.01453336931051885, ""2025"": 0.05927129394768318, ""2026"": -0.01896660220537769}","{""2023"": 0.9671015217671515, ""2024"": 1.7506896491974933, ""2025"": 4.210293040485221, ""2026"": 0.4091483298656137}"
300,0.8,signal_lower_wick,validation,2,217,-0.0045332590047147715,-0.0204016290282196,0.8169403634508776,0.34101382488479265,0.12442396313364056,0.5806451612903226,0.29493087557603687,11.193548387096774,0.04772337950765031,-0.03919198062937187,"{""2023"": -0.011021886740599231, ""2024"": -0.009779890308354078, ""2025"": 0.006163852734243755, ""2026"": 0.004945692917395437}","{""2023"": 0.6181547917094795, ""2024"": 0.636238823665233, ""2025"": 1.3390928967977767, ""2026"": 1.2180053947804037}"
300,0.8,signal_lower_wick,validation,3,186,0.006652372901652728,-0.0162421737832468,1.2887463426681027,0.3817204301075269,0.22043010752688172,0.5806451612903226,0.1989247311827957,10.39247311827957,0.049671334060864485,-0.03604350807101773,"{""2023"": 0.009705786882372043, ""2024"": -0.004142728290301341, ""2025"": 0.012954064293191313, ""2026"": 0.02018451052852811}","{""2023"": 1.4480027971561882, ""2024"": 0.8410681126573482, ""2025"": 1.586480541585005, ""2026"": 2.1203842596123272}"
300,0.8,signal_lower_wick,validation,4,207,0.003642213865552105,-0.0174345559760855,1.1573900889179183,0.3719806763285024,0.178743961352657,0.6135265700483091,0.20772946859903382,10.082125603864734,0.05092134774199335,-0.034313758526780404,"{""2023"": -0.00847587987019369, ""2024"": -0.004122812984049361, ""2025"": 0.016547537175024715, ""2026"": 0.031409414014248474}","{""2023"": 0.6897267314195722, ""2024"": 0.8482224169019683, ""2025"": 1.9510002068093122, ""2026"": 3.392956097367042}"
300,0.8,signal_lower_wick,validation,5,194,0.006325416898852014,-0.02090340160079595,1.2722744850846277,0.37628865979381443,0.17525773195876287,0.5773195876288659,0.24742268041237114,11.1340206185567,0.05209884705190101,-0.03691703123512114,"{""2023"": 0.006504091312227752, ""2024"": -0.003280831791733348, ""2025"": 0.015901443560759107, ""2026"": 0.025486466375052964}","{""2023"": 1.2909191353744391, ""2024"": 0.8821264245746407, ""2025"": 1.8569406640605157, ""2026"": 2.36535360383654}"
300,0.8,signal_body_recovery,discovery,1,266,0.007741082041290422,-0.01771709217732645,1.3185258245246056,0.41353383458646614,0.21428571428571427,0.5338345864661654,0.2518796992481203,11.30451127819549,0.052358707227288796,-0.039515464028981574,"{""2019"": 0.01947205226832118, ""2020"": -0.0006955079388652072, ""2021"": 0.014005892061464709, ""2022"": -0.013497415925630113}","{""2019"": 2.112303089114118, ""2020"": 0.978051495613368, ""2021"": 1.6305385804687291, ""2022"": 0.5900946803649949}"
300,0.8,signal_body_recovery,discovery,2,265,0.005193106429807027,-0.0153931988204558,1.223632899304795,0.37735849056603776,0.1660377358490566,0.5773584905660377,0.25660377358490566,10.743396226415094,0.051312192096413516,-0.03613215304608072,"{""2019"": 0.01870246214298668, ""2020"": -0.006067848580501905, ""2021"": 0.01926685826381978, ""2022"": -0.014196325237635345}","{""2019"": 2.1796688056697557, ""2020"": 0.8108255275409142, ""2021"": 2.1343644740703165, ""2022"": 0.5422953198650706}"
300,0.8,signal_body_recovery,discovery,3,266,-0.0024800469564121522,-0.02429174126859215,0.9037411204122302,0.3383458646616541,0.12781954887218044,0.6015037593984962,0.2706766917293233,10.808270676691729,0.047298641793457934,-0.03943209732522589,"{""2019"": 0.011113293442159994, ""2020"": 0.0028703375245838656, ""2021"": -0.0017338469264917202, ""2022"": -0.017084868846832125}","{""2019"": 1.5622490271569176, ""2020"": 1.0964472778733412, ""2021"": 0.9269923855271984, ""2022"": 0.44138888539781906}"
300,0.8,signal_body_recovery,discovery,4,266,-0.001269840032975891,-0.0191447667452782,0.9484402251635391,0.34962406015037595,0.14661654135338345,0.575187969924812,0.2781954887218045,11.289473684210526,0.049251127317507915,-0.03731980301340101,"{""2019"": 0.006570846135545784, ""2020"": 0.01245225198221765, ""2021"": 0.00425025272577361, ""2022"": -0.017784774954776914}","{""2019"": 1.3483957829517939, ""2020"": 1.58296316741907, ""2021"": 1.2043985104183001, ""2022"": 0.4720507339408238}"
300,0.8,signal_body_recovery,discovery,5,266,-0.011252991525188442,-0.022450094427102052,0.6395713481723359,0.29699248120300753,0.10526315789473684,0.6729323308270677,0.22180451127819548,10.078947368421053,0.04183644981509002,-0.04412921804478788,"{""2019"": 0.011945210411674402, ""2020"": -0.013061395069399571, ""2021"": 0.004634996101834383, ""2022"": -0.03261377799083834}","{""2019"": 1.667491088536811, ""2020"": 0.6669043990200687, ""2021"": 1.2247297222659828, ""2022"": 0.20323270519206074}"
300,0.8,signal_body_recovery,validation,1,207,-0.0019326065796160194,-0.0192908923369404,0.9220921928779805,0.3285024154589372,0.15458937198067632,0.6231884057971014,0.2222222222222222,10.531400966183575,0.048136946780752275,-0.03823632106300123,"{""2023"": -3.469447413516191e-05, ""2024"": -0.005346801910632555, ""2025"": -0.004762670614731607, ""2026"": 0.012330015177537347}","{""2023"": 0.9986158277888805, ""2024"": 0.8017349152244633, ""2025"": 0.8036734615355148, ""2026"": 1.664084207490745}"
300,0.8,signal_body_recovery,validation,2,188,0.0017017323123980428,-0.0227883754390689,1.063249829172337,0.3723404255319149,0.19148936170212766,0.5957446808510638,0.2127659574468085,10.324468085106384,0.04934022382070181,-0.04038253858511802,"{""2023"": 0.0017016377391532137, ""2024"": -0.02062075082597735, ""2025"": 0.027519577848882076, ""2026"": 0.00965582447778734}","{""2023"": 1.0583305565808896, ""2024"": 0.40458565152030523, ""2025"": 2.75747865896345, ""2026"": 1.3952462847848586}"
300,0.8,signal_body_recovery,validation,3,198,0.00965355574682648,-0.01218831511831805,1.4378190236520072,0.42424242424242425,0.21717171717171718,0.5404040404040404,0.24242424242424243,11.282828282828282,0.054800260434811406,-0.034879628038909316,"{""2023"": 0.0029382508035722863, ""2024"": 0.0020027718529143593, ""2025"": 0.02404630161423582, ""2026"": 0.03018987102920817}","{""2023"": 1.1113516440704632, ""2024"": 1.0791710893513708, ""2025"": 2.6585557424049377, ""2026"": 3.8993352898819063}"
300,0.8,signal_body_recovery,validation,4,220,0.015495553443725264,-0.018003831089534697,1.720882442087446,0.35,0.1409090909090909,0.5954545454545455,0.2636363636363636,10.563636363636364,0.06395620716961055,-0.03370243720122611,"{""2023"": -0.0060880220799495515, ""2024"": 0.0076711113787155385, ""2025"": 0.054458245782319226, ""2026"": 0.0032409149137166554}","{""2023"": 0.7178050248843412, ""2024"": 1.3842635192777912, ""2025"": 3.427155277434176, ""2026"": 1.131978269274334}"
300,0.8,signal_body_recovery,validation,5,203,0.0032004222515116675,-0.0165393771706543,1.1448858000145987,0.35467980295566504,0.15763546798029557,0.5566502463054187,0.2857142857142857,10.788177339901479,0.04879004380239721,-0.0355716009628312,"{""2023"": -0.003515967224858367, ""2024"": 0.007277235630373772, ""2025"": 0.010492322246259185, ""2026"": -0.005351471769755966}","{""2023"": 0.8590737619290219, ""2024"": 1.3375637213249112, ""2025"": 1.65827514939173, ""2026"": 0.8170608885667173}"
300,0.8,deceleration_1v3,discovery,1,259,0.0005138334365185587,-0.0258858772241991,1.017139192916915,0.3474903474903475,0.18146718146718147,0.6023166023166023,0.21621621621621623,10.347490347490348,0.054837153761169044,-0.04543467629474651,"{""2019"": 0.00772098246983874, ""2020"": -0.010579087524285026, ""2021"": 0.01620697097448093, ""2022"": -0.009319167241733196}","{""2019"": 1.3461126878647671, ""2020"": 0.7274471597612223, ""2021"": 1.753640337456819, ""2022"": 0.7464372787746171}"
300,0.8,deceleration_1v3,discovery,2,258,-0.00021305381165281567,-0.0158308082274964,0.9907452195815468,0.3682170542635659,0.12015503875968993,0.5465116279069767,0.3333333333333333,11.717054263565892,0.045213738791440305,-0.03641850306525391,"{""2019"": 0.004606335324558488, ""2020"": 0.003356875440209232, ""2021"": 0.00576181439813087, ""2022"": -0.012843439072748677}","{""2019"": 1.2191948307577682, ""2020"": 1.1432019779666343, ""2021"": 1.3021146629410003, ""2022"": 0.5470164178427316}"
300,0.8,deceleration_1v3,discovery,3,259,0.00010112226380797207,-0.015204366004855,1.004916521433583,0.35135135135135137,0.12355212355212356,0.61003861003861,0.26640926640926643,10.741312741312742,0.040623286717376354,-0.031690685851230395,"{""2019"": 0.018471844083330267, ""2020"": 0.0008764264729143462, ""2021"": -0.0013267450936918584, ""2022"": -0.022362980703606858}","{""2019"": 2.5459952858117756, ""2020"": 1.0361712265378131, ""2021"": 0.9359169153789038, ""2022"": 0.24114067027601588}"
300,0.8,deceleration_1v3,discovery,4,259,-0.003945372116561303,-0.0211619053127946,0.848177820836442,0.3281853281853282,0.11969111969111969,0.6254826254826255,0.2548262548262548,10.501930501930502,0.04385560662981291,-0.03883154859908822,"{""2019"": 0.008002715655656967, ""2020"": 0.004601378525062172, ""2021"": 0.01133325602183547, ""2022"": -0.025598085017537534}","{""2019"": 1.3676448503164655, ""2020"": 1.188941027648117, ""2021"": 1.612214798118968, ""2022"": 0.2549244792723347}"
300,0.8,deceleration_1v3,discovery,5,259,-0.006883418116023032,-0.0278173874696917,0.7850891268483725,0.3127413127413127,0.14671814671814673,0.637065637065637,0.21621621621621623,10.362934362934363,0.05260884829388934,-0.04658085950699103,"{""2019"": 0.009370504445710633, ""2020"": -0.0005877685784043607, ""2021"": 0.014132945467921303, ""2022"": -0.025466254866559793}","{""2019"": 1.517836514810135, ""2020"": 0.9846080361859205, ""2021"": 1.578411854725213, ""2022"": 0.34844993859084145}"
300,0.8,deceleration_1v3,validation,1,176,0.001627953554582639,-0.021543436554751452,1.0612101225485697,0.36363636363636365,0.17045454545454544,0.5852272727272727,0.24431818181818182,11.329545454545455,0.055500962317827744,-0.04158600658831247,"{""2023"": -0.002863711499940736, ""2024"": -0.014711146089064795, ""2025"": 0.014988132693975111, ""2026"": 0.026581358565853457}","{""2023"": 0.897384926525954, ""2024"": 0.5466560708321192, ""2025"": 1.734992880780064, ""2026"": 2.024730680790017}"
300,0.8,deceleration_1v3,validation,2,248,0.0014334057088993045,-0.01819501725179655,1.0587930062959163,0.375,0.2056451612903226,0.5645161290322581,0.22983870967741934,10.834677419354838,0.04656668404930402,-0.03747156584089339,"{""2023"": -0.007173682374735407, ""2024"": -0.00302053110744741, ""2025"": 0.008349834905985974, ""2026"": 0.031851769361038756}","{""2023"": 0.7547892143729347, ""2024"": 0.8862649758760748, ""2025"": 1.446029246516895, ""2026"": 3.510531727066025}"
300,0.8,deceleration_1v3,validation,3,203,0.0064478042752217826,-0.0123626094536636,1.3472349963922758,0.3793103448275862,0.14285714285714285,0.5911330049261084,0.2660098522167488,10.443349753694582,0.045871086127180424,-0.03038209160509419,"{""2023"": 0.0055485477741005875, ""2024"": 0.007563121465484028, ""2025"": 0.008960916949462982, ""2026"": -0.0019964944546474197}","{""2023"": 1.255925944234022, ""2024"": 1.3918921827717285, ""2025"": 1.6182668813243337, ""2026"": 0.8859765436689253}"
300,0.8,deceleration_1v3,validation,4,222,0.0015585588259321497,-0.01933614696556065,1.071699996762007,0.35585585585585583,0.13963963963963963,0.581081081081081,0.27927927927927926,10.81081081081081,0.04687930504593921,-0.03245986518636182,"{""2023"": -0.0009137472417345678, ""2024"": -0.0024385775539276996, ""2025"": 0.00936245409197489, ""2026"": -0.004636693766684231}","{""2023"": 0.9599884675370778, ""2024"": 0.8941103252646431, ""2025"": 1.4788790763610038, ""2026"": 0.7787342342931383}"
300,0.8,deceleration_1v3,validation,5,167,0.021515442255436255,-0.0244488645904202,1.8075443341379045,0.3473053892215569,0.19760479041916168,0.5988023952095808,0.20359281437125748,9.988023952095809,0.07802253222167704,-0.042292413713658446,"{""2023"": 0.001440112396464794, ""2024"": 0.002913952023456366, ""2025"": 0.09644827973315784, ""2026"": -0.011612123533090539}","{""2023"": 1.0587616926717818, ""2024"": 1.1016191839445202, ""2025"": 5.397650041996774, ""2026"": 0.6965667684975845}"
300,0.8,deceleration_2v5,discovery,1,258,0.0020119078200438686,-0.0212106875772399,1.0724374694354988,0.35271317829457366,0.1821705426356589,0.5697674418604651,0.24806201550387597,10.554263565891473,0.054363208360271024,-0.043417025957946796,"{""2019"": 0.018033260515903586, ""2020"": -0.002724065765576608, ""2021"": 0.01985927983737389, ""2022"": -0.01666171024509429}","{""2019"": 2.0181845415157253, ""2020"": 0.9314124150946258, ""2021"": 2.0916871880320564, ""2022"": 0.510207223505745}"
300,0.8,deceleration_2v5,discovery,2,258,-0.0005641477444153306,-0.018828953983787852,0.976043684133525,0.3372093023255814,0.10465116279069768,0.5891472868217055,0.3062015503875969,11.217054263565892,0.04805210541063834,-0.03533220859198779,"{""2019"": 0.007694316859369343, ""2020"": -0.013389184694849123, ""2021"": 0.005434334230065153, ""2022"": -0.011936235056714692}","{""2019"": 1.3903516766038113, ""2020"": 0.5415821609042341, ""2021"": 1.2792439287568977, ""2022"": 0.6049174406654714}"
300,0.8,deceleration_2v5,discovery,3,258,-0.0050909901579796355,-0.017241786300521603,0.7948055042929121,0.35271317829457366,0.12790697674418605,0.6085271317829457,0.26356589147286824,10.945736434108527,0.03926142666949269,-0.036884101068608344,"{""2019"": -0.0010670975138660226, ""2020"": -0.004105219780776207, ""2021"": 0.009620916430536499, ""2022"": -0.021104177567404687}","{""2019"": 0.9532724154414313, ""2020"": 0.860836673524515, ""2021"": 1.6096578236098387, ""2022"": 0.3243458533106921}"
300,0.8,deceleration_2v5,discovery,4,257,-0.004716613333946039,-0.0231116081988679,0.8185599068736653,0.3151750972762646,0.11673151750972763,0.6498054474708171,0.23346303501945526,10.377431906614786,0.042945848693887095,-0.03835404921187466,"{""2019"": 0.011371431975328972, ""2020"": -0.006166289270832765, ""2021"": 0.0020989076143980347, ""2022"": -0.020920137967148443}","{""2019"": 1.6708327969915149, ""2020"": 0.7946833412847621, ""2021"": 1.0892198043881944, ""2022"": 0.36807136799433604}"
300,0.8,deceleration_2v5,discovery,5,259,-0.0037384324836431814,-0.0273081193339789,0.8748062810042632,0.33976833976833976,0.15444015444015444,0.6138996138996139,0.23166023166023167,10.467181467181467,0.05122677820426395,-0.0453774965300428,"{""2019"": 0.009659663323157305, ""2020"": 0.012558020616703993, ""2021"": 0.007085911225141559, ""2022"": -0.027357247666527994}","{""2019"": 1.5639697696261714, ""2020"": 1.462034773715895, ""2021"": 1.2608124759907657, ""2022"": 0.3255588999942172}"
300,0.8,deceleration_2v5,validation,1,190,-0.0007348498141624503,-0.02617969998592105,0.9728257147563429,0.35789473684210527,0.15789473684210525,0.6210526315789474,0.22105263157894736,10.921052631578947,0.05504616910861877,-0.04267806013679385,"{""2023"": -0.005561007035095979, ""2024"": -0.0113820613018576, ""2025"": 0.014044821722722508, ""2026"": 0.01050910281212932}","{""2023"": 0.785017508493345, ""2024"": 0.6612736174105484, ""2025"": 1.7065174943727115, ""2026"": 1.3491317738061568}"
300,0.8,deceleration_2v5,validation,2,194,0.004237284255945921,-0.013918563700735149,1.1940421807687194,0.36597938144329895,0.17525773195876287,0.5670103092783505,0.25773195876288657,10.93298969072165,0.04984979609288924,-0.03662657984875254,"{""2023"": 0.007591829524594661, ""2024"": -1.5157304733074963e-07, ""2025"": 0.006427394268128598, ""2026"": 0.0011143805992591621}","{""2023"": 1.3590429830603075, ""2024"": 0.9999938874881971, ""2025"": 1.3107893839258817, ""2026"": 1.065325816778235}"
300,0.8,deceleration_2v5,validation,3,205,0.014946397077005262,-0.0106362313002974,1.7993210528637567,0.375609756097561,0.15121951219512195,0.5317073170731708,0.3170731707317073,11.292682926829269,0.057427423665811286,-0.030561497003060455,"{""2023"": -0.0012241981536821604, ""2024"": -0.005532129235582677, ""2025"": 0.05701852135891525, ""2026"": 0.025923138994723385}","{""2023"": 0.9435527397685436, ""2024"": 0.7425898778727171, ""2025"": 5.213683186157137, ""2026"": 3.005906126307752}"
300,0.8,deceleration_2v5,validation,4,235,0.004372633004462196,-0.0163679147814282,1.1877947732478418,0.3829787234042553,0.19148936170212766,0.6,0.20851063829787234,9.957446808510639,0.046877647175745024,-0.0336962459148596,"{""2023"": -0.0032523195367351178, ""2024"": 0.006378618305160455, ""2025"": 0.009644237148249867, ""2026"": 0.010159545502799423}","{""2023"": 0.8825325107931361, ""2024"": 1.292441904572802, ""2025"": 1.460713515834744, ""2026"": 1.545645344039996}"
300,0.8,deceleration_2v5,validation,5,192,0.005812478059901288,-0.0220240252970199,1.219146623641506,0.3385416666666667,0.17708333333333334,0.59375,0.22916666666666666,10.510416666666666,0.05805731555599899,-0.03984614923543616,"{""2023"": -0.002934140520189266, ""2024"": 0.002063457592277347, ""2025"": 0.024845201831986338, ""2026"": -0.0036231802864681896}","{""2023"": 0.9009888148371505, ""2024"": 1.075467057521374, ""2025"": 2.2883492335657176, ""2026"": 0.8884811324380179}"
300,0.8,down_day_count_5,discovery,1,68,-0.00567239903990809,-0.02892444098100995,0.7797905965190279,0.29411764705882354,0.11764705882352941,0.6029411764705882,0.27941176470588236,10.852941176470589,0.03968213335922493,-0.03648439219321119,"{""2019"": -0.0014755727219759583, ""2020"": 0.008384835496895183, ""2021"": 0.01822975227409717, ""2022"": -0.03043700343515212}","{""2019"": 0.931105338840799, ""2020"": 1.304166571161459, ""2021"": 1.9835576266368586, ""2022"": 0.18701150685275053}"
300,0.8,down_day_count_5,discovery,2,327,0.002352237170432581,-0.0179248525832678,1.0980996249161004,0.3669724770642202,0.1437308868501529,0.5565749235474006,0.2996941896024465,11.724770642201834,0.052464158658558205,-0.035893903170580437,"{""2019"": 0.01751277898006853, ""2020"": 0.01391698833752088, ""2021"": 0.008879247330863604, ""2022"": -0.022760909269265408}","{""2019"": 2.1195290977154104, ""2020"": 1.657225559951394, ""2021"": 1.4623889238281054, ""2022"": 0.37852053083201903}"
300,0.8,down_day_count_5,discovery,4,507,-0.0036468173493491214,-0.0218584846734785,0.8671862843417207,0.33136094674556216,0.14398422090729784,0.6291913214990138,0.22682445759368836,10.437869822485206,0.04574781219631313,-0.0409002764133857,"{""2019"": 0.005332823185638659, ""2020"": -0.007719015399275321, ""2021"": 0.009515401362558783, ""2022"": -0.0182430887882138}","{""2019"": 1.2642877799812016, ""2020"": 0.7740201793082373, ""2021"": 1.4557322830859256, ""2022"": 0.48078723591218564}"
300,0.8,down_day_count_5,discovery,5,388,-0.004265203673278346,-0.021862194445152902,0.8430441636103967,0.33505154639175255,0.12628865979381443,0.6185567010309279,0.2551546391752577,10.193298969072165,0.04589977311739818,-0.04249607652271196,"{""2019"": 0.008999640286794085, ""2020"": -0.00788789435104608, ""2021"": 0.007165668966540454, ""2022"": -0.01896077945236362}","{""2019"": 1.452494573169242, ""2020"": 0.7823917542591583, ""2021"": 1.3268559471455288, ""2022"": 0.3824987170437417}"
300,0.8,down_day_count_5,validation,1,71,-0.004761875368227165,-0.0248334944785527,0.8087049497134549,0.323943661971831,0.16901408450704225,0.6338028169014085,0.19718309859154928,11.04225352112676,0.045771964589988,-0.03619114883909177,"{""2023"": -0.03291537950311, ""2024"": 0.004031908311177622, ""2025"": 0.006914528543345877, ""2026"": 0.049531597304561}","{""2023"": 0.13482568669010933, ""2024"": 1.175416162024342, ""2025"": 1.4174236510424802, ""2026"": null}"
300,0.8,down_day_count_5,validation,2,259,0.0008297317540459008,-0.0208847294345604,1.0327488509605764,0.3590733590733591,0.16216216216216217,0.5714285714285714,0.26640926640926643,11.332046332046332,0.05247002291230163,-0.03928674967447755,"{""2023"": 0.0015518371511715776, ""2024"": -0.010326927528267393, ""2025"": 0.014513578152838987, ""2026"": -0.0004511703588268779}","{""2023"": 1.0533131544204295, ""2024"": 0.6352000777705781, ""2025"": 1.8737582298112025, ""2026"": 0.983071889519771}"
300,0.8,down_day_count_5,validation,4,384,0.002396577357186099,-0.0173979158904264,1.1023116514707099,0.359375,0.171875,0.5859375,0.2421875,10.294270833333334,0.04813903126617339,-0.035737533186283144,"{""2023"": -0.0026862895978903662, ""2024"": -0.00041623271768396526, ""2025"": 0.006890539534295839, ""2026"": 0.012403383127048964}","{""2023"": 0.8859504847812418, ""2024"": 0.9838094684415714, ""2025"": 1.3255148923158864, ""2026"": 1.5614428050329325}"
300,0.8,down_day_count_5,validation,5,302,0.016863889228427697,-0.01339191424078865,1.7899069651307424,0.38741721854304634,0.17880794701986755,0.5761589403973509,0.24503311258278146,10.586092715231787,0.062054876393428555,-0.03503483698236434,"{""2023"": 0.004832585728233602, ""2024"": 0.003403882957419931, ""2025"": 0.055863445040571835, ""2026"": 0.004559386927190758}","{""2023"": 1.2241949349351338, ""2024"": 1.1452550115256346, ""2025"": 4.033968033226311, ""2026"": 1.2146396567996296}"
300,0.8,signal_volume_ratio20,discovery,1,254,0.001183274138338688,-0.0170422449288791,1.0482934603201983,0.38188976377952755,0.1377952755905512,0.562992125984252,0.2992125984251969,11.618110236220472,0.05017207119584265,-0.036696913594529416,"{""2019"": 0.010341209048743727, ""2020"": 0.0257043500932187, ""2021"": -0.012920541059954294, ""2022"": -0.014101740329885646}","{""2019"": 1.5740071165120766, ""2020"": 2.387643660597954, ""2021"": 0.5431909733809859, ""2022"": 0.5767480650566353}"
300,0.8,signal_volume_ratio20,discovery,2,253,0.0015390622749632424,-0.0189305237179484,1.0593598985857533,0.3675889328063241,0.1541501976284585,0.5968379446640316,0.2490118577075099,11.565217391304348,0.048991898097286934,-0.04133180010914582,"{""2019"": 0.007970378003393248, ""2020"": 6.41982503273428e-05, ""2021"": 0.020199808089450034, ""2022"": -0.014609980960964379}","{""2019"": 1.392611179253146, ""2020"": 1.0022409283355609, ""2021"": 2.210230292517452, ""2022"": 0.5851269428423267}"
300,0.8,signal_volume_ratio20,discovery,3,252,0.0012638267079394087,-0.01888045267994835,1.0517961021151712,0.3492063492063492,0.15079365079365079,0.5873015873015873,0.2619047619047619,10.773809523809524,0.050190018107141944,-0.037909843478413384,"{""2019"": 0.0026663207049948782, ""2020"": 0.002654883244893834, ""2021"": 0.019545814089962248, ""2022"": -0.01859447172024542}","{""2019"": 1.1251320697836886, ""2020"": 1.1130478949107092, ""2021"": 2.0247423263165394, ""2022"": 0.44349082426652964}"
300,0.8,signal_volume_ratio20,discovery,4,253,-0.01149884001408277,-0.0261484913591413,0.5996022981670219,0.2727272727272727,0.1067193675889328,0.6719367588932806,0.22134387351778656,9.691699604743082,0.04081975430991355,-0.04161224141962571,"{""2019"": -0.0005628522829356693, ""2020"": -0.0030908593302428375, ""2021"": -0.007135247145451876, ""2022"": -0.02434358324888253}","{""2019"": 0.9697606554560311, ""2020"": 0.9076612449225566, ""2021"": 0.7149370871740814, ""2022"": 0.3114958034382761}"
300,0.8,signal_volume_ratio20,discovery,5,254,-0.011347322055574115,-0.027239022550794648,0.6269596431815462,0.28346456692913385,0.11811023622047244,0.6535433070866141,0.2283464566929134,9.456692913385826,0.0400952453771339,-0.04368507935677729,"{""2019"": -0.0029530398613128255, ""2020"": -0.02129169957303456, ""2021"": 0.016836179165809272, ""2022"": -0.026827940933143977}","{""2019"": 0.8733249933253416, ""2020"": 0.5266345718374366, ""2021"": 2.0075674806191848, ""2022"": 0.1958714871443344}"
300,0.8,signal_volume_ratio20,validation,1,184,-0.0018805400006602188,-0.020329246896445698,0.9213816629553083,0.32065217391304346,0.10326086956521739,0.6304347826086957,0.266304347826087,10.71195652173913,0.045797917410050536,-0.03695867030502562,"{""2023"": -0.01092486620454852, ""2024"": -0.004248276375898285, ""2025"": 0.012596289767548067, ""2026"": 0.03957360155716162}","{""2023"": 0.5907126187961853, ""2024"": 0.8300344292300198, ""2025"": 1.6939452331335212, ""2026"": 3.542825810357225}"
300,0.8,signal_volume_ratio20,validation,2,216,-0.000440407849511623,-0.0179546954529352,0.9813571708946901,0.3287037037037037,0.14351851851851852,0.6018518518518519,0.25462962962962965,10.472222222222221,0.047471486750424056,-0.03499259659460247,"{""2023"": -0.009194157391846655, ""2024"": 0.005191764893555216, ""2025"": 0.006683058812238191, ""2026"": -0.0086883524539947}","{""2023"": 0.662929607043116, ""2024"": 1.2348666189641584, ""2025"": 1.3121976863806806, ""2026"": 0.5810033296262309}"
300,0.8,signal_volume_ratio20,validation,3,224,0.021604299642264155,-0.014787525886253799,1.9744179023630397,0.4107142857142857,0.20982142857142858,0.5223214285714286,0.26785714285714285,11.004464285714286,0.07096341527041328,-0.0355042047089145,"{""2023"": 0.013372399141806547, ""2024"": -0.0005488292721527584, ""2025"": 0.05988207324763709, ""2026"": 0.011891506060444456}","{""2023"": 1.561775615960327, ""2024"": 0.9775356985846333, ""2025"": 4.752847581575778, ""2026"": 1.4408368961686053}"
300,0.8,signal_volume_ratio20,validation,4,200,0.0038425235284269134,-0.0164723000466324,1.1771966909056546,0.38,0.19,0.59,0.22,10.225,0.04544516168613029,-0.0343064934303844,"{""2023"": -0.0013776824939299502, ""2024"": 0.0006769380894300505, ""2025"": 0.016713461946267497, ""2026"": -0.009246751193127888}","{""2023"": 0.9485777927945207, ""2024"": 1.0284211901849862, ""2025"": 2.3039908132674296, ""2026"": 0.662935980467773}"
300,0.8,signal_volume_ratio20,validation,5,192,0.0037670169550094914,-0.022353560857356403,1.1456876122496753,0.3802083333333333,0.203125,0.578125,0.21875,11.072916666666666,0.054166722905529936,-0.041018419291871826,"{""2023"": 0.0048002890561055864, ""2024"": -0.009989795095008925, ""2025"": 0.008352346803169588, ""2026"": 0.033933483733652604}","{""2023"": 1.2342695489458735, ""2024"": 0.6966237994579816, ""2025"": 1.3158475376143857, ""2026"": 3.678603410686216}"
500,0.6,signal_clv,discovery,1,450,0.0008725834662500902,-0.01654191527399905,1.0345162278384739,0.43777777777777777,0.3488888888888889,0.5177777777777778,0.13333333333333333,9.055555555555555,0.04452901396479484,-0.04039231730356841,"{""2019"": 0.013567695807464182, ""2020"": -0.00719430763122717, ""2021"": -0.0009504591712905251, ""2022"": -0.007018646386874098}","{""2019"": 1.8045290318440257, ""2020"": 0.7803522782929765, ""2021"": 0.961142070294708, ""2022"": 0.7696416433492126}"
500,0.6,signal_clv,discovery,2,447,0.003658291724924792,-0.0160123504419889,1.170572159584327,0.42058165548098436,0.33109619686800895,0.5234899328859061,0.14541387024608501,9.04026845637584,0.04283984035875301,-0.03491715823248742,"{""2019"": 0.012194965932209674, ""2020"": 0.008334855778858175, ""2021"": 0.006367935816791511, ""2022"": -0.017180444843078}","{""2019"": 1.7459897555087533, ""2020"": 1.382616184110604, ""2021"": 1.3148896215382964, ""2022"": 0.4507887757674706}"
500,0.6,signal_clv,discovery,3,449,-6.13391734084758e-05,-0.0150712620306409,0.9972944362151681,0.38752783964365256,0.2873051224944321,0.5590200445434298,0.15367483296213807,9.040089086859687,0.04337394729945534,-0.03577744884953226,"{""2019"": 0.012019889513665864, ""2020"": 0.0024959107991130557, ""2021"": -0.003904541996216748, ""2022"": -0.011531641905363328}","{""2019"": 1.7387030686125267, ""2020"": 1.1130346481337074, ""2021"": 0.8325579165743023, ""2022"": 0.6090011103027454}"
500,0.6,signal_clv,discovery,4,451,-0.00038386666701437403,-0.0162815490202273,0.9826674999767147,0.3902439024390244,0.2793791574279379,0.5565410199556541,0.164079822616408,9.199556541019955,0.04090798063911504,-0.03579625029708346,"{""2019"": 0.010509023973147886, ""2020"": 0.002034013438687945, ""2021"": 0.005506147206550147, ""2022"": -0.014274968351027068}","{""2019"": 1.654654603207811, ""2020"": 1.1052077001116591, ""2021"": 1.2555008439389415, ""2022"": 0.5029813978981633}"
500,0.6,signal_clv,discovery,5,451,-0.009995545350258846,-0.0225406763104784,0.6425672303187747,0.31929046563192903,0.2328159645232816,0.6496674057649667,0.11751662971175167,8.272727272727273,0.03644258603718162,-0.04054452495220864,"{""2019"": -0.0026833767104185763, ""2020"": -0.001099441516553721, ""2021"": 0.0004818663419917457, ""2022"": -0.022362347246957216}","{""2019"": 0.8846240842675837, ""2020"": 0.9638568966328281, ""2021"": 1.0247010129606946, ""2022"": 0.34259362996088305}"
500,0.6,signal_clv,validation,1,380,0.003520973404507685,-0.010569708809776951,1.1583992143019675,0.4342105263157895,0.32894736842105265,0.5184210526315789,0.15263157894736842,9.110526315789473,0.04357877376306494,-0.03534859329705662,"{""2023"": 0.008039534168522712, ""2024"": -0.007206768739947696, ""2025"": 0.011484286180764304, ""2026"": -0.00018869361522006904}","{""2023"": 1.371572267833273, ""2024"": 0.7450229605390113, ""2025"": 1.6749898915817376, ""2026"": 0.9907440897156191}"
500,0.6,signal_clv,validation,2,392,0.03269548978813938,-0.0098772085505364,2.580178254974166,0.42857142857142855,0.3469387755102041,0.5433673469387755,0.1096938775510204,8.489795918367347,0.07382150594490351,-0.03458952125741228,"{""2023"": 0.014775969927840978, ""2024"": 0.03151224358751629, ""2025"": 0.056576452389472266, ""2026"": 0.007736545776544112}","{""2023"": 1.806345918520871, ""2024"": 2.313151758568949, ""2025"": 3.680777129035618, ""2026"": 1.5005842432499488}"
500,0.6,signal_clv,validation,3,332,-0.00010524124844707372,-0.01578211861157775,0.9953436526289804,0.39759036144578314,0.3072289156626506,0.5843373493975904,0.10843373493975904,8.786144578313253,0.04126092166954312,-0.03431578912740115,"{""2023"": -0.010765904479919928, ""2024"": 0.007027328393946482, ""2025"": 0.00987287129759165, ""2026"": -0.01699859389632466}","{""2023"": 0.6086424636024321, ""2024"": 1.3588954953314354, ""2025"": 1.5247554338413116, ""2026"": 0.3696266691728758}"
500,0.6,signal_clv,validation,4,416,-0.0006604856790690405,-0.018321305885615348,0.9721173751274172,0.3870192307692308,0.28365384615384615,0.5552884615384616,0.16105769230769232,9.596153846153847,0.04366598026701634,-0.037405924807423066,"{""2023"": -0.003440705383818562, ""2024"": -0.003292651857442828, ""2025"": 0.006298391596820323, ""2026"": -0.0018026918605674926}","{""2023"": 0.8577781457561241, ""2024"": 0.8752934698612305, ""2025"": 1.3193336311230948, ""2026"": 0.9245661678120457}"
500,0.6,signal_clv,validation,5,368,0.00706470991317873,-0.009562834817580301,1.3827400778963657,0.4375,0.33967391304347827,0.5190217391304348,0.14130434782608695,8.567934782608695,0.04304398634662725,-0.02992430412448811,"{""2023"": 0.005429918979404425, ""2024"": 0.007508716768577258, ""2025"": 0.01162633284728592, ""2026"": -0.003701323343476738}","{""2023"": 1.284393987078219, ""2024"": 1.4036240608456518, ""2025"": 1.8334794609291059, ""2026"": 0.878951750353612}"
500,0.6,signal_lower_wick,discovery,1,450,-0.0020314419074907815,-0.01864046634233095,0.923037061451112,0.4311111111111111,0.3088888888888889,0.5355555555555556,0.15555555555555556,9.513333333333334,0.044251375626856354,-0.04149209835294155,"{""2019"": 0.014598124735787263, ""2020"": -0.014863329052717842, ""2021"": 0.002450137523242776, ""2022"": -0.014824830136088355}","{""2019"": 1.8831764013880072, ""2020"": 0.5867694478828969, ""2021"": 1.1092592299063484, ""2022"": 0.5593570681947017}"
500,0.6,signal_lower_wick,discovery,2,451,0.0007753748610403779,-0.0162243167861944,1.0337181237709907,0.41019955654101997,0.31929046563192903,0.5343680709534369,0.14634146341463414,8.891352549889135,0.04227204658843675,-0.03643800667189112,"{""2019"": 0.011505855552024406, ""2020"": 0.0024883389704453657, ""2021"": 0.0032287589878862897, ""2022"": -0.012791749364203324}","{""2019"": 1.7187440351692276, ""2020"": 1.1004860448247533, ""2021"": 1.1607021691046124, ""2022"": 0.5834307061296644}"
500,0.6,signal_lower_wick,discovery,3,448,-0.0007922237692240586,-0.01808820034494165,0.9666270224975485,0.38392857142857145,0.3080357142857143,0.5647321428571429,0.12723214285714285,8.620535714285714,0.04056302152167347,-0.03641443844834407,"{""2019"": 0.007555803019444509, ""2020"": 0.004662831237108099, ""2021"": 0.002341476142581413, ""2022"": -0.017559340129252598}","{""2019"": 1.4101953501802356, ""2020"": 1.189114191967838, ""2021"": 1.1027225313558953, ""2022"": 0.4379582974890234}"
500,0.6,signal_lower_wick,discovery,4,447,-0.00194044526186498,-0.0172625447674416,0.9176353761685457,0.3713646532438479,0.27740492170022374,0.5838926174496645,0.13870246085011187,8.903803131991051,0.040899703499915965,-0.03715152666625673,"{""2019"": 0.010875704481125067, ""2020"": 0.00210094609367596, ""2021"": 0.0008672617245543381, ""2022"": -0.020298112436052566}","{""2019"": 1.6367157188895605, ""2020"": 1.0823703101260882, ""2021"": 1.040682415985925, ""2022"": 0.3594267188799173}"
500,0.6,signal_lower_wick,discovery,5,452,-0.0019778475024093815,-0.01789488553348975,0.9134438736959646,0.3584070796460177,0.26548672566371684,0.588495575221239,0.14601769911504425,8.676991150442477,0.040078008148989014,-0.03595772251078956,"{""2019"": 0.0030519377008333794, ""2020"": 0.012262966058403895, ""2021"": -0.0012354639925073827, ""2022"": -0.011667577876116837}","{""2019"": 1.1536010053169805, ""2020"": 1.8622039718074304, ""2021"": 0.9459608911763698, ""2022"": 0.5890918392928447}"
500,0.6,signal_lower_wick,validation,1,383,0.022427851458077054,-0.0090698497394136,2.055438055839782,0.45430809399477806,0.3629242819843342,0.5091383812010444,0.1279373368146214,8.673629242819842,0.06324956127875186,-0.034324495545034354,"{""2023"": 0.006550417719105849, ""2024"": 0.0038181821770185915, ""2025"": 0.07085431530189182, ""2026"": -0.018373376708701473}","{""2023"": 1.3062270855801967, ""2024"": 1.1608914731553561, ""2025"": 5.4893440532012505, ""2026"": 0.3745504045719695}"
500,0.6,signal_lower_wick,validation,2,411,2.1399182822318726e-05,-0.0166091289062498,1.000940514135931,0.3795620437956204,0.2725060827250608,0.5571776155717761,0.170316301703163,9.29683698296837,0.04272329653970048,-0.03611071652558257,"{""2023"": -0.0020044202210991466, ""2024"": -0.00630571895116218, ""2025"": 0.00904806322879123, ""2026"": 0.00357400873568116}","{""2023"": 0.918525975118369, ""2024"": 0.7648949264633287, ""2025"": 1.542934539404807, ""2026"": 1.1833281371411781}"
500,0.6,signal_lower_wick,validation,3,370,0.008143919102955362,-0.0069831293067661,1.431308783171549,0.4594594594594595,0.37567567567567567,0.5054054054054054,0.11891891891891893,8.77027027027027,0.044783301506477954,-0.03150534602653893,"{""2023"": 0.017837712916436765, ""2024"": 0.0005995910650218392, ""2025"": 0.007035196411391413, ""2026"": 0.0012643177865264855}","{""2023"": 2.1154585563875066, ""2024"": 1.0289389572642176, ""2025"": 1.3574105208219667, ""2026"": 1.0611466730625414}"
500,0.6,signal_lower_wick,validation,4,374,0.010130249120930078,-0.016297765087166502,1.434765000759418,0.3877005347593583,0.2914438502673797,0.5935828877005348,0.11497326203208556,8.96524064171123,0.053348952588660015,-0.03589928919694082,"{""2023"": -0.006400762031047828, ""2024"": 0.036240362370270986, ""2025"": 0.003474678063337078, ""2026"": 0.001898219919264933}","{""2023"": 0.7503967700096172, ""2024"": 2.6062163218921923, ""2025"": 1.1641506540612347, ""2026"": 1.0791652398219502}"
500,0.6,signal_lower_wick,validation,5,350,0.0029831073995181764,-0.01527494062065745,1.1388852272749992,0.4057142857142857,0.3057142857142857,0.5514285714285714,0.14285714285714285,8.888571428571428,0.042558966994737824,-0.033960885538703064,"{""2023"": -0.0025274284232442265, ""2024"": 0.00333600772351144, ""2025"": 0.008683874297798308, ""2026"": 0.0038167267400788323}","{""2023"": 0.8912376926256462, ""2024"": 1.1442152864348167, ""2025"": 1.4803794638495147, ""2026"": 1.2049259626566302}"
500,0.6,signal_body_recovery,discovery,1,449,0.0004673738143636328,-0.0181350213359362,1.0192682145500722,0.4298440979955457,0.3518930957683742,0.5278396436525612,0.12026726057906459,8.908685968819599,0.04310654277616342,-0.03809039996829765,"{""2019"": 0.00904346332086195, ""2020"": 0.00018212614483472308, ""2021"": 0.0018821061121077724, ""2022"": -0.015737195771510646}","{""2019"": 1.514963055034978, ""2020"": 1.0062620630755867, ""2021"": 1.0803916954377721, ""2022"": 0.5120178890611039}"
500,0.6,signal_body_recovery,discovery,2,449,0.003898915977399577,-0.0138415085328011,1.1779763377660784,0.40757238307349664,0.31403118040089084,0.5412026726057907,0.1447661469933185,8.919821826280623,0.044041226859273815,-0.03528830616796908,"{""2019"": 0.017424224643868325, ""2020"": -0.004395559413111247, ""2021"": 0.005773063411464992, ""2022"": -0.007861232996435201}","{""2019"": 2.126578253363943, ""2020"": 0.8244524017773655, ""2021"": 1.2788379474381035, ""2022"": 0.7219902818319663}"
500,0.6,signal_body_recovery,discovery,3,450,-0.0042283724982473585,-0.021807693737171348,0.8296905614637462,0.3711111111111111,0.2644444444444444,0.5755555555555556,0.16,9.051111111111112,0.040096623803898085,-0.0395390257665568,"{""2019"": 0.006769857155727358, ""2020"": 0.0106489224569834, ""2021"": -0.009317920380475117, ""2022"": -0.01673631212892149}","{""2019"": 1.369649565791466, ""2020"": 1.5040309600960076, ""2021"": 0.6472934433240316, ""2022"": 0.45943479755599004}"
500,0.6,signal_body_recovery,discovery,4,448,0.0019111525733863104,-0.01513047045008395,1.0894674015789938,0.39955357142857145,0.3013392857142857,0.5424107142857143,0.15625,9.073660714285714,0.04265497026464699,-0.03397165411167966,"{""2019"": 0.007219884819239333, ""2020"": -0.000242586615295642, ""2021"": 0.007978325182145522, ""2022"": -0.006854387736250749}","{""2019"": 1.40292600219435, ""2020"": 0.9894449773401474, ""2021"": 1.440831789905267, ""2022"": 0.7412456893150071}"
500,0.6,signal_body_recovery,discovery,5,452,-0.007952721223371999,-0.020130916230636453,0.7071227640610741,0.3473451327433628,0.24778761061946902,0.6194690265486725,0.13274336283185842,8.654867256637168,0.03819738246981904,-0.04052959069741499,"{""2019"": 0.0070880670616066555, ""2020"": -0.0023531872192188003, ""2021"": 0.0012888896263263884, ""2022"": -0.025641406782929567}","{""2019"": 1.3767308762085162, ""2020"": 0.9175581768763585, ""2021"": 1.0632804666803395, ""2022"": 0.2866156018203383}"
500,0.6,signal_body_recovery,validation,1,396,0.003557444271750603,-0.01186793994948785,1.162889958298759,0.41919191919191917,0.33080808080808083,0.5404040404040404,0.12878787878787878,8.984848484848484,0.044612542756099126,-0.03545243278272303,"{""2023"": 0.011423201545076514, ""2024"": -0.007752410907721321, ""2025"": 0.003005858773343792, ""2026"": 0.008115506490770839}","{""2023"": 1.583271212495573, ""2024"": 0.7334215918287176, ""2025"": 1.145900792979774, ""2026"": 1.5342993737774346}"
500,0.6,signal_body_recovery,validation,2,353,0.014629275995453462,-0.0131215971608269,1.6834518787105868,0.4447592067988669,0.35694050991501414,0.5212464589235127,0.12181303116147309,8.444759206798867,0.05334381299102585,-0.03398446636126419,"{""2023"": 0.0015164706847277255, ""2024"": 0.027564921630476344, ""2025"": 0.014565704557627802, ""2026"": -0.001181779423277498}","{""2023"": 1.0653977632910983, ""2024"": 2.1332882094367287, ""2025"": 1.9338112557414335, ""2026"": 0.9507212677629204}"
500,0.6,signal_body_recovery,validation,3,370,0.0042120835668667455,-0.0133594806735388,1.189862205439232,0.42162162162162165,0.3216216216216216,0.5432432432432432,0.13513513513513514,9.224324324324325,0.0444393034321168,-0.03481820760769036,"{""2023"": -0.0016547454759230367, ""2024"": 0.007492809890087589, ""2025"": 0.009942853538420816, ""2026"": -0.0009839098759465224}","{""2023"": 0.9345304075166887, ""2024"": 1.345869336043795, ""2025"": 1.512282169113638, ""2026"": 0.9489925196808038}"
500,0.6,signal_body_recovery,validation,4,386,0.018175828459692914,-0.016003132176102948,1.8430752589461004,0.38082901554404147,0.25906735751295334,0.582901554404145,0.15803108808290156,9.010362694300518,0.06159013713979714,-0.03380048286711129,"{""2023"": 0.0004189295324548926, ""2024"": 0.004431353044290829, ""2025"": 0.06545830211007261, ""2026"": -0.00970356487681791}","{""2023"": 1.0207180849863495, ""2024"": 1.2153318459522766, ""2025"": 3.9746404878027417, ""2026"": 0.6526435585071166}"
500,0.6,signal_body_recovery,validation,5,383,0.003387702189414388,-0.0130399496195798,1.1627209190329204,0.42036553524804177,0.3394255874673629,0.5274151436031331,0.13315926892950392,8.934725848563968,0.04305106265848695,-0.033921684607699634,"{""2023"": 0.0010153060527787077, ""2024"": 9.581509990185768e-05, ""2025"": 0.013959334759850454, ""2026"": -0.008977191265910402}","{""2023"": 1.04466964731522, ""2024"": 1.0041930201517622, ""2025"": 2.0376286502963272, ""2026"": 0.6946560717087794}"
500,0.6,deceleration_1v3,discovery,1,438,-0.0022185565292849652,-0.02283829802908945,0.91985150916459,0.3812785388127854,0.3082191780821918,0.5730593607305936,0.1187214611872146,8.520547945205479,0.0453126940381314,-0.04244293135742839,"{""2019"": 0.004234058941187737, ""2020"": -0.007473835564450424, ""2021"": 0.003916402906456639, ""2022"": -0.009649067845988159}","{""2019"": 1.2052357494281916, ""2020"": 0.7659125239283291, ""2021"": 1.1553799063223062, ""2022"": 0.7122764023230107}"
500,0.6,deceleration_1v3,discovery,2,436,-0.0023939074097031414,-0.017152929594804953,0.8986244079329405,0.3853211009174312,0.268348623853211,0.555045871559633,0.17660550458715596,9.747706422018348,0.03997613343410874,-0.036879962306680995,"{""2019"": 0.00598092773296735, ""2020"": 0.0023042896759204925, ""2021"": -0.0014951245325890046, ""2022"": -0.01516413116133372}","{""2019"": 1.29982001979809, ""2020"": 1.100369069190369, ""2021"": 0.9283416088861579, ""2022"": 0.5010081586804563}"
500,0.6,deceleration_1v3,discovery,3,437,0.0020878615067139224,-0.011450063947696,1.117887420800412,0.39359267734553777,0.2951945080091533,0.551487414187643,0.15331807780320367,8.60183066361556,0.03544535402166549,-0.02910001418340194,"{""2019"": 0.01518373896831354, ""2020"": 0.007426390933113033, ""2021"": -0.00038098264124506446, ""2022"": -0.013477139446634997}","{""2019"": 2.2999926097300105, ""2020"": 1.4335703843632095, ""2021"": 0.978291288782148, ""2022"": 0.46488579152677223}"
500,0.6,deceleration_1v3,discovery,4,438,-0.0016519696312671118,-0.018498465014470653,0.9283214760189739,0.3744292237442922,0.2808219178082192,0.5799086757990868,0.13926940639269406,9.031963470319635,0.04022492358772873,-0.036573921025622874,"{""2019"": 0.006575598580349742, ""2020"": 0.005853602599937733, ""2021"": 0.005096053835774105, ""2022"": -0.017425636108908564}","{""2019"": 1.3472328086755307, ""2020"": 1.2685893831096882, ""2021"": 1.2611354482457016, ""2022"": 0.4146694444701178}"
500,0.6,deceleration_1v3,discovery,5,440,-0.006982024014354744,-0.0250420379473974,0.7634513205613987,0.35909090909090907,0.26590909090909093,0.6022727272727273,0.1318181818181818,8.668181818181818,0.0448617731070392,-0.04501632094882513,"{""2019"": 0.0017048671160703349, ""2020"": -0.000978091575109717, ""2021"": 0.0003539432011458617, ""2022"": -0.018254016584509022}","{""2019"": 1.0787423525905027, ""2020"": 0.9669015373482875, ""2021"": 1.0124672038808837, ""2022"": 0.4725101154743753}"
500,0.6,deceleration_1v3,validation,1,348,0.015035050148436029,-0.01444356811285535,1.6339665913646406,0.4339080459770115,0.3333333333333333,0.5258620689655172,0.14080459770114942,9.229885057471265,0.06064796424940419,-0.03883722389783907,"{""2023"": 0.008050990984057423, ""2024"": 0.032086051528779816, ""2025"": 0.010072482236072038, ""2026"": 0.007517721517902299}","{""2023"": 1.3887378910895953, ""2024"": 2.0379357391051602, ""2025"": 1.4755937506590329, ""2026"": 1.3385627777801639}"
500,0.6,deceleration_1v3,validation,2,434,0.002361901697697719,-0.0100957175741275,1.1120291293227758,0.4400921658986175,0.3294930875576037,0.5161290322580645,0.1543778801843318,9.2073732718894,0.04007870192151232,-0.0329647807970156,"{""2023"": -0.003291486026251528, ""2024"": 0.0008154913822602191, ""2025"": 0.00744862903469315, ""2026"": 0.011525414970554945}","{""2023"": 0.8674744654541767, ""2024"": 1.0359279691260492, ""2025"": 1.4366635161589658, ""2026"": 1.790378543609479}"
500,0.6,deceleration_1v3,validation,3,400,0.003935195367647723,-0.01140381977405165,1.2179335760143697,0.395,0.295,0.5675,0.1375,8.7,0.03788598515082303,-0.028878923455028738,"{""2023"": 0.001977211147230081, ""2024"": 0.00460136536874783, ""2025"": 0.006587587291174929, ""2026"": -0.0012889876810339728}","{""2023"": 1.0955291274268486, ""2024"": 1.231409903911382, ""2025"": 1.447465657486014, ""2026"": 0.8979185412650196}"
500,0.6,deceleration_1v3,validation,4,409,0.011576768065874004,-0.016930309542181,1.5489544260430004,0.41075794621026895,0.3056234718826406,0.5574572127139364,0.13691931540342298,8.789731051344743,0.05190734165815337,-0.03282879593706577,"{""2023"": 0.00026647190744129117, ""2024"": 0.0021466644179017023, ""2025"": 0.03674497993670147, ""2026"": -0.013437349669148465}","{""2023"": 1.0118168002739043, ""2024"": 1.0986097187551216, ""2025"": 3.1021652719818684, ""2026"": 0.5202298419302378}"
500,0.6,deceleration_1v3,validation,5,297,0.013058834771980058,-0.0205543565418955,1.5200992433437401,0.4006734006734007,0.3501683501683502,0.5521885521885522,0.09764309764309764,8.64983164983165,0.061675690673568484,-0.04093196199043694,"{""2023"": 0.007460286718480179, ""2024"": 0.0018386573259517019, ""2025"": 0.05089808186673709, ""2026"": -0.017515971562161534}","{""2023"": 1.340851195307438, ""2024"": 1.0724657718523916, ""2025"": 3.2403845082680856, ""2026"": 0.5366744850303587}"
500,0.6,deceleration_2v5,discovery,1,436,-0.00484282265141974,-0.02298881154198725,0.8268019800578386,0.3555045871559633,0.30275229357798167,0.5688073394495413,0.12844036697247707,8.71788990825688,0.04391160869716907,-0.043586662755072496,"{""2019"": 0.003442819531349061, ""2020"": -0.002166010724459712, ""2021"": -0.004536545582917986, ""2022"": -0.01394678724152288}","{""2019"": 1.16861495958343, ""2020"": 0.9289414246467619, ""2021"": 0.8361399037846772, ""2022"": 0.5802116099375504}"
500,0.6,deceleration_2v5,discovery,2,436,0.004216911488554955,-0.0130728422371914,1.2022312741171493,0.4243119266055046,0.3165137614678899,0.5389908256880734,0.1444954128440367,8.924311926605505,0.04430827435020533,-0.03323001856759215,"{""2019"": 0.010482199545354332, ""2020"": 0.00737071893099233, ""2021"": 0.010089315244375787, ""2022"": -0.011968540604655612}","{""2019"": 1.592413485013377, ""2020"": 1.3582814313442568, ""2021"": 1.5692737994178796, ""2022"": 0.579094019593935}"
500,0.6,deceleration_2v5,discovery,3,436,-0.005565730063564021,-0.0169510408415808,0.7628022838926278,0.3532110091743119,0.24541284403669725,0.591743119266055,0.1628440366972477,9.089449541284404,0.03386487123045084,-0.0355334679794519,"{""2019"": 0.00237263670971935, ""2020"": -0.005186346039051698, ""2021"": -0.0013742360983146856, ""2022"": -0.017491310924912275}","{""2019"": 1.1204024201382612, ""2020"": 0.7973210407127902, ""2021"": 0.9331635302632578, ""2022"": 0.39111698749230106}"
500,0.6,deceleration_2v5,discovery,4,437,-0.0042320501087385895,-0.0201110591304345,0.821281907157082,0.36155606407322655,0.2517162471395881,0.5995423340961098,0.14874141876430205,8.74141876430206,0.03794242152426727,-0.035997365421307784,"{""2019"": 0.006742559873160977, ""2020"": -0.0021464564375802946, ""2021"": 0.00012013533678174065, ""2022"": -0.017918311751273557}","{""2019"": 1.3771989955749715, ""2020"": 0.9093587841133544, ""2021"": 1.0058767679785146, ""2022"": 0.42186199683687825}"
500,0.6,deceleration_2v5,discovery,5,436,-0.0022380635757173013,-0.0213141379926871,0.9142528543933972,0.3876146788990826,0.29128440366972475,0.573394495412844,0.1353211009174312,9.01605504587156,0.04491017606787056,-0.042189625309744475,"{""2019"": 0.007077678803441655, ""2020"": 0.004658593159725076, ""2021"": 0.001386046622249281, ""2022"": -0.014204967156089338}","{""2019"": 1.4068764496507606, ""2020"": 1.1788664409929925, ""2021"": 1.055939642620264, ""2022"": 0.5642787155602333}"
500,0.6,deceleration_2v5,validation,1,356,0.00019306091594425807,-0.02172351194195345,1.0077292467663166,0.38764044943820225,0.30337078651685395,0.5730337078651685,0.12359550561797752,8.904494382022472,0.04859829340597812,-0.04018529752939812,"{""2023"": 0.007194597370243714, ""2024"": -0.00852315583391719, ""2025"": 0.003468977441037341, ""2026"": -0.0046482510612360665}","{""2023"": 1.3581757065227933, ""2024"": 0.7278596112771198, ""2025"": 1.1536095078607764, ""2026"": 0.8335089513071393}"
500,0.6,deceleration_2v5,validation,2,352,0.005288585884196611,-0.00965053575626925,1.2642985269063174,0.42329545454545453,0.32386363636363635,0.5340909090909091,0.14204545454545456,9.321022727272727,0.04381535107532866,-0.03374340757090086,"{""2023"": 0.011570944913320008, ""2024"": -0.0019363831618786824, ""2025"": 0.0089456530881798, ""2026"": -0.0060183359504996856}","{""2023"": 1.6466956478863122, ""2024"": 0.920018328332935, ""2025"": 1.4860431330626462, ""2026"": 0.6878282649866496}"
500,0.6,deceleration_2v5,validation,3,407,0.030338409485525488,-0.0060822837761446,2.8075854160419897,0.44963144963144963,0.35135135135135137,0.5036855036855037,0.14496314496314497,8.675675675675675,0.06390730045708913,-0.027781118334446752,"{""2023"": 0.0003810954427428192, ""2024"": 0.03434048006792348, ""2025"": 0.06138873113805679, ""2026"": 0.011996709825507662}","{""2023"": 1.0186888991896959, ""2024"": 3.0583390591894277, ""2025"": 5.068995326053941, ""2026"": 1.9697396337354836}"
500,0.6,deceleration_2v5,validation,4,429,0.002096436551312119,-0.0141465133330768,1.0934681383962226,0.42424242424242425,0.31002331002331,0.5571095571095571,0.13286713286713286,8.715617715617716,0.041449013537034195,-0.03407730704993493,"{""2023"": -0.0033508052033846317, ""2024"": 0.0036377595268819586, ""2025"": 0.006935999922360881, ""2026"": -0.002472119121013236}","{""2023"": 0.8678739896957695, ""2024"": 1.1573874412863054, ""2025"": 1.3782461318917039, ""2026"": 0.9001214203820085}"
500,0.6,deceleration_2v5,validation,5,344,0.0036840033235495465,-0.01877973407936065,1.1523303831809824,0.39244186046511625,0.313953488372093,0.5523255813953488,0.13372093023255813,9.101744186046512,0.0485056133628661,-0.037347916109939504,"{""2023"": -0.0018416564172820606, ""2024"": 0.002268505324625543, ""2025"": 0.02052397113405398, ""2026"": -0.013192154059184157}","{""2023"": 0.9316298074528929, ""2024"": 1.0946871266613687, ""2025"": 2.200728404750223, ""2026"": 0.5944199641497581}"
500,0.6,down_day_count_5,discovery,1,103,-0.004794326291183337,-0.0235187379712625,0.8083774865177134,0.33980582524271846,0.2621359223300971,0.5728155339805825,0.1650485436893204,9.135922330097088,0.03754981937417246,-0.03615340274476449,"{""2019"": 0.001071010363309422, ""2020"": 0.014314418746666007, ""2021"": -0.00359711633729867, ""2022"": -0.025288292685073696}","{""2019"": 1.0518565457612872, ""2020"": 1.7984151000804356, ""2021"": 0.8742335365700182, ""2022"": 0.2832694517857941}"
500,0.6,down_day_count_5,discovery,2,555,0.003134645799515729,-0.0148038988434964,1.1411144311465045,0.41081081081081083,0.3117117117117117,0.5297297297297298,0.15855855855855855,9.344144144144144,0.045386364320328665,-0.0352000232207633,"{""2019"": 0.014345343886894329, ""2020"": 0.0123207222900444, ""2021"": 0.006394277858001201, ""2022"": -0.0143990946061385}","{""2019"": 1.8564293167017796, ""2020"": 1.732135186596745, ""2021"": 1.3446294462135249, ""2022"": 0.5584477535430612}"
500,0.6,down_day_count_5,discovery,4,862,-0.004973735183796329,-0.019605813580318397,0.8014934335915673,0.3654292343387471,0.2737819025522042,0.5904872389791184,0.1357308584686775,8.7169373549884,0.03922057319363661,-0.038394832609833986,"{""2019"": 0.0018791476788396046, ""2020"": -0.0009895737546320635, ""2021"": 0.0004553742944501459, ""2022"": -0.017596408666824347}","{""2019"": 1.095425675338378, ""2020"": 0.9630077854575673, ""2021"": 1.020842514067894, ""2022"": 0.4443807410509708}"
500,0.6,down_day_count_5,discovery,5,661,-0.0037568990522864974,-0.0200357259867779,0.85163239609939,0.367624810892587,0.2692889561270802,0.5915279878971256,0.13918305597579425,8.721633888048412,0.040129243798171316,-0.04047508523445027,"{""2019"": 0.005697568199879226, ""2020"": -0.00654960746242239, ""2021"": -0.0007318413583835456, ""2022"": -0.011469130965345742}","{""2019"": 1.3113713362070298, ""2020"": 0.7860265401634262, ""2021"": 0.9696774236508287, ""2022"": 0.5928266728130842}"
500,0.6,down_day_count_5,validation,1,133,-0.0018015517707091664,-0.019840179360949,0.9220572149143413,0.39097744360902253,0.2781954887218045,0.5789473684210527,0.14285714285714285,9.954887218045112,0.04073812673212251,-0.035440054481420846,"{""2023"": -0.01649724473242778, ""2024"": 0.0011687495682748917, ""2025"": 0.007749911593853205, ""2026"": -0.024009360754408758}","{""2023"": 0.44609359870791865, ""2024"": 1.0509041283350748, ""2025"": 1.4530014279542445, ""2026"": 0.33401353025993236}"
500,0.6,down_day_count_5,validation,2,500,0.0022223244668809795,-0.013327660794661099,1.0993384681597786,0.422,0.324,0.534,0.142,9.178,0.043336114323813034,-0.03554993939708048,"{""2023"": 0.0013381746411604265, ""2024"": -0.0026100448949762573, ""2025"": 0.013396853560722349, ""2026"": -0.014904368290846768}","{""2023"": 1.0549392942357614, ""2024"": 0.8922662263433049, ""2025"": 1.8123322680485723, ""2026"": 0.4670514884393373}"
500,0.6,down_day_count_5,validation,4,727,0.007648487426063087,-0.0139553403801739,1.3585255527847115,0.4154057771664374,0.3204951856946355,0.5378266850068776,0.14167812929848694,8.837689133425034,0.04828605869625543,-0.034019488552006476,"{""2023"": 0.0020427143384376093, ""2024"": 0.020032135486661645, ""2025"": 0.0035336134761050886, ""2026"": -0.00044153447830101066}","{""2023"": 1.0955053493428, ""2024"": 1.8596747606978254, ""2025"": 1.1865109593040946, ""2026"": 0.9800822970954695}"
500,0.6,down_day_count_5,validation,5,528,0.018963459839113912,-0.01301926390908915,1.9152917614371987,0.42045454545454547,0.32954545454545453,0.5511363636363636,0.11931818181818182,8.549242424242424,0.05873415233302326,-0.03359231684073108,"{""2023"": 0.008279803532068853, ""2024"": 0.0006910301306802102, ""2025"": 0.060375127540253946, ""2026"": 0.006985558372334799}","{""2023"": 1.4180922486776182, ""2024"": 1.0296289652253108, ""2025"": 4.120759756553703, ""2026"": 1.3671065722951712}"
500,0.6,signal_volume_ratio20,discovery,1,429,0.0006912708954104581,-0.0150076194425443,1.0303949122480087,0.3916083916083916,0.2680652680652681,0.5571095571095571,0.17482517482517482,9.454545454545455,0.042120624896451755,-0.03638964558806936,"{""2019"": 0.008091776385299607, ""2020"": 0.019333080806813386, ""2021"": -0.0067493344307515, ""2022"": -0.011396994107389594}","{""2019"": 1.4353766184739296, ""2020"": 2.179141040183991, ""2021"": 0.708658484651841, ""2022"": 0.6219348854163834}"
500,0.6,signal_volume_ratio20,discovery,2,430,-0.0008999047043907901,-0.01836340495967615,0.9628440964952656,0.39767441860465114,0.3023255813953488,0.5604651162790698,0.1372093023255814,9.36046511627907,0.04195015801670486,-0.03969757750311191,"{""2019"": 0.0018272932517771645, ""2020"": 0.0045094652310126914, ""2021"": 0.008121261574187986, ""2022"": -0.012026984937316316}","{""2019"": 1.0862545464494144, ""2020"": 1.203676715446436, ""2021"": 1.4329952755589999, ""2022"": 0.6208906121915729}"
500,0.6,signal_volume_ratio20,discovery,3,426,0.00034955347099431306,-0.015861000383814647,1.0154558149241684,0.392018779342723,0.2934272300469484,0.5516431924882629,0.15492957746478872,9.288732394366198,0.044082384692897464,-0.035784396388755454,"{""2019"": 0.002461969822305317, ""2020"": 0.005656197149752544, ""2021"": 0.007802660692440195, ""2022"": -0.012545722761582574}","{""2019"": 1.1270738402114298, ""2020"": 1.285836787508356, ""2021"": 1.3707103131288128, ""2022"": 0.5748034748048579}"
500,0.6,signal_volume_ratio20,discovery,4,427,-0.008642438336428174,-0.0228962157794281,0.6691486932283939,0.3325526932084309,0.24824355971896955,0.6252927400468384,0.12646370023419204,8.056206088992974,0.03579787126451132,-0.03931318077987719,"{""2019"": 0.0038235026207689145, ""2020"": -0.0053365280143110785, ""2021"": -0.00539238835197793, ""2022"": -0.01975788761129657}","{""2019"": 1.233819383634474, ""2020"": 0.8158488737083764, ""2021"": 0.7733035321740618, ""2022"": 0.3818230938560783}"
500,0.6,signal_volume_ratio20,discovery,5,429,-0.009040806529928396,-0.0247681903832182,0.6757202175697942,0.3356643356643357,0.27505827505827507,0.6153846153846154,0.10955710955710955,7.86013986013986,0.0370104136816417,-0.04091023443732638,"{""2019"": -0.0026513584918087434, ""2020"": -0.011593842908706136, ""2021"": 0.00224995017949635, ""2022"": -0.01907611156520221}","{""2019"": 0.8725579371370782, ""2020"": 0.6635629901707204, ""2021"": 1.098681318443635, ""2022"": 0.3879364894404465}"
500,0.6,signal_volume_ratio20,validation,1,385,-0.001482978922527731,-0.0166091289062498,0.9352252136925447,0.38181818181818183,0.2623376623376623,0.587012987012987,0.15064935064935064,8.896103896103897,0.040693716454053994,-0.03584621971201392,"{""2023"": -0.007457549249855159, ""2024"": -0.0009800970850522605, ""2025"": 0.0025667887921421374, ""2026"": 0.012931165638130649}","{""2023"": 0.716099526696556, ""2024"": 0.9547500595252019, ""2025"": 1.1225173956727161, ""2026"": 1.6502065223199973}"
500,0.6,signal_volume_ratio20,validation,2,393,0.017591705061640855,-0.0092408153070576,1.888827907230873,0.43765903307888043,0.3282442748091603,0.5292620865139949,0.14249363867684478,8.80916030534351,0.05554254580263737,-0.03123721010765404,"{""2023"": 0.004376946384426566, ""2024"": 0.0114479836055245, ""2025"": 0.04775041630490201, ""2026"": -0.008649225432325389}","{""2023"": 1.1893523893440139, ""2024"": 1.6105267506010474, ""2025"": 3.8581383510547207, ""2026"": 0.5988683859134449}"
500,0.6,signal_volume_ratio20,validation,3,367,0.013887794446830507,-0.01074345333243,1.6823733105560355,0.42779291553133514,0.35149863760217986,0.5040871934604905,0.1444141689373297,8.97275204359673,0.053718804785566725,-0.033123289180108914,"{""2023"": 0.009247005968434448, ""2024"": -0.0009158537010850943, ""2025"": 0.04084928338324125, ""2026"": 0.00105669594298491}","{""2023"": 1.4474832801492494, ""2024"": 0.9624959904598431, ""2025"": 3.8594641300596653, ""2026"": 1.0445698140808044}"
500,0.6,signal_volume_ratio20,validation,4,389,0.002182190005936515,-0.0137944953656892,1.1055419360169023,0.4138817480719794,0.32904884318766064,0.5578406169665809,0.11311053984575835,8.632390745501285,0.041126718964782163,-0.033496673343510606,"{""2023"": 0.006243143326514713, ""2024"": -0.003135099713821114, ""2025"": 0.00866193437721527, ""2026"": -0.01322686198194579}","{""2023"": 1.3083643306387611, ""2024"": 0.870533256569086, ""2025"": 1.5229277107804995, ""2026"": 0.4654163189569751}"
500,0.6,signal_volume_ratio20,validation,5,354,0.011741320122566103,-0.01751516965133275,1.4831097129534205,0.423728813559322,0.3361581920903955,0.536723163841808,0.1271186440677966,9.361581920903955,0.05647861229503464,-0.038683438397245584,"{""2023"": 0.0002310962978716968, ""2024"": 0.027595947775841848, ""2025"": 0.007121215468661811, ""2026"": 0.004819307386119692}","{""2023"": 1.0115214412447313, ""2024"": 1.9224957246775616, ""2025"": 1.3150373874032752, ""2026"": 1.2149599504580497}"
500,0.8,signal_clv,discovery,1,451,0.003042016356577039,-0.0196202471141115,1.1131606749797418,0.3968957871396896,0.18403547671840353,0.5521064301552107,0.2638580931263858,11.39689578713969,0.053661388160682874,-0.04280367221228296,"{""2019"": 0.016903369576782158, ""2020"": -0.011384848387674113, ""2021"": 0.003377458446176008, ""2022"": -0.00279751848540021}","{""2019"": 1.9378845761944026, ""2020"": 0.6952321072588409, ""2021"": 1.136663603177778, ""2022"": 0.9103678550580319}"
500,0.8,signal_clv,discovery,2,450,0.006819160540869122,-0.0191943995512605,1.2954177293734792,0.38666666666666666,0.22444444444444445,0.5488888888888889,0.22666666666666666,10.693333333333333,0.05095242600681791,-0.03647882467349317,"{""2019"": 0.01499231099525873, ""2020"": 0.014455022692742526, ""2021"": 0.009575133537385011, ""2022"": -0.015476436725525747}","{""2019"": 1.8556495182289465, ""2020"": 1.5978257735996877, ""2021"": 1.4146065000109154, ""2022"": 0.5154308881809362}"
500,0.8,signal_clv,discovery,3,451,-0.0019381008857246682,-0.0185601163768596,0.9215135261350756,0.34811529933481156,0.1286031042128603,0.5920177383592018,0.2793791574279379,10.847006651884701,0.04882751170061703,-0.03797443424471147,"{""2019"": 0.014959558780762591, ""2020"": -0.006397032950109778, ""2021"": -0.005531313518117097, ""2022"": -0.01437080111043359}","{""2019"": 1.9159590830505415, ""2020"": 0.7826864824579277, ""2021"": 0.777082552803568, ""2022"": 0.5312705781500262}"
500,0.8,signal_clv,discovery,4,451,-0.0015696331225927861,-0.0186378122854338,0.935246641627822,0.34811529933481156,0.12638580931263857,0.5898004434589801,0.2838137472283814,10.864745011086475,0.04667693134860491,-0.03779024531305966,"{""2019"": 0.011497064640620676, ""2020"": 0.002519969609512199, ""2021"": -2.2895068744470792e-05, ""2022"": -0.015028701194303485}","{""2019"": 1.6819552928411132, ""2020"": 1.1061749342755614, ""2021"": 0.9990496962271225, ""2022"": 0.5088563982761822}"
500,0.8,signal_clv,discovery,5,452,-0.012205202091190056,-0.026412561073353852,0.6065176184180977,0.26991150442477874,0.12168141592920353,0.6880530973451328,0.1902654867256637,9.725663716814159,0.04160470459881354,-0.04364051657918547,"{""2019"": 0.001987729587126398, ""2020"": -0.0066082087907610105, ""2021"": 0.0009426865151372544, ""2022"": -0.02904472634603305}","{""2019"": 1.0854654959375243, ""2020"": 0.8264948926304801, ""2021"": 1.0442920924993535, ""2022"": 0.236987883715457}"
500,0.8,signal_clv,validation,1,382,0.004153968909898076,-0.0139617836173337,1.1759917851106276,0.4083769633507853,0.17277486910994763,0.5340314136125655,0.2931937172774869,11.159685863874346,0.05089361998656003,-0.0372251138610517,"{""2023"": 0.00787720610769935, ""2024"": -0.006340859585956234, ""2025"": 0.01188236015915919, ""2026"": 0.002571018817527969}","{""2023"": 1.3428881051171553, ""2024"": 0.78501121897732, ""2025"": 1.6472886003444347, ""2026"": 1.1143108598770797}"
500,0.8,signal_clv,validation,2,394,0.0350881782212856,-0.013116486132670899,2.630167103405168,0.4086294416243655,0.22081218274111675,0.550761421319797,0.22842639593908629,10.591370558375635,0.08101641648834879,-0.035439069580332466,"{""2023"": 0.020432271517170197, ""2024"": 0.031401849228046626, ""2025"": 0.05994506797382738, ""2026"": 0.005116840219777615}","{""2023"": 2.062645168516413, ""2024"": 2.2594854706297873, ""2025"": 3.8033371636475124, ""2026"": 1.2920571969795456}"
500,0.8,signal_clv,validation,3,333,-0.000787641079434085,-0.018945862275449,0.9680014313398086,0.35135135135135137,0.16216216216216217,0.6216216216216216,0.21621621621621623,10.483483483483484,0.04748250481288895,-0.0362292417641247,"{""2023"": -0.006058110483497677, ""2024"": 0.0013266224417143552, ""2025"": 0.00969547168797915, ""2026"": -0.020844319982107482}","{""2023"": 0.7839238151893718, ""2024"": 1.059473091680432, ""2025"": 1.4596291881771901, ""2026"": 0.3308853917782186}"
500,0.8,signal_clv,validation,4,416,0.0005951678070507858,-0.021608366241877452,1.0239917634640856,0.3629807692307692,0.15625,0.5745192307692307,0.2692307692307692,11.036057692307692,0.04946946874811728,-0.03871974492459476,"{""2023"": -0.0001867877127130746, ""2024"": -0.0035784519209421557, ""2025"": 0.005781823243680161, ""2026"": 0.0032620559333108525}","{""2023"": 0.9923678754030305, ""2024"": 0.8684820556361011, ""2025"": 1.2582896255767264, ""2026"": 1.132645644255863}"
500,0.8,signal_clv,validation,5,368,0.00831242620646796,-0.0123319793044369,1.4321317487560137,0.39945652173913043,0.1793478260869565,0.532608695652174,0.28804347826086957,10.855978260869565,0.050444562401857955,-0.030866276744972554,"{""2023"": 0.007677880003608198, ""2024"": 0.009336582076228518, ""2025"": 0.011708186668220424, ""2026"": -0.004284355623742419}","{""2023"": 1.3940133012855105, ""2024"": 1.4839351111900785, ""2025"": 1.7565174727012196, ""2026"": 0.859884235720532}"
500,0.8,signal_lower_wick,discovery,1,451,-0.001767173045810595,-0.020793461247086,0.9374501723129024,0.38802660753880264,0.15521064301552107,0.5676274944567627,0.2771618625277162,11.416851441241684,0.05085737647294732,-0.043801015440065726,"{""2019"": 0.016655545236769858, ""2020"": -0.02008310174031341, ""2021"": 0.0021938461271789355, ""2022"": -0.012325247344830158}","{""2019"": 1.9216775261720092, ""2020"": 0.5038100659822508, ""2021"": 1.0920115102804624, ""2022"": 0.6407236220314301}"
500,0.8,signal_lower_wick,discovery,2,451,0.0019384343371903361,-0.0191485047124709,1.0781147271046956,0.37250554323725055,0.17738359201773837,0.5698447893569845,0.25277161862527714,10.88470066518847,0.050383627326458076,-0.038645651468130114,"{""2019"": 0.011987365500950121, ""2020"": 0.0032438591745464597, ""2021"": 0.006755325798718697, ""2022"": -0.012251726240089389}","{""2019"": 1.7055069946096018, ""2020"": 1.1138252598629035, ""2021"": 1.3345193796684713, ""2022"": 0.6308238331356921}"
500,0.8,signal_lower_wick,discovery,3,451,0.0002907571761916866,-0.0207584574762657,1.0112197701367196,0.3458980044345898,0.18625277161862527,0.5986696230598669,0.21507760532150777,10.28381374722838,0.04707481478832622,-0.03869036806125237,"{""2019"": 0.013665890356894356, ""2020"": -0.0019783063305310444, ""2021"": 0.002476733367519828, ""2022"": -0.018529093985237985}","{""2019"": 1.7282203906251297, ""2020"": 0.9385083838358396, ""2021"": 1.0973555711647154, ""2022"": 0.43219451327153574}"
500,0.8,signal_lower_wick,discovery,4,450,-0.0008627632874495421,-0.0206843586556806,0.9658261415642069,0.3422222222222222,0.16444444444444445,0.6066666666666667,0.2288888888888889,10.533333333333333,0.047461114876130445,-0.03881253538201054,"{""2019"": 0.015199363439786034, ""2020"": 0.001646209037399065, ""2021"": -0.0002772323164228079, ""2022"": -0.019825860333700405}","{""2019"": 1.8800661049319838, ""2020"": 1.0551590817199172, ""2021"": 0.9886886011143436, ""2022"": 0.3862508404853088}"
500,0.8,signal_lower_wick,discovery,5,452,-0.005482952682044574,-0.0224099488482241,0.786701383527738,0.3008849557522124,0.10176991150442478,0.6283185840707964,0.26991150442477874,10.4070796460177,0.04592869951343624,-0.038754131752283774,"{""2019"": 0.003681982562883871, ""2020"": 0.010680069192245512, ""2021"": -0.0028416723244797403, ""2022"": -0.02008344438217518}","{""2019"": 1.1814064962329494, ""2020"": 1.512499396335185, ""2021"": 0.8823864119478112, ""2022"": 0.3817408231752357}"
500,0.8,signal_lower_wick,validation,1,385,0.021367656458344146,-0.0144766551888655,1.9325568628875163,0.4051948051948052,0.18181818181818182,0.5298701298701298,0.2883116883116883,11.067532467532468,0.06898722836349704,-0.036339560500777884,"{""2023"": 0.005180982283818662, ""2024"": 0.004252894522413109, ""2025"": 0.0672760614221225, ""2026"": -0.015880028509544453}","{""2023"": 1.223553753538123, ""2024"": 1.1703622062107728, ""2025"": 4.655441715190934, ""2026"": 0.4552188155912004}"
500,0.8,signal_lower_wick,validation,2,412,0.0008364528377602575,-0.01892157614355525,1.0353814461784945,0.3616504854368932,0.13106796116504854,0.5703883495145631,0.29854368932038833,10.91747572815534,0.04957609598589734,-0.03706505116787569,"{""2023"": 0.002257023509193051, ""2024"": -0.006625403567465901, ""2025"": 0.008703655937038377, ""2026"": 0.00037775094271794976}","{""2023"": 1.0916130633849097, ""2024"": 0.7550822610045692, ""2025"": 1.470579011894916, ""2026"": 1.0166971729569387}"
500,0.8,signal_lower_wick,validation,3,371,0.010941080833852153,-0.0095825693306691,1.546034882754857,0.42857142857142855,0.22911051212938005,0.5202156334231806,0.25067385444743934,11.005390835579515,0.05330588216565047,-0.03262487328199231,"{""2023"": 0.0223684850101963, ""2024"": 0.0005618933762524536, ""2025"": 0.012064322118534154, ""2026"": -0.0009581171598737668}","{""2023"": 2.3268266847120875, ""2024"": 1.025193244390742, ""2025"": 1.5937039450200063, ""2026"": 0.9590243798204474}"
500,0.8,signal_lower_wick,validation,4,375,0.011056962656402915,-0.0181824942729456,1.4592870391256159,0.37066666666666664,0.176,0.608,0.216,10.445333333333334,0.05848310887056482,-0.03671942971678456,"{""2023"": -0.0033007821714778145, ""2024"": 0.035005324832251675, ""2025"": 0.00520600569870957, ""2026"": 0.00017749106738262248}","{""2023"": 0.8729160872106008, ""2024"": 2.480411655345364, ""2025"": 1.24281078580116, ""2026"": 1.0067399042549448}"
500,0.8,signal_lower_wick,validation,5,350,0.0047976234968554595,-0.01767951459807585,1.2080994449068898,0.36857142857142855,0.18,0.58,0.24,10.725714285714286,0.050352344060039106,-0.035938234692657035,"{""2023"": 0.0018674208436232707, ""2024"": 0.001509060196662461, ""2025"": 0.009704751772459868, ""2026"": 0.016465506994514177}","{""2023"": 1.078671598225771, ""2024"": 1.0596269610451876, ""2025"": 1.4737733711807168, ""2026"": 1.884058540541627}"
500,0.8,signal_body_recovery,discovery,1,451,0.004192794835719221,-0.0209627651998297,1.165033639510554,0.3991130820399113,0.2106430155210643,0.5521064301552107,0.23725055432372505,11.1019955654102,0.05147665058470787,-0.040018095814755475,"{""2019"": 0.017226971205037345, ""2020"": -0.005543431020224137, ""2021"": 0.006653298491339572, ""2022"": -0.011780495052202212}","{""2019"": 1.9561195359372705, ""2020"": 0.8328659589397448, ""2021"": 1.2802099639253859, ""2022"": 0.6385934515472803}"
500,0.8,signal_body_recovery,discovery,2,450,0.004992542349203246,-0.016365344255879502,1.2114200022741666,0.3711111111111111,0.16444444444444445,0.5755555555555556,0.26,10.848888888888888,0.05218741855485212,-0.03721993381091,"{""2019"": 0.017316130704895807, ""2020"": -0.0024088058907228652, ""2021"": 0.00953455613038244, ""2022"": -0.0082328625943635}","{""2019"": 2.060660329107001, ""2020"": 0.9156712050883323, ""2021"": 1.420508891462404, ""2022"": 0.7223287679749365}"
500,0.8,signal_body_recovery,discovery,3,451,-0.006386154251373247,-0.0251769099709582,0.7671736577814943,0.3215077605321508,0.1197339246119734,0.6097560975609756,0.270509977827051,10.594235033259423,0.04588630398499688,-0.04198261740218268,"{""2019"": 0.0087019262226192, ""2020"": 0.0090372424162018, ""2021"": -0.01288894508054925, ""2022"": -0.02160825580484963}","{""2019"": 1.4614914654445703, ""2020"": 1.3205602891535628, ""2021"": 0.5535326890897009, ""2022"": 0.3541897584389889}"
500,0.8,signal_body_recovery,discovery,4,451,0.0006107572041944407,-0.0185779773954702,1.025894252725939,0.352549889135255,0.164079822616408,0.5742793791574279,0.2616407982261641,10.913525498891353,0.04931329712316683,-0.03598159076145667,"{""2019"": 0.007024785374195588, ""2020"": -1.0496993256619166e-05, ""2021"": 0.004023824616553422, ""2022"": -0.008226915720254746}","{""2019"": 1.362479747012832, ""2020"": 0.9995981257146711, ""2021"": 1.1985455673369763, ""2022"": 0.7169846945235768}"
500,0.8,signal_body_recovery,discovery,5,452,-0.009272252704723262,-0.0237043739336986,0.6897424290440997,0.3053097345132743,0.1261061946902655,0.6592920353982301,0.21460176991150443,10.06858407079646,0.042859248217323696,-0.043487437911488014,"{""2019"": 0.011571824050281107, ""2020"": -0.009588139827450649, ""2021"": -0.0004309961614559398, ""2022"": -0.02829806761643792}","{""2019"": 1.6150426309320245, ""2020"": 0.7429609302216074, ""2021"": 0.9809260978545747, ""2022"": 0.26122143622241517}"
500,0.8,signal_body_recovery,validation,1,397,0.0034018094440835182,-0.0142032913277753,1.1456553005573111,0.3879093198992443,0.17884130982367757,0.5591939546599496,0.2619647355163728,11.012594458438286,0.05167100678797407,-0.03742872565434207,"{""2023"": 0.011479730612752514, ""2024"": -0.009608234737357202, ""2025"": 0.0044038782212481465, ""2026"": 0.007040083971010922}","{""2023"": 1.5481066653998214, ""2024"": 0.6852814023175509, ""2025"": 1.2062752887759385, ""2026"": 1.3629385547586477}"
500,0.8,signal_body_recovery,validation,2,355,0.01657104079609707,-0.01596807376261,1.715315473817647,0.4084507042253521,0.22535211267605634,0.5464788732394367,0.22816901408450704,10.51549295774648,0.06098019660999358,-0.03567096395913408,"{""2023"": 0.009334396112555267, ""2024"": 0.024511403463205468, ""2025"": 0.017543582318255996, ""2026"": 8.443813466906699e-05}","{""2023"": 1.3900685247502313, ""2024"": 1.9119377684409435, ""2025"": 2.0108719974300517, ""2026"": 1.0033045961447358}"
500,0.8,signal_body_recovery,validation,3,371,0.006993627348502687,-0.0161675990536604,1.3025238001735209,0.40161725067385445,0.18598382749326145,0.5579514824797843,0.2560646900269542,11.161725067385445,0.05235305797657497,-0.03614058461324596,"{""2023"": 0.0017496149421690264, ""2024"": 0.009121661799365006, ""2025"": 0.012429277612977171, ""2026"": 0.004529768730508215}","{""2023"": 1.067664086621846, ""2024"": 1.3962824665381863, ""2025"": 1.613596653245155, ""2026"": 1.219867062299518}"
500,0.8,signal_body_recovery,validation,4,386,0.02004889775744871,-0.0169600775035599,1.9065184752326696,0.36528497409326427,0.15284974093264247,0.5958549222797928,0.25129533678756477,10.44041450777202,0.06748100588577045,-0.03442543353813439,"{""2023"": 0.003943996377216501, ""2024"": 0.00462460491345385, ""2025"": 0.06750430380698932, ""2026"": -0.007408978197926681}","{""2023"": 1.192169873764235, ""2024"": 1.2178829037546106, ""2025"": 3.9437871967460083, ""2026"": 0.734782388266557}"
500,0.8,signal_body_recovery,validation,5,384,0.0023153343813647385,-0.0165931600632738,1.1048106444903736,0.3723958333333333,0.15364583333333334,0.546875,0.2994791666666667,11.033854166666666,0.04865726751166081,-0.03514259796954965,"{""2023"": 0.0027963704831871633, ""2024"": 0.0003227186645221552, ""2025"": 0.009434176783118475, ""2026"": -0.013569734230560269}","{""2023"": 1.121012977345358, ""2024"": 1.0140314626428772, ""2025"": 1.555237966320095, ""2026"": 0.5562700758715379}"
500,0.8,deceleration_1v3,discovery,1,440,-0.0006420156782160784,-0.0258858772241991,0.9783295875170828,0.3409090909090909,0.17272727272727273,0.6090909090909091,0.21818181818181817,10.411363636363637,0.05363450778588532,-0.04507567410381886,"{""2019"": 0.00450533606653984, ""2020"": -0.011535794503103996, ""2021"": 0.009377135852805116, ""2022"": -0.004948303494510842}","{""2019"": 1.205408742844982, ""2020"": 0.6886017327344922, ""2021"": 1.3607800123051, ""2022"": 0.8556961110407305}"
500,0.8,deceleration_1v3,discovery,2,438,-0.004052481787087241,-0.02072607151793215,0.8400681411032681,0.3470319634703196,0.12100456621004566,0.5844748858447488,0.2945205479452055,11.333333333333334,0.044652509183957106,-0.03872562615766517,"{""2019"": 0.007477227632818423, ""2020"": -0.003219112938293924, ""2021"": -0.00674487614186236, ""2022"": -0.016314051358986028}","{""2019"": 1.3709665803714832, ""2020"": 0.8883684618626311, ""2021"": 0.7161572692560492, ""2022"": 0.47913165013320475}"
500,0.8,deceleration_1v3,discovery,3,439,0.0011962155570212952,-0.0143261342908206,1.0605160387355936,0.35079726651480636,0.15945330296127563,0.5854214123006833,0.255125284738041,10.275626423690206,0.0409517561993083,-0.031235607388310417,"{""2019"": 0.013899225157324384, ""2020"": 0.008635698889068432, ""2021"": -0.0016816491975127584, ""2022"": -0.014747960934801033}","{""2019"": 2.08992147050234, ""2020"": 1.396710067822252, ""2021"": 0.915842250010819, ""2022"": 0.44538420909227283}"
500,0.8,deceleration_1v3,discovery,4,439,-0.002176432755915358,-0.0210887324907095,0.9123945464032195,0.33940774487471526,0.13439635535307518,0.6059225512528473,0.25968109339407747,10.715261958997722,0.046459711980558,-0.03824622415441183,"{""2019"": 0.007470539202395308, ""2020"": 0.007805833958535422, ""2021"": 0.007236759239780599, ""2022"": -0.022155231816953246}","{""2019"": 1.3723515015769325, ""2020"": 1.3235149758063658, ""2021"": 1.3619021050579037, ""2022"": 0.32324064484675913}"
500,0.8,deceleration_1v3,discovery,5,440,-0.008606131096313757,-0.0287956486303131,0.736682641205172,0.30454545454545456,0.13636363636363635,0.6454545454545455,0.21818181818181817,10.172727272727272,0.051053300337875834,-0.04814820508435597,"{""2019"": 0.006278723508894806, ""2020"": -0.00678858116652897, ""2021"": -0.0004394633202851876, ""2022"": -0.021913527403924844}","{""2019"": 1.2899941325018052, ""2020"": 0.8190480899787997, ""2021"": 0.985698404803741, ""2022"": 0.4195765466041983}"
500,0.8,deceleration_1v3,validation,1,350,0.015400920055684653,-0.0182637773928458,1.6069277559770283,0.4057142857142857,0.18857142857142858,0.5428571428571428,0.26857142857142857,11.405714285714286,0.06800842691285038,-0.04084748968269823,"{""2023"": 0.011644530164046702, ""2024"": 0.027901627651191304, ""2025"": 0.012972264739325112, ""2026"": 0.0005766999547397456}","{""2023"": 1.520296152170876, ""2024"": 1.8585992460837117, ""2025"": 1.601567351497047, ""2026"": 1.0205064482458839}"
500,0.8,deceleration_1v3,validation,2,434,0.0051565172290999,-0.01293773057306285,1.2320517114164462,0.41244239631336405,0.20967741935483872,0.532258064516129,0.25806451612903225,11.06221198156682,0.04729163456505832,-0.034474899871733244,"{""2023"": 0.0005575600746532418, ""2024"": 0.0015165732653579073, ""2025"": 0.009048225520318351, ""2026"": 0.02194479476364238}","{""2023"": 1.0214902046008403, ""2024"": 1.0636668790596393, ""2025"": 1.4843895646121703, ""2026"": 2.5049084973867486}"
500,0.8,deceleration_1v3,validation,3,403,0.003745923282881121,-0.0130399496195798,1.1958657103315664,0.369727047146402,0.14640198511166252,0.5905707196029777,0.2630272952853598,10.468982630272953,0.04297516235443332,-0.029928023097065284,"{""2023"": 0.0022585280613064964, ""2024"": 0.0031212402167952753, ""2025"": 0.007125525026748058, ""2026"": -3.331034590442055e-05}","{""2023"": 1.1083626154126252, ""2024"": 1.1453115258372106, ""2025"": 1.4443676601552877, ""2026"": 0.9976109172197914}"
500,0.8,deceleration_1v3,validation,4,409,0.011990166640341086,-0.019193926590081,1.5369323898509464,0.3691931540342298,0.15158924205378974,0.5770171149144254,0.2713936430317848,10.665036674816626,0.05826069112879311,-0.034070053370345764,"{""2023"": 0.004167570846601237, ""2024"": 0.00238555269005306, ""2025"": 0.034971461428651554, ""2026"": -0.017712220310677353}","{""2023"": 1.1836649886306034, ""2024"": 1.1057409676627372, ""2025"": 2.7353482652992454, ""2026"": 0.3988565533887968}"
500,0.8,deceleration_1v3,validation,5,297,0.014861955485554868,-0.0223860943773425,1.571301059376074,0.37373737373737376,0.20202020202020202,0.5656565656565656,0.23232323232323232,10.56902356902357,0.07017262988492232,-0.04195001709744866,"{""2023"": 0.01084829457851612, ""2024"": 0.003132636411603021, ""2025"": 0.0529007651016352, ""2026"": -0.01929783257227986}","{""2023"": 1.489225242886629, ""2024"": 1.1186618999535503, ""2025"": 3.1812097534575767, ""2026"": 0.5046996441909767}"
500,0.8,deceleration_2v5,discovery,1,438,-0.004326452188439124,-0.02530536057832555,0.8566749421825192,0.3127853881278539,0.1552511415525114,0.6027397260273972,0.2420091324200913,10.495433789954339,0.051717806982003865,-0.046063251592849505,"{""2019"": 0.00500051395606624, ""2020"": -0.005765680989263393, ""2021"": -0.00014581765510744417, ""2022"": -0.014091838326327478}","{""2019"": 1.2263425429324455, ""2020"": 0.8442003396304888, ""2021"": 0.9947408559895566, ""2022"": 0.5921021468575643}"
500,0.8,deceleration_2v5,discovery,2,438,0.0012690132259166992,-0.0181583350750827,1.0535791848789116,0.363013698630137,0.13470319634703196,0.5844748858447488,0.2808219178082192,11.002283105022832,0.05153828283830656,-0.035799263311170046,"{""2019"": 0.00801961596019903, ""2020"": -0.0016766580240139132, ""2021"": 0.006475450469187788, ""2022"": -0.01139573376177909}","{""2019"": 1.4243178037068378, ""2020"": 0.942243191384818, ""2021"": 1.3107500475698224, ""2022"": 0.619008276672628}"
500,0.8,deceleration_2v5,discovery,3,437,-0.005567668886029679,-0.0184899706488154,0.771625330303779,0.32494279176201374,0.13272311212814644,0.6155606407322655,0.2517162471395881,10.508009153318078,0.03801870693282424,-0.03661975224357703,"{""2019"": 0.004146468656746082, ""2020"": -0.0033154520739292603, ""2021"": -0.005858913743906495, ""2022"": -0.01641594157056131}","{""2019"": 1.2076834469143598, ""2020"": 0.8766229425240035, ""2021"": 0.7363595866376347, ""2022"": 0.443501412712213}"
500,0.8,deceleration_2v5,discovery,4,437,-0.0035426614285679215,-0.0222022638373344,0.8589792289308646,0.33638443935926776,0.14187643020594964,0.6224256292906178,0.23569794050343248,10.155606407322654,0.043153994438337,-0.038006102627412094,"{""2019"": 0.008975278983978848, ""2020"": -0.0023019752589455655, ""2021"": 0.0016611487241020581, ""2022"": -0.01875669267470039}","{""2019"": 1.5021039903906455, ""2020"": 0.9171551830255839, ""2021"": 1.0755865660980526, ""2022"": 0.4205586596707333}"
500,0.8,deceleration_2v5,discovery,5,438,-0.0039689744746580985,-0.02655438585748865,0.8649381190779469,0.3333333333333333,0.1506849315068493,0.6164383561643836,0.2328767123287671,10.61187214611872,0.05115129953735427,-0.04546308934997798,"{""2019"": 0.008787792185244146, ""2020"": 0.002376423009154981, ""2021"": 0.005829211649800825, ""2022"": -0.021360324463664246}","{""2019"": 1.488979065037816, ""2020"": 1.0754807524105756, ""2021"": 1.2155370216419366, ""2022"": 0.42279092240927}"
500,0.8,deceleration_2v5,validation,1,356,-0.0010111909718832342,-0.023958159193124898,0.9621859331346467,0.3539325842696629,0.16573033707865167,0.601123595505618,0.23314606741573032,10.575842696629213,0.05424969426079289,-0.042126030969870575,"{""2023"": 0.005893246061719071, ""2024"": -0.010473017967926823, ""2025"": 0.001772360365435647, ""2026"": -0.0020716394291449077}","{""2023"": 1.2722447891214073, ""2024"": 0.6785200920012694, ""2025"": 1.0699809097981936, ""2026"": 0.9288272040103726}"
500,0.8,deceleration_2v5,validation,2,354,0.009386521482095457,-0.011083210404395551,1.4607622224645977,0.4124293785310734,0.18926553672316385,0.536723163841808,0.2740112994350282,11.330508474576272,0.051886329887689125,-0.03475688659334786,"{""2023"": 0.014222317847668186, ""2024"": 0.0029262234094606775, ""2025"": 0.013123056165993272, ""2026"": 0.0009027033085301577}","{""2023"": 1.75577523173893, ""2024"": 1.1208666985788562, ""2025"": 1.6978712146080936, ""2026"": 1.048286546684942}"
500,0.8,deceleration_2v5,validation,3,408,0.029239983290931325,-0.009160464618969251,2.615514241578513,0.4117647058823529,0.17892156862745098,0.5245098039215687,0.2965686274509804,11.012254901960784,0.06932649114376911,-0.02905595703731157,"{""2023"": 0.0033136236023298955, ""2024"": 0.029240929001681296, ""2025"": 0.06169366646248395, ""2026"": 0.008785852632726911}","{""2023"": 1.1620380476727816, ""2024"": 2.5176522206068226, ""2025"": 4.901599701041012, ""2026"": 1.5989950096112668}"
500,0.8,deceleration_2v5,validation,4,430,0.0035942170434455933,-0.01645364597604125,1.1520707164493547,0.3930232558139535,0.1744186046511628,0.5790697674418605,0.24651162790697675,10.45813953488372,0.04825814956565728,-0.03528364720105984,"{""2023"": 0.0015941110834476104, ""2024"": 0.001222224566621769, ""2025"": 0.008693367582845076, ""2026"": -0.0003467397711469032}","{""2023"": 1.0618463818621573, ""2024"": 1.0493549849266166, ""2025"": 1.4313888077304067, ""2026"": 0.985991016555454}"
500,0.8,deceleration_2v5,validation,5,345,0.0058480156086273384,-0.0207016110788861,1.2289259812594049,0.3565217391304348,0.1855072463768116,0.5681159420289855,0.2463768115942029,10.860869565217392,0.056810256116212245,-0.038799781161767175,"{""2023"": 0.0038034205220372906, ""2024"": 0.005342383840705068, ""2025"": 0.01979617519587245, ""2026"": -0.017749421407229692}","{""2023"": 1.138677982806284, ""2024"": 1.2199741580247716, ""2025"": 2.022232781048036, ""2026"": 0.5285045831081598}"
500,0.8,down_day_count_5,discovery,1,104,-0.0026107785365693252,-0.02602556041638785,0.9007615130797161,0.3269230769230769,0.16346153846153846,0.5961538461538461,0.2403846153846154,10.25,0.04267712975274073,-0.03786231941701628,"{""2019"": 0.0030489235951358597, ""2020"": 0.020183584888303855, ""2021"": 0.0008033374535268725, ""2022"": -0.025451947132925482}","{""2019"": 1.1468221097948221, ""2020"": 1.9030792202711573, ""2021"": 1.028087195685974, ""2022"": 0.3340165214901997}"
500,0.8,down_day_count_5,discovery,2,556,0.0009444749438362027,-0.018236591555427548,1.0382621206171694,0.3579136690647482,0.15827338129496402,0.5701438848920863,0.2715827338129496,11.237410071942445,0.0516950378315712,-0.037764913804479515,"{""2019"": 0.013257410402004004, ""2020"": 0.009785184283359538, ""2021"": 0.0012899275536733938, ""2022"": -0.015552280241441584}","{""2019"": 1.7178935069099048, ""2020"": 1.4365566358841073, ""2021"": 1.0610984538432127, ""2022"": 0.546193445975143}"
500,0.8,down_day_count_5,discovery,4,864,-0.0052239215113820065,-0.022537807251632,0.8102805214873297,0.31828703703703703,0.13773148148148148,0.6331018518518519,0.22916666666666666,10.37962962962963,0.04544201640115868,-0.04099864514651905,"{""2019"": 0.0038265523161172253, ""2020"": -0.005549978645103255, ""2021"": 0.001352369075510656, ""2022"": -0.018576864297853404}","{""2019"": 1.1881448494499722, ""2020"": 0.8351500256561352, ""2021"": 1.0565121616678894, ""2022"": 0.4512316058711351}"
500,0.8,down_day_count_5,discovery,5,664,-0.00421524450015043,-0.0224113146903245,0.8431799493714305,0.3358433734939759,0.13403614457831325,0.6099397590361446,0.2560240963855422,10.259036144578314,0.04617491316056458,-0.042202274910572914,"{""2019"": 0.006392667754803031, ""2020"": -0.007942667798515005, ""2021"": 0.0018699401700122216, ""2022"": -0.014334346986705096}","{""2019"": 1.347105505515962, ""2020"": 0.7662298925524583, ""2021"": 1.0745867513374512, ""2022"": 0.5229319017617103}"
500,0.8,down_day_count_5,validation,1,135,-0.0009044916355141654,-0.0199088999800755,0.9617401781178162,0.37777777777777777,0.17777777777777778,0.5851851851851851,0.23703703703703705,11.303703703703704,0.04607061225412325,-0.036001863071761155,"{""2023"": -0.017078990041559224, ""2024"": 0.0030977507756332415, ""2025"": 0.007557107488540059, ""2026"": -0.013531820582442533}","{""2023"": 0.46605389937220526, ""2024"": 1.1346001330039996, ""2025"": 1.4270872005381958, ""2026"": 0.5495752088842076}"
500,0.8,down_day_count_5,validation,2,502,0.0030496613452099127,-0.015874534921194748,1.1286762291835193,0.3904382470119522,0.1693227091633466,0.5517928286852589,0.2788844621513944,11.199203187250996,0.05032988519768779,-0.03691938094517806,"{""2023"": 0.00463587741868611, ""2024"": -0.006517459262006459, ""2025"": 0.014923808968452674, ""2026"": -0.008966077340968015}","{""2023"": 1.184447850895969, ""2024"": 0.7487605293647591, ""2025"": 1.8087718247175009, ""2026"": 0.6793921432858522}"
500,0.8,down_day_count_5,validation,4,727,0.009591843152158708,-0.016092381532238,1.4214376620845033,0.38514442916093533,0.1815680880330124,0.5570839064649243,0.2613480055020633,10.737276478679505,0.055506935869470614,-0.035636305017297365,"{""2023"": 0.006806050264256939, ""2024"": 0.02138772327912414, ""2025"": 0.004656186212448894, ""2026"": -0.003117472594351833}","{""2023"": 1.3091083014413336, ""2024"": 1.8676394510274428, ""2025"": 1.230443647331792, ""2026"": 0.8837297226084697}"
500,0.8,down_day_count_5,validation,5,529,0.019042992285272273,-0.0148497202307472,1.8792728978279372,0.387523629489603,0.1833648393194707,0.5708884688090737,0.24574669187145556,10.508506616257089,0.06517528468131727,-0.034805583461371005,"{""2023"": 0.009505473612687658, ""2024"": -1.2404315481578942e-05, ""2025"": 0.06040184834130416, ""2026"": 0.0063668424715283955}","{""2023"": 1.4711563547778155, ""2024"": 0.9994902112756097, ""2025"": 3.836376579637184, ""2026"": 1.3345916806482718}"
500,0.8,signal_volume_ratio20,discovery,1,430,-0.0001223942455538226,-0.01800423146784345,0.9949579060324449,0.3674418604651163,0.1325581395348837,0.5790697674418605,0.28837209302325584,11.067441860465117,0.048271577723059886,-0.037929813786760386,"{""2019"": 0.008365959655040658, ""2020"": 0.02611852696000695, ""2021"": -0.013648556547707772, ""2022"": -0.01297442747757767}","{""2019"": 1.4463641878892273, ""2020"": 2.39867355532267, ""2021"": 0.49408244302258736, ""2022"": 0.589602607823029}"
500,0.8,signal_volume_ratio20,discovery,2,430,-0.001278456944849498,-0.0211271647569612,0.9520733093403541,0.34651162790697676,0.1511627906976744,0.6069767441860465,0.24186046511627907,11.193023255813953,0.049418131913420704,-0.04216131854776538,"{""2019"": 0.0013535603813058395, ""2020"": 0.0011570627773137352, ""2021"": 0.010491817727794681, ""2022"": -0.01284302925520654}","{""2019"": 1.060271166761457, ""2020"": 1.0408321352755232, ""2021"": 1.5204367634170353, ""2022"": 0.6258423896730021}"
500,0.8,signal_volume_ratio20,discovery,3,428,-0.0007483743175539626,-0.019445172608928203,0.9698256358872028,0.34579439252336447,0.14719626168224298,0.5841121495327103,0.26869158878504673,10.876168224299066,0.05024552359448549,-0.03794815346742206,"{""2019"": 0.002454797046602406, ""2020"": 0.0029833002115292905, ""2021"": 0.0044765435651640175, ""2022"": -0.01163555158808599}","{""2019"": 1.1193249663382225, ""2020"": 1.1202091928750568, ""2021"": 1.1885368473356435, ""2022"": 0.6176830732274468}"
500,0.8,signal_volume_ratio20,discovery,4,430,-0.009729511551009283,-0.025873956848567352,0.6555713422744842,0.2813953488372093,0.12790697674418605,0.6604651162790698,0.2116279069767442,9.669767441860465,0.0416665317368873,-0.04189991500410741,"{""2019"": 0.0025805317498260776, ""2020"": -0.008080410046444273, ""2021"": -0.0012165176993758145, ""2022"": -0.023515080678491625}","{""2019"": 1.148475056549914, ""2020"": 0.7625012885892346, ""2021"": 0.9491239275151268, ""2022"": 0.3191774385119026}"
500,0.8,signal_volume_ratio20,discovery,5,430,-0.009814598178158862,-0.0270622208542587,0.6780304342723742,0.29069767441860467,0.13953488372093023,0.6511627906976745,0.20930232558139536,9.551162790697674,0.0421993950283979,-0.04380104812598055,"{""2019"": 0.0013080070559115776, ""2020"": -0.01846359813156389, ""2021"": 0.0052118516463032115, ""2022"": -0.020984950065644933}","{""2019"": 1.0613219305483879, ""2020"": 0.5481699280053817, ""2021"": 1.2165717758860777, ""2022"": 0.3678397407626604}"
500,0.8,signal_volume_ratio20,validation,1,385,-0.0017410949466432806,-0.018945862275449,0.9280205221909512,0.34285714285714286,0.12727272727272726,0.6103896103896104,0.2623376623376623,10.506493506493506,0.04595745608638313,-0.03719164606497547,"{""2023"": -0.006102421039997538, ""2024"": -0.005350488444616318, ""2025"": 0.008288198158755283, ""2026"": 0.00027333559733742723}","{""2023"": 0.7711667672384132, ""2024"": 0.7749790974800196, ""2025"": 1.3820452229961104, ""2026"": 1.0113805880582831}"
500,0.8,signal_volume_ratio20,validation,2,394,0.016133203774478494,-0.01414227590840925,1.7398072405607374,0.38578680203045684,0.1700507614213198,0.5558375634517766,0.27411167512690354,10.639593908629442,0.062206028573137534,-0.03306842765015047,"{""2023"": 0.00010236802296957978, ""2024"": 0.012495398100328445, ""2025"": 0.0450641060612513, ""2026"": -0.0038426668459389255}","{""2023"": 1.0041470833928088, ""2024"": 1.6145777890080113, ""2025"": 3.1959941170790196, ""2026"": 0.8151852305185927}"
500,0.8,signal_volume_ratio20,validation,3,368,0.01571382333942986,-0.0139537304163872,1.7456370233093603,0.4076086956521739,0.1956521739130435,0.5217391304347826,0.2826086956521739,10.97554347826087,0.06158642880844051,-0.03432696583750252,"{""2023"": 0.013038940526317115, ""2024"": -0.0014389429804906252, ""2025"": 0.04198213779185731, ""2026"": 0.004590424871743495}","{""2023"": 1.6109214260901534, ""2024"": 0.9411547280434018, ""2025"": 3.6554173127288454, ""2026"": 1.1890246793935906}"
500,0.8,signal_volume_ratio20,validation,4,390,0.005299875318949165,-0.0156079621067109,1.243773210376792,0.3923076923076923,0.2,0.5692307692307692,0.23076923076923078,10.733333333333333,0.048641530721888544,-0.03495893493857136,"{""2023"": 0.015139115350041367, ""2024"": -0.0019482952586568078, ""2025"": 0.008588766296509554, ""2026"": -0.012557133956734886}","{""2023"": 1.7445887812416156, ""2024"": 0.9241658499560408, ""2025"": 1.4752252287658767, ""2026"": 0.5235489867621013}"
500,0.8,signal_volume_ratio20,validation,5,356,0.013820329828770081,-0.020585153133840052,1.549527551326417,0.40730337078651685,0.20224719101123595,0.547752808988764,0.25,11.379213483146067,0.06314495607570655,-0.03960526928199155,"{""2023"": 0.006991715229838568, ""2024"": 0.028048084084749726, ""2025"": 0.007696865082387661, ""2026"": 0.004781382132890412}","{""2023"": 1.3380200237299986, ""2024"": 1.9201005928440498, ""2025"": 1.3378574861345185, ""2026"": 1.1818609043945738}"
