year,rank_cap,sleeve,entry_variant,sizing_method,position_cap,total_return,max_drawdown,sharpe,avg_exposure,trades,profit_factor,mean_trade,avg_entry_hhi,avg_largest_new_equity_weight,avg_deployment_ratio,residual_budget_day_fraction,cash_constrained_fraction,entry_days
2021,300,fresh,hold_then_enter,baseline_pro_rata,uncapped_v1,0.0956871558338801,-0.0797013395502284,0.8613459501481904,0.92229849203229,366,1.2101007691166883,0.004535359800281,0.5953601741273088,0.0695724668747261,1.0,0.0,1.0,137
2021,300,fresh,hold_then_enter,baseline_pro_rata,50pct,0.0956871558338801,-0.0797013395502284,0.8613459501481904,0.92229849203229,366,1.2101007691166883,0.004535359800281,0.5953601741273088,0.0695724668747261,1.0,0.0,1.0,137
2021,300,fresh,hold_then_enter,baseline_pro_rata,33pct,0.1303634959374051,-0.0789780912726133,1.1484645795899544,0.917764900753988,366,1.210100769116688,0.004535359800281,0.5953601741273088,0.0717149377197608,0.9936721031894872,0.0510948905109489,1.0,137
2021,300,fresh,hold_then_enter,baseline_pro_rata,25pct,0.142828218929627,-0.0807650272858223,1.2503249018124458,0.9141078165600196,368,1.2130968795750292,0.004578271545311,0.5926309651886303,0.0718014445108547,0.9797182157688356,0.072463768115942,1.0,138
2021,300,fresh,hold_then_enter,baseline_pro_rata,20pct,0.1552977739483902,-0.084801595760547,1.343369029453081,0.9106565156526016,371,1.2090718398929456,0.0044793779804044,0.5915700850134603,0.0688383514378364,0.9648939710990584,0.1071428571428571,1.0,140
2021,300,fresh,hold_then_enter,baseline_pro_rata,10pct,0.1800933998942377,-0.0770864175583666,1.5678128964765723,0.885575431042439,389,1.237791258741515,0.0049837814418795,0.5803529996678329,0.0606519568651265,0.8783273949053395,0.2777777777777778,1.0,144
2021,300,fresh,hold_then_enter,width_age_borda,uncapped_v1,0.0814420620903304,-0.0807426310680683,0.7396803377870284,0.9188731237445772,366,1.210100769116689,0.004535359800281,0.5921987210728933,0.0721384141265316,1.0,0.0,1.0,137
2021,300,fresh,hold_then_enter,width_age_borda,50pct,0.0854537216239101,-0.0796447548658151,0.7768229329568429,0.9178058566555176,366,1.2101007691166883,0.004535359800281,0.5921987210728933,0.0729120639216729,0.9994634243654292,0.0145985401459854,1.0,137
2021,300,fresh,hold_then_enter,width_age_borda,33pct,0.1159776348379637,-0.0754493983158598,1.0478417989893547,0.912060303841466,366,1.2101007691166883,0.004535359800281,0.5919228828744146,0.0741075121616576,0.9898717086341028,0.0510948905109489,1.0,137
2021,300,fresh,hold_then_enter,width_age_borda,25pct,0.1387842134938934,-0.0812953122834067,1.2355633792910556,0.9075706607287906,368,1.2130968795750303,0.004578271545311,0.5888998194441898,0.073863771634949,0.9758598826873328,0.072463768115942,1.0,138
2021,300,fresh,hold_then_enter,width_age_borda,20pct,0.1551324551428969,-0.0850405578427669,1.3583270304671329,0.9040451803719944,371,1.2090718398929454,0.0044793779804044,0.5881628541076014,0.0706910306384914,0.9609501966247738,0.1071428571428571,1.0,140
2021,300,fresh,hold_then_enter,width_age_borda,10pct,0.1799375334156365,-0.0808805979127761,1.5747967188385017,0.8778782729394659,391,1.2361163617312685,0.0049413768001416,0.5795916413773643,0.0623670885043357,0.8733401026596547,0.3103448275862069,1.0,145
2021,300,fresh,no_new_low_green,baseline_pro_rata,uncapped_v1,0.1132006322520249,-0.08408504771942,0.9662087388104244,0.9135679876303492,245,1.1359208045697835,0.0030233793078388,0.600570280266195,0.0975561349165227,1.0,0.0,1.0,99
2021,300,fresh,no_new_low_green,baseline_pro_rata,50pct,0.120292118007186,-0.0835948797135088,1.027507716680361,0.9121799857339682,245,1.135920804569783,0.0030233793078388,0.600570280266195,0.0991175999878533,0.9992153728898318,0.0101010101010101,1.0,99
2021,300,fresh,no_new_low_green,baseline_pro_rata,33pct,0.1387023706655008,-0.086052263702164,1.1941393937877545,0.9081240820937152,273,1.2116420299629371,0.0044999378940789,0.5911780392530314,0.0898986996827424,0.990205431942696,0.045045045045045,1.0,111
2021,300,fresh,no_new_low_green,baseline_pro_rata,25pct,0.1339289348818129,-0.0891293071458878,1.1810118569048325,0.9027688769489478,275,1.2062028113986614,0.0043720299710255,0.5903639496168436,0.088837484865423,0.9801254198082032,0.0625,1.0,112
2021,300,fresh,no_new_low_green,baseline_pro_rata,20pct,0.1378885254840303,-0.0934655814798282,1.213042109154342,0.9006162005072447,291,1.276145804892643,0.0057162598239745,0.591672294068663,0.0795627126190099,0.97046334965794,0.1092436974789916,0.9915966386554622,119
2021,300,fresh,no_new_low_green,baseline_pro_rata,10pct,0.2064964060436216,-0.0782577131587249,1.8372860585060924,0.8592598787979285,332,1.2415961155399362,0.0051054256409387,0.5870620425006767,0.067687675015873,0.8738094239423021,0.3282442748091603,0.9923664122137404,131
2021,300,fresh,no_new_low_green,width_age_borda,uncapped_v1,0.1072091700800661,-0.0808645675235988,0.9221790530290006,0.9099093636315858,245,1.135920804569784,0.0030233793078388,0.5981654094484782,0.1002896837044476,1.0,0.0,1.0,99
2021,300,fresh,no_new_low_green,width_age_borda,50pct,0.11131677450736,-0.0803670755342064,0.9578230064753592,0.9091467814954136,245,1.1359208045697844,0.0030233793078388,0.5981654094484783,0.1010895618561425,0.9995608911154424,0.0101010101010101,1.0,99
2021,300,fresh,no_new_low_green,width_age_borda,33pct,0.1362040922428355,-0.0828449529994583,1.17319248528877,0.905474919356578,273,1.2116420299629385,0.0044999378940789,0.5888774460401445,0.0916141645353968,0.991284131662193,0.045045045045045,1.0,111
2021,300,fresh,no_new_low_green,width_age_borda,25pct,0.1390828205926613,-0.0831648066672164,1.226699835722892,0.8994951128104299,273,1.211642029962938,0.0044999378940789,0.5888774460401445,0.0909390151576163,0.9801007789828016,0.063063063063063,1.0,111
2021,300,fresh,no_new_low_green,width_age_borda,20pct,0.1430653404816608,-0.0877816965323569,1.2592329277667482,0.8968165966413401,291,1.2761458048926422,0.0057162598239745,0.5908090431939972,0.080875240221658,0.9681746132718624,0.134453781512605,0.9915966386554622,119
2021,300,fresh,no_new_low_green,width_age_borda,10pct,0.1736549721185865,-0.0817014502160387,1.5551252748225368,0.857042726673284,334,1.2513557788450151,0.0052818377818321,0.5996532823972712,0.0691366171797205,0.8725518265756675,0.3432835820895522,0.9925373134328358,134
2021,300,wide_fresh,hold_then_enter,baseline_pro_rata,uncapped_v1,0.3078037646964886,-0.0960486161492194,1.7127473942440403,0.8765258473236539,150,1.5715066313692023,0.0141849788372712,0.7074180083896293,0.1691871938028666,1.0,0.0,0.9506172839506172,81
2021,300,wide_fresh,hold_then_enter,baseline_pro_rata,50pct,0.3645331934751115,-0.0960486161492194,1.8943284660199,0.8801193818213794,150,1.5715066313692032,0.0141849788372713,0.7066365205107675,0.160635413146627,1.0,0.0,0.9506172839506172,81
2021,300,wide_fresh,hold_then_enter,baseline_pro_rata,33pct,0.2763512599250843,-0.0969579312561426,1.6158864141939255,0.8734742431248438,159,1.55381655495633,0.0135282039775727,0.7033749585425816,0.1542883691269605,0.9713744846197894,0.127906976744186,0.9534883720930232,86
2021,300,wide_fresh,hold_then_enter,baseline_pro_rata,25pct,0.2473226794873924,-0.0949075861249797,1.501597755645398,0.8650290360937253,171,1.5537550378792298,0.0134796939309252,0.723765135658046,0.1362717945275156,0.9267617570266092,0.28125,0.96875,96
2021,300,wide_fresh,hold_then_enter,baseline_pro_rata,20pct,0.2357258659484009,-0.1131974036698837,1.4666343115334524,0.8506577396018306,176,1.5073935013805502,0.0124480941540447,0.7077087261305363,0.1279991590226504,0.8797824488590897,0.3505154639175257,0.979381443298969,97
2021,300,wide_fresh,hold_then_enter,baseline_pro_rata,10pct,0.1885839169106218,-0.0971092741742425,1.4081199178374055,0.7353143248556281,202,1.3641834156997137,0.0091634476153715,0.7189328493585647,0.0919061443779946,0.5659951898090259,0.7543859649122807,0.9473684210526316,114
2021,300,wide_fresh,hold_then_enter,confirmation_borda,uncapped_v1,0.3247015583823571,-0.1211458257157285,1.7288560530011234,0.8686277313778665,150,1.5715066313692023,0.0141849788372712,0.7218583623223591,0.1952987216222537,1.0,0.0,0.9629629629629628,81
2021,300,wide_fresh,hold_then_enter,confirmation_borda,50pct,0.3703899061974132,-0.1038775169132506,1.9009682929883485,0.8719621452940738,150,1.5715066313692034,0.0141849788372713,0.7208919283184194,0.185603555809398,1.0,0.0,0.9629629629629628,81
2021,300,wide_fresh,hold_then_enter,confirmation_borda,33pct,0.2765563599660354,-0.1002839943039127,1.5993514103983215,0.8626879527014247,163,1.5127440454680623,0.0125492753018787,0.7250413755088566,0.1702702558904339,0.9657909836941266,0.2,0.9555555555555556,90
2021,300,wide_fresh,hold_then_enter,confirmation_borda,25pct,0.2651848114008093,-0.0905235189209836,1.5828766215258878,0.8546647090391875,170,1.5718355348488633,0.0138406382165512,0.7344786392398516,0.1541685550139173,0.9195879181240396,0.2631578947368421,0.9789473684210528,95
2021,300,wide_fresh,hold_then_enter,confirmation_borda,20pct,0.2320231023497905,-0.1179206287234198,1.4330099673656356,0.8354125546247327,174,1.5489166714136955,0.0133761888803295,0.7240346059231169,0.1449398131315171,0.861079989006303,0.3917525773195876,0.9690721649484536,97
2021,300,wide_fresh,hold_then_enter,confirmation_borda,10pct,0.1887260866390769,-0.0939121088994722,1.4292456288301212,0.7353942441703872,203,1.382527347563443,0.0095775969579406,0.7259507626588688,0.0914205178119,0.5742943706862726,0.7652173913043478,0.9565217391304348,115
2022,300,fresh,hold_then_enter,baseline_pro_rata,uncapped_v1,-0.2475003326993559,-0.3081665975839663,-1.074548779034742,0.866297540681457,412,0.5739288119017061,-0.0117121001245295,0.5185114327388608,0.0997030509629273,1.0,0.0,0.9658119658119658,117
2022,300,fresh,hold_then_enter,baseline_pro_rata,50pct,-0.2462105996985761,-0.3067873375847584,-1.091467829866516,0.8666572942232479,415,0.5753455748754691,-0.0117291695793781,0.5169421268116953,0.0942125754470487,0.9935945008143507,0.0254237288135593,0.9661016949152542,118
2022,300,fresh,hold_then_enter,baseline_pro_rata,33pct,-0.2483876160186913,-0.303832221557904,-1.228633858659296,0.8566353623724183,432,0.5735601311022477,-0.0116381269170873,0.5168731113064128,0.0889856632474542,0.9748426823241524,0.0666666666666666,0.9666666666666668,120
2022,300,fresh,hold_then_enter,baseline_pro_rata,25pct,-0.2560683773167613,-0.3018977323036715,-1.3219385530467322,0.8487840033251737,445,0.5538171282340073,-0.0123676032348488,0.515295509358828,0.0842869723439401,0.9571463625979062,0.1129032258064516,0.967741935483871,124
2022,300,fresh,hold_then_enter,baseline_pro_rata,20pct,-0.2664788634290251,-0.3063911364661172,-1.4224120221190637,0.8387582161479278,448,0.5468908315237225,-0.0126334869914057,0.5167501283478918,0.0805029203776553,0.9368787858120786,0.1507936507936507,0.9603174603174603,126
2022,300,fresh,hold_then_enter,baseline_pro_rata,10pct,-0.2287919030644338,-0.2838648111045383,-1.2980555059791108,0.7988084639882935,498,0.6136825387886178,-0.0106229360095381,0.5050445543969526,0.0618607147105511,0.8190942489985906,0.3555555555555555,0.9629629629629628,135
2022,300,fresh,hold_then_enter,width_age_borda,uncapped_v1,-0.2424544006161921,-0.3101140557772791,-1.0186230594072363,0.8662303054180106,412,0.573928811901706,-0.0117121001245295,0.5240282422420272,0.1027107401911861,1.0,0.0,0.9658119658119658,117
2022,300,fresh,hold_then_enter,width_age_borda,50pct,-0.2401691785407601,-0.3076886633792383,-1.0260492132637655,0.866664295757619,415,0.5753455748754692,-0.0117291695793781,0.5224416093040062,0.0975224407325013,0.9934650093210362,0.0254237288135593,0.9661016949152542,118
2022,300,fresh,hold_then_enter,width_age_borda,33pct,-0.2378665706085795,-0.3028040126338543,-1.1211920140136873,0.8548253684592352,435,0.5678182688088231,-0.0118319350388745,0.5241228034632006,0.0936612086442607,0.9717296779346174,0.0991735537190082,0.9669421487603306,121
2022,300,fresh,hold_then_enter,width_age_borda,25pct,-0.2485634420399575,-0.3020346171110315,-1.219770478560069,0.8396688736884232,444,0.554178160824585,-0.0123773595258464,0.5239487695327832,0.0878021906033683,0.950675321508006,0.128,0.968,125
2022,300,fresh,hold_then_enter,width_age_borda,20pct,-0.2624163218668826,-0.311065242276074,-1.3571774399344554,0.8318478760383526,454,0.5366328609143451,-0.0129924531444274,0.5185580289096562,0.0822409717506129,0.9305655378111288,0.1653543307086614,0.9606299212598424,127
2022,300,fresh,hold_then_enter,width_age_borda,10pct,-0.228484851410612,-0.2814570630536673,-1.2637567679141597,0.7871125222279821,498,0.6136825387886181,-0.0106229360095381,0.5072253056506904,0.0631778642691991,0.8119726390577733,0.3703703703703703,0.9629629629629628,135
2022,300,fresh,no_new_low_green,baseline_pro_rata,uncapped_v1,-0.2421520735393335,-0.3104927757082807,-1.009888271480859,0.8423868325447851,263,0.7257726524482044,-0.0069419484660063,0.6045825831040083,0.1394835310210861,1.0,0.0,0.9662921348314608,89
2022,300,fresh,no_new_low_green,baseline_pro_rata,50pct,-0.1964039792187988,-0.252571073363048,-0.976487526900443,0.8445815777240554,294,0.6407007675642111,-0.0095675863931903,0.5972983656304205,0.1193715291963767,0.9879212969389816,0.0306122448979591,0.9693877551020408,98
2022,300,fresh,no_new_low_green,baseline_pro_rata,33pct,-0.1950476781699057,-0.2476633577071488,-1.0421944795901237,0.8454128607930853,299,0.6252004800881586,-0.0100567397728443,0.5935097177172064,0.1077767965476668,0.9705971126722724,0.0808080808080808,0.9696969696969696,99
2022,300,fresh,no_new_low_green,baseline_pro_rata,25pct,-0.1737968884500978,-0.2413374690993611,-0.9396774631191096,0.8417581551904191,302,0.6617128390831344,-0.0090375116465181,0.5900763478785127,0.1003804240576273,0.9528820746159616,0.1188118811881188,0.9702970297029704,101
2022,300,fresh,no_new_low_green,baseline_pro_rata,20pct,-0.1524079630473692,-0.2337512359971736,-0.8102116245716524,0.8382975135613894,335,0.6225398488423523,-0.0100271183782846,0.5814152779324736,0.0917953431893325,0.9323109918465023,0.2,0.9714285714285714,105
2022,300,fresh,no_new_low_green,baseline_pro_rata,10pct,-0.1885895550730695,-0.2465434752384581,-1.1288219153784071,0.7588623244947712,495,0.5318912323405681,-0.0136336734602433,0.560593954912684,0.0665192076852326,0.7664184787542341,0.4776119402985074,0.9626865671641792,134
2022,300,fresh,no_new_low_green,width_age_borda,uncapped_v1,-0.2433883755738509,-0.3081579821396311,-0.9951249551142088,0.8302540263679834,263,0.7257726524482048,-0.0069419484660063,0.6068539096754485,0.1507087263949557,1.0,0.0,0.9550561797752808,89
2022,300,fresh,no_new_low_green,width_age_borda,50pct,-0.202500102828785,-0.2533684317518319,-0.9939721595935086,0.8347062785210305,294,0.6407007675642109,-0.0095675863931903,0.6002514477970522,0.128617551160051,0.9867739292986312,0.0408163265306122,0.9591836734693876,98
2022,300,fresh,no_new_low_green,width_age_borda,33pct,-0.2079099943357064,-0.2533530955392084,-1.103117957576697,0.8356218959213302,301,0.6312138062240179,-0.0098699890328019,0.5953186410633333,0.1137829191245966,0.966784695178671,0.09,0.97,100
2022,300,fresh,no_new_low_green,width_age_borda,25pct,-0.1874240822239234,-0.2458191602030658,-1.002826423858866,0.8323485948946333,331,0.6274101199498993,-0.0099395915266849,0.5883342874830276,0.1030582973546258,0.9479187951139184,0.1346153846153846,0.971153846153846,104
2022,300,fresh,no_new_low_green,width_age_borda,20pct,-0.1664841837705494,-0.2356203922233457,-0.876835750870803,0.8276941848747145,335,0.6225398488423521,-0.0100271183782846,0.5842849098515694,0.0956549530288439,0.9239423970753572,0.1904761904761904,0.9714285714285714,105
2022,300,fresh,no_new_low_green,width_age_borda,10pct,-0.1824996796749423,-0.2411622252009249,-1.0764300724922329,0.764816851309618,453,0.5929356656179992,-0.0112168256150218,0.565077809715084,0.0691382640546371,0.7671193189104105,0.4728682170542636,0.9689922480620154,129
2022,300,wide_fresh,hold_then_enter,baseline_pro_rata,uncapped_v1,-0.1736621426061676,-0.2571112720766078,-0.5388722512665675,0.8476065950319489,189,0.7176754085283982,-0.0086695718980023,0.5982536462614761,0.149989337068368,1.0,0.0,0.9444444444444444,72
2022,300,wide_fresh,hold_then_enter,baseline_pro_rata,50pct,-0.1746589655667838,-0.2318616789254551,-0.599819039029419,0.8400062727462986,217,0.6987597226436301,-0.0094629732183344,0.5827096656358174,0.1437242793044338,0.9963520077933836,0.0123456790123456,0.9506172839506172,81
2022,300,wide_fresh,hold_then_enter,baseline_pro_rata,33pct,-0.1606372086089665,-0.2235081404072859,-0.5998634826356295,0.806529192604839,241,0.7186391802583183,-0.0090511443921068,0.5880622227144403,0.127635538951263,0.961349678989665,0.1304347826086956,0.9565217391304348,92
2022,300,wide_fresh,hold_then_enter,baseline_pro_rata,25pct,-0.1723457545668708,-0.2342094763404694,-0.6852072598932105,0.788195008418967,247,0.6970978197030535,-0.0098012062475375,0.5825054328904622,0.1218984845908073,0.9374376561901954,0.1702127659574468,0.9574468085106383,94
2022,300,wide_fresh,hold_then_enter,baseline_pro_rata,20pct,-0.1807456766751675,-0.2428246949052904,-0.7510301419638385,0.7737018955082821,250,0.6786696072919605,-0.0105516700368699,0.5836438762873923,0.1120137125808986,0.8959285342884351,0.2783505154639175,0.9690721649484536,97
2022,300,wide_fresh,hold_then_enter,baseline_pro_rata,10pct,-0.1920879518620131,-0.2490091185191012,-0.9108608486187214,0.7090842858797848,297,0.5745478289474396,-0.0148214909052548,0.5883669944214744,0.081109461279348,0.7028154519221967,0.5714285714285714,0.9732142857142856,112
2022,300,wide_fresh,hold_then_enter,confirmation_borda,uncapped_v1,-0.1466489897716449,-0.2408207631426029,-0.439829199110722,0.848935187198154,189,0.717675408528398,-0.0086695718980023,0.6170892122281011,0.1592820082547726,1.0,0.0,0.9444444444444444,72
2022,300,wide_fresh,hold_then_enter,confirmation_borda,50pct,-0.1451820554972941,-0.2264049462651578,-0.4660264659402532,0.8386751092233035,217,0.6987597226436302,-0.0094629732183344,0.6020651583590039,0.1535307597656796,0.997174941222988,0.0123456790123456,0.9382716049382716,81
2022,300,wide_fresh,hold_then_enter,confirmation_borda,33pct,-0.1272594029263827,-0.2061228021752038,-0.4387535946437803,0.8043741107584914,239,0.7273498261401526,-0.0087384085402475,0.6135737965501209,0.1416783443593589,0.9628193929519664,0.108695652173913,0.9565217391304348,92
2022,300,wide_fresh,hold_then_enter,confirmation_borda,25pct,-0.1319589691759283,-0.211962249109797,-0.483343092657908,0.7851166399221301,239,0.727349826140153,-0.0087384085402475,0.6109498229065828,0.1379954726031941,0.9385360112095184,0.1739130434782608,0.9565217391304348,92
2022,300,wide_fresh,hold_then_enter,confirmation_borda,20pct,-0.1311000334870657,-0.2132069267794892,-0.4926613134817791,0.7733147091740652,249,0.698163231095431,-0.0098035810635196,0.6006764159852708,0.1207545553658323,0.9010544720721838,0.2604166666666667,0.96875,96
2022,300,wide_fresh,hold_then_enter,confirmation_borda,10pct,-0.1455919328009145,-0.226805361783061,-0.6307118785746055,0.7198166342633906,293,0.6096908722451807,-0.0131304703967961,0.5905437248235896,0.0849404870064485,0.7196922951853456,0.5405405405405406,0.972972972972973,111
2023,300,fresh,hold_then_enter,baseline_pro_rata,uncapped_v1,0.2562905373047113,-0.1256519463547271,1.5766555489586993,0.906793303639628,469,1.020365174213258,0.0004819343736907,0.5408126192718572,0.0757156836423909,1.0,0.0,0.9931972789115646,147
2023,300,fresh,hold_then_enter,baseline_pro_rata,50pct,0.2562905373047113,-0.1256519463547271,1.5766555489586993,0.906793303639628,469,1.020365174213258,0.0004819343736907,0.5408126192718572,0.0757156836423909,1.0,0.0,0.9931972789115646,147
2023,300,fresh,hold_then_enter,baseline_pro_rata,33pct,0.1958413207759226,-0.1223938375633215,1.3766335642591443,0.9040603133335072,471,1.0097097038120093,0.0002312154170839,0.5469762082749196,0.0748169024914856,0.9928764674613206,0.0402684563758389,1.0,149
2023,300,fresh,hold_then_enter,baseline_pro_rata,25pct,0.1409271701840018,-0.1227834607954061,1.0750398678336337,0.9026909258129332,486,1.0375854955578054,0.0008877882250133,0.5457798539813354,0.0702364014397111,0.980141054364788,0.0718954248366013,1.0,153
2023,300,fresh,hold_then_enter,baseline_pro_rata,20pct,0.1082881775798516,-0.1215923893839127,0.8676441495486098,0.9012635763306348,489,1.0399746616283887,0.0009348423918796,0.5488750182328814,0.0668933490728089,0.9640002604268768,0.1217948717948717,1.0,156
2023,300,fresh,hold_then_enter,baseline_pro_rata,10pct,0.0831227764104112,-0.1077576185484009,0.7337762487030589,0.885507361497105,492,1.0452732753348355,0.0010569632160729,0.5526304739934027,0.0551231785739407,0.8913671016152221,0.2515723270440251,0.9937106918238994,159
2023,300,fresh,hold_then_enter,width_age_borda,uncapped_v1,0.2618213482413312,-0.1360296394075673,1.5829534270169126,0.9126703087139656,469,1.0203651742132571,0.0004819343736907,0.5417205169095041,0.0739820336289624,1.0,0.0,0.9931972789115646,147
2023,300,fresh,hold_then_enter,width_age_borda,50pct,0.2618213482413312,-0.1360296394075673,1.5829534270169126,0.9126703087139656,469,1.0203651742132571,0.0004819343736907,0.5417205169095041,0.0739820336289624,1.0,0.0,0.9931972789115646,147
2023,300,fresh,hold_then_enter,width_age_borda,33pct,0.207354207638676,-0.1248333599121008,1.4309411058226134,0.9084273198105876,471,1.0097097038120095,0.0002312154170839,0.5478719193670947,0.0748433622358943,0.9941199855912444,0.0268456375838926,1.0,149
2023,300,fresh,hold_then_enter,width_age_borda,25pct,0.1533078482354957,-0.1236367088370358,1.143172422595836,0.9060532645201168,486,1.037585495557805,0.0008877882250133,0.5466338241340949,0.0712441358302534,0.982522573301382,0.0784313725490196,1.0,153
2023,300,fresh,hold_then_enter,width_age_borda,20pct,0.1209391470144332,-0.1202957220822683,0.9451651503380712,0.9030679996333536,489,1.0399746616283887,0.0009348423918796,0.5490938192994425,0.0673933215855852,0.9644436585619132,0.1153846153846153,1.0,156
2023,300,fresh,hold_then_enter,width_age_borda,10pct,0.1074379974339212,-0.1060276917455993,0.9090511655460812,0.8837199994851797,492,1.0452732753348355,0.0010569632160729,0.5532197526049627,0.0574061472669842,0.8878695568621412,0.2641509433962264,0.9937106918238994,159
2023,300,fresh,no_new_low_green,baseline_pro_rata,uncapped_v1,0.1815810444125805,-0.1825055733584016,1.066859077040234,0.894792742468712,364,1.12881424538771,0.0029898487874801,0.6000555310246052,0.0826988568718042,1.0,0.0,0.9849624060150376,133
2023,300,fresh,no_new_low_green,baseline_pro_rata,50pct,0.1815810444125805,-0.1825055733584016,1.066859077040234,0.894792742468712,364,1.12881424538771,0.0029898487874801,0.6000555310246052,0.0826988568718042,1.0,0.0,0.9849624060150376,133
2023,300,fresh,no_new_low_green,baseline_pro_rata,33pct,0.1863602548793363,-0.1614985776574864,1.1761192804715406,0.8976136808172185,365,1.119626921766502,0.0027917204395139,0.6030401912408395,0.0782546232496079,0.9941941386276936,0.0223880597014925,0.9925373134328358,134
2023,300,fresh,no_new_low_green,baseline_pro_rata,25pct,0.1736115886436895,-0.1513119390142144,1.153858056288853,0.8933430973787433,366,1.1175705459898029,0.0027412692732321,0.5993088479572574,0.0754794325268991,0.98483385991101,0.0522388059701492,0.9925373134328358,134
2023,300,fresh,no_new_low_green,baseline_pro_rata,20pct,0.1640293537137536,-0.1435602136394855,1.1243408067601317,0.8902892793288547,366,1.117570545989803,0.0027412692732321,0.5986135964031117,0.0742219483527756,0.9753531416670832,0.0746268656716417,0.9925373134328358,134
2023,300,fresh,no_new_low_green,baseline_pro_rata,10pct,0.0842964412048343,-0.1118347641670072,0.6948587586826502,0.8597880152253085,407,1.051929517740505,0.0012237458957141,0.5980392590850975,0.0608683003175495,0.8671863419037427,0.3466666666666667,1.0,150
2023,300,fresh,no_new_low_green,width_age_borda,uncapped_v1,0.1860663703963079,-0.1770384723379366,1.080039090514121,0.8948834338319975,364,1.12881424538771,0.0029898487874801,0.6001932541521383,0.0843761628543024,1.0,0.0,0.9849624060150376,133
2023,300,fresh,no_new_low_green,width_age_borda,50pct,0.1860663703963079,-0.1770384723379366,1.080039090514121,0.8948834338319975,364,1.12881424538771,0.0029898487874801,0.6001932541521383,0.0843761628543024,1.0,0.0,0.9849624060150376,133
2023,300,fresh,no_new_low_green,width_age_borda,33pct,0.1833956413022455,-0.1528113664514471,1.1556017876917282,0.8966715267419023,365,1.1196269217665025,0.0027917204395139,0.6031768865838387,0.0795478105515181,0.9924055689725954,0.0373134328358208,0.9925373134328358,134
2023,300,fresh,no_new_low_green,width_age_borda,25pct,0.1723763765585673,-0.1411570793065073,1.140011929868044,0.891415283398213,366,1.1175705459898029,0.002741269273232,0.5998601369984324,0.0770094622794687,0.9821817293409216,0.0597014925373134,0.9925373134328358,134
2023,300,fresh,no_new_low_green,width_age_borda,20pct,0.1876661136234905,-0.1185194939495233,1.2563062295100187,0.8879264870246433,384,1.110009380542719,0.0025582437882289,0.6021196455016299,0.0739609989950237,0.9753329842642896,0.1007194244604316,0.9928057553956836,139
2023,300,fresh,no_new_low_green,width_age_borda,10pct,0.1083518644853249,-0.1049483904298037,0.8723061115245236,0.861553515863583,396,1.0825429318034316,0.0019175547323275,0.6050822201277118,0.0624761504112709,0.8701052702583183,0.3287671232876712,1.0,146
2023,300,wide_fresh,hold_then_enter,baseline_pro_rata,uncapped_v1,0.1474452508119799,-0.1962436015676274,0.8193567293548986,0.8951934865009328,183,1.322052840051232,0.0087278420550086,0.7000417808801342,0.1399963371708468,1.0,0.0,0.963855421686747,83
2023,300,wide_fresh,hold_then_enter,baseline_pro_rata,50pct,0.1474452508119799,-0.1962436015676274,0.8193567293548986,0.8951934865009328,183,1.322052840051232,0.0087278420550086,0.7000417808801342,0.1399963371708468,1.0,0.0,0.963855421686747,83
2023,300,wide_fresh,hold_then_enter,baseline_pro_rata,33pct,0.149675320301545,-0.1933662612336978,0.8385234461526238,0.8938933491361238,184,1.310312926114909,0.0084389160466756,0.7036127120601327,0.1319745149493794,0.9842848692009,0.0714285714285714,0.9761904761904762,84
2023,300,wide_fresh,hold_then_enter,baseline_pro_rata,25pct,0.1398058119943344,-0.1894874430984653,0.7969212156953647,0.8882313090314082,193,1.226877053659488,0.0063825164936634,0.7011625596972039,0.1201780335870976,0.9670469366903957,0.1348314606741573,0.9887640449438202,89
2023,300,wide_fresh,hold_then_enter,baseline_pro_rata,20pct,0.099880149893234,-0.1865650123150193,0.5996315857316815,0.8785381056971848,203,1.1771872613663006,0.004998471432985,0.6949510759164778,0.1085196901550848,0.9351180934010912,0.21875,0.96875,96
2023,300,wide_fresh,hold_then_enter,baseline_pro_rata,10pct,0.0832714218918306,-0.1532460025771961,0.5865104362016359,0.8136026658395918,232,1.157019245595785,0.0044800946748134,0.7043139189185026,0.0789807401529279,0.7429244053447505,0.5663716814159292,0.9557522123893806,113
2023,300,wide_fresh,hold_then_enter,confirmation_borda,uncapped_v1,0.1466201869325916,-0.1977695179917128,0.7899583253369745,0.8877430806131205,183,1.3220528400512317,0.0087278420550086,0.7139994320717212,0.159318042888402,1.0,0.0,0.963855421686747,83
2023,300,wide_fresh,hold_then_enter,confirmation_borda,50pct,0.1466201869325916,-0.1977695179917128,0.7899583253369745,0.8877430806131205,183,1.3220528400512317,0.0087278420550086,0.7139994320717212,0.159318042888402,1.0,0.0,0.963855421686747,83
2023,300,wide_fresh,hold_then_enter,confirmation_borda,33pct,0.1860624340756853,-0.168868257424767,0.989628299547482,0.877295264905665,189,1.2665269424699062,0.0074097349610742,0.7104452457135618,0.1493621082651123,0.9711316981826638,0.1379310344827586,0.9655172413793104,87
2023,300,wide_fresh,hold_then_enter,confirmation_borda,25pct,0.1335624809647795,-0.173124311456834,0.7551250716517335,0.869766471220703,200,1.1850655419163103,0.0052780111543517,0.7098185296420214,0.1277163415803285,0.9459940840768188,0.2043010752688172,0.956989247311828,93
2023,300,wide_fresh,hold_then_enter,confirmation_borda,20pct,0.1078434439676627,-0.1662817330511267,0.6421764920547643,0.8620847303159203,205,1.179009251896812,0.0050410370810076,0.7155297657907052,0.1180284274632996,0.914648325361374,0.2525252525252525,0.9696969696969696,99
2023,300,wide_fresh,hold_then_enter,confirmation_borda,10pct,0.0618322927589332,-0.1542449691003385,0.4578703861972958,0.8111344692598632,232,1.157019245595785,0.0044800946748134,0.7109864000259128,0.0818531807835911,0.735799607011946,0.6106194690265486,0.9734513274336284,113
2024,300,fresh,hold_then_enter,baseline_pro_rata,uncapped_v1,0.1566197566296296,-0.1001794338505037,1.0124953109203831,0.909734348018706,548,1.035970289271965,0.0007940150048403,0.5098534178182468,0.0566321285211484,1.0,0.0,0.9940828402366864,169
2024,300,fresh,hold_then_enter,baseline_pro_rata,50pct,0.1566197566296296,-0.1001794338505037,1.0124953109203831,0.909734348018706,548,1.035970289271965,0.0007940150048403,0.5098534178182468,0.0566321285211484,1.0,0.0,0.9940828402366864,169
2024,300,fresh,hold_then_enter,baseline_pro_rata,33pct,0.1346170268870352,-0.0928302047841457,0.9487204462188744,0.9046132847687745,553,1.044427666751563,0.0009759396957247,0.5077502835097513,0.0569288245112029,0.9946464973204124,0.0235294117647058,0.9941176470588236,170
2024,300,fresh,hold_then_enter,baseline_pro_rata,25pct,0.115076951569421,-0.0860156706642495,0.8749661962449918,0.9020924403084676,553,1.044427666751563,0.0009759396957247,0.5077290141809279,0.0552833654854716,0.9878916269366594,0.0470588235294117,0.9941176470588236,170
2024,300,fresh,hold_then_enter,baseline_pro_rata,20pct,0.0999891984863288,-0.0802998792774296,0.7965290827893741,0.9001068801771384,555,1.057286171841397,0.0012538668686134,0.5096061946788771,0.0536072350174774,0.9805934646616756,0.0643274853801169,1.0,171
2024,300,fresh,hold_then_enter,baseline_pro_rata,10pct,0.0190985477586194,-0.0898125926140209,0.2174978693170299,0.8846169880375225,582,1.0404220594728733,0.0008863325191087,0.5145675657516892,0.0460812954166302,0.9235942601428058,0.1888888888888888,0.9888888888888888,180
2024,300,fresh,hold_then_enter,width_age_borda,uncapped_v1,0.1214987609978435,-0.104764955093534,0.8288753861266915,0.9017453373697774,548,1.0359702892719649,0.0007940150048402,0.5104628404196886,0.0607318920359101,1.0,0.0,0.9940828402366864,169
2024,300,fresh,hold_then_enter,width_age_borda,50pct,0.1214987609978435,-0.104764955093534,0.8288753861266915,0.9017453373697774,548,1.0359702892719649,0.0007940150048402,0.5104628404196886,0.0607318920359101,1.0,0.0,0.9940828402366864,169
2024,300,fresh,hold_then_enter,width_age_borda,33pct,0.1016640639988086,-0.097963515282784,0.7353319638055654,0.8972141275899709,553,1.0444276667515628,0.0009759396957247,0.5087836472407493,0.0616223143698616,0.9931214968438308,0.0352941176470588,0.9941176470588236,170
2024,300,fresh,hold_then_enter,width_age_borda,25pct,0.0785551419659293,-0.0917045730403113,0.6158710949136208,0.8950556064321996,553,1.0444276667515633,0.0009759396957247,0.5086483000252018,0.0593598404733293,0.98480956294697,0.0529411764705882,0.9941176470588236,170
2024,300,fresh,hold_then_enter,width_age_borda,20pct,0.0665911215800423,-0.0862217094929816,0.5467464746898001,0.8924866889695997,555,1.0572861718413968,0.0012538668686134,0.5106141893168444,0.0577909579690998,0.9770328600410036,0.0643274853801169,0.9941520467836256,171
2024,300,fresh,hold_then_enter,width_age_borda,10pct,-0.0070334786513538,-0.0916369502332872,0.0056172461892246,0.8794695473279095,582,1.0404220594728724,0.0008863325191087,0.5157270979195464,0.0485740464304155,0.9204693738639936,0.2111111111111111,0.9888888888888888,180
2024,300,fresh,no_new_low_green,baseline_pro_rata,uncapped_v1,0.2256814207109128,-0.0680866756062447,1.470398068362455,0.9097000866324574,399,1.0321335517774732,0.0007487863633868,0.5782841365096566,0.0775433225297941,1.0,0.0,0.9857142857142858,140
2024,300,fresh,no_new_low_green,baseline_pro_rata,50pct,0.2256814207109128,-0.0680866756062447,1.470398068362455,0.9097000866324574,399,1.0321335517774732,0.0007487863633868,0.5782841365096566,0.0775433225297941,1.0,0.0,0.9857142857142858,140
2024,300,fresh,no_new_low_green,baseline_pro_rata,33pct,0.2027448829600542,-0.0711280794694392,1.4045961224493295,0.9030789155056422,400,1.042090810458102,0.0009690132542814,0.5771124858004117,0.0767364714598039,0.9855688818016898,0.0425531914893617,0.9858156028368794,141
2024,300,fresh,no_new_low_green,baseline_pro_rata,25pct,0.1497949541424859,-0.0694840515158284,1.1877122931084727,0.898488743832765,411,1.0054661502331097,0.000127451661296,0.5791731637078955,0.0697602309059232,0.970559697459308,0.0833333333333333,0.9861111111111112,144
2024,300,fresh,no_new_low_green,baseline_pro_rata,20pct,0.1078808793771131,-0.065038332879275,0.896094517694995,0.8933470805112914,418,1.027538797272488,0.0006348126883007,0.5819053167843257,0.0656352450221039,0.955469533288968,0.1020408163265306,0.9863945578231292,147
2024,300,fresh,no_new_low_green,baseline_pro_rata,10pct,-0.0164034225796347,-0.0926880854583253,-0.0889905921166545,0.866038566590662,441,1.01833245447966,0.0004182029166881,0.5718802302993106,0.0582987633046259,0.8764907319948996,0.2903225806451613,0.9870967741935484,155
2024,300,fresh,no_new_low_green,width_age_borda,uncapped_v1,0.2083943793944813,-0.0751735909021161,1.3479602773518056,0.9017364357237364,399,1.0321335517774737,0.0007487863633868,0.5798482129165633,0.0853029901591784,1.0,0.0,0.9857142857142858,140
2024,300,fresh,no_new_low_green,width_age_borda,50pct,0.2091275495606408,-0.0749426949508801,1.3521266155530862,0.9014540886674526,399,1.0321335517774732,0.0007487863633868,0.5798482129165633,0.084801167964628,0.9991176091339614,0.0071428571428571,0.9857142857142858,140
2024,300,fresh,no_new_low_green,width_age_borda,33pct,0.147553303229855,-0.0742271306381285,1.1161622956624684,0.8948884009653164,411,1.0054661502331097,0.000127451661296,0.580596730188748,0.0773512256304798,0.979534527453412,0.0625,0.9791666666666666,144
2024,300,fresh,no_new_low_green,width_age_borda,25pct,0.0957016011225144,-0.0711642252463824,0.7783658010763047,0.8889770835498647,418,1.027538797272488,0.0006348126883007,0.5829329720082903,0.073576607599448,0.9644498836663292,0.0952380952380952,0.979591836734694,147
2024,300,fresh,no_new_low_green,width_age_borda,20pct,0.0647787738772558,-0.0719924619098837,0.5672574040501657,0.8826457355125893,418,1.027538797272488,0.0006348126883007,0.5825580607551513,0.0718408050720465,0.9508610814916572,0.1088435374149659,0.9863945578231292,147
2024,300,fresh,no_new_low_green,width_age_borda,10pct,-0.0295765894261218,-0.0996074054118896,-0.1961346472015458,0.863030552365103,434,1.0341425128371984,0.0007793274552819,0.5863098031180946,0.0601512535515215,0.8736918891149034,0.3012820512820512,0.9871794871794872,156
2024,300,wide_fresh,hold_then_enter,baseline_pro_rata,uncapped_v1,0.3687374556417051,-0.0967584886921029,1.6622322479110576,0.8918282472175385,148,1.191323158875067,0.005146062216476,0.6736249816284539,0.1445300249777688,1.0,0.0,0.9583333333333334,72
2024,300,wide_fresh,hold_then_enter,baseline_pro_rata,50pct,0.2505352994383367,-0.0950338359628532,1.3455292776759662,0.8818056514561577,212,1.137171091953657,0.0036502387086367,0.652332531029621,0.1155936936105777,0.9949494949494948,0.0101010101010101,0.9696969696969696,99
2024,300,wide_fresh,hold_then_enter,baseline_pro_rata,33pct,0.1893081274842987,-0.085149079936373,1.1741785467424697,0.8828641631269334,219,1.0895773555138657,0.002404977688382,0.6589269627604128,0.1044499801469514,0.9779109134791396,0.0686274509803921,0.9607843137254902,102
2024,300,wide_fresh,hold_then_enter,baseline_pro_rata,25pct,0.2001251862230948,-0.0945460506564372,1.234975454754598,0.8799156504638276,226,1.041221044668414,0.0011222319157705,0.6534149154170905,0.0984614307965335,0.9603151508992318,0.1238095238095238,0.961904761904762,105
2024,300,wide_fresh,hold_then_enter,baseline_pro_rata,20pct,0.14014599126611,-0.099423941341986,0.9197327774598912,0.8661623445266912,242,0.9991439057482622,-2.3219654946893264e-05,0.6452563520995627,0.0946283806791444,0.9333982488731156,0.1929824561403508,0.9649122807017544,114
2024,300,wide_fresh,hold_then_enter,baseline_pro_rata,10pct,0.039668008769907,-0.1060080434928193,0.3398017674709072,0.8291786735972074,265,0.9238953405236248,-0.0021137561648687,0.6706675605424249,0.0772805982576255,0.8012973482173655,0.4885496183206106,0.9618320610687024,131
2024,300,wide_fresh,hold_then_enter,confirmation_borda,uncapped_v1,0.3609368300034186,-0.0939804764019083,1.7128250926469435,0.8905890657679868,155,1.1219376628309137,0.0033190755842783,0.700210147787217,0.1514219364265979,1.0,0.0,0.9333333333333332,75
2024,300,wide_fresh,hold_then_enter,confirmation_borda,50pct,0.2804000824681965,-0.0928871736656589,1.5681286451257392,0.875781242891965,219,1.0895773555138657,0.002404977688382,0.6792609492246934,0.1278124772476942,0.9950980392156864,0.0098039215686274,0.9509803921568628,102
2024,300,wide_fresh,hold_then_enter,confirmation_borda,33pct,0.2270792799856207,-0.0965764670546012,1.3538739434900713,0.8672382184201889,224,1.0639117748402196,0.0017180754910194,0.6745069347515094,0.127383791083428,0.9754538568567612,0.0865384615384615,0.9519230769230768,104
2024,300,wide_fresh,hold_then_enter,confirmation_borda,25pct,0.2578653082441913,-0.098411436482135,1.535158577436917,0.8628418310673125,237,1.0293892394791655,0.000790019785503,0.670151649187218,0.1149212504156773,0.953407654454322,0.1621621621621621,0.954954954954955,111
2024,300,wide_fresh,hold_then_enter,confirmation_borda,20pct,0.2227498428955727,-0.0917028132799032,1.381827726497597,0.8582067320750977,239,1.0234203734501557,0.0006279418772636,0.6744676947664815,0.1084326417443462,0.9287775503129736,0.1769911504424778,0.9557522123893806,113
2024,300,wide_fresh,hold_then_enter,confirmation_borda,10pct,0.0896083812278065,-0.0878348360588336,0.658313040673727,0.8116826972167485,265,0.923895340523625,-0.0021137561648687,0.6822882089551837,0.0808646509046804,0.7496284922594317,0.5114503816793893,0.9618320610687024,131
2025,300,fresh,hold_then_enter,baseline_pro_rata,uncapped_v1,0.6545349255724608,-0.0950032547285623,1.3297639366426983,0.9125638037873296,386,1.4551658832270449,0.0110187520615075,0.5955490439816371,0.0683336361453012,1.0,0.0,0.9927007299270072,137
2025,300,fresh,hold_then_enter,baseline_pro_rata,50pct,0.6545349255724608,-0.0950032547285623,1.3297639366426983,0.9125638037873296,386,1.4551658832270449,0.0110187520615075,0.5955490439816371,0.0683336361453012,1.0,0.0,0.9927007299270072,137
2025,300,fresh,hold_then_enter,baseline_pro_rata,33pct,0.6451202217034715,-0.0951458224518834,1.3376300750943872,0.9132956376627696,388,1.4388711610586689,0.0106892178224039,0.594337007299592,0.0648382250226432,0.996662547629432,0.0144927536231884,0.9927536231884058,138
2025,300,fresh,hold_then_enter,baseline_pro_rata,25pct,0.5828399387048782,-0.0956796594816271,1.2501596163352882,0.9129739734706576,405,1.2628568689006558,0.0069745505577232,0.5866526624757755,0.0600066791495195,0.9919702427498996,0.0279720279720279,0.993006993006993,143
2025,300,fresh,hold_then_enter,baseline_pro_rata,20pct,0.5984741971708747,-0.0923755508264716,1.2591101551235766,0.9116731631038832,405,1.2628568689006556,0.0069745505577232,0.58631307761196,0.0592023967221809,0.9868229647844352,0.0349650349650349,0.993006993006993,143
2025,300,fresh,hold_then_enter,baseline_pro_rata,10pct,0.4473030303989265,-0.0870908079478183,1.3965975938468012,0.8919093913592635,425,1.291164325151815,0.0075221082986058,0.6039302235628042,0.051947614737337,0.9180679053524556,0.25,0.9935897435897436,156
2025,300,fresh,hold_then_enter,width_age_borda,uncapped_v1,0.8783753987186731,-0.0923934961388447,1.3016111857959811,0.9079569750877768,386,1.4551658832270444,0.0110187520615075,0.5959724867744622,0.0726386575372405,1.0,0.0,0.9927007299270072,137
2025,300,fresh,hold_then_enter,width_age_borda,50pct,0.8783753987186731,-0.0923934961388447,1.3016111857959811,0.9079569750877768,386,1.4551658832270444,0.0110187520615075,0.5959724867744622,0.0726386575372405,1.0,0.0,0.9927007299270072,137
2025,300,fresh,hold_then_enter,width_age_borda,33pct,0.8857942371707122,-0.0920760891876228,1.3128216041803826,0.908674400027368,388,1.4388711610586684,0.0106892178224039,0.5945332739073365,0.0701207484419747,0.99708777516278,0.0144927536231884,0.9927536231884058,138
2025,300,fresh,hold_then_enter,width_age_borda,25pct,0.8896437506243635,-0.0912118113525382,1.3182170410238567,0.9085562914570156,388,1.4388711610586686,0.0106892178224039,0.5944284141970159,0.0690353572420043,0.9942803742449696,0.0144927536231884,0.9927536231884058,138
2025,300,fresh,hold_then_enter,width_age_borda,20pct,0.8068868399465696,-0.0882938336908067,1.283501502940403,0.9086880443117292,405,1.2628568689006556,0.0069745505577232,0.587740133684396,0.0656526690791,0.9876337588278308,0.0559440559440559,0.993006993006993,143
2025,300,fresh,hold_then_enter,width_age_borda,10pct,0.4589610920210121,-0.084068572721826,1.4236370024479157,0.8900957474150438,425,1.2911643251518143,0.0075221082986058,0.6046821287059677,0.0534757733272033,0.9164647287644894,0.25,0.9935897435897436,156
2025,300,fresh,no_new_low_green,baseline_pro_rata,uncapped_v1,0.42226677834052,-0.1297889799517241,0.9596627573067884,0.914511074344151,335,1.181688231182821,0.0049541443138993,0.6267567101699953,0.0728246349181412,1.0,0.0,0.9847328244274808,131
2025,300,fresh,no_new_low_green,baseline_pro_rata,50pct,0.42226677834052,-0.1297889799517241,0.9596627573067884,0.914511074344151,335,1.181688231182821,0.0049541443138993,0.6267567101699953,0.0728246349181412,1.0,0.0,0.9847328244274808,131
2025,300,fresh,no_new_low_green,baseline_pro_rata,33pct,0.515819577471937,-0.1374418653262666,0.9719675763734154,0.9090691843117068,335,1.1816882311828203,0.0049541443138993,0.6264488197300802,0.0738355411983848,0.9940534291064675,0.0305343511450381,0.9923664122137404,131
2025,300,fresh,no_new_low_green,baseline_pro_rata,25pct,0.5732479889667732,-0.1258453479693781,0.97992691900332,0.903592658996533,337,1.1951015351691163,0.005310609848422,0.6318535903136484,0.0734011666086156,0.9872831769736996,0.0526315789473684,0.9924812030075189,133
2025,300,fresh,no_new_low_green,baseline_pro_rata,20pct,0.5144920022355968,-0.1207816240255224,0.9607344849566856,0.8969183785354663,348,1.1863809189206935,0.005028199354744,0.6293675574353709,0.068864075649336,0.9777301139067678,0.0863309352517985,1.0,139
2025,300,fresh,no_new_low_green,baseline_pro_rata,10pct,0.2623231552475544,-0.0954261228083597,0.9043437722383172,0.8466906828681754,369,1.0955858042686135,0.002778305940198,0.6193810259478406,0.0596608100745137,0.85446441720902,0.3175675675675675,1.0,148
2025,300,fresh,no_new_low_green,width_age_borda,uncapped_v1,0.7034672147238636,-0.1365159152999316,1.0504022315124724,0.9052653886598764,335,1.1816882311828203,0.0049541443138993,0.6256311134291447,0.0836634658300759,1.0,0.0,0.9923664122137404,131
2025,300,fresh,no_new_low_green,width_age_borda,50pct,0.7034672147238636,-0.1365159152999316,1.0504022315124724,0.9052653886598764,335,1.1816882311828203,0.0049541443138993,0.6256311134291447,0.0836634658300759,1.0,0.0,0.9923664122137404,131
2025,300,fresh,no_new_low_green,width_age_borda,33pct,0.669011456836671,-0.1306210997504043,1.0187696803920427,0.9038976292141172,336,1.200139559639145,0.0054410200472424,0.6284081611499556,0.0802387756960919,0.9942693470367768,0.0378787878787878,0.9924242424242424,132
2025,300,fresh,no_new_low_green,width_age_borda,25pct,0.6385942058743457,-0.1161076463171855,1.0016875028639618,0.901130627526152,337,1.1951015351691163,0.005310609848422,0.6309071053714769,0.0766763860799638,0.9850178770809378,0.0676691729323308,0.9924812030075189,133
2025,300,fresh,no_new_low_green,width_age_borda,20pct,0.5394483891910136,-0.1134697899765617,0.9747633670639444,0.8950213678142508,348,1.1863809189206935,0.005028199354744,0.6280417709566684,0.0711332259361239,0.9755396992972518,0.0935251798561151,0.9928057553956836,139
2025,300,fresh,no_new_low_green,width_age_borda,10pct,0.2457767141407243,-0.0969936860046698,0.8653309743793749,0.8425402760436087,370,1.0938918245851266,0.00272590746764,0.6194586047449456,0.0608595915063447,0.8519447394713577,0.3333333333333333,1.0,150
2025,300,wide_fresh,hold_then_enter,baseline_pro_rata,uncapped_v1,0.2152855446200723,-0.1152693641331467,1.1367835999502809,0.8974838097936612,159,1.4643121283262095,0.0174626066314229,0.7402768981155681,0.129959497480853,1.0,0.0,0.9310344827586208,87
2025,300,wide_fresh,hold_then_enter,baseline_pro_rata,50pct,0.2152855446200723,-0.1152693641331467,1.1367835999502809,0.8974838097936612,159,1.4643121283262095,0.0174626066314229,0.7402768981155681,0.129959497480853,1.0,0.0,0.9310344827586208,87
2025,300,wide_fresh,hold_then_enter,baseline_pro_rata,33pct,0.318153965835285,-0.1219694241742298,1.601464074246726,0.8944775228192128,159,1.4643121283262102,0.0174626066314229,0.7396642721062404,0.1254147728218144,0.9833236496298042,0.0804597701149425,0.9770114942528736,87
2025,300,wide_fresh,hold_then_enter,baseline_pro_rata,25pct,0.3870182869099636,-0.1254870790089935,1.7847697126779345,0.8896005159333416,163,1.4276542532034917,0.0160944958802319,0.7447117446909908,0.1119383120558258,0.9627837683153032,0.1739130434782608,0.9782608695652174,92
2025,300,wide_fresh,hold_then_enter,baseline_pro_rata,20pct,0.4216141212339099,-0.1309466183114167,1.7618249601162073,0.8906075844613001,163,1.4276542532034917,0.0160944958802319,0.7443572861668162,0.1056957378078808,0.9443169100137104,0.1956521739130435,0.9891304347826086,92
2025,300,wide_fresh,hold_then_enter,baseline_pro_rata,10pct,0.2254867158342524,-0.1752345143800446,0.751229001065504,0.813762994366182,200,1.16761290095687,0.0067896707922899,0.7342886371964944,0.0809111572086798,0.7209094503145873,0.5575221238938053,0.9823008849557522,113
2025,300,wide_fresh,hold_then_enter,confirmation_borda,uncapped_v1,0.1523538257142569,-0.1285740643721193,0.8489350389291823,0.8905064335720109,157,1.4542206570469371,0.0172360572486349,0.7479597116087239,0.1586812336523904,1.0,0.0,0.9411764705882352,85
2025,300,wide_fresh,hold_then_enter,confirmation_borda,50pct,0.1523538257142569,-0.1285740643721193,0.8489350389291823,0.8905064335720109,157,1.4542206570469371,0.0172360572486349,0.7479597116087239,0.1586812336523904,1.0,0.0,0.9411764705882352,85
2025,300,wide_fresh,hold_then_enter,confirmation_borda,33pct,0.2037229099620661,-0.1319075191260399,1.1002207541603106,0.8869161710003647,160,1.4478706717231498,0.0169316039285534,0.7504310008117269,0.1396542708713721,0.9785958281498156,0.1022727272727272,0.9659090909090908,88
2025,300,wide_fresh,hold_then_enter,confirmation_borda,25pct,0.2200033722453289,-0.1398118634599777,1.1884971179097092,0.8871271115175493,161,1.4443193396507024,0.0167340608814442,0.7547625687914385,0.1261378488238383,0.9573345766049616,0.1444444444444444,0.9777777777777776,90
2025,300,wide_fresh,hold_then_enter,confirmation_borda,20pct,0.2047982512362609,-0.1462393011578044,1.0733331944769735,0.8847326988539013,166,1.4029864147684683,0.0151559401430087,0.7601233378467342,0.1147575059380371,0.9345661438749712,0.2210526315789473,0.9789473684210528,95
2025,300,wide_fresh,hold_then_enter,confirmation_borda,10pct,0.1911887257873676,-0.194620912545824,0.6647130766169345,0.8101980081866242,203,1.1457867062942333,0.0059290929982733,0.742875017863824,0.0828094695876733,0.7138037567655208,0.6,0.982608695652174,115
2026,300,fresh,hold_then_enter,baseline_pro_rata,uncapped_v1,-0.0282991079229895,-0.0949560299840577,-0.5624267013775027,0.866115684554329,109,0.7355406257773778,-0.0060373694569617,0.4763755719407618,0.1071463988600419,1.0,0.0,0.96875,32
2026,300,fresh,hold_then_enter,baseline_pro_rata,50pct,-0.0280637376368253,-0.0928128002066898,-0.5727866519941912,0.8648831787809084,104,0.7674077366774837,-0.0053340576162217,0.4847772547001542,0.1109599573580857,0.9986251019542486,0.032258064516129,1.0,31
2026,300,fresh,hold_then_enter,baseline_pro_rata,33pct,-0.0287261558124615,-0.0833513589941942,-0.7360443182288476,0.8464160313683693,107,0.7211900803796283,-0.0066129714719575,0.4969675885664189,0.1063119470757329,0.9790758939680656,0.0909090909090909,1.0,33
2026,300,fresh,hold_then_enter,baseline_pro_rata,25pct,-0.0367437513433761,-0.0912297283371225,-1.016961163565326,0.8324074117889798,111,0.7043615275597781,-0.0069209274138173,0.4893029811751652,0.0957570871705923,0.946493280376808,0.1470588235294117,1.0,34
2026,300,fresh,hold_then_enter,baseline_pro_rata,20pct,-0.039172673029707,-0.0952673259987764,-1.1240948129882669,0.8213501856949068,111,0.7043615275597783,-0.0069209274138172,0.4893029811751652,0.0902345297803034,0.915406326049762,0.1764705882352941,1.0,34
2026,300,fresh,hold_then_enter,baseline_pro_rata,10pct,-0.0517289923054685,-0.1012646952565052,-1.8396943574201128,0.7824094354197112,119,0.6672761164951954,-0.0077618687637099,0.4726905780358271,0.0654409713279134,0.8281050953441595,0.3055555555555556,0.9444444444444444,36
2026,300,fresh,hold_then_enter,width_age_borda,uncapped_v1,-0.0344774729651755,-0.097974220909766,-0.6503704955502012,0.8563845133069746,109,0.7355406257773767,-0.0060373694569618,0.4729079756540926,0.1082638717310871,1.0,0.0,0.96875,32
2026,300,fresh,hold_then_enter,width_age_borda,50pct,-0.0334777564526739,-0.0922818946277584,-0.6619352460708204,0.8542410449175822,104,0.7674077366774826,-0.0053340576162217,0.4808147511916953,0.1128045361123974,0.9972453047141712,0.032258064516129,1.0,31
2026,300,fresh,hold_then_enter,width_age_borda,33pct,-0.0373764057163612,-0.0942675924396297,-0.9065266342327578,0.8348063363764371,111,0.7043615275597773,-0.0069209274138173,0.4856789608204393,0.1031264675756312,0.9721738019840972,0.1176470588235294,1.0,34
2026,300,fresh,hold_then_enter,width_age_borda,25pct,-0.0434793906715061,-0.0994250202521883,-1.1396167982557752,0.8220563579459353,111,0.7043615275597775,-0.0069209274138173,0.4856789608204393,0.1006471501400561,0.9503974485150466,0.1176470588235294,0.9705882352941176,34
2026,300,fresh,hold_then_enter,width_age_borda,20pct,-0.0451542018927368,-0.1018317582545244,-1.2305128776076952,0.8120908532159592,111,0.7043615275597777,-0.0069209274138173,0.4856691077911654,0.0947327817041685,0.9210678847049596,0.1764705882352941,0.9705882352941176,34
2026,300,fresh,hold_then_enter,width_age_borda,10pct,-0.059302612502284,-0.1063848628631125,-1.98716297692764,0.781025729860563,114,0.679719985303527,-0.0075651387780014,0.4784081042152567,0.0719953236599444,0.8247713116415316,0.2857142857142857,0.9428571428571428,35
2026,300,fresh,no_new_low_green,baseline_pro_rata,uncapped_v1,0.0305381792005206,-0.0845884929038041,0.7198277903802969,0.7950574602390265,80,0.9079827241737428,-0.0021861262287361,0.5273820009441531,0.1271143003643938,1.0,0.0,1.0,28
2026,300,fresh,no_new_low_green,baseline_pro_rata,50pct,0.0305381792005206,-0.0845884929038041,0.7198277903802969,0.7950574602390265,80,0.9079827241737428,-0.0021861262287361,0.5273820009441531,0.1271143003643938,1.0,0.0,1.0,28
2026,300,fresh,no_new_low_green,baseline_pro_rata,33pct,-0.0045311224516122,-0.0927271948173342,-0.0341242829814907,0.7791962028476933,85,0.8313574461625188,-0.0041184508660742,0.5213898675478762,0.1145404934507593,0.9606145324904758,0.1666666666666666,0.9666666666666668,30
2026,300,fresh,no_new_low_green,baseline_pro_rata,25pct,-0.0296550936407479,-0.1013101484812831,-0.8134571964348062,0.7693870087290116,85,0.8313574461625187,-0.0041184508660743,0.5213898675478762,0.1082253779827252,0.9296561697536944,0.1666666666666666,0.9666666666666668,30
2026,300,fresh,no_new_low_green,baseline_pro_rata,20pct,-0.0407221200102823,-0.102938557331209,-1.271528674201142,0.7617250013586353,85,0.8313574461625186,-0.0041184508660743,0.5213898675478762,0.1050874493029789,0.9009155034655824,0.2333333333333333,0.9666666666666668,30
2026,300,fresh,no_new_low_green,baseline_pro_rata,10pct,-0.049951074138466,-0.0996434914014654,-1.908932193939775,0.7387213592681058,91,0.733439375793653,-0.0068922943697122,0.5011564177389849,0.0731382270983636,0.7701023395656224,0.375,0.96875,32
2026,300,fresh,no_new_low_green,width_age_borda,uncapped_v1,0.0272573793011274,-0.089820812159814,0.6372040097265435,0.7901618670554601,80,0.9079827241737436,-0.0021861262287361,0.5318229226899426,0.1359897467037558,1.0,0.0,1.0,28
2026,300,fresh,no_new_low_green,width_age_borda,50pct,0.0272573793011274,-0.089820812159814,0.6372040097265435,0.7901618670554601,80,0.9079827241737436,-0.0021861262287361,0.5318229226899426,0.1359897467037558,1.0,0.0,1.0,28
2026,300,fresh,no_new_low_green,width_age_borda,33pct,-0.0148997093251298,-0.1011397056070646,-0.2858871347002794,0.7752440316479267,85,0.8313574461625187,-0.0041184508660743,0.5236828759920945,0.1229908911052103,0.9601510758087358,0.1333333333333333,0.9666666666666668,30
2026,300,fresh,no_new_low_green,width_age_borda,25pct,-0.0412193306998651,-0.1084698027013068,-1.1177039567688778,0.7671211094275033,85,0.8313574461625189,-0.0041184508660743,0.520901001328448,0.1169797674774004,0.9337041172464324,0.1666666666666666,0.9666666666666668,30
2026,300,fresh,no_new_low_green,width_age_borda,20pct,-0.0464284857458233,-0.1057549638855411,-1.405408805339995,0.7625642362073672,85,0.8313574461625194,-0.0041184508660742,0.5187434095538234,0.1106929557247297,0.9069056344761672,0.2333333333333333,0.9666666666666668,30
2026,300,fresh,no_new_low_green,width_age_borda,10pct,-0.053073136031339,-0.09793232373616,-1.9554661019280684,0.7342806744801653,92,0.720148975881052,-0.007289372789535,0.5151896709053158,0.076460292350094,0.7714131953924769,0.4242424242424242,1.0,33
2026,300,wide_fresh,hold_then_enter,baseline_pro_rata,uncapped_v1,-0.1407283728371653,-0.1924134352884536,-2.550527787438928,0.8623723530880438,55,0.3776819119288019,-0.0210118250730337,0.6023445592228661,0.1168530030989982,1.0,0.0,1.0,27
2026,300,wide_fresh,hold_then_enter,baseline_pro_rata,50pct,-0.1407283728371653,-0.1924134352884536,-2.550527787438928,0.8623723530880438,55,0.3776819119288019,-0.0210118250730337,0.6023445592228661,0.1168530030989982,1.0,0.0,1.0,27
2026,300,wide_fresh,hold_then_enter,baseline_pro_rata,33pct,-0.1447970404969203,-0.194877924891185,-2.876665901002463,0.8411011128822259,56,0.3712858484604506,-0.0212078693959941,0.601625904329986,0.1138970498891367,0.9603533122685082,0.1428571428571428,1.0,28
2026,300,wide_fresh,hold_then_enter,baseline_pro_rata,25pct,-0.1430511015497616,-0.1926447699363028,-3.1126121722962314,0.8216186859453399,56,0.3712858484604507,-0.0212078693959941,0.601625904329986,0.1132109276787871,0.9307411616384828,0.1428571428571428,0.9285714285714286,28
2026,300,wide_fresh,hold_then_enter,baseline_pro_rata,20pct,-0.13622303095694,-0.1836657773351457,-3.148932564569937,0.8070501695999985,56,0.3712858484604506,-0.0212078693959941,0.6012026239067055,0.1146413390447706,0.908889899747808,0.2142857142857142,0.9285714285714286,28
2026,300,wide_fresh,hold_then_enter,baseline_pro_rata,10pct,-0.0916224512751427,-0.1253566717424171,-2.590523008458437,0.707349980026501,65,0.4437129718746224,-0.0188700090439868,0.6170810597445363,0.0840217026609915,0.6596605639875082,0.6470588235294118,0.9705882352941176,34
2026,300,wide_fresh,hold_then_enter,confirmation_borda,uncapped_v1,-0.1056981726131035,-0.1480134085731235,-1.6596115016068864,0.8415538249577712,56,0.3712858484604505,-0.0212078693959942,0.6262471655328798,0.1446727897740571,1.0,0.0,0.9642857142857144,28
2026,300,wide_fresh,hold_then_enter,confirmation_borda,50pct,-0.1112754205084349,-0.1525464691328778,-1.836918318203544,0.8331722640528579,56,0.3712858484604505,-0.0212078693959942,0.6262471655328798,0.1470070063806303,0.993640632762568,0.0357142857142857,0.9642857142857144,28
2026,300,wide_fresh,hold_then_enter,confirmation_borda,33pct,-0.1195072823376751,-0.1572818879115253,-2.238496840282844,0.8048536943750949,56,0.3712858484604508,-0.0212078693959941,0.6262471655328798,0.152279706533398,0.9492987052691992,0.1785714285714285,0.9285714285714286,28
2026,300,wide_fresh,hold_then_enter,confirmation_borda,25pct,-0.1200271696955689,-0.1551659519889442,-2.492630475499801,0.7855349958488985,56,0.3712858484604505,-0.0212078693959942,0.6228976011580776,0.1474837069342083,0.9109651071781816,0.2142857142857142,0.9285714285714286,28
2026,300,wide_fresh,hold_then_enter,confirmation_borda,20pct,-0.1227455007379931,-0.1539302626621238,-2.7788433034039843,0.7719303249173225,56,0.3712858484604505,-0.0212078693959942,0.6176932115178941,0.1384491543395231,0.8726069923186972,0.2857142857142857,0.9285714285714286,28
2026,300,wide_fresh,hold_then_enter,confirmation_borda,10pct,-0.0857036182983838,-0.1199168213545077,-2.3970697285630678,0.7124718215591278,65,0.4437129718746223,-0.0188700090439868,0.6246830545190719,0.0841345881730411,0.6632243091060303,0.6470588235294118,0.9705882352941176,34
2021,500,fresh,hold_then_enter,baseline_pro_rata,uncapped_v1,0.0502266654585563,-0.1022443019714106,0.5178217981762196,0.9379063613887716,715,1.1239519549718495,0.0027719238608122,0.4984990249669189,0.0385085780774876,1.0,0.0,1.0,187
2021,500,fresh,hold_then_enter,baseline_pro_rata,50pct,0.0502266654585563,-0.1022443019714106,0.5178217981762196,0.9379063613887716,715,1.1239519549718495,0.0027719238608122,0.4984990249669189,0.0385085780774876,1.0,0.0,1.0,187
2021,500,fresh,hold_then_enter,baseline_pro_rata,33pct,0.0526758944876413,-0.1022443019714106,0.5450917969303917,0.9367923786449436,715,1.1239519549718495,0.0027719238608122,0.4984990249669189,0.0391863308455352,0.999262490893192,0.0053475935828877,1.0,187
2021,500,fresh,hold_then_enter,baseline_pro_rata,25pct,0.0550108464034391,-0.1033384457441194,0.5682489518961282,0.9335308159369814,715,1.12395195497185,0.0027719238608122,0.4982437674356857,0.0408422393405112,0.9972563017848328,0.0106951871657754,1.0,187
2021,500,fresh,hold_then_enter,baseline_pro_rata,20pct,0.0642721584258148,-0.1030749513215326,0.6490702339478753,0.9288581679208834,720,1.1194893239727095,0.0026686621902905,0.4962042768960753,0.0413716431478233,0.9903395623386266,0.0425531914893617,1.0,188
2021,500,fresh,hold_then_enter,baseline_pro_rata,10pct,0.0952623250168061,-0.0838318461636694,0.9394851469805916,0.9173243941065388,725,1.1186774134164428,0.002642239929073,0.4942980914303713,0.0380841635386445,0.9540477450991568,0.1157894736842105,1.0,190
2021,500,fresh,hold_then_enter,width_age_borda,uncapped_v1,0.0292702927921906,-0.1042015788461381,0.3239235728114708,0.9331577917641588,715,1.1239519549718495,0.0027719238608122,0.4965596471968637,0.04162156549563,1.0,0.0,1.0,187
2021,500,fresh,hold_then_enter,width_age_borda,50pct,0.0292702927921906,-0.1042015788461381,0.3239235728114708,0.9331577917641588,715,1.1239519549718495,0.0027719238608122,0.4965596471968637,0.04162156549563,1.0,0.0,1.0,187
2021,500,fresh,hold_then_enter,width_age_borda,33pct,0.0302538822291342,-0.1042015788461381,0.3343353966234044,0.9324235906797488,715,1.1239519549718495,0.0027719238608122,0.4965596471968637,0.0420822861889123,0.99957844770499,0.0053475935828877,1.0,187
2021,500,fresh,hold_then_enter,width_age_borda,25pct,0.0342987189865235,-0.1050241546059489,0.3736070950555764,0.928832677950606,715,1.12395195497185,0.0027719238608122,0.4965596471968637,0.0437835781456616,0.9961778479493668,0.0213903743315508,1.0,187
2021,500,fresh,hold_then_enter,width_age_borda,20pct,0.0530592216351091,-0.0968711590058645,0.5463781860184497,0.923449326757354,720,1.1194893239727095,0.0026686621902905,0.4943909014752162,0.0440138493002547,0.987304975458088,0.0478723404255319,1.0,188
2021,500,fresh,hold_then_enter,width_age_borda,10pct,0.0921325295520858,-0.0796019831879845,0.9101657824235322,0.911113402169832,725,1.118677413416443,0.002642239929073,0.4923366178102141,0.0397917565378168,0.9477665253509538,0.1210526315789473,1.0,190
2021,500,fresh,no_new_low_green,baseline_pro_rata,uncapped_v1,0.1918108042292488,-0.0789795571468112,1.6448255044398146,0.9173404685755314,555,1.1357708767275243,0.003018533355295,0.5125850642860322,0.0528460261579704,1.0,0.0,1.0,162
2021,500,fresh,no_new_low_green,baseline_pro_rata,50pct,0.1918108042292488,-0.0789795571468112,1.6448255044398146,0.9173404685755314,555,1.1357708767275243,0.003018533355295,0.5125850642860322,0.0528460261579704,1.0,0.0,1.0,162
2021,500,fresh,no_new_low_green,baseline_pro_rata,33pct,0.1908016362107842,-0.079335846614359,1.6385460037149504,0.9172231255315872,559,1.129335410338376,0.0028734501013202,0.5077839668923422,0.0525292458847926,0.9991270383864344,0.0185185185185185,1.0,162
2021,500,fresh,no_new_low_green,baseline_pro_rata,25pct,0.1927590234110956,-0.0761774600666548,1.6520904845013604,0.9147257113472552,559,1.1293354103383764,0.0028734501013202,0.5074790060486222,0.0517352558051351,0.994470239847335,0.0246913580246913,1.0,162
2021,500,fresh,no_new_low_green,baseline_pro_rata,20pct,0.1848657558576805,-0.0742034684743395,1.6096776362157834,0.9112706031560832,564,1.120169615384378,0.0026772027164469,0.5127019981516537,0.0509316308961884,0.9882194642729832,0.0484848484848484,1.0,165
2021,500,fresh,no_new_low_green,baseline_pro_rata,10pct,0.1581551197052895,-0.0679457371493584,1.475795020702625,0.9004339243523171,577,1.162296493233867,0.0035570159007024,0.5162260367823028,0.0447838046346315,0.939490414128303,0.1529411764705882,1.0,170
2021,500,fresh,no_new_low_green,width_age_borda,uncapped_v1,0.1995536442278667,-0.0748057574540977,1.626188120421715,0.9073626059445228,555,1.1357708767275243,0.003018533355295,0.5124981328736707,0.0587455894448457,1.0,0.0,1.0,162
2021,500,fresh,no_new_low_green,width_age_borda,50pct,0.1995536442278667,-0.0748057574540977,1.626188120421715,0.9073626059445228,555,1.1357708767275243,0.003018533355295,0.5124981328736707,0.0587455894448457,1.0,0.0,1.0,162
2021,500,fresh,no_new_low_green,width_age_borda,33pct,0.197997431552485,-0.0750726653058431,1.6162621560914296,0.9071675117407344,559,1.129335410338376,0.0028734501013202,0.5076318777296378,0.0585457586202122,0.9994427021613312,0.0123456790123456,1.0,162
2021,500,fresh,no_new_low_green,width_age_borda,25pct,0.1938161541785763,-0.0730182691245061,1.6140823057598723,0.9058584770305042,559,1.129335410338376,0.0028734501013202,0.5075548021801306,0.0569956629352089,0.9939207865752716,0.037037037037037,1.0,162
2021,500,fresh,no_new_low_green,width_age_borda,20pct,0.1744336384225508,-0.0708805665387936,1.5147067329308108,0.902659479459484,564,1.120169615384378,0.0026772027164469,0.5126001260394528,0.0549128750483466,0.9856447077539976,0.0666666666666666,1.0,165
2021,500,fresh,no_new_low_green,width_age_borda,10pct,0.1407801462063693,-0.0699858435220665,1.3145076551992156,0.8891345486590376,580,1.1564710437993937,0.0034287880028055,0.5153495697307259,0.0481852281935934,0.933262491145102,0.1695906432748538,1.0,171
2021,500,wide_fresh,hold_then_enter,baseline_pro_rata,uncapped_v1,0.1163081376446995,-0.1538354199317751,0.7154918670431772,0.8857836981746096,279,1.2470471220471566,0.0069491922953774,0.6166714710831867,0.1055266923705674,1.0,0.0,0.9914529914529916,117
2021,500,wide_fresh,hold_then_enter,baseline_pro_rata,50pct,0.1122287050475203,-0.1568995097231106,0.6940251003973267,0.8852795078085638,279,1.2470471220471566,0.0069491922953774,0.6166714710831867,0.1055064624193659,0.9991651693868124,0.0085470085470085,0.9914529914529916,117
2021,500,wide_fresh,hold_then_enter,baseline_pro_rata,33pct,0.0782244347102039,-0.1707773711503984,0.5237428124381451,0.8858977962744116,279,1.2470471220471564,0.0069491922953774,0.616339489087354,0.1025476510407773,0.9935020337499104,0.0256410256410256,0.9914529914529916,117
2021,500,wide_fresh,hold_then_enter,baseline_pro_rata,25pct,0.0602819303861268,-0.1747430527488306,0.4333479856815868,0.8792011356661569,285,1.2488601103631254,0.006957086123322,0.611474941022794,0.1015169861105119,0.975639141496097,0.1176470588235294,0.9915966386554622,119
2021,500,wide_fresh,hold_then_enter,baseline_pro_rata,20pct,0.0578284925981982,-0.1660813566906909,0.4276366267043053,0.871053038598819,289,1.2633102338531197,0.0073014970689254,0.6076843852895922,0.0974125926554133,0.950124652253142,0.1818181818181818,0.9917355371900828,121
2021,500,wide_fresh,hold_then_enter,baseline_pro_rata,10pct,0.1335297230669838,-0.1372050078761219,0.9132996840110478,0.8358940499597194,310,1.317645554093,0.0085392230161808,0.6242489481973392,0.0736627276591893,0.804978771286916,0.4328358208955223,0.9850746268656716,134
2021,500,wide_fresh,hold_then_enter,confirmation_borda,uncapped_v1,0.1612812147837889,-0.1499928462097108,0.9160900017478868,0.8844480420506231,279,1.2470471220471568,0.0069491922953774,0.6357395690729024,0.1250509813274815,1.0,0.0,0.9914529914529916,117
2021,500,wide_fresh,hold_then_enter,confirmation_borda,50pct,0.1421333159073621,-0.1499928462097108,0.8238321796237708,0.8817802836772869,279,1.2470471220471568,0.0069491922953774,0.6357395690729024,0.1258584591917624,0.9970304290538308,0.017094017094017,0.9914529914529916,117
2021,500,wide_fresh,hold_then_enter,confirmation_borda,33pct,0.0861036998639481,-0.176786147131434,0.5506983142165581,0.8749751171714076,280,1.235604644830475,0.0066648116829026,0.633718963707331,0.1253796517212642,0.9833077257618618,0.0683760683760683,0.9914529914529916,117
2021,500,wide_fresh,hold_then_enter,confirmation_borda,25pct,0.0679470279504048,-0.1824136394878948,0.4666713362847848,0.8663851732135088,284,1.2488213975169464,0.0069807132376656,0.6279348014147055,0.1193220627608376,0.9638881753377602,0.1512605042016806,0.9831932773109244,119
2021,500,wide_fresh,hold_then_enter,confirmation_borda,20pct,0.1149004379658502,-0.1642778045829614,0.7488617408236661,0.8598568643332525,296,1.265431267832278,0.0073450902345393,0.6334918172638098,0.1095824365055417,0.9337645986411252,0.2142857142857142,0.992063492063492,126
2021,500,wide_fresh,hold_then_enter,confirmation_borda,10pct,0.1408452522650916,-0.1290764715847312,0.9873576571556169,0.8175593504372098,311,1.3062538271866353,0.0082780763852685,0.6324501049097522,0.0815381455585807,0.763876310927783,0.4925373134328358,0.9850746268656716,134
2022,500,fresh,hold_then_enter,baseline_pro_rata,uncapped_v1,-0.1855161737570084,-0.2308715386808031,-0.8706193359672005,0.8756984985546732,910,0.5587091471901616,-0.012318803495668,0.4360332443419769,0.0844186156886054,1.0,0.0,0.9631901840490796,163
2022,500,fresh,hold_then_enter,baseline_pro_rata,50pct,-0.1696583248039882,-0.215803364731443,-0.802117670187764,0.8747716999933084,910,0.5587091471901615,-0.012318803495668,0.4360332443419769,0.0801161097589256,0.9950983085568976,0.0122699386503067,0.9631901840490796,163
2022,500,fresh,hold_then_enter,baseline_pro_rata,33pct,-0.1627711652616976,-0.208794567126305,-0.7920125279392337,0.87237126205632,912,0.556499405064952,-0.012402391611319,0.4364232855350136,0.0703434868268071,0.9806397290124952,0.0853658536585365,0.9817073170731708,164
2022,500,fresh,hold_then_enter,baseline_pro_rata,25pct,-0.1535495895684185,-0.2044535837497733,-0.7430644796634968,0.8704644786459494,912,0.5574919773356101,-0.0123526024569994,0.4364232855350136,0.0638090897761868,0.968261841892197,0.1036585365853658,0.9817073170731708,164
2022,500,fresh,hold_then_enter,baseline_pro_rata,20pct,-0.1519548166420351,-0.2049950875649417,-0.7344324774464414,0.8688242928993691,912,0.5574919773356104,-0.0123526024569994,0.4363910926136958,0.0591035732078353,0.9566412226463988,0.1280487804878048,0.9817073170731708,164
2022,500,fresh,hold_then_enter,baseline_pro_rata,10pct,-0.1825034587276259,-0.235777622867554,-0.9537689992773404,0.8554952930055787,911,0.5576680018817526,-0.0123573409777733,0.4383138852666804,0.0461828699188546,0.8989670875916438,0.2242424242424242,0.9757575757575756,165
2022,500,fresh,hold_then_enter,width_age_borda,uncapped_v1,-0.1925298873715272,-0.2387571981042409,-0.8769499482263358,0.8746690874341884,910,0.5587091471901615,-0.012318803495668,0.436489786513531,0.0867495159501648,1.0,0.0,0.9631901840490796,163
2022,500,fresh,hold_then_enter,width_age_borda,50pct,-0.1693471971112333,-0.2160165073032686,-0.7703825429199361,0.8723559216051792,910,0.5587091471901614,-0.012318803495668,0.436489786513531,0.0829050956454867,0.9949465129490354,0.0122699386503067,0.9631901840490796,163
2022,500,fresh,hold_then_enter,width_age_borda,33pct,-0.1597494124998192,-0.2060865849112668,-0.7373970861605709,0.8698390824670599,910,0.5587091471901614,-0.012318803495668,0.4364546688691916,0.0728227658524142,0.978843260282969,0.0858895705521472,0.98159509202454,163
2022,500,fresh,hold_then_enter,width_age_borda,25pct,-0.1471089476987763,-0.1972641444111604,-0.6615119634845774,0.8681758526963884,912,0.5574919773356104,-0.0123526024569994,0.4371311089534892,0.0654739708423317,0.966868556454892,0.1158536585365853,0.9634146341463414,164
2022,500,fresh,hold_then_enter,width_age_borda,20pct,-0.1553438802861887,-0.205097557554182,-0.7189627636280584,0.8643647154909754,912,0.5574919773356105,-0.0123526024569994,0.4368032488046728,0.0604665349917667,0.9517930107365684,0.1280487804878048,0.9634146341463414,164
2022,500,fresh,hold_then_enter,width_age_borda,10pct,-0.1937533081019331,-0.2413501620419182,-0.9917238505508056,0.8472346320290485,911,0.5576680018817526,-0.0123573409777733,0.4387755643578852,0.0482691322238517,0.8877641916556033,0.2484848484848484,0.9757575757575756,165
2022,500,fresh,no_new_low_green,baseline_pro_rata,uncapped_v1,-0.1338059510152182,-0.2778573011912223,-0.5178995417478918,0.8946608016921419,566,0.6753732340949677,-0.0083142086737785,0.5183350224252992,0.093054810958963,1.0,0.0,0.9833333333333332,120
2022,500,fresh,no_new_low_green,baseline_pro_rata,50pct,-0.129092884600103,-0.277857301191222,-0.4945949377435024,0.8946608016921419,566,0.6753732340949677,-0.0083142086737785,0.5183350224252992,0.0888881442922963,0.9958333333333332,0.0083333333333333,0.9833333333333332,120
2022,500,fresh,no_new_low_green,baseline_pro_rata,33pct,-0.1002129683706095,-0.2318238355954186,-0.4077147658199653,0.8896092702231542,664,0.5899658757147147,-0.0109312782554845,0.5136754471191363,0.0716500347564488,0.983421631180883,0.0638297872340425,0.9858156028368794,141
2022,500,fresh,no_new_low_green,baseline_pro_rata,25pct,-0.0998298639444107,-0.2152209719679545,-0.426497146147053,0.885249220808367,664,0.5899658757147147,-0.0109312782554844,0.5136754471191363,0.0680860644799269,0.9702685950273492,0.0851063829787234,0.9858156028368794,141
2022,500,fresh,no_new_low_green,baseline_pro_rata,20pct,-0.1066353990078866,-0.2105023480002648,-0.4824421643504509,0.8800569300459135,664,0.5899658757147147,-0.0109312782554844,0.5136754471191363,0.0646717120992917,0.9517722866372514,0.1347517730496454,0.9858156028368794,141
2022,500,fresh,no_new_low_green,baseline_pro_rata,10pct,-0.1339415802376475,-0.2283706121966852,-0.704580785835227,0.8476333896542958,749,0.5477608985152768,-0.012476891779482,0.5166408806167202,0.0501076198260042,0.8695153379327167,0.2848101265822785,0.9873417721518988,158
2022,500,fresh,no_new_low_green,width_age_borda,uncapped_v1,-0.1541627607711619,-0.2838330490296968,-0.5951370543127609,0.8865811839095428,566,0.6753732340949677,-0.0083142086737785,0.5200983824955536,0.1009255943635294,1.0,0.0,0.975,120
2022,500,fresh,no_new_low_green,width_age_borda,50pct,-0.1435679004887353,-0.2809621987027781,-0.5597182013908694,0.8876145589513361,566,0.6753732340949676,-0.0083142086737785,0.5196354195325906,0.0951973247970225,0.9958333333333332,0.0083333333333333,0.9833333333333332,120
2022,500,fresh,no_new_low_green,width_age_borda,33pct,-0.1133950562646043,-0.2385898595070794,-0.4662836814342576,0.8810382803623866,664,0.5899658757147147,-0.0109312782554845,0.5159612585598998,0.0774349678172853,0.9823370785333572,0.0638297872340425,0.9858156028368794,141
2022,500,fresh,no_new_low_green,width_age_borda,25pct,-0.1115576160216782,-0.224349554309103,-0.4802538363805,0.8755940433832295,664,0.5899658757147147,-0.0109312782554845,0.5159294202490838,0.0738674662070268,0.9671120834897132,0.0921985815602836,0.9858156028368794,141
2022,500,fresh,no_new_low_green,width_age_borda,20pct,-0.1193213745560145,-0.2234251584121939,-0.5493625432629886,0.8684488791950972,719,0.5336633240121519,-0.01287489819248,0.5123231258345787,0.0674340444866903,0.949187028136192,0.1351351351351351,0.9864864864864864,148
2022,500,fresh,no_new_low_green,width_age_borda,10pct,-0.1232487208012794,-0.2240073692873492,-0.6278985562766742,0.8429425455437293,748,0.5413817338355836,-0.0126698031268595,0.5161889082521006,0.0528546928109626,0.8660210914914204,0.2993630573248407,0.9872611464968152,157
2022,500,wide_fresh,hold_then_enter,baseline_pro_rata,uncapped_v1,-0.0919499197054306,-0.1769887042409588,-0.2119672118328351,0.8665172202775158,417,0.7194952573425879,-0.0089395260207643,0.5099705983528352,0.1058236535378622,1.0,0.0,0.982608695652174,115
2022,500,wide_fresh,hold_then_enter,baseline_pro_rata,50pct,-0.0912916495105647,-0.1720065803688512,-0.2424160157899803,0.863154989143899,463,0.6672648816172964,-0.010859771904141,0.50445618985466,0.0941876539502138,0.9921266154703712,0.0238095238095238,0.984126984126984,126
2022,500,wide_fresh,hold_then_enter,baseline_pro_rata,33pct,-0.1083804381154863,-0.1764945726804402,-0.3568335232203014,0.8546424767201294,468,0.6640834356655875,-0.0108984375827532,0.5068521327299882,0.0896336077092632,0.973885583586482,0.09375,0.984375,128
2022,500,wide_fresh,hold_then_enter,baseline_pro_rata,25pct,-0.141531467796292,-0.1844339841635637,-0.5580779386351917,0.8500019577397359,474,0.666287908514616,-0.0108575836359443,0.5015699077761595,0.0827816294332355,0.9568249233854608,0.1240310077519379,0.9844961240310076,129
2022,500,wide_fresh,hold_then_enter,baseline_pro_rata,20pct,-0.1432999524824277,-0.1916167891491805,-0.5849697727976622,0.8443737065549864,491,0.6398032227387873,-0.0117818481635801,0.4991824402654471,0.0777338746994604,0.9361903958475548,0.1603053435114503,0.9923664122137404,131
2022,500,wide_fresh,hold_then_enter,baseline_pro_rata,10pct,-0.1591215757223546,-0.2300155389612715,-0.6935583666044606,0.8104648952394541,518,0.6255898671780096,-0.0121089376872718,0.5087422799545069,0.059650605360082,0.8426155656976908,0.3286713286713286,0.9790209790209792,143
2022,500,wide_fresh,hold_then_enter,confirmation_borda,uncapped_v1,-0.1305202267589514,-0.2112592690533963,-0.3927971974622676,0.8532613997750863,421,0.7125284130815578,-0.0091632369765999,0.5288495297042306,0.1205643394727754,1.0,0.0,0.9487179487179488,117
2022,500,wide_fresh,hold_then_enter,confirmation_borda,50pct,-0.1307665107945564,-0.2070474150650445,-0.4050913018265901,0.8573429806890122,463,0.6672648816172966,-0.010859771904141,0.5230677024327818,0.1062412988447626,0.9927684485157297,0.0238095238095238,0.9682539682539684,126
2022,500,wide_fresh,hold_then_enter,confirmation_borda,33pct,-0.1272233072182725,-0.1754228262176446,-0.4551206132555915,0.8452780560179016,467,0.6615760773253774,-0.0110449995890945,0.5234076542560491,0.1000238814898136,0.9699365042800192,0.1015625,0.96875,128
2022,500,wide_fresh,hold_then_enter,confirmation_borda,25pct,-0.0898054390170116,-0.164777056054082,-0.2977258709280177,0.8340960598286059,485,0.6447902017488023,-0.0116714894908829,0.5196605948577986,0.0929907810149317,0.9460081009255396,0.1538461538461538,0.9692307692307692,130
2022,500,wide_fresh,hold_then_enter,confirmation_borda,20pct,-0.1040621142180585,-0.1671985059464472,-0.3777986617711619,0.82733211957308,492,0.6381456559262887,-0.0118426906497078,0.5169005943858853,0.0868646032104389,0.9255082475643412,0.1818181818181818,0.9696969696969696,132
2022,500,wide_fresh,hold_then_enter,confirmation_borda,10pct,-0.143384609264773,-0.2162109588025877,-0.6083516504852335,0.7948979189424714,525,0.6101871763203316,-0.012752979406975,0.5148374330470671,0.0651691518635447,0.8317881600359168,0.3566433566433566,0.9790209790209792,143
2023,500,fresh,hold_then_enter,baseline_pro_rata,uncapped_v1,0.3856535712725308,-0.146543995577848,2.0219236398040743,0.9209812990632974,860,1.240874989442125,0.0052178355201049,0.4114111263291375,0.0457964361403542,1.0,0.0,1.0,183
2023,500,fresh,hold_then_enter,baseline_pro_rata,50pct,0.3856535712725308,-0.146543995577848,2.0219236398040743,0.9209812990632974,860,1.240874989442125,0.0052178355201049,0.4114111263291375,0.0457964361403542,1.0,0.0,1.0,183
2023,500,fresh,hold_then_enter,baseline_pro_rata,33pct,0.3862330624041401,-0.1465388746505619,2.024434518761056,0.9209756200001072,860,1.2408749894421254,0.0052178355201049,0.4114111263291375,0.0456572433272567,0.9995891581563104,0.0109289617486338,1.0,183
2023,500,fresh,hold_then_enter,baseline_pro_rata,25pct,0.3731547767380658,-0.1411345916752283,2.0386943701546825,0.9202183345363996,861,1.2355133769218525,0.0051147302656278,0.4122832511108694,0.0438986501966266,0.9942754229088968,0.0326086956521739,1.0,184
2023,500,fresh,hold_then_enter,baseline_pro_rata,20pct,0.3610284346164141,-0.133525549935623,2.0552746909813298,0.9191930467025468,861,1.2355133769218525,0.0051147302656278,0.4121526665420998,0.042527878186615,0.9875430402665442,0.0489130434782608,1.0,184
2023,500,fresh,hold_then_enter,baseline_pro_rata,10pct,0.2580610327723145,-0.1258229525350732,1.7203455471239943,0.9096292009003548,867,1.2250312804395975,0.0048947934996769,0.4115088257185985,0.0374293496823498,0.9487883018207084,0.1397849462365591,1.0,186
2023,500,fresh,hold_then_enter,width_age_borda,uncapped_v1,0.3013388338667633,-0.1710545353219565,1.6729348001362314,0.9199256232529108,860,1.2408749894421247,0.0052178355201049,0.4103621840763112,0.0467995785577869,1.0,0.0,1.0,183
2023,500,fresh,hold_then_enter,width_age_borda,50pct,0.3013388338667633,-0.1710545353219565,1.6729348001362314,0.9199256232529108,860,1.2408749894421247,0.0052178355201049,0.4103621840763112,0.0467995785577869,1.0,0.0,1.0,183
2023,500,fresh,hold_then_enter,width_age_borda,33pct,0.3133416623047829,-0.1632576882918052,1.7365085291920777,0.9197589709694466,861,1.2355133769218527,0.0051147302656278,0.4108480931191052,0.0460395067563592,0.9999421992497144,0.0054347826086956,1.0,184
2023,500,fresh,hold_then_enter,width_age_borda,25pct,0.3120999806017708,-0.1540083283150936,1.7915694075072106,0.9186016689226582,861,1.2355133769218525,0.0051147302656278,0.4108465116522546,0.0452211255788127,0.9956812421716886,0.0271739130434782,1.0,184
2023,500,fresh,hold_then_enter,width_age_borda,20pct,0.3147276758183197,-0.1467605917828432,1.8478732221097656,0.9175103181407483,861,1.2355133769218527,0.0051147302656278,0.4107675363557084,0.0438570814746046,0.9883164856721678,0.0434782608695652,1.0,184
2023,500,fresh,hold_then_enter,width_age_borda,10pct,0.2675281636369226,-0.1279390823477195,1.761348631005443,0.9080473190279468,867,1.2250312804395969,0.0048947934996769,0.4104299322511607,0.0384648573350974,0.9472203122520192,0.1559139784946236,1.0,186
2023,500,fresh,no_new_low_green,baseline_pro_rata,uncapped_v1,0.2620047790148641,-0.1859715825524123,1.5312393348957123,0.9242956934368904,691,1.3419709974014598,0.0074039086106397,0.470834602429086,0.0477776868516048,1.0,0.0,1.0,173
2023,500,fresh,no_new_low_green,baseline_pro_rata,50pct,0.2620047790148641,-0.1859715825524123,1.5312393348957123,0.9242956934368904,691,1.3419709974014598,0.0074039086106397,0.470834602429086,0.0477776868516048,1.0,0.0,1.0,173
2023,500,fresh,no_new_low_green,baseline_pro_rata,33pct,0.2785385140624001,-0.1736019455964808,1.6341613380678548,0.9236349116499666,691,1.3419709974014598,0.0074039086106397,0.470834602429086,0.0466272871248858,0.9969150393187348,0.0231213872832369,1.0,173
2023,500,fresh,no_new_low_green,baseline_pro_rata,25pct,0.2873729384563086,-0.1597930695947828,1.7213548961220388,0.9220985849958644,692,1.335781037319503,0.0072930257973004,0.4738757828748958,0.0453605628972619,0.9922185327469512,0.0344827586206896,1.0,174
2023,500,fresh,no_new_low_green,baseline_pro_rata,20pct,0.2859915406603319,-0.1509994490924162,1.7489455466166632,0.9203269381867576,692,1.3357810373195032,0.0072930257973004,0.4738757828748958,0.0450612441572601,0.9882513441163788,0.0344827586206896,1.0,174
2023,500,fresh,no_new_low_green,baseline_pro_rata,10pct,0.2510015718406286,-0.135287572881493,1.66822944933052,0.9126407107108948,701,1.3164746754862209,0.0068849594669937,0.4696279284161166,0.0401589069677374,0.9545231965002894,0.1299435028248587,1.0,177
2023,500,fresh,no_new_low_green,width_age_borda,uncapped_v1,0.2520234716284655,-0.1962736248325501,1.4432174290065931,0.9216920059705752,691,1.3419709974014595,0.0074039086106397,0.4711766493618927,0.0518393656504921,1.0,0.0,0.9942196531791908,173
2023,500,fresh,no_new_low_green,width_age_borda,50pct,0.2520234716284655,-0.1962736248325501,1.4432174290065931,0.9216920059705752,691,1.3419709974014595,0.0074039086106397,0.4711766493618927,0.0518393656504921,1.0,0.0,0.9942196531791908,173
2023,500,fresh,no_new_low_green,width_age_borda,33pct,0.2832802422111797,-0.1757148245543072,1.6296200351087424,0.9203443860874124,691,1.34197099740146,0.0074039086106397,0.4711766493618927,0.049626135839053,0.9948767572200712,0.0289017341040462,1.0,173
2023,500,fresh,no_new_low_green,width_age_borda,25pct,0.2908347340112833,-0.1615580616473156,1.720020814197407,0.9178499380190696,692,1.3357810373195025,0.0072930257973003,0.4742158640207324,0.0484630452401869,0.9898344921783044,0.0344827586206896,1.0,174
2023,500,fresh,no_new_low_green,width_age_borda,20pct,0.2912549193918512,-0.1539413043303079,1.7581086900794065,0.9158180696966036,692,1.3357810373195027,0.0072930257973004,0.4739617984412759,0.0480499797007527,0.98613681614539,0.0344827586206896,1.0,174
2023,500,fresh,no_new_low_green,width_age_borda,10pct,0.2710091156302336,-0.1389552822939966,1.7299723741009128,0.9081648376196676,701,1.3164746754862209,0.0068849594669936,0.4701357689922167,0.042028109616047,0.9500573857989012,0.1525423728813559,1.0,177
2023,500,wide_fresh,hold_then_enter,baseline_pro_rata,uncapped_v1,0.629871680023963,-0.1250442556141056,2.4044147804218725,0.9306380800051705,328,1.4431960688978025,0.011668774487211,0.6332461734373859,0.0681605269077621,1.0,0.0,1.0,122
2023,500,wide_fresh,hold_then_enter,baseline_pro_rata,50pct,0.629871680023963,-0.1250442556141056,2.4044147804218725,0.9306380800051705,328,1.4431960688978025,0.011668774487211,0.6332461734373859,0.0681605269077621,1.0,0.0,1.0,122
2023,500,wide_fresh,hold_then_enter,baseline_pro_rata,33pct,0.5522055978202476,-0.1247790343882527,2.3302513446797217,0.9278241263229972,329,1.435498986347831,0.0114925628745345,0.6362279118647243,0.0684051068263419,0.995439750657496,0.048780487804878,1.0,123
2023,500,wide_fresh,hold_then_enter,baseline_pro_rata,25pct,0.5040372520526903,-0.1196779025070022,2.2813178010635253,0.9266758172693826,329,1.435498986347831,0.0114925628745344,0.6362279118647243,0.0666413224950362,0.9863334550918263,0.065040650406504,1.0,123
2023,500,wide_fresh,hold_then_enter,baseline_pro_rata,20pct,0.4737737424968262,-0.1164896950812206,2.225553024140168,0.9248907083500096,329,1.435498986347831,0.0114925628745344,0.6351211742049503,0.0647369913653918,0.9761982751757148,0.0806451612903225,1.0,124
2023,500,wide_fresh,hold_then_enter,baseline_pro_rata,10pct,0.3336530242773659,-0.1276534750323528,1.7718975729013593,0.9044733380975656,345,1.403217666705114,0.0107347642738749,0.6345704020300129,0.057795637667605,0.8837466184581516,0.2727272727272727,1.0,132
2023,500,wide_fresh,hold_then_enter,confirmation_borda,uncapped_v1,0.6627038779287884,-0.1095171475490301,2.5666524417601044,0.927133359015252,328,1.443196068897803,0.011668774487211,0.6509124451747402,0.080411425648197,1.0,0.0,1.0,122
2023,500,wide_fresh,hold_then_enter,confirmation_borda,50pct,0.6627038779287884,-0.1095171475490301,2.5666524417601044,0.927133359015252,328,1.443196068897803,0.011668774487211,0.6509124451747402,0.080411425648197,1.0,0.0,1.0,122
2023,500,wide_fresh,hold_then_enter,confirmation_borda,33pct,0.639360098450497,-0.110154137834883,2.536690486764723,0.9256896429746616,329,1.435498986347831,0.0114925628745344,0.6537505553765717,0.0803713146131146,0.9967601277404924,0.032520325203252,1.0,123
2023,500,wide_fresh,hold_then_enter,confirmation_borda,25pct,0.5967599238779517,-0.1124424450625144,2.48708701159948,0.9234406010328424,331,1.408382876464761,0.0109181063892106,0.6479716502203821,0.0785672514917535,0.9873842551089912,0.0725806451612903,1.0,124
2023,500,wide_fresh,hold_then_enter,confirmation_borda,20pct,0.5490614446955222,-0.1155079790988884,2.4025021670291893,0.9207989238620649,333,1.3995363069873874,0.0106845534512829,0.6464313344391487,0.0768020692531547,0.9770636583975804,0.096,1.0,125
2023,500,wide_fresh,hold_then_enter,confirmation_borda,10pct,0.3764890742186226,-0.1113549378918294,1.9664683448654328,0.8856959534344594,360,1.3388166320054902,0.0091192587514622,0.6426612950822653,0.0651369916159971,0.8469061225180645,0.3503649635036496,0.9927007299270072,137
2024,500,fresh,hold_then_enter,baseline_pro_rata,uncapped_v1,-0.0561659073291018,-0.0913176607247321,-0.4012303374950756,0.9066784655661037,984,1.060910760206774,0.0012985208518483,0.3580602122706408,0.0447431670362789,1.0,0.0,0.9949748743718592,199
2024,500,fresh,hold_then_enter,baseline_pro_rata,50pct,-0.0521721577554894,-0.0905624729601366,-0.3683772238200384,0.9064658175094632,984,1.060910760206774,0.0012985208518483,0.3580602122706408,0.0446523278329474,0.9995565064745636,0.0050251256281407,1.0,199
2024,500,fresh,hold_then_enter,baseline_pro_rata,33pct,-0.0367927792718453,-0.0914886939232387,-0.2477541068276566,0.9061700701701942,984,1.060910760206774,0.0012985208518483,0.3580602122706408,0.0426292337418836,0.9964453236279304,0.0150753768844221,1.0,199
2024,500,fresh,hold_then_enter,baseline_pro_rata,25pct,-0.0217233544568417,-0.091447722221174,-0.1195848203307229,0.9068262494152376,984,1.0609107602067742,0.0012985208518483,0.3580602122706408,0.0407612274674921,0.9932236761485792,0.0201005025125628,1.0,199
2024,500,fresh,hold_then_enter,baseline_pro_rata,20pct,-0.0095901248080146,-0.0908192465914736,-0.0179007713602872,0.9070354515846548,984,1.0609107602067738,0.0012985208518483,0.3580602122706408,0.0394020677266243,0.9898318954124956,0.0301507537688442,1.0,199
2024,500,fresh,hold_then_enter,baseline_pro_rata,10pct,0.0375020993157277,-0.0833336286830457,0.3664505784697735,0.8996158588276298,1001,1.0690725752682706,0.0014748278675501,0.3583920938442262,0.0352432600336691,0.96187130112269,0.0891089108910891,1.0,202
2024,500,fresh,hold_then_enter,width_age_borda,uncapped_v1,-0.0305239835257253,-0.0900523968177893,-0.1839441736688198,0.9013844786291288,984,1.0609107602067738,0.0012985208518483,0.358822533692634,0.0478914427742823,1.0,0.0,0.9949748743718592,199
2024,500,fresh,hold_then_enter,width_age_borda,50pct,-0.0274235291515649,-0.0899603457008831,-0.1592472843611004,0.9012237085400892,984,1.0609107602067738,0.0012985208518483,0.358822533692634,0.0478129146868894,0.9995114457908976,0.0050251256281407,1.0,199
2024,500,fresh,hold_then_enter,width_age_borda,33pct,-0.0231647928944471,-0.0902417018810792,-0.1316152771474698,0.9002034966281445,984,1.0609107602067738,0.0012985208518483,0.3585433600466262,0.0454292070964592,0.9953684270660992,0.0201005025125628,1.0,199
2024,500,fresh,hold_then_enter,width_age_borda,25pct,-0.0050970056590009,-0.0897297188072417,0.0191317782596711,0.9004631802351297,984,1.0609107602067736,0.0012985208518482,0.3585433600466262,0.0434491154775203,0.9910867351048324,0.0301507537688442,1.0,199
2024,500,fresh,hold_then_enter,width_age_borda,20pct,0.0142269536837915,-0.0892252892568935,0.176573433153024,0.9000683329383998,984,1.0609107602067738,0.0012985208518483,0.3584526250507853,0.0417449412295117,0.9875245945891394,0.0351758793969849,1.0,199
2024,500,fresh,hold_then_enter,width_age_borda,10pct,0.0373172969000779,-0.0864168707064847,0.3640999239943933,0.8918873867794961,1001,1.0690725752682706,0.0014748278675501,0.3587120825813772,0.0368705872144611,0.9575793518926472,0.094059405940594,1.0,202
2024,500,fresh,no_new_low_green,baseline_pro_rata,uncapped_v1,0.0540239631632517,-0.1044809207357911,0.4645130537513343,0.9121716107201984,834,1.3084474001514994,0.006721621202767,0.4451192301246903,0.0514099589583651,1.0,0.0,0.9949238578680204,197
2024,500,fresh,no_new_low_green,baseline_pro_rata,50pct,0.0540239631632517,-0.1044809207357911,0.4645130537513343,0.9121716107201984,834,1.3084474001514994,0.006721621202767,0.4451192301246903,0.0514099589583651,1.0,0.0,0.9949238578680204,197
2024,500,fresh,no_new_low_green,baseline_pro_rata,33pct,0.0482333367500971,-0.1027321918532713,0.4283089342704458,0.911299785349774,834,1.3084474001514992,0.006721621202767,0.4451192301246903,0.0501725235822085,0.9968808939981338,0.0203045685279187,0.9949238578680204,197
2024,500,fresh,no_new_low_green,baseline_pro_rata,25pct,0.0416087772410227,-0.097194097788092,0.3856314816807303,0.910030524897072,834,1.3084474001515,0.006721621202767,0.4449111505545954,0.0484498874843568,0.992015875171587,0.0355329949238578,0.9949238578680204,197
2024,500,fresh,no_new_low_green,baseline_pro_rata,20pct,0.0414744199489482,-0.091532307186306,0.3885170346113049,0.9086662106287972,834,1.3084474001514994,0.006721621202767,0.4448372222284691,0.0467244884261242,0.985566051993166,0.0507614213197969,0.9949238578680204,197
2024,500,fresh,no_new_low_green,baseline_pro_rata,10pct,0.0644282611641406,-0.0859953016278953,0.5781269107109599,0.8943678222026848,844,1.3184030045160902,0.0068726860368892,0.4424083377447193,0.0410314483833868,0.9339248716850368,0.185929648241206,0.9949748743718592,199
2024,500,fresh,no_new_low_green,width_age_borda,uncapped_v1,0.0397843892933866,-0.1078517946682839,0.3593885040897279,0.9095245595336324,834,1.3084474001514994,0.006721621202767,0.4463353630322358,0.0540964577401665,1.0,0.0,0.9949238578680204,197
2024,500,fresh,no_new_low_green,width_age_borda,50pct,0.0397843892933866,-0.1078517946682839,0.3593885040897279,0.9095245595336324,834,1.3084474001514994,0.006721621202767,0.4463353630322358,0.0540964577401665,1.0,0.0,0.9949238578680204,197
2024,500,fresh,no_new_low_green,width_age_borda,33pct,0.0265457341227588,-0.1047756728625772,0.2681307781088718,0.907599368581925,834,1.3084474001514992,0.006721621202767,0.4463353630322358,0.0525292876681485,0.9958321603507851,0.0203045685279187,0.9949238578680204,197
2024,500,fresh,no_new_low_green,width_age_borda,25pct,0.0201227091281297,-0.1005942599646911,0.220879132104529,0.9057378514568905,834,1.3084474001514994,0.006721621202767,0.4462934071635939,0.0505331470199521,0.9903444331567324,0.0304568527918781,0.9949238578680204,197
2024,500,fresh,no_new_low_green,width_age_borda,20pct,0.0082903902904221,-0.0972650771484869,0.1284630625928367,0.9034305420732176,834,1.3084474001515,0.006721621202767,0.4461716536074076,0.0492558148054821,0.9844976158013752,0.0456852791878172,0.9949238578680204,197
2024,500,fresh,no_new_low_green,width_age_borda,10pct,0.0116234465584936,-0.0931395243352374,0.1567223149067806,0.8876676547561748,844,1.31840300451609,0.0068726860368892,0.4429499455622134,0.0436377673498304,0.9299170675929154,0.1809045226130653,0.9949748743718592,199
2024,500,wide_fresh,hold_then_enter,baseline_pro_rata,uncapped_v1,0.1832608723955306,-0.0901342930212304,1.0478841353481416,0.907501381577676,339,1.1950039000588948,0.0051520649153465,0.5699304401401156,0.0930428351530582,1.0,0.0,0.9763779527559056,127
2024,500,wide_fresh,hold_then_enter,baseline_pro_rata,50pct,0.1832608723955306,-0.0901342930212304,1.0478841353481416,0.907501381577676,339,1.1950039000588948,0.0051520649153465,0.5699304401401156,0.0930428351530582,1.0,0.0,0.9763779527559056,127
2024,500,wide_fresh,hold_then_enter,baseline_pro_rata,33pct,0.1271551411297926,-0.0871868592838788,0.8780238128541895,0.90788990944815,374,1.1186972720990795,0.0031361666108982,0.5710003836966397,0.0775091686433195,0.9823423106551412,0.0869565217391304,0.9710144927536232,138
2024,500,wide_fresh,hold_then_enter,baseline_pro_rata,25pct,0.1011539502830696,-0.0871811875851672,0.7526126652001172,0.9023345242043784,375,1.1133232371869533,0.003000606188156,0.5740867118714841,0.0749185508954695,0.9667824767167016,0.1079136690647482,0.9712230215827338,139
2024,500,wide_fresh,hold_then_enter,baseline_pro_rata,20pct,0.0905669364724217,-0.0876169875706482,0.6946463954355779,0.898446160549011,375,1.1133232371869537,0.003000606188156,0.5740867118714841,0.0737845201248263,0.9533438277073872,0.1294964028776978,0.9712230215827338,139
2024,500,wide_fresh,hold_then_enter,baseline_pro_rata,10pct,0.0976495041673093,-0.0879926723470695,0.7392910356527538,0.8804568819026884,415,1.073050863674636,0.001967289242119,0.5717223487791928,0.0580732249064079,0.882309125927761,0.2515723270440251,0.9748427672955976,159
2024,500,wide_fresh,hold_then_enter,confirmation_borda,uncapped_v1,0.2316081204120421,-0.083756555966925,1.332929744837738,0.9028018494876224,349,1.151834930695542,0.0040392462894812,0.5973768950868188,0.1008777267651712,1.0,0.0,0.9541984732824428,131
2024,500,wide_fresh,hold_then_enter,confirmation_borda,50pct,0.2316081204120421,-0.083756555966925,1.332929744837738,0.9028018494876224,349,1.151834930695542,0.0040392462894812,0.5973768950868188,0.1008777267651712,1.0,0.0,0.9541984732824428,131
2024,500,wide_fresh,hold_then_enter,confirmation_borda,33pct,0.1711729016633325,-0.0779481725683629,1.1345090542693688,0.899790046396459,375,1.1133232371869537,0.003000606188156,0.5947124822166613,0.0887761798255334,0.9819374745449568,0.0863309352517985,0.9640287769784172,139
2024,500,wide_fresh,hold_then_enter,confirmation_borda,25pct,0.1571234533150876,-0.0767081552096926,1.1050708864893335,0.8945169906119983,375,1.1133232371869537,0.003000606188156,0.5946615867479177,0.088082486056352,0.9681220969845882,0.1079136690647482,0.9640287769784172,139
2024,500,wide_fresh,hold_then_enter,confirmation_borda,20pct,0.1517181666836231,-0.0756051665150275,1.0852595356880557,0.8911279961024342,375,1.1133232371869537,0.003000606188156,0.5941447768849569,0.0870104477018383,0.9553196377105618,0.1294964028776978,0.9640287769784172,139
2024,500,wide_fresh,hold_then_enter,confirmation_borda,10pct,0.1419995602434078,-0.0859683992531045,1.0082231423279646,0.8651096769073114,423,1.0783942461718612,0.0021134941425584,0.5851540761318862,0.0637169046065576,0.8656214411953602,0.2962962962962963,0.9753086419753086,162
2025,500,fresh,hold_then_enter,baseline_pro_rata,uncapped_v1,0.1946908758860044,-0.1224444955569533,0.954178491212498,0.9202357668955692,777,1.3312292424746452,0.0084191580375449,0.4279303576750632,0.0425853860649136,1.0,0.0,1.0,184
2025,500,fresh,hold_then_enter,baseline_pro_rata,50pct,0.2219885012102036,-0.1224444955569533,1.0410399847566956,0.9193922518490388,777,1.3312292424746448,0.0084191580375449,0.4276505373634196,0.0429342925170325,1.0,0.0,1.0,184
2025,500,fresh,hold_then_enter,baseline_pro_rata,33pct,0.2067187660046701,-0.1225128293334498,0.9979857533461104,0.9200808580372706,791,1.324200754520234,0.0082814335614451,0.4282388725235843,0.0402716065159479,0.9982043406844928,0.0159574468085106,1.0,188
2025,500,fresh,hold_then_enter,baseline_pro_rata,25pct,0.1903922729199318,-0.1225984321156443,0.9504665061034931,0.9198737865300636,791,1.324200754520234,0.0082814335614451,0.4279517635445697,0.0389055893910298,0.9959960423272076,0.0159574468085106,1.0,188
2025,500,fresh,hold_then_enter,baseline_pro_rata,20pct,0.1837990710647494,-0.1238675653868538,0.9189726920456468,0.9189296962480692,791,1.324200754520234,0.0082814335614451,0.4276818205105154,0.0382069850007833,0.9938634230686516,0.0319148936170212,1.0,188
2025,500,fresh,hold_then_enter,baseline_pro_rata,10pct,0.2516055210339181,-0.1032778400667198,1.106174628151722,0.9121442990531972,791,1.324200754520234,0.0082814335614451,0.4272699228723329,0.0359599755132927,0.9673781564450304,0.0957446808510638,1.0,188
2025,500,fresh,hold_then_enter,width_age_borda,uncapped_v1,0.3064423033816028,-0.1250116334230222,1.1401831682632817,0.915954077842176,777,1.3312292424746448,0.0084191580375449,0.4248363250634017,0.0447474121652539,1.0,0.0,1.0,184
2025,500,fresh,hold_then_enter,width_age_borda,50pct,0.3064423033816028,-0.1250116334230222,1.1401831682632817,0.915954077842176,777,1.3312292424746448,0.0084191580375449,0.4248363250634017,0.0447474121652539,1.0,0.0,1.0,184
2025,500,fresh,hold_then_enter,width_age_borda,33pct,0.2823055181949743,-0.1249553537797059,1.0851538160591805,0.9161383905231412,791,1.3242007545202337,0.0082814335614451,0.425447294790614,0.0423620814763413,0.998122711415474,0.0159574468085106,1.0,188
2025,500,fresh,hold_then_enter,width_age_borda,25pct,0.2705772769076175,-0.1237216043262363,1.0602361275436325,0.9159321019973444,791,1.324200754520234,0.0082814335614451,0.425447294790614,0.0413228806007471,0.9959359990252472,0.0159574468085106,1.0,188
2025,500,fresh,hold_then_enter,width_age_borda,20pct,0.2664428734479278,-0.1207182718492723,1.0543887536236358,0.915887281263897,791,1.3242007545202334,0.008281433561445,0.425447294790614,0.0405432417101944,0.9938332077619272,0.0212765957446808,1.0,188
2025,500,fresh,hold_then_enter,width_age_borda,10pct,0.3300493322201265,-0.1061031052973443,1.1564586475416438,0.9110299213372024,791,1.324200754520234,0.0082814335614451,0.424952010744306,0.0371914871980502,0.9682033107315904,0.1063829787234042,1.0,188
2025,500,fresh,no_new_low_green,baseline_pro_rata,uncapped_v1,0.320437299058752,-0.1323436516536508,0.9773473758943504,0.9164381292926088,618,1.3229959149561967,0.008680316841773,0.5008785965181335,0.0509249864772593,1.0,0.0,1.0,164
2025,500,fresh,no_new_low_green,baseline_pro_rata,50pct,0.320437299058752,-0.1323436516536508,0.9773473758943504,0.9164381292926088,618,1.3229959149561967,0.008680316841773,0.5008785965181335,0.0509249864772593,1.0,0.0,1.0,164
2025,500,fresh,no_new_low_green,baseline_pro_rata,33pct,0.32077619226952,-0.1327151442494935,0.9784981150003352,0.9161703509976856,618,1.3229959149561967,0.0086803168417729,0.5008628146544464,0.0498557793193121,0.9980244285791624,0.0182926829268292,1.0,164
2025,500,fresh,no_new_low_green,baseline_pro_rata,25pct,0.347447603801378,-0.1248589147397314,1.0114762926010488,0.9133134755999884,618,1.322995914956197,0.008680316841773,0.5003898098674284,0.0492488874019414,0.9954731515963166,0.0182926829268292,1.0,164
2025,500,fresh,no_new_low_green,baseline_pro_rata,20pct,0.3515371079868079,-0.1246247055869426,1.0162827760534237,0.9123338237746296,620,1.3310519050313625,0.0088740810136931,0.5063900993713287,0.0481190152652845,0.9899203077670062,0.0421686746987951,1.0,166
2025,500,fresh,no_new_low_green,baseline_pro_rata,10pct,0.3492807875280277,-0.1246245127566655,0.9407118088306048,0.8996764523578025,642,1.3036065643431665,0.0081273099300872,0.5040157196019144,0.0431863479103183,0.9564637593438085,0.1162790697674418,0.994186046511628,172
2025,500,fresh,no_new_low_green,width_age_borda,uncapped_v1,0.4474509703975526,-0.1221585362556769,1.0802111378491135,0.91013569758304,618,1.3229959149561974,0.008680316841773,0.4982841269147333,0.0541042006394661,1.0,0.0,1.0,164
2025,500,fresh,no_new_low_green,width_age_borda,50pct,0.4474509703975526,-0.1221585362556769,1.0802111378491135,0.91013569758304,618,1.3229959149561974,0.008680316841773,0.4982841269147333,0.0541042006394661,1.0,0.0,1.0,164
2025,500,fresh,no_new_low_green,width_age_borda,33pct,0.4469948165594859,-0.1224507038907556,1.0794028911259037,0.9100578130407788,618,1.3229959149561967,0.008680316841773,0.4982841269147333,0.0538583039742364,0.9995760263573568,0.0121951219512195,1.0,164
2025,500,fresh,no_new_low_green,width_age_borda,25pct,0.4221179299814876,-0.1235706071633561,1.0466877285308749,0.9105034065773656,619,1.322106800220233,0.0086482499278027,0.5012677335230368,0.0515677079413151,0.9970469262241156,0.0242424242424242,1.0,165
2025,500,fresh,no_new_low_green,width_age_borda,20pct,0.4071009479526057,-0.1253581970498134,1.0356652814224565,0.9104220809322048,620,1.3310519050313625,0.0088740810136931,0.5042535952651582,0.0498166526152208,0.9899118044132924,0.0481927710843373,1.0,166
2025,500,fresh,no_new_low_green,width_age_borda,10pct,0.393154852293361,-0.12934631646979,0.9681690043331184,0.8948145815380344,642,1.3036065643431665,0.0081273099300872,0.5014858734348551,0.0448293424512412,0.953015781605732,0.1337209302325581,0.994186046511628,172
2025,500,wide_fresh,hold_then_enter,baseline_pro_rata,uncapped_v1,0.4571748817958494,-0.1407545170355678,1.290894134309561,0.9213978913972308,299,1.100974450539159,0.0037834393544427,0.6027414189650346,0.077675911494979,1.0,0.0,0.9915966386554622,119
2025,500,wide_fresh,hold_then_enter,baseline_pro_rata,50pct,0.4783151736374549,-0.1467529595072031,1.322199989377339,0.9194568881225162,299,1.1009744505391588,0.0037834393544427,0.6023994968863787,0.0786361651224621,0.9984574328276816,0.0084033613445378,0.9915966386554622,119
2025,500,wide_fresh,hold_then_enter,baseline_pro_rata,33pct,0.4009822884019549,-0.1592132592264992,1.2023624472667394,0.9163577952637676,301,1.0930475745721293,0.0034883753102007,0.6018852404736594,0.0740957112034506,0.9868624947405604,0.05,0.9916666666666668,120
2025,500,wide_fresh,hold_then_enter,baseline_pro_rata,25pct,0.3490277839096449,-0.1650494439286514,1.1219071446800224,0.9146366766656344,304,1.083918556736733,0.0031413149300001,0.6062882201549703,0.0708013289148634,0.9796773228054986,0.065040650406504,0.991869918699187,123
2025,500,wide_fresh,hold_then_enter,baseline_pro_rata,20pct,0.3282718820944226,-0.1678925169475125,1.0521363560413186,0.9118474595276428,304,1.0839185567367335,0.0031413149300001,0.6062882201549703,0.0713744935876209,0.9719006320022476,0.08130081300813,0.991869918699187,123
2025,500,wide_fresh,hold_then_enter,baseline_pro_rata,10pct,0.2805954148113521,-0.1688346272430505,0.9217204252240028,0.8830311437867675,351,1.0974817129168188,0.0034909916152714,0.6174670817975606,0.06251407239638,0.8701797029118088,0.3333333333333333,1.0,144
2025,500,wide_fresh,hold_then_enter,confirmation_borda,uncapped_v1,0.3740845394384942,-0.1572116570808647,1.2696812410447789,0.9122425210497064,299,1.1009744505391588,0.0037834393544427,0.6228552407218589,0.0930440983045228,1.0,0.0,0.9747899159663864,119
2025,500,wide_fresh,hold_then_enter,confirmation_borda,50pct,0.3004958122873722,-0.1637928773255329,1.1397146456578546,0.9113857162706314,301,1.0930475745721295,0.0034883753102007,0.6223664994306707,0.0928680029642487,0.9960520365524708,0.0166666666666666,0.975,120
2025,500,wide_fresh,hold_then_enter,confirmation_borda,33pct,0.1916586797668764,-0.1732024790231278,0.8721532279703982,0.9087227528677256,306,1.0901309570978217,0.0033577933766768,0.6263403210746664,0.0854620086914355,0.984044321019662,0.064516129032258,0.9919354838709676,124
2025,500,wide_fresh,hold_then_enter,confirmation_borda,25pct,0.1567381249321604,-0.17695238846966,0.7741433952730019,0.903451400895105,306,1.0901309570978213,0.0033577933766768,0.626118103824259,0.0868701240522899,0.9716400190211788,0.0887096774193548,0.9919354838709676,124
2025,500,wide_fresh,hold_then_enter,confirmation_borda,20pct,0.0933179826078656,-0.1796593258239721,0.5561324390265966,0.9010821898255228,314,1.068966925023316,0.0025647747195381,0.6296316321384058,0.0833874871997209,0.9595725751258076,0.1417322834645669,0.9921259842519684,127
2025,500,wide_fresh,hold_then_enter,confirmation_borda,10pct,0.140298763697642,-0.1766775659479188,0.6297532877554303,0.868437532094115,353,1.0984527303261602,0.0035155506017598,0.6412022253377593,0.0704692186738902,0.8431452136332351,0.3877551020408163,1.0,147
2026,500,fresh,hold_then_enter,baseline_pro_rata,uncapped_v1,-0.0807213165660802,-0.1132611796454453,-1.9880507610577831,0.8564799313339708,228,0.7389797182079553,-0.0064811946165437,0.3575822339048141,0.066825873821448,1.0,0.0,1.0,45
2026,500,fresh,hold_then_enter,baseline_pro_rata,50pct,-0.0807213165660802,-0.1132611796454453,-1.9880507610577831,0.8564799313339708,228,0.7389797182079553,-0.0064811946165437,0.3575822339048141,0.066825873821448,1.0,0.0,1.0,45
2026,500,fresh,hold_then_enter,baseline_pro_rata,33pct,-0.0775321330490885,-0.1106275791396919,-2.1664387728982177,0.8517213357755677,228,0.7389797182079554,-0.0064811946165437,0.3567954087545894,0.0676029613616052,0.99355566408329,0.0444444444444444,1.0,45
2026,500,fresh,hold_then_enter,baseline_pro_rata,25pct,-0.0630875080924964,-0.10493473868779,-1.9032070694824743,0.8466281757700251,228,0.7389797182079554,-0.0064811946165437,0.355113098102345,0.0637333910361526,0.9738293602787522,0.1111111111111111,1.0,45
2026,500,fresh,hold_then_enter,baseline_pro_rata,20pct,-0.0568310634156037,-0.1031200632787106,-1.8092584128798035,0.8400926486097738,228,0.7389797182079555,-0.0064811946165437,0.355113098102345,0.0620400075974566,0.9554164708557632,0.1111111111111111,1.0,45
2026,500,fresh,hold_then_enter,baseline_pro_rata,10pct,-0.0529993053105131,-0.0953521798599528,-1.9703748699623889,0.8181672415329491,228,0.7389797182079554,-0.0064811946165437,0.3527617131435677,0.0486687033376441,0.8711717140040249,0.2444444444444444,1.0,45
2026,500,fresh,hold_then_enter,width_age_borda,uncapped_v1,-0.0881878249809974,-0.1186411251451016,-2.040184660852898,0.8497428035460953,228,0.7389797182079558,-0.0064811946165437,0.3537348841703828,0.0640094863384701,1.0,0.0,1.0,45
2026,500,fresh,hold_then_enter,width_age_borda,50pct,-0.0881878249809974,-0.1186411251451016,-2.040184660852898,0.8497428035460953,228,0.7389797182079558,-0.0064811946165437,0.3537348841703828,0.0640094863384701,1.0,0.0,1.0,45
2026,500,fresh,hold_then_enter,width_age_borda,33pct,-0.0891220220422605,-0.1185460169214837,-2.382125540817007,0.8421813340370691,228,0.7389797182079555,-0.0064811946165437,0.3537348841703828,0.0665613756747614,0.9934103115694236,0.0222222222222222,1.0,45
2026,500,fresh,hold_then_enter,width_age_borda,25pct,-0.0861179451299635,-0.1170901875560573,-2.494117273795873,0.8342650780882276,228,0.7389797182079553,-0.0064811946165437,0.3537348841703828,0.0670824666030648,0.9795723332030514,0.1111111111111111,1.0,45
2026,500,fresh,hold_then_enter,width_age_borda,20pct,-0.0779708629162488,-0.1139974507633893,-2.408121092080176,0.8302124277581333,228,0.7389797182079554,-0.0064811946165437,0.3537348841703828,0.064611658667849,0.9580857971180028,0.1333333333333333,1.0,45
2026,500,fresh,hold_then_enter,width_age_borda,10pct,-0.0609265194502249,-0.0990478968069048,-2.130338634954396,0.8125453007097515,228,0.7389797182079554,-0.0064811946165437,0.3503225852814948,0.0512161099307633,0.8774709332576186,0.2444444444444444,1.0,45
2026,500,fresh,no_new_low_green,baseline_pro_rata,uncapped_v1,-0.0207103408488924,-0.0682503869097901,-0.5630845423649585,0.8407704237586167,167,0.846204530859051,-0.0038364267337317,0.4381020650276268,0.084893848905546,1.0,0.0,1.0,41
2026,500,fresh,no_new_low_green,baseline_pro_rata,50pct,-0.0207103408488924,-0.0682503869097901,-0.5630845423649585,0.8407704237586167,167,0.846204530859051,-0.0038364267337317,0.4381020650276268,0.084893848905546,1.0,0.0,1.0,41
2026,500,fresh,no_new_low_green,baseline_pro_rata,33pct,-0.0268246567030365,-0.072790604153036,-0.777476867895307,0.8313696835832721,169,0.8300695860702902,-0.0042701693023206,0.4388001993694634,0.0810167629865359,0.986014007898823,0.0714285714285714,1.0,42
2026,500,fresh,no_new_low_green,baseline_pro_rata,25pct,-0.0254799298707377,-0.0767312051554922,-0.7432009881682279,0.8225804808805866,169,0.8300695860702906,-0.0042701693023206,0.4382530740613605,0.078894402294978,0.9696198793548269,0.0952380952380952,0.9761904761904762,42
2026,500,fresh,no_new_low_green,baseline_pro_rata,20pct,-0.0215835966156675,-0.0762639123232431,-0.6188116309782243,0.8158133956377728,169,0.8300695860702908,-0.0042701693023206,0.4382530740613605,0.0754856565633948,0.949682623545799,0.119047619047619,0.9761904761904762,42
2026,500,fresh,no_new_low_green,baseline_pro_rata,10pct,-0.0390059870749128,-0.0753260744179904,-1.608479305133402,0.7881116779284215,183,0.7416279161563422,-0.0067109439890695,0.4265562624856533,0.0531677225283197,0.851496031272641,0.2826086956521739,0.9782608695652174,46
2026,500,fresh,no_new_low_green,width_age_borda,uncapped_v1,-0.0191345253920902,-0.070916658998576,-0.522815294583713,0.8377255289397579,167,0.8462045308590509,-0.0038364267337318,0.4391462330359784,0.0836637827250958,1.0,0.0,1.0,41
2026,500,fresh,no_new_low_green,width_age_borda,50pct,-0.0191345253920902,-0.070916658998576,-0.522815294583713,0.8377255289397579,167,0.8462045308590509,-0.0038364267337318,0.4391462330359784,0.0836637827250958,1.0,0.0,1.0,41
2026,500,fresh,no_new_low_green,width_age_borda,33pct,-0.0268350847050977,-0.0741421486396426,-0.7961435606959201,0.8288071386823622,169,0.8300695860702902,-0.0042701693023206,0.4405951322494074,0.0818534558820946,0.9876977432517492,0.0476190476190476,1.0,42
2026,500,fresh,no_new_low_green,width_age_borda,25pct,-0.0289952740133698,-0.0772435948912014,-0.8755846280646824,0.8233836380406844,169,0.83006958607029,-0.0042701693023206,0.4405951322494074,0.080806784410265,0.975678902549365,0.0714285714285714,1.0,42
2026,500,fresh,no_new_low_green,width_age_borda,20pct,-0.0322947564243664,-0.082082288969715,-0.9817923390726508,0.8164932280859578,169,0.8300695860702902,-0.0042701693023206,0.4403824324977873,0.0787454749008604,0.9584002968000972,0.119047619047619,0.9761904761904762,42
2026,500,fresh,no_new_low_green,width_age_borda,10pct,-0.0566371648118148,-0.0873433954377717,-2.1815469115371866,0.7828741779451378,183,0.7416279161563424,-0.0067109439890695,0.4273605863325005,0.0560886174082732,0.8529052994294286,0.2826086956521739,0.9782608695652174,46
2026,500,wide_fresh,hold_then_enter,baseline_pro_rata,uncapped_v1,-0.1295685356034868,-0.16623232050373,-2.835773863924696,0.8761714787123664,93,0.4716891383067235,-0.0183925130078421,0.4424667741803384,0.0907166259790233,1.0,0.0,1.0,33
2026,500,wide_fresh,hold_then_enter,baseline_pro_rata,50pct,-0.1295685356034868,-0.16623232050373,-2.835773863924696,0.8761714787123664,93,0.4716891383067235,-0.0183925130078421,0.4424667741803384,0.0907166259790233,1.0,0.0,1.0,33
2026,500,wide_fresh,hold_then_enter,baseline_pro_rata,33pct,-0.1235288175449663,-0.1625044752735256,-2.6917386747523517,0.8786265524915299,93,0.4716891383067235,-0.018392513007842,0.4407851184668318,0.085151439877509,1.0,0.0,1.0,33
2026,500,wide_fresh,hold_then_enter,baseline_pro_rata,25pct,-0.1222698693997952,-0.1592596286248907,-2.8392755926611395,0.8696041459349869,95,0.4643878829583999,-0.0185411328348974,0.4608337521636841,0.0803818395239275,0.9789514378189524,0.1142857142857142,1.0,35
2026,500,wide_fresh,hold_then_enter,baseline_pro_rata,20pct,-0.1238910075044155,-0.15846702042812,-2.996284238764834,0.8615190930906883,95,0.4643878829584001,-0.0185411328348974,0.4608337521636841,0.0782677838785009,0.961531653698615,0.1142857142857142,1.0,35
2026,500,wide_fresh,hold_then_enter,baseline_pro_rata,10pct,-0.1121153812613371,-0.1366669658798938,-3.125373602877816,0.7871664045723076,104,0.4164857493534166,-0.0205735074514026,0.4687995657068894,0.0670963989169253,0.8120064688488989,0.3947368421052631,1.0,38
2026,500,wide_fresh,hold_then_enter,confirmation_borda,uncapped_v1,-0.1128792269721064,-0.1524514059487584,-2.2460975618497474,0.8488882655162145,93,0.4716891383067235,-0.018392513007842,0.4673728628274083,0.1135141111086377,1.0,0.0,1.0,33
2026,500,wide_fresh,hold_then_enter,confirmation_borda,50pct,-0.1128792269721064,-0.1524514059487584,-2.2460975618497474,0.8488882655162145,93,0.4716891383067235,-0.018392513007842,0.4673728628274083,0.1135141111086377,1.0,0.0,1.0,33
2026,500,wide_fresh,hold_then_enter,confirmation_borda,33pct,-0.1202632432470874,-0.1557092988713122,-2.5545330255791323,0.8418062367423976,94,0.4659113786887078,-0.0186239806348865,0.4814146887135963,0.1114500571572729,0.9951229106107596,0.0294117647058823,1.0,34
2026,500,wide_fresh,hold_then_enter,confirmation_borda,25pct,-0.1202646713527927,-0.1536528076398806,-2.713063531912999,0.8338195511742345,95,0.4643878829583999,-0.0185411328348974,0.4860626674912389,0.1096576862697703,0.9769664754788724,0.1142857142857142,1.0,35
2026,500,wide_fresh,hold_then_enter,confirmation_borda,20pct,-0.1255457879193771,-0.1567821491895333,-2.976600777598173,0.8231453895039059,95,0.4643878829583996,-0.0185411328348974,0.4835026525610448,0.1047984014341387,0.9542663273293852,0.1428571428571428,1.0,35
2026,500,wide_fresh,hold_then_enter,confirmation_borda,10pct,-0.1058885522988272,-0.1323792857656771,-2.9236452370440253,0.7873033748582355,104,0.4164857493534168,-0.0205735074514026,0.4863239942937897,0.0740608160343816,0.8145794161803669,0.3684210526315789,1.0,38
