year,rank_cap,scale,sample_panel,target_fraction,max_hold,candidate_count_before_full_window,total_return,max_drawdown,sharpe,avg_exposure,avg_concurrent_positions,entries,completed_trades,win_rate,mean_trade,median_trade,profit_factor,gross_positive_return_sum,gross_negative_return_abs_sum,mean_holding_sessions,median_holding_sessions,target_exit_share,stop_exit_share,max_hold_exit_share,mean_mfe_return,mean_mae_return,turnover_alloc_over_mean_equity,capital_days,return_per_100_capital_days,return_over_avg_exposure,period
2019,300,small,common_eligible,0.5,10,326,0.0316509502359179,-0.0463883495816686,0.6485556339574033,0.2217825273227935,2.3412698412698414,273,273,0.5970695970695971,0.0009858718211859,0.0038655109577925,1.112362627437073,2.66445017757263,2.3953071703888758,3.161172161172161,2.0,0.5824175824175825,0.3772893772893773,0.0402930402930402,0.0140088878747139,-0.0140660172959313,25.886125916335477,81.84282607851085,0.0386728461765916,0.1427116491907025,discovery
2019,300,small,common_eligible,0.5,20,326,0.0441374418074598,-0.0488783343600763,0.8909970360598007,0.2248761704862854,2.376984126984127,257,257,0.5953307392996109,0.0015622800321663,0.0047039527004857,1.1785433905462102,2.650292479144893,2.24878651087813,3.330739299610895,2.0,0.603112840466926,0.3891050583657587,0.0077821011673151,0.0142158302028572,-0.0142147977883955,24.275908583133607,81.023645149,0.0544747668736606,0.1962744283309984,discovery
2019,300,small,common_eligible,0.5,40,326,0.0436354870979676,-0.0487856883880638,0.8942408903195743,0.2087569048745962,2.2182539682539684,245,245,0.5959183673469388,0.0016558480576466,0.0039825413231555,1.1934293614360532,2.503000219166742,2.097317445043319,3.2816326530612243,2.0,0.6081632653061224,0.3918367346938775,0.0,0.0142490547528394,-0.0139699575834174,22.95344529216864,75.69234651779001,0.0576484798072839,0.2090253595404672,discovery
2019,300,small,common_eligible,0.6,10,326,0.0575822102496101,-0.0488692749574135,0.9650304536962728,0.2932487040793912,3.1507936507936507,268,268,0.5410447761194029,0.0019165251324611,0.0070431685381339,1.1798609943849006,3.3693270332663543,2.8556982977667573,3.962686567164179,3.0,0.4888059701492537,0.4365671641791044,0.0746268656716417,0.018728283832968,-0.0158034690772418,24.624342721437337,98.44880601581332,0.0584894957896808,0.1963596409756714,discovery
2019,300,small,common_eligible,0.6,20,326,0.0597621894033757,-0.0495282676053175,1.007965531048997,0.307229862423612,3.3492063492063493,251,251,0.5378486055776892,0.002337818187983,0.0070722824067679,1.214436101105539,3.323236285580024,2.736443920396289,4.362549800796812,3.0,0.5179282868525896,0.4581673306772908,0.0239043824701195,0.0190180889265453,-0.0161834413497592,22.629741606585156,99.94461433775058,0.0597953074303901,0.1945194680358739,discovery
2019,300,small,common_eligible,0.6,40,326,0.0688266914099486,-0.0507281788406439,1.1689838821806875,0.2964631804360519,3.273809523809524,240,240,0.5375,0.0028853656721519,0.0072966336817555,1.2678895541650974,3.2774626158779423,2.58497485456148,4.4375,3.0,0.5375,0.4625,0.0,0.0192231785645803,-0.0160818472980121,21.22022186256022,95.94192875421454,0.0717378650853162,0.2321593234907456,discovery
2019,300,small,common_eligible,0.8,10,326,0.0806665028202859,-0.0623015656365563,1.069395346033906,0.4116398971953071,4.626984126984127,266,266,0.4774436090225564,0.0031129883571064,-0.004036437766418,1.2392225477557477,4.2894966055331984,3.4614417025428947,5.383458646616542,5.0,0.3120300751879699,0.4699248120300752,0.2180451127819548,0.0258374367170471,-0.0178357881986698,23.52345304938431,126.73528164662918,0.0636496023618782,0.195963761943155,discovery
2019,300,small,common_eligible,0.8,20,326,0.0866981494983389,-0.0600027395104595,1.0967450436535688,0.4631327968112582,5.571428571428571,248,248,0.4556451612903225,0.0045134243923258,-0.0068960293617932,1.314355270644809,4.680043364256044,3.5607141149592403,6.661290322580645,5.0,0.4032258064516129,0.5362903225806451,0.0604838709677419,0.0280643953061834,-0.0190285463446977,20.45061679360637,136.47430846070608,0.0635270846771143,0.1871993305057843,discovery
2019,300,small,common_eligible,0.8,40,326,0.0718584464342566,-0.066432478765823,0.9280639213109644,0.453081046855486,5.642857142857143,235,235,0.4297872340425532,0.0039716967126991,-0.0082713083706605,1.2673318939273952,4.424696930545279,3.4913482030609795,7.051063829787234,5.0,0.4212765957446808,0.5659574468085107,0.0127659574468085,0.0286740909328783,-0.0193620265728217,18.924054206083657,132.30639062631238,0.0543121508296711,0.1585995418104004,discovery
2019,300,small,common_eligible,1.0,10,326,0.0918309770735701,-0.0490129658955069,1.1499662945210676,0.4701409442245965,5.345238095238095,261,261,0.4329501915708812,0.0027574835287189,-0.0071871063870967,1.1960931213137094,4.389914558610076,3.670211357614434,6.160919540229885,6.0,0.1839080459770115,0.5057471264367817,0.3103448275862069,0.0291629130885232,-0.0187010769237418,22.62165856021696,140.25005203626074,0.0654766082010635,0.1953264828380922,discovery
2019,300,small,common_eligible,1.0,20,326,0.1017128342301074,-0.0703768789687777,1.1705646210453575,0.5725333063186829,7.265873015873016,247,247,0.4048582995951417,0.0051310434690013,-0.0095910610300345,1.3324634834488789,5.079418683600001,3.812050946756679,8.412955465587045,6.0,0.2834008097165992,0.5789473684210527,0.1376518218623481,0.0335512613659391,-0.0200685258032498,19.07633321568496,162.20154334250526,0.0627076858420085,0.1776540038938663,discovery
2019,300,small,common_eligible,1.0,40,326,0.1121738144017738,-0.072707459961823,1.2574150659971537,0.5748984146141043,8.01984126984127,229,229,0.37117903930131,0.0053008864903229,-0.0125490863161368,1.3264386809342157,4.93252790333953,3.718624897055575,9.825327510917033,6.0,0.3406113537117904,0.6200873362445415,0.0393013100436681,0.0345805242259285,-0.020514749440928,16.95349701893234,160.87803073630124,0.0697259991860793,0.1951193663963564,discovery
2019,300,small,target_specific,0.5,10,326,0.0316509502359179,-0.0463883495816686,0.6485556339574033,0.2217825273227935,2.3412698412698414,273,273,0.5970695970695971,0.0009858718211859,0.0038655109577925,1.112362627437073,2.66445017757263,2.3953071703888758,3.161172161172161,2.0,0.5824175824175825,0.3772893772893773,0.0402930402930402,0.0140088878747139,-0.0140660172959313,25.886125916335477,81.84282607851085,0.0386728461765916,0.1427116491907025,discovery
2019,300,small,target_specific,0.5,20,326,0.0441374418074598,-0.0488783343600763,0.8909970360598007,0.2248761704862854,2.376984126984127,257,257,0.5953307392996109,0.0015622800321663,0.0047039527004857,1.1785433905462102,2.650292479144893,2.24878651087813,3.330739299610895,2.0,0.603112840466926,0.3891050583657587,0.0077821011673151,0.0142158302028572,-0.0142147977883955,24.275908583133607,81.023645149,0.0544747668736606,0.1962744283309984,discovery
2019,300,small,target_specific,0.5,40,326,0.0436354870979676,-0.0487856883880638,0.8942408903195743,0.2087569048745962,2.2182539682539684,245,245,0.5959183673469388,0.0016558480576466,0.0039825413231555,1.1934293614360532,2.503000219166742,2.097317445043319,3.2816326530612243,2.0,0.6081632653061224,0.3918367346938775,0.0,0.0142490547528394,-0.0139699575834174,22.95344529216864,75.69234651779001,0.0576484798072839,0.2090253595404672,discovery
2019,300,small,target_specific,0.6,10,349,0.0362814081204985,-0.0545551782305347,0.6037548132988286,0.3007454860562222,3.25,284,284,0.5492957746478874,0.0010795482519114,0.0048314920184564,1.0998726614237286,3.3764178118317307,3.0698261082888734,3.883802816901409,3.0,0.5,0.4295774647887324,0.0704225352112676,0.0177782424775889,-0.0161660496053795,26.110449536964584,101.85318438325967,0.0356212801201939,0.1206382466326226,discovery
2019,300,small,target_specific,0.6,20,349,0.0379625884486121,-0.0599714399124636,0.6351683721800062,0.3145715526927987,3.4484126984126986,266,266,0.5451127819548872,0.0014237211666636,0.0055042324585639,1.1283513382725503,3.329281561250938,2.9505717309184054,4.2669172932330826,3.0,0.5263157894736842,0.4511278195488721,0.0225563909774436,0.018050127132633,-0.0165926179006404,24.02451353569106,103.1979606009861,0.0367861808775408,0.120680297133178,discovery
2019,300,small,target_specific,0.6,40,349,0.046744574790174,-0.0611645778539156,0.7814421164712918,0.3038345695750785,3.373015873015873,254,254,0.5433070866141733,0.0019054618557277,0.0057314649238344,1.1729080242008203,3.283089976438452,2.799102665083596,4.346456692913386,3.0,0.5433070866141733,0.4566929133858268,0.0,0.0182674695605405,-0.0165454769338823,22.521904393331845,99.0936846364018,0.0471721028052301,0.1538487699261728,discovery
2019,300,small,target_specific,0.8,10,362,0.0779967031518276,-0.0618960497908875,0.9859110023534876,0.4323944401715439,4.900793650793651,291,291,0.4914089347079037,0.0027359609035744,-0.0010526575442217,1.2150467124366526,4.498451507119702,3.7022868841795513,5.243986254295533,4.0,0.3402061855670103,0.4467353951890034,0.2130584192439862,0.0245754210771861,-0.0179776594766177,25.641768969085994,134.16404674194672,0.0581353239156893,0.1803832239861455,discovery
2019,300,small,target_specific,0.8,20,362,0.0825950862430977,-0.0553009018388105,1.0150808621800624,0.4854791287469764,5.876984126984127,269,269,0.4758364312267658,0.0039576722128707,-0.0051132804411763,1.2756603427678157,4.92666309420233,3.8620492689401087,6.505576208178439,4.0,0.4275092936802974,0.516728624535316,0.0557620817843866,0.0268806915073263,-0.0193173176784517,22.013210296544568,143.74824659136627,0.0574581521525553,0.170131075369349,discovery
2019,300,small,target_specific,0.8,40,362,0.06999476799623,-0.0615148186452336,0.8746855998342896,0.473556092180169,5.916666666666667,253,253,0.4505928853754941,0.0035154067822833,-0.0071871063870967,1.2372873309506631,4.637587557372317,3.748189641454626,6.893280632411067,4.0,0.4426877470355731,0.5454545454545454,0.0118577075098814,0.0275148827766813,-0.0196613576016936,20.30040610118204,138.92179925981563,0.050384294163455,0.1478067100224314,discovery
2019,300,small,target_specific,1.0,10,367,0.0821977917553087,-0.0534417774878669,0.9339245167473827,0.5129900365652715,5.853174603174603,287,287,0.445993031358885,0.0027423206137867,-0.0060418941674398,1.199678103159639,4.728619997994764,3.941573981837972,6.139372822299651,6.0,0.2125435540069686,0.4773519163763066,0.3101045296167247,0.0282104189992154,-0.019164573147114,24.642529661624035,153.10484884094458,0.053687255745049,0.1602327255820885,discovery
2019,300,small,target_specific,1.0,20,367,0.1028010214485297,-0.074709394727133,1.0944234142709377,0.6175410480543103,7.896825396825397,267,267,0.4307116104868914,0.0053263749030306,-0.0079009839899178,1.350271160041398,5.482259691836774,4.060117592727591,8.453183520599252,6.0,0.3183520599250936,0.550561797752809,0.1310861423220973,0.0326663258455327,-0.020619470622711,20.347278494936727,174.9781689467383,0.0587507699202301,0.1664683210491439,discovery
2019,300,small,target_specific,1.0,40,367,0.1081196428260748,-0.0771256637273959,1.1380403692042025,0.6171565084454544,8.718253968253968,251,251,0.4063745019920319,0.0060949711299921,-0.0106587420966864,1.384151833872124,5.512215602010994,3.982377848382958,9.752988047808763,6.0,0.3784860557768924,0.5856573705179283,0.0358565737051792,0.0339955647500456,-0.0209952313114749,18.000048841535605,172.70471417693005,0.0626037588732581,0.1751899904586856,discovery
2019,300,large,common_eligible,0.5,10,424,0.1585121464384722,-0.066705555479852,1.8610365555663149,0.4274287036752687,5.051587301587301,245,245,0.5918367346938775,0.0089999494047015,0.0091790105275038,1.791288444919363,4.99156640270437,2.786578798552498,6.1959183673469385,6.0,0.3387755102040816,0.3265306122448979,0.3346938775510204,0.0300094163206631,-0.0214846756832796,19.650286039031435,127.24554409404126,0.1245718642385805,0.3708504952416555,discovery
2019,300,large,common_eligible,0.5,20,424,0.1480664406451477,-0.0666652281710564,1.482871465409997,0.532953728199119,6.440476190476191,223,223,0.5515695067264574,0.0099216207949113,0.0112477271901185,1.6800686496997987,5.46590098687672,3.253379549611493,8.278026905829597,6.0,0.4887892376681614,0.3946188340807174,0.116591928251121,0.0336639949090125,-0.0239282225390305,17.30826511304379,151.0750659947031,0.0980085228957233,0.2778223189196418,discovery
2019,300,large,common_eligible,0.5,40,424,0.1611580478799132,-0.0674684083267516,1.540660940154425,0.5147622512658727,6.440476190476191,206,206,0.5533980582524272,0.0114727779403775,0.0179817766870677,1.761615894031728,5.466521108776242,3.103128853058467,8.87864077669903,6.0,0.5436893203883495,0.441747572815534,0.0145631067961165,0.0361116436278099,-0.0238655060047869,15.248820265853734,144.61719738041174,0.1114376787817228,0.3130727777407978,discovery
2019,300,large,common_eligible,0.6,10,424,0.1674469267949232,-0.0598716687399362,1.829924663778794,0.464703435318185,5.690476190476191,244,244,0.5901639344262295,0.0119747728396894,0.0098102422472303,2.054855609914554,5.691744590879001,2.769900017994781,6.877049180327869,9.0,0.2418032786885245,0.3237704918032787,0.4344262295081967,0.0352991782655729,-0.0217574170602901,19.324446227614825,136.04122549689632,0.1230854295698353,0.3603307272309519,discovery
2019,300,large,common_eligible,0.6,20,424,0.149046856019982,-0.0609820249771355,1.4082141407570166,0.6078300186901665,7.73015873015873,220,220,0.5181818181818182,0.0140829471869963,0.0088666026552366,1.9018623826304255,6.533637683110829,3.4353893019716244,9.854545454545455,8.0,0.3909090909090909,0.4136363636363636,0.1954545454545454,0.0418291669681741,-0.0249008575416351,16.35941409290359,168.59209838697646,0.0884067862290132,0.2452114101589917,discovery
2019,300,large,common_eligible,0.6,40,424,0.1675110184840276,-0.0754059153984165,1.5008865990076743,0.5997152003265926,8.301587301587302,200,200,0.51,0.0166536440543721,0.0137892446305861,1.9875519193896645,6.703441420185071,3.372712609310632,11.46,7.0,0.49,0.485,0.025,0.0458604575400902,-0.0254708084477717,13.53308965742904,163.86939554923316,0.1022222715367863,0.2793176134151753,discovery
2019,300,large,common_eligible,0.8,10,424,0.1399096475116819,-0.0553454647178949,1.5612290516552212,0.4825898808743665,6.035714285714286,229,229,0.5676855895196506,0.0114694618491293,0.0070698035536322,1.957219466801692,5.3703986864037,2.7438919229530816,7.641921397379913,10.0,0.0480349344978165,0.3449781659388646,0.6069868995633187,0.0387793749314864,-0.0218080821361163,18.397314583822865,139.14236599513666,0.1005514363012715,0.2899141756934286,discovery
2019,300,large,common_eligible,0.8,20,424,0.1423040683799927,-0.0645586598547446,1.3718496081598404,0.663678977644325,8.880952380952381,200,200,0.465,0.0157430999401634,-0.0051365749947883,1.906094923808944,6.62355391084604,3.474933922813357,12.19,15.0,0.21,0.46,0.33,0.0492946905967929,-0.0258174936526811,14.623687322143688,179.94296488876273,0.0790828741028927,0.214417019633633,discovery
2019,300,large,common_eligible,0.8,40,424,0.2052872193566741,-0.0661279460172128,1.7803363373727694,0.6887204496166004,11.821428571428571,190,190,0.4842105263157895,0.0264667752328221,-0.0051365749947883,2.4799118189205083,8.42665143638642,3.3979641421502214,16.678947368421053,15.0,0.3842105263157894,0.5052631578947369,0.1105263157894736,0.0622024051972853,-0.0266915359206488,10.926210883851777,182.5843302755836,0.1124341935843147,0.2980704572819846,discovery
2019,300,large,common_eligible,1.0,10,424,0.1625267236530621,-0.0524280594706171,1.7490328886301671,0.4900616998947776,6.428571428571429,238,238,0.5756302521008403,0.013485287816252,0.0089165044358475,2.1578609409879275,5.981419019090869,2.7719205188228733,7.80672268907563,10.0,0.0252100840336134,0.3277310924369748,0.6470588235294118,0.0410761905794834,-0.0223130683138977,18.35431458364892,140.92845341001825,0.1153256987644685,0.3316454309487124,discovery
2019,300,large,common_eligible,1.0,20,424,0.1591638747499975,-0.0683840940376331,1.4906375936407534,0.682753942399403,9.503968253968257,198,198,0.4595959595959596,0.0176174566994065,-0.0055033084392691,1.94408486763848,7.183111143525009,3.694854717042514,13.095959595959595,17.5,0.1161616161616161,0.4646464646464646,0.4191919191919191,0.0555792077845154,-0.0265075680328195,14.2013822286192,184.00836924632569,0.0864981714700869,0.2331204038026462,discovery
2019,300,large,common_eligible,1.0,40,424,0.2344492329612966,-0.0726178522795127,2.007979785264069,0.7387017355464288,13.158730158730158,181,181,0.4585635359116022,0.0288525265986848,-0.0085888402969612,2.4486026162809527,8.827372813808156,3.605065499446196,19.320441988950275,18.0,0.2707182320441988,0.5248618784530387,0.2044198895027624,0.073819507369591,-0.0275094195603781,9.841157718769708,193.6566519203123,0.1210643841233865,0.3173801030640208,discovery
2019,300,large,target_specific,0.5,10,424,0.1585121464384722,-0.066705555479852,1.8610365555663149,0.4274287036752687,5.051587301587301,245,245,0.5918367346938775,0.0089999494047015,0.0091790105275038,1.791288444919363,4.99156640270437,2.786578798552498,6.1959183673469385,6.0,0.3387755102040816,0.3265306122448979,0.3346938775510204,0.0300094163206631,-0.0214846756832796,19.650286039031435,127.24554409404126,0.1245718642385805,0.3708504952416555,discovery
2019,300,large,target_specific,0.5,20,424,0.1480664406451477,-0.0666652281710564,1.482871465409997,0.532953728199119,6.440476190476191,223,223,0.5515695067264574,0.0099216207949113,0.0112477271901185,1.6800686496997987,5.46590098687672,3.253379549611493,8.278026905829597,6.0,0.4887892376681614,0.3946188340807174,0.116591928251121,0.0336639949090125,-0.0239282225390305,17.30826511304379,151.0750659947031,0.0980085228957233,0.2778223189196418,discovery
2019,300,large,target_specific,0.5,40,424,0.1611580478799132,-0.0674684083267516,1.540660940154425,0.5147622512658727,6.440476190476191,206,206,0.5533980582524272,0.0114727779403775,0.0179817766870677,1.761615894031728,5.466521108776242,3.103128853058467,8.87864077669903,6.0,0.5436893203883495,0.441747572815534,0.0145631067961165,0.0361116436278099,-0.0238655060047869,15.248820265853734,144.61719738041174,0.1114376787817228,0.3130727777407978,discovery
2019,300,large,target_specific,0.6,10,425,0.1678177381791104,-0.0598716687399362,1.8337859130569552,0.464699493883918,5.690476190476191,245,245,0.5918367346938775,0.0119389842437809,0.0097689542819998,2.05601325705751,5.694951157721106,2.769900017994781,6.853061224489796,9.0,0.2448979591836734,0.3224489795918367,0.4326530612244898,0.035172285808635,-0.0218399812597706,19.42703527533119,136.1412254968963,0.1232673920530678,0.3611317429603899,discovery
2019,300,large,target_specific,0.6,20,425,0.1494178463264082,-0.0609820249771355,1.4113663884186065,0.6078216845359663,7.73015873015873,221,221,0.5203619909502263,0.0140337327962955,0.0084922316448667,1.902795775198268,6.536844249952934,3.4353893019716244,9.81447963800905,8.0,0.3936651583710407,0.4117647058823529,0.1945701357466063,0.0416589468747244,-0.0249781642764377,16.460968318380615,168.69209838697645,0.0885743006075166,0.2458251328109153,discovery
2019,300,large,target_specific,0.6,40,425,0.1675110184840276,-0.0754059153984165,1.5008865990076743,0.5997152003265926,8.301587301587302,200,200,0.51,0.0166536440543721,0.0137892446305861,1.9875519193896645,6.703441420185071,3.372712609310632,11.46,7.0,0.49,0.485,0.025,0.0458604575400902,-0.0254708084477717,13.53308965742904,163.86939554923316,0.1022222715367863,0.2793176134151753,discovery
2019,300,large,target_specific,0.8,10,426,0.1345048070816161,-0.0553454647178949,1.5033932540187265,0.4830312791125925,6.03968253968254,230,230,0.5652173913043478,0.0112115823457703,0.0070010241445559,1.9236779899710237,5.3703986864037,2.7917347468765263,7.617391304347826,10.0,0.0478260869565217,0.3478260869565217,0.6043478260869565,0.0386315719491548,-0.0219171337448859,18.506087094537463,139.34236599513667,0.0965282928282634,0.2784598283753455,discovery
2019,300,large,target_specific,0.8,20,426,0.1368335124445978,-0.0645586598547446,1.323635809020225,0.6642218663592484,8.884920634920634,201,201,0.4626865671641791,0.0154267520602449,-0.005343229347826,1.880208252476269,6.62355391084604,3.522776746736802,12.139303482587064,15.0,0.208955223880597,0.4626865671641791,0.3283582089552239,0.0490732478027552,-0.0259223317546733,14.73220326918905,180.14296488876275,0.0759582882013137,0.2060057329858975,discovery
2019,300,large,target_specific,0.8,40,426,0.2052872193566741,-0.0661279460172128,1.7803363373727694,0.6887204496166004,11.821428571428571,190,190,0.4842105263157895,0.0264667752328221,-0.0051365749947883,2.4799118189205083,8.42665143638642,3.3979641421502214,16.678947368421053,15.0,0.3842105263157894,0.5052631578947369,0.1105263157894736,0.0622024051972853,-0.0266915359206488,10.926210883851777,182.5843302755836,0.1124341935843147,0.2980704572819846,discovery
2019,300,large,target_specific,1.0,10,426,0.1570146451775271,-0.0524280594706171,1.692196146174067,0.4905030981313581,6.432539682539683,239,239,0.5732217573221757,0.0132286848382617,0.0086539983441913,2.121248591474079,5.981419019090869,2.8197633427463185,7.782426778242677,10.0,0.0251046025104602,0.3305439330543933,0.6443514644351465,0.0409243432925199,-0.0224159004638525,18.46391837522385,141.12845341001827,0.111256547764578,0.3201093851918509,discovery
2019,300,large,target_specific,1.0,20,426,0.1535975623795114,-0.0683840940376331,1.44391351213758,0.6832969319865966,9.507936507936508,199,199,0.457286432160804,0.0172885105656233,-0.0056633875307123,1.9192336716771152,7.183111143525009,3.74269754096596,13.040201005025123,17.0,0.1155778894472361,0.4673366834170854,0.4170854271356783,0.0553239589463782,-0.0266099920736249,14.310952401985086,184.20836924632567,0.0833825102561539,0.2247888951190612,discovery
2019,300,large,target_specific,1.0,40,426,0.2344492329612966,-0.0726178522795127,2.007979785264069,0.7387017355464288,13.158730158730158,181,181,0.4585635359116022,0.0288525265986848,-0.0085888402969612,2.4486026162809527,8.827372813808156,3.605065499446196,19.320441988950275,18.0,0.2707182320441988,0.5248618784530387,0.2044198895027624,0.073819507369591,-0.0275094195603781,9.841157718769708,193.6566519203123,0.1210643841233865,0.3173801030640208,discovery
2019,500,small,common_eligible,0.5,10,546,0.0511314614020717,-0.0509628253758613,0.8346183871663978,0.3093263665189397,3.6468253968253967,453,453,0.5761589403973509,0.0011838741379979,0.0038655109577925,1.1414120251120965,4.328723415461173,3.79242843094811,3.0286975717439293,2.0,0.5739514348785872,0.3951434878587196,0.0309050772626931,0.0137042875039996,-0.0136273824528959,38.257866722154105,116.27859472597358,0.0439732364521346,0.1652993955138349,discovery
2019,500,small,common_eligible,0.5,20,546,0.0514270703495216,-0.0532083357145209,0.8541308700718502,0.3080543050820377,3.662698412698413,428,428,0.5794392523364486,0.0014651061150359,0.0039676710688015,1.1742689323453523,4.2253282217192325,3.5982628044838405,3.1565420560747666,2.0,0.5911214953271028,0.4042056074766355,0.0046728971962616,0.0136455129024685,-0.0137968571043131,35.68800735773046,113.40668396442128,0.0453474773723704,0.1669415732911966,discovery
2019,500,small,common_eligible,0.5,40,546,0.0601471552231984,-0.0556656641106371,1.0200601470574506,0.2835801750864102,3.412698412698413,404,404,0.5866336633663366,0.0018051109099658,0.0039954859979894,1.2207235813812294,4.033238053541604,3.303973245915393,3.128712871287129,2.0,0.6014851485148515,0.3985148514851485,0.0,0.0138285332936057,-0.0135974584410904,33.13601099596168,104.82986035690116,0.0573759757176275,0.2120992950401801,discovery
2019,500,small,common_eligible,0.6,10,546,0.0821459375889976,-0.0449014845942226,1.119267724092354,0.410675722579171,5.075396825396825,443,443,0.5214446952595937,0.0022180032360026,0.0062167734414115,1.2164148278188167,5.5228162453838845,4.540240811834711,3.887133182844244,3.0,0.4853273137697517,0.4446952595936794,0.0699774266365688,0.0184203880602112,-0.0153829159357744,35.35155501339794,138.72991551852826,0.0592128505823436,0.2000262812544547,discovery
2019,500,small,common_eligible,0.6,20,546,0.0631546649941809,-0.0430371321584206,0.9042562317816624,0.4167731173363401,5.329365079365079,417,417,0.5251798561151079,0.0023284462601956,0.0067494439237234,1.2188177484269076,5.40827166653862,4.437309576037039,4.220623501199041,3.0,0.5107913669064749,0.4676258992805755,0.0215827338129496,0.0186081089264362,-0.0157757775831005,32.08085108687979,137.0100870131323,0.0460949017484586,0.1515324822239303,discovery
2019,500,small,common_eligible,0.6,40,546,0.0803904140574476,-0.0444891646542795,1.1597146282667798,0.3951155992510036,5.186507936507937,394,394,0.5329949238578681,0.0030520728202299,0.007398604379628,1.290750377883775,5.3384242690836485,4.135907577913058,4.317258883248731,3.0,0.5329949238578681,0.4644670050761421,0.0025380710659898,0.0190237933684019,-0.0157039658321761,29.352533376550888,129.01454180660213,0.0623111262743978,0.2034604915873704,discovery
2019,500,small,common_eligible,0.8,10,546,0.14113390925039,-0.0458547652600536,1.581221709298305,0.541948539836768,7.46031746031746,441,441,0.4716553287981859,0.0045304056469118,-0.0033295080457089,1.3782318156013995,7.280142715889015,5.282233825600871,5.263038548752834,5.0,0.3197278911564626,0.4716553287981859,0.2086167800453514,0.0259143172907992,-0.0170476451809787,32.08074703108083,168.0886442962278,0.0839639761753717,0.2604193920199486,discovery
2019,500,small,common_eligible,0.8,20,546,0.128316178957091,-0.0451942513304437,1.4362410862333377,0.5892350897788899,8.738095238095237,407,407,0.457002457002457,0.0055296327011371,-0.0057241707867582,1.4116931046421408,7.717158040353942,5.466597530991138,6.41031941031941,5.0,0.4127764127764127,0.5282555282555282,0.0589680589680589,0.0279630724858434,-0.0183227401886324,27.5375722689812,175.53662100469967,0.0730993784787822,0.2177673753361185,discovery
2019,500,small,common_eligible,0.8,40,546,0.0932037475022389,-0.0509913260598737,1.0839634683328936,0.5654952404196419,8.944444444444445,387,387,0.4418604651162791,0.0051695097354267,-0.0071871063870967,1.365514192698538,7.4739862744298,5.473386006819644,6.8242894056847545,4.0,0.4341085271317829,0.5555555555555556,0.0103359173126615,0.0287050667828967,-0.0186681437816505,24.652097302925203,166.7066614986917,0.0559088321152483,0.1648179168282201,discovery
2019,500,small,common_eligible,1.0,10,546,0.1121470246180591,-0.0484721961751559,1.197909877920996,0.6037150251494984,8.567460317460318,429,429,0.4149184149184149,0.0035182987842051,-0.0071098432721712,1.2614281386056334,7.282830364888898,5.773480186464879,6.032634032634032,6.0,0.1864801864801865,0.5128205128205128,0.3006993006993007,0.0296684654576796,-0.0183519439006348,29.86277658903617,180.9265393400776,0.061984839276267,0.1857615264590907,discovery
2019,500,small,common_eligible,1.0,20,546,0.1307166172567624,-0.0488644887672499,1.3683525167265165,0.6881922699477726,11.333333333333334,401,401,0.3890274314214463,0.0046885923443585,-0.0100714720626389,1.2947824581132663,8.258135748610876,6.378010218523103,8.12219451371571,6.0,0.2942643391521197,0.5860349127182045,0.1197007481296758,0.0335356558267737,-0.0203338746327112,23.50972816278489,195.81485285385293,0.066755210522423,0.1899420016250438,discovery
2019,500,small,common_eligible,1.0,40,546,0.1241763801027289,-0.0526464594549237,1.3020355225911189,0.6673592089391518,12.698412698412698,377,377,0.3687002652519894,0.0050248682762474,-0.0131708056773878,1.2963987993047936,8.285681055919273,6.391305715773996,9.488063660477454,6.0,0.3421750663129973,0.6259946949602122,0.0318302387267904,0.035045390597388,-0.0208832266311225,20.19773876569214,187.6079433278148,0.0661892976918096,0.186071276816757,discovery
2019,500,small,target_specific,0.5,10,546,0.0511314614020717,-0.0509628253758613,0.8346183871663978,0.3093263665189397,3.6468253968253967,453,453,0.5761589403973509,0.0011838741379979,0.0038655109577925,1.1414120251120965,4.328723415461173,3.79242843094811,3.0286975717439293,2.0,0.5739514348785872,0.3951434878587196,0.0309050772626931,0.0137042875039996,-0.0136273824528959,38.257866722154105,116.27859472597358,0.0439732364521346,0.1652993955138349,discovery
2019,500,small,target_specific,0.5,20,546,0.0514270703495216,-0.0532083357145209,0.8541308700718502,0.3080543050820377,3.662698412698413,428,428,0.5794392523364486,0.0014651061150359,0.0039676710688015,1.1742689323453523,4.2253282217192325,3.5982628044838405,3.1565420560747666,2.0,0.5911214953271028,0.4042056074766355,0.0046728971962616,0.0136455129024685,-0.0137968571043131,35.68800735773046,113.40668396442128,0.0453474773723704,0.1669415732911966,discovery
2019,500,small,target_specific,0.5,40,546,0.0601471552231984,-0.0556656641106371,1.0200601470574506,0.2835801750864102,3.412698412698413,404,404,0.5866336633663366,0.0018051109099658,0.0039954859979894,1.2207235813812294,4.033238053541604,3.303973245915393,3.128712871287129,2.0,0.6014851485148515,0.3985148514851485,0.0,0.0138285332936057,-0.0135974584410904,33.13601099596168,104.82986035690116,0.0573759757176275,0.2120992950401801,discovery
2019,500,small,target_specific,0.6,10,579,0.0538326373688298,-0.0438611106027542,0.7314524511932952,0.422497169256867,5.25,468,468,0.5299145299145299,0.0015528851216149,0.0044649736728634,1.150134912463629,5.567398058200349,4.840647821284538,3.826923076923077,3.0,0.4978632478632478,0.4337606837606838,0.0683760683760683,0.017606709542751,-0.0156878927713163,37.34327325801981,143.72357788817757,0.0374556757908668,0.127415379997732,discovery
2019,500,small,target_specific,0.6,20,579,0.0354719390023976,-0.0494262943914344,0.5090895432013413,0.4327665693990047,5.5436507936507935,441,441,0.5328798185941043,0.0016188672253343,0.0052576045070806,1.1506832827581228,5.451807976460624,4.737887530088165,4.167800453514739,3.0,0.5215419501133787,0.4557823129251701,0.0226757369614512,0.0177715244398537,-0.0161095314465348,34.049814945523266,143.02781630883788,0.0248007275212841,0.0819655248594144,discovery
2019,500,small,target_specific,0.6,40,579,0.0577717319089543,-0.0467764374274676,0.8131377032568935,0.4167645620525014,5.48015873015873,417,417,0.5419664268585132,0.0023591342677829,0.0060371572396147,1.2234115826574132,5.387107186585187,4.403348196919692,4.311750599520384,3.0,0.5443645083932853,0.4532374100719424,0.0023980815347721,0.0181669555533301,-0.016077894149997,30.99385890191746,136.11238412326705,0.042444140759914,0.1386195880581531,discovery
2019,500,small,target_specific,0.8,10,597,0.1368981837512051,-0.0441589641788661,1.4681320625722514,0.5676214505001212,7.936507936507937,480,480,0.4895833333333333,0.0042341701542849,-0.0013090087716049,1.3608977726599631,7.66391793163064,5.631516257573862,5.166666666666667,4.0,0.3458333333333333,0.4458333333333333,0.2083333333333333,0.0248637261417193,-0.0172403685823487,34.30014926379227,176.85864450827629,0.077405424050278,0.2411786651659949,discovery
2019,500,small,target_specific,0.8,20,597,0.1049728025904572,-0.0432026611431356,1.1634936835484204,0.6177571758659758,9.305555555555555,439,439,0.4783599088838269,0.0050102006194551,-0.0040079239675937,1.3724043217788235,8.105634212757797,5.906156140817006,6.341685649202733,4.0,0.4373576309794988,0.5056947608200456,0.0569476082004555,0.0269551478124563,-0.0187102268533282,29.092832047766212,184.3532813586957,0.0569411088410256,0.1699256709455552,discovery
2019,500,small,target_specific,0.8,40,597,0.0870272312770681,-0.0495235865376506,1.0007136928014604,0.5872245048877226,9.591269841269842,420,420,0.469047619047619,0.0049465371454613,-0.0047873605517633,1.3551978606405577,7.926526778365395,5.848981177271624,6.754761904761905,4.0,0.4595238095238095,0.5285714285714286,0.0119047619047619,0.0276399861732449,-0.01894704855727,25.873295589554488,173.54578387451485,0.0501465546060137,0.1482009530472638,discovery
2019,500,small,target_specific,1.0,10,603,0.1056514178952305,-0.0489042219413102,1.0835660898002182,0.6390068333916096,9.317460317460318,466,466,0.4356223175965665,0.0036669559909302,-0.0062278341645598,1.2794714645193417,7.823205675085827,6.11440418331234,6.03862660944206,6.0,0.2167381974248927,0.4806866952789699,0.3025751072961373,0.0289110981324756,-0.0187497369757308,31.073234768626147,191.09682693117688,0.0552868509602625,0.1653369140584496,discovery
2019,500,small,target_specific,1.0,20,603,0.12969318169326,-0.0523261454627604,1.30780651172432,0.7104586312212409,12.25,428,428,0.4205607476635514,0.0053360725206586,-0.0078603896943034,1.340293608970703,8.995217033127137,6.711377994285251,8.212616822429906,6.0,0.3341121495327103,0.5514018691588785,0.1144859813084112,0.0328849288898034,-0.0209112505595825,24.352517254832936,202.48566815020848,0.0640505488008418,0.1825485341353715,discovery
2019,500,small,target_specific,1.0,40,603,0.135995701387666,-0.0525334516548982,1.3766142093952405,0.6906755761367618,13.77777777777778,412,412,0.4101941747572815,0.0062783468219973,-0.0092848264304378,1.383135678172601,9.33801800635243,6.751339115689518,9.427184466019416,6.0,0.3834951456310679,0.5849514563106796,0.0315533980582524,0.0345386996472197,-0.0213006035793031,20.608937857602307,194.2333655708232,0.0700166528999766,0.1969024330472883,discovery
2019,500,large,common_eligible,0.5,10,703,0.1867753972081662,-0.078212936231318,1.81601534578178,0.5636518100530333,7.325396825396825,368,368,0.5380434782608695,0.0058751115422622,0.0025751371342302,1.438977857141594,7.0872121293712365,4.925171081818712,6.016304347826087,6.0,0.3206521739130434,0.3831521739130434,0.296195652173913,0.0293693418153156,-0.0225087660198688,27.816004302563908,169.69003215847133,0.1100685731697776,0.3313666236441124,discovery
2019,500,large,common_eligible,0.5,20,703,0.1399943115469362,-0.0874148185361369,1.230410859162804,0.6602919923532152,9.182539682539682,339,339,0.5014749262536873,0.0063858568456591,0.0008118231536435,1.39450720460398,7.652171595846042,5.487366125167599,7.825958702064897,5.0,0.4454277286135693,0.43952802359882,0.1150442477876106,0.0322530121320661,-0.0248226199503156,23.342810790273194,189.31282876522587,0.0739486660571474,0.2120187934553171,discovery
2019,500,large,common_eligible,0.5,40,703,0.1504112226825462,-0.0804138520074622,1.2936647745659478,0.6082680993813532,8.944444444444445,307,307,0.504885993485342,0.0078703743273993,0.0014565040939877,1.4608738197181554,7.658865306531112,5.242660388019499,8.342019543973942,5.0,0.498371335504886,0.4853420195439739,0.01628664495114,0.0346217570397658,-0.0250869282851763,19.59757302921445,172.9509735199099,0.0869675490234989,0.2472778415233741,discovery
2019,500,large,common_eligible,0.6,10,703,0.1662656121020824,-0.0670724861174179,1.517854603985096,0.611333208222821,8.067460317460318,359,359,0.5125348189415042,0.006090809048002,0.0017847154344079,1.4256401873247877,7.323804390313175,5.137203942080426,6.662952646239554,7.0,0.192200557103064,0.4011142061281337,0.4066852367688022,0.033786295927998,-0.0233884041122838,26.135963701441547,179.59922014253613,0.092575909834201,0.271972158334774,discovery
2019,500,large,common_eligible,0.6,20,703,0.1125194363611608,-0.0830240426300666,0.9671285613131644,0.7330273900207989,11.023809523809524,325,325,0.4461538461538462,0.0073264595188025,-0.009699316763425,1.404723333538662,8.264376007676352,5.883276664065532,9.547692307692309,7.0,0.3230769230769231,0.4707692307692308,0.2061538461538461,0.0397244222839584,-0.0263938726750146,20.3551719886349,203.8096795253656,0.0552080924827502,0.153499634383332,discovery
2019,500,large,common_eligible,0.6,40,703,0.1552194295730384,-0.0869350090825502,1.255317302978637,0.7149986855454309,11.821428571428571,289,289,0.4671280276816609,0.0122286075517272,-0.0085888402969613,1.6495355296987677,8.974982545312166,5.440914962862999,11.30795847750865,7.0,0.4394463667820069,0.5294117647058824,0.0311418685121107,0.04487708885409,-0.0268689265584955,15.619724684530992,195.0195876412095,0.0795917125302336,0.2170905103897227,discovery
2019,500,large,common_eligible,0.8,10,703,0.1394697302150283,-0.0639208973523342,1.3109286238745843,0.6370476693477439,8.666666666666666,345,345,0.5014492753623189,0.0063508343318545,0.0002568540880503,1.440186351135602,7.168561202125368,4.977523357635547,7.330434782608695,10.0,0.0637681159420289,0.3971014492753623,0.5391304347826087,0.037797954162377,-0.0237845047779182,24.915515724687637,184.27319378456676,0.0756863911405811,0.2189313875958884,discovery
2019,500,large,common_eligible,0.8,20,703,0.1028709109960115,-0.0898296500524629,0.9220768044184168,0.771140208200345,12.86111111111111,298,298,0.4194630872483221,0.009958646912348,-0.0117645120054875,1.5195216830991207,8.680001936698082,5.712325156818359,11.875838926174495,12.0,0.1812080536912751,0.4765100671140939,0.3422818791946309,0.0484975571134118,-0.0276435475429262,17.635456524078876,209.71731223962732,0.0490521788103354,0.1334010467902943,discovery
2019,500,large,common_eligible,0.8,40,703,0.1566934808207145,-0.087744531052707,1.3024443332234177,0.7848859713254128,15.325396825396826,253,253,0.4229249011857707,0.0153690661037888,-0.0141829220071117,1.7144069359486376,9.331173238929228,5.442799514670643,16.26482213438735,12.0,0.3043478260869565,0.5652173913043478,0.1304347826086956,0.0578376979223352,-0.0290761952510555,12.292128275610697,208.10872355797483,0.0752940473334184,0.199638529092463,discovery
2019,500,large,common_eligible,1.0,10,703,0.1660940082843074,-0.0602578344535761,1.5318457041404192,0.638979720617985,8.714285714285714,343,343,0.4956268221574344,0.0068474068014795,-0.0002001069207558,1.4706146050880566,7.33928451166825,4.990623978760766,7.402332361516035,10.0,0.0233236151603498,0.3994169096209912,0.577259475218659,0.0390457004521045,-0.0238633982278489,24.57188889450024,184.3947943421875,0.0900752154510833,0.2599362748534033,discovery
2019,500,large,common_eligible,1.0,20,703,0.0690243019433953,-0.0943159785965376,0.6549332243325799,0.7595439242820492,12.97222222222222,286,286,0.4020979020979021,0.0097144576112065,-0.0140216653288494,1.4886823199805486,8.463694799209577,5.685359922404509,12.43006993006993,14.0,0.0979020979020979,0.4895104895104895,0.4125874125874126,0.0520706895486163,-0.0282872903520929,16.842641089282353,205.57248510393063,0.033576624764982,0.0908759845701351,discovery
2019,500,large,common_eligible,1.0,40,703,0.0923628269211842,-0.0944081965491421,0.8472125375343085,0.8083461443304124,16.9484126984127,244,244,0.3893442622950819,0.0137475416072313,-0.0165553951638574,1.5976498322701211,8.967051526001606,5.612651373837162,18.50409836065574,14.0,0.2008196721311475,0.5942622950819673,0.2049180327868852,0.0640238108881654,-0.0302278758597105,10.959200528363128,211.413108353669,0.0436883160369943,0.1142614801456031,discovery
2019,500,large,target_specific,0.5,10,703,0.1867753972081662,-0.078212936231318,1.81601534578178,0.5636518100530333,7.325396825396825,368,368,0.5380434782608695,0.0058751115422622,0.0025751371342302,1.438977857141594,7.0872121293712365,4.925171081818712,6.016304347826087,6.0,0.3206521739130434,0.3831521739130434,0.296195652173913,0.0293693418153156,-0.0225087660198688,27.816004302563908,169.69003215847133,0.1100685731697776,0.3313666236441124,discovery
2019,500,large,target_specific,0.5,20,703,0.1399943115469362,-0.0874148185361369,1.230410859162804,0.6602919923532152,9.182539682539682,339,339,0.5014749262536873,0.0063858568456591,0.0008118231536435,1.39450720460398,7.652171595846042,5.487366125167599,7.825958702064897,5.0,0.4454277286135693,0.43952802359882,0.1150442477876106,0.0322530121320661,-0.0248226199503156,23.342810790273194,189.31282876522587,0.0739486660571474,0.2120187934553171,discovery
2019,500,large,target_specific,0.5,40,703,0.1504112226825462,-0.0804138520074622,1.2936647745659478,0.6082680993813532,8.944444444444445,307,307,0.504885993485342,0.0078703743273993,0.0014565040939877,1.4608738197181554,7.658865306531112,5.242660388019499,8.342019543973942,5.0,0.498371335504886,0.4853420195439739,0.01628664495114,0.0346217570397658,-0.0250869282851763,19.59757302921445,172.9509735199099,0.0869675490234989,0.2472778415233741,discovery
2019,500,large,target_specific,0.6,10,704,0.1654723324431943,-0.0670724861174179,1.5113530391842924,0.6110490955378253,8.067460317460318,360,360,0.5138888888888888,0.0060827972640968,0.0018355865266168,1.4262643725582835,7.327010957155281,5.1372039420804265,6.647222222222222,7.0,0.1944444444444444,0.4,0.4055555555555555,0.0337041410124085,-0.0234400631173414,26.229544580405445,179.61685762299254,0.0921251683349862,0.2708003884655963,discovery
2019,500,large,target_specific,0.6,20,704,0.1121932106362484,-0.0830240426300666,0.9647119449872266,0.7328267146215929,11.023809523809524,326,326,0.4478527607361963,0.0073138218112052,-0.0095040449780016,1.405268364314061,8.267582574518457,5.883276664065532,9.521472392638035,7.0,0.3251533742331288,0.4693251533742331,0.205521472392638,0.0396154839527677,-0.0264417002003459,20.41057652819939,203.8180480221976,0.0550457683826064,0.1530965075340918,discovery
2019,500,large,target_specific,0.6,40,704,0.1552194295730384,-0.0869350090825502,1.255317302978637,0.7149986855454309,11.821428571428571,289,289,0.4671280276816609,0.0122286075517272,-0.0085888402969613,1.6495355296987677,8.974982545312166,5.440914962862999,11.30795847750865,7.0,0.4394463667820069,0.5294117647058824,0.0311418685121107,0.04487708885409,-0.0268689265584955,15.619724684530992,195.0195876412095,0.0795917125302336,0.2170905103897227,discovery
2019,500,large,target_specific,0.8,10,705,0.1346132010886078,-0.0639208973523342,1.2689312247568243,0.6371201558852954,8.670634920634921,346,346,0.5,0.0061942052617525,5.525640503672991e-05,1.4264753936600705,7.168561202125368,5.025366181558992,7.315028901734104,10.0,0.0635838150289017,0.3988439306358382,0.5375722543352601,0.0377025401012002,-0.0238512835275574,24.99282646097225,184.348411283616,0.0730210801119996,0.2112838525749656,discovery
2019,500,large,target_specific,0.8,20,705,0.1000352249157083,-0.0898296500524629,0.8994643963000526,0.771095056071832,12.865079365079366,299,299,0.4180602006688963,0.0097653309563755,-0.0118071709238429,1.5069008344406398,8.680001936698082,5.760167980741805,11.842809364548495,12.0,0.1806020066889632,0.4782608695652174,0.3411371237458194,0.0483513602300733,-0.0277079167891141,17.689832429954564,209.7399116760569,0.0476948922674348,0.1297313789370081,discovery
2019,500,large,target_specific,0.8,40,705,0.1566934808207145,-0.087744531052707,1.3024443332234177,0.7848859713254128,15.325396825396826,253,253,0.4229249011857707,0.0153690661037888,-0.0141829220071117,1.7144069359486376,9.331173238929228,5.442799514670643,16.26482213438735,12.0,0.3043478260869565,0.5652173913043478,0.1304347826086956,0.0578376979223352,-0.0290761952510555,12.292128275610697,208.10872355797483,0.0752940473334184,0.199638529092463,discovery
2019,500,large,target_specific,1.0,10,705,0.1609276654044431,-0.0602578344535761,1.4882018435020314,0.6388129563804489,8.718253968253968,344,344,0.4941860465116279,0.006688423572628,-0.0006643717741438,1.4566503658927143,7.339284511668251,5.038466802684211,7.386627906976744,10.0,0.0232558139534883,0.4011627906976744,0.5755813953488372,0.038946104488567,-0.0239303358846084,24.645400253297776,184.40411363523503,0.0872690214073911,0.251916721157737,discovery
2019,500,large,target_specific,1.0,20,705,0.0677547756083962,-0.0943159785965376,0.6444207847925122,0.7594367864394372,12.976190476190476,287,287,0.4006968641114982,0.009513909591922,-0.0141120965793419,1.4762594615427598,8.463694799209577,5.7332027463279545,12.393728222996517,14.0,0.0975609756097561,0.4912891986062718,0.4111498257839721,0.0519059299648065,-0.0283521079890302,16.864253350309276,205.55714208605136,0.0329615283228798,0.0892171367232017,discovery
2019,500,large,target_specific,1.0,40,705,0.0923628269211842,-0.0944081965491421,0.8472125375343085,0.8083461443304124,16.9484126984127,244,244,0.3893442622950819,0.0137475416072313,-0.0165553951638574,1.5976498322701211,8.967051526001606,5.612651373837162,18.50409836065574,14.0,0.2008196721311475,0.5942622950819673,0.2049180327868852,0.0640238108881654,-0.0302278758597105,10.959200528363128,211.413108353669,0.0436883160369943,0.1142614801456031,discovery
2020,300,small,common_eligible,0.5,10,256,0.0125087243033326,-0.0587809223186477,0.2397109228649872,0.1408226256089106,1.5375494071146243,190,190,0.5736842105263158,0.0002208945951035,0.004117735218421,1.0204994341892022,2.089342241119314,2.047372268049633,3.0473684210526315,2.0,0.5736842105263158,0.3947368421052631,0.031578947368421,0.0142559158123594,-0.0175283485607337,17.80134827838777,53.56618491678312,0.0233519044202332,0.0888260977186403,discovery
2020,300,small,common_eligible,0.5,20,256,0.0245637953348851,-0.0587809223186477,0.4436459799862346,0.1406671952631633,1.5533596837944663,183,183,0.5737704918032787,0.0010369682300745,0.0039158078901593,1.0990238743123455,2.1061231090938533,1.9163579229902037,3.1475409836065573,2.0,0.6010928961748634,0.3934426229508196,0.0054644808743169,0.0144894349174029,-0.0172625403925065,16.99458689732393,52.7258100783478,0.046587800734374,0.1746234812525456,discovery
2020,300,small,common_eligible,0.5,40,256,0.001151126754554,-0.0587809223186477,0.0483771510432894,0.1459529388727286,1.616600790513834,179,179,0.5698324022346368,-0.000198053907395,0.0034472643236647,0.9814941164870866,1.8802444803493008,1.915696129773019,3.2849162011173183,2.0,0.5921787709497207,0.4022346368715084,0.0055865921787709,0.0135389639467498,-0.0173332042470215,16.542267373786046,53.61953585359737,0.0021468420720707,0.0078869720845968,discovery
2020,300,small,common_eligible,0.6,10,256,-0.0076184487524495,-0.0691130640455,-0.0713963886967381,0.199303021840308,2.1739130434782608,181,181,0.4972375690607735,-0.0010544556525844,-0.0012770788787782,0.9264642467443572,2.404567720801593,2.5954241939193734,4.038674033149171,3.0,0.425414364640884,0.4806629834254143,0.0939226519337016,0.0194870547910399,-0.0203798076261244,16.664903658558934,67.06565441515318,-0.011359687486667,-0.0382254552996885,discovery
2020,300,small,common_eligible,0.6,20,256,0.0026576529280915,-0.0691130640455,0.0728009045944855,0.2164867927866318,2.4031620553359683,174,174,0.4885057471264368,-0.000204410959104,-0.0013162357726037,0.9861418796815412,2.5309787538475943,2.5665462607317044,4.494252873563219,3.0,0.4770114942528735,0.5,0.0229885057471264,0.0203332586880953,-0.0205526988297832,15.68587002695577,70.407019286794,0.0037746988226641,0.0122762820488124,discovery
2020,300,small,common_eligible,0.6,40,256,-0.0161808251704039,-0.0691130640455,-0.1922779040070116,0.2253017615303629,2.505928853754941,170,170,0.4823529411764706,-0.0012232299840079,-0.0031255411974835,0.919471869345991,2.3743671143641505,2.582316211645505,4.729411764705882,3.0,0.4764705882352941,0.5176470588235295,0.0058823529411764,0.0193225584669484,-0.0206235116916305,15.259776670904929,72.22399189973937,-0.0224036705044856,-0.071818458322277,discovery
2020,300,small,common_eligible,0.8,10,256,0.0297184925131461,-0.0776403899893646,0.413922200603234,0.2701119576789335,3.047430830039526,181,181,0.430939226519337,0.0014592176413949,-0.0098378530669416,1.0903062079825303,3.1888164730249637,2.9246980799324738,5.259668508287293,5.0,0.3038674033149171,0.5248618784530387,0.1712707182320442,0.0264699443676364,-0.0225080083753735,15.958588612060572,84.05351943041526,0.0353566307687437,0.1100228689189348,discovery
2020,300,small,common_eligible,0.8,20,256,0.0361135827515792,-0.084911883199029,0.4645619762878655,0.3141959006858394,3.6798418972332017,174,174,0.4137931034482758,0.0021234503115689,-0.0123809428553756,1.1223097800302668,3.3903373463649533,3.0208569921519546,6.350574712643678,5.0,0.3563218390804598,0.5632183908045977,0.0804597701149425,0.0287701595361252,-0.023162413382213,14.891838241646017,94.23206715959074,0.0383240905565804,0.1149397005904567,discovery
2020,300,small,common_eligible,0.8,40,256,0.010986862805671,-0.084911883199029,0.1746462394768055,0.3341712362879581,4.0395256916996045,169,169,0.3964497041420118,0.0013991984594514,-0.0131820856177746,1.0770823189890235,3.304152989458488,3.067688449811197,7.047337278106509,5.0,0.378698224852071,0.5976331360946746,0.0236686390532544,0.028346828951639,-0.0232137637504789,14.068985040976216,98.50780088542326,0.0111532921321126,0.0328779428406686,discovery
2020,300,small,common_eligible,1.0,10,256,0.0697309983854854,-0.0767425999434443,0.8041312097581178,0.2918944846262808,3.324110671936759,179,179,0.4078212290502793,0.0032555324130285,-0.0124496095988537,1.1935529163926608,3.593494739493241,3.010754437561137,5.698324022346369,5.0,0.1955307262569832,0.547486033519553,0.2569832402234637,0.0309721806595285,-0.0229893636720104,15.581278616385156,89.11307272461683,0.0782500212970692,0.2388911132554068,discovery
2020,300,small,common_eligible,1.0,20,256,0.0594498211298941,-0.0828868653846518,0.6525539223930894,0.3611594319725687,4.351778656126482,172,172,0.3662790697674418,0.0038204367841102,-0.0148519399175336,1.2033788585226617,3.8881054649985862,3.230990338131628,7.401162790697675,5.0,0.2674418604651162,0.6046511627906976,0.127906976744186,0.0352338699153741,-0.024162290605226,14.21146816133922,105.32788039013592,0.05644262555146,0.1646082474025199,discovery
2020,300,small,common_eligible,1.0,40,256,0.0723790581691004,-0.0828868653846518,0.7616875281615285,0.3919690364781343,5.07905138339921,166,166,0.3433734939759036,0.0053062338668573,-0.0189447052881373,1.2623487430889482,4.238330693718359,3.3574958718200394,8.740963855421686,5.0,0.3192771084337349,0.6506024096385542,0.0301204819277108,0.0374597013633851,-0.0248972743143537,12.889991321012731,112.09013165933445,0.0645721948021933,0.1846550401517187,discovery
2020,300,small,target_specific,0.5,10,256,0.0125087243033326,-0.0587809223186477,0.2397109228649872,0.1408226256089106,1.5375494071146243,190,190,0.5736842105263158,0.0002208945951035,0.004117735218421,1.0204994341892022,2.089342241119314,2.047372268049633,3.0473684210526315,2.0,0.5736842105263158,0.3947368421052631,0.031578947368421,0.0142559158123594,-0.0175283485607337,17.80134827838777,53.56618491678312,0.0233519044202332,0.0888260977186403,discovery
2020,300,small,target_specific,0.5,20,256,0.0245637953348851,-0.0587809223186477,0.4436459799862346,0.1406671952631633,1.5533596837944663,183,183,0.5737704918032787,0.0010369682300745,0.0039158078901593,1.0990238743123455,2.1061231090938533,1.9163579229902037,3.1475409836065573,2.0,0.6010928961748634,0.3934426229508196,0.0054644808743169,0.0144894349174029,-0.0172625403925065,16.99458689732393,52.7258100783478,0.046587800734374,0.1746234812525456,discovery
2020,300,small,target_specific,0.5,40,256,0.001151126754554,-0.0587809223186477,0.0483771510432894,0.1459529388727286,1.616600790513834,179,179,0.5698324022346368,-0.000198053907395,0.0034472643236647,0.9814941164870866,1.8802444803493008,1.915696129773019,3.2849162011173183,2.0,0.5921787709497207,0.4022346368715084,0.0055865921787709,0.0135389639467498,-0.0173332042470215,16.542267373786046,53.61953585359737,0.0021468420720707,0.0078869720845968,discovery
2020,300,small,target_specific,0.6,10,282,-0.0005070572408486,-0.0631262908586206,0.0272250140056853,0.1946110066979745,2.2015810276679844,202,202,0.5396039603960396,-0.0006540788630839,0.0024448820221589,0.949103769055398,2.463823311541505,2.595947241884459,3.757425742574257,3.0,0.4851485148514851,0.4306930693069307,0.0841584158415841,0.017856257411293,-0.0196514710947488,17.831463499670832,67.05221650987919,-0.0007562124971274,-0.0026054910739739,discovery
2020,300,small,target_specific,0.6,20,282,0.0094923516941309,-0.0631262908586206,0.1668294011291778,0.2119843440887809,2.430830039525692,195,195,0.5333333333333333,0.0001187950558498,0.0018209022770332,1.0090239230441629,2.590234344587504,2.567069308696792,4.153846153846154,3.0,0.5333333333333333,0.4461538461538462,0.0205128205128205,0.018552790213495,-0.019779597831759,16.84880522679871,70.44155307109092,0.0134755002981707,0.0447785506752116,discovery
2020,300,small,target_specific,0.6,40,282,-0.0093083893053652,-0.0631262908586206,-0.0999597899330399,0.2209405551363927,2.533596837944664,191,191,0.5287958115183246,-0.0007812385052698,0.0017355208276728,0.9422277038916352,2.4336227051040606,2.5828392596105934,4.356020942408377,3.0,0.5340314136125655,0.4607329842931937,0.0052356020942408,0.017615926802535,-0.0198264343894655,16.424837950749673,72.29443450159692,-0.0128756651456477,-0.042130741002343,discovery
2020,300,small,target_specific,0.8,10,296,0.0458796552356202,-0.0790243043020991,0.5873693296080876,0.2863340000973653,3.383399209486166,215,215,0.4883720930232558,0.0020269254858222,-0.0007318496916064,1.135601327087938,3.6495405614638496,3.2137515820120552,4.981395348837209,4.0,0.3813953488372093,0.4651162790697674,0.1534883720930232,0.0249975717619545,-0.0226500483649651,18.109312510364468,90.41658103390454,0.0507425238943907,0.1602312516851622,discovery
2020,300,small,target_specific,0.8,20,296,0.0649469813097538,-0.085749571233694,0.7656232369582135,0.3320783182420284,4.055335968379446,208,208,0.4807692307692308,0.002942837562337,-0.0020522796908697,1.1862230594857046,3.8990834517077815,3.286973238741672,5.932692307692308,4.0,0.4375,0.4951923076923077,0.0673076923076923,0.0269667399153764,-0.0232022635145671,16.891551660136237,100.92364068334274,0.0643525945655597,0.1955773013232938,discovery
2020,300,small,target_specific,0.8,40,296,0.0378917521218917,-0.085749571233694,0.4807672116784819,0.3526824212035206,4.41501976284585,202,202,0.4653465346534653,0.0023374586206575,-0.0059360701862263,1.1416299646714665,3.805971337773744,3.3338046964009145,6.52970297029703,4.0,0.4554455445544554,0.5247524752475248,0.0198019801980198,0.0266621425517589,-0.0232295237550082,15.976472586410203,105.26795005759423,0.0359955257997903,0.1074387319690815,discovery
2020,300,small,target_specific,1.0,10,297,0.0790743032969274,-0.0876657347025497,0.850936956466039,0.3249931641814468,3.901185770750988,214,214,0.4485981308411215,0.0037044361620954,-0.0050286687247719,1.230180748079266,4.236779064473501,3.4440297257850645,5.61214953271028,5.0,0.2570093457943925,0.4906542056074766,0.2523364485981308,0.0301002218224064,-0.0236980511320265,17.75693829680148,99.83244633931758,0.0792070175543571,0.2433106662292117,discovery
2020,300,small,target_specific,1.0,20,297,0.0799293509180174,-0.1040629046735194,0.792138869774453,0.4025303775551038,5.051383399209486,207,207,0.4202898550724637,0.0041682853543841,-0.0124496095988537,1.2259319711325114,4.681838921740714,3.819003853383193,7.173913043478261,5.0,0.3381642512077294,0.5555555555555556,0.1062801932367149,0.0341424654371846,-0.0250528917232725,16.185719259951682,118.0327364244799,0.0677179512559705,0.198567252000939,discovery
2020,300,small,target_specific,1.0,40,297,0.0810930360676935,-0.1040629046735194,0.8069380437409978,0.4257025003834918,5.727272727272728,199,199,0.3969849246231156,0.0052397975526705,-0.0139861197685475,1.2642801247408393,4.988229100053043,3.9455093870716063,8.28140703517588,5.0,0.3768844221105528,0.5979899497487438,0.0251256281407035,0.0360788679749654,-0.0256076076170592,14.52500967028951,122.46314254203138,0.0662183203733001,0.1904922709982707,discovery
2020,300,large,common_eligible,0.5,10,207,-0.0470834483529506,-0.108780013446854,-0.5874286509392179,0.1893707858339919,2.0039525691699605,136,136,0.5,-0.0024732192193007,0.0003030539395762,0.870658144602218,2.264175577245254,2.6005333910701536,4.727941176470588,3.5,0.3970588235294117,0.3970588235294117,0.2058823529411764,0.0267153354979126,-0.0282386944190268,12.984313470387583,60.51565244199368,-0.0778037523400771,-0.2486310026416926,discovery
2020,300,large,common_eligible,0.5,20,207,-0.0678052803210991,-0.1417795299889506,-0.8086006592532864,0.2113326729051334,2.308300395256917,128,128,0.46875,-0.0043456990699157,-0.0061250272108059,0.812259317825527,2.406611176136673,2.9628606570858844,5.5625,3.0,0.46875,0.5,0.03125,0.0287849906212476,-0.030350028221198,12.103587403296697,65.07651348543561,-0.1041931669192361,-0.3208461776827887,discovery
2020,300,large,common_eligible,0.5,40,207,-0.089875348078968,-0.1417795299889506,-1.1413660053157328,0.1999856486671001,2.2015810276679844,115,115,0.4521739130434782,-0.0069956931382508,-0.0161256525684456,0.7170884763586338,2.0391571539274147,2.843661864826261,5.843478260869565,3.0,0.4608695652173913,0.5304347826086957,0.008695652173913,0.0289031283991931,-0.0317785636579234,10.870017494225266,61.09404695517246,-0.1471098291211805,-0.4494089884848498,discovery
2020,300,large,common_eligible,0.6,10,207,-0.0945203668720676,-0.1699976564521513,-0.8370425782883161,0.2230046448079136,2.505928853754941,134,134,0.4402985074626865,-0.0044422854305397,-0.0101890515569348,0.8231003295149484,2.7697272882488377,3.3649935359411574,5.731343283582089,5.0,0.2611940298507462,0.4552238805970149,0.2835820895522388,0.0334333620468899,-0.0328238216401402,12.20229685772989,68.0317102608043,-0.1389357499755882,-0.4238493191632099,discovery
2020,300,large,common_eligible,0.6,20,207,-0.0974568817576259,-0.2030672385162507,-0.8216066507146839,0.2553891439550569,3.0237154150197627,126,126,0.3968253968253968,-0.0062008139864016,-0.0194208654983564,0.7994335601253929,3.1141774730327185,3.895480035319324,7.071428571428571,5.0,0.3571428571428571,0.5873015873015873,0.0555555555555555,0.0373148534709977,-0.0362685361596734,11.159895418713036,74.94662472187517,-0.1300350511037497,-0.3816015052494801,discovery
2020,300,large,common_eligible,0.6,40,207,-0.1202879567136785,-0.1996723194110622,-1.0745820376031652,0.2318209030887352,2.8300395256917,113,113,0.3539823008849557,-0.0106285651763493,-0.0254328197407136,0.6869560973317267,2.635583724342732,3.836611589270203,7.336283185840708,5.0,0.3539823008849557,0.6371681415929203,0.0088495575221238,0.0375506309236157,-0.0384579721026406,9.719219606124687,67.75441718556797,-0.1775352245806055,-0.5188831339667213,discovery
2020,300,large,common_eligible,0.8,10,207,-0.0840903791312148,-0.1693564270530189,-0.6996080627383338,0.2396430905433952,2.810276679841897,129,129,0.3953488372093023,-0.0054431913769511,-0.0131731344896904,0.797303071291176,2.761973980980704,3.464145668607399,6.511627906976744,7.0,0.1085271317829457,0.4806201550387597,0.4108527131782946,0.0389049683455496,-0.0345757518422826,11.39968541223564,71.36645794681509,-0.1178289935502783,-0.3508984087149699,discovery
2020,300,large,common_eligible,0.8,20,207,-0.0654821344623388,-0.2059972417331318,-0.4835234177730089,0.3096723748212859,3.814229249011858,120,120,0.3083333333333333,-0.0059389447517849,-0.0257802643924477,0.8274076587550542,3.4165560328608446,4.129229403075035,9.041666666666666,7.0,0.2,0.6583333333333333,0.1416666666666666,0.0466897969734803,-0.0394391299251787,10.33300978220704,87.43279725344156,-0.0748942462317952,-0.2114561704127759,discovery
2020,300,large,common_eligible,0.8,40,207,-0.0966851671855102,-0.2024066787010563,-0.7547262463150293,0.3037854438444659,3.75098814229249,107,107,0.2616822429906542,-0.0097008776376596,-0.0318018132341163,0.7477012156941697,3.0761515892915243,4.114145496521106,9.869158878504672,7.0,0.2429906542056074,0.7289719626168224,0.02803738317757,0.048328009481376,-0.0429335701524624,9.17683872868619,84.72544433738463,-0.114115857333838,-0.3182679392466603,discovery
2020,300,large,common_eligible,1.0,10,207,-0.0979588199890257,-0.1760931891767144,-0.7906029152382595,0.2530741027118967,3.0118577075098814,129,129,0.3875968992248062,-0.0072340079146988,-0.0142071655288251,0.7371529432804833,2.617117223011236,3.550304244007386,6.906976744186046,9.0,0.0387596899224806,0.4883720930232558,0.4728682170542636,0.0410263847340533,-0.0348292288256978,11.253884255457676,74.37590294210123,-0.1317077388160019,-0.3870756388714476,discovery
2020,300,large,common_eligible,1.0,20,207,-0.055120036113343,-0.2149217195489828,-0.3703625417295258,0.3486440398147533,4.395256916996048,119,119,0.2941176470588235,-0.0050250541250393,-0.0280505277359908,0.8605229844182394,3.689330259800821,4.2873117006805,10.344537815126053,9.0,0.1176470588235294,0.6722689075630253,0.2100840336134453,0.0525634845518949,-0.0406287232048486,9.962062455299368,96.1931938629768,-0.0573013889026901,-0.1580983175350717,discovery
2020,300,large,common_eligible,1.0,40,207,-0.1213762976900748,-0.209338176942904,-0.8408811521625633,0.3670924817735287,4.735177865612648,106,106,0.2452830188679245,-0.0104082517660766,-0.0324014047750911,0.7365440787631767,3.0844265495897814,4.187701236793903,12.30188679245283,9.0,0.1698113207547169,0.7452830188679245,0.0849056603773584,0.056373499866382,-0.0437722397240687,8.420084133440817,98.47957667169848,-0.1232502228301683,-0.3306422869345382,discovery
2020,300,large,target_specific,0.5,10,207,-0.0470834483529506,-0.108780013446854,-0.5874286509392179,0.1893707858339919,2.0039525691699605,136,136,0.5,-0.0024732192193007,0.0003030539395762,0.870658144602218,2.264175577245254,2.6005333910701536,4.727941176470588,3.5,0.3970588235294117,0.3970588235294117,0.2058823529411764,0.0267153354979126,-0.0282386944190268,12.984313470387583,60.51565244199368,-0.0778037523400771,-0.2486310026416926,discovery
2020,300,large,target_specific,0.5,20,207,-0.0678052803210991,-0.1417795299889506,-0.8086006592532864,0.2113326729051334,2.308300395256917,128,128,0.46875,-0.0043456990699157,-0.0061250272108059,0.812259317825527,2.406611176136673,2.9628606570858844,5.5625,3.0,0.46875,0.5,0.03125,0.0287849906212476,-0.030350028221198,12.103587403296697,65.07651348543561,-0.1041931669192361,-0.3208461776827887,discovery
2020,300,large,target_specific,0.5,40,207,-0.089875348078968,-0.1417795299889506,-1.1413660053157328,0.1999856486671001,2.2015810276679844,115,115,0.4521739130434782,-0.0069956931382508,-0.0161256525684456,0.7170884763586338,2.0391571539274147,2.843661864826261,5.843478260869565,3.0,0.4608695652173913,0.5304347826086957,0.008695652173913,0.0289031283991931,-0.0317785636579234,10.870017494225266,61.09404695517246,-0.1471098291211805,-0.4494089884848498,discovery
2020,300,large,target_specific,0.6,10,214,-0.091712332173265,-0.1674236886946223,-0.8078972755081818,0.2223639611415374,2.5217391304347827,137,137,0.4525547445255474,-0.0041957168049257,-0.0072990839206232,0.8291785121916876,2.790180333666336,3.3649935359411582,5.656934306569343,5.0,0.2773722627737226,0.4452554744525547,0.2773722627737226,0.0328726005810009,-0.0328201053815134,12.353605683351637,68.02013594859626,-0.1348311509441458,-0.41244242863118,discovery
2020,300,large,target_specific,0.6,20,214,-0.094937752527957,-0.2008428831663984,-0.7970554151123117,0.254509524880982,3.039525691699605,129,129,0.4108527131782946,-0.0058980582703031,-0.0187626356911093,0.804684015841263,3.134630518450217,3.895480035319322,6.961240310077519,5.0,0.3720930232558139,0.5736434108527132,0.0542635658914728,0.0366290488578262,-0.0361844797954062,11.293787563468184,74.86207103198808,-0.1268168930130061,-0.3730223950257004,discovery
2020,300,large,target_specific,0.6,40,214,-0.1187769499027805,-0.1982976643912193,-1.0561730847225694,0.23171590608752,2.845849802371541,116,116,0.3706896551724138,-0.0101773691337066,-0.0251763649107136,0.6922871153254948,2.656036769760231,3.836611589270203,7.206896551724138,5.0,0.3706896551724138,0.6206896551724138,0.0086206896551724,0.036781871204159,-0.0383078722852322,9.8991378225563,67.90237758147103,-0.1749231089298292,-0.5125973089560715,discovery
2020,300,large,target_specific,0.8,10,217,-0.0881516909717201,-0.1764414644306742,-0.6872644166329838,0.2447585997504276,2.964426877470356,138,138,0.3985507246376811,-0.0058120053734332,-0.0123182530831916,0.7813837631672611,2.866731785584799,3.668788527118593,6.434782608695652,7.0,0.1304347826086956,0.4710144927536231,0.3985507246376811,0.0378318162888186,-0.035310834523451,11.769798762679743,73.0513427384723,-0.1206708701951008,-0.3601576862329068,discovery
2020,300,large,target_specific,0.8,20,217,-0.0631851987467903,-0.2112737727282644,-0.4338855695549776,0.3164741526262633,4.003952569169961,129,129,0.3255813953488372,-0.0065329729791145,-0.0253181592015577,0.8090229173236609,3.5700980304738072,4.412851544779589,8.852713178294573,7.0,0.2248062015503876,0.6434108527131783,0.1317829457364341,0.0452059755255344,-0.0402903898806596,10.679639425766691,89.53687707410022,-0.0705689106115445,-0.199653583783849,discovery
2020,300,large,target_specific,0.8,40,217,-0.0945766820636297,-0.2078048442896098,-0.692311901385862,0.310667056153298,3.940711462450593,116,116,0.2844827586206896,-0.0100696038906997,-0.0300096849854754,0.7343938681143124,3.229693586904487,4.397767638225661,9.594827586206897,6.0,0.2672413793103448,0.7068965517241379,0.0258620689655172,0.0465507950041684,-0.0436091095680786,9.527664721268476,86.85430022792558,-0.1088911911274846,-0.304430998364246,discovery
2020,300,large,target_specific,1.0,10,217,-0.0962970945958943,-0.182741938344908,-0.7250790023228358,0.2586702501498364,3.110671936758893,134,134,0.3955223880597014,-0.0071525956301,-0.0128011379902867,0.7402811139430743,2.731879943338238,3.690327757771641,6.873134328358209,9.0,0.0522388059701492,0.4776119402985074,0.4701492537313433,0.0408614133172903,-0.0355512464711547,11.543417151296545,76.12285078509363,-0.1265022179315848,-0.3722774247912684,discovery
2020,300,large,target_specific,1.0,20,217,-0.0475917881181044,-0.2209788208493451,-0.2873226004490504,0.3581907554408312,4.553359683794467,124,124,0.3064516129032258,-0.0050362447936392,-0.0276470678294579,0.8603734783050192,3.848111185211796,4.472605539623067,10.290322580645162,9.0,0.1290322580645161,0.6612903225806451,0.2096774193548387,0.0522804785822813,-0.0415095593206368,10.238725166411657,98.94855386986256,-0.0480975074993995,-0.1328671591748159,discovery
2020,300,large,target_specific,1.0,40,217,-0.1103546470253291,-0.2154419528380828,-0.7139156687744841,0.3782498650930802,4.909090909090909,111,111,0.2612612612612612,-0.0097660020706795,-0.031997098182624,0.752108975411351,3.2889688458910395,4.37299507573647,12.18918918918919,9.0,0.1891891891891892,0.7297297297297297,0.081081081081081,0.0562102108123451,-0.0446146369831825,8.688383774664606,101.63491311724736,-0.1085794670754749,-0.2917506579894561,discovery
2020,500,small,common_eligible,0.5,10,389,0.0569113385781998,-0.063018508291338,0.8952689068084553,0.1898552147476921,2.3873517786561265,296,296,0.597972972972973,0.0015816970106966,0.0047064793551179,1.1570713766519738,3.4488801682421046,2.980697853075892,3.0405405405405403,2.0,0.5912162162162162,0.3783783783783784,0.0304054054054054,0.0151094059947004,-0.0170809287325309,24.74234485151795,72.93626360256353,0.0780288648844353,0.2997617877066591,discovery
2020,500,small,common_eligible,0.5,20,389,0.0676370378241024,-0.063018508291338,1.0823131970496866,0.1799697426561209,2.3201581027667983,282,282,0.6028368794326241,0.0024587901964357,0.0047064793551179,1.251312306286169,3.4524113938934065,2.759032558498515,3.0815602836879434,2.0,0.624113475177305,0.3723404255319149,0.0035460992907801,0.0152256641445072,-0.0168744041463621,23.25665538672917,69.01841349350764,0.0979985403901886,0.3758244959728628,discovery
2020,500,small,common_eligible,0.5,40,389,0.0391145960769532,-0.063018508291338,0.6859290219302384,0.1836870790069932,2.367588932806324,276,276,0.5978260869565217,0.0015565400836602,0.0044790749613241,1.1557459455768275,3.187975828371547,2.758370765281329,3.170289855072464,2.0,0.6159420289855072,0.3804347826086957,0.0036231884057971,0.0145831457307349,-0.01694420132751,22.619227370688467,69.31224882835727,0.0564324441035168,0.2129414670231872,discovery
2020,500,small,common_eligible,0.6,10,389,0.0390223658954558,-0.0810836217171011,0.5328172470097788,0.27164877830228,3.442687747035573,283,283,0.5017667844522968,0.0003348043439566,0.0016957903221368,1.0240230548733804,4.03886205963326,3.944112430293536,4.07773851590106,4.0,0.4416961130742049,0.4770318021201413,0.0812720848056537,0.020574919643342,-0.0201431978313381,23.052836248441874,91.74368262417764,0.0425341176408936,0.1436500695469105,discovery
2020,500,small,common_eligible,0.6,20,389,0.0388609384709488,-0.0810836217171011,0.5274015357999867,0.2688448043876756,3.632411067193676,269,269,0.4981412639405204,0.0010987154402774,-0.0006617932171851,1.0766646484704938,4.15071402608146,3.855159572646832,4.41635687732342,3.0,0.4907063197026022,0.4944237918215613,0.0148698884758364,0.0211551342558749,-0.0202768193356037,21.00224069272721,89.07981267040745,0.0436248542806585,0.1445478500485029,discovery
2020,500,small,common_eligible,0.6,40,389,0.0192028827484176,-0.0810836217171011,0.2920764561786721,0.2711654169554535,3.6719367588932808,263,263,0.494296577946768,0.0004695330631125,-0.0013553926664291,1.0322542461331452,3.952043444870608,3.828556249271997,4.532319391634981,3.0,0.4904942965779467,0.5057034220532319,0.0038022813688212,0.0204349931563148,-0.0202560183352006,20.366360673515324,89.0323700929892,0.0215684281215487,0.0708161201528594,discovery
2020,500,small,common_eligible,0.8,10,389,0.0836743868446661,-0.0944947907155427,0.9685101951204672,0.3530974708820909,4.715415019762846,281,281,0.4448398576512455,0.0029473898276369,-0.0077625461684267,1.1897798020611936,5.192308676612762,4.364092135046773,5.245551601423488,5.0,0.3167259786476868,0.5160142348754448,0.1672597864768683,0.0277678074335302,-0.0219226160829823,21.403557508745443,110.44738783023097,0.0757594982447953,0.2369724898783183,discovery
2020,500,small,common_eligible,0.8,20,389,0.063036568468568,-0.1017223409583217,0.7233321681658609,0.3694669755468583,5.07905138339921,254,254,0.405511811023622,0.0027404272071958,-0.0125002015618978,1.1604031669377604,5.035562074977535,4.339493564349798,6.059055118110236,4.0,0.358267716535433,0.5748031496062992,0.0669291338582677,0.0286257151721201,-0.0227574024949508,18.68998438790974,112.04763787193558,0.0562587214383006,0.1706148929150322,discovery
2020,500,small,common_eligible,0.8,40,389,0.0456296863750711,-0.1017223409583217,0.5505098490246496,0.3842816839839232,5.403162055335969,247,247,0.4008097165991903,0.0024199641942237,-0.0131820856177745,1.1384391949040649,4.915375132359383,4.317643976386106,6.534412955465587,4.0,0.3846153846153846,0.5951417004048583,0.020242914979757,0.0281649234889111,-0.0229608522332923,17.56226999216854,114.735798914827,0.0397693542962505,0.1187402061477905,discovery
2020,500,small,common_eligible,1.0,10,389,0.1368316246848657,-0.0928270109067104,1.323280551015927,0.3888747823661111,5.252964426877471,279,279,0.4265232974910394,0.0051418716089047,-0.0098378530669416,1.322085362499263,5.888625565869161,4.454043386984736,5.763440860215054,5.0,0.2007168458781362,0.5304659498207885,0.2688172043010752,0.0327659074664368,-0.0221887815085037,20.79892895453597,118.73973546274044,0.1152365921581511,0.3518655127296063,discovery
2020,500,small,common_eligible,1.0,20,389,0.1018216463937162,-0.0979231004309366,0.9811444175210274,0.4238412383795862,5.628458498023716,233,233,0.351931330472103,0.0047115037966934,-0.0144564563822959,1.253791061617646,5.423308547963611,4.325528163334039,7.111587982832618,5.0,0.2703862660944206,0.6223175965665236,0.1072961373390558,0.0358442194624283,-0.0232791285636,17.470895232613763,124.3507255163651,0.081882631541475,0.2402353456284643,discovery
2020,500,small,common_eligible,1.0,40,389,0.1016072664268501,-0.0978823374666038,1.026569428392586,0.4425047568685653,6.596837944664031,225,225,0.3511111111111111,0.0070862854358118,-0.0166506554832985,1.3722820551686,5.877226679155224,4.282812456097549,8.417777777777777,5.0,0.32,0.6444444444444445,0.0355555555555555,0.0376955534787503,-0.023524878541812,15.562084557180349,127.26290401894109,0.0798404430655829,0.2296184726823851,discovery
2020,500,small,target_specific,0.5,10,389,0.0569113385781998,-0.063018508291338,0.8952689068084553,0.1898552147476921,2.3873517786561265,296,296,0.597972972972973,0.0015816970106966,0.0047064793551179,1.1570713766519738,3.4488801682421046,2.980697853075892,3.0405405405405403,2.0,0.5912162162162162,0.3783783783783784,0.0304054054054054,0.0151094059947004,-0.0170809287325309,24.74234485151795,72.93626360256353,0.0780288648844353,0.2997617877066591,discovery
2020,500,small,target_specific,0.5,20,389,0.0676370378241024,-0.063018508291338,1.0823131970496866,0.1799697426561209,2.3201581027667983,282,282,0.6028368794326241,0.0024587901964357,0.0047064793551179,1.251312306286169,3.4524113938934065,2.759032558498515,3.0815602836879434,2.0,0.624113475177305,0.3723404255319149,0.0035460992907801,0.0152256641445072,-0.0168744041463621,23.25665538672917,69.01841349350764,0.0979985403901886,0.3758244959728628,discovery
2020,500,small,target_specific,0.5,40,389,0.0391145960769532,-0.063018508291338,0.6859290219302384,0.1836870790069932,2.367588932806324,276,276,0.5978260869565217,0.0015565400836602,0.0044790749613241,1.1557459455768275,3.187975828371547,2.758370765281329,3.170289855072464,2.0,0.6159420289855072,0.3804347826086957,0.0036231884057971,0.0145831457307349,-0.01694420132751,22.619227370688467,69.31224882835727,0.0564324441035168,0.2129414670231872,discovery
2020,500,small,target_specific,0.6,10,433,0.0482983161794445,-0.0760482611902717,0.657671727409024,0.2662191270259093,3.4822134387351777,317,317,0.5488958990536278,0.0007824196921717,0.0036326511592592,1.0628770500558231,4.192662520677071,3.9446354782586273,3.779179810725552,3.0,0.501577287066246,0.4258675078864353,0.0725552050473186,0.0189594907937002,-0.0193762985243264,24.80308392008067,92.14047498251254,0.0524181324099004,0.1814231633880462,discovery
2020,500,small,target_specific,0.6,20,433,0.0474599516491922,-0.0760482611902717,0.6417930543787682,0.2648503627891464,3.6719367588932808,303,303,0.5478547854785478,0.0014812932888229,0.0029346466316881,1.1164078869235674,4.3045144871252745,3.855682620611918,4.066006600660066,3.0,0.5478547854785478,0.4389438943894389,0.0132013201320132,0.0193999585391667,-0.0194594919050171,22.759502077671375,89.8520842145196,0.0528200898889365,0.1791953431718582,discovery
2020,500,small,target_specific,0.6,40,433,0.0273434494950586,-0.0760482611902717,0.4042280446638039,0.2672411241023048,3.711462450592885,296,296,0.543918918918919,0.0009227430997232,0.0026684842478494,1.071330974449957,4.102211254755161,3.829079297237083,4.172297297297297,3.0,0.5472972972972973,0.4493243243243243,0.0033783783783783,0.0187744002892262,-0.0194433872170564,21.991498432825875,89.6894266664434,0.0304868149026634,0.1023175216273639,discovery
2020,500,small,target_specific,0.8,10,462,0.1177731284944896,-0.0918199787729787,1.2562933190252523,0.3697376908107139,5.158102766798419,329,329,0.5288753799392097,0.0050922744605141,0.0055337080648043,1.3825019741580522,6.055357384303139,4.379999086793977,4.966565349544073,4.0,0.4164133738601823,0.4285714285714285,0.155015197568389,0.0265978730802826,-0.021219132507433,24.412712262765137,117.8455623911615,0.0999385348966884,0.3185315736576697,discovery
2020,500,small,target_specific,0.8,20,462,0.0974289409414062,-0.1027681580716928,1.0219224438784713,0.3863526499242004,5.525691699604743,298,298,0.5033557046979866,0.005103688530567,0.0020512114458419,1.3476137685066556,5.896155054863185,4.375255872754216,5.691275167785235,4.0,0.4664429530201342,0.4765100671140939,0.0570469798657718,0.0274549179376682,-0.0219919279444069,21.4396139591631,119.29971915008242,0.0816673682348219,0.2521761943667813,discovery
2020,500,small,target_specific,0.8,40,462,0.0701968198835087,-0.1027681580716928,0.7764868449848856,0.4032790295375111,5.841897233201581,287,287,0.494773519163763,0.0048000042773953,-0.0012770788787783,1.316442146101869,5.731007512403001,4.353406284790523,6.149825783972125,4.0,0.4843205574912892,0.4982578397212543,0.0174216027874564,0.0272416773424445,-0.0222521838978226,19.87548210730864,122.10988630176756,0.0574865983496478,0.1740651378873133,discovery
2020,500,small,target_specific,1.0,10,464,0.1209894927709847,-0.1084340290513988,1.1032706289670324,0.4179868332275407,6.102766798418973,328,328,0.4878048780487805,0.0072014352215569,-0.0013162357726037,1.4914290258105414,7.1686056307739285,4.806534878103256,5.7073170731707314,5.0,0.2835365853658536,0.4542682926829268,0.2621951219512195,0.0328149143947407,-0.0223256450609072,23.02132429931484,128.47315740364385,0.0941749196611191,0.2894576650578878,discovery
2020,500,small,target_specific,1.0,20,464,0.0940368479809712,-0.1215241354754084,0.8373985513275685,0.4482197038697951,7.0355731225296445,296,296,0.4358108108108108,0.006857637588636,-0.0099430030619168,1.3901265587986753,7.232943368153407,5.203082641917149,7.013513513513513,5.0,0.3682432432432432,0.543918918918919,0.0878378378378378,0.0355266923791788,-0.0239085997185457,19.2383705629055,132.44886556146884,0.0709986058259813,0.2098007900346306,discovery
2020,500,small,target_specific,1.0,40,464,0.0839997545885449,-0.1180076095906268,0.8108049302155896,0.4596549433151211,8.003952569169961,283,283,0.4240282685512367,0.0080572284566824,-0.012550793524942,1.4369760368145388,7.498320816037812,5.218125162796693,8.15547703180212,5.0,0.3992932862190813,0.5724381625441696,0.0282685512367491,0.037194568744366,-0.0243193457060646,16.809528677856147,132.96208233064334,0.0631757213155391,0.1827452436010419,discovery
2020,500,large,common_eligible,0.5,10,363,-0.0319898519602575,-0.1474652357728888,-0.2654674356224465,0.2926637160332744,3.5849802371541504,230,230,0.5043478260869565,-0.0015514566153742,0.0003756046847127,0.9195234741995852,4.077191149288399,4.434026170824469,4.943478260869565,4.0,0.3956521739130434,0.3826086956521739,0.2217391304347826,0.027222012874318,-0.0291799220389905,18.075579191005467,91.70425938841952,-0.0348837144246074,-0.1093058353589018,discovery
2020,500,large,common_eligible,0.5,20,363,-0.0364312373630639,-0.1753439915129372,-0.2867802490243722,0.3484951575362164,4.41106719367589,217,217,0.4746543778801843,-0.0032242087428686,-0.0037962623277345,0.8585766514038013,4.247572915070163,4.947226212272649,6.142857142857143,4.0,0.4654377880184331,0.4792626728110599,0.0552995391705069,0.0291749651421188,-0.0311786870505124,16.462907548631172,104.31976392939885,-0.034922660856211,-0.1045387190474173,discovery
2020,500,large,common_eligible,0.5,40,363,-0.0492391438758448,-0.1753439915129372,-0.4182656366571529,0.3222525513515413,4.24505928853755,198,198,0.4747474747474747,-0.0042091330735528,-0.0061250272108058,0.8265302263863749,3.970934974208941,4.804343322772401,6.424242424242424,4.0,0.4848484848484848,0.5151515151515151,0.0,0.0298634683696141,-0.0321972362204258,14.048035214137386,95.45558087985592,-0.0515833054725413,-0.1527967541896369,discovery
2020,500,large,common_eligible,0.6,10,363,-0.0423114905511048,-0.1739025051688151,-0.3024242387637612,0.3193127559632316,4.280632411067193,228,228,0.4692982456140351,-0.001801652647138,-0.0034729705648713,0.9215608965297264,4.826111245576621,5.236888049124106,5.75,5.0,0.2675438596491228,0.4210526315789473,0.3114035087719298,0.0336816244368664,-0.0320491431552273,16.684815044395414,96.90985044722616,-0.0436606705673808,-0.132507987109594,discovery
2020,500,large,common_eligible,0.6,20,363,-0.063301645463013,-0.2047820436122237,-0.4450702858617353,0.4090509064879825,5.474308300395257,213,213,0.3896713615023474,-0.0062405859989281,-0.0227198983541542,0.7919703050184436,5.0604430481339016,6.389687865905595,7.502347417840376,5.0,0.3568075117370892,0.568075117370892,0.0751173708920187,0.037326475098748,-0.0364238171007069,14.94074077415383,118.00855972547726,-0.0536415710947336,-0.1547524879152732,discovery
2020,500,large,common_eligible,0.6,40,363,-0.1074801298385621,-0.2047820436122237,-0.8275784586066837,0.3834650916684292,5.399209486166008,195,195,0.3692307692307692,-0.0096273156826954,-0.0261277090441819,0.7063984742529809,4.51680423989758,6.394130798023195,8.005128205128205,5.0,0.358974358974359,0.6256410256410256,0.0153846153846153,0.0383236759992706,-0.0378964217826152,12.611938141347077,109.18377052061268,-0.0984396575847058,-0.2802866080219291,discovery
2020,500,large,common_eligible,0.8,10,363,-0.0209802965810532,-0.1815285032184841,-0.1034494658322814,0.3450869013438858,4.818181818181818,217,217,0.423963133640553,-0.0024963686592334,-0.0122073646755005,0.9020414950293112,4.988302972242151,5.530014971295816,6.617511520737327,7.0,0.1105990783410138,0.456221198156682,0.4331797235023041,0.0404538640695055,-0.0347408605778462,15.702376563257149,102.27719658881368,-0.0205131713429735,-0.0607971397910174,discovery
2020,500,large,common_eligible,0.8,20,363,-0.0034559238742566,-0.2002904809256689,0.0432268294152035,0.464174787416986,6.8142292490118574,198,198,0.303030303030303,-0.0071186194028178,-0.0282695304320794,0.7924342321184104,5.38106777452719,6.790554416285133,9.707070707070708,7.5,0.1868686868686868,0.6464646464646465,0.1666666666666666,0.0485012164554164,-0.0408593566397655,12.906595103750025,129.53739032420873,-0.0026678967868714,-0.0074453071729465,discovery
2020,500,large,common_eligible,0.8,40,363,-0.0527195853490094,-0.2035991611739918,-0.328948102834742,0.4321575736948096,6.853754940711463,176,176,0.2613636363636363,-0.0104747059356859,-0.0349648979564519,0.7259768918232324,4.884162629584239,6.727710874264962,10.852272727272728,7.0,0.2272727272727272,0.7329545454545454,0.0397727272727272,0.050656117983197,-0.0423791471293023,10.723919578528632,119.11300295298696,-0.0442601429247968,-0.1219915802892768,discovery
2020,500,large,common_eligible,1.0,10,363,0.0067327875544012,-0.181437831305704,0.1170504485044055,0.3506355374734062,4.928853754940712,212,212,0.4009433962264151,-0.0027153067220645,-0.0128011379902866,0.8947597779182459,4.894174533365455,5.469819558443133,6.882075471698113,9.0,0.0518867924528301,0.4669811320754717,0.4811320754716981,0.0422187123352357,-0.0348123621724103,15.523236616858378,103.3654580880502,0.0065135758878618,0.0192016690690168,discovery
2020,500,large,common_eligible,1.0,20,363,0.0353175280977564,-0.2068011459829701,0.315804740259111,0.4936532746911549,7.264822134387352,193,193,0.2590673575129533,-0.0073819215596747,-0.0301075087960417,0.7929629766370359,5.456719512522846,6.8814303735400735,10.523316062176166,9.0,0.1088082901554404,0.6787564766839378,0.2124352331606217,0.052983947563204,-0.0417179208860346,12.525982508273206,136.02212945885194,0.0259645457972633,0.0715431860952451,discovery
2020,500,large,common_eligible,1.0,40,363,-0.0663001688527594,-0.2061548900011467,-0.4019678489380745,0.4787006298870583,7.316205533596838,162,162,0.2098765432098765,-0.0144779027029242,-0.038546116982343,0.6425103683051989,4.215386090283175,6.560806328156909,12.425925925925926,8.0,0.1296296296296296,0.7839506172839507,0.0864197530864197,0.054962831971671,-0.0438353716709917,9.3200585500364,127.9376635719756,-0.0518222445225913,-0.1385002749388525,discovery
2020,500,large,target_specific,0.5,10,363,-0.0319898519602575,-0.1474652357728888,-0.2654674356224465,0.2926637160332744,3.5849802371541504,230,230,0.5043478260869565,-0.0015514566153742,0.0003756046847127,0.9195234741995852,4.077191149288399,4.434026170824469,4.943478260869565,4.0,0.3956521739130434,0.3826086956521739,0.2217391304347826,0.027222012874318,-0.0291799220389905,18.075579191005467,91.70425938841952,-0.0348837144246074,-0.1093058353589018,discovery
2020,500,large,target_specific,0.5,20,363,-0.0364312373630639,-0.1753439915129372,-0.2867802490243722,0.3484951575362164,4.41106719367589,217,217,0.4746543778801843,-0.0032242087428686,-0.0037962623277345,0.8585766514038013,4.247572915070163,4.947226212272649,6.142857142857143,4.0,0.4654377880184331,0.4792626728110599,0.0552995391705069,0.0291749651421188,-0.0311786870505124,16.462907548631172,104.31976392939885,-0.034922660856211,-0.1045387190474173,discovery
2020,500,large,target_specific,0.5,40,363,-0.0492391438758448,-0.1753439915129372,-0.4182656366571529,0.3222525513515413,4.24505928853755,198,198,0.4747474747474747,-0.0042091330735528,-0.0061250272108058,0.8265302263863749,3.970934974208941,4.804343322772401,6.424242424242424,4.0,0.4848484848484848,0.5151515151515151,0.0,0.0298634683696141,-0.0321972362204258,14.048035214137386,95.45558087985592,-0.0515833054725413,-0.1527967541896369,discovery
2020,500,large,target_specific,0.6,10,371,-0.0372607214349161,-0.1695457360599788,-0.2679055862265952,0.3179932371636493,4.296442687747035,232,232,0.4784482758620689,-0.0016470677251542,-0.0028846597676709,0.9270330569125498,4.854768336888322,5.236888049124109,5.685344827586207,5.0,0.2801724137931034,0.4137931034482758,0.3060344827586206,0.0332418066530903,-0.0320320662130313,16.751357832894975,96.65967863365356,-0.0385483605590461,-0.1171745719099697,discovery
2020,500,large,target_specific,0.6,20,371,-0.0583658606294831,-0.2005917675116217,-0.4154595083779105,0.4079749475343633,5.490118577075099,217,217,0.4009216589861751,-0.0059934918270045,-0.0197568871007068,0.796455201919998,5.089100139445601,6.389687865905595,7.400921658986175,5.0,0.3686635944700461,0.5576036866359447,0.0737327188940092,0.0367890689767039,-0.0363249205736498,15.037220828172178,117.84958999143548,-0.0495257222649012,-0.1430623644471871,discovery
2020,500,large,target_specific,0.6,40,371,-0.1027771365884626,-0.2005917675116217,-0.8060523566964581,0.38238913271481,5.41501976284585,199,199,0.3819095477386934,-0.0092897963156478,-0.0257756640832592,0.7108802548447323,4.54546133120928,6.394130798023195,7.884422110552764,5.0,0.371859296482412,0.6130653266331658,0.0150753768844221,0.0377176160390411,-0.0377589797469416,12.706959605534134,109.02480078657086,-0.0942695018445034,-0.268776300881738,discovery
2020,500,large,target_specific,0.8,10,375,-0.0167301947915675,-0.1813715325330357,-0.0674591163864782,0.3492375711758576,5.075098814229249,231,231,0.4285714285714285,-0.0029854895374396,-0.0116430296656868,0.8823565401237892,5.17253995411441,5.862188037262958,6.558441558441558,7.0,0.1255411255411255,0.4502164502164502,0.4242424242424242,0.0393611285836819,-0.0352103095515942,16.040454876500675,103.72437710247377,-0.0161294724142224,-0.047904911075971,discovery
2020,500,large,target_specific,0.8,20,375,0.0055361547865524,-0.2004214855406141,0.1090805931403557,0.4696236794070157,7.086956521739131,211,211,0.3127962085308057,-0.0079549917107742,-0.0280505277359908,0.768217774310762,5.563222235017156,7.241725485990516,9.497630331753555,7.0,0.2037914691943128,0.6398104265402843,0.1563981042654028,0.046750467562194,-0.0414497822463199,13.233150988012202,131.30592096450533,0.0042162263101973,0.0117884915716831,discovery
2020,500,large,target_specific,0.8,40,375,-0.0417485749561536,-0.2017332356720041,-0.2429855045854771,0.4373445002788415,7.173913043478261,190,190,0.2736842105263158,-0.0112242064359094,-0.034272680253018,0.7037610759549744,5.066317090074205,7.198916312896992,10.552631578947368,7.0,0.2421052631578947,0.7210526315789474,0.0368421052631578,0.0486613374125301,-0.0428080789573063,10.929329388381433,120.72181747852454,-0.0345824605925771,-0.0954592430670459,discovery
2020,500,large,target_specific,1.0,10,375,0.022035334667056,-0.1772343399629193,0.231942029345409,0.3520480611383325,5.08300395256917,220,220,0.4090909090909091,-0.0024148538413836,-0.0117039342832745,0.9062762541892196,5.137176587078039,5.668444432182439,6.845454545454546,9.0,0.0636363636363636,0.4590909090909091,0.4772727272727273,0.0423219976983947,-0.0352377254400468,15.677275145579006,103.99464114175298,0.0211889136066349,0.0625918364549595,discovery
2020,500,large,target_specific,1.0,20,375,0.0566517516664308,-0.2026040254771026,0.4612679476018795,0.4954823627858322,7.517786561264822,201,201,0.2786069651741293,-0.0066740294714453,-0.0299118611749091,0.8117926711711009,5.786191097914007,7.127671021674519,10.462686567164178,9.0,0.1194029850746268,0.6666666666666666,0.2139303482587064,0.0532240985279887,-0.0420563195327699,12.672859228189038,136.76248115034727,0.0414234599942303,0.1143365655800711,discovery
2020,500,large,target_specific,1.0,40,375,-0.0344816008080739,-0.2020518146621812,-0.1706929332261488,0.4897779099130718,7.675889328063241,169,169,0.2307692307692307,-0.0122385976944289,-0.0350402893651362,0.6915361492936217,4.636913294064416,6.705236304422913,12.49112426035503,8.0,0.1479289940828402,0.757396449704142,0.0946745562130177,0.0559250200981767,-0.0439299676992541,9.501129471773412,131.04792997199516,-0.0263122056299879,-0.0704025234910939,discovery
2021,300,small,common_eligible,0.5,10,270,-0.044724191964137,-0.0579327050459989,-0.9234258895855318,0.1869368784218726,1.8888888888888888,219,219,0.502283105022831,-0.0019701098899214,1.7418992697360025e-05,0.8154732495208289,1.9067113479153084,2.3381654138081043,3.17351598173516,2.0,0.502283105022831,0.4474885844748858,0.0502283105022831,0.0126369620144175,-0.0154644951107599,21.86020842558819,68.9290202595924,-0.0648844155853398,-0.2392475596131706,discovery
2021,300,small,common_eligible,0.5,20,270,-0.0408273136401905,-0.0506440632868588,-0.8075300998121545,0.2068316497648771,2.0873015873015874,214,214,0.5046728971962616,-0.0018250106137485,9.040731184817297e-05,0.8335063372560437,1.955196298937082,2.345748570279277,3.457943925233645,2.0,0.5233644859813084,0.4672897196261682,0.0093457943925233,0.0127783849588142,-0.0156887704567192,21.36343273016498,73.4273875053021,-0.0556022964009749,-0.1973939369849941,discovery
2021,300,small,common_eligible,0.5,40,270,-0.0182096079587428,-0.0412894832426864,-0.3540557853379076,0.2040705867783858,2.0595238095238093,201,201,0.5174129353233831,-0.0007928171953966,0.0016048654347546,0.9239818730523166,1.93693659745996,2.0962928537346848,3.582089552238806,2.0,0.5373134328358209,0.4626865671641791,0.0,0.0131071924056757,-0.0152402834023821,20.03289106521749,71.4273875053021,-0.0254938737013041,-0.0892319086557921,discovery
2021,300,small,common_eligible,0.6,10,270,-0.0296905398316005,-0.0701260196483237,-0.5121335675826904,0.2397729408836804,2.4246031746031744,215,215,0.4418604651162791,-0.0011669677089111,-0.0082177115516943,0.9050495821721906,2.3915132468808267,2.642411304296728,3.841860465116279,3.0,0.4046511627906977,0.5023255813953489,0.0930232558139534,0.0166321142230753,-0.0167352547965422,21.392422852153224,81.74074732026908,-0.0363228142694484,-0.1238277335306326,discovery
2021,300,small,common_eligible,0.6,20,270,-0.0293381847530094,-0.0727787497904299,-0.4667275165011129,0.2737015253339115,2.781746031746032,210,210,0.4380952380952381,-0.001192548287979,-0.0083367827802963,0.9062612576349184,2.421193837650016,2.67162897812562,4.338095238095238,3.0,0.4285714285714285,0.5428571428571428,0.0285714285714285,0.0169169273024377,-0.0169263255080344,20.80617085683197,89.67318855670248,-0.0327167855021216,-0.1071904320489894,discovery
2021,300,small,common_eligible,0.6,40,270,-0.0054778947368606,-0.0552964015880117,-0.0626328482120514,0.2801202044136723,2.845238095238096,197,197,0.4517766497461929,-3.783640679626341e-05,-0.0083262245091081,0.996936862140138,2.42592418206135,2.433377954200214,4.6395939086294415,3.0,0.4517766497461929,0.5482233502538071,0.0,0.0175375392022605,-0.0165242257610758,19.495874552465946,89.97318855670248,-0.0060883634610864,-0.019555514563209,discovery
2021,300,small,common_eligible,0.8,10,270,-0.0669994043057636,-0.0886006844190124,-1.0081488744722829,0.337623212348455,3.4365079365079363,215,215,0.3488372093023256,-0.0031333135021208,-0.0100970772623788,0.7878767570827389,2.5021442351630707,3.175806638119048,5.027906976744186,4.0,0.2093023255813953,0.5674418604651162,0.2232558139534883,0.0219067406112349,-0.0192206066608895,21.15963062442448,105.88434760836468,-0.0632760231508201,-0.1984443067161352,discovery
2021,300,small,common_eligible,0.8,20,270,-0.0183325776098696,-0.0688624164054072,-0.2076617548401778,0.4235144267792118,4.349206349206349,210,210,0.3428571428571428,-0.0008723841341131,-0.0111078087035924,0.9447498135853184,3.132637341662054,3.315838009825818,6.219047619047619,4.0,0.3,0.638095238095238,0.0619047619047619,0.0235284557157126,-0.0198533890027046,20.20898152508416,126.56183564176024,-0.0144850756287708,-0.0432867842290218,discovery
2021,300,small,common_eligible,0.8,40,270,0.0056984151060204,-0.06521745089209,0.1147515467618831,0.4583453710649855,4.785714285714286,195,195,0.3435897435897436,0.0004599519029168,-0.0121416001021047,1.0295568289585304,3.124204952583306,3.034514331514522,7.184615384615385,4.0,0.3230769230769231,0.6512820512820513,0.0256410256410256,0.0244566953601909,-0.019279411405483,18.60977147199317,133.65634178860043,0.0042634827721331,0.012432579154841,discovery
2021,300,small,common_eligible,1.0,10,270,-0.0583015291263213,-0.0977200517637967,-0.8148249324651144,0.379455649488148,3.865079365079365,215,215,0.3348837209302325,-0.0025190212342129,-0.0103653137189962,0.8345500552416164,2.7318449839678776,3.2734345493236616,5.530232558139535,5.0,0.1302325581395348,0.5813953488372093,0.2883720930232558,0.0249692333599914,-0.0195815994468596,21.070686656483492,116.08240050149672,-0.0502242621400387,-0.1536451735663046,discovery
2021,300,small,common_eligible,1.0,20,270,0.0073458290949643,-0.0668182706827087,0.1308335538133773,0.5020394799820732,5.222222222222222,206,206,0.3009708737864077,-0.0002927752128848,-0.0132390433170172,0.982595155854903,3.404912892559078,3.465224586413361,7.388349514563107,5.0,0.2184466019417475,0.6796116504854369,0.1019417475728155,0.0279697991493553,-0.0203657089358106,19.23879075166818,144.9137625177823,0.0050691038361956,0.0146319749499117,discovery
2021,300,small,common_eligible,1.0,40,270,0.0627032379855501,-0.0668182706827087,0.8397449232341875,0.5297172852185132,5.626984126984127,187,187,0.2887700534759358,0.002195135683743,-0.0150701760563378,1.131281159346561,3.5372937535059745,3.1268033806460185,8.582887700534759,5.0,0.2566844919786096,0.7058823529411765,0.0374331550802139,0.0291289664074226,-0.0199197893620416,16.662246591451325,149.55787682233876,0.0419257342493808,0.118371138218917,discovery
2021,300,small,target_specific,0.5,10,270,-0.044724191964137,-0.0579327050459989,-0.9234258895855318,0.1869368784218726,1.8888888888888888,219,219,0.502283105022831,-0.0019701098899214,1.7418992697360025e-05,0.8154732495208289,1.9067113479153084,2.3381654138081043,3.17351598173516,2.0,0.502283105022831,0.4474885844748858,0.0502283105022831,0.0126369620144175,-0.0154644951107599,21.86020842558819,68.9290202595924,-0.0648844155853398,-0.2392475596131706,discovery
2021,300,small,target_specific,0.5,20,270,-0.0408273136401905,-0.0506440632868588,-0.8075300998121545,0.2068316497648771,2.0873015873015874,214,214,0.5046728971962616,-0.0018250106137485,9.040731184817297e-05,0.8335063372560437,1.955196298937082,2.345748570279277,3.457943925233645,2.0,0.5233644859813084,0.4672897196261682,0.0093457943925233,0.0127783849588142,-0.0156887704567192,21.36343273016498,73.4273875053021,-0.0556022964009749,-0.1973939369849941,discovery
2021,300,small,target_specific,0.5,40,270,-0.0182096079587428,-0.0412894832426864,-0.3540557853379076,0.2040705867783858,2.0595238095238093,201,201,0.5174129353233831,-0.0007928171953966,0.0016048654347546,0.9239818730523166,1.93693659745996,2.0962928537346848,3.582089552238806,2.0,0.5373134328358209,0.4626865671641791,0.0,0.0131071924056757,-0.0152402834023821,20.03289106521749,71.4273875053021,-0.0254938737013041,-0.0892319086557921,discovery
2021,300,small,target_specific,0.6,10,290,-0.0251858846107123,-0.0669135049679845,-0.4250762173399953,0.2471999870259197,2.5,233,233,0.4721030042918455,-0.000878652029453,-0.0027622529856821,0.9226330418675956,2.441441482507125,2.6461674053696957,3.703862660944206,3.0,0.4420600858369098,0.463519313304721,0.0944206008583691,0.0156811448459356,-0.0163609050999358,23.18280909729456,85.44074732027482,-0.0294776033691547,-0.1018846518307929,discovery
2021,300,small,target_specific,0.6,20,290,-0.0231348265847545,-0.0693722531136689,-0.3572681518858023,0.282303483166905,2.869047619047619,226,226,0.4778761061946903,-0.0008267452712863,-0.0044548599894455,0.930063480804961,2.484784546814915,2.67162897812562,4.199115044247788,3.0,0.4690265486725664,0.504424778761062,0.0265486725663716,0.016071774730601,-0.0166568250893694,22.40031992752948,93.47318856978752,-0.0247502272456255,-0.081950198861261,discovery
2021,300,small,target_specific,0.6,40,290,-0.0002578957059892,-0.0542790751848402,0.0257164891229014,0.2886455789935898,2.9325396825396823,209,209,0.4832535885167464,0.0002149434169668,-0.0041902347217708,1.018461239886112,2.4783011283462804,2.4333779542002136,4.535885167464115,3.0,0.4832535885167464,0.5167464114832536,0.0,0.0168389167052114,-0.0163792575772794,20.690943010171445,93.3519034610171,-0.0002762618612237,-0.0008934684081717,discovery
2021,300,small,target_specific,0.8,10,306,-0.0752646346146153,-0.096125299453405,-1.0532761180141552,0.3638609205541304,3.7777777777777777,248,248,0.3870967741935484,-0.003527215631402,-0.0094201987879521,0.7610018444502819,2.785318420487477,3.660067897075181,4.838709677419355,4.0,0.2661290322580645,0.532258064516129,0.2016129032258064,0.020624125492852,-0.0196038861349888,24.026116918161865,115.45807283000896,-0.0651878493809859,-0.2068500087890544,discovery
2021,300,small,target_specific,0.8,20,306,-0.0305232588139432,-0.0787302376142293,-0.346835556001533,0.4452367103152675,4.638888888888889,237,237,0.3839662447257383,-0.0015393768109241,-0.0101820820671543,0.9024408599234688,3.374769171416752,3.7396014756057774,5.932489451476793,4.0,0.3417721518987341,0.5991561181434599,0.0590717299578059,0.0223205799885785,-0.0201790833459814,22.62229245122582,134.54054860098654,-0.0226870331148028,-0.0685551260863688,discovery
2021,300,small,target_specific,0.8,40,306,-0.0036016198621288,-0.0656073417800393,-0.0089105803379211,0.4715002780563143,5.031746031746032,218,218,0.3853211009174312,-0.0002343403679646,-0.0104009953145979,0.9849056549042384,3.3333733369284086,3.384459537144713,6.81651376146789,4.0,0.3669724770642202,0.6100917431192661,0.0229357798165137,0.0232024385766724,-0.0195836909156021,20.619643490046045,139.04249419616434,-0.002590301535477,-0.0076386378327833,discovery
2021,300,small,target_specific,1.0,10,307,-0.0743977954104085,-0.1163210685622972,-0.9171365557371882,0.4253147912190861,4.408730158730159,249,249,0.357429718875502,-0.0031219921212929,-0.0101512749442929,0.8052521151238766,3.214328614695392,3.991704652897326,5.461847389558233,5.0,0.1767068273092369,0.5502008032128514,0.2730923694779116,0.0244238382758897,-0.0209287566699987,24.055831791699116,130.67857962047972,-0.0569318978110082,-0.1749240725843582,discovery
2021,300,small,target_specific,1.0,20,307,-0.0004974980793733,-0.0763132936970739,0.0390521732917595,0.5245561833671076,5.599206349206349,233,233,0.3433476394849785,-0.0003730144365308,-0.0113514615589503,0.9782360389536572,3.906495064587992,3.9934074282996814,7.055793991416309,4.0,0.2660944206008583,0.6394849785407726,0.0944206008583691,0.0273449044189253,-0.0211252868143528,21.638243123156798,153.103112880432,-0.0003249431510657,-0.0009484171479591,discovery
2021,300,small,target_specific,1.0,40,307,0.0611290397667809,-0.0702021687825068,0.7527553171749087,0.5445626430362102,6.023809523809524,211,211,0.3317535545023696,0.0019254992586946,-0.0126722197845339,1.1128008738009054,4.008028538387104,3.601748194802544,8.19431279620853,4.0,0.3033175355450237,0.6635071090047393,0.0331753554502369,0.0284516463389441,-0.0207066915191883,18.478318535053106,155.23938190750098,0.0393772759306685,0.1122534579786007,discovery
2021,300,large,common_eligible,0.5,10,261,0.0171201163994265,-0.0691123026490234,0.2742228676464227,0.2903156040414559,3.031746031746032,161,161,0.4409937888198758,0.0017997148514707,-0.0063799592901486,1.10804067273859,2.9716523405346478,2.6818982494478543,5.745341614906832,5.0,0.2981366459627329,0.4658385093167702,0.2360248447204969,0.0270000843850921,-0.0244821481385178,15.39916014207573,88.33328592324483,0.0193812742506858,0.0589707069172275,discovery
2021,300,large,common_eligible,0.5,20,261,0.0330112442809777,-0.0893040463461878,0.4701424878581739,0.3530668638449855,3.734126984126984,147,147,0.4489795918367347,0.0038509813523796,-0.0076493704027466,1.2079967116629573,3.287744299676956,2.7216500408771545,7.401360544217687,5.0,0.3945578231292517,0.5306122448979592,0.0748299319727891,0.02981570941108,-0.0260267713990561,13.726385642868916,102.2437250789896,0.0322868168735778,0.093498562627705,discovery
2021,300,large,common_eligible,0.5,40,261,0.0621736228623246,-0.0860475879243186,0.8596445625599335,0.3711371978660256,3.920634920634921,132,132,0.4696969696969697,0.0064492683564169,-0.0070146648464476,1.3522596274459489,3.267996557083986,2.416693134036948,8.484848484848484,6.0,0.4545454545454545,0.5303030303030303,0.0151515151515151,0.0314929324937249,-0.0262782961658383,12.17687028178595,105.34555072610756,0.0590187458642392,0.1675219385709979,discovery
2021,300,large,common_eligible,0.6,10,261,0.0493262638705322,-0.0561036315129332,0.6898337937029363,0.3233563865828184,3.4325396825396823,161,161,0.422360248447205,0.0034831343081755,-0.0069677874607376,1.2024037518326998,3.3314082832003886,2.7706236595841185,6.372670807453416,7.0,0.217391304347826,0.4720496894409938,0.3105590062111801,0.0307828802197166,-0.0249500187641455,15.243274380351902,96.37453663230755,0.0511818428333658,0.1525445790380231,discovery
2021,300,large,common_eligible,0.6,20,261,0.073958124175897,-0.0768558801930935,0.9289909769176534,0.4103155559343598,4.412698412698413,146,146,0.4246575342465753,0.0065392955192088,-0.0110693476418698,1.3320795810619628,3.82976229113662,2.8750251453321205,8.616438356164384,7.0,0.3287671232876712,0.547945205479452,0.1232876712328767,0.035711803774891,-0.0268131608015156,13.430571001346154,116.16318792281098,0.0636674367313691,0.1802469419115285,discovery
2021,300,large,common_eligible,0.6,40,261,0.1289018473371461,-0.0728421844946917,1.5630057510902735,0.4426700188780127,4.726190476190476,131,131,0.4427480916030534,0.010822241639573,-0.0118146150917429,1.541591242559684,4.035395669145361,2.617682014361292,10.091603053435117,7.0,0.4274809160305343,0.5572519083969466,0.015267175572519,0.039049085487039,-0.0274983002451213,11.812528727087532,123.01625827604404,0.1047843993497957,0.2911917271105451,discovery
2021,300,large,common_eligible,0.8,10,261,0.0378442873006965,-0.0570025195514627,0.5251927379176076,0.3555350112815435,3.82936507936508,161,161,0.4161490683229814,0.0029375141491225,-0.0076493704027466,1.170011456832924,3.2547509971990647,2.781811219190342,6.9937888198757765,10.0,0.0372670807453416,0.4782608695652174,0.484472049689441,0.0342677020995131,-0.0250996506076023,15.00745840181302,103.90373487616752,0.0364224513640432,0.106443208403822,discovery
2021,300,large,common_eligible,0.8,20,261,0.0546499558494966,-0.0706412566446242,0.6483572398511593,0.5007915743666963,5.654761904761905,145,145,0.3931034482758621,0.00656517400453,-0.0122709164281074,1.3164903668803352,3.95978342330752,3.0078331926506623,10.827586206896552,11.0,0.1724137931034483,0.5724137931034483,0.2551724137931034,0.0436833764730621,-0.027912723068339,12.837908725503883,137.4991293375059,0.0397456741092175,0.109127147194134,discovery
2021,300,large,common_eligible,0.8,40,261,0.1020797491525331,-0.0746967872259215,1.1409925462065569,0.5933104941337898,7.186507936507937,128,128,0.3828125,0.0109509454995148,-0.0171293427984037,1.4826837651209754,4.305736292789121,2.9040152688512157,15.1484375,11.0,0.2890625,0.6171875,0.09375,0.0534516522823819,-0.0297328947821176,10.378904792933842,157.9972767023812,0.0646085497693864,0.1720511438139411,discovery
2021,300,large,common_eligible,1.0,10,261,0.0345334731651834,-0.057002999971959,0.4805103487759024,0.3581270040903798,3.8531746031746033,161,161,0.4161490683229814,0.0027724832330808,-0.0076493704027466,1.1604601338317737,3.228181019716356,2.781811219190344,7.031055900621118,10.0,0.0062111801242236,0.4782608695652174,0.515527950310559,0.0347845418769733,-0.0250996506076023,15.007274122802944,104.50373487616751,0.0330452047537861,0.0964280067427371,discovery
2021,300,large,common_eligible,1.0,20,261,0.0701779343718191,-0.0649011575803172,0.8137940837709318,0.5285929957961132,6.079365079365079,145,145,0.3931034482758621,0.0082897844951926,-0.0122709164281075,1.3996294590870086,4.209851944453594,3.0078331926506605,11.565517241379313,12.0,0.0896551724137931,0.5724137931034483,0.3379310344827586,0.0476566554451179,-0.027912723068339,12.446369017186123,143.68569320005037,0.0488412818345887,0.1327636478915584,discovery
2021,300,large,common_eligible,1.0,40,261,0.1238166475907576,-0.0639307621823287,1.3225305716226872,0.6683739869954793,8.218253968253968,124,124,0.3790322580645161,0.0150936087346609,-0.0179932048465873,1.6545292320653333,4.7310786746170965,2.859471191519134,17.701612903225808,14.0,0.2016129032258064,0.6209677419354839,0.1774193548387097,0.0623151032482601,-0.0305646386188164,9.520788468835592,175.35723892355907,0.0706082328570029,0.1852505483454655,discovery
2021,300,large,target_specific,0.5,10,261,0.0171201163994265,-0.0691123026490234,0.2742228676464227,0.2903156040414559,3.031746031746032,161,161,0.4409937888198758,0.0017997148514707,-0.0063799592901486,1.10804067273859,2.9716523405346478,2.6818982494478543,5.745341614906832,5.0,0.2981366459627329,0.4658385093167702,0.2360248447204969,0.0270000843850921,-0.0244821481385178,15.39916014207573,88.33328592324483,0.0193812742506858,0.0589707069172275,discovery
2021,300,large,target_specific,0.5,20,261,0.0330112442809777,-0.0893040463461878,0.4701424878581739,0.3530668638449855,3.734126984126984,147,147,0.4489795918367347,0.0038509813523796,-0.0076493704027466,1.2079967116629573,3.287744299676956,2.7216500408771545,7.401360544217687,5.0,0.3945578231292517,0.5306122448979592,0.0748299319727891,0.02981570941108,-0.0260267713990561,13.726385642868916,102.2437250789896,0.0322868168735778,0.093498562627705,discovery
2021,300,large,target_specific,0.5,40,261,0.0621736228623246,-0.0860475879243186,0.8596445625599335,0.3711371978660256,3.920634920634921,132,132,0.4696969696969697,0.0064492683564169,-0.0070146648464476,1.3522596274459489,3.267996557083986,2.416693134036948,8.484848484848484,6.0,0.4545454545454545,0.5303030303030303,0.0151515151515151,0.0314929324937249,-0.0262782961658383,12.17687028178595,105.34555072610756,0.0590187458642392,0.1675219385709979,discovery
2021,300,large,target_specific,0.6,10,264,0.0503975997702526,-0.0561036315129332,0.703877596499123,0.3233474457671246,3.4325396825396823,162,162,0.4259259259259259,0.0035246223011339,-0.0069551630528253,1.206086745418684,3.341612472367813,2.7706236595841185,6.339506172839506,6.5,0.2222222222222222,0.4691358024691358,0.3086419753086419,0.030662091770923,-0.024879713747457,15.34512586283625,96.47453663230756,0.0522392763204787,0.1558620624037619,discovery
2021,300,large,target_specific,0.6,20,264,0.073958124175897,-0.0768558801930935,0.9289909769176534,0.4103155559343598,4.412698412698413,146,146,0.4246575342465753,0.0065392955192088,-0.0110693476418698,1.3320795810619628,3.82976229113662,2.8750251453321205,8.616438356164384,7.0,0.3287671232876712,0.547945205479452,0.1232876712328767,0.035711803774891,-0.0268131608015156,13.430571001346154,116.16318792281098,0.0636674367313691,0.1802469419115285,discovery
2021,300,large,target_specific,0.6,40,264,0.1289018473371461,-0.0728421844946917,1.5630057510902735,0.4426700188780127,4.726190476190476,131,131,0.4427480916030534,0.010822241639573,-0.0118146150917429,1.541591242559684,4.035395669145361,2.617682014361292,10.091603053435117,7.0,0.4274809160305343,0.5572519083969466,0.015267175572519,0.039049085487039,-0.0274983002451213,11.812528727087532,123.01625827604404,0.1047843993497957,0.2911917271105451,discovery
2021,300,large,target_specific,0.8,10,264,0.0348401340158972,-0.0570025195514627,0.4880422362617704,0.3578996480579464,3.8531746031746033,161,161,0.4161490683229814,0.002753510940909,-0.0076493704027466,1.1576828720838523,3.254750997199065,2.811435735712707,7.031055900621118,10.0,0.0372670807453416,0.4782608695652174,0.484472049689441,0.0343897611998331,-0.0252838379571184,15.007863501779507,104.50373487616751,0.0333386496254715,0.0973460974464451,discovery
2021,300,large,target_specific,0.8,20,264,0.0546499558494966,-0.0706412566446242,0.6483572398511593,0.5007915743666963,5.654761904761905,145,145,0.3931034482758621,0.00656517400453,-0.0122709164281074,1.3164903668803352,3.95978342330752,3.0078331926506623,10.827586206896552,11.0,0.1724137931034483,0.5724137931034483,0.2551724137931034,0.0436833764730621,-0.027912723068339,12.837908725503883,137.4991293375059,0.0397456741092175,0.109127147194134,discovery
2021,300,large,target_specific,0.8,40,264,0.1020797491525331,-0.0746967872259215,1.1409925462065569,0.5933104941337898,7.186507936507937,128,128,0.3828125,0.0109509454995148,-0.0171293427984037,1.4826837651209754,4.305736292789121,2.9040152688512157,15.1484375,11.0,0.2890625,0.6171875,0.09375,0.0534516522823819,-0.0297328947821176,10.378904792933842,157.9972767023812,0.0646085497693864,0.1720511438139411,discovery
2021,300,large,target_specific,1.0,10,265,0.0315159991579638,-0.0578101156197277,0.4427963975391836,0.3605054809209128,3.876984126984127,161,161,0.4161490683229814,0.0025884800248673,-0.0076493704027466,1.1482321927938366,3.228181019716356,2.811435735712708,7.068322981366459,10.0,0.0062111801242236,0.4782608695652174,0.515527950310559,0.0349066009772932,-0.0252838379571184,15.0082230139943,105.10373487616752,0.0299856129709337,0.0874216921125751,discovery
2021,300,large,target_specific,1.0,20,265,0.0701779343718191,-0.0649011575803172,0.8137940837709318,0.5285929957961132,6.079365079365079,145,145,0.3931034482758621,0.0082897844951926,-0.0122709164281075,1.3996294590870086,4.209851944453594,3.0078331926506605,11.565517241379313,12.0,0.0896551724137931,0.5724137931034483,0.3379310344827586,0.0476566554451179,-0.027912723068339,12.446369017186123,143.68569320005037,0.0488412818345887,0.1327636478915584,discovery
2021,300,large,target_specific,1.0,40,265,0.1238166475907576,-0.0639307621823287,1.3225305716226872,0.6683739869954793,8.218253968253968,124,124,0.3790322580645161,0.0150936087346609,-0.0179932048465873,1.6545292320653333,4.7310786746170965,2.859471191519134,17.701612903225808,14.0,0.2016129032258064,0.6209677419354839,0.1774193548387097,0.0623151032482601,-0.0305646386188164,9.520788468835592,175.35723892355907,0.0706082328570029,0.1852505483454655,discovery
2021,500,small,common_eligible,0.5,10,483,-0.0285516451220595,-0.0876612452434457,-0.416299097146229,0.2834040741984586,2.992063492063492,382,382,0.5418848167539267,-0.0006652006285629,0.0021861908396201,0.9317471286026684,3.4689109400840463,3.723017580195107,2.973821989528796,2.0,0.5418848167539267,0.418848167539267,0.0392670157068062,0.0130219248919847,-0.0146476674336539,35.99633164671275,107.37911636803048,-0.0265895698230574,-0.1007453587349127,discovery
2021,500,small,common_eligible,0.5,20,483,-0.0046936704248522,-0.0735797160255254,-0.0379432669665515,0.3020899215562959,3.1944444444444446,371,371,0.5471698113207547,-0.0001142764391642,0.0029611756333851,0.988273571599116,3.573074194872039,3.615470753801988,3.169811320754717,2.0,0.5606469002695418,0.4339622641509434,0.0053908355795148,0.0132833683775128,-0.0147241377660694,34.73146773344115,110.8152629212144,-0.0042355811836039,-0.0155373287551983,discovery
2021,500,small,common_eligible,0.5,40,483,0.0290704308204279,-0.0517157524420939,0.4824099655450102,0.2905576203252116,3.0793650793650795,344,344,0.563953488372093,0.0008383348071164,0.0034223662318503,1.0905279227925346,3.4740028903474456,3.185615716699397,3.255813953488372,2.0,0.5784883720930233,0.4215116279069767,0.0,0.0135804765968261,-0.0143538004981791,31.93810209745842,105.21526299139562,0.0276294807368444,0.1000504849533471,discovery
2021,500,small,common_eligible,0.6,10,483,-0.0032088979285385,-0.0932256440640394,-0.0038016392077634,0.3542024478526068,3.984126984126984,377,377,0.4748010610079575,0.0003244814805497,-0.0054275962390819,1.027351249769565,4.594868038267167,4.472538520099914,3.663129973474801,3.0,0.4456233421750663,0.4827586206896552,0.0716180371352785,0.0176130356134259,-0.0163006347029125,33.98188259072785,123.0966265398647,-0.0026068122407069,-0.009059502406019,discovery
2021,500,small,common_eligible,0.6,20,483,0.0160963913946328,-0.0863778758326313,0.2431011615356692,0.3780293550395939,4.432539682539683,366,366,0.4726775956284153,0.0005762314144719,-0.0059509489296465,1.0475943773132184,4.642111054936745,4.431210357240022,4.051912568306011,3.0,0.4644808743169399,0.5163934426229508,0.0191256830601092,0.0180794887010909,-0.0164440858262337,32.02479228729153,127.10117526781444,0.0126642348984705,0.0425797393246006,discovery
2021,500,small,common_eligible,0.6,40,483,0.0551742477815226,-0.0565008913411253,0.74783823754493,0.3728344250361177,4.448412698412699,339,339,0.4896755162241888,0.0016955208256047,-0.0032547111942257,1.144505047511686,4.552369677232939,3.977588117352935,4.3067846607669615,3.0,0.4867256637168141,0.5103244837758112,0.0029498525073746,0.0186772744729249,-0.0161001348023808,29.204588318901163,123.09397510935158,0.0448228662146203,0.1479859263966244,discovery
2021,500,small,common_eligible,0.8,10,483,-0.0438791614731935,-0.1051403482795705,-0.458341545908264,0.4760786703969321,5.821428571428571,369,369,0.3712737127371274,-0.0015203536217219,-0.0100970772623789,0.8976533630785204,4.920464071911494,5.481474558326905,4.975609756097561,4.0,0.2411924119241192,0.5582655826558266,0.2005420054200542,0.0238981397105153,-0.0190301462818096,30.98617166081312,150.43474891485644,-0.0291682352579512,-0.0921678793897849,discovery
2021,500,small,common_eligible,0.8,20,483,-0.0003274665172079,-0.0782713957626259,0.0428652230750518,0.5492668834225258,7.031746031746032,358,358,0.3463687150837989,-0.0008130253672772,-0.0123078273538797,0.948816796070345,5.395628237903343,5.686691319388609,5.949720670391062,4.0,0.3100558659217877,0.6340782122905028,0.0558659217877094,0.0251157095779212,-0.0195400439647798,28.388034134587457,166.15246935600535,-0.0001970879629277,-0.0005961883504926,discovery
2021,500,small,common_eligible,0.8,40,483,0.0649679662821813,-0.0547834244097505,0.7467707844411533,0.5604916909774208,7.182539682539683,326,326,0.3619631901840491,0.0013844503783554,-0.0118908535673771,1.089660345004985,5.485114970826037,5.033784147482161,6.552147239263804,4.0,0.3496932515337423,0.6349693251533742,0.0153374233128834,0.0262751055804814,-0.0189829200026596,25.061247287190938,165.78901713835444,0.0391871351936203,0.1159124520987744,discovery
2021,500,small,common_eligible,1.0,10,483,-0.0241820780958129,-0.1145726692565244,-0.2145563899674393,0.529430727252488,6.757936507936508,369,369,0.3523035230352303,-0.0012326631411744,-0.0105927105228059,0.920198552131134,5.244952395180393,5.699805094273779,5.615176151761518,5.0,0.1463414634146341,0.5718157181571816,0.2818428184281842,0.0271428131196695,-0.0195057505176994,29.30574088136764,161.82442567504685,-0.0149434042450254,-0.0456756226094153,discovery
2021,500,small,common_eligible,1.0,20,483,0.0224291257980333,-0.0780055768542674,0.2701003748797905,0.6180824097212078,8.523809523809524,350,350,0.2971428571428571,-0.0005326077876485,-0.0153803942770307,0.9693661854500658,5.8987819657355285,6.085194691412503,7.137142857142857,4.5,0.2228571428571428,0.6828571428571428,0.0942857142857142,0.0294661088249567,-0.0207826045724575,25.483106244453296,180.15779836124904,0.0124497113097812,0.0362882448121282,discovery
2021,500,small,common_eligible,1.0,40,483,0.1007283215715899,-0.059729577430983,1.0463913540650378,0.6212907262935604,8.988095238095237,308,308,0.3019480519480519,0.0023351506724239,-0.0157408658039591,1.1322988435288817,6.155603535751341,5.436377128644775,8.353896103896103,5.0,0.275974025974026,0.698051948051948,0.0259740259740259,0.0323082281446294,-0.0206084550851208,22.04807761149838,177.8586767644119,0.0566339092385201,0.1621275150403512,discovery
2021,500,small,target_specific,0.5,10,483,-0.0285516451220595,-0.0876612452434457,-0.416299097146229,0.2834040741984586,2.992063492063492,382,382,0.5418848167539267,-0.0006652006285629,0.0021861908396201,0.9317471286026684,3.4689109400840463,3.723017580195107,2.973821989528796,2.0,0.5418848167539267,0.418848167539267,0.0392670157068062,0.0130219248919847,-0.0146476674336539,35.99633164671275,107.37911636803048,-0.0265895698230574,-0.1007453587349127,discovery
2021,500,small,target_specific,0.5,20,483,-0.0046936704248522,-0.0735797160255254,-0.0379432669665515,0.3020899215562959,3.1944444444444446,371,371,0.5471698113207547,-0.0001142764391642,0.0029611756333851,0.988273571599116,3.573074194872039,3.615470753801988,3.169811320754717,2.0,0.5606469002695418,0.4339622641509434,0.0053908355795148,0.0132833683775128,-0.0147241377660694,34.73146773344115,110.8152629212144,-0.0042355811836039,-0.0155373287551983,discovery
2021,500,small,target_specific,0.5,40,483,0.0290704308204279,-0.0517157524420939,0.4824099655450102,0.2905576203252116,3.0793650793650795,344,344,0.563953488372093,0.0008383348071164,0.0034223662318503,1.0905279227925346,3.4740028903474456,3.185615716699397,3.255813953488372,2.0,0.5784883720930233,0.4215116279069767,0.0,0.0135804765968261,-0.0143538004981791,31.93810209745842,105.21526299139562,0.0276294807368444,0.1000504849533471,discovery
2021,500,small,target_specific,0.6,10,519,0.003559615919733,-0.0910575831218777,0.0846984201559079,0.3634585035254688,4.107142857142857,409,409,0.4963325183374083,0.0003911725771172,-0.0002033667589023,1.03531718814396,4.690066649881876,4.530077065840934,3.530562347188264,3.0,0.4792176039119804,0.4474327628361858,0.0733496332518337,0.0165777277148681,-0.0158731582752766,36.64652317044386,128.145574631598,0.0027777907508445,0.0097937340444798,discovery
2021,500,small,target_specific,0.6,20,519,0.0286593264761445,-0.0810388376956936,0.4000397091373353,0.3896699884518078,4.587301587301587,394,394,0.5050761421319797,0.0007480131433671,0.0007259134197802,1.0660477689836363,4.756899369071633,4.462182190584978,3.934010152284264,3.0,0.5,0.482233502538071,0.0177664974619289,0.01715434707215,-0.01613542836427,34.12660248909593,132.20926035680353,0.0216772459045602,0.0735476873392547,discovery
2021,500,small,target_specific,0.6,40,519,0.0659766689323297,-0.0537853866871231,0.884589911864287,0.3819893476814379,4.603174603174603,363,363,0.5179063360881543,0.0017834277625067,0.001857212740272,1.161500460452701,4.65594422848786,4.008559950697893,4.195592286501378,3.0,0.5179063360881543,0.4793388429752066,0.0027548209366391,0.0177908758707696,-0.0158535738466589,30.748010179877,127.0336375843318,0.0519363769997776,0.1727186093873784,discovery
2021,500,small,target_specific,0.8,10,543,-0.049106271532702,-0.1215359059509492,-0.4883474674997149,0.4907560566136974,6.253968253968254,415,415,0.4,-0.0018392167977266,-0.0094900825383748,0.8750911641343638,5.347381378968202,6.110656350024751,4.797590361445783,4.0,0.2843373493975903,0.5277108433734939,0.1879518072289156,0.0226577855026114,-0.019223569331829,33.30758597180732,156.55055918214083,-0.0313676755862422,-0.1000624869951558,discovery
2021,500,small,target_specific,0.8,20,543,-0.0124055973820731,-0.089788023590084,-0.0788413100456376,0.567307655148545,7.547619047619047,400,400,0.38,-0.0013170801755928,-0.0110653516763533,0.9170574134811768,5.82493597014802,6.351768040385162,5.755,4.0,0.345,0.6025,0.0525,0.0239487001633728,-0.0199694978940325,30.39986701931468,172.77685708389575,-0.0071801267782347,-0.0218674951227739,discovery
2021,500,small,target_specific,0.8,40,543,0.0495739913907651,-0.0540229149120132,0.571080538559697,0.5669582555608779,7.904761904761905,368,368,0.3967391304347826,0.0007029583046453,-0.0105846029818914,1.0454133760433857,5.954998392306268,5.696309736196767,6.413043478260869,4.0,0.3858695652173913,0.6005434782608695,0.0135869565217391,0.0250572818451566,-0.0195255144568689,26.63938073748886,169.03942938418834,0.0293268804629567,0.0874385210983881,discovery
2021,500,small,target_specific,1.0,10,545,-0.0236123613566399,-0.1235105059085961,-0.1885038658275651,0.5543705502694889,7.567460317460317,420,420,0.3642857142857142,-0.00202373046632,-0.0106626197881946,0.8742334573554505,5.908323429683889,6.758290225538292,5.54047619047619,5.0,0.1785714285714285,0.55,0.2714285714285714,0.026252768442927,-0.0204284235854402,31.55483071033359,170.47312633092827,-0.0138510754538535,-0.0425931019336462,discovery
2021,500,small,target_specific,1.0,20,545,0.0234860128980758,-0.0921790298469525,0.2728495587716329,0.6372231606900759,9.301587301587302,385,385,0.3324675324675324,-0.0007137008950985,-0.0140855310701385,0.9603306791833324,6.651858608044596,6.92663345265753,7.088311688311689,4.0,0.2597402597402597,0.6493506493506493,0.0909090909090909,0.0294025458173966,-0.0216218186441179,27.28048340327463,186.9425565527532,0.0125632244103007,0.0368568099010115,discovery
2021,500,small,target_specific,1.0,40,545,0.0981193192245275,-0.0577328612078346,1.0175885548727102,0.6344798431375807,10.11111111111111,353,353,0.3371104815864023,0.001839182510334,-0.0150701760563379,1.102048135750176,7.011243053065746,6.362011626917837,8.21813031161473,5.0,0.311614730878187,0.6628895184135978,0.0254957507082152,0.0316554332074566,-0.0214095390849613,23.098903388761595,182.2892359811848,0.0538261728381236,0.1546452898161673,discovery
2021,500,large,common_eligible,0.5,10,489,-0.0857692292215445,-0.1516758546000542,-0.857438941189283,0.4558368982654178,5.48015873015873,296,296,0.4425675675675675,-0.0013873360200027,-0.0068485917719732,0.9221949246888808,4.867300654682665,5.27795211660348,5.66554054054054,5.0,0.2972972972972973,0.4459459459459459,0.2567567567567567,0.0266353508672638,-0.0253788452636505,24.844783069679,139.6392394831018,-0.0614220111331412,-0.1881577150685245,discovery
2021,500,large,common_eligible,0.5,20,489,-0.0237922680710975,-0.1482755617069644,-0.1716301833229776,0.5227232965150441,6.436507936507937,255,255,0.4470588235294118,0.0012000735697891,-0.0076493704027466,1.0630158677905928,5.162236265911744,4.856217505615515,7.36078431372549,5.0,0.403921568627451,0.5254901960784314,0.0705882352941176,0.0298812231473808,-0.026249106919198,20.80541317547479,152.23233046399537,-0.0156289192963019,-0.0455159894914169,discovery
2021,500,large,common_eligible,0.5,40,489,0.018333621741952,-0.1358346617075143,0.2340673187442361,0.519100966203235,6.76984126984127,230,230,0.4608695652173913,0.0032167420804471,-0.0072812755904805,1.1719248780101288,5.04318761883366,4.303336940330805,8.417391304347825,6.0,0.4565217391304347,0.5304347826086957,0.0130434782608695,0.031295934539625,-0.02623225708999,17.895523134383993,148.40894232462497,0.0123534481512911,0.0353180266183018,discovery
2021,500,large,common_eligible,0.6,10,489,-0.0649334599823886,-0.1452315904481108,-0.6134356286222512,0.4949057242461787,6.28968253968254,288,288,0.4131944444444444,-0.0005541232111255,-0.0087805560562636,0.9703669527092006,5.225868936132882,5.385456420937048,6.503472222222222,7.0,0.2048611111111111,0.4583333333333333,0.3368055555555556,0.0306044304303876,-0.0264684446569655,23.351445999788627,147.7539969119622,-0.0439470074173889,-0.1312036955751376,discovery
2021,500,large,common_eligible,0.6,20,489,0.0446448428305228,-0.1263605448865958,0.4437965060850606,0.5816098733180302,7.555555555555555,247,247,0.4170040485829959,0.0035150476971875,-0.0108797255001124,1.1702026051829977,5.969294877347551,5.101078096142219,8.708502024291498,7.0,0.3319838056680162,0.5506072874493927,0.117408906882591,0.036196628766549,-0.0278409010281989,19.34508089283501,165.24123010853714,0.0270179801985244,0.0767608063044531,discovery
2021,500,large,common_eligible,0.6,40,489,0.1163533817095272,-0.1161594019842018,1.1012456191569495,0.5769773933304047,8.158730158730158,220,220,0.4227272727272727,0.0070538038623601,-0.0105760551773828,1.3422424481754367,6.08615706041308,4.534320210693854,10.345454545454546,7.0,0.4136363636363636,0.5681818181818182,0.0181818181818181,0.0392802593457874,-0.027904202560264,15.876592531337934,161.05863131543353,0.0722428725236395,0.2016602089692235,discovery
2021,500,large,common_eligible,0.8,10,489,-0.0740877694468776,-0.1388479754642618,-0.6825170091808452,0.5209830580073971,6.785714285714286,284,284,0.4084507042253521,-0.000310051306457,-0.009688871391326,0.9836365833428128,5.293130353761528,5.381184924795329,7.02112676056338,10.0,0.0704225352112676,0.4647887323943662,0.4647887323943662,0.0339337584384153,-0.0268959234580671,22.656550063403536,153.21485785567293,-0.0483554731465193,-0.1422076367132571,discovery
2021,500,large,common_eligible,0.8,20,489,-0.0273261321184135,-0.1242844291589021,-0.1710526231631272,0.6413698622005193,8.746031746031745,229,229,0.3930131004366812,0.0037889491637387,-0.0115370102075536,1.1710913010705928,5.939051439681943,5.071382081185777,10.624454148471616,10.0,0.1921397379912663,0.5720524017467249,0.2358078602620087,0.0446360298241622,-0.0295277107910998,17.199791537781962,176.95256254237933,-0.015442631474675,-0.0426058873808919,discovery
2021,500,large,common_eligible,0.8,40,489,0.0399840598708907,-0.1028094309354101,0.3921571236177234,0.7032921362889374,10.23015873015873,196,196,0.3724489795918367,0.0074844698991179,-0.016761548066236,1.314282025500657,6.134598476179827,4.66764237595271,14.153061224489797,11.0,0.2908163265306122,0.6275510204081632,0.0816326530612244,0.0516249267282475,-0.0304034105475652,12.978379661329368,188.0687262373968,0.0212603449126461,0.0568527043141341,discovery
2021,500,large,common_eligible,1.0,10,489,-0.0667554267136157,-0.1414765070077879,-0.6076138621183489,0.5243842671462415,6.892857142857143,284,284,0.4049295774647887,-0.0002020968030976,-0.0096888713913259,0.989341284097744,5.3274456657160965,5.384841157795818,7.116197183098592,10.0,0.0176056338028169,0.4647887323943662,0.5176056338028169,0.0348629222403227,-0.0269077707397275,22.410275889308497,153.68541181168874,-0.0434364107345539,-0.1273024972257584,discovery
2021,500,large,common_eligible,1.0,20,489,-0.0222309897168397,-0.1239493406958019,-0.1223072154258627,0.6741199258843316,9.206349206349206,214,214,0.397196261682243,0.0068256429923375,-0.0113622849068881,1.3073463481003158,6.213265951749904,4.752578351389669,11.841121495327103,14.0,0.1121495327102803,0.5607476635514018,0.3271028037383177,0.0506564646443257,-0.0299734382434307,16.079187156823437,183.47772364587,-0.0121164516733092,-0.032977796476905,discovery
2021,500,large,common_eligible,1.0,40,489,0.1087099066957306,-0.0717637556309784,0.937361751924314,0.7431107072379763,11.34920634920635,178,178,0.3820224719101123,0.0156580512968075,-0.0192116529072866,1.6548343196337487,7.043374820165611,4.256241689333869,17.06741573033708,14.0,0.2303370786516854,0.6179775280898876,0.1516853932584269,0.0636951334916883,-0.0310962321044153,10.889195993554043,195.57529544555587,0.0555846823332516,0.1462903247616872,discovery
2021,500,large,target_specific,0.5,10,489,-0.0857692292215445,-0.1516758546000542,-0.857438941189283,0.4558368982654178,5.48015873015873,296,296,0.4425675675675675,-0.0013873360200027,-0.0068485917719732,0.9221949246888808,4.867300654682665,5.27795211660348,5.66554054054054,5.0,0.2972972972972973,0.4459459459459459,0.2567567567567567,0.0266353508672638,-0.0253788452636505,24.844783069679,139.6392394831018,-0.0614220111331412,-0.1881577150685245,discovery
2021,500,large,target_specific,0.5,20,489,-0.0237922680710975,-0.1482755617069644,-0.1716301833229776,0.5227232965150441,6.436507936507937,255,255,0.4470588235294118,0.0012000735697891,-0.0076493704027466,1.0630158677905928,5.162236265911744,4.856217505615515,7.36078431372549,5.0,0.403921568627451,0.5254901960784314,0.0705882352941176,0.0298812231473808,-0.026249106919198,20.80541317547479,152.23233046399537,-0.0156289192963019,-0.0455159894914169,discovery
2021,500,large,target_specific,0.5,40,489,0.018333621741952,-0.1358346617075143,0.2340673187442361,0.519100966203235,6.76984126984127,230,230,0.4608695652173913,0.0032167420804471,-0.0072812755904805,1.1719248780101288,5.04318761883366,4.303336940330805,8.417391304347825,6.0,0.4565217391304347,0.5304347826086957,0.0130434782608695,0.031295934539625,-0.02623225708999,17.895523134383993,148.40894232462497,0.0123534481512911,0.0353180266183018,discovery
2021,500,large,target_specific,0.6,10,492,-0.0589754551335141,-0.1452315904481108,-0.5517468339627495,0.4938976193806959,6.309523809523809,291,291,0.415807560137457,-0.0004030866966079,-0.0084743375742021,0.9784660506372002,5.329832101942564,5.447130330655471,6.463917525773196,7.0,0.2096219931271477,0.4570446735395189,0.3333333333333333,0.030653418116674,-0.0264940200960001,23.418044309349103,147.57248146544654,-0.0399637212492919,-0.1194082595649359,discovery
2021,500,large,target_specific,0.6,20,492,0.0446448428305228,-0.1263605448865958,0.4437965060850606,0.5816098733180302,7.555555555555555,247,247,0.4170040485829959,0.0035150476971875,-0.0108797255001124,1.1702026051829977,5.969294877347551,5.101078096142219,8.708502024291498,7.0,0.3319838056680162,0.5506072874493927,0.117408906882591,0.036196628766549,-0.0278409010281989,19.34508089283501,165.24123010853714,0.0270179801985244,0.0767608063044531,discovery
2021,500,large,target_specific,0.6,40,492,0.1163533817095272,-0.1161594019842018,1.1012456191569495,0.5769773933304047,8.158730158730158,220,220,0.4227272727272727,0.0070538038623601,-0.0105760551773828,1.3422424481754367,6.08615706041308,4.534320210693854,10.345454545454546,7.0,0.4136363636363636,0.5681818181818182,0.0181818181818181,0.0392802593457874,-0.027904202560264,15.876592531337934,161.05863131543353,0.0722428725236395,0.2016602089692235,discovery
2021,500,large,target_specific,0.8,10,492,-0.0702478511447955,-0.1388479754642618,-0.6426803173756923,0.5209528245442018,6.809523809523809,284,284,0.4084507042253521,-0.0004143629843526,-0.009688871391326,0.9782511121797136,5.293130353761528,5.410809441317694,7.042253521126761,10.0,0.0704225352112676,0.4647887323943662,0.4647887323943662,0.0340029539143009,-0.0270003395259266,22.55893643252545,153.11485785567294,-0.0458791864673326,-0.134844937651039,discovery
2021,500,large,target_specific,0.8,20,492,-0.0273261321184135,-0.1242844291589021,-0.1710526231631272,0.6413698622005193,8.746031746031745,229,229,0.3930131004366812,0.0037889491637387,-0.0115370102075536,1.1710913010705928,5.939051439681943,5.071382081185777,10.624454148471616,10.0,0.1921397379912663,0.5720524017467249,0.2358078602620087,0.0446360298241622,-0.0295277107910998,17.199791537781962,176.95256254237933,-0.015442631474675,-0.0426058873808919,discovery
2021,500,large,target_specific,0.8,40,492,0.0399840598708907,-0.1028094309354101,0.3921571236177234,0.7032921362889374,10.23015873015873,196,196,0.3724489795918367,0.0074844698991179,-0.016761548066236,1.314282025500657,6.134598476179827,4.66764237595271,14.153061224489797,11.0,0.2908163265306122,0.6275510204081632,0.0816326530612244,0.0516249267282475,-0.0304034105475652,12.978379661329368,188.0687262373968,0.0212603449126461,0.0568527043141341,discovery
2021,500,large,target_specific,1.0,10,493,-0.0636219163882961,-0.1414765070077879,-0.5740599229411043,0.524907166531136,6.916666666666667,284,284,0.4049295774647887,-0.0003064084809932,-0.0096888713913259,0.9839282370899796,5.3274456657160965,5.414465674318183,7.137323943661972,10.0,0.0176056338028169,0.4647887323943662,0.5176056338028169,0.0349321177162084,-0.027012186807587,22.348875915131675,153.75978298081694,-0.0413774754067086,-0.1212060349808965,discovery
2021,500,large,target_specific,1.0,20,493,-0.0205367552632104,-0.1224359788388465,-0.11276564995735,0.6756057447857883,9.27777777777778,215,215,0.4,0.0070201985278032,-0.0111875596062229,1.317583966403491,6.261921034867364,4.752578351389669,11.874418604651163,14.0,0.1162790697674418,0.5581395348837209,0.3255813953488372,0.0506520370190803,-0.0298844807045894,16.02146593813517,183.80715929289795,-0.0111729898564424,-0.0303975438659449,discovery
2021,500,large,target_specific,1.0,40,493,0.1120546793130612,-0.0717637556309784,0.9660652947106068,0.7433744482380155,11.42063492063492,179,179,0.3854748603351955,0.0158423922566994,-0.018418952633471,1.6662657858588434,7.0920299032830725,4.25624168933387,17.078212290502794,14.0,0.2346368715083799,0.6145251396648045,0.1508379888268156,0.0636169736689221,-0.0309831110725054,10.84012966113776,195.6137984613284,0.0572836273281681,0.1507378678116513,discovery
2022,300,small,common_eligible,0.5,10,317,-0.0773488425660092,-0.128228907314212,-1.1629644041084486,0.1509816659258624,1.5776892430278884,232,232,0.4612068965517241,-0.0040083124982744,-0.0060350445314795,0.6804263324288642,1.979974893465953,2.909903393065628,2.706896551724138,2.0,0.4568965517241379,0.5301724137931034,0.0129310344827586,0.0138411218653875,-0.0161327196757442,22.01064463679866,59.7787602546805,-0.1293918479347404,-0.5123061935479661,discovery
2022,300,small,common_eligible,0.5,20,317,-0.0766867024063225,-0.1227202656444033,-1.1473933037981898,0.1494285092055594,1.5617529880478087,226,226,0.4601769911504424,-0.0040854356388163,-0.0060350445314796,0.6738941741738667,1.9080069691819663,2.831315423554463,2.734513274336283,2.0,0.4690265486725664,0.5309734513274337,0.0,0.013658916097316,-0.0161148382082659,21.41958687272656,58.7787602546805,-0.1304666891136345,-0.5131999429963496,discovery
2022,300,small,common_eligible,0.5,40,317,-0.0908617237445776,-0.1227202656444033,-1.400835139873816,0.1446511104478689,1.5139442231075697,216,216,0.4351851851851852,-0.0049952440432873,-0.0084430201396432,0.6189146908981584,1.7523427102043991,2.831315423554463,2.759259259259259,2.0,0.4444444444444444,0.5555555555555556,0.0,0.0135235532079985,-0.0166403284167219,20.496530508105188,56.578760254680496,-0.1605933451627037,-0.6281439766570163,discovery
2022,300,small,common_eligible,0.6,10,317,-0.0912867915045315,-0.1453973505607482,-1.1180179521165523,0.2120640735147279,2.247011952191235,229,229,0.3580786026200873,-0.0052803008673132,-0.0130550086535405,0.6585708660782725,2.332362710428491,3.541551609043217,3.462882096069869,3.0,0.3449781659388646,0.6157205240174672,0.0393013100436681,0.0175407528559103,-0.0183192584665649,21.32739932128424,74.35058068553681,-0.1227788548022588,-0.4304679712671447,discovery
2022,300,small,common_eligible,0.6,20,317,-0.0918669683840388,-0.1454786920700911,-1.1121848201238924,0.2186442098460868,2.318725099601594,219,219,0.3607305936073059,-0.0054776112456144,-0.0143399657814869,0.6541622947949083,2.2690731079360797,3.468669970725651,3.6575342465753424,3.0,0.365296803652968,0.634703196347032,0.0,0.0174635879368471,-0.0188052648047799,20.370804633127563,74.97187019843109,-0.122535249742191,-0.4201664816493792,discovery
2022,300,small,common_eligible,0.6,40,317,-0.107627342165313,-0.1454786920700911,-1.3465940599247597,0.2122185101516145,2.254980079681275,213,213,0.3427230046948357,-0.0064616188451586,-0.0152611212107859,0.6032125207545013,2.092345156706862,3.468669970725651,3.657276995305165,2.0,0.3474178403755869,0.6525821596244131,0.0,0.0170967908138629,-0.0191285286809581,19.840549145289238,72.77187019843109,-0.147896902844244,-0.5071534150740253,discovery
2022,300,small,common_eligible,0.8,10,317,-0.1149927519922694,-0.1583461882720156,-1.270203368933278,0.2871441058756859,3.0836653386454183,229,229,0.2707423580786026,-0.0075589623151423,-0.0168568968253967,0.587353592990586,2.4638781395471114,4.194880509714703,4.379912663755459,3.0,0.1965065502183406,0.6812227074235808,0.1222707423580786,0.0221469521645998,-0.0208491447314682,20.186839200185283,91.83367298293946,-0.1252185045605574,-0.4004705290452786,discovery
2022,300,small,common_eligible,0.8,20,317,-0.1134732827338078,-0.1635871143254793,-1.172702159283075,0.3311519611938487,3.5816733067729083,219,219,0.2694063926940639,-0.007721079565285,-0.0183267570590118,0.6025833493380244,2.563853530061956,4.254769954859373,5.105022831050229,3.0,0.2420091324200913,0.7214611872146118,0.0365296803652968,0.0226206268008606,-0.0219515295287821,18.90139290657204,101.50943853670157,-0.1117859426370294,-0.3426622699884395,discovery
2022,300,small,common_eligible,0.8,40,317,-0.1070853059045464,-0.1598558721083568,-1.1194169552536346,0.3423985030195448,3.681274900398406,213,213,0.2582159624413145,-0.0077303014642229,-0.0187270694304532,0.6057853617737765,2.5302420108284984,4.176796222707982,5.338028169014085,3.0,0.2535211267605634,0.7417840375586855,0.0046948356807511,0.0223868064837337,-0.0220808634691538,18.34551022474784,103.74362995420628,-0.103221090250857,-0.3127505084285775,discovery
2022,300,small,common_eligible,1.0,10,317,-0.1398433358557121,-0.1863757861998023,-1.3274551921287296,0.338141247269367,3.617529880478088,222,222,0.2297297297297297,-0.0086349337107141,-0.0180251897061707,0.562050401889706,2.4601586399469326,4.377113923725478,5.09009009009009,4.0,0.0855855855855855,0.7027027027027027,0.2117117117117117,0.025916861849427,-0.022205476325221,19.78599424673737,103.9020574204146,-0.1345914983087099,-0.4135648548794505,discovery
2022,300,small,common_eligible,1.0,20,317,-0.1375673674203202,-0.1903877655832451,-1.2208481331278884,0.4051799748091421,4.422310756972111,211,211,0.2085308056872037,-0.008654363819421,-0.0211106824783043,0.6001718776687915,2.7410686220243576,4.567139387922192,6.260663507109005,4.0,0.1563981042654028,0.7772511848341233,0.0663507109004739,0.0272328783941072,-0.0239554419900208,18.21574783396778,118.98444395273644,-0.1156179436994011,-0.3395216347627265,discovery
2022,300,small,common_eligible,1.0,40,317,-0.1157124014180689,-0.1785733835830131,-0.9893723859963088,0.4355001345893053,4.717131474103586,206,206,0.1990291262135922,-0.0079307123248426,-0.0211235278292976,0.6365032377300953,2.86074723855488,4.49447397747246,6.747572815533981,4.0,0.1893203883495145,0.8009708737864077,0.0097087378640776,0.0276672902700211,-0.0241017972987439,17.443977806579525,125.99937152401468,-0.0918356972883907,-0.265700035953354,discovery
2022,300,small,target_specific,0.5,10,317,-0.0773488425660092,-0.128228907314212,-1.1629644041084486,0.1509816659258624,1.5776892430278884,232,232,0.4612068965517241,-0.0040083124982744,-0.0060350445314795,0.6804263324288642,1.979974893465953,2.909903393065628,2.706896551724138,2.0,0.4568965517241379,0.5301724137931034,0.0129310344827586,0.0138411218653875,-0.0161327196757442,22.01064463679866,59.7787602546805,-0.1293918479347404,-0.5123061935479661,discovery
2022,300,small,target_specific,0.5,20,317,-0.0766867024063225,-0.1227202656444033,-1.1473933037981898,0.1494285092055594,1.5617529880478087,226,226,0.4601769911504424,-0.0040854356388163,-0.0060350445314796,0.6738941741738667,1.9080069691819663,2.831315423554463,2.734513274336283,2.0,0.4690265486725664,0.5309734513274337,0.0,0.013658916097316,-0.0161148382082659,21.41958687272656,58.7787602546805,-0.1304666891136345,-0.5131999429963496,discovery
2022,300,small,target_specific,0.5,40,317,-0.0908617237445776,-0.1227202656444033,-1.400835139873816,0.1446511104478689,1.5139442231075697,216,216,0.4351851851851852,-0.0049952440432873,-0.0084430201396432,0.6189146908981584,1.7523427102043991,2.831315423554463,2.759259259259259,2.0,0.4444444444444444,0.5555555555555556,0.0,0.0135235532079985,-0.0166403284167219,20.496530508105188,56.578760254680496,-0.1605933451627037,-0.6281439766570163,discovery
2022,300,small,target_specific,0.6,10,335,-0.0809860839035461,-0.1366667171890806,-0.963487764206186,0.2166252571864162,2.302788844621514,246,246,0.3983739837398374,-0.0044713131021443,-0.01119529425204,0.6894873205741183,2.4424019309053824,3.542344954032885,3.34959349593496,2.0,0.3902439024390244,0.573170731707317,0.0365853658536585,0.0168422779100022,-0.0178497827623918,22.814528246326336,77.03408704811716,-0.1051301923692046,-0.3738533768195542,discovery
2022,300,small,target_specific,0.6,20,335,-0.0815784645992168,-0.136756489152422,-0.9520582001087566,0.2232044157823036,2.3745019920318726,236,236,0.4025423728813559,-0.0046201313021286,-0.0120631166345875,0.6857292070610792,2.3791123284129707,3.4694633157153225,3.5254237288135597,2.0,0.4110169491525424,0.5889830508474576,0.0,0.0167410750848585,-0.0182808871311518,21.851592449119245,77.6556949606254,-0.1050514899655207,-0.3654876822812598,discovery
2022,300,small,target_specific,0.6,40,335,-0.0975173622811833,-0.136756489152422,-1.1774270515461156,0.2167787209923938,2.310756972111554,230,230,0.3869565217391304,-0.0055090388631807,-0.0125623413067293,0.6347910834531114,2.202384377183754,3.4694633157153225,3.5217391304347827,2.0,0.3956521739130434,0.6043478260869565,0.0,0.0163825408922169,-0.0185665781728222,21.321205544438925,75.4556949606254,-0.1292379088577346,-0.4498474842676323,discovery
2022,300,small,target_specific,0.8,10,346,-0.107414101744556,-0.1439954876174015,-1.0969662022822748,0.302767118002297,3.3266932270916336,256,256,0.3203125,-0.0068020176629429,-0.0154630940888485,0.6224156655548926,2.87041220445953,4.611728726172912,4.26171875,3.0,0.25390625,0.6328125,0.11328125,0.0217578577822993,-0.0214657718994341,22.21971749045609,97.87897387811884,-0.1097417529921293,-0.3547746613083032,discovery
2022,300,small,target_specific,0.8,20,346,-0.1085886338155839,-0.1604061007319004,-1.0804266064037644,0.3417961883708194,3.8406374501992033,245,245,0.3224489795918367,-0.0067147030764466,-0.0168819141686892,0.64356930517539,2.9703875949743725,4.615489848703803,4.9346938775510205,3.0,0.2979591836734694,0.6693877551020408,0.0326530612244898,0.0222127476432554,-0.0223094700230058,20.56109663828769,105.9459011473866,-0.1024944170936078,-0.3176999554417927,discovery
2022,300,small,target_specific,0.8,40,346,-0.1029479872682598,-0.1566486841154766,-1.0298114486083605,0.352671063748844,3.940239043824701,238,238,0.3109243697478991,-0.0067259925862231,-0.0172486346099686,0.6472108981207586,2.936729881031304,4.537516116552412,5.15546218487395,3.0,0.3067226890756303,0.6890756302521008,0.0042016806722689,0.0220821373647273,-0.0225272031284359,19.902939839717508,107.97038977617434,-0.0953483519710115,-0.2919093678226309,discovery
2022,300,small,target_specific,1.0,10,348,-0.1525579176883369,-0.1786200811035043,-1.3162496521058822,0.3671166356600899,4.067729083665339,248,248,0.2540322580645161,-0.0092220066166517,-0.0179700873462132,0.556668780923741,2.871743595074058,5.158801236003683,5.116935483870968,4.0,0.1209677419354838,0.6612903225806451,0.2177419354838709,0.0263165820008083,-0.0242314015792189,21.427752203355464,112.90335040438175,-0.1351225779765843,-0.4155570815090737,discovery
2022,300,small,target_specific,1.0,20,348,-0.1670513343234734,-0.2144186155562801,-1.4045246475248936,0.4270417626573957,4.972111553784861,238,238,0.2436974789915966,-0.0090788974415344,-0.0208971343235307,0.5989505405806579,3.227030671301366,5.387808262386562,6.243697478991597,4.0,0.1974789915966386,0.7436974789915967,0.0588235294117647,0.0274729342236115,-0.0258443767121069,19.27859381104201,125.51657720849197,-0.1330910530216174,-0.3911826639248261,discovery
2022,300,small,target_specific,1.0,40,348,-0.1430540834705653,-0.2010917830040826,-1.1592895745436345,0.4548657136350511,5.219123505976095,232,232,0.2327586206896551,-0.0084919869186123,-0.0211235278292977,0.6293343339962826,3.3450018868187685,5.315142851936833,6.646551724137931,4.0,0.2241379310344827,0.7672413793103449,0.0086206896551724,0.0279705730150492,-0.0261187396418462,18.65555850678505,132.00850507884454,-0.1083673232911194,-0.3144973982042991,discovery
2022,300,large,common_eligible,0.5,10,418,-0.1945416153477301,-0.222894534673016,-1.7892396574802096,0.2988630297711964,4.095617529880478,255,255,0.2784313725490196,-0.013277912818463,-0.0214101790132035,0.4480370071543318,2.748361903560512,6.134229672268578,5.031372549019608,4.0,0.2078431372549019,0.6313725490196078,0.1607843137254902,0.0246998682955744,-0.0295916206520234,18.53968791992948,92.91894556661944,-0.2093670070849556,-0.6509390455442662,discovery
2022,300,large,common_eligible,0.5,20,418,-0.2308773457545158,-0.2681416210677075,-2.0754047764473995,0.3388729536002843,4.733067729083666,245,245,0.2489795918367346,-0.0171519273177155,-0.0254025207347091,0.3780993541145686,2.554841368104207,6.757063560944511,5.848979591836735,4.0,0.2244897959183673,0.7387755102040816,0.036734693877551,0.025377653055142,-0.0321907485440794,17.190558540910015,101.18209942695567,-0.2281800309166231,-0.6813094503459426,discovery
2022,300,large,common_eligible,0.5,40,418,-0.2038640804473835,-0.2641645198444745,-1.83771527093123,0.3401837235852044,4.685258964143427,231,231,0.2510822510822511,-0.015630072729161,-0.0252465389314218,0.4223361427173802,2.639708871470508,6.250255671906711,6.090909090909091,4.0,0.2554112554112554,0.7445887445887446,0.0,0.0253750738549972,-0.0312315515499631,16.66545176398661,100.82650739353768,-0.2021929408421122,-0.5992764095202885,discovery
2022,300,large,common_eligible,0.6,10,418,-0.2111673117497097,-0.2302642531385571,-1.849747785242183,0.3254602627536445,4.382470119521912,250,250,0.232,-0.0152506536729614,-0.0246708411008447,0.4355320468003091,2.941773918065885,6.754437336306242,5.4,5.0,0.112,0.66,0.228,0.0277977482030898,-0.0322227759946248,18.2451506208617,99.02811515296284,-0.2132397566322777,-0.6488267107113834,discovery
2022,300,large,common_eligible,0.6,20,418,-0.2485081353428534,-0.2723050275670441,-2.1449183122094317,0.3787449480240312,5.362549800796812,239,239,0.1841004184100418,-0.0204477543483653,-0.0286845854861435,0.3629549839826533,2.7843649750457025,7.671378264305018,6.631799163179917,5.0,0.1589958158995816,0.799163179916318,0.0418410041841004,0.0292448045215299,-0.0358723507755653,16.38643441791642,110.15187017575056,-0.2256050078372263,-0.6561358419151393,discovery
2022,300,large,common_eligible,0.6,40,418,-0.2213249995818512,-0.271283578496579,-1.86266493457712,0.4033841854204832,5.5458167330677295,225,225,0.1822222222222222,-0.0191337777586069,-0.0285301368358817,0.3998194604763289,2.867908311285998,7.17300830697257,7.1866666666666665,4.0,0.1688888888888889,0.8177777777777778,0.0133333333333333,0.029564215935082,-0.0351412895288792,15.82733448298225,115.44844979094442,-0.1917089402089239,-0.5486704922532958,discovery
2022,300,large,common_eligible,0.8,10,418,-0.2234794210080002,-0.2420531130901698,-1.9083703930211973,0.3483954906509971,4.796812749003984,246,246,0.2276422764227642,-0.0158463297079493,-0.0237065130746278,0.4106822602721884,2.7165657699414254,6.614762878096959,5.894308943089431,5.5,0.024390243902439,0.6463414634146342,0.3292682926829268,0.0313778118518268,-0.0319066119983226,17.68231660726963,103.95252961993128,-0.2149821864124714,-0.6414532535723009,discovery
2022,300,large,common_eligible,0.8,20,418,-0.2853954438563423,-0.3241126537143366,-2.2126617880925687,0.4356361700389335,6.442231075697211,234,234,0.1324786324786324,-0.0251187875126666,-0.0309340194181536,0.2840273994433621,2.3317305578314818,8.209526835795474,7.910256410256411,5.5,0.0769230769230769,0.8333333333333334,0.0897435897435897,0.0346203181410322,-0.0388789771573504,15.26016781320366,122.50142351312329,-0.23297316526756,-0.6551233884707875,discovery
2022,300,large,common_eligible,0.8,40,418,-0.2614973608410839,-0.3193665003165952,-1.903255707262816,0.4845462993644678,7.163346613545817,228,228,0.1184210526315789,-0.0251293255708338,-0.0316211401356601,0.3090084574029673,2.562201695025255,8.29168792517538,8.885964912280702,5.0,0.0833333333333333,0.881578947368421,0.0350877192982456,0.0353560276716814,-0.0388908674661059,14.217440918769226,132.80924301662472,-0.1968969590530309,-0.5396746630488448,discovery
2022,300,large,common_eligible,1.0,10,418,-0.2251278851966992,-0.2446748020567142,-1.9095539126462908,0.3520922291802527,4.653386454183267,240,240,0.2125,-0.0167821305439197,-0.024901874088157,0.3900082799959081,2.575183755500297,6.602895086041032,5.866666666666666,5.0,0.0083333333333333,0.6625,0.3291666666666666,0.0306879900071146,-0.032566490122994,17.533903871801723,104.58564609761368,-0.2152569626873835,-0.6394003233779,discovery
2022,300,large,common_eligible,1.0,20,418,-0.2644421022572658,-0.3122553394244276,-2.0228124518659576,0.4475860189557255,6.549800796812749,231,231,0.1298701298701298,-0.0235570126021658,-0.0307158834465393,0.3246607239216775,2.616013247355908,8.057683158456227,8.116883116883116,5.0,0.0432900432900432,0.8311688311688312,0.1255411255411255,0.0360197027998657,-0.038927546936593,14.98236282438085,124.9714673939846,-0.2116019822537464,-0.5908185042826908,discovery
2022,300,large,common_eligible,1.0,40,418,-0.2191361981727732,-0.2903108703682596,-1.5805407097501465,0.5129383430347152,7.406374501992031,220,220,0.1227272727272727,-0.0209727520652877,-0.0311175727999457,0.4129973589508063,3.246275116293671,7.860280570656984,9.45,5.0,0.0818181818181818,0.8772727272727273,0.0409090909090909,0.038124200765691,-0.0384293170417003,13.466734591846468,138.74287661543795,-0.1579441074875262,-0.4272174251515103,discovery
2022,300,large,target_specific,0.5,10,418,-0.1945416153477301,-0.222894534673016,-1.7892396574802096,0.2988630297711964,4.095617529880478,255,255,0.2784313725490196,-0.013277912818463,-0.0214101790132035,0.4480370071543318,2.748361903560512,6.134229672268578,5.031372549019608,4.0,0.2078431372549019,0.6313725490196078,0.1607843137254902,0.0246998682955744,-0.0295916206520234,18.53968791992948,92.91894556661944,-0.2093670070849556,-0.6509390455442662,discovery
2022,300,large,target_specific,0.5,20,418,-0.2308773457545158,-0.2681416210677075,-2.0754047764473995,0.3388729536002843,4.733067729083666,245,245,0.2489795918367346,-0.0171519273177155,-0.0254025207347091,0.3780993541145686,2.554841368104207,6.757063560944511,5.848979591836735,4.0,0.2244897959183673,0.7387755102040816,0.036734693877551,0.025377653055142,-0.0321907485440794,17.190558540910015,101.18209942695567,-0.2281800309166231,-0.6813094503459426,discovery
2022,300,large,target_specific,0.5,40,418,-0.2038640804473835,-0.2641645198444745,-1.83771527093123,0.3401837235852044,4.685258964143427,231,231,0.2510822510822511,-0.015630072729161,-0.0252465389314218,0.4223361427173802,2.639708871470508,6.250255671906711,6.090909090909091,4.0,0.2554112554112554,0.7445887445887446,0.0,0.0253750738549972,-0.0312315515499631,16.66545176398661,100.82650739353768,-0.2021929408421122,-0.5992764095202885,discovery
2022,300,large,target_specific,0.6,10,421,-0.210993848424388,-0.2300949892068535,-1.8489047599332744,0.3256154240267195,4.406374501992032,251,251,0.2350597609561753,-0.0151531581844563,-0.0245627735415915,0.4368971810791128,2.9509946320077103,6.754437336306245,5.406374501992032,5.0,0.1155378486055776,0.6573705179282868,0.2270916334661354,0.027727759931668,-0.0321607328625727,18.255656366295376,99.0777013092178,-0.21295795687254,-0.6479848092425567,discovery
2022,300,large,target_specific,0.6,20,421,-0.2482271254430867,-0.2720329161831671,-2.1433620225451384,0.3787813077847932,5.386454183266932,240,240,0.1875,-0.0203241357304895,-0.0286073611610126,0.3641569471272334,2.793585688987529,7.671378264305013,6.633333333333334,5.0,0.1625,0.7958333333333333,0.0416666666666666,0.0291655790530078,-0.0357922574383736,16.397114963053323,110.17354724873722,-0.2253055580416849,-0.6553309794899342,discovery
2022,300,large,target_specific,0.6,40,421,-0.2210867008815576,-0.2710605686708704,-1.8615669263701893,0.4033547360524163,5.569721115537849,226,226,0.1858407079646017,-0.0190083154059501,-0.0284176329796749,0.4011049342339525,2.877129025227826,7.173008306972566,7.185840707964601,4.0,0.1725663716814159,0.8141592920353983,0.0132743362831858,0.0294786693693349,-0.0350594694418025,15.838121115863943,115.4552438242486,-0.1914912597803753,-0.5481197594090659,discovery
2022,300,large,target_specific,0.8,10,422,-0.2227731246520026,-0.2413637107243509,-1.903400682996811,0.348467884513041,4.832669322709164,248,248,0.2298387096774193,-0.015757810953034,-0.0228060716373684,0.4104063723431158,2.720250389477721,6.628187505830161,5.891129032258065,5.5,0.0282258064516129,0.6411290322580645,0.3306451612903225,0.0312354801527644,-0.0317432636943516,17.77315587037396,104.06751616196516,-0.2140659572438437,-0.6392931301640956,discovery
2022,300,large,target_specific,0.8,20,422,-0.2852525638548132,-0.3239775149382952,-2.212126326345423,0.4359625533585432,6.50597609561753,236,236,0.135593220338983,-0.0252019350097003,-0.0309340194181536,0.2819503708982038,2.335415177367776,8.283071839657062,7.919491525423729,5.5,0.0805084745762711,0.8305084745762712,0.0889830508474576,0.0344432703700751,-0.038881987270853,15.349261188311043,122.6793376347942,-0.2325188327181758,-0.6543051958414798,discovery
2022,300,large,target_specific,0.8,40,422,-0.2613608563438465,-0.3192406923262969,-1.902766594015168,0.4848004570738702,7.227091633466135,230,230,0.1217391304347826,-0.0252145504977192,-0.0316211401356601,0.3067322017603331,2.565886314561549,8.365232929036967,8.88695652173913,5.0,0.0869565217391304,0.8782608695652174,0.0347826086956521,0.0351679637890415,-0.0388938527103194,14.30571413744804,132.9720471771727,-0.1965532319703312,-0.5391101689989173,discovery
2022,300,large,target_specific,1.0,10,422,-0.220088107938714,-0.2397621581736079,-1.8484034788203807,0.3512489184190762,4.713147410358566,242,242,0.2148760330578512,-0.0165094711277313,-0.0246708411008449,0.3961458657154429,2.621027700863244,6.61631971377423,5.888429752066116,5.0,0.012396694214876,0.6570247933884298,0.3305785123966942,0.0307222168629618,-0.0325107555206359,17.466783476729596,104.34555573442948,-0.2109223592606681,-0.626587290088467,discovery
2022,300,large,target_specific,1.0,20,422,-0.2650162679969738,-0.3127921828503246,-2.027288450486569,0.447926263559251,6.653386454183267,233,233,0.1287553648068669,-0.0242739478410276,-0.0308769351771195,0.3162551824941778,2.616013247355909,8.271843094315361,8.167381974248928,6.0,0.0429184549356223,0.8326180257510729,0.1244635193133047,0.0360234622768552,-0.0395048759565427,14.97937507856128,125.05137737253663,-0.2119259088266354,-0.5916515497241387,discovery
2022,300,large,target_specific,1.0,40,422,-0.2192618781316322,-0.2904250947700132,-1.582338122889966,0.5131420736214873,7.47011952191235,221,221,0.1221719457013574,-0.0212106355575787,-0.0312440419407036,0.409168954598634,3.2462751162936714,7.933825574518573,9.484162895927602,5.0,0.0814479638009049,0.8778280542986425,0.0407239819004524,0.0380547170740578,-0.0385840163019672,13.461456205783657,138.78941691000412,-0.1579816984704311,-0.4272927312005367,discovery
2022,500,small,common_eligible,0.5,10,555,0.0011402170732899,-0.085615209848643,0.0561698269602817,0.222676650306601,2.6215139442231075,390,390,0.5051282051282051,-0.001216870095675,0.0002238610618591,0.8919091503421576,3.9159804447176247,4.390559782030896,2.687179487179487,2.0,0.4923076923076923,0.4897435897435897,0.0179487179487179,0.0149252153909488,-0.0157898100193775,32.04026869972344,87.94593760020268,0.001296497717124,0.0051205057724731,discovery
2022,500,small,common_eligible,0.5,20,555,-0.0196149557724599,-0.0856152098486433,-0.1926653371467298,0.2251635313367108,2.653386454183267,379,379,0.496042216358839,-0.0017620862503156,-0.0009396452981167,0.8456348239975193,3.6584733789525874,4.326304067822211,2.757255936675462,2.0,0.5013192612137203,0.4986807387862796,0.0,0.0145835980018021,-0.0158925274514643,30.91539470889648,87.41646356544801,-0.022438514408415,-0.0871142660448314,discovery
2022,500,small,common_eligible,0.5,40,555,-0.0323977793277056,-0.0856152098486433,-0.3541912727787681,0.2167989873624163,2.5697211155378485,364,364,0.4807692307692308,-0.0021984691705584,-0.0027143153053129,0.8131742164921953,3.4831209153966007,4.28336369347986,2.771978021978022,2.0,0.4862637362637362,0.5137362637362637,0.0,0.0145943442798832,-0.0162987122927448,29.494264007452472,83.81646356544802,-0.0386532406039868,-0.1494369495072743,discovery
2022,500,small,common_eligible,0.6,10,555,-0.0129659087638644,-0.0981437353333448,-0.0742542632369543,0.2952303979705775,3.7171314741035855,386,386,0.4041450777202072,-0.0023670294042901,-0.0108435077292699,0.8341534451872229,4.595475459742477,5.509148809798464,3.417098445595855,3.0,0.3782383419689119,0.5777202072538861,0.044041450777202,0.0191779283965812,-0.0178447592298796,30.076683754444577,104.0885138226565,-0.01245661820665,-0.0439179327501251,discovery
2022,500,small,common_eligible,0.6,20,555,-0.0413013887121958,-0.0988222830765419,-0.3616599380118108,0.3096128747117622,3.9282868525896415,371,371,0.3935309973045822,-0.0030678647857801,-0.0120210293538218,0.7917096235582591,4.326202492401047,5.4643803279254906,3.657681940700809,3.0,0.3962264150943396,0.6037735849056604,0.0,0.0189034465656033,-0.0182859806827472,28.45968900804613,105.96138810105616,-0.0389777724248066,-0.1333968710139906,discovery
2022,500,small,common_eligible,0.6,40,555,-0.0566279922986018,-0.0988222830765419,-0.5268979030644703,0.2995942945013486,3.828685258964144,360,360,0.3805555555555555,-0.003613778846023,-0.0122800084767632,0.7600341614577034,4.120479569014852,5.421439953583139,3.669444444444444,3.0,0.3833333333333333,0.6166666666666667,0.0,0.018810940277643,-0.0186034119933523,27.440203636979337,102.36138810105616,-0.0553216338202603,-0.1890155898758175,discovery
2022,500,small,common_eligible,0.8,10,555,-0.0481679820527534,-0.1143493075924686,-0.3654663894646573,0.3872046166894968,5.163346613545817,377,377,0.3023872679045092,-0.0046852887841417,-0.0153195286624571,0.7286107624766816,4.74220883978556,6.508562711407011,4.437665782493369,3.0,0.2148541114058355,0.6551724137931034,0.129973474801061,0.0245662820120205,-0.0203611513069748,27.29423575229938,124.15416856447808,-0.0387969108163596,-0.1243992968487247,discovery
2022,500,small,common_eligible,0.8,20,555,-0.0836877281350574,-0.1218344167564938,-0.6993695258444749,0.4233113182915659,5.920318725099602,358,358,0.2849162011173184,-0.0060485111238395,-0.0168418234919126,0.6739359716245776,4.475558706780131,6.640925689114696,5.150837988826815,3.0,0.2569832402234637,0.7094972067039106,0.0335195530726257,0.0244658731702315,-0.021414965286,24.58432351311819,130.32893350481112,-0.0642127008059711,-0.1976978278606183,discovery
2022,500,small,common_eligible,0.8,40,555,-0.0681135223396642,-0.1215981364086509,-0.5528703520054391,0.4355125770874666,6.111553784860558,349,349,0.2722063037249284,-0.0058637329151153,-0.0168568968253969,0.6872576878526345,4.497100276317949,6.543543063693223,5.395415472779369,3.0,0.2693409742120344,0.7277936962750716,0.0028653295128939,0.0248163536038447,-0.0215839466593629,23.42931093133816,132.34693930561158,-0.0514658840597579,-0.1563985196367466,discovery
2022,500,small,common_eligible,1.0,10,555,-0.0757628070089934,-0.1404639395686012,-0.5399988252026962,0.4405083090606873,6.055776892430279,365,365,0.2575342465753424,-0.0066560855510436,-0.0168819141686892,0.6456924390244568,4.427484407109484,6.856955633240402,5.164383561643835,5.0,0.0986301369863013,0.6876712328767123,0.2136986301369863,0.0285975877914827,-0.0217260310473938,25.208083160582337,135.14388722084738,-0.0560608463815936,-0.1719895072366406,discovery
2022,500,small,common_eligible,1.0,20,555,-0.1069738320832401,-0.1594615391507553,-0.7978160324022043,0.5023386087703795,7.446215139442231,346,346,0.222543352601156,-0.00762997851197,-0.0194951046918698,0.6330917227714171,4.5552114331112685,7.195183998252911,6.401734104046243,4.0,0.1647398843930635,0.7687861271676301,0.0664739884393063,0.0295084356663622,-0.0232753602278408,22.34367958469568,147.59800569013777,-0.07247647526337,-0.212951643006477,discovery
2022,500,small,common_eligible,1.0,40,555,-0.0704747941845769,-0.1455586092229065,-0.4904183518046603,0.5370842338258607,7.932270916334661,336,336,0.2023809523809523,-0.0074334226535401,-0.0198489924912495,0.650040829807333,4.639288304379894,7.136918315969387,6.925595238095238,4.0,0.1934523809523809,0.7976190476190477,0.0089285714285714,0.0302204366842818,-0.0236509777451084,20.705783504658505,155.06955924279836,-0.0454472138366188,-0.1312173952353012,discovery
2022,500,small,target_specific,0.5,10,555,0.0011402170732899,-0.085615209848643,0.0561698269602817,0.222676650306601,2.6215139442231075,390,390,0.5051282051282051,-0.001216870095675,0.0002238610618591,0.8919091503421576,3.9159804447176247,4.390559782030896,2.687179487179487,2.0,0.4923076923076923,0.4897435897435897,0.0179487179487179,0.0149252153909488,-0.0157898100193775,32.04026869972344,87.94593760020268,0.001296497717124,0.0051205057724731,discovery
2022,500,small,target_specific,0.5,20,555,-0.0196149557724599,-0.0856152098486433,-0.1926653371467298,0.2251635313367108,2.653386454183267,379,379,0.496042216358839,-0.0017620862503156,-0.0009396452981167,0.8456348239975193,3.6584733789525874,4.326304067822211,2.757255936675462,2.0,0.5013192612137203,0.4986807387862796,0.0,0.0145835980018021,-0.0158925274514643,30.91539470889648,87.41646356544801,-0.022438514408415,-0.0871142660448314,discovery
2022,500,small,target_specific,0.5,40,555,-0.0323977793277056,-0.0856152098486433,-0.3541912727787681,0.2167989873624163,2.5697211155378485,364,364,0.4807692307692308,-0.0021984691705584,-0.0027143153053129,0.8131742164921953,3.4831209153966007,4.28336369347986,2.771978021978022,2.0,0.4862637362637362,0.5137362637362637,0.0,0.0145943442798832,-0.0162987122927448,29.494264007452472,83.81646356544802,-0.0386532406039868,-0.1494369495072743,discovery
2022,500,small,target_specific,0.6,10,584,-0.0133716615141065,-0.1009570547244824,-0.0784649174934661,0.2971935679071547,3.792828685258964,414,414,0.4371980676328502,-0.0021041523102113,-0.0079675925702189,0.844197253066023,4.720047168623969,5.591166225051461,3.2995169082125604,2.0,0.4154589371980676,0.5434782608695652,0.0410628019323671,0.0182553072041348,-0.017548866624091,32.033688309428264,106.58114207643511,-0.0125459919584244,-0.0449931053631817,discovery
2022,500,small,target_specific,0.6,20,584,-0.041582763207252,-0.101425174198691,-0.3695483711772634,0.3095718549671726,4.00398406374502,399,399,0.4285714285714285,-0.0027459236638996,-0.0087465208871841,0.8024621398197671,4.450774201282536,5.546397743178487,3.518796992481203,2.0,0.4335839598997493,0.5664160401002506,0.0,0.0179654022487978,-0.017948001385813,30.306578052531243,107.82686406008077,-0.0385643814922432,-0.1343234617102435,discovery
2022,500,small,target_specific,0.6,40,584,-0.0569048032248762,-0.101425174198691,-0.536751249553022,0.2995532840492279,3.904382470119522,388,388,0.4175257731958763,-0.0032433146673706,-0.0097177096282856,0.7713426294413327,4.245051277896343,5.503457368836135,3.525773195876289,2.0,0.422680412371134,0.5773195876288659,0.0,0.0178529776324304,-0.0182329433949664,29.291750533997494,104.22686406008074,-0.0545970597293169,-0.1899655462148918,discovery
2022,500,small,target_specific,0.8,10,599,-0.0588878427979294,-0.1266388952951769,-0.4466113556111074,0.3979703007263065,5.705179282868526,424,424,0.3349056603773584,-0.0049041402768247,-0.0150063271251956,0.7198793223351438,5.34371480329119,7.423070280664894,4.377358490566038,3.0,0.2547169811320754,0.6226415094339622,0.1226415094339622,0.0239800437075123,-0.021392790252208,29.169703706221448,128.72667008584267,-0.0457464197268984,-0.1479704457605443,discovery
2022,500,small,target_specific,0.8,20,599,-0.077816324472048,-0.1271584993742476,-0.6364250738021519,0.4324663336524771,6.50597609561753,403,403,0.3225806451612903,-0.0058278833164221,-0.0163847641170429,0.684042868863286,5.084766941502213,7.433403918020325,5.052109181141439,3.0,0.2977667493796526,0.6724565756823822,0.0297766749379652,0.0239705021124664,-0.0221632074462333,26.25133283602192,134.34195510670034,-0.0579240672880209,-0.1799361439648616,discovery
2022,500,small,target_specific,0.8,40,599,-0.0618267583675353,-0.1271584993742478,-0.4868695652726231,0.4422975594168579,6.697211155378486,393,393,0.3104325699745547,-0.0056736869625151,-0.0165172373927228,0.6960533663502325,5.106262316330418,7.336021292598856,5.277353689567431,3.0,0.3078880407124681,0.6895674300254453,0.0025445292620865,0.0243287281747674,-0.0223863298966069,24.955132692666837,135.6194708333626,-0.0455884084988819,-0.1397854386740233,discovery
2022,500,small,target_specific,1.0,10,607,-0.0917646968301351,-0.1518810670209477,-0.6442174971776256,0.4604961458395249,6.7370517928286855,411,411,0.2822384428223844,-0.0070439950586265,-0.0167984539469272,0.6370859907422066,5.082240193298642,7.977322162394154,5.114355231143552,4.0,0.1386861313868613,0.6447688564476886,0.2165450121654501,0.0281657011553864,-0.0233388821768143,27.07348406221823,142.02918531924954,-0.0646097466685236,-0.1992735393318873,discovery
2022,500,small,target_specific,1.0,20,607,-0.1202139083358571,-0.1826806612109676,-0.8622693553461241,0.5210583848420312,8.350597609561753,390,390,0.2615384615384615,-0.0074529082003211,-0.0189211828732966,0.6498060251485284,5.393434926016685,8.300069124141915,6.374358974358974,4.0,0.2102564102564102,0.7282051282051282,0.0615384615384615,0.0294535049296576,-0.0246563004117988,23.832838479799136,153.74863432070816,-0.0781886023683955,-0.2307110140302266,discovery
2022,500,small,target_specific,1.0,40,607,-0.0829029747957489,-0.1656669909955608,-0.5604323220584773,0.5514244704687369,8.792828685258964,377,377,0.2387267904509283,-0.0074559383097012,-0.0195521625747558,0.6602304014649482,5.462037248493089,8.27292599125045,6.854111405835544,4.0,0.2307692307692307,0.7612732095490716,0.0079575596816976,0.0302719432930192,-0.0251370303663403,22.208092149470545,160.1133373912224,-0.0517776820760303,-0.1503433003712684,discovery
2022,500,large,common_eligible,0.5,10,678,-0.2062315760408415,-0.2375965589107566,-1.6489741270846896,0.3951363610502904,6.916334661354582,422,422,0.2985781990521327,-0.0111116666886784,-0.0210360896005639,0.5249942262952727,5.182595281027835,9.871718623650132,5.113744075829384,4.0,0.2037914691943128,0.6137440758293838,0.1824644549763033,0.0267787791655767,-0.0296316701034207,23.608436955604976,121.8950097626338,-0.1691878744194994,-0.5219250779469361,discovery
2022,500,large,common_eligible,0.5,20,678,-0.2247726142947187,-0.2774216590175385,-1.7658222232987784,0.4423480419581311,8.04382470119522,404,404,0.2648514851485148,-0.014522398809464,-0.0251567893814522,0.4652155251744309,5.103817454725018,10.9708665737485,5.997524752475248,4.0,0.2301980198019802,0.7277227722772277,0.042079207920792,0.0275840961065953,-0.032181763800639,21.827710019118157,131.6718957605513,-0.1707065983947504,-0.5081352079681948,discovery
2022,500,large,common_eligible,0.5,40,678,-0.2133607086855891,-0.2729209960229627,-1.6893805534209616,0.4438896398415626,8.370517928286853,396,396,0.2525252525252525,-0.0144874152543666,-0.0255029369099591,0.4739669404985444,5.16917345951475,10.906189900243948,6.305555555555555,4.0,0.25,0.7449494949494949,0.005050505050505,0.0276533030872353,-0.031951664390359,20.88246032909557,130.9411670097374,-0.1629439492239462,-0.4806616094075632,discovery
2022,500,large,common_eligible,0.6,10,678,-0.1880382740280214,-0.2250477160334288,-1.3998565363287014,0.426691350522129,7.46215139442231,415,415,0.2602409638554216,-0.0121768821310319,-0.0222490462989221,0.5227032195591047,5.5341492720820415,10.587555356460298,5.513253012048192,5.0,0.1204819277108433,0.6289156626506024,0.2506024096385542,0.0298894708048055,-0.0316136055377157,22.961689767252413,129.02798989292617,-0.1457344830250125,-0.4406892096545309,discovery
2022,500,large,common_eligible,0.6,20,678,-0.1973214773616235,-0.267964542191438,-1.414093224068893,0.4988574965364138,9.143426294820715,397,397,0.216624685138539,-0.0164805107054862,-0.0273598450782112,0.4648760624601368,5.683867925718705,12.226630675796727,6.780856423173804,5.0,0.1738035264483627,0.7732997481108312,0.052896725440806,0.0314112002681232,-0.035446320705917,20.71321525992857,144.56838535766127,-0.1364900610001636,-0.3955467818598175,discovery
2022,500,large,common_eligible,0.6,40,678,-0.1836941922044572,-0.2650617939851916,-1.3147894282045387,0.519256813149732,9.641434262948207,376,376,0.2074468085106383,-0.0155322093606752,-0.0281247384476914,0.4973137225228933,5.77769342838149,11.617804147995372,7.436170212765957,5.0,0.1914893617021276,0.7925531914893617,0.0159574468085106,0.0325030891344604,-0.03494326552343,19.512764991731448,148.36346785479893,-0.1238136280180751,-0.3537636628977413,discovery
2022,500,large,common_eligible,0.8,10,678,-0.1787129448087711,-0.2271478508705129,-1.2615595393587502,0.4549862237433384,7.844621513944223,396,396,0.2449494949494949,-0.0129008025195282,-0.0221748657787766,0.4947745121246248,5.00304006154836,10.11175785928153,5.972222222222222,6.0,0.0303030303030303,0.6237373737373737,0.3459595959595959,0.0326454672720857,-0.0319980282379689,21.79657894294598,134.60476449256737,-0.1327686620027772,-0.3927875954978025,discovery
2022,500,large,common_eligible,0.8,20,678,-0.2253748366823427,-0.3055413688114646,-1.4751861018516896,0.5714138352724701,10.812749003984065,380,380,0.1763157894736842,-0.0189968704252299,-0.0288018586094307,0.4176913363410455,5.178069470672533,12.39688023225991,8.142105263157895,6.0,0.0842105263157894,0.8,0.1157894736842105,0.0374917281911811,-0.0370341318837539,18.471964648771863,159.46044914823602,-0.1413358847828354,-0.3944161355051476,discovery
2022,500,large,common_eligible,0.8,40,678,-0.1884547158934575,-0.2932449320760989,-1.1506119157349426,0.6059872387787737,11.97609561752988,362,362,0.1353591160220994,-0.0204915487855257,-0.0305430655729842,0.410312559784046,5.161504236149152,12.57944489650946,9.303867403314918,5.0,0.1049723756906077,0.8591160220994475,0.0359116022099447,0.0377984172374585,-0.0374401361299269,15.925560714748295,164.97814048348457,-0.1142301127538306,-0.3109879281835112,discovery
2022,500,large,common_eligible,1.0,10,678,-0.1827360638353485,-0.233210395925778,-1.279772467441899,0.462273418193923,7.968127490039841,396,396,0.2449494949494949,-0.0130266633365712,-0.0221748657787766,0.4898455092506793,4.9531991779993225,10.111757859281536,6.05050505050505,6.0,0.0075757575757575,0.6237373737373737,0.3686868686868687,0.033350423823629,-0.0319980282379689,21.602959028429154,136.05090719387906,-0.1343144765473272,-0.3952986623139362,discovery
2022,500,large,common_eligible,1.0,20,678,-0.2112633570683573,-0.3214379689729679,-1.308644648256822,0.5968072779068915,11.48605577689243,381,381,0.1784776902887139,-0.0182594977675953,-0.0287727859958505,0.4385823683734981,5.434741904883155,12.391610554336994,8.566929133858268,6.0,0.0393700787401574,0.7979002624671916,0.1627296587926509,0.0402143675360646,-0.0369813361193164,17.727230170046113,164.53833036899684,-0.1283976545736024,-0.3539892439135381,discovery
2022,500,large,common_eligible,1.0,40,678,-0.1718001288036265,-0.2780506574463299,-1.0076300392738202,0.6579081553188054,13.597609561752988,361,361,0.1301939058171745,-0.0200155947188111,-0.0307158834465391,0.4323070227767462,5.502429280980588,12.728058974471423,10.454293628808864,5.0,0.0664819944598338,0.8614958448753463,0.0720221606648199,0.0415442034555662,-0.0379840348564068,14.159772462493075,175.12678007110242,-0.0981004325745466,-0.2611308697342056,discovery
2022,500,large,target_specific,0.5,10,678,-0.2062315760408415,-0.2375965589107566,-1.6489741270846896,0.3951363610502904,6.916334661354582,422,422,0.2985781990521327,-0.0111116666886784,-0.0210360896005639,0.5249942262952727,5.182595281027835,9.871718623650132,5.113744075829384,4.0,0.2037914691943128,0.6137440758293838,0.1824644549763033,0.0267787791655767,-0.0296316701034207,23.608436955604976,121.8950097626338,-0.1691878744194994,-0.5219250779469361,discovery
2022,500,large,target_specific,0.5,20,678,-0.2247726142947187,-0.2774216590175385,-1.7658222232987784,0.4423480419581311,8.04382470119522,404,404,0.2648514851485148,-0.014522398809464,-0.0251567893814522,0.4652155251744309,5.103817454725018,10.9708665737485,5.997524752475248,4.0,0.2301980198019802,0.7277227722772277,0.042079207920792,0.0275840961065953,-0.032181763800639,21.827710019118157,131.6718957605513,-0.1707065983947504,-0.5081352079681948,discovery
2022,500,large,target_specific,0.5,40,678,-0.2133607086855891,-0.2729209960229627,-1.6893805534209616,0.4438896398415626,8.370517928286853,396,396,0.2525252525252525,-0.0144874152543666,-0.0255029369099591,0.4739669404985444,5.16917345951475,10.906189900243948,6.305555555555555,4.0,0.25,0.7449494949494949,0.005050505050505,0.0276533030872353,-0.031951664390359,20.88246032909557,130.9411670097374,-0.1629439492239462,-0.4806616094075632,discovery
2022,500,large,target_specific,0.6,10,681,-0.1879776536363413,-0.2249898587361144,-1.3994156523536372,0.4267645409900867,7.48605577689243,416,416,0.2620192307692308,-0.0121254456020106,-0.0221748657787766,0.5235741206907997,5.543369986023868,10.5875553564603,5.516826923076923,5.0,0.1225961538461538,0.6274038461538461,0.25,0.0298422141251695,-0.0315776352115422,22.96672897297191,129.0516410298167,-0.1456608006967614,-0.4404715846359593,discovery
2022,500,large,target_specific,0.6,20,681,-0.1971842593296731,-0.2678394006036101,-1.4131816323809492,0.4988626940268442,9.167330677290837,398,398,0.2185929648241206,-0.0164159347641613,-0.0272803235447875,0.4656302124942977,5.693088639660532,12.226630675796732,6.78140703517588,5.0,0.1758793969849246,0.7713567839195979,0.0527638190954773,0.0313579829108571,-0.0353990936434638,20.718326833737763,144.57604724656494,-0.136387917006327,-0.3952675990621629,discovery
2022,500,large,target_specific,0.6,40,681,-0.183578075255178,-0.2649572513229007,-1.3140890522775783,0.5192340408308267,9.665338645418329,377,377,0.2095490716180371,-0.0154665517391831,-0.0279443477719142,0.4981073934975769,5.786914142323315,11.617804147995376,7.43501326259947,5.0,0.1936339522546419,0.7904509283819628,0.0159151193633952,0.0324440111581786,-0.0348947421396797,19.51794634405069,148.36481283111073,-0.1237342411263996,-0.3535555468617478,discovery
2022,500,large,target_specific,0.8,10,683,-0.1775344029633956,-0.2260388128158158,-1.2581821305814551,0.454780396180089,7.880478087649402,399,399,0.2456140350877192,-0.012830471464764,-0.0220303546760746,0.4944384499104652,5.006724681084654,10.12608279552549,5.957393483709273,6.0,0.0350877192982456,0.6190476190476191,0.3458646616541353,0.0324690775515978,-0.0318615819828679,21.969303753838805,134.74270103739912,-0.1317580852963006,-0.3903739133317733,discovery
2022,500,large,target_specific,0.8,20,683,-0.2240285162790447,-0.3043343799904534,-1.4707572154963615,0.5711028952510729,10.876494023904382,383,383,0.1775456919060052,-0.0190328236407922,-0.0287727859958503,0.4154934510902168,5.181754090208829,12.471325544632244,8.127937336814622,6.0,0.0887728459530026,0.7963446475195822,0.1148825065274151,0.0372700094412282,-0.0369965734758344,18.63768844085369,159.55976243008715,-0.1404041425401377,-0.3922734732075828,discovery
2022,500,large,target_specific,0.8,40,683,-0.1869696439680075,-0.2919519555937732,-1.1439917965641382,0.6057065053575539,12.0398406374502,365,365,0.136986301369863,-0.0205169900087571,-0.0304909728696066,0.4081897954243341,5.165188855685446,12.653890208881798,9.27945205479452,5.0,0.1095890410958904,0.8547945205479452,0.0356164383561643,0.0375632436802782,-0.0373973885053468,16.081383182591583,165.096418720163,-0.113248758160478,-0.3086802639797267,discovery
2022,500,large,target_specific,1.0,10,683,-0.1798924057981625,-0.230542362596559,-1.256312674518968,0.4606190894361759,8.07569721115538,400,400,0.245,-0.0131642336387775,-0.0221748657787766,0.4870113407148916,4.9990431233622665,10.26473657887328,6.0675,6.0,0.01,0.62,0.37,0.0332134709915989,-0.0322670928155027,21.537131723979297,135.61631189820068,-0.1326480592785898,-0.390544833950241,discovery
2022,500,large,target_specific,1.0,20,683,-0.2112314295678569,-0.3214105012627005,-1.3085561440597546,0.5968704654468687,11.549800796812749,382,382,0.1780104712041884,-0.0184042242233388,-0.0288018586094309,0.4359947117794784,5.434741904883152,12.465155558198578,8.589005235602095,6.0,0.0392670157068062,0.7984293193717278,0.1623036649214659,0.0401686972150664,-0.0370746254319901,17.72320594558308,164.5506141607302,-0.1283686667747892,-0.3538982774255899,discovery
2022,500,large,target_specific,1.0,40,683,-0.1717537728322296,-0.2780102485261048,-1.007417753059371,0.6579137964611244,13.661354581673306,362,362,0.1298342541436464,-0.0201634660147856,-0.0307474837562956,0.4298234260561074,5.502429280980588,12.80160397833301,10.472375690607734,5.0,0.0662983425414364,0.861878453038674,0.0718232044198895,0.0414923363325252,-0.0380797083887391,14.15625578015219,175.12635458115187,-0.0980742009065463,-0.2610581716876618,discovery
2023,300,small,common_eligible,0.5,10,323,-0.0505838346500299,-0.0851203073829856,-0.881010169088587,0.1960054124658257,2.0,266,266,0.5,-0.0015593532287805,-0.0001959775843214,0.8563109502878402,2.471917462932096,2.886705421787712,2.8796992481203008,2.0,0.4962406015037593,0.4699248120300752,0.0338345864661654,0.01396877754778,-0.0149642802190839,25.692364711912987,74.71697982562955,-0.0677005879628429,-0.2580736624242424,validation
2023,300,small,common_eligible,0.5,20,323,-0.0748086096278742,-0.0951341546407187,-1.3471535417266391,0.2055565362320099,2.096,256,256,0.484375,-0.0026279722423321,-0.0030408412800461,0.7745720487842709,2.311611231996367,2.984372126033408,3.046875,2.0,0.4921875,0.50390625,0.00390625,0.0138740440943902,-0.0154127398677457,24.71829256234541,76.11697982562228,-0.0982811060019126,-0.3639320402997958,validation
2023,300,small,common_eligible,0.5,40,323,-0.0655936227876431,-0.0951341546407187,-1.183091542101211,0.1915015265011093,1.956,241,241,0.4896265560165975,-0.0023837638476744,-0.0024304234474675,0.7943708749331541,2.2193150411919453,2.793802128481485,3.029045643153527,2.0,0.4979253112033195,0.5020746887966805,0.0,0.0141153501393488,-0.0153065616392884,23.201333432496817,71.11697982562228,-0.0922334201318414,-0.3425227150200453,validation
2023,300,small,common_eligible,0.6,10,323,-0.0252417492863573,-0.0881659343370958,-0.3548757530214038,0.2635441488668715,2.712,258,258,0.437984496124031,-0.0003964233194664,-0.0075986946553803,0.9681054220664153,3.1044501663739137,3.2067273827962697,3.627906976744186,3.0,0.4069767441860465,0.5232558139534884,0.0697674418604651,0.0182739431155726,-0.0162870379628223,24.66996469344989,90.42384231876603,-0.0279149266820293,-0.0957780675263944,validation
2023,300,small,common_eligible,0.6,20,323,-0.0562059613977127,-0.0990084140111841,-0.8458421651882618,0.2866620283632177,2.948,249,249,0.4216867469879518,-0.0016901611638125,-0.0098672123764372,0.8775019638059715,3.014716209598653,3.435566339387989,3.959839357429719,3.0,0.4176706827309236,0.5742971887550201,0.0080321285140562,0.0183302941053666,-0.0169818089109305,23.786564602245825,95.31027848797451,-0.0589715634970097,-0.196070479646842,validation
2023,300,small,common_eligible,0.6,40,323,-0.0527605840334153,-0.0990084140111841,-0.8008540012417449,0.2705174851522791,2.788,234,234,0.4230769230769231,-0.0016546605792273,-0.0100712489736641,0.8811324061501543,2.870136026261913,3.257326601801105,3.978632478632479,3.0,0.4230769230769231,0.5769230769230769,0.0,0.0186760323224726,-0.0170053242409987,22.258045479634823,89.81027848797451,-0.0587467102003028,-0.1950357626743256,validation
2023,300,small,common_eligible,0.8,10,323,0.0120074688087785,-0.0907841444532826,0.1912104022252468,0.361704407032524,3.728,249,249,0.3614457831325301,0.0002733096194187,-0.0102752855708908,1.0194999754079288,3.5580120983417403,3.48995800310646,4.742971887550201,4.0,0.2690763052208835,0.5823293172690763,0.1485943775100401,0.0237609726793232,-0.0179029149719379,23.887261513930174,113.94067767852616,0.0105383512310297,0.0331969104476486,validation
2023,300,small,common_eligible,0.8,20,323,-0.0271857561868098,-0.111015636815607,-0.2998203496892499,0.4072134070276468,4.36,244,244,0.3237704918032787,-0.0015566774964501,-0.014037495497644,0.9077926955877348,3.7394680887771914,4.119297397911024,5.467213114754099,4.0,0.3073770491803279,0.6721311475409836,0.0204918032786885,0.0244558783193613,-0.0195915221295528,22.635684056669067,124.1074807161332,-0.0219050101008745,-0.0667604644582935,validation
2023,300,small,common_eligible,0.8,40,323,-0.018653307103563,-0.1107660897406156,-0.1930612527809599,0.3880019316854275,4.18,229,229,0.3231441048034934,-0.0011495002868948,-0.0140707813084112,0.9329705534080855,3.663927481036868,3.927163046735784,5.563318777292577,4.0,0.3231441048034934,0.6768558951965066,0.0,0.0250586380577241,-0.019768604819335,20.867568518673725,117.72080037391328,-0.0158453791040454,-0.048075294425818,validation
2023,300,small,common_eligible,1.0,10,323,0.026002270888717,-0.0920191582895848,0.3358785625560351,0.4109537611572192,4.344,247,247,0.3441295546558704,0.0009348740489136,-0.0104359939721597,1.0647651025225118,3.796319966624455,3.565406076542776,5.396761133603239,4.0,0.1700404858299595,0.5870445344129555,0.242914979757085,0.0272188390089064,-0.0183705410191692,23.10900582802174,125.1695587828829,0.0207736378889217,0.0632729843267436,validation
2023,300,small,common_eligible,1.0,20,323,-0.0324017367677059,-0.1147026198524732,-0.3003723230845259,0.4832011309874108,5.376,239,239,0.2887029288702928,-0.001635563468816,-0.015985690371273,0.911122049167882,4.007262815430243,4.3981624844772815,6.623430962343096,4.0,0.2343096234309623,0.7071129707112971,0.0585774058577405,0.0291608470899991,-0.0208277563429955,21.149011793216705,140.89359054160997,-0.0229973106960722,-0.0670564174829097,validation
2023,300,small,common_eligible,1.0,40,323,-0.0426269889948002,-0.1108651085889667,-0.4201924241171084,0.472661593522326,5.372,221,221,0.2760180995475113,-0.0009215085385114,-0.0162492865264796,0.9517256917332336,4.0150168399268,4.218670226937826,7.076923076923077,5.0,0.2760180995475113,0.7239819004524887,0.0,0.0307610959750662,-0.0212475797858158,18.991527381607195,136.10879373213723,-0.0313183210474191,-0.0901850067341821,validation
2023,300,small,target_specific,0.5,10,323,-0.0505838346500299,-0.0851203073829856,-0.881010169088587,0.1960054124658257,2.0,266,266,0.5,-0.0015593532287805,-0.0001959775843214,0.8563109502878402,2.471917462932096,2.886705421787712,2.8796992481203008,2.0,0.4962406015037593,0.4699248120300752,0.0338345864661654,0.01396877754778,-0.0149642802190839,25.692364711912987,74.71697982562955,-0.0677005879628429,-0.2580736624242424,validation
2023,300,small,target_specific,0.5,20,323,-0.0748086096278742,-0.0951341546407187,-1.3471535417266391,0.2055565362320099,2.096,256,256,0.484375,-0.0026279722423321,-0.0030408412800461,0.7745720487842709,2.311611231996367,2.984372126033408,3.046875,2.0,0.4921875,0.50390625,0.00390625,0.0138740440943902,-0.0154127398677457,24.71829256234541,76.11697982562228,-0.0982811060019126,-0.3639320402997958,validation
2023,300,small,target_specific,0.5,40,323,-0.0655936227876431,-0.0951341546407187,-1.183091542101211,0.1915015265011093,1.956,241,241,0.4896265560165975,-0.0023837638476744,-0.0024304234474675,0.7943708749331541,2.2193150411919453,2.793802128481485,3.029045643153527,2.0,0.4979253112033195,0.5020746887966805,0.0,0.0141153501393488,-0.0153065616392884,23.201333432496817,71.11697982562228,-0.0922334201318414,-0.3425227150200453,validation
2023,300,small,target_specific,0.6,10,346,-0.0125828275725663,-0.0835113699913057,-0.1562471023622872,0.2674711595860512,2.752,280,280,0.4785714285714286,9.703558614989022e-05,-0.0039606082245354,1.0084703440669556,3.2348276350735707,3.2076576709516016,3.4571428571428573,3.0,0.4535714285714285,0.4821428571428571,0.0642857142857142,0.0173795377132129,-0.0158883186538583,26.86265161116672,93.62728805080536,-0.013439273778536,-0.0470436797449116,validation
2023,300,small,target_specific,0.6,20,346,-0.0439430070006827,-0.0944013313473752,-0.6405982803703388,0.2905722097319509,2.988,271,271,0.4649446494464944,-0.0010752876355904,-0.0063484979922122,0.915203481676824,3.1450936782983128,3.436496627543322,3.756457564575646,3.0,0.4649446494464944,0.5276752767527675,0.007380073800738,0.0174016105834619,-0.0165134459317118,25.97972803431565,98.51385962378636,-0.0446059134912552,-0.1512292143877751,validation
2023,300,small,target_specific,0.6,40,346,-0.0430258684673442,-0.0944013313473752,-0.6348174459208237,0.2744436536918416,2.828,252,252,0.4603174603174603,-0.0011290017021101,-0.0071133069513931,0.912680786524616,2.973748461024691,3.2582568899564377,3.8055555555555554,3.0,0.4642857142857143,0.5357142857142857,0.0,0.0178213888027033,-0.0166656837167564,24.0508240474837,92.61385962378635,-0.046457267456645,-0.1567748712296905,validation
2023,300,small,target_specific,0.8,10,359,0.0223964668552785,-0.0817579015089342,0.3092581483230193,0.3955581218136699,4.116,282,282,0.4078014184397163,0.0004996174108797,-0.0084436199722323,1.0364827677266606,4.002773174476129,3.861881064608045,4.648936170212766,4.0,0.3262411347517731,0.5425531914893617,0.1312056737588652,0.0229868645890222,-0.0182712190605382,26.534575966367097,125.21007255282792,0.0178871127527133,0.0566199140409219,validation
2023,300,small,target_specific,0.8,20,359,-0.0192938844113487,-0.1027709716342102,-0.185302235039851,0.4381845632140596,4.748,277,277,0.3754512635379061,-0.0011082718213033,-0.0125746192067736,0.9316463537527664,4.18422916491158,4.491220459412607,5.285198555956678,4.0,0.3610108303249097,0.6209386281588448,0.0180505415162454,0.0235850105663428,-0.0197653045006141,25.29440816895456,134.6652596849981,-0.0143272915794912,-0.0440314105769247,validation
2023,300,small,target_specific,0.8,40,359,-0.0059679972053511,-0.1025463030944935,-0.0285109399360185,0.4141225047467209,4.52,258,258,0.375968992248062,-0.0005564070374313,-0.0125734431967306,0.9657432176413032,4.046946084759339,4.190499100416627,5.37984496124031,4.0,0.375968992248062,0.624031007751938,0.0,0.0241149843222006,-0.0197945042798122,23.097395068595144,126.674219502877,-0.0047112958175484,-0.0144111878416295,validation
2023,300,small,target_specific,1.0,10,361,0.0707076230534056,-0.0821686689018087,0.7804270958444482,0.4505173452977967,5.012,281,281,0.3843416370106761,0.0018374826115297,-0.0089768338172769,1.1279371921613108,4.552161485156885,4.035828871317032,5.459074733096085,5.0,0.2241992882562277,0.5480427046263345,0.2277580071174377,0.0273638893043888,-0.0191698660049037,24.68700552166596,136.80405002662926,0.0516853287893466,0.156947615427919,validation
2023,300,small,target_specific,1.0,20,361,0.0172909245076489,-0.0987938276096088,0.2229795001361976,0.5161999078165821,6.164,276,276,0.3405797101449275,6.600025429208461e-05,-0.0146184917831388,1.0037444018386572,4.883097290077391,4.864881219892776,6.583333333333333,5.0,0.2898550724637681,0.6557971014492754,0.0543478260869565,0.0291627516037313,-0.0210913172207033,22.582950715059283,150.83680786529868,0.0114633322942568,0.0334965664383512,validation
2023,300,small,target_specific,1.0,40,361,0.0080568127450666,-0.0949066472974184,0.131831621310042,0.4937768113993334,6.184,255,255,0.3254901960784314,0.0004430557229361,-0.0154440195563519,1.0243630419603629,4.750298700589403,4.637319491240698,7.062745098039216,5.0,0.3215686274509804,0.6745098039215687,0.0039215686274509,0.0304426105870962,-0.0216237831066147,19.98130433827645,142.69385598976206,0.0056462225995523,0.0163167094101363,validation
2023,300,large,common_eligible,0.5,10,319,-0.0119061765886359,-0.0866172952020543,-0.0909191659335102,0.3782686944028399,4.008,200,200,0.43,-0.0004191522881005,-0.0080007802148775,0.9764635348780124,3.4778963006512025,3.561726758271305,6.01,6.0,0.25,0.465,0.285,0.0301906338838247,-0.0259917715480296,19.081471153848877,113.29034121751424,-0.0105094366039346,-0.0314754479152227,validation
2023,300,large,common_eligible,0.5,20,319,-0.008374567598642,-0.076950686307649,-0.0404176690733073,0.4556458239613237,4.976,191,191,0.4031413612565445,-5.085697144860881e-05,-0.0153341906732891,0.9976333681759848,4.0947192294432,4.104432910989884,7.513089005235602,6.0,0.3560209424083769,0.5759162303664922,0.0680628272251308,0.0335480946903149,-0.0284372827024781,17.85206367737384,131.27911247666532,-0.006379207964352,-0.0183795552559545,validation
2023,300,large,common_eligible,0.5,40,319,0.0072169679053428,-0.0846649341529477,0.125719317657211,0.4493373361460782,4.964,175,175,0.4114285714285714,0.0008618698185423,-0.016020880519604,1.0395877289307822,3.960775965459546,3.80994874721464,8.09142857142857,6.0,0.4,0.5885714285714285,0.0114285714285714,0.0348993138250204,-0.0282446699326774,16.045018756873812,128.02403219749877,0.0056371977834673,0.0160613581930272,validation
2023,300,large,common_eligible,0.6,10,319,0.0073234800812849,-0.0664793828013492,0.12509885718876,0.4025246230670434,4.372,200,200,0.41,0.0005241636118869,-0.0098187809803664,1.028756051488773,3.750420935986182,3.645588213608784,6.465,7.0,0.18,0.47,0.35,0.0336707321937422,-0.0263410159899844,18.464659852087387,118.56441504318916,0.0061767943430726,0.0181938685526453,validation
2023,300,large,common_eligible,0.6,20,319,-0.0004219077030962,-0.0777479863170204,0.0482308494191276,0.52815083652524,5.804,185,185,0.3675675675675676,-2.167547536957221e-05,-0.0170052654127146,0.9990220587960508,4.096403157168694,4.100413120112065,8.843243243243244,7.0,0.2648648648648649,0.5891891891891892,0.1459459459459459,0.0392292344081782,-0.029596590058577,16.651192947827838,147.65624839794597,-0.0002857364369431,-0.0007988394108622,validation
2023,300,large,common_eligible,0.6,40,319,0.0229234677496954,-0.1009641185958718,0.269473745233753,0.5496743721588736,6.228,166,166,0.3614457831325301,0.001654985338942,-0.0186384310207746,1.0695582398639474,4.224332484412511,3.9496049181481374,10.379518072289155,7.0,0.3373493975903614,0.6385542168674698,0.0240963855421686,0.0417947777562142,-0.0300342578914873,14.390545477970456,150.84351086205703,0.0151968537583684,0.041703722987234,validation
2023,300,large,common_eligible,0.8,10,319,0.005572809878225,-0.0698308214495436,0.1062920154440278,0.4347384153412177,4.804,195,195,0.4,0.0005922615761349,-0.0100148624344174,1.0319489950571572,3.730346721578007,3.6148557142316826,7.158974358974359,10.0,0.0461538461538461,0.4615384615384615,0.4923076923076923,0.0379305606701024,-0.0268718227297777,17.636640757534312,125.41118365050929,0.0044436307161848,0.0128187656797043,validation
2023,300,large,common_eligible,0.8,20,319,0.0411309619093882,-0.0708016589636567,0.4081129348686185,0.5935539954763938,6.96,176,176,0.3352272727272727,0.001023308409732,-0.0192030206405317,1.0432675077213105,4.342631845552633,4.162529565439784,10.886363636363637,11.0,0.1477272727272727,0.6022727272727273,0.25,0.0478668338803278,-0.0314014361626074,14.362757945355536,161.0006179677518,0.025547083252579,0.069296074532151,validation
2023,300,large,common_eligible,0.8,40,319,0.0605394663143776,-0.1022399440979453,0.5542765212547918,0.6862819456905074,8.128,150,150,0.32,0.0052327448399565,-0.0216862556502299,1.1974456861072356,4.760241557039723,3.9753298310462384,14.546666666666669,11.0,0.2333333333333333,0.68,0.0866666666666666,0.0554798075493031,-0.0328832527785542,11.939859028704678,180.76055412801463,0.0334915250765958,0.0882136951067035,validation
2023,300,large,common_eligible,1.0,10,319,0.0012035767723972,-0.0778618385289922,0.0617760305153725,0.4405551421800348,4.868,195,195,0.4,0.0005887158229662,-0.0100148624344175,1.031757722729139,3.729655299710098,3.614855714231685,7.241025641025641,10.0,0.0153846153846153,0.4615384615384615,0.5230769230769231,0.0386620227814589,-0.0269615135602093,17.627619298482294,126.77485256186608,0.0009493813229322,0.002731954884107,validation
2023,300,large,common_eligible,1.0,20,319,0.0702158177291434,-0.0844995424102772,0.6196991767731421,0.6247978842757785,7.256,173,173,0.3294797687861271,0.0017552039082299,-0.0189041846170477,1.0729517019890522,4.465996977361186,4.162346701237401,11.485549132947977,12.0,0.0693641618497109,0.6011560693641619,0.3294797687861271,0.0512364444473383,-0.0316750043469926,14.071008777496,168.254141918494,0.041731999538625,0.1123816509246548,validation
2023,300,large,common_eligible,1.0,40,319,0.0988039541828842,-0.1049921523092711,0.8194885058549531,0.7233742606382486,9.228,149,149,0.2885906040268456,0.004210767801997,-0.0250554308665642,1.1495330543542197,4.823161689788256,4.195757287290702,16.483221476510067,12.0,0.1677852348993288,0.697986577181208,0.1342281879194631,0.061967559905744,-0.034008490514397,10.981087609768272,188.3924454115496,0.0524458154184705,0.1365876000283828,validation
2023,300,large,target_specific,0.5,10,319,-0.0119061765886359,-0.0866172952020543,-0.0909191659335102,0.3782686944028399,4.008,200,200,0.43,-0.0004191522881005,-0.0080007802148775,0.9764635348780124,3.4778963006512025,3.561726758271305,6.01,6.0,0.25,0.465,0.285,0.0301906338838247,-0.0259917715480296,19.081471153848877,113.29034121751424,-0.0105094366039346,-0.0314754479152227,validation
2023,300,large,target_specific,0.5,20,319,-0.008374567598642,-0.076950686307649,-0.0404176690733073,0.4556458239613237,4.976,191,191,0.4031413612565445,-5.085697144860881e-05,-0.0153341906732891,0.9976333681759848,4.0947192294432,4.104432910989884,7.513089005235602,6.0,0.3560209424083769,0.5759162303664922,0.0680628272251308,0.0335480946903149,-0.0284372827024781,17.85206367737384,131.27911247666532,-0.006379207964352,-0.0183795552559545,validation
2023,300,large,target_specific,0.5,40,319,0.0072169679053428,-0.0846649341529477,0.125719317657211,0.4493373361460782,4.964,175,175,0.4114285714285714,0.0008618698185423,-0.016020880519604,1.0395877289307822,3.960775965459546,3.80994874721464,8.09142857142857,6.0,0.4,0.5885714285714285,0.0114285714285714,0.0348993138250204,-0.0282446699326774,16.045018756873812,128.02403219749877,0.0056371977834673,0.0160613581930272,validation
2023,300,large,target_specific,0.6,10,321,0.0083634214601913,-0.0655156340780409,0.1361791772233072,0.4023385453674671,4.372,202,202,0.4158415841584158,0.0005757930387685,-0.0090270523621907,1.0319043696150534,3.76189840744004,3.645588213608784,6.410891089108911,7.0,0.1881188118811881,0.4653465346534653,0.3465346534653465,0.0334041430558823,-0.0261406569263002,18.56142164945219,118.61868661671916,0.0070506778474248,0.0207870251470754,validation
2023,300,large,target_specific,0.6,20,321,-0.0003735549370942,-0.0777479863170204,0.0486988410262284,0.5281500423100506,5.804,186,186,0.3709677419354839,-1.8809284144685837e-05,-0.0168690536234201,0.9991467867386944,4.096914593261153,4.100413120112065,8.801075268817204,7.0,0.2688172043010752,0.5860215053763441,0.1451612903225806,0.0390264573329337,-0.0294817594412626,16.749185306581555,147.75630655291442,-0.0002528182693579,-0.000707289419992,validation
2023,300,large,target_specific,0.6,40,321,0.0229732297463101,-0.1009641185958718,0.2699337676052258,0.5496733122927319,6.228,167,167,0.3652694610778443,0.0016481377386636,-0.0183726774245014,1.069687730307437,4.224843920504972,3.9496049181481374,10.323353293413174,7.0,0.3413173652694611,0.6347305389221557,0.0239520958083832,0.041553567700265,-0.029903741947455,14.489106999260986,150.94351086205702,0.0152197531481195,0.0417943335296503,validation
2023,300,large,target_specific,0.8,10,321,0.0100059634508311,-0.0657300912224422,0.1513210019956305,0.4379615430535624,4.844,197,197,0.4060913705583756,0.0008234681661543,-0.0096226995263156,1.0448768198669014,3.7770789429640974,3.6148557142316826,7.147208121827411,10.0,0.0507614213197969,0.4568527918781725,0.4923857868020304,0.0378680885797746,-0.0267746886425002,17.787684744482508,126.3616371433517,0.0079185136225164,0.0228466713791065,validation
2023,300,large,target_specific,0.8,20,321,0.0433972187577738,-0.0708016589636567,0.426739034525801,0.5939445071735492,6.964,177,177,0.3389830508474576,0.0011437438673737,-0.018904184617048,1.0486345289186587,4.364972229964936,4.162529565439783,10.836158192090396,11.0,0.1525423728813559,0.5988700564971752,0.2485875706214689,0.0477283969209106,-0.0312705698297006,14.45902229981873,161.21638055860365,0.0269186162146832,0.073066116840261,validation
2023,300,large,target_specific,0.8,40,321,0.0606982642668052,-0.1022399440979453,0.5570137153239354,0.6845873200674949,8.132,151,151,0.3245033112582781,0.0053460404662634,-0.0216738128233552,1.2030654422939622,4.782581941452024,3.9753298310462384,14.463576158940397,11.0,0.23841059602649,0.6754966887417219,0.086092715231788,0.0552671167182712,-0.0327200398147101,11.938997257764202,180.3608151309679,0.0336537979287405,0.0886640206260625,validation
2023,300,large,target_specific,1.0,10,322,0.0089264160478887,-0.0707488747161825,0.1397346174800625,0.4444150353245193,4.912,198,198,0.4090909090909091,0.000935898528165,-0.0090270523621908,1.0512628783071805,3.80016362280836,3.614855714231685,7.202020202020202,10.0,0.0252525252525252,0.4545454545454545,0.5202020202020202,0.0385224707479206,-0.0268509536459646,17.88150225382583,128.0012478983742,0.006973694549428,0.0200857651932738,validation
2023,300,large,target_specific,1.0,20,322,0.0747398368958445,-0.0844995424102772,0.6538031681021766,0.6255418266832754,7.264,175,175,0.3371428571428571,0.0019986672128471,-0.0183726774245012,1.084031145734275,4.51211346348566,4.162346701237401,11.377142857142855,12.0,0.08,0.5942857142857143,0.3257142857142857,0.0509261087292068,-0.0314994245409264,14.242326721507542,168.65517049870408,0.0443151767448593,0.1194801589721462,validation
2023,300,large,target_specific,1.0,40,322,0.1075843143715882,-0.1049921523092711,0.8864318990733635,0.7213441984821362,9.236,150,150,0.2933333333333333,0.0044771582348646,-0.0245330018134042,1.1600601963473791,4.867331022520398,4.195757287290702,16.393333333333334,12.0,0.1733333333333333,0.6933333333333334,0.1333333333333333,0.0618558714111342,-0.0338366878792217,10.933992588456803,187.9634446186301,0.0572368284641049,0.1491442151998572,validation
2023,500,small,common_eligible,0.5,10,555,-0.0146043500762594,-0.0825423301936671,-0.1531486979364872,0.3026512875717383,3.296,450,450,0.5133333333333333,0.0002711133165929,0.0010352912363966,1.0273496232050994,4.582793433807687,4.46079244134086,2.831111111111111,2.0,0.5111111111111111,0.46,0.0288888888888888,0.0144618353997648,-0.0146788908216716,39.78948957425766,115.46813958696164,-0.0126479478482119,-0.0482547098789321,validation
2023,500,small,common_eligible,0.5,20,555,-0.0446169410032167,-0.0943361044680206,-0.5644254413812777,0.3117927374049876,3.404,435,435,0.503448275862069,-0.0004540692874841,0.0002069802415878,0.9568024608393088,4.374965790701677,4.572485930757273,2.95632183908046,2.0,0.5103448275862069,0.4873563218390804,0.0022988505747126,0.0144053402885039,-0.0149959794348702,38.215799448283725,116.17427870735818,-0.0384051801307984,-0.1430980765445599,validation
2023,500,small,common_eligible,0.5,40,555,-0.036926955130809,-0.0943361044680206,-0.4658975834907515,0.2880633989130532,3.168,414,414,0.5072463768115942,-0.000286620331352,0.0005813424412257,0.9726638540381992,4.222141918713718,4.340802735893487,2.9130434782608696,2.0,0.5144927536231884,0.4855072463768116,0.0,0.0144752167153833,-0.0149644884507913,36.066355786991465,108.17427870735818,-0.0341365392698451,-0.1281903750012848,validation
2023,500,small,common_eligible,0.6,10,555,0.0178769405433572,-0.0910675760673682,0.2508486586804099,0.392600019668018,4.484,427,427,0.4285714285714285,0.000270850286285,-0.0080291105112649,1.022553182103593,5.243668786942857,5.128015714699161,3.6252927400468384,3.0,0.3981264637002342,0.5339578454332553,0.0679156908665105,0.0183488432178899,-0.0162892960135404,36.48665975916363,134.3962865453601,0.0133016625703594,0.0455347418435534,validation
2023,500,small,common_eligible,0.6,20,555,-0.0170627226401522,-0.0986453490602998,-0.1581802184995841,0.422343400213333,4.884,413,413,0.4164648910411622,-0.0007519618243518,-0.0095487172139913,0.942987717577296,5.136691135199581,5.44725136865691,3.956416464891041,3.0,0.4140435835351089,0.5786924939467313,0.0072639225181598,0.0184521839374648,-0.0168847044631846,34.69327733384364,140.10491810057752,-0.0121785322538809,-0.0404001166622554,validation
2023,500,small,common_eligible,0.6,40,555,-0.0031585212110952,-0.0986453490602998,0.0052833202914106,0.3913576313358464,4.604,392,392,0.4183673469387755,-0.0005574369132113,-0.0095973504479621,0.957886898376049,4.970256431760963,5.188771701739813,3.936224489795918,3.0,0.4183673469387755,0.5816326530612245,0.0,0.0186515544990404,-0.0169719020724508,32.33712113805794,130.20663704831588,-0.0024257758918412,-0.0080706774525236,validation
2023,500,small,common_eligible,0.8,10,555,0.0498432586944801,-0.095783517353468,0.5356052187548881,0.5115912747286568,6.056,402,402,0.3606965174129353,0.0017989444658373,-0.0097307813936021,1.1359112898078605,6.044114622200034,5.320938946933433,4.766169154228856,4.0,0.2611940298507462,0.5746268656716418,0.1641791044776119,0.0248468330055104,-0.0176876300685644,33.05980493089756,160.42110097771072,0.031070263444586,0.0974278904989467,validation
2023,500,small,common_eligible,0.8,20,555,0.0050816563413185,-0.1118607000986512,0.1010758658755373,0.5611468838378231,7.2,396,396,0.3333333333333333,0.0009275683979166,-0.0127223487871409,1.059291558649428,6.562416252166792,6.195099166591793,5.545454545454546,4.0,0.3207070707070707,0.6616161616161617,0.0176767676767676,0.0258268905663613,-0.0190044430714186,29.873244599953445,169.6792407033959,0.002994860373168,0.0090558399016026,validation
2023,500,small,common_eligible,0.8,40,555,0.0245436759030404,-0.1110581487393426,0.2924647044498155,0.5201529818636982,6.888,375,375,0.336,0.0016093985115354,-0.0125746192067736,1.1021977420915567,6.508982130755211,5.905457688929403,5.592,4.0,0.336,0.664,0.0,0.0262527245143444,-0.0191886199216117,27.41615695215598,157.33862436469292,0.0155992694115279,0.0471854949578504,validation
2023,500,small,common_eligible,1.0,10,555,0.0528955270504023,-0.0927980540693177,0.5348080297210586,0.5605593488659523,7.124,408,408,0.3284313725490196,0.0015629110389288,-0.0108780758976013,1.1085469031155228,6.5122498944435545,5.874582190560597,5.365196078431373,4.0,0.1666666666666666,0.5931372549019608,0.2401960784313725,0.0280053546411464,-0.0186242694279273,31.330580774404783,170.57049486878236,0.0310109477557031,0.0943620459767791,validation
2023,500,small,common_eligible,1.0,20,555,-0.0105763652302632,-0.1094134747703078,-0.0386942114911544,0.6194757285552501,9.004,403,403,0.2878411910669975,0.0004130828701433,-0.0144535596766598,1.023826081597908,7.153454120190798,6.986981723523047,6.58560794044665,4.0,0.2332506203473945,0.7047146401985112,0.0620347394540942,0.0300903381609315,-0.0203114629958011,26.798402213321992,180.55135131796573,-0.0058578156037378,-0.0170730905873094,validation
2023,500,small,common_eligible,1.0,40,555,0.0127141339524377,-0.1127078704387046,0.1708947433477043,0.5853219775544595,9.156,377,377,0.2838196286472148,0.0016950784497771,-0.0152686871372376,1.094513557743956,7.400450989841515,6.7614064142755295,7.071618037135279,4.0,0.2785145888594164,0.7161803713527851,0.0053050397877984,0.0315712888386809,-0.0209091727330924,23.67006392427944,169.19743243024948,0.0075143775941629,0.0217216069787072,validation
2023,500,small,target_specific,0.5,10,555,-0.0146043500762594,-0.0825423301936671,-0.1531486979364872,0.3026512875717383,3.296,450,450,0.5133333333333333,0.0002711133165929,0.0010352912363966,1.0273496232050994,4.582793433807687,4.46079244134086,2.831111111111111,2.0,0.5111111111111111,0.46,0.0288888888888888,0.0144618353997648,-0.0146788908216716,39.78948957425766,115.46813958696164,-0.0126479478482119,-0.0482547098789321,validation
2023,500,small,target_specific,0.5,20,555,-0.0446169410032167,-0.0943361044680206,-0.5644254413812777,0.3117927374049876,3.404,435,435,0.503448275862069,-0.0004540692874841,0.0002069802415878,0.9568024608393088,4.374965790701677,4.572485930757273,2.95632183908046,2.0,0.5103448275862069,0.4873563218390804,0.0022988505747126,0.0144053402885039,-0.0149959794348702,38.215799448283725,116.17427870735818,-0.0384051801307984,-0.1430980765445599,validation
2023,500,small,target_specific,0.5,40,555,-0.036926955130809,-0.0943361044680206,-0.4658975834907515,0.2880633989130532,3.168,414,414,0.5072463768115942,-0.000286620331352,0.0005813424412257,0.9726638540381992,4.222141918713718,4.340802735893487,2.9130434782608696,2.0,0.5144927536231884,0.4855072463768116,0.0,0.0144752167153833,-0.0149644884507913,36.066355786991465,108.17427870735818,-0.0341365392698451,-0.1281903750012848,validation
2023,500,small,target_specific,0.6,10,591,0.0154460103872908,-0.0958599547517919,0.2234526488486498,0.3933708252578443,4.548,460,460,0.4521739130434782,0.0001742967678664,-0.0054997500814194,1.015106326607729,5.387655644349348,5.307479131130781,3.4717391304347824,3.0,0.4347826086956521,0.5021739130434782,0.0630434782608695,0.0174349746102471,-0.0161601723723504,38.86864976345367,137.00512755524068,0.0112740381786535,0.0392657751808777,validation
2023,500,small,target_specific,0.6,20,591,-0.0194246305733284,-0.1041144822223052,-0.1872040363769448,0.4228164709065728,4.948,446,446,0.4417040358744394,-0.0007758672477185,-0.0078214913559928,0.9385010959859734,5.280677992606067,5.626714785088531,3.773542600896861,3.0,0.4506726457399103,0.5426008968609866,0.0067264573991031,0.0175019825848602,-0.0167074727282393,37.123726237145256,142.6840219888419,-0.0136137391577365,-0.0459410451340259,validation
2023,500,small,target_specific,0.6,40,591,-0.0091753137229979,-0.1041144822223052,-0.067256585055047,0.3919506812895313,4.668,420,420,0.4380952380952381,-0.0006711094363467,-0.0082745688574041,0.9474937373157316,5.086369154905811,5.368235118171436,3.778571428571429,3.0,0.45,0.55,0.0,0.0177705615440035,-0.0169165916701355,34.24765927926944,132.2878747279731,-0.006935869021908,-0.0234093577610602,validation
2023,500,small,target_specific,0.8,10,615,0.0485507249196697,-0.102220022241527,0.5186515314433531,0.5241462482350954,6.536,452,452,0.4048672566371681,0.0015773361268991,-0.0085390003127761,1.120804637813514,6.614682404951243,5.9017264755928265,4.615044247787611,4.0,0.3163716814159292,0.5376106194690266,0.1460176991150442,0.0236975939515016,-0.0180657614135504,35.40762708601389,166.01612347215365,0.0292445841429451,0.0926282026879895,validation
2023,500,small,target_specific,0.8,20,615,0.0033709963151538,-0.1176870258801953,0.0844579135983254,0.5619780975648954,7.68,446,446,0.3811659192825112,0.0008006666808672,-0.0109519191000004,1.0527011970133862,7.132984034917998,6.775886695251184,5.304932735426009,4.0,0.3699551569506726,0.6143497757847534,0.0156950672645739,0.024552318973414,-0.0192400366090664,32.22688032493766,172.3820860707475,0.0019555374876774,0.0059984478572397,validation
2023,500,small,target_specific,0.8,40,615,0.0274534174413167,-0.1167415075154592,0.3203397598670487,0.5211790729969299,7.32,420,420,0.3833333333333333,0.001467064799859,-0.0109321254369848,1.0966133956499988,6.993825425708839,6.377658209768055,5.357142857142857,4.0,0.3833333333333333,0.6166666666666667,0.0,0.0249049398757119,-0.0193722452273116,29.41295305062281,159.77294336548326,0.017182770037926,0.0526755943661585,validation
2023,500,small,target_specific,1.0,10,620,0.079574805604764,-0.0941202357142138,0.7588026407371385,0.5752823058554442,8.076,466,466,0.3733905579399141,0.002132548267985,-0.0093772998523784,1.1497553147017587,7.62970889409365,6.635941401212624,5.332618025751073,4.0,0.223175965665236,0.5515021459227468,0.2253218884120171,0.0276092394191839,-0.0192864664358428,32.928600849635785,176.03981497253687,0.0452027319031084,0.1383230542549651,validation
2023,500,small,target_specific,1.0,20,620,0.0241810523894341,-0.1122470854312011,0.2696415984944499,0.6222750504576544,9.9,458,458,0.3362445414847161,0.0011620382496608,-0.0135628530137885,1.0685204238108683,8.299438073372338,7.76722455502766,6.403930131004367,4.0,0.2882096069868995,0.6572052401746725,0.0545851528384279,0.0294748913448218,-0.0206745886864768,28.49874785749352,183.23258184305257,0.0131969173529118,0.038859106389771,validation
2023,500,small,target_specific,1.0,40,620,0.0225277699775587,-0.1184683872676325,0.257132824479072,0.5893159273519545,9.98,426,426,0.3286384976525822,0.0021619554885179,-0.0139063367436713,1.1234331912011015,8.38246291623995,7.461469878131309,6.856807511737089,4.0,0.323943661971831,0.6713615023474179,0.0046948356807511,0.0307311429303948,-0.0213456673926275,25.228984477554057,172.01901742707523,0.0130960926963259,0.0382269830696509,validation
2023,500,large,common_eligible,0.5,10,584,0.0884085804302388,-0.0565445746921606,0.8681705044148625,0.5256166046806289,6.768,347,347,0.4610951008645533,0.0022959320762346,-0.0051032186851434,1.1386061068145628,6.544547949509881,5.747859519056442,5.876080691642652,5.0,0.2853025936599423,0.4380403458213256,0.276657060518732,0.0302582708352616,-0.0244840286371339,26.859211179401832,157.99550244215726,0.0559563905704249,0.1681997479587939,validation
2023,500,large,common_eligible,0.5,20,584,0.0753574757121713,-0.0777264450258279,0.7196400087264192,0.5984111441719979,8.172,318,318,0.4150943396226415,0.0014691754147727,-0.0138193429072089,1.0721465653684474,6.942873782713231,6.4756760008155085,7.424528301886792,5.0,0.3773584905660377,0.5534591194968553,0.0691823899371069,0.0328095616951959,-0.0274396048610452,22.900212225428493,172.27352024547665,0.04374292439418,0.1259292652653403,validation
2023,500,large,common_eligible,0.5,40,584,0.0945543699579005,-0.0918433608955129,0.9108056636671168,0.6040964208587458,8.404,299,299,0.4147157190635451,0.0017003470588346,-0.015334190673289,1.080911516402287,6.791857513613874,6.283453743022312,8.02675585284281,5.0,0.4080267558528428,0.5819397993311036,0.0100334448160535,0.0338739693221801,-0.0277023204885935,20.55508133780084,171.58324985821966,0.0551069932735459,0.1565219834004114,validation
2023,500,large,common_eligible,0.6,10,584,0.1382710217140266,-0.0528631192827158,1.2445847978867584,0.5574634410024433,7.412,338,338,0.4349112426035503,0.0030633916968885,-0.0079334752680184,1.177055904733673,6.88344595045511,5.848019556906769,6.482248520710059,7.0,0.1982248520710059,0.4526627218934911,0.3491124260355029,0.0342923366595088,-0.0256090571860017,24.77075571068704,163.71293194783075,0.0844594376686677,0.2480360352696574,validation
2023,500,large,common_eligible,0.6,20,584,0.1483390362778149,-0.0706466027755304,1.2741368810783036,0.6361475230091488,9.568,306,306,0.3790849673202614,0.0022920117998648,-0.0163339117377486,1.1069657379075075,7.25818048271058,6.556824871951941,8.816993464052288,7.0,0.284313725490196,0.5784313725490197,0.1372549019607843,0.0386921965835221,-0.0291040090705311,20.074246695109792,178.79936792623425,0.0829639601069585,0.2331833905068614,validation
2023,500,large,common_eligible,0.6,40,584,0.1545764207990607,-0.0744477779281482,1.319716302467042,0.680864660478064,10.308,283,283,0.3674911660777385,0.003061084332476,-0.0178821936076413,1.1330326453608066,7.378123594144951,6.511836728054236,10.10600706713781,7.0,0.3462897526501767,0.6325088339222615,0.0212014134275618,0.0405679502013058,-0.0295479571558322,17.636036737187098,187.76290300149813,0.082325325358773,0.2270295842503061,validation
2023,500,large,common_eligible,0.8,10,584,0.1420359688458623,-0.0556656496459022,1.2441883921307562,0.5797686955222142,7.864,318,318,0.4308176100628931,0.0049806402273804,-0.0065157841852549,1.293187352497963,6.985998831312325,5.402155239005348,7.182389937106918,10.0,0.0628930817610062,0.4465408805031446,0.490566037735849,0.0395397190134857,-0.0253188494678836,22.511023151805173,166.54429988469064,0.0852841970239768,0.2449873025964716,validation
2023,500,large,common_eligible,0.8,20,584,0.1941780354008011,-0.0773444718335742,1.4916523374750463,0.6982267943385888,10.64,272,272,0.3786764705882353,0.007806827796815,-0.0156630822372056,1.3740451144736747,7.800465303779852,5.677008143046165,10.779411764705882,10.0,0.1764705882352941,0.5698529411764706,0.2536764705882353,0.0497754020629909,-0.0287713121484877,16.644207663279186,189.96701287090227,0.1022167125051129,0.2781016669300706,validation
2023,500,large,common_eligible,0.8,40,584,0.1968030228697057,-0.1008362459098737,1.5074193473575657,0.7522937412987902,13.38,263,263,0.3307984790874524,0.008729986997155,-0.0212621786884341,1.353712181677141,8.787101953675613,6.491115373423838,13.718631178707223,10.0,0.2509505703422053,0.6692015209125475,0.0798479087452471,0.054204565498558,-0.0307177559771793,13.991598033575553,200.30201826082623,0.0982531402221997,0.2616039614126486,validation
2023,500,large,common_eligible,1.0,10,584,0.1575028619696739,-0.0545229776027199,1.3483182896068682,0.5786114999769061,8.024,319,319,0.4294670846394984,0.0054783788564749,-0.0066005272194976,1.322184416112189,7.171834344447374,5.424231489231858,7.288401253918495,10.0,0.0250783699059561,0.4482758620689655,0.5266457680250783,0.0409202322893795,-0.0255054821975442,22.153591863220797,165.74429412898496,0.0950276223971261,0.2722083159010152,validation
2023,500,large,common_eligible,1.0,20,584,0.2292815631444429,-0.0919483365229968,1.705330221807683,0.7106255803159881,11.504,275,275,0.3490909090909091,0.0059386405589891,-0.0174985154830719,1.2664382281252409,7.762600010432776,6.1294738567107725,11.45818181818182,12.0,0.0872727272727272,0.5890909090909091,0.3236363636363636,0.052424865747733,-0.0296176691695964,15.680867408272972,191.6627698187042,0.119627595573894,0.3226474946799553,validation
2023,500,large,common_eligible,1.0,40,584,0.2463882107134345,-0.1008034527373801,1.751027662517325,0.7943706863871233,15.016,254,254,0.3110236220472441,0.0110516986849951,-0.0221563876147864,1.4259281187868675,9.397754019822676,6.590622553833901,15.77952755905512,12.0,0.1850393700787401,0.6889763779527559,0.1259842519685039,0.062107128478844,-0.0314444542947852,12.176940022905454,208.5906134055424,0.1181204689371165,0.3101678031877442,validation
2023,500,large,target_specific,0.5,10,584,0.0884085804302388,-0.0565445746921606,0.8681705044148625,0.5256166046806289,6.768,347,347,0.4610951008645533,0.0022959320762346,-0.0051032186851434,1.1386061068145628,6.544547949509881,5.747859519056442,5.876080691642652,5.0,0.2853025936599423,0.4380403458213256,0.276657060518732,0.0302582708352616,-0.0244840286371339,26.859211179401832,157.99550244215726,0.0559563905704249,0.1681997479587939,validation
2023,500,large,target_specific,0.5,20,584,0.0753574757121713,-0.0777264450258279,0.7196400087264192,0.5984111441719979,8.172,318,318,0.4150943396226415,0.0014691754147727,-0.0138193429072089,1.0721465653684474,6.942873782713231,6.4756760008155085,7.424528301886792,5.0,0.3773584905660377,0.5534591194968553,0.0691823899371069,0.0328095616951959,-0.0274396048610452,22.900212225428493,172.27352024547665,0.04374292439418,0.1259292652653403,validation
2023,500,large,target_specific,0.5,40,584,0.0945543699579005,-0.0918433608955129,0.9108056636671168,0.6040964208587458,8.404,299,299,0.4147157190635451,0.0017003470588346,-0.015334190673289,1.080911516402287,6.791857513613874,6.283453743022312,8.02675585284281,5.0,0.4080267558528428,0.5819397993311036,0.0100334448160535,0.0338739693221801,-0.0277023204885935,20.55508133780084,171.58324985821966,0.0551069932735459,0.1565219834004114,validation
2023,500,large,target_specific,0.6,10,591,0.1417318443685731,-0.052863119282716,1.2766671066482358,0.554381481829245,7.452,344,344,0.4418604651162791,0.0032073502973239,-0.0065157841852548,1.1887316657123328,6.9493453755748735,5.846016873295425,6.415697674418604,7.0,0.2093023255813953,0.4447674418604651,0.3459302325581395,0.0339392211538324,-0.0253251836735226,25.033653495956816,163.21342053841894,0.086838351834683,0.2556576094513704,validation
2023,500,large,target_specific,0.6,20,591,0.1479408120560392,-0.0706465864703861,1.272970976180311,0.6366609327844295,9.572,310,310,0.3838709677419354,0.002354535331433,-0.0156630822372056,1.111309010467877,7.287380048292663,6.557474095548432,8.719354838709677,7.0,0.2935483870967741,0.5709677419354838,0.1354838709677419,0.0382980453881085,-0.0288808767089573,20.39101294382736,179.25961377275132,0.0825288021894239,0.2323698603729646,validation
2023,500,large,target_specific,0.6,40,591,0.1531767568012654,-0.0745329090793172,1.310671946268035,0.6811016890223601,10.312,287,287,0.3728222996515679,0.0031178996797083,-0.0174985154830717,1.1374033225898152,7.407323159727032,6.512485951650728,9.982578397212544,7.0,0.3554006968641115,0.6236933797909407,0.0209059233449477,0.0401160690687296,-0.0293007556769851,17.910173053609366,188.1155544836498,0.0814269491014252,0.224895576196753,validation
2023,500,large,target_specific,0.8,10,591,0.143582759420352,-0.0556656496459022,1.2529811658806091,0.5809819521891345,7.976,323,323,0.4396284829721362,0.005290885943665,-0.006145651329528,1.3163471029978118,7.111111398809146,5.402155239005351,7.173374613003096,10.0,0.0681114551083591,0.4396284829721362,0.4922600619195046,0.0395461775651008,-0.0251614595406962,22.672459687045297,167.02037152326105,0.0859672135266177,0.2471380718098618,validation
2023,500,large,target_specific,0.8,20,591,0.1960991569797654,-0.0773447642643808,1.5099983341199146,0.6972994919848774,10.788,276,276,0.3876811594202898,0.0082891282184046,-0.0152315292315802,1.402993853563876,7.964807531325839,5.677008143046162,10.771739130434783,10.0,0.1884057971014492,0.5615942028985508,0.25,0.0496645617979971,-0.0285332756167345,16.763711813907978,189.8694314169556,0.1032810576807012,0.2812265880497993,validation
2023,500,large,target_specific,0.8,40,591,0.1978495263730963,-0.1013872070251465,1.5148460846462886,0.7548381233838503,13.528,267,267,0.3408239700374532,0.0092147146359466,-0.0204527989894008,1.379030207639034,8.951444181221598,6.4911153734238365,13.666666666666666,10.0,0.2621722846441947,0.6591760299625468,0.0786516853932584,0.0540236345364586,-0.0304425355349372,14.153646707408653,201.10385688264975,0.098381766237605,0.2621085504878321,validation
2023,500,large,target_specific,1.0,10,592,0.1693889805590875,-0.0545229776027195,1.4284324195076126,0.5819643201005809,8.144,325,325,0.44,0.0059086131623102,-0.0061456513295279,1.3540223682493988,7.344530766982686,5.424231489231859,7.264615384615385,10.0,0.0338461538461538,0.44,0.5261538461538462,0.0409291416389436,-0.0253427432900577,22.37748237334584,166.83372075346637,0.1015316207023861,0.2910642022346182,validation
2023,500,large,target_specific,1.0,20,592,0.2365309174179184,-0.0919481252116828,1.75936073205031,0.711570581410423,11.668,280,280,0.3607142857142857,0.0066561141453538,-0.0170011292552252,1.3040574124740938,7.993185817409854,6.1294738567107725,11.417857142857144,12.0,0.0964285714285714,0.5785714285714286,0.325,0.0523869424809841,-0.0293522558387978,15.743938349869302,192.03381633091448,0.1231714923637856,0.3324068245613586,validation
2023,500,large,target_specific,1.0,40,592,0.2522836412481721,-0.1021902837855498,1.7883932697190852,0.7963857165101874,15.416,260,260,0.3192307692307692,0.0117771590755534,-0.0219414034799975,1.4612496325088014,9.7006820626869,6.638620703042997,15.823076923076924,12.0,0.1961538461538461,0.676923076923077,0.1269230769230769,0.0622302936434378,-0.0311401172392602,12.314439402925451,209.34936338276088,0.1205084348820841,0.3167857434129972,validation
2024,300,small,common_eligible,0.5,10,379,0.0393519004734068,-0.0506285631392448,0.7193850283491066,0.2118918279796629,2.1984126984126986,295,295,0.5491525423728814,0.0014524091328299,0.0020552966360856,1.15773749142945,3.1447502097720115,2.7162895155871745,2.8779661016949154,2.0,0.559322033898305,0.4101694915254237,0.0305084745762711,0.0146009806067716,-0.0141016575670533,28.55106326363192,81.93939752590168,0.0480256160792095,0.1857169332513559,validation
2024,300,small,common_eligible,0.5,20,379,0.042229396354716,-0.0501274742674999,0.7629558825486363,0.2098274116176427,2.1785714285714284,287,287,0.5609756097560976,0.0015453030691842,0.0027344364350165,1.1660742163937612,3.1140067135371754,2.670504732681298,2.912891986062718,2.0,0.5749128919860628,0.4216027874564459,0.0034843205574912,0.014752033159723,-0.0140134644374423,27.72706158553362,80.60640489678663,0.0523896288499519,0.2012577671770949,validation
2024,300,small,common_eligible,0.5,40,379,0.0443780480167541,-0.0501274742674999,0.8463651651916423,0.1798681280011358,1.8928571428571428,260,260,0.5653846153846154,0.0017769082811577,0.0033970550457195,1.1949596315467663,2.831697764843083,2.369701611742071,2.8346153846153848,2.0,0.5846153846153846,0.4153846153846154,0.0,0.0146313654080434,-0.0138461804392439,24.846496446968956,70.26178109974738,0.0631610063424847,0.2467254677631043,validation
2024,300,small,common_eligible,0.6,10,379,0.0533194802172998,-0.067016718246665,0.7736724869447178,0.2805819212740936,2.984126984126984,289,289,0.4878892733564013,0.0022311090471465,-0.001352359065239,1.198365031930836,3.895315611458792,3.2505250968334423,3.602076124567474,3.0,0.4705882352941176,0.4740484429065744,0.0553633217993079,0.0194861050694922,-0.0159926053735713,27.41259819915769,98.00897962163212,0.0544026480258665,0.1900317738761697,validation
2024,300,small,common_eligible,0.6,20,379,0.0608833588322672,-0.0629168648743291,0.858121273414053,0.2909130755279591,3.0873015873015874,281,281,0.505338078291815,0.0024895684202418,0.0033212185136604,1.2166920396463994,3.927969396594903,3.228400670506949,3.768683274021353,3.0,0.498220640569395,0.494661921708185,0.0071174377224199,0.0198364717031927,-0.0160914180534306,26.568439941869755,99.77007176922442,0.0610236694758474,0.2092836794007076,validation
2024,300,small,common_eligible,0.6,40,379,0.0637655597588782,-0.0588097920715148,0.9339793246252018,0.2510449292609628,2.7063492063492065,255,255,0.5098039215686274,0.002848689424509,0.0044526310851011,1.251491296612965,3.614848973832729,2.88843317058293,3.674509803921569,3.0,0.5098039215686274,0.4901960784313725,0.0,0.0199240610801049,-0.0158990323932073,23.75086395717319,86.98479225556744,0.0733065609578402,0.2540005884468334,validation
2024,300,small,common_eligible,0.8,10,379,0.0851292383495945,-0.0706690462056853,0.9643782903642236,0.3777978081832677,4.25,286,286,0.4055944055944055,0.0039523313602165,-0.0096052759398738,1.286726522931091,5.072683501588768,3.942316732566825,4.744755244755245,4.0,0.3216783216783216,0.5384615384615384,0.1398601398601398,0.026955048328435,-0.0178143602047457,25.90704243435665,120.70771631737657,0.0705251005874093,0.2253301541344537,validation
2024,300,small,common_eligible,0.8,20,379,0.0875390622222909,-0.0703003222895838,0.9396376674046064,0.4258515316790879,4.924603174603175,276,276,0.4094202898550724,0.0042493178720193,-0.0104709957281297,1.2913644201272916,5.198051781427806,4.025240048750474,5.496376811594203,4.0,0.394927536231884,0.5760869565217391,0.0289855072463768,0.0282632896218622,-0.0184530926874718,24.63034498829305,131.5091029439272,0.0665650211754663,0.2055623984188423,validation
2024,300,small,common_eligible,0.8,40,379,0.0759490773778952,-0.0892627183838541,0.8563599737302275,0.3804136634940036,4.535714285714286,250,250,0.416,0.0043184922994316,-0.0103331040201504,1.2828951024471396,4.895960174789344,3.816337099931425,5.572,4.0,0.412,0.584,0.004,0.0286836241646674,-0.0189329032796238,21.782835440027608,117.33663678407244,0.0647275049460125,0.1996486579381038,validation
2024,300,small,common_eligible,1.0,10,379,0.0756883021435412,-0.0580260651788996,0.8392009387023549,0.4421964956203881,5.166666666666667,286,286,0.3671328671328671,0.0038272595205538,-0.0116766933490184,1.2606958059403937,5.293345101595264,4.1987488787168505,5.5524475524475525,5.0,0.1958041958041958,0.5629370629370629,0.2412587412587412,0.0321453795023642,-0.0187312483428982,24.822679613221467,135.5180472169289,0.0558510867725123,0.1711644096983466,validation
2024,300,small,common_eligible,1.0,20,379,0.0755946418814967,-0.0629613457010381,0.774340702063819,0.5460751851159708,6.7103174603174605,276,276,0.3514492753623188,0.0042163571272502,-0.013782371929533,1.25691858129238,5.693221780134692,4.529507213013629,7.126811594202898,5.0,0.286231884057971,0.6304347826086957,0.0833333333333333,0.0352516995993406,-0.0202621958853341,22.75263869335358,159.3068351731563,0.0474522275201376,0.1384326626478048,validation
2024,300,small,common_eligible,1.0,40,379,0.0485047588937559,-0.0829377798348982,0.5342678213428694,0.506174604590731,6.611111111111111,250,250,0.336,0.0040125571900918,-0.0144906319797653,1.2217644828146144,5.526583650699902,4.523444353176933,7.664,5.0,0.332,0.664,0.004,0.0364212005570189,-0.0213959285869006,19.927611921996878,146.4790463790419,0.0331137866423848,0.0958261407305777,validation
2024,300,small,target_specific,0.5,10,379,0.0393519004734068,-0.0506285631392448,0.7193850283491066,0.2118918279796629,2.1984126984126986,295,295,0.5491525423728814,0.0014524091328299,0.0020552966360856,1.15773749142945,3.1447502097720115,2.7162895155871745,2.8779661016949154,2.0,0.559322033898305,0.4101694915254237,0.0305084745762711,0.0146009806067716,-0.0141016575670533,28.55106326363192,81.93939752590168,0.0480256160792095,0.1857169332513559,validation
2024,300,small,target_specific,0.5,20,379,0.042229396354716,-0.0501274742674999,0.7629558825486363,0.2098274116176427,2.1785714285714284,287,287,0.5609756097560976,0.0015453030691842,0.0027344364350165,1.1660742163937612,3.1140067135371754,2.670504732681298,2.912891986062718,2.0,0.5749128919860628,0.4216027874564459,0.0034843205574912,0.014752033159723,-0.0140134644374423,27.72706158553362,80.60640489678663,0.0523896288499519,0.2012577671770949,validation
2024,300,small,target_specific,0.5,40,379,0.0443780480167541,-0.0501274742674999,0.8463651651916423,0.1798681280011358,1.8928571428571428,260,260,0.5653846153846154,0.0017769082811577,0.0033970550457195,1.1949596315467663,2.831697764843083,2.369701611742071,2.8346153846153848,2.0,0.5846153846153846,0.4153846153846154,0.0,0.0146313654080434,-0.0138461804392439,24.846496446968956,70.26178109974738,0.0631610063424847,0.2467254677631043,validation
2024,300,small,target_specific,0.6,10,395,0.0554236923374074,-0.065374485208962,0.805764067069292,0.2783233019053203,2.992063492063492,305,305,0.5147540983606558,0.0022692708643107,0.0014035889688155,1.212927940254645,3.9426527104482174,3.250525096833443,3.4721311475409835,2.0,0.4983606557377049,0.4491803278688525,0.0524590163934426,0.0186717404744366,-0.0156477668358399,28.43541282737895,98.45874404443222,0.0562912851218129,0.1991342153459409,validation
2024,300,small,target_specific,0.6,20,395,0.0630761614787025,-0.0612689566000207,0.8909480803945883,0.2886309195187673,3.095238095238096,296,296,0.5304054054054054,0.00252047725312,0.0023459602427661,1.231093145822689,3.97446193743048,3.22840067050695,3.635135135135135,2.0,0.5236486486486487,0.4695945945945945,0.0067567567567567,0.0190391853863882,-0.0157684099663446,27.48513170279966,100.11525907286864,0.0630035441778088,0.2185357049891572,validation
2024,300,small,target_specific,0.6,40,395,0.0659900809593452,-0.0573570257031521,0.9690103512557424,0.2489482269171567,2.7142857142857144,270,270,0.5370370370370371,0.0028626234966124,0.0025900602733508,1.2675874075803484,3.661341514668303,2.8884331705829305,3.533333333333333,2.0,0.5370370370370371,0.4629629629629629,0.0,0.0190451329674094,-0.0155556079158957,24.667196463774005,87.37730234983653,0.0755231383719512,0.2650755210291373,validation
2024,300,small,target_specific,0.8,10,404,0.0923932695730505,-0.0712744118890408,1.0170026865246782,0.3902037262605174,4.507936507936508,310,310,0.432258064516129,0.003934505356549,-0.0081681736816908,1.2873227991608185,5.464736260911916,4.24503960038172,4.664516129032258,4.0,0.3516129032258064,0.5096774193548387,0.1387096774193548,0.0267334384233825,-0.0183133842446021,27.225457790629527,125.23991131215564,0.0737730237949177,0.236782130346353,validation
2024,300,small,target_specific,0.8,20,404,0.10531351856968,-0.0684404481380072,1.0999746875399368,0.4352325291946143,5.166666666666667,298,298,0.4395973154362416,0.0047296571370764,-0.0095084450140122,1.3354051599551795,5.61163265008031,4.202194823231515,5.369127516778524,3.5,0.4261744966442953,0.5469798657718121,0.0268456375838926,0.0279600283894731,-0.0186135791964624,25.850151274774657,135.19529260697615,0.0778973265554704,0.2419706972834953,validation
2024,300,small,target_specific,0.8,40,404,0.0919936783693153,-0.0874526726678562,1.0006567936372726,0.3901041476166061,4.773809523809524,271,271,0.4464944649446494,0.0048272425756855,-0.0094584779539883,1.3275950717234395,5.301474612423249,3.993291874412468,5.439114391143911,4.0,0.4428044280442804,0.5535055350553506,0.003690036900369,0.028388381223587,-0.0190757931141675,22.9164827506395,121.0047679999442,0.0760248376075212,0.2358182524624851,validation
2024,300,small,target_specific,1.0,10,411,0.1019557571468168,-0.056218531630471,1.0760313212116863,0.4616074629518461,5.587301587301587,316,316,0.4050632911392405,0.004378723205825,-0.0100341156410231,1.3025075278019784,5.957700006421716,4.574023473381009,5.455696202531645,5.0,0.25,0.5253164556962026,0.2246835443037974,0.0316789879598776,-0.0194636659068378,26.187536075307836,141.90474493334446,0.0718480253741391,0.2208711195760122,validation
2024,300,small,target_specific,1.0,20,411,0.1123948502512897,-0.0592043188440757,1.1027325250295006,0.5605954549823277,7.063492063492063,302,302,0.3973509933774834,0.0054261391633356,-0.0116766933490184,1.3477615280315114,6.350813957910583,4.712119930583222,6.894039735099338,5.0,0.3377483443708609,0.5860927152317881,0.076158940397351,0.0346579169941104,-0.0205005494203818,23.967798338120534,164.3703789085419,0.0683790175563371,0.2004919041928958,validation
2024,300,small,target_specific,1.0,40,411,0.0865231529918912,-0.0798430215977485,0.8871311316161373,0.5193854286212587,7.0,277,277,0.3862815884476534,0.0053752479960652,-0.0130590415553891,1.3139069190508563,6.232208671076011,4.743264976165929,7.368231046931408,5.0,0.3826714801444043,0.6137184115523465,0.003610108303249,0.035713624554485,-0.0215685591789442,20.98340127533581,151.06167038494087,0.0572767087583566,0.1665875633468818,validation
2024,300,large,common_eligible,0.5,10,332,-0.0375498474225604,-0.0923101034332983,-0.4205952695091819,0.3120779554808203,3.123015873015873,162,162,0.4382716049382716,-0.0020752683272141,-0.008617752638486,0.8889857458620323,2.692187630510939,3.0283810995196294,5.8580246913580245,6.0,0.228395061728395,0.4876543209876543,0.2839506172839506,0.0294295189469453,-0.0255177050902287,16.074537673593962,94.54632109890684,-0.0397158207597297,-0.1203220117380836,validation
2024,300,large,common_eligible,0.5,20,332,-0.0577059187115659,-0.1056859743867592,-0.6097429045387439,0.3898914948617555,4.027777777777778,152,152,0.375,-0.0036647649700093,-0.0153457345321028,0.8399181986172172,2.922703394997596,3.479747670439016,7.677631578947368,6.0,0.3223684210526316,0.6052631578947368,0.0723684210526315,0.0327642984305664,-0.0278453684282695,14.684362225071425,112.33902122975508,-0.0513676530913921,-0.1480050718521747,validation
2024,300,large,common_eligible,0.5,40,332,-0.0554374170271525,-0.1093705484373517,-0.6010312879670691,0.4047900722374021,4.206349206349207,138,138,0.3623188405797101,-0.0037194115139223,-0.0195067188837003,0.8444010740811725,2.785450851340175,3.298729640261458,8.681159420289855,6.0,0.3478260869565217,0.6304347826086957,0.0217391304347826,0.0334467038131016,-0.0281122422956987,13.308089827202537,114.43308268953324,-0.0484452710039796,-0.1369534996763445,validation
2024,300,large,common_eligible,0.6,10,332,-0.0499614061655644,-0.0934150748239226,-0.5798932750228335,0.3334491231502944,3.361111111111111,161,161,0.422360248447205,-0.0027717947138982,-0.0087681934604166,0.855835014830657,2.649214951423275,3.095473900360891,6.260869565217392,7.0,0.1739130434782608,0.5031055900621118,0.3229813664596273,0.0306849077115096,-0.0261902459497611,15.807923494902417,99.48974381470234,-0.0502176448042891,-0.1498321713775972,validation
2024,300,large,common_eligible,0.6,20,332,-0.035195164634549,-0.1027975480639838,-0.3207006036256376,0.4216829172249691,4.309523809523809,148,148,0.3513513513513513,-0.0018389868901531,-0.0182722063687816,0.9224004656794332,3.2351971187550963,3.5073671784977627,8.337837837837839,7.0,0.2635135135135135,0.6283783783783784,0.1081081081081081,0.0371227779412713,-0.0286563532263505,14.144116200938164,119.69658331223825,-0.0294036501800052,-0.0834635770074896,validation
2024,300,large,common_eligible,0.6,40,332,-0.0229811324538882,-0.1107017741736775,-0.1919429654007426,0.4658446372146151,4.829365079365079,134,134,0.3358208955223881,-0.0005656012033606,-0.0202230073416428,0.976968704867769,3.21497362787544,3.290764189125772,10.082089552238806,7.0,0.3059701492537313,0.6492537313432836,0.044776119402985,0.0391463347051306,-0.0286244415866963,12.649152115736316,128.6492715017857,-0.0178633988250522,-0.0493321820581585,validation
2024,300,large,common_eligible,0.8,10,332,-0.0392788986956773,-0.0929357732261713,-0.407692528694736,0.3634658204052224,3.6984126984126986,161,161,0.4161490683229814,-0.0020485763360421,-0.0091531536846179,0.8952479588046284,2.818765016331666,3.14858580643445,6.788819875776397,8.0,0.0683229813664596,0.5093167701863354,0.422360248447205,0.0338395316317104,-0.0265190950319925,15.657037893887134,106.72609808236535,-0.0368034617599943,-0.1080676544823001,validation
2024,300,large,common_eligible,0.8,20,332,-0.0156914648310235,-0.1079530208899136,-0.0937220586910712,0.4959102152169116,5.424603174603175,152,152,0.3223684210526316,-0.0011777278394057,-0.0202230073416429,0.9522605241776104,3.570809355914632,3.74982398750431,9.99342105263158,9.0,0.1578947368421052,0.6578947368421053,0.1842105263157894,0.0425332698103415,-0.0293984584738382,13.717668843177687,137.4723183024182,-0.011414272360276,-0.0316417455207292,validation
2024,300,large,common_eligible,0.8,40,332,0.04596747096406,-0.098910015900235,0.4691915199526892,0.5483221183300208,6.488095238095238,138,138,0.3115942028985507,0.0043269559788215,-0.0209814502447089,1.1695118683018633,4.119704691909401,3.522584766832022,12.847826086956522,9.0,0.2463768115942029,0.6739130434782609,0.0797101449275362,0.0475046925028794,-0.0294065779372714,11.632847967348225,147.87827535641702,0.0310846680171708,0.083832968664586,validation
2024,300,large,common_eligible,1.0,10,332,-0.0401697875600509,-0.0847551934847087,-0.4177168668677989,0.3694608236330324,3.773809523809524,161,161,0.4161490683229814,-0.0021021352373139,-0.0091531536846179,0.8928013963081888,2.818722099778536,3.157165872986082,6.906832298136646,9.0,0.031055900621118,0.5093167701863354,0.4596273291925465,0.0351417130335075,-0.0265724407031572,15.537447213499112,107.99845100469967,-0.0371947812087628,-0.1087254317387373,validation
2024,300,large,common_eligible,1.0,20,332,0.0176828272545905,-0.0901631583822077,0.214476312428707,0.5124887660666643,5.765873015873016,148,148,0.3310810810810811,0.000706621061055,-0.0199319484161928,1.0292070845322103,3.6852151879347192,3.5806352708985703,10.817567567567568,11.0,0.1013513513513513,0.6486486486486487,0.25,0.0469638837810162,-0.0291161732676353,12.970811645979609,140.4778225030215,0.0125876290929909,0.0345038338894835,validation
2024,300,large,common_eligible,1.0,40,332,0.0857563937651904,-0.08349350311271,0.7789689418116301,0.6186468677853635,7.087301587301587,124,124,0.3064516129032258,0.0067350552810069,-0.0217346548265025,1.2584716991044194,4.066242784258274,3.2310959294134154,15.403225806451612,10.0,0.1451612903225806,0.6854838709677419,0.1693548387096774,0.0552553187415774,-0.0296442300939605,10.520740941777383,163.99553995519918,0.0522919061022132,0.138619296776175,validation
2024,300,large,target_specific,0.5,10,332,-0.0375498474225604,-0.0923101034332983,-0.4205952695091819,0.3120779554808203,3.123015873015873,162,162,0.4382716049382716,-0.0020752683272141,-0.008617752638486,0.8889857458620323,2.692187630510939,3.0283810995196294,5.8580246913580245,6.0,0.228395061728395,0.4876543209876543,0.2839506172839506,0.0294295189469453,-0.0255177050902287,16.074537673593962,94.54632109890684,-0.0397158207597297,-0.1203220117380836,validation
2024,300,large,target_specific,0.5,20,332,-0.0577059187115659,-0.1056859743867592,-0.6097429045387439,0.3898914948617555,4.027777777777778,152,152,0.375,-0.0036647649700093,-0.0153457345321028,0.8399181986172172,2.922703394997596,3.479747670439016,7.677631578947368,6.0,0.3223684210526316,0.6052631578947368,0.0723684210526315,0.0327642984305664,-0.0278453684282695,14.684362225071425,112.33902122975508,-0.0513676530913921,-0.1480050718521747,validation
2024,300,large,target_specific,0.5,40,332,-0.0554374170271525,-0.1093705484373517,-0.6010312879670691,0.4047900722374021,4.206349206349207,138,138,0.3623188405797101,-0.0037194115139223,-0.0195067188837003,0.8444010740811725,2.785450851340175,3.298729640261458,8.681159420289855,6.0,0.3478260869565217,0.6304347826086957,0.0217391304347826,0.0334467038131016,-0.0281122422956987,13.308089827202537,114.43308268953324,-0.0484452710039796,-0.1369534996763445,validation
2024,300,large,target_specific,0.6,10,334,-0.0478874076594973,-0.0934150748239226,-0.5546037835915336,0.3346097635745392,3.373015873015873,162,162,0.4259259259259259,-0.0026206406257593,-0.0087194191186011,0.862850149916136,2.670930118987881,3.0954739003608918,6.246913580246914,7.0,0.1790123456790123,0.5,0.3209876543209876,0.0306358505622393,-0.0261880986835462,15.90472275271918,99.88974381470234,-0.0479402647666507,-0.1431141971110767,validation
2024,300,large,target_specific,0.6,20,334,-0.0328611320244912,-0.1027975480639838,-0.2964963774929456,0.4227361092132097,4.321428571428571,149,149,0.3557046979865771,-0.0016809053166312,-0.0173504861474824,0.928591767148448,3.256912286319703,3.5073671784977623,8.308724832214764,7.0,0.2684563758389262,0.6241610738255033,0.1073825503355704,0.0370262334552878,-0.0286374675592135,14.237906562763955,120.065929359734,-0.0273692397166516,-0.0777343863188122,validation
2024,300,large,target_specific,0.6,40,334,-0.0208652901047855,-0.1107017741736775,-0.1692421914722053,0.4670076828427243,4.841269841269841,135,135,0.3407407407407407,-0.0004005584717461,-0.0200443856550662,0.9835675270004408,3.236688795440046,3.290764189125772,10.037037037037036,7.0,0.3111111111111111,0.6444444444444445,0.0444444444444444,0.0390247888890165,-0.0286038337884463,12.74324641688158,129.0492715017857,-0.0161684679517906,-0.044678687035246,validation
2024,300,large,target_specific,0.8,10,335,-0.0392788986956773,-0.0929357732261713,-0.407692528694736,0.3634658204052224,3.6984126984126986,161,161,0.4161490683229814,-0.0020485763360421,-0.0091531536846179,0.8952479588046284,2.818765016331666,3.14858580643445,6.788819875776397,8.0,0.0683229813664596,0.5093167701863354,0.422360248447205,0.0338395316317104,-0.0265190950319925,15.657037893887134,106.72609808236535,-0.0368034617599943,-0.1080676544823001,validation
2024,300,large,target_specific,0.8,20,335,-0.0156914648310235,-0.1079530208899136,-0.0937220586910712,0.4959102152169116,5.424603174603175,152,152,0.3223684210526316,-0.0011777278394057,-0.0202230073416429,0.9522605241776104,3.570809355914632,3.74982398750431,9.99342105263158,9.0,0.1578947368421052,0.6578947368421053,0.1842105263157894,0.0425332698103415,-0.0293984584738382,13.717668843177687,137.4723183024182,-0.011414272360276,-0.0316417455207292,validation
2024,300,large,target_specific,0.8,40,335,0.04596747096406,-0.098910015900235,0.4691915199526892,0.5483221183300208,6.488095238095238,138,138,0.3115942028985507,0.0043269559788215,-0.0209814502447089,1.1695118683018633,4.119704691909401,3.522584766832022,12.847826086956522,9.0,0.2463768115942029,0.6739130434782609,0.0797101449275362,0.0475046925028794,-0.0294065779372714,11.632847967348225,147.87827535641702,0.0310846680171708,0.083832968664586,validation
2024,300,large,target_specific,1.0,10,335,-0.0401697875600509,-0.0847551934847087,-0.4177168668677989,0.3694608236330324,3.773809523809524,161,161,0.4161490683229814,-0.0021021352373139,-0.0091531536846179,0.8928013963081888,2.818722099778536,3.157165872986082,6.906832298136646,9.0,0.031055900621118,0.5093167701863354,0.4596273291925465,0.0351417130335075,-0.0265724407031572,15.537447213499112,107.99845100469967,-0.0371947812087628,-0.1087254317387373,validation
2024,300,large,target_specific,1.0,20,335,0.0176828272545905,-0.0901631583822077,0.214476312428707,0.5124887660666643,5.765873015873016,148,148,0.3310810810810811,0.000706621061055,-0.0199319484161928,1.0292070845322103,3.6852151879347192,3.5806352708985703,10.817567567567568,11.0,0.1013513513513513,0.6486486486486487,0.25,0.0469638837810162,-0.0291161732676353,12.970811645979609,140.4778225030215,0.0125876290929909,0.0345038338894835,validation
2024,300,large,target_specific,1.0,40,335,0.0857563937651904,-0.08349350311271,0.7789689418116301,0.6186468677853635,7.087301587301587,124,124,0.3064516129032258,0.0067350552810069,-0.0217346548265025,1.2584716991044194,4.066242784258274,3.2310959294134154,15.403225806451612,10.0,0.1451612903225806,0.6854838709677419,0.1693548387096774,0.0552553187415774,-0.0296442300939605,10.520740941777383,163.99553995519918,0.0522919061022132,0.138619296776175,validation
2024,500,small,common_eligible,0.5,10,695,0.1120301822177471,-0.0570449939012537,1.4327728885082538,0.3572840119150511,4.103174603174603,536,536,0.5410447761194029,0.0018715105894875,0.0019599963381142,1.2120825015014476,5.733032750776523,4.72990307481118,2.9291044776119404,2.0,0.5541044776119403,0.417910447761194,0.0279850746268656,0.0144378203305457,-0.0137188443097107,46.50441875558913,136.69748209390252,0.0819548249914285,0.3135605806071832,validation
2024,500,small,common_eligible,0.5,20,695,0.1236790222838954,-0.0529392369795144,1.5628035000160028,0.34334673267631,3.992063492063492,515,515,0.5514563106796116,0.0022260852520034,0.0027344364350165,1.2528878259938596,5.679803197179408,4.533369292397645,2.9533980582524277,2.0,0.5766990291262136,0.4213592233009708,0.0019417475728155,0.0147035101856479,-0.0135803607532662,44.23509315372137,131.12356032531767,0.0943225015985286,0.3602161037614819,validation
2024,500,small,common_eligible,0.5,40,695,0.1083613693768026,-0.0517694689747115,1.4349434711058038,0.3035368704963974,3.5674603174603177,476,476,0.5483193277310925,0.0020422463761531,0.0022807960880377,1.2310110058373664,5.18017404462649,4.208064769577586,2.888655462184874,2.0,0.5756302521008403,0.4243697478991596,0.0,0.0145287839355708,-0.013472876318862,40.23616013941467,117.26574606870226,0.0924066686219837,0.3569957389347491,validation
2024,500,small,common_eligible,0.6,10,695,0.1361260921010669,-0.0787596809243709,1.4623005336562116,0.4615606383454926,5.646825396825397,525,525,0.4914285714285714,0.0024273211749856,-0.0015310389115402,1.22026050436841,7.059963787499624,5.785620170632141,3.7104761904761903,3.0,0.4571428571428571,0.4819047619047619,0.0609523809523809,0.0191703268080648,-0.0155664764606247,42.59457528376208,158.9990169953605,0.0856144237074365,0.2949256951134821,validation
2024,500,small,common_eligible,0.6,20,695,0.1466803427605829,-0.0719205059889582,1.5571992476846028,0.4674553077998943,5.876984126984127,504,504,0.5,0.002788870132021,-1.722824792205202e-05,1.248262761566577,7.067295659577306,5.6617051130387095,3.938492063492064,3.0,0.492063492063492,0.498015873015873,0.0099206349206349,0.0197809863907573,-0.0156396695069545,39.87840968231945,157.87587965870358,0.0929086463858043,0.3137847411572724,validation
2024,500,small,common_eligible,0.6,40,695,0.1470833793774908,-0.0631357637095939,1.6050747488462886,0.4177834742476772,5.329365079365079,468,468,0.5,0.0029762016982232,-1.722824792210753e-05,1.2661851748531077,6.625544476094422,5.232682081325951,3.86965811965812,3.0,0.5,0.5,0.0,0.019735035401329,-0.01554305156714,36.151928232159534,141.82089851100486,0.1037106526060245,0.3520564800758358,validation
2024,500,small,common_eligible,0.8,10,695,0.192119582744451,-0.0648601742356264,1.8016960194943104,0.5779593339198894,8.027777777777779,517,517,0.4177949709864603,0.004535706964382,-0.0085638405895076,1.3466821881550672,9.108966788490404,6.7640062879049,4.912959381044487,4.0,0.3172147001934235,0.5377176015473888,0.1450676982591876,0.0268609769638261,-0.0172945027509772,36.625260704324695,181.9761969614192,0.1055740178948691,0.3324102085893134,validation
2024,500,small,common_eligible,0.8,20,695,0.1970164312521407,-0.0707314408226089,1.766454309922582,0.6198323183318414,9.273809523809524,496,496,0.4032258064516129,0.0045638750751605,-0.0104790198368533,1.3235874551933504,9.259262369425262,6.995580332145611,5.711693548387097,4.0,0.3830645161290322,0.5846774193548387,0.032258064516129,0.0283968812030727,-0.0179448342559238,33.00083145097093,189.043750527232,0.1042173733343067,0.3178544025945151,validation
2024,500,small,common_eligible,0.8,40,695,0.1745184370388981,-0.0897129156152406,1.6081905034186013,0.5649947188800734,8.714285714285714,460,460,0.4043478260869565,0.0049177217532886,-0.0103331040201505,1.339042276187374,8.934334696976379,6.672182690463602,5.773913043478261,4.0,0.4,0.5956521739130435,0.0043478260869565,0.028694698789679,-0.018140021830574,29.39464946747731,171.76207309149092,0.1016047570326768,0.3088850766336838,validation
2024,500,small,common_eligible,1.0,10,695,0.1528329165889239,-0.065433336284545,1.4611037806078118,0.6201820905804553,9.023809523809524,496,496,0.375,0.0043101772432786,-0.0108834678677611,1.3047257481272394,9.153493705005111,7.015645792338917,5.584677419354839,5.0,0.189516129032258,0.5685483870967742,0.2419354838709677,0.0313525885184172,-0.0183307449109657,33.41742729100289,188.94401430546523,0.0808879377051021,0.246432328360016,validation
2024,500,small,common_eligible,1.0,20,695,0.1267133140004424,-0.0667966232693854,1.1416723728270846,0.7069323012697758,11.515873015873016,474,474,0.3481012658227848,0.0047049391331073,-0.0134172532057633,1.299016218715478,9.688402639633956,7.458261490541094,7.122362869198312,5.0,0.2827004219409282,0.6371308016877637,0.080168776371308,0.0345879563226841,-0.0195174998003921,27.847123874890507,204.9587603918016,0.0618238097060187,0.1792439159631591,validation
2024,500,small,common_eligible,1.0,40,695,0.1018325104550177,-0.082164223624496,0.9269866051385302,0.6598639509525599,11.492063492063492,445,445,0.3370786516853932,0.0057492772693016,-0.0138825879610803,1.342607539779982,10.02594759496001,7.467519210120777,7.507865168539326,5.0,0.3325842696629214,0.6629213483146067,0.0044943820224719,0.0358080006142851,-0.0200351838992001,24.12285824498916,189.35278381892155,0.0537792518289038,0.1543234939687421,validation
2024,500,small,target_specific,0.5,10,695,0.1120301822177471,-0.0570449939012537,1.4327728885082538,0.3572840119150511,4.103174603174603,536,536,0.5410447761194029,0.0018715105894875,0.0019599963381142,1.2120825015014476,5.733032750776523,4.72990307481118,2.9291044776119404,2.0,0.5541044776119403,0.417910447761194,0.0279850746268656,0.0144378203305457,-0.0137188443097107,46.50441875558913,136.69748209390252,0.0819548249914285,0.3135605806071832,validation
2024,500,small,target_specific,0.5,20,695,0.1236790222838954,-0.0529392369795144,1.5628035000160028,0.34334673267631,3.992063492063492,515,515,0.5514563106796116,0.0022260852520034,0.0027344364350165,1.2528878259938596,5.679803197179408,4.533369292397645,2.9533980582524277,2.0,0.5766990291262136,0.4213592233009708,0.0019417475728155,0.0147035101856479,-0.0135803607532662,44.23509315372137,131.12356032531767,0.0943225015985286,0.3602161037614819,validation
2024,500,small,target_specific,0.5,40,695,0.1083613693768026,-0.0517694689747115,1.4349434711058038,0.3035368704963974,3.5674603174603177,476,476,0.5483193277310925,0.0020422463761531,0.0022807960880377,1.2310110058373664,5.18017404462649,4.208064769577586,2.888655462184874,2.0,0.5756302521008403,0.4243697478991596,0.0,0.0145287839355708,-0.013472876318862,40.23616013941467,117.26574606870226,0.0924066686219837,0.3569957389347491,validation
2024,500,small,target_specific,0.6,10,725,0.1331681825674302,-0.0771837499255702,1.4721830317810236,0.4578661189708437,5.694444444444445,551,551,0.5063520871143375,0.0023167720186397,0.0009757300276844,1.2179240606334634,7.134276313236156,5.857734930965643,3.604355716878403,3.0,0.4791288566243194,0.4627949183303085,0.058076225045372,0.0184418973480721,-0.0154382711368732,43.7122643482476,159.16211872570307,0.0836682645554183,0.2908452428556091,validation
2024,500,small,target_specific,0.6,20,725,0.1426036631514511,-0.0718945112304704,1.5556671167934724,0.4642568615109181,5.924603174603175,528,528,0.5132575757575758,0.0026576995001357,0.0014543294363779,1.2447348132766485,7.137085209443884,5.733819873372203,3.827651515151515,3.0,0.5113636363636364,0.4791666666666667,0.0094696969696969,0.0190533181860878,-0.0155407513533223,40.91361420357472,158.07362594541087,0.0902134447151214,0.3071654400267759,validation
2024,500,small,target_specific,0.6,40,725,0.1473159699875246,-0.0629128589174754,1.6393239161089368,0.4146476184299447,5.376984126984127,491,491,0.515274949083503,0.0029206443492076,0.0015050699039402,1.2725632478376632,6.695334025960992,5.261297650500035,3.759674134419552,3.0,0.5213849287169042,0.4786150712830957,0.0,0.0189949723607631,-0.0153864143461797,37.03200282867915,141.90526548934358,0.1038128990348052,0.3552799134487585,validation
2024,500,small,target_specific,0.8,10,741,0.1881895126738835,-0.0643035732328182,1.8039818851458305,0.5837456768731109,8.392857142857142,555,555,0.436036036036036,0.0042192737101168,-0.0079194927345277,1.3215066689580452,9.625206506921682,7.28350959780685,4.8108108108108105,4.0,0.3423423423423423,0.518918918918919,0.1387387387387387,0.0262024013201884,-0.0177574674160267,37.99786779029056,184.8403281688684,0.1018119338664857,0.3223827089939894,validation
2024,500,small,target_specific,0.8,20,741,0.186271421351158,-0.0706610046033973,1.7235567898346444,0.6247783054217664,9.603174603174605,532,532,0.4266917293233083,0.0044546990855151,-0.0096052759398738,1.319019640367233,9.79859587329771,7.428695959803637,5.548872180451128,4.0,0.4078947368421052,0.5620300751879699,0.0300751879699248,0.0276740766877465,-0.0182960825982206,34.307298986732256,191.5914095793808,0.0972232636943889,0.2981400278062033,validation
2024,500,small,target_specific,0.8,40,741,0.1619849989265243,-0.0893693680438293,1.521946130277931,0.5670503572965285,9.03968253968254,493,493,0.4279918864097363,0.004826428948893,-0.0095584120740361,1.336943805540932,9.441228598766504,7.061799126962222,5.620689655172414,4.0,0.4239350912778905,0.5720081135902637,0.0040567951318458,0.0279976543557372,-0.0184135996287144,30.44389957671452,173.30219798800115,0.0934696736724248,0.2856624580906793,validation
2024,500,small,target_specific,1.0,10,753,0.150121657255621,-0.0546442721531938,1.4620717715733071,0.6267521593314229,9.821428571428571,557,557,0.4093357271095152,0.0048286846508784,-0.009739606505569,1.346426622522643,10.45334946179933,7.763772111260032,5.443447037701975,5.0,0.2387791741472172,0.5350089766606823,0.2262118491921005,0.0308238312428149,-0.0187604359610507,34.75389900835312,191.93905708169703,0.0782131888830333,0.2395231592273422,validation
2024,500,small,target_specific,1.0,20,753,0.1385283777354726,-0.0542492884741109,1.2740445191344494,0.7099943102315454,12.21031746031746,526,526,0.3840304182509506,0.0050896479621748,-0.0121460286134845,1.3308769844623949,10.76824291769659,8.091088089592594,6.849809885931559,5.0,0.3231939163498099,0.6026615969581749,0.0741444866920152,0.0335559628593958,-0.0199743591001849,29.21294515673918,207.26342260219656,0.0668368668220595,0.1951119547567858,validation
2024,500,small,target_specific,1.0,40,753,0.1128086188665919,-0.0773078046636364,1.0411572372870914,0.6586228183949822,12.253968253968257,494,494,0.374493927125506,0.0063096553232337,-0.0128709241158844,1.386872169405436,11.17381634769036,8.05684661801287,7.251012145748988,5.0,0.3704453441295546,0.6255060728744939,0.0040485829959514,0.0348891660934656,-0.0204057032975736,25.132661809716907,190.27742164128765,0.0592863924124742,0.1712795483483228,validation
2024,500,large,common_eligible,0.5,10,586,0.4302203504638684,-0.0651342503753228,1.0370690893859118,0.4789460328136322,5.246031746031746,273,273,0.4542124542124542,0.01536395305973,-0.0057080344915741,1.8476779872484963,9.142416405620487,4.948057220314177,5.842490842490842,5.0,0.2637362637362637,0.4468864468864469,0.2893772893772894,0.0455463255945237,-0.0253473606596644,25.079468745174054,145.84326642451452,0.2949881479009122,0.8982647751281742,validation
2024,500,large,common_eligible,0.5,20,586,0.3963509717987927,-0.0728288954721776,0.9790173362713732,0.5685541985429442,6.718253968253968,258,258,0.3992248062015504,0.0141591758745372,-0.0136064535826123,1.6446457486771942,9.31985007469695,5.666782699066351,7.562015503875969,5.0,0.3565891472868217,0.562015503875969,0.0813953488372093,0.0491991659436081,-0.0274208740804679,21.422704532966154,164.5286318771698,0.240900910240773,0.6971208247420153,validation
2024,500,large,common_eligible,0.5,40,586,0.4073679393456246,-0.072879207708738,1.0356640711266212,0.5710490118719973,6.928571428571429,235,235,0.3957446808510638,0.016032106776814,-0.0156849312984889,1.69392331663159,9.196884332569237,5.429339240017947,8.429787234042553,5.0,0.3829787234042553,0.6,0.0170212765957446,0.0521367753340105,-0.0276602372347205,18.584920353547783,162.8739170618906,0.250112446912435,0.7133677335509296,validation
2024,500,large,common_eligible,0.6,10,586,0.4212370789147268,-0.0652400760888894,1.0235213604942752,0.5046600586348128,5.714285714285714,270,270,0.4259259259259259,0.0155930325165173,-0.0084360114972251,1.8173715940420545,9.36092021438585,5.150801434926157,6.333333333333333,7.0,0.2037037037037037,0.4629629629629629,0.3333333333333333,0.0481270003328127,-0.0262226316156778,23.814981849447346,150.90859902586806,0.2791339139279401,0.8346947052917986,validation
2024,500,large,common_eligible,0.6,20,586,0.5030471859348022,-0.0609804170030311,1.1579269525087903,0.6169877657976303,7.400793650793651,253,253,0.383399209486166,0.0177649413008533,-0.015684931298489,1.7856747099857695,10.215129389477458,5.720599240361569,8.371541501976285,7.0,0.3122529644268774,0.5731225296442688,0.1146245059288537,0.0547100722910131,-0.0281350740297531,20.019667027116157,175.34650225407967,0.2868874938867497,0.8153276512451948,validation
2024,500,large,common_eligible,0.6,40,586,0.5024837642662241,-0.063917053437156,1.1735895163902983,0.6159865605269672,8.035714285714286,228,228,0.3640350877192982,0.020108281549437,-0.0195067188837002,1.8309489827420071,10.102100559723883,5.517412366452232,9.88157894736842,7.0,0.3421052631578947,0.6271929824561403,0.0307017543859649,0.0588576551279796,-0.0284965373767746,16.26964980905382,171.63265576211748,0.2927669924088721,0.8157381937624691,validation
2024,500,large,common_eligible,0.8,10,586,0.4248746663415839,-0.0671433637774788,1.0286130348478144,0.5340727089596182,6.619047619047619,280,280,0.4107142857142857,0.014400581944644,-0.0090045043837369,1.7364240244415678,9.507490759284646,5.475327814784321,6.957142857142857,9.0,0.0821428571428571,0.4714285714285714,0.4464285714285714,0.0514154261901643,-0.0266125358775653,22.69809422455889,156.69457037650955,0.271148301642287,0.7955371229682306,validation
2024,500,large,common_eligible,0.8,20,586,0.4790038311257707,-0.0759329205731002,1.1155953828148626,0.6880687092810719,9.134920634920634,246,246,0.3495934959349593,0.0169713136703109,-0.0195067188837003,1.6909023403676842,10.21768309727664,6.042739934380138,10.357723577235772,9.0,0.1707317073170731,0.6016260162601627,0.2276422764227642,0.0619754829119908,-0.0298050079132887,17.84961534465195,190.03387852775091,0.2520623347988033,0.6961569748263332,validation
2024,500,large,common_eligible,0.8,40,586,0.589899126694154,-0.0783894902192264,1.2952277011211224,0.6825332129013857,11.09920634920635,221,221,0.3076923076923077,0.0221991907622367,-0.0229949057188839,1.8415554426002425,10.73572756887887,5.829706410424559,13.656108597285067,9.0,0.2443438914027149,0.6787330316742082,0.0769230769230769,0.0694603705209737,-0.0301404528542989,13.511437029305798,184.57912530398517,0.3195914628605176,0.8642790058326206,validation
2024,500,large,common_eligible,1.0,10,586,0.455389525332222,-0.064317754096872,1.0805040214052453,0.5319430078629611,6.821428571428571,278,278,0.3992805755395683,0.0146345895315612,-0.0094671982983073,1.740155566472051,9.565119655937842,5.496703766163811,7.183453237410072,10.0,0.0359712230215827,0.4676258992805755,0.4964028776978417,0.0532801086703612,-0.0268266395767073,21.728739288284537,155.18449768421712,0.2934503975125712,0.8560870593293693,validation
2024,500,large,common_eligible,1.0,20,586,0.5134434731701953,-0.075867861150015,1.16652285462405,0.7057313259556139,9.432539682539682,229,229,0.3624454148471616,0.0211349424479546,-0.0173327424979305,1.8751395126197348,10.37033639791355,5.530434577331944,11.37991266375546,11.0,0.0960698689956331,0.5851528384279476,0.3187772925764192,0.0692032446528842,-0.0299785773064516,16.776865529388875,192.95224409556917,0.2660987311015087,0.7275339131006461,validation
2024,500,large,common_eligible,1.0,40,586,0.6195436382814505,-0.0901545351865444,1.4257828060694302,0.7502234604290176,11.793650793650794,195,195,0.3179487179487179,0.0314027409526208,-0.0242181576209957,2.18138264194709,11.306896986896689,5.183362501135616,16.24102564102564,11.0,0.1743589743589743,0.6666666666666666,0.1589743589743589,0.0819004264046287,-0.0308125595129085,11.666890675645403,199.67791245073076,0.310271492063159,0.8258121359296904,validation
2024,500,large,target_specific,0.5,10,586,0.4302203504638684,-0.0651342503753228,1.0370690893859118,0.4789460328136322,5.246031746031746,273,273,0.4542124542124542,0.01536395305973,-0.0057080344915741,1.8476779872484963,9.142416405620487,4.948057220314177,5.842490842490842,5.0,0.2637362637362637,0.4468864468864469,0.2893772893772894,0.0455463255945237,-0.0253473606596644,25.079468745174054,145.84326642451452,0.2949881479009122,0.8982647751281742,validation
2024,500,large,target_specific,0.5,20,586,0.3963509717987927,-0.0728288954721776,0.9790173362713732,0.5685541985429442,6.718253968253968,258,258,0.3992248062015504,0.0141591758745372,-0.0136064535826123,1.6446457486771942,9.31985007469695,5.666782699066351,7.562015503875969,5.0,0.3565891472868217,0.562015503875969,0.0813953488372093,0.0491991659436081,-0.0274208740804679,21.422704532966154,164.5286318771698,0.240900910240773,0.6971208247420153,validation
2024,500,large,target_specific,0.5,40,586,0.4073679393456246,-0.072879207708738,1.0356640711266212,0.5710490118719973,6.928571428571429,235,235,0.3957446808510638,0.016032106776814,-0.0156849312984889,1.69392331663159,9.196884332569237,5.429339240017947,8.429787234042553,5.0,0.3829787234042553,0.6,0.0170212765957446,0.0521367753340105,-0.0276602372347205,18.584920353547783,162.8739170618906,0.250112446912435,0.7133677335509296,validation
2024,500,large,target_specific,0.6,10,589,0.4248186279705479,-0.0636176205403095,1.0298230342282175,0.5064524278730554,5.734126984126984,272,272,0.4301470588235294,0.0155866914792629,-0.0077706513239714,1.8230913452831068,9.390381517285686,5.150801434926158,6.3125,7.0,0.2095588235294117,0.4595588235294117,0.3308823529411764,0.047888905798432,-0.0262568232884657,24.00537304477101,151.53965540089473,0.2803349571085534,0.8388125016097872,validation
2024,500,large,target_specific,0.6,20,589,0.5072766163970401,-0.0589177469604509,1.1649841260052294,0.6171418362286468,7.420634920634921,255,255,0.388235294117647,0.0177411429490812,-0.0150065377657166,1.7908247478859909,10.244590692377296,5.720599240361569,8.333333333333334,7.0,0.3176470588235294,0.5686274509803921,0.1137254901960784,0.0544044728507466,-0.0281565455990479,20.162808655738328,175.53524990486932,0.2889884605353949,0.821977358555056,validation
2024,500,large,target_specific,0.6,40,589,0.4934065233100877,-0.072236293153295,1.1578251950827132,0.6146022063394952,8.055555555555555,230,230,0.3695652173913043,0.0200615195485717,-0.0186157672155895,1.8362886784078545,10.131561862623723,5.517412366452232,9.826086956521738,7.0,0.3478260869565217,0.6217391304347826,0.0304347826086956,0.0584827724195366,-0.0285171996527577,16.29567321837974,171.26419630511856,0.2880967148738147,0.8028063001087549,validation
2024,500,large,target_specific,0.8,10,591,0.4201010896431145,-0.0702642802179346,1.0198067279012812,0.5349992112135652,6.654761904761905,281,281,0.4092526690391459,0.0141866915971732,-0.0092408153070575,1.722050058630153,9.507490759284646,5.521030420478957,6.967971530249111,9.0,0.0818505338078291,0.4697508896797153,0.4483985765124555,0.0512852677693546,-0.0267915051341419,22.706153326130835,156.9416302658152,0.2676798303493986,0.7852368393033299,validation
2024,500,large,target_specific,0.8,20,591,0.4790940663610494,-0.0765175447230429,1.115567091370614,0.6867864170602928,9.142857142857142,247,247,0.3522267206477733,0.0171086145559001,-0.0191939265900811,1.6993231284478263,10.268567729687469,6.042739934380138,10.327935222672064,9.0,0.1740890688259109,0.5991902834008097,0.2267206477732793,0.0619348384699685,-0.0296887236810396,17.88569728298497,189.73765647009037,0.2525034172310293,0.697588150347752,validation
2024,500,large,target_specific,0.8,40,591,0.589899126694154,-0.0783894902192264,1.2952277011211224,0.6825332129013857,11.09920634920635,221,221,0.3076923076923077,0.0221991907622367,-0.0229949057188839,1.8415554426002425,10.73572756887887,5.829706410424559,13.656108597285067,9.0,0.2443438914027149,0.6787330316742082,0.0769230769230769,0.0694603705209737,-0.0301404528542989,13.511437029305798,184.57912530398517,0.3195914628605176,0.8642790058326206,validation
2024,500,large,target_specific,1.0,10,591,0.4485738863166366,-0.0686922531265931,1.0682292593703044,0.5355130597214349,6.857142857142857,279,279,0.3978494623655914,0.0144183271830802,-0.0096935812895569,1.7258062679244717,9.565119655937842,5.5424063718584495,7.193548387096774,10.0,0.03584229390681,0.4659498207885305,0.4982078853046595,0.0531423337645272,-0.0270061243702517,21.849788485627325,156.18436613647563,0.2872079308659279,0.8376525617320657,validation
2024,500,large,target_specific,1.0,20,591,0.5134434731701953,-0.075867861150015,1.16652285462405,0.7057313259556139,9.432539682539682,229,229,0.3624454148471616,0.0211349424479546,-0.0173327424979305,1.8751395126197348,10.37033639791355,5.530434577331944,11.37991266375546,11.0,0.0960698689956331,0.5851528384279476,0.3187772925764192,0.0692032446528842,-0.0299785773064516,16.776865529388875,192.95224409556917,0.2660987311015087,0.7275339131006461,validation
2024,500,large,target_specific,1.0,40,591,0.6195436382814505,-0.0901545351865444,1.4257828060694302,0.7502234604290176,11.793650793650794,195,195,0.3179487179487179,0.0314027409526208,-0.0242181576209957,2.18138264194709,11.306896986896689,5.183362501135616,16.24102564102564,11.0,0.1743589743589743,0.6666666666666666,0.1589743589743589,0.0819004264046287,-0.0308125595129085,11.666890675645403,199.67791245073076,0.310271492063159,0.8258121359296904,validation
2025,300,small,common_eligible,0.5,10,266,-0.0657087806265807,-0.1030196946408008,-0.6245623255441071,0.1367650438165886,1.368,208,208,0.5192307692307693,-0.0030302257835616,0.001682304791686,0.7790350604437803,2.222142767485328,2.8524297304661426,2.644230769230769,2.0,0.5288461538461539,0.4471153846153846,0.0240384615384615,0.0147581222840508,-0.0184231345589388,20.86145652692037,55.00000000000001,-0.1194705102301467,-0.4804501120527605,validation
2025,300,small,common_eligible,0.5,20,266,-0.0728654363382683,-0.1030196946408009,-0.7063705918964813,0.1244353753426745,1.244,197,197,0.5177664974619289,-0.003592565928749,0.0016156947277217,0.747225950836561,2.0921385113881543,2.7998739993517208,2.578680203045685,2.0,0.5380710659898477,0.4619289340101523,0.0,0.0146021655211726,-0.0187352674249061,19.83906543614662,50.8,-0.1434358983036778,-0.5855685020245162,validation
2025,300,small,common_eligible,0.5,40,266,0.0112837275688548,-0.0327946045751154,0.3014587370525629,0.1143824540967798,1.144,182,182,0.5054945054945055,0.0006605849432612,0.0003244310155875,1.0666324516604586,1.9245493785747367,1.8043229189011951,2.571428571428572,2.0,0.5274725274725275,0.4725274725274725,0.0,0.0144321284494387,-0.0145353168232674,18.187172431318974,46.8,0.0241105289932796,0.0986491123831599,validation
2025,300,small,common_eligible,0.6,10,266,-0.0898942267920377,-0.1191531922492793,-0.7697970602834158,0.203130711771981,2.028,208,208,0.4807692307692308,-0.004243104404347,-0.003238716249073,0.7701351302349824,2.9569323203134665,3.8394980364176505,3.4375,3.0,0.4519230769230769,0.4951923076923077,0.0528846153846153,0.0194293840132146,-0.0226624859522097,20.826639724848736,71.5,-0.1257261913175353,-0.4425437493319381,validation
2025,300,small,common_eligible,0.6,20,266,-0.0996153704522612,-0.1142472682265756,-0.8683901312877481,0.1967719530905092,1.964,197,197,0.4771573604060913,-0.0050293670700653,-0.0032999173871672,0.7411952512972428,2.837526639621209,3.828311952424086,3.4923857868020303,3.0,0.4771573604060913,0.5228426395939086,0.0,0.0193591995135766,-0.0233008043652284,19.82596193002902,68.80000000000001,-0.1447897826341005,-0.506247810664567,validation
2025,300,small,common_eligible,0.6,40,266,-0.0147074610461374,-0.0608946865465956,-0.187643678482845,0.1814694257849852,1.812,182,182,0.4725274725274725,-0.0007121358729941,-0.0034481669036758,0.952930679975886,2.6239625744298545,2.7535713033147955,3.489010989010989,3.0,0.4725274725274725,0.5274725274725275,0.0,0.0191363218085183,-0.019230611214424,18.18102898316176,63.50000000000001,-0.0231613559781691,-0.0810464957527533,validation
2025,300,small,common_eligible,0.8,10,266,-0.0439898183731907,-0.1094494518857086,-0.2940145815372427,0.3032692048608112,3.016,207,207,0.4154589371980676,-0.0018003733205148,-0.0068155757475519,0.9083625686650711,3.694190070609329,4.066867347955902,4.642512077294686,4.0,0.3043478260869565,0.5458937198067633,0.1497584541062802,0.0270136948650131,-0.0237121543776907,20.740137007963096,95.99009120199476,-0.0458274576285396,-0.1450520450745414,validation
2025,300,small,common_eligible,0.8,20,266,-0.0538674378153438,-0.1095496394325533,-0.3752577185674925,0.323054441231516,3.252,196,196,0.4030612244897959,-0.0023043188819082,-0.0100507645878293,0.8924895351088349,3.749307344069104,4.200953844923116,5.1479591836734695,4.0,0.3775510204081632,0.5969387755102041,0.0255102040816326,0.0274791957084146,-0.0249875149369903,19.598378291663337,99.77266468012428,-0.0539901765559187,-0.1667441487880363,validation
2025,300,small,common_eligible,0.8,40,266,0.0241620215077225,-0.066416799764799,0.3330429499632084,0.31008553404509,3.16,181,181,0.3812154696132597,0.001548520455373,-0.0111691029057929,1.087890198752299,3.4692862825298043,3.1890040801072828,5.3646408839779,4.0,0.3812154696132597,0.6187845303867403,0.0,0.0273469332809404,-0.0209686235972775,17.8681800914056,95.07106280815177,0.0254146959064506,0.0779205053280849,validation
2025,300,small,common_eligible,1.0,10,266,-0.0432944878569783,-0.1113723596363728,-0.2690438377218017,0.3696433697830862,3.7,207,207,0.4009661835748792,-0.0017744230211884,-0.0076247739117856,0.9115525534508028,3.785505846548987,4.152811411935004,5.468599033816425,5.0,0.1690821256038647,0.5603864734299517,0.2705314009661835,0.0310971579679186,-0.0241993612462755,20.405824390809556,111.90468391302365,-0.0386887182404521,-0.1171250221054535,validation
2025,300,small,common_eligible,1.0,20,266,-0.0682478660244506,-0.1210489359709783,-0.4520255666018723,0.4543208320140769,4.632,193,193,0.3523316062176165,-0.0032242113956998,-0.0130134725186311,0.8581611282946618,3.76490817498792,4.387180974357982,7.0,5.0,0.2746113989637305,0.6373056994818653,0.0880829015544041,0.0332177818316974,-0.0262136504590555,18.704835100731703,130.79005433149902,-0.0521812353189106,-0.1502195391787274,validation
2025,300,small,common_eligible,1.0,40,266,0.0033321564785735,-0.0693144094301245,0.0834252179530991,0.447680023579086,4.796,178,178,0.3089887640449438,0.0008284829930152,-0.0144772019164802,1.0424192766044642,3.623954829671684,3.4764848569149764,7.735955056179775,5.0,0.2921348314606741,0.6910112359550562,0.0168539325842696,0.0336695633294056,-0.0226236250488287,16.611917488838937,127.59212671825424,0.0026115690397821,0.0074431654375234,validation
2025,300,small,target_specific,0.5,10,266,-0.0657087806265807,-0.1030196946408008,-0.6245623255441071,0.1367650438165886,1.368,208,208,0.5192307692307693,-0.0030302257835616,0.001682304791686,0.7790350604437803,2.222142767485328,2.8524297304661426,2.644230769230769,2.0,0.5288461538461539,0.4471153846153846,0.0240384615384615,0.0147581222840508,-0.0184231345589388,20.86145652692037,55.00000000000001,-0.1194705102301467,-0.4804501120527605,validation
2025,300,small,target_specific,0.5,20,266,-0.0728654363382683,-0.1030196946408009,-0.7063705918964813,0.1244353753426745,1.244,197,197,0.5177664974619289,-0.003592565928749,0.0016156947277217,0.747225950836561,2.0921385113881543,2.7998739993517208,2.578680203045685,2.0,0.5380710659898477,0.4619289340101523,0.0,0.0146021655211726,-0.0187352674249061,19.83906543614662,50.8,-0.1434358983036778,-0.5855685020245162,validation
2025,300,small,target_specific,0.5,40,266,0.0112837275688548,-0.0327946045751154,0.3014587370525629,0.1143824540967798,1.144,182,182,0.5054945054945055,0.0006605849432612,0.0003244310155875,1.0666324516604586,1.9245493785747367,1.8043229189011951,2.571428571428572,2.0,0.5274725274725275,0.4725274725274725,0.0,0.0144321284494387,-0.0145353168232674,18.187172431318974,46.8,0.0241105289932796,0.0986491123831599,validation
2025,300,small,target_specific,0.6,10,285,-0.0976086512710033,-0.1273868495260368,-0.8370942960752012,0.2075104313516153,2.072,224,224,0.4955357142857143,-0.0043177743805131,-0.0003101893217539,0.7556328078987048,2.990720796094409,3.957902257329364,3.3125,2.0,0.4821428571428571,0.46875,0.0491071428571428,0.018250905163607,-0.0224849835037441,22.43057502905392,74.2,-0.1315480475350449,-0.4703794919379774,validation
2025,300,small,target_specific,0.6,20,285,-0.1072596879661973,-0.1224383516596224,-0.9347655391963298,0.2011554145565385,2.008,213,213,0.4929577464788732,-0.0050488312579044,-0.0005127069379334,0.7275200418010526,2.8713151154021506,3.946716173335799,3.356807511737089,2.0,0.5070422535211268,0.4929577464788732,0.0,0.0181251323289855,-0.0230661863226716,21.437554097044544,71.5,-0.1500135496030732,-0.5332180006322921,validation
2025,300,small,target_specific,0.6,40,285,-0.0170598083022144,-0.0607015061294456,-0.2201511810419859,0.1854251382975635,1.852,196,196,0.4897959183673469,-0.0007839586073492,-0.0007498728990969,0.9451652600397028,2.6485072517234127,2.802163138763859,3.3622448979591835,2.0,0.5051020408163265,0.4948979591836734,0.0,0.0179563655679898,-0.0190202409174782,19.585393663607903,65.9,-0.0258874177575332,-0.0920037512650386,validation
2025,300,small,target_specific,0.8,10,300,-0.0309123118372904,-0.1157340234221414,-0.1787151470786491,0.3203330669630303,3.252,233,233,0.4678111587982833,-0.0009036837686184,-0.0035964164201846,0.9500458423353092,4.004472580869956,4.215030898958051,4.489270386266094,4.0,0.3690987124463519,0.4892703862660944,0.1416309012875536,0.0254600951082113,-0.0234463599184318,22.86137255229654,102.42674613211818,-0.030179921753462,-0.0965005334302814,validation
2025,300,small,target_specific,0.8,20,300,-0.045792024178429,-0.115833228901264,-0.2974912253058748,0.340078413672964,3.496,222,222,0.4594594594594595,-0.0015184117782479,-0.0048562124136187,0.9233313263313534,4.05958985432973,4.396677269100774,4.936936936936937,3.0,0.4369369369369369,0.5405405405405406,0.0225225225225225,0.0257940976666882,-0.0246293851434495,21.62480281576861,106.11487269925176,-0.0431532574215225,-0.1346513696175522,validation
2025,300,small,target_specific,0.8,40,300,0.0368342067757236,-0.0652664034339259,0.4670526099678667,0.3258804898214166,3.388,205,205,0.4439024390243902,0.0021123604742664,-0.0064477174842355,1.130631971469144,3.7479490160469218,3.314915118822294,5.131707317073171,3.0,0.4439024390243902,0.5560975609756098,0.0,0.0256463906158757,-0.0208324302308508,19.66520888876053,100.90180117627646,0.0365050042182834,0.1130298005747718,validation
2025,300,small,target_specific,1.0,10,306,-0.0438612401970627,-0.117643389465105,-0.2625663346567956,0.4010180642614385,4.16,236,236,0.4364406779661017,-0.001186149637992,-0.0056141281514729,0.9393199941681204,4.333306781384349,4.613238095950472,5.406779661016949,5.0,0.2288135593220339,0.5084745762711864,0.2627118644067797,0.0304986249652111,-0.024611783782535,22.571595665633385,122.0349015978352,-0.0359415541150735,-0.1093747242480028,validation
2025,300,small,target_specific,1.0,20,306,-0.071098865750404,-0.1175383783682527,-0.4562639116258755,0.4907125132596878,5.16,221,221,0.3936651583710407,-0.0024754159143172,-0.0109062705849581,0.8892340430025137,4.391877609696322,4.938944526760439,6.83710407239819,5.0,0.3303167420814479,0.5927601809954751,0.0769230769230769,0.032319310054423,-0.0266768120203347,20.725387060782385,142.061131501921,-0.0500480778934543,-0.1448890416062777,validation
2025,300,small,target_specific,1.0,40,306,0.0071941043121124,-0.0699577288898428,0.1218685864866657,0.4753293094229477,5.272,204,204,0.3627450980392157,0.0014930763559397,-0.0125882592504074,1.0780766946996987,4.205720658425909,3.9011330818142063,7.46078431372549,5.0,0.3529411764705882,0.6323529411764706,0.0147058823529411,0.0327123992949596,-0.0232260055850861,18.334678195278304,136.42801304828313,0.0052731870466854,0.0151349899311828,validation
2025,300,large,common_eligible,0.5,10,269,0.0465669957300969,-0.0515027016576061,0.7723123842403415,0.2464080909307353,3.028,149,149,0.5234899328859061,0.0047445933762489,0.002501856270402,1.3243216766696322,2.8867074813842057,2.179763068323112,6.080536912751678,6.0,0.3422818791946309,0.3892617449664429,0.2684563758389262,0.0307843926202479,-0.0242543319966568,11.900138453091904,73.47180603799961,0.0633807690885024,0.1889832251619805,validation
2025,300,large,common_eligible,0.5,20,269,0.0538692614349332,-0.0478484595729215,0.8414872239877129,0.3008122355244645,3.752,142,142,0.5070422535211268,0.0059196203043478,0.001394994192817,1.356343149699221,3.1995091716138218,2.358923088396425,7.605633802816901,6.0,0.4718309859154929,0.4647887323943662,0.0633802816901408,0.032776059293744,-0.0258975912806638,10.971536506573422,86.24836842599366,0.0624582962182714,0.1790793560674566,validation
2025,300,large,common_eligible,0.5,40,269,0.036411322128238,-0.0446976576509628,0.6045659903347556,0.2818083075953779,3.576,128,128,0.515625,0.0052669486042806,0.0025793080058401,1.2937537435642634,2.969185012189034,2.295015590841109,7.984375,6.0,0.515625,0.484375,0.0,0.033126820197364,-0.026459439653415,9.57597842275656,80.1173997301288,0.0454474586680142,0.1292059926796681,validation
2025,300,large,common_eligible,0.6,10,269,0.3769401534688517,-0.0489599829140786,1.2338807785048156,0.2687806892514372,3.376,148,148,0.5067567567567568,0.0255755913182431,0.0005955529069882,2.680669962624942,6.037377177125075,2.2521896620250885,6.702702702702703,7.0,0.2297297297297297,0.3986486486486486,0.3716216216216216,0.0550731649175496,-0.0246325158007798,11.375288726870828,78.55597941080131,0.4798363616570517,1.4024078683578125,validation
2025,300,large,common_eligible,0.6,20,269,0.3313683032256924,-0.068165856786273,1.1032198652964156,0.3600070098959776,4.656,141,141,0.4539007092198581,0.0256411725357868,-0.006768889235831,2.380346932461017,6.234605792678319,2.6192004651323755,9.25531914893617,7.0,0.3404255319148936,0.5106382978723404,0.1489361702127659,0.0597279641191718,-0.0276107213323317,10.357731433580852,100.68017351031456,0.3291296505282086,0.9204495860273382,validation
2025,300,large,common_eligible,0.6,40,269,0.0185002997464625,-0.0613344986622961,0.2696071952962938,0.3619435660302398,4.808,126,126,0.4365079365079365,0.0040820784307757,-0.0143613262905563,1.18475826072699,3.298205944722951,2.7838640624452027,10.53968253968254,7.5,0.4285714285714285,0.5634920634920635,0.0079365079365079,0.0414391963684929,-0.0296690206519218,9.053549290456596,99.34097678060172,0.0186230298372454,0.0511137687827191,validation
2025,300,large,common_eligible,0.8,10,269,0.3889110139801861,-0.0528226506211335,1.2630844598771054,0.293112233687272,3.696,147,147,0.5034013605442177,0.0270103778794528,0.0004987503750002,2.756330807406436,6.231218995969432,2.26069344768986,7.285714285714286,10.0,0.0816326530612244,0.4013605442176871,0.5170068027210885,0.0592693332893484,-0.0248388383990886,11.223750525347787,84.20920792565879,0.4618390595996615,1.3268331010541303,validation
2025,300,large,common_eligible,0.8,20,269,0.3108882734932483,-0.0708261734085107,1.047507853881404,0.4152493268537244,5.728,139,139,0.4316546762589928,0.0284541372498013,-0.0086970811628456,2.460516875647337,6.663156147866222,2.708031070143835,11.302158273381297,11.0,0.1798561151079136,0.5251798561151079,0.2949640287769784,0.0686946955859641,-0.0281617911611251,9.797173579584854,113.2148628051282,0.2746002298553033,0.7486785730606655,validation
2025,300,large,common_eligible,0.8,40,269,0.0313055111049187,-0.0657788174388349,0.4060783935186459,0.4537146680440039,6.948,124,124,0.3387096774193548,0.0067249758824269,-0.0202189198383127,1.270089629702288,3.921379525281045,3.087482515860101,15.008064516129032,11.0,0.282258064516129,0.6532258064516129,0.064516129032258,0.0542638965589105,-0.0307455010770543,7.921561159536494,120.24713057659898,0.0260343103031275,0.0689982345950573,validation
2025,300,large,common_eligible,1.0,10,269,0.375741755922836,-0.0528226506453161,1.2297224658684045,0.3019581508370809,3.852,147,147,0.4965986394557823,0.0259379666352134,-0.0009997499999998,2.662175547154755,6.106791086955242,2.293909991578872,7.551020408163265,10.0,0.0136054421768707,0.4013605442176871,0.5850340136054422,0.0602897173370859,-0.0250167236167874,11.199446764002486,86.21332329571372,0.4358279457967685,1.2443504335988749,validation
2025,300,large,common_eligible,1.0,20,269,0.2453775112298273,-0.092246545300262,0.8687682023648354,0.4414565658174175,6.144,134,134,0.4104477611940298,0.0262988371592962,-0.014621983694902,2.187303764320759,6.492150813254801,2.968106633909104,12.462686567164178,15.0,0.0895522388059701,0.5522388059701493,0.3582089552238806,0.0738651893495421,-0.0304741332604762,9.621875312356613,118.98043128422032,0.2062335029225686,0.5558361348085901,validation
2025,300,large,common_eligible,1.0,40,269,-0.0519752560453654,-0.1113483676143251,-0.5171174318236691,0.5043067300506979,7.824,118,118,0.2711864406779661,0.0016388406520677,-0.0274580449700405,1.0564457990467258,3.619381237717804,3.42599804077381,17.576271186440678,15.0,0.1610169491525423,0.711864406779661,0.1271186440677966,0.061668094461798,-0.0340993361426998,7.586678726975952,131.48188718485056,-0.0395303544527721,-0.1030627849050128,validation
2025,300,large,target_specific,0.5,10,269,0.0465669957300969,-0.0515027016576061,0.7723123842403415,0.2464080909307353,3.028,149,149,0.5234899328859061,0.0047445933762489,0.002501856270402,1.3243216766696322,2.8867074813842057,2.179763068323112,6.080536912751678,6.0,0.3422818791946309,0.3892617449664429,0.2684563758389262,0.0307843926202479,-0.0242543319966568,11.900138453091904,73.47180603799961,0.0633807690885024,0.1889832251619805,validation
2025,300,large,target_specific,0.5,20,269,0.0538692614349332,-0.0478484595729215,0.8414872239877129,0.3008122355244645,3.752,142,142,0.5070422535211268,0.0059196203043478,0.001394994192817,1.356343149699221,3.1995091716138218,2.358923088396425,7.605633802816901,6.0,0.4718309859154929,0.4647887323943662,0.0633802816901408,0.032776059293744,-0.0258975912806638,10.971536506573422,86.24836842599366,0.0624582962182714,0.1790793560674566,validation
2025,300,large,target_specific,0.5,40,269,0.036411322128238,-0.0446976576509628,0.6045659903347556,0.2818083075953779,3.576,128,128,0.515625,0.0052669486042806,0.0025793080058401,1.2937537435642634,2.969185012189034,2.295015590841109,7.984375,6.0,0.515625,0.484375,0.0,0.033126820197364,-0.026459439653415,9.57597842275656,80.1173997301288,0.0454474586680142,0.1292059926796681,validation
2025,300,large,target_specific,0.6,10,271,0.37811554068701,-0.0489599829140786,1.2368433248679915,0.2687789317678821,3.376,149,149,0.5100671140939598,0.0254611961576173,0.0006923554389763,2.68445770418545,6.045907889510074,2.2521896620250885,6.664429530201343,7.0,0.2348993288590604,0.3959731543624161,0.3691275167785235,0.0547675732066936,-0.0244683154710207,11.502084249810734,78.65597941080132,0.4807206566104825,1.4067901014412514,validation
2025,300,large,target_specific,0.6,20,271,0.3313683032256924,-0.068165856786273,1.1032198652964156,0.3600070098959776,4.656,141,141,0.4539007092198581,0.0256411725357868,-0.006768889235831,2.380346932461017,6.234605792678319,2.6192004651323755,9.25531914893617,7.0,0.3404255319148936,0.5106382978723404,0.1489361702127659,0.0597279641191718,-0.0276107213323317,10.357731433580852,100.68017351031456,0.3291296505282086,0.9204495860273382,validation
2025,300,large,target_specific,0.6,40,271,0.0185002997464625,-0.0613344986622961,0.2696071952962938,0.3619435660302398,4.808,126,126,0.4365079365079365,0.0040820784307757,-0.0143613262905563,1.18475826072699,3.298205944722951,2.7838640624452027,10.53968253968254,7.5,0.4285714285714285,0.5634920634920635,0.0079365079365079,0.0414391963684929,-0.0296690206519218,9.053549290456596,99.34097678060172,0.0186230298372454,0.0511137687827191,validation
2025,300,large,target_specific,0.8,10,272,0.3942482133800897,-0.0521693544202617,1.276531841846594,0.2951037959453396,3.716,149,149,0.5100671140939598,0.0269055566845666,0.0006923554389761,2.773317806577023,6.269621393690291,2.26069344768986,7.23489932885906,10.0,0.0939597315436241,0.3959731543624161,0.5100671140939598,0.0587451968018418,-0.0248652427452886,11.449549764367829,84.90920792565879,0.4643173844293412,1.3359645616117863,validation
2025,300,large,target_specific,0.8,20,272,0.3117923574433392,-0.0701853458696499,1.0498283769416747,0.4152470821178786,5.728,140,140,0.4357142857142857,0.0283000459807493,-0.0082638010515082,2.463057968937732,6.670037507448747,2.708031070143835,11.228571428571428,11.0,0.1857142857142857,0.5214285714285715,0.2928571428571428,0.068260369164685,-0.0281450063984168,9.894518662332878,113.3148628051282,0.2751557472028539,0.7508598395276115,validation
2025,300,large,target_specific,0.8,40,272,0.0320238593912229,-0.0651280925291979,0.4142210241744936,0.4537075797076353,6.948,125,125,0.344,0.0067262269520277,-0.0200367411755246,1.2723184227552613,3.92826088486357,3.087482515860101,14.896,11.0,0.288,0.648,0.064,0.0538928973592942,-0.0307060324634936,8.023608547591163,120.34713057659896,0.0266095745181396,0.0705825973016779,validation
2025,300,large,target_specific,1.0,10,272,0.3871361082128612,-0.0501534411592046,1.2583431080153864,0.3043595155858301,3.876,149,149,0.5033557046979866,0.026144349140501,0.0004987503750002,2.698195672993005,6.189418013513534,2.2939099915788725,7.503355704697986,10.0,0.0268456375838926,0.3959731543624161,0.5771812080536913,0.0600489903694539,-0.0250407402419444,11.42370797251299,87.01332329571372,0.4449158974162887,1.2719697870056832,validation
2025,300,large,target_specific,1.0,20,272,0.2488867799270133,-0.0896886389991102,0.8781669856219922,0.4414474137290638,6.144,135,135,0.4148148148148148,0.0263122943852764,-0.0144766551888653,2.196776322464534,6.5202663759214285,2.968106633909104,12.377777777777778,15.0,0.0962962962962963,0.5481481481481482,0.3555555555555555,0.0735339246123628,-0.0304395983798947,9.71715361145797,119.08043128422032,0.2090072879673841,0.5637971187203883,validation
2025,300,large,target_specific,1.0,40,272,-0.049277096605705,-0.1113483676143251,-0.4864162687877242,0.5042776591346487,7.824,119,119,0.2773109243697479,0.0018613341143749,-0.0273805263890898,1.0646523310797316,3.647496800384431,3.425998040773811,17.436974789915965,15.0,0.1680672268907563,0.7058823529411765,0.1260504201680672,0.0613947865237186,-0.0340296940270634,7.683958750668515,131.58188718485056,-0.0374497566952197,-0.0977181830546797,validation
2025,500,small,common_eligible,0.5,10,451,-0.073832889247282,-0.1300838087776284,-0.6365471419766172,0.2387096061006045,2.432,359,359,0.5153203342618384,-0.001883779171332,0.0017489148556504,0.8464441439672197,3.727832244614732,4.404108967122939,2.6935933147632314,2.0,0.520891364902507,0.4568245125348189,0.022284122562674,0.0144993979291144,-0.0166179944934171,35.04557564857039,94.55011605572392,-0.0780886288957784,-0.309300033850188,validation
2025,500,small,common_eligible,0.5,20,451,-0.0739431535309091,-0.1193401746000919,-0.6420831307119091,0.2243491638413902,2.268,340,340,0.5117647058823529,-0.0020241619684581,0.0016143573061685,0.840166744413406,3.617616447137945,4.3058315164137095,2.6676470588235293,2.0,0.5264705882352941,0.4705882352941176,0.0029411764705882,0.0145850747552398,-0.0168824054872971,33.38921264881394,89.12410922699473,-0.0829664993818671,-0.3295896105197224,validation
2025,500,small,common_eligible,0.5,40,451,0.0267844398335614,-0.0459841035055664,0.4894099919493723,0.2051122180628923,2.076,307,307,0.511400651465798,0.0009548561145995,0.0016130198846153,1.095269041749993,3.3701196840842518,3.0769788569021905,2.690553745928338,2.0,0.5309446254071661,0.4690553745928338,0.0,0.0148177081568599,-0.0143899185070268,29.78777197080585,81.02410922699472,0.0330573703174236,0.1305843215314883,validation
2025,500,small,common_eligible,0.6,10,451,-0.0702462436599022,-0.1433627688123341,-0.5123153561047743,0.3308857418100674,3.416,354,354,0.4774011299435028,-0.001646835624777,-0.0034011910004729,0.8946425470117817,4.950371600012538,5.533351411183606,3.412429378531073,3.0,0.4491525423728814,0.5028248587570622,0.0480225988700565,0.0192867726435092,-0.0196557353012099,33.99258107224893,116.43322019526045,-0.0603317880774045,-0.2122975842828081,validation
2025,500,small,common_eligible,0.6,20,451,-0.0856917993442882,-0.1387678334981781,-0.6451703820972435,0.3301030805922322,3.388,335,335,0.4686567164179104,-0.0022596755524401,-0.0040152746873652,0.8628729791823336,4.763374446831699,5.520365756899141,3.528358208955224,3.0,0.4656716417910447,0.5283582089552239,0.0059701492537313,0.0193551841884424,-0.0201461901189633,32.36219172868308,114.35142233068798,-0.0749372396055379,-0.2595910319605321,validation
2025,500,small,common_eligible,0.6,40,451,0.0202048405741142,-0.0829487521722343,0.2832749934093367,0.3004554857070856,3.112,303,303,0.4752475247524752,0.000980801648638,-0.0035964164201844,1.0709448848065712,4.486109280172028,4.188926380634692,3.567656765676568,3.0,0.4752475247524752,0.5247524752475248,0.0,0.0197531416536336,-0.0177862489213977,28.772866016653506,103.86677793160112,0.0194526498043672,0.0672473678640433,validation
2025,500,small,common_eligible,0.8,10,451,-0.072959787929423,-0.1308285705691741,-0.472864369514148,0.4384956290597986,5.028,351,351,0.4074074074074074,-0.0006952202497434,-0.0085725853308747,0.9601205274928832,5.874973063114216,6.118995370774179,4.581196581196581,4.0,0.2905982905982906,0.5584045584045584,0.150997150997151,0.0260717374709888,-0.0212804225605383,30.92733657252381,139.79335500333542,-0.0521911702653407,-0.1663865796926184,validation
2025,500,small,common_eligible,0.8,20,451,-0.0886291641254638,-0.1408657828734566,-0.5838426067158153,0.4731771265269219,5.488,328,328,0.3780487804878049,-0.0013737191278042,-0.0121268118927904,0.928837159411867,5.881093653948562,6.33167352786836,5.182926829268292,4.0,0.3536585365853658,0.6189024390243902,0.0274390243902439,0.0264955426031414,-0.0225077427851164,29.04269493681999,146.44195719529847,-0.0605217014460315,-0.1873065267883805,validation
2025,500,small,common_eligible,0.8,40,451,-0.0138720518664833,-0.0993041132081623,-0.096566088510009,0.4363069665867918,5.236,296,296,0.3648648648648648,0.0011039580868657,-0.0122810666785535,1.064310133371046,5.407955173707356,5.081183579995101,5.422297297297297,4.0,0.3614864864864865,0.6351351351351351,0.0033783783783783,0.0271502529327057,-0.0203116286257632,25.3129869401476,133.96176500835773,-0.0103552322303441,-0.0317942479236664,validation
2025,500,small,common_eligible,1.0,10,451,-0.0789805521613347,-0.1260920859104605,-0.5003141881953777,0.503354929608846,6.064,345,345,0.3884057971014493,-0.0005084765714939,-0.0097769087460063,0.9719898716093708,6.087467873756692,6.262892290922101,5.394202898550724,5.0,0.1739130434782608,0.5768115942028985,0.2492753623188406,0.0302751888221928,-0.0219676828663854,29.213193419417035,153.76294503479804,-0.0513651401145189,-0.1569082719080749,validation
2025,500,small,common_eligible,1.0,20,451,-0.0998045914029364,-0.1370802815336925,-0.6577278822676246,0.5645627626545617,7.188,319,319,0.3322884012539185,-0.001392027559811,-0.0142608152654867,0.9325477130799252,6.139215797915754,6.583272589495467,6.633228840125392,4.0,0.2695924764890282,0.658307210031348,0.0721003134796238,0.0320337327790926,-0.0235965642112951,25.57884223204226,164.58902731122762,-0.0606386665219256,-0.1767821011319581,validation
2025,500,small,common_eligible,1.0,40,451,-0.0067586026478047,-0.0958763604113324,-0.0148130778220891,0.522148087435989,7.208,292,292,0.3082191780821918,0.001638407196102,-0.0146602212322716,1.0873663248321408,5.954379492664441,5.475964591402656,7.171232876712328,4.5,0.2979452054794521,0.6917808219178082,0.0102739726027397,0.0332247494438242,-0.0214661435578489,21.11508565098712,150.41382073234678,-0.0044933388533699,-0.0129438425811207,validation
2025,500,small,target_specific,0.5,10,451,-0.073832889247282,-0.1300838087776284,-0.6365471419766172,0.2387096061006045,2.432,359,359,0.5153203342618384,-0.001883779171332,0.0017489148556504,0.8464441439672197,3.727832244614732,4.404108967122939,2.6935933147632314,2.0,0.520891364902507,0.4568245125348189,0.022284122562674,0.0144993979291144,-0.0166179944934171,35.04557564857039,94.55011605572392,-0.0780886288957784,-0.309300033850188,validation
2025,500,small,target_specific,0.5,20,451,-0.0739431535309091,-0.1193401746000919,-0.6420831307119091,0.2243491638413902,2.268,340,340,0.5117647058823529,-0.0020241619684581,0.0016143573061685,0.840166744413406,3.617616447137945,4.3058315164137095,2.6676470588235293,2.0,0.5264705882352941,0.4705882352941176,0.0029411764705882,0.0145850747552398,-0.0168824054872971,33.38921264881394,89.12410922699473,-0.0829664993818671,-0.3295896105197224,validation
2025,500,small,target_specific,0.5,40,451,0.0267844398335614,-0.0459841035055664,0.4894099919493723,0.2051122180628923,2.076,307,307,0.511400651465798,0.0009548561145995,0.0016130198846153,1.095269041749993,3.3701196840842518,3.0769788569021905,2.690553745928338,2.0,0.5309446254071661,0.4690553745928338,0.0,0.0148177081568599,-0.0143899185070268,29.78777197080585,81.02410922699472,0.0330573703174236,0.1305843215314883,validation
2025,500,small,target_specific,0.6,10,486,-0.0788333297436827,-0.1503203913512748,-0.5798835289439991,0.3362443245130489,3.488,382,382,0.4973821989528796,-0.0017468186041403,-0.000154924602278,0.8825454009935029,5.013929246745179,5.681213953526783,3.282722513089005,2.0,0.4816753926701571,0.4738219895287958,0.0445026178010471,0.0181021288896367,-0.0195091708255121,36.570036833900495,120.36162784373742,-0.065497061776225,-0.2344525215640431,validation
2025,500,small,target_specific,0.6,20,486,-0.094129949936753,-0.1432516321122554,-0.711460335876178,0.3354811536067928,3.46,363,363,0.4903581267217631,-0.0023176204013167,-0.00098703886026,0.8515768664804071,4.826932093564341,5.668228299242319,3.382920110192837,2.0,0.4986225895316804,0.4958677685950413,0.0055096418732782,0.018103257364097,-0.0199541229988155,34.95459564692058,118.28085389198932,-0.0795817301274387,-0.2805819311301161,validation
2025,500,small,target_specific,0.6,40,486,0.0163777933928146,-0.0827589133541272,0.2373590977893581,0.3051858482035434,3.176,326,326,0.4938650306748466,0.0008101422092478,-0.0003574422184575,1.0618954329588564,4.531082897730002,4.266976537515216,3.4355828220858897,2.0,0.5061349693251533,0.4938650306748466,0.0,0.0185585644537962,-0.0176128609459929,30.88877369335436,107.15195851853224,0.0152846421281063,0.0536649831216665,validation
2025,500,small,target_specific,0.8,10,513,-0.0435848506757914,-0.1327326168368364,-0.2424739953645497,0.4511411480674118,5.36,397,397,0.4659949622166247,0.0005017318536954,-0.0040152746873651,1.0316350723131165,6.495602611625906,6.296415065708812,4.375314861460957,3.0,0.36272040302267,0.4987405541561713,0.1385390428211587,0.0247385870357264,-0.0207979472343451,33.8213085248237,145.88762815172404,-0.0298756318325107,-0.0966102313267127,validation
2025,500,small,target_specific,0.8,20,513,-0.0681495924835479,-0.136972955004836,-0.4177311591229406,0.4795101772210016,5.892,378,378,0.4497354497354497,0.000250786730322,-0.0068919034228076,1.0144581972957911,6.651450480040216,6.556653095978499,4.896825396825397,3.0,0.4285714285714285,0.5476190476190477,0.0238095238095238,0.0252003821948611,-0.0217483689877909,31.60853500123373,150.66441357436773,-0.0452327068262269,-0.1421233494532034,validation
2025,500,small,target_specific,0.8,40,513,0.0145016226778931,-0.0994704223981648,0.1971050596839736,0.441903571929077,5.62,342,342,0.4415204678362573,0.0025724986032507,-0.0068919034228077,1.16835621241327,6.105586369850378,5.22579184753863,5.108187134502924,3.0,0.4385964912280701,0.5584795321637427,0.0029239766081871,0.0257191312271474,-0.0196164848885455,27.550321941659806,137.7464159750397,0.010527767691989,0.0328162603768691,validation
2025,500,small,target_specific,1.0,10,522,-0.0591376824483617,-0.1311173490169509,-0.3364393954350131,0.5271614424316984,6.932,399,399,0.4360902255639097,0.0009557878451678,-0.0068155757475522,1.0554121731641806,7.263589886317797,6.882230536095843,5.343358395989975,5.0,0.2406015037593984,0.5162907268170426,0.2431077694235588,0.030062422761613,-0.0221209653522653,31.711187833965507,162.3355230831297,-0.0364292924464093,-0.112181350319497,validation
2025,500,small,target_specific,1.0,20,522,-0.0802806904771069,-0.1289610829551616,-0.4915406986270291,0.5867657789892414,8.448,376,376,0.3962765957446808,0.000736883979504,-0.0113468322881986,1.0380092679752546,7.566563571883771,7.28949519559025,6.617021276595745,4.0,0.3404255319148936,0.5877659574468085,0.0718085106382978,0.031884641137307,-0.0235921165819834,27.54854181388273,172.39601892281215,-0.046567601142258,-0.1368189716438438,validation
2025,500,small,target_specific,1.0,40,522,0.0215885497821186,-0.1004048462617428,0.2515126376357138,0.5499278745743904,8.604,344,344,0.3808139534883721,0.003534917304374,-0.0121268118927903,1.199594179428567,7.308431462874785,6.0924199101701175,7.252906976744186,4.5,0.3720930232558139,0.6162790697674418,0.0116279069767441,0.0330816511463493,-0.0218307262784576,22.584890060499166,159.3155893375583,0.0135508080984948,0.0392570567528093,validation
2025,500,large,common_eligible,0.5,10,529,0.0224472437015552,-0.0885451010087686,0.3042940708254972,0.4181571964509104,5.688,309,309,0.5048543689320388,0.0032849704618363,0.000498750375,1.2130270333194555,5.779971653068678,4.76491578036126,5.601941747572815,5.0,0.372168284789644,0.4045307443365696,0.2233009708737864,0.0283995672544559,-0.0239683093305958,22.61430849203763,126.92435954823183,0.0176855284371359,0.0536813521136911,validation
2025,500,large,common_eligible,0.5,20,529,0.0701914441052209,-0.0691672816012596,0.8221410533878019,0.4749017530865724,6.816,288,288,0.5138888888888888,0.0051290041620957,0.0024063973771231,1.3054311794905933,6.313441363982271,4.8362881652986935,6.916666666666667,5.0,0.4791666666666667,0.4652777777777778,0.0555555555555555,0.0307313314716035,-0.0250312401775326,19.874222759329392,138.5658429820581,0.0506556613048639,0.1478020319971852,validation
2025,500,large,common_eligible,0.5,40,529,0.0312374627181983,-0.0618063301631761,0.4059723460775088,0.4487841197269011,6.588,255,255,0.4980392156862745,0.0043739161378487,-9.464264472458517e-06,1.2440462967304813,5.685582337579844,4.570233722428425,7.458823529411765,5.0,0.5019607843137255,0.4941176470588235,0.0039215686274509,0.0307801261956953,-0.0253165910637867,17.098466977717806,129.1473086633303,0.0241874670417099,0.0696046525380785,validation
2025,500,large,common_eligible,0.6,10,529,0.7179521704012026,-0.0870686948411569,1.0547598215352838,0.4590660237020081,7.016,324,324,0.5154320987654321,0.0266025907497493,0.0025351955051595,2.7878025282112984,13.44037555577028,4.821136152851491,6.41358024691358,6.0,0.2561728395061728,0.3919753086419753,0.3518518518518518,0.0540482429996808,-0.0240319936518049,21.15939906256328,136.10119083894804,0.5275135110689615,1.563940987423727,validation
2025,500,large,common_eligible,0.6,20,529,0.1446401144055913,-0.083553505294092,1.025809200515628,0.5682634850597905,9.3,300,300,0.4933333333333333,0.0301928496711715,-0.0039972243514277,2.749845405062505,14.234229268564748,5.176374367213272,8.75,6.0,0.3833333333333333,0.4733333333333333,0.1433333333333333,0.0600506023927632,-0.0259557446651368,17.916813967791146,159.57524756512478,0.0906406956044744,0.2545300168114318,validation
2025,500,large,common_eligible,0.6,40,529,0.000755808198499,-0.0948687706229771,0.0585319075480212,0.5417256596598008,9.844,269,269,0.4646840148698885,0.0066285809409216,-0.0078792690847556,1.331126176662922,7.168009184761102,5.384920911653172,10.148698884758364,6.0,0.4535315985130111,0.5278810408921933,0.0185873605947955,0.0388020653475658,-0.0272420172798212,15.658029590247017,150.36699361088898,0.0005026423554459,0.0013951862626808,validation
2025,500,large,common_eligible,0.8,10,529,0.7279055037280917,-0.0812804943527766,1.0586884749419048,0.4957183396303803,7.844,322,322,0.5,0.0268677272849722,-0.0006120198064685,2.7019966269909865,13.734501799792582,5.083093614031517,7.090062111801243,10.0,0.0993788819875776,0.4068322981366459,0.4937888198757764,0.0585874758208391,-0.0248209367478362,20.52374074081928,144.27374040776976,0.5045308326177498,1.4683852614184818,validation
2025,500,large,common_eligible,0.8,20,529,0.1175405363936075,-0.0866658942264234,0.841712961088853,0.6393371465416228,11.872,297,297,0.441077441077441,0.0298602581910339,-0.0088427352796859,2.52982806105855,14.66555120702171,5.797054524284642,10.993265993265991,10.0,0.1986531986531986,0.5050505050505051,0.2962962962962963,0.0689767400025698,-0.0274212503270641,16.403701800772218,174.84271092235852,0.0672264435695023,0.1838475005393031,validation
2025,500,large,common_eligible,0.8,40,529,0.0411128795652764,-0.1005874299762815,0.4508649177123608,0.62435181902803,14.748,267,267,0.3670411985018726,0.0074335457362997,-0.0174345559760855,1.3138493120317278,8.308672793305073,6.323916081713052,14.808988764044944,11.0,0.3033707865168539,0.6179775280898876,0.0786516853932584,0.0510882277488652,-0.0293544794631895,12.96318464789807,167.22507970498538,0.0245853550423218,0.0658488985093045,validation
2025,500,large,common_eligible,1.0,10,529,0.732404806536586,-0.0894028290120484,1.0611354603711782,0.5104954266800867,7.476,301,301,0.4584717607973422,0.0268075286473621,-0.0056349698961554,2.558153238229183,13.247674955981037,5.1786088331250255,7.209302325581396,10.0,0.0265780730897009,0.4385382059800664,0.5348837209302325,0.0617720116433244,-0.0259032624568143,20.185016181066203,147.54352065282563,0.4963991663584853,1.4346941583779629,validation
2025,500,large,common_eligible,1.0,20,529,0.0149532795563194,-0.1228569322130501,0.1723677561762011,0.6633606477644847,11.66,271,271,0.3763837638376384,0.027311973245911,-0.0141465133330767,2.181249303482767,13.66740643338585,6.26586168374395,11.756457564575646,13.0,0.0959409594095941,0.5719557195571956,0.3321033210332103,0.0758465326781359,-0.0298356897203359,15.927427903727748,179.46609859414826,0.008332091505558,0.0225417042851603,validation
2025,500,large,common_eligible,1.0,40,529,-0.0419252624825471,-0.1275986152729777,-0.3139546781303578,0.6730209281621269,14.676,236,236,0.288135593220339,-1.6915571629263343e-05,-0.021926012104652,0.999405699460562,6.7132740885780064,6.717266163482513,16.546610169491526,14.0,0.1610169491525423,0.6949152542372882,0.1440677966101695,0.0579280117998539,-0.0330395538230246,11.841250313162975,176.87371038377273,-0.0237035014370307,-0.0622941438047637,validation
2025,500,large,target_specific,0.5,10,529,0.0224472437015552,-0.0885451010087686,0.3042940708254972,0.4181571964509104,5.688,309,309,0.5048543689320388,0.0032849704618363,0.000498750375,1.2130270333194555,5.779971653068678,4.76491578036126,5.601941747572815,5.0,0.372168284789644,0.4045307443365696,0.2233009708737864,0.0283995672544559,-0.0239683093305958,22.61430849203763,126.92435954823183,0.0176855284371359,0.0536813521136911,validation
2025,500,large,target_specific,0.5,20,529,0.0701914441052209,-0.0691672816012596,0.8221410533878019,0.4749017530865724,6.816,288,288,0.5138888888888888,0.0051290041620957,0.0024063973771231,1.3054311794905933,6.313441363982271,4.8362881652986935,6.916666666666667,5.0,0.4791666666666667,0.4652777777777778,0.0555555555555555,0.0307313314716035,-0.0250312401775326,19.874222759329392,138.5658429820581,0.0506556613048639,0.1478020319971852,validation
2025,500,large,target_specific,0.5,40,529,0.0312374627181983,-0.0618063301631761,0.4059723460775088,0.4487841197269011,6.588,255,255,0.4980392156862745,0.0043739161378487,-9.464264472458517e-06,1.2440462967304813,5.685582337579844,4.570233722428425,7.458823529411765,5.0,0.5019607843137255,0.4941176470588235,0.0039215686274509,0.0307801261956953,-0.0253165910637867,17.098466977717806,129.1473086633303,0.0241874670417099,0.0696046525380785,validation
2025,500,large,target_specific,0.6,10,533,0.7041474637543903,-0.095180030247576,1.0425259467523658,0.4601650873259878,7.028,326,326,0.5153374233128835,0.0262004209781078,0.0025351955051595,2.740441588876682,13.44890626815528,4.907569029292115,6.389570552147239,6.0,0.2576687116564417,0.3926380368098159,0.3496932515337423,0.0537471521486046,-0.0241473964218899,21.403344633447897,136.56362255780698,0.5156186183156695,1.5302061871885595,validation
2025,500,large,target_specific,0.6,20,533,0.1349116395890177,-0.0913425269520015,0.964721537596126,0.569469830304512,9.312,301,301,0.4916943521594684,0.0298053887870792,-0.0045868245062835,2.7046837570821083,14.23422926856475,5.262807243653895,8.73421926910299,6.0,0.3820598006644518,0.4750830564784053,0.1428571428571428,0.0598524305195266,-0.0261536279841385,18.013303048282385,159.95045136945652,0.0843458948905347,0.2369074398847022,validation
2025,500,large,target_specific,0.6,40,533,-0.0077724993508511,-0.097877482527786,-0.0262077517810028,0.5429069357102565,9.856,270,270,0.4629629629629629,0.0062839088765455,-0.0082881751238007,1.3100979140408355,7.168009184761103,5.4713537880937935,10.125925925925928,6.0,0.4518518518518518,0.5296296296296297,0.0185185185185185,0.0386598386927545,-0.027457856562802,15.765065645478296,150.73274725332067,-0.0051564769384775,-0.0143164488047712,validation
2025,500,large,target_specific,0.8,10,535,0.7217037982235783,-0.0882107843950372,1.053275846251156,0.4990759922778575,7.88,326,326,0.5030674846625767,0.0264340611761255,0.000541728775922,2.666981291091109,13.787030433889068,5.169526490472137,7.042944785276074,10.0,0.107361963190184,0.4049079754601227,0.4877300613496932,0.0580403421365429,-0.0250105952999848,20.95527905016941,145.45388157242527,0.4961736259092015,1.4460799745738404,validation
2025,500,large,target_specific,0.8,20,535,0.1072550315772014,-0.0894626118040764,0.7761395591022461,0.6371495050978003,11.856,298,298,0.4395973154362416,0.0292954574008335,-0.0088429744587303,2.4838217048569247,14.61353370617366,5.883487400725262,10.946308724832214,10.0,0.197986577181208,0.5067114093959731,0.2953020134228188,0.0685718895702137,-0.0276992193595551,16.591595730563085,174.45582953134914,0.0614797635970817,0.1683357370900541,validation
2025,500,large,target_specific,0.8,40,535,0.0356085433987942,-0.1035518771339775,0.3976421414911269,0.6271314611516275,14.732,268,268,0.3656716417910448,0.0068892027399378,-0.0176475348445827,1.2880196298759878,8.25665529245702,6.410348958153675,14.742537313432836,10.5,0.3022388059701492,0.6194029850746269,0.0783582089552238,0.0507048064183115,-0.0296563508906006,13.147856582543422,167.89025157478773,0.0212094169046689,0.0567800303518576,validation
2025,500,large,target_specific,1.0,10,535,0.7276543956840269,-0.0940975281627699,1.05699361948092,0.5149093470950521,7.548,305,305,0.4590163934426229,0.0261618472421321,-0.0056349698961556,2.491208214799232,13.330301882539327,5.350938473689011,7.18688524590164,10.0,0.0327868852459016,0.4360655737704918,0.5311475409836065,0.0613758609246233,-0.0263080723841159,20.52081291226368,148.92614763953745,0.4886008314975352,1.413169909983596,validation
2025,500,large,target_specific,1.0,20,535,0.0108395644853738,-0.1263653030907807,0.1455995087080462,0.6607891696682033,11.672,273,273,0.3772893772893773,0.0268982689958531,-0.0141465133330767,2.155996052496429,13.695521996052475,6.352294560184571,11.688644688644688,12.0,0.0989010989010989,0.5714285714285714,0.3296703296703296,0.07539910503353,-0.0300249174442405,16.120789396306368,179.00412331302775,0.0060554831278486,0.0164039681383043,validation
2025,500,large,target_specific,1.0,40,535,-0.0391763528584448,-0.1275986152729777,-0.2883043589230242,0.6729962635893652,14.676,237,237,0.2911392405063291,0.0001017868681945,-0.0217446507830624,1.0035912657284989,6.741389651244633,6.717266163482513,16.481012658227847,14.0,0.1645569620253164,0.6919831223628692,0.1434599156118143,0.0578065621712906,-0.0330090574962691,11.940875167769038,176.9821373846883,-0.0221357666018527,-0.0582118430338696,validation
2026,300,small,common_eligible,0.5,10,63,-0.0323967877020502,-0.0360315935019297,-3.9267727146210976,0.1378080129029134,1.3770491803278688,42,42,0.3571428571428571,-0.0078101791786545,-0.0124436592043851,0.441077198033361,0.2588648402208735,0.5868923657243651,3.0,2.0,0.3333333333333333,0.6190476190476191,0.0476190476190476,0.0124179635061328,-0.0179766580808315,4.209520884435933,12.6,-0.2571173627146843,-0.2350863859046712,validation
2026,300,small,common_eligible,0.5,20,63,-0.0205845892869318,-0.0205845892869318,-2.9882125596223776,0.1035312028049677,1.0327868852459017,30,30,0.4,-0.0068994030978266,-0.0121712689681923,0.5365601661428528,0.2396391895132716,0.4466212824480723,3.1,2.0,0.4,0.6,0.0,0.0138159666588498,-0.0180424969185122,3.0098310969792528,9.3,-0.2213396697519554,-0.1988249796122734,validation
2026,300,small,common_eligible,0.5,40,63,-0.0108649098040889,-0.0187669921391451,-1.8919539387701136,0.0624331752663605,0.6229508196721312,22,22,0.4090909090909091,-0.004942671113915,-0.0121712689681923,0.6214076184264617,0.1784798109289644,0.2872185754350966,2.727272727272727,2.0,0.4090909090909091,0.5909090909090909,0.0,0.0135163619455609,-0.0169871552001673,2.200086989882319,6.0,-0.1810818300681489,-0.1740246232509502,validation
2026,300,small,common_eligible,0.6,10,63,-0.0297713983414649,-0.0363334215685113,-2.963159816530063,0.176070670333455,1.7540983606557377,42,42,0.3095238095238095,-0.0071266092958864,-0.0131632408896564,0.5106365500655115,0.3123292141457312,0.6116468045729616,3.5476190476190474,2.0,0.2619047619047619,0.6428571428571429,0.0952380952380952,0.0155633179785054,-0.0185202791184081,4.205833579817904,14.9,-0.1998080425601672,-0.1690877775672788,validation
2026,300,small,common_eligible,0.6,20,63,-0.021150321079977,-0.021150321079977,-2.386768128777308,0.1400757598061936,1.3934426229508197,30,30,0.3333333333333333,-0.0070307934125814,-0.0131632408896564,0.577010756065887,0.287726708013071,0.4986505103905141,3.8333333333333335,2.5,0.3333333333333333,0.6666666666666666,0.0,0.0175913940157309,-0.0193734428765838,3.005885542348488,11.5,-0.1839158354780613,-0.1509920139590195,validation
2026,300,small,common_eligible,0.6,40,63,-0.0066261349731628,-0.0204524184311128,-0.9137018402119016,0.0790172160138312,0.7868852459016393,22,22,0.3636363636363636,-0.0029589205481142,-0.0121712689681923,0.781032287966277,0.2321907381279111,0.2972869901864243,3.1818181818181817,2.0,0.3636363636363636,0.6363636363636364,0.0,0.0175564412826236,-0.0173119872970902,2.192024218061344,7.000000000000001,-0.0946590710451841,-0.0838568518030684,validation
2026,300,small,common_eligible,0.8,10,63,-0.0265897416406197,-0.0425626245204563,-1.9414261587634365,0.2360623558350436,2.344262295081968,42,42,0.2619047619047619,-0.0062952916110153,-0.0138272942981149,0.6222789233902963,0.4355911179070728,0.6999933655697157,4.404761904761905,3.0,0.1666666666666666,0.6904761904761905,0.1428571428571428,0.0203622568887472,-0.0208481229691631,4.204101830421962,18.5,-0.1437283331925393,-0.1126386354425787,validation
2026,300,small,common_eligible,0.8,20,63,-0.0168035283867427,-0.0224828893402201,-1.2003886612063908,0.2000553648380789,1.9836065573770487,30,30,0.2666666666666666,-0.0055414717386025,-0.0138272942981149,0.7008024734504793,0.3893892919926121,0.5556334441506897,5.033333333333333,3.5,0.2666666666666666,0.7333333333333333,0.0,0.0242583287998029,-0.0214721350032981,3.000273697752299,15.1,-0.1112816449453159,-0.0839943902546335,validation
2026,300,small,common_eligible,0.8,40,63,-0.0072984179480906,-0.0224828893402201,-0.5794578498939607,0.1323921879931714,1.3114754098360657,22,22,0.2727272727272727,-0.0032547392475984,-0.0135735411157554,0.7978821835918533,0.2826656604994328,0.3542699239465998,4.636363636363637,3.0,0.2727272727272727,0.7272727272727273,0.0,0.0243186756388134,-0.0201738401971552,2.1918785138192214,10.2,-0.0715531171381432,-0.055127255306537,validation
2026,300,small,common_eligible,1.0,10,63,-0.0291660264958142,-0.0431022295964367,-2.022161092514942,0.2613501940548464,2.5901639344262297,42,42,0.238095238095238,-0.0069757153085338,-0.0138272942981148,0.5861772716546458,0.4150043737745239,0.7079844167329458,4.761904761904762,3.5,0.0952380952380952,0.6904761904761905,0.2142857142857142,0.0228262869103519,-0.0212917087636095,4.2056476220134655,20.0,-0.1458301324790711,-0.111597493169236,validation
2026,300,small,common_eligible,1.0,20,63,-0.0117928186142353,-0.0247079659616532,-0.7085003721721738,0.237106497422255,2.344262295081968,30,30,0.2333333333333333,-0.0038578855316832,-0.0142602313024537,0.8002808674593624,0.4637600725448099,0.5794966384953083,5.766666666666667,4.0,0.2333333333333333,0.7666666666666667,0.0,0.0292283864399047,-0.0221719647744349,2.9963646150173107,17.3,-0.0681665815851752,-0.0497363789792477,validation
2026,300,small,common_eligible,1.0,40,63,-0.0060258161442073,-0.02047140784223,-0.4072871782609152,0.1524703592247772,1.5081967213114753,22,22,0.2272727272727272,-0.0027034538718103,-0.0138272942981148,0.8427115153293142,0.3186571331113912,0.3781331182912181,5.181818181818182,3.5,0.2272727272727272,0.7727272727272727,0.0,0.0293497671456859,-0.0211281535214326,2.192029811673151,11.4,-0.0528580363526963,-0.0395212300596991,validation
2026,300,small,target_specific,0.5,10,63,-0.0323967877020502,-0.0360315935019297,-3.9267727146210976,0.1378080129029134,1.3770491803278688,42,42,0.3571428571428571,-0.0078101791786545,-0.0124436592043851,0.441077198033361,0.2588648402208735,0.5868923657243651,3.0,2.0,0.3333333333333333,0.6190476190476191,0.0476190476190476,0.0124179635061328,-0.0179766580808315,4.209520884435933,12.6,-0.2571173627146843,-0.2350863859046712,validation
2026,300,small,target_specific,0.5,20,63,-0.0205845892869318,-0.0205845892869318,-2.9882125596223776,0.1035312028049677,1.0327868852459017,30,30,0.4,-0.0068994030978266,-0.0121712689681923,0.5365601661428528,0.2396391895132716,0.4466212824480723,3.1,2.0,0.4,0.6,0.0,0.0138159666588498,-0.0180424969185122,3.0098310969792528,9.3,-0.2213396697519554,-0.1988249796122734,validation
2026,300,small,target_specific,0.5,40,63,-0.0108649098040889,-0.0187669921391451,-1.8919539387701136,0.0624331752663605,0.6229508196721312,22,22,0.4090909090909091,-0.004942671113915,-0.0121712689681923,0.6214076184264617,0.1784798109289644,0.2872185754350966,2.727272727272727,2.0,0.4090909090909091,0.5909090909090909,0.0,0.0135163619455609,-0.0169871552001673,2.200086989882319,6.0,-0.1810818300681489,-0.1740246232509502,validation
2026,300,small,target_specific,0.6,10,70,-0.0281768511308285,-0.0368233433511773,-2.7274334255442514,0.1840562990257974,1.836065573770492,48,48,0.3958333333333333,-0.005890210857808,-0.0107960066957174,0.5516559709769381,0.3478796402418076,0.6306097614165962,3.333333333333333,2.0,0.3541666666666667,0.5625,0.0833333333333333,0.0141782459972216,-0.0182555400489451,4.809255286280893,16.0,-0.1761053195676785,-0.1530882196369671,validation
2026,300,small,target_specific,0.6,20,70,-0.0182284552566699,-0.0203380250932955,-2.051910655759808,0.1400576206724116,1.3934426229508197,35,35,0.4285714285714285,-0.0051755631577499,-0.0100684147513276,0.6367301211034837,0.3175057998692658,0.4986505103905139,3.4285714285714284,2.0,0.4285714285714285,0.5714285714285714,0.0,0.0160729847505931,-0.0186142643080298,3.5069311892972137,12.0,-0.1519037938055828,-0.1301496853163417,validation
2026,300,small,target_specific,0.6,40,70,-0.0050012571811721,-0.018850156515911,-0.6841913276316935,0.0790065965877078,0.7868852459016393,25,25,0.44,-0.0019512036320415,-0.0100684147513276,0.8359158240646573,0.2485068993853865,0.2972869901864242,2.92,2.0,0.44,0.56,0.0,0.0162230579753069,-0.0166611155036108,2.4922118885619144,7.300000000000001,-0.0685103723448242,-0.063301767158393,validation
2026,300,small,target_specific,0.8,10,71,-0.0267018361149872,-0.0423661258567751,-1.7650051296967968,0.2645574778027633,2.639344262295082,46,46,0.3043478260869565,-0.0057717016317386,-0.0135735411157553,0.6400903132233533,0.4721819953372455,0.7376802703972215,4.5,3.0,0.2391304347826087,0.6304347826086957,0.1304347826086956,0.0189463325735713,-0.0225003725065069,4.6080414206268285,20.700000000000003,-0.128994377367088,-0.1009301885425985,validation
2026,300,small,target_specific,0.8,20,71,-0.015772606972208,-0.0238688438364275,-1.0120671918788855,0.2171073582776458,2.1639344262295084,33,33,0.3333333333333333,-0.0047152530712313,-0.0135075424830353,0.7199532299779358,0.4000300928000542,0.5556334441506899,5.0,3.0,0.3333333333333333,0.6666666666666666,0.0,0.0224667746996727,-0.0232855221710209,3.304425833505086,16.5,-0.0955915574073215,-0.0726488825497908,validation
2026,300,small,target_specific,0.8,40,71,-0.0045082773994938,-0.0230284594247043,-0.3317234102912906,0.1382957996846288,1.3770491803278688,25,25,0.36,-0.0017465637768931,-0.0128189392962776,0.8767490789624306,0.3106058295242719,0.3542699239466,4.36,3.0,0.36,0.64,0.0,0.0226392498287121,-0.0207514316352864,2.494438693307917,10.9,-0.0413603431146228,-0.0325988020588811,validation
2026,300,small,target_specific,1.0,10,73,-0.0483383788877127,-0.0592689631831943,-2.834996576364364,0.3131067328575594,3.114754098360656,48,48,0.25,-0.0102181225062229,-0.0141035811743365,0.4608690790006339,0.4192718191562956,0.9097416994549962,4.958333333333333,4.0,0.125,0.6458333333333334,0.2291666666666666,0.0212437613343066,-0.0245680894320415,4.81897203249673,23.8,-0.203102432301314,-0.1543830707393416,validation
2026,300,small,target_specific,1.0,20,73,-0.015281433324333,-0.0262194252482284,-0.8108323667896832,0.2641272249773719,2.622950819672131,34,34,0.2941176470588235,-0.0044438100202919,-0.0138272942981149,0.7627587075869826,0.4857706751400106,0.6368602158299383,5.705882352941177,4.0,0.2941176470588235,0.7058823529411765,0.0,0.0276704994191593,-0.0241363742925031,3.4024267547313407,19.4,-0.0787702748676962,-0.0578563354294213,validation
2026,300,small,target_specific,1.0,40,73,-0.0083040522509184,-0.0262194252482284,-0.5217673738692531,0.1683120318917513,1.6721311475409837,25,25,0.28,-0.0032850300639022,-0.0136395397484754,0.8114204942943735,0.3533709440282924,0.4354966956258486,5.08,3.0,0.28,0.72,0.0,0.0288542173929134,-0.0228400114073431,2.497325904199934,12.7,-0.0653862381962083,-0.0493372467647419,validation
2026,300,large,common_eligible,0.5,10,87,0.0130577888715663,-0.018515794063995,1.0577132740682245,0.3166713226430139,4.065573770491803,55,55,0.3818181818181818,0.0008560393547783,-0.0045369284269094,1.0535019905260348,0.9270898810461974,0.8800077165333905,5.509090909090909,4.0,0.3272727272727272,0.509090909090909,0.1636363636363636,0.0298636917189278,-0.0216154657498438,4.2190579750466695,23.53283631393043,0.0554875268640556,0.0412345164777883,validation
2026,300,large,common_eligible,0.5,20,87,0.0376499086623405,-0.0136478965432971,3.1459582252145126,0.3041847856256003,4.163934426229508,49,49,0.4489795918367347,0.0072644644874184,-0.0047059903878582,1.459511526680476,1.1306047463617028,0.7746459864782012,6.183673469387755,4.0,0.4285714285714285,0.5306122448979592,0.0408163265306122,0.0351446176596669,-0.0216575587991959,3.458184623078186,22.048272626621312,0.1707612623443418,0.1237731485646397,validation
2026,300,large,common_eligible,0.5,40,87,0.0205040111265506,-0.0136478965432971,2.220203428608603,0.2897503346177473,4.065573770491803,43,43,0.4651162790697674,0.004627234398946,-0.0047059903878582,1.30728801453022,0.8464778797660408,0.6475068006113607,6.767441860465116,5.0,0.4651162790697674,0.5348837209302325,0.0,0.0312305987724601,-0.0210126508117266,2.8830033159352,20.60565800211955,0.0995067040540105,0.0707644087921435,validation
2026,300,large,common_eligible,0.6,10,87,0.0262518345050086,-0.0185160420869855,2.0984706864683407,0.3685926692297048,4.573770491803279,49,49,0.3061224489795918,0.0036136394416084,-0.0065481290558313,1.216207257239916,0.9960433055386768,0.8189749728998629,6.6938775510204085,7.0,0.2244897959183673,0.5306122448979592,0.2448979591836734,0.0355261772299985,-0.0232735027168523,3.978164185109441,26.44932326751119,0.0992533315105831,0.0712218030810826,validation
2026,300,large,common_eligible,0.6,20,87,0.045667359877124,-0.0133401923306406,3.220540036809721,0.3757653168907801,4.819672131147541,40,40,0.425,0.0135047376734183,-0.0049358187706673,1.8294455485586727,1.1914552927082314,0.6512657857714969,8.35,7.0,0.375,0.55,0.075,0.0458136166245631,-0.0237098716050085,3.085915736886097,25.96838116831086,0.1758575537733239,0.1215315991773601,validation
2026,300,large,common_eligible,0.6,40,87,0.040372675038403,-0.0096638342603623,3.3744855413135317,0.3173253282659476,4.311475409836065,34,34,0.4705882352941176,0.0149123801161294,-0.0035406500562354,2.057387329122284,0.9865244227933028,0.4795034988449018,8.735294117647058,7.0,0.4705882352941176,0.5294117647058824,0.0,0.0425657811284544,-0.0220622297697879,2.490761811258687,21.987737819787437,0.1836145008154064,0.1272280257583694,validation
2026,300,large,common_eligible,0.8,10,87,0.0127394631518429,-0.0185160426736192,0.9433695499603107,0.3797438582572219,5.114754098360656,49,49,0.2448979591836734,0.0007377619409728,-0.0076844428745816,1.041202769534032,0.9135266745260984,0.8773763394184283,7.36734693877551,9.0,0.1020408163265306,0.5306122448979592,0.3673469387755102,0.0386946439923532,-0.0243207967367071,3.618671993703954,26.634837499472443,0.0478300765007305,0.03354751597645,validation
2026,300,large,common_eligible,0.8,20,87,0.0510566266990861,-0.0167206767937313,3.3065414714493238,0.4095471187391608,6.229508196721311,42,42,0.3571428571428571,0.0140992041067166,-0.0071162859652066,1.7886136027036468,1.3430622842120794,0.7508957117299805,10.047619047619047,9.5,0.2619047619047619,0.5952380952380952,0.1428571428571428,0.0523712122354345,-0.0244268812288086,2.53593251970822,27.26430323169319,0.1872654740713702,0.1246660624942742,validation
2026,300,large,common_eligible,0.8,40,87,0.0481413631434453,-0.0167206767937313,3.2780370510985293,0.4132704511408027,6.639344262295082,36,36,0.4166666666666667,0.018921033481513,-0.0051691652642905,2.218397159292928,1.2402172787589392,0.5590600734244697,12.25,10.0,0.3888888888888889,0.5833333333333334,0.0277777777777777,0.0529976413701796,-0.0230446717812636,1.9350871570772004,26.92250125579382,0.178814600790798,0.116488761803692,validation
2026,300,large,common_eligible,1.0,10,87,0.0067584994968474,-0.0184838505663699,0.4846762616220359,0.3706288839727004,5.081967213114754,47,47,0.2340425531914893,0.0008948982724267,-0.0076844428745818,1.0504677811116836,0.8754675507210465,0.8334073319169878,7.595744680851064,10.0,0.0638297872340425,0.5319148936170213,0.4042553191489361,0.0414398760364547,-0.0242877049487951,3.4270832305135,25.81653250823017,0.0261789591405929,0.0182352206994889,validation
2026,300,large,common_eligible,1.0,20,87,0.035390187835919,-0.0149094674303665,2.2399395305579115,0.4060455137624044,6.19672131147541,38,38,0.3421052631578947,0.0129891984425864,-0.0071162859652065,1.7058782991499992,1.1928454060469715,0.6992558652286858,10.947368421052632,10.0,0.1842105263157894,0.5789473684210527,0.2368421052631578,0.0599917646203438,-0.0250133511275433,2.2674347477963868,26.708258345832032,0.1325065355354476,0.0871581796532973,validation
2026,300,large,common_eligible,1.0,40,87,0.0113933512665596,-0.0177090982896366,0.8298225392253364,0.475563979267083,7.672131147540983,32,32,0.375,0.0131933419338945,-0.006428563124843,1.6610826367284972,1.0608165449459095,0.638629603061283,15.625,10.0,0.28125,0.59375,0.125,0.0630320969986149,-0.0266873561776129,1.6834567901198112,30.33112880741808,0.0375632286516587,0.0239575572652043,validation
2026,300,large,target_specific,0.5,10,87,0.0130577888715663,-0.018515794063995,1.0577132740682245,0.3166713226430139,4.065573770491803,55,55,0.3818181818181818,0.0008560393547783,-0.0045369284269094,1.0535019905260348,0.9270898810461974,0.8800077165333905,5.509090909090909,4.0,0.3272727272727272,0.509090909090909,0.1636363636363636,0.0298636917189278,-0.0216154657498438,4.2190579750466695,23.53283631393043,0.0554875268640556,0.0412345164777883,validation
2026,300,large,target_specific,0.5,20,87,0.0376499086623405,-0.0136478965432971,3.1459582252145126,0.3041847856256003,4.163934426229508,49,49,0.4489795918367347,0.0072644644874184,-0.0047059903878582,1.459511526680476,1.1306047463617028,0.7746459864782012,6.183673469387755,4.0,0.4285714285714285,0.5306122448979592,0.0408163265306122,0.0351446176596669,-0.0216575587991959,3.458184623078186,22.048272626621312,0.1707612623443418,0.1237731485646397,validation
2026,300,large,target_specific,0.5,40,87,0.0205040111265506,-0.0136478965432971,2.220203428608603,0.2897503346177473,4.065573770491803,43,43,0.4651162790697674,0.004627234398946,-0.0047059903878582,1.30728801453022,0.8464778797660408,0.6475068006113607,6.767441860465116,5.0,0.4651162790697674,0.5348837209302325,0.0,0.0312305987724601,-0.0210126508117266,2.8830033159352,20.60565800211955,0.0995067040540105,0.0707644087921435,validation
2026,300,large,target_specific,0.6,10,89,0.0271168734555815,-0.0185160422071852,2.207685828737713,0.3624307857735933,4.590163934426229,51,51,0.3333333333333333,0.0039694645284209,-0.0051726833751042,1.2471903265036892,1.0214176638493306,0.8189749728998634,6.490196078431373,7.0,0.2549019607843137,0.5098039215686274,0.2352941176470588,0.034670273274176,-0.0227938973992208,3.9968474473198,26.09860577264274,0.1039016171661024,0.0748194538653821,validation
2026,300,large,target_specific,0.6,20,89,0.0451758029197904,-0.013347520803597,3.2133629528758125,0.3701681811991406,4.836065573770492,42,42,0.4523809523809524,0.0134658063154139,-0.0040025252399612,1.8684071505113904,1.2168296510188843,0.6512657857714972,8.023809523809524,6.5,0.4047619047619047,0.5238095238095238,0.0714285714285714,0.0442844266117995,-0.0231067142484485,3.147299891762524,25.696618435791557,0.1758044663840564,0.1220412915379321,validation
2026,300,large,target_specific,0.6,40,89,0.0398882240004569,-0.0091054512209344,3.429692208976363,0.3116796817435663,4.327868852459017,36,36,0.5,0.0147887578405292,0.0018664037799931,2.110305312769489,1.0118987811039564,0.4795034988449026,8.333333333333334,6.5,0.5,0.5,0.0,0.0409621614189028,-0.0214500818446469,2.552349560460798,21.715975087268124,0.1836814779910255,0.1279782620969015,validation
2026,300,large,target_specific,0.8,10,90,0.0199028234201468,-0.0185160426278272,1.442655614390015,0.3730135661481613,5.262295081967213,52,52,0.2884615384615384,0.0032465409340701,-0.0062990672220422,1.1924147267107192,1.0461964679900757,0.8773763394184276,7.173076923076923,9.0,0.1538461538461538,0.5,0.3461538461538461,0.039073891729854,-0.0240038840711004,3.712649257751017,26.347052291125006,0.0755409872809607,0.0533568353174624,validation
2026,300,large,target_specific,0.8,20,90,0.0520249674511086,-0.0175404993569673,3.319582545253468,0.4102947773564986,6.327868852459017,43,43,0.3720930232558139,0.0152823975062583,-0.0065481290558312,1.8751456194297929,1.408038804499089,0.7508957117299803,9.976744186046512,9.0,0.2790697674418604,0.5813953488372093,0.1395348837209302,0.052689144417692,-0.0243941897592143,2.5583999429595066,27.35110230777949,0.1902115931770367,0.1267989999441425,validation
2026,300,large,target_specific,0.8,40,90,0.0492118640491439,-0.0175404993569673,3.2532218936936026,0.4142777443350549,6.737704918032787,37,37,0.4324324324324324,0.020165776368148,-0.0051656471534765,2.334621735820101,1.3051937990459486,0.5590600734244696,12.108108108108109,10.0,0.4054054054054054,0.5675675675675675,0.027027027027027,0.0533501996053777,-0.0230440360043715,1.9576131904712688,27.02804150381798,0.1820770626025279,0.1187895433005517,validation
2026,300,large,target_specific,1.0,10,90,0.015785692779991,-0.0184838498504277,1.085010557087956,0.3727107143955973,5.180327868852459,49,49,0.2653061224489796,0.0035253618505426,-0.0065481290558315,1.2072728713332193,1.006150062593579,0.8334073319169877,7.448979591836735,10.0,0.1020408163265306,0.5102040816326531,0.3877551020408163,0.0424589585137891,-0.0239792635950141,3.480833888445952,26.0134819113677,0.0606827368738087,0.0423537402341379,validation
2026,300,large,target_specific,1.0,20,90,0.035390187835919,-0.0149094674303665,2.2399395305579115,0.4060455137624044,6.19672131147541,38,38,0.3421052631578947,0.0129891984425864,-0.0071162859652065,1.7058782991499992,1.1928454060469715,0.6992558652286858,10.947368421052632,10.0,0.1842105263157894,0.5789473684210527,0.2368421052631578,0.0599917646203438,-0.0250133511275433,2.2674347477963868,26.708258345832032,0.1325065355354476,0.0871581796532973,validation
2026,300,large,target_specific,1.0,40,90,0.0113933512665596,-0.0177090982896366,0.8298225392253364,0.475563979267083,7.672131147540983,32,32,0.375,0.0131933419338945,-0.006428563124843,1.6610826367284972,1.0608165449459095,0.638629603061283,15.625,10.0,0.28125,0.59375,0.125,0.0630320969986149,-0.0266873561776129,1.6834567901198112,30.33112880741808,0.0375632286516587,0.0239575572652043,validation
2026,500,small,common_eligible,0.5,10,99,-0.0477652918698982,-0.0502846370153385,-4.08725022067995,0.1871794201224284,1.8688524590163933,63,63,0.3968253968253968,-0.0077224034068639,-0.0115235986401074,0.4557029206287442,0.4073229142131747,0.8938343288456031,2.8095238095238093,2.0,0.3809523809523809,0.5873015873015873,0.0317460317460317,0.0121598127915413,-0.0182491166442617,6.317292758866445,17.69863720708021,-0.2698811852631796,-0.2551845274371314,validation
2026,500,small,common_eligible,0.5,20,99,-0.0263154782575287,-0.0263154782575287,-2.687193670621201,0.1364506182599212,1.360655737704918,41,41,0.4390243902439024,-0.006467938181766,-0.0110168256775066,0.5540046683535346,0.3294070036513203,0.5945924691037285,3.024390243902439,2.0,0.4390243902439024,0.5609756097560976,0.0,0.0141376306313754,-0.018567859473921,4.118665845868041,12.4,-0.2122215988510385,-0.1928571566264442,validation
2026,500,small,common_eligible,0.5,40,99,-0.0140557995566636,-0.0236822604168699,-1.9003274647017196,0.0739732898526143,0.7377049180327869,27,27,0.4444444444444444,-0.0052112707685403,-0.0115235986401074,0.6042116491919832,0.2147996106340015,0.3555039213845921,2.6666666666666665,2.0,0.4444444444444444,0.5555555555555556,0.0,0.0136140490996011,-0.0171052398137499,2.702548888031429,7.2,-0.1952194382869957,-0.1900118216273564,validation
2026,500,small,common_eligible,0.6,10,99,-0.045573680660906,-0.0525605953211907,-3.198346122135778,0.2281291080938688,2.344262295081968,63,63,0.3333333333333333,-0.007439637385412,-0.0135075424830352,0.5253277571070015,0.5187150271217378,0.987412182402696,3.2698412698412698,2.0,0.3015873015873015,0.6349206349206349,0.0634920634920634,0.0155574193677211,-0.0198992693227564,6.216200206709744,20.04451991615534,-0.2273622957872635,-0.1997714410129273,validation
2026,500,small,common_eligible,0.6,20,99,-0.0283360007686407,-0.0301140116549244,-2.2110103990612164,0.1814301058533231,1.8032786885245904,41,41,0.3658536585365853,-0.0069005058367008,-0.0128189392962776,0.5926647078947478,0.4116440204598826,0.6945647597646173,3.682926829268293,3.0,0.3658536585365853,0.6341463414634146,0.0,0.0182446426122343,-0.0210724015202043,4.119741510420733,15.1,-0.1876556342294088,-0.1561813605044629,validation
2026,500,small,common_eligible,0.6,40,99,-0.0071809574417504,-0.0239647467157485,-0.7924650226980905,0.0971378349277654,0.9672131147540984,27,27,0.4074074074074074,-0.0026052763627553,-0.0115235986401072,0.8075826455089268,0.2952298743415247,0.3655723361359198,3.185185185185185,3.0,0.4074074074074074,0.5925925925925926,0.0,0.0178965610000949,-0.0179610929538579,2.6895138867503663,8.600000000000001,-0.0834995051366325,-0.0739254426155408,validation
2026,500,small,common_eligible,0.8,10,99,-0.0431411429507837,-0.0623409954483482,-2.404842471321213,0.3055768249612242,3.1639344262295084,63,63,0.2539682539682539,-0.007405055265318,-0.0146860240972697,0.5933303269372484,0.6806496319078592,1.1471681136228955,4.063492063492063,3.0,0.1746031746031746,0.7142857142857143,0.1111111111111111,0.0207047922940078,-0.0222849512340439,6.108027507456789,24.56746564717101,-0.1756027405120297,-0.1411793677621269,validation
2026,500,small,common_eligible,0.8,20,99,-0.0269691302610124,-0.0372045444083539,-1.486850119119996,0.2685470743664224,2.6557377049180326,41,41,0.2682926829268293,-0.0064951948122479,-0.0145054137571531,0.6621195655721518,0.5218544795636246,0.7881574668657902,4.951219512195122,4.0,0.2682926829268293,0.7073170731707317,0.024390243902439,0.0253616477757381,-0.0232806364494427,4.118576568692563,20.3,-0.1328528584286327,-0.1004260810684315,validation
2026,500,small,common_eligible,0.8,40,99,-0.0068952385777129,-0.0228414237584726,-0.5060287724317711,0.1572837345949154,1.5573770491803278,27,27,0.2962962962962963,-0.0024828141493436,-0.0136395397484754,0.8474526987346107,0.3724079247180232,0.439443906750301,4.518518518518518,4.0,0.2962962962962963,0.7037037037037037,0.0,0.0252981584346095,-0.0206035352120842,2.6913173658627323,12.2,-0.0565183489976467,-0.043839489159331,validation
2026,500,small,common_eligible,1.0,10,99,-0.0376483495214247,-0.058889480076641,-1.936825050589451,0.3389957867897604,3.4918032786885247,63,63,0.238095238095238,-0.0065205047345483,-0.0146860240972696,0.64438511090149,0.7443673665095794,1.1551591647861246,4.380952380952381,4.0,0.1269841269841269,0.7142857142857143,0.1587301587301587,0.0236869844748164,-0.0225806750970082,6.105420102132404,26.568532814940376,-0.1417027796892637,-0.1110584585075495,validation
2026,500,small,common_eligible,1.0,20,99,-0.0157909127819068,-0.0385544405608166,-0.7291120260159674,0.3115862758569601,3.081967213114754,41,41,0.2439024390243902,-0.0037105600401757,-0.0168886368542059,0.8126489030212193,0.6598876995632037,0.8120206612104086,5.585365853658536,4.0,0.2439024390243902,0.7317073170731707,0.024390243902439,0.0305525716505811,-0.0237927070136891,4.106972755649183,22.9,-0.0689559510126934,-0.0506791024042276,validation
2026,500,small,common_eligible,1.0,40,99,-0.0014013300020295,-0.0204705629779025,-0.0577961697814355,0.1805991217056441,1.786885245901639,27,27,0.2592592592592592,-0.0004583361560882,-0.0140150488477545,0.9732896901749664,0.4509320248805357,0.4633071010949192,5.037037037037037,4.0,0.2592592592592592,0.7407407407407407,0.0,0.0309744252957225,-0.0213811238466806,2.6873734115583185,13.6,-0.0103038970737468,-0.0077593400720607,validation
2026,500,small,target_specific,0.5,10,99,-0.0477652918698982,-0.0502846370153385,-4.08725022067995,0.1871794201224284,1.8688524590163933,63,63,0.3968253968253968,-0.0077224034068639,-0.0115235986401074,0.4557029206287442,0.4073229142131747,0.8938343288456031,2.8095238095238093,2.0,0.3809523809523809,0.5873015873015873,0.0317460317460317,0.0121598127915413,-0.0182491166442617,6.317292758866445,17.69863720708021,-0.2698811852631796,-0.2551845274371314,validation
2026,500,small,target_specific,0.5,20,99,-0.0263154782575287,-0.0263154782575287,-2.687193670621201,0.1364506182599212,1.360655737704918,41,41,0.4390243902439024,-0.006467938181766,-0.0110168256775066,0.5540046683535346,0.3294070036513203,0.5945924691037285,3.024390243902439,2.0,0.4390243902439024,0.5609756097560976,0.0,0.0141376306313754,-0.018567859473921,4.118665845868041,12.4,-0.2122215988510385,-0.1928571566264442,validation
2026,500,small,target_specific,0.5,40,99,-0.0140557995566636,-0.0236822604168699,-1.9003274647017196,0.0739732898526143,0.7377049180327869,27,27,0.4444444444444444,-0.0052112707685403,-0.0115235986401074,0.6042116491919832,0.2147996106340015,0.3555039213845921,2.6666666666666665,2.0,0.4444444444444444,0.5555555555555556,0.0,0.0136140490996011,-0.0171052398137499,2.702548888031429,7.2,-0.1952194382869957,-0.1900118216273564,validation
2026,500,small,target_specific,0.6,10,111,-0.0428993740555843,-0.0538505280533987,-2.9399496720915184,0.2362087387083246,2.4262295081967213,73,73,0.410958904109589,-0.0060346729092853,-0.0100684147513276,0.562438968712581,0.5662567103541536,1.0067878327319877,3.0273972602739727,2.0,0.3972602739726027,0.547945205479452,0.0547945205479452,0.0140083154224813,-0.0188659756170476,7.225077862829797,21.55318353222708,-0.1990396174720066,-0.1816163715626005,validation
2026,500,small,target_specific,0.6,20,111,-0.024303509670172,-0.030114011654924,-1.88182250219372,0.1814036144874646,1.8032786885245904,50,50,0.46,-0.0048312616759571,-0.0086960065786924,0.6524159414552032,0.4534143694524168,0.6949774532502738,3.2,2.0,0.48,0.52,0.0,0.0159687229161147,-0.0191882496029301,5.02168839282707,16.0,-0.1518969354385752,-0.1339747818081731,validation
2026,500,small,target_specific,0.6,40,111,-0.0046878676923789,-0.0214739816139686,-0.5073280703460389,0.097120811360584,0.9672131147540984,33,33,0.4848484848484848,-0.0013742714593935,-0.0004126934856568,0.8760852098052254,0.3206340714615905,0.3659850296215765,2.787878787878788,2.0,0.5151515151515151,0.4848484848484848,0.0,0.0155826716332913,-0.0163801103262589,3.287006967420783,9.2,-0.0509550836128146,-0.0482684156640138,validation
2026,500,small,target_specific,0.8,10,113,-0.0394442725337957,-0.0586212503763442,-2.0012320424653103,0.3421314942246262,3.60655737704918,72,72,0.3194444444444444,-0.0063301000300674,-0.0141035811743365,0.6280154697159251,0.7694644003880751,1.2252316025529315,4.055555555555555,3.0,0.2638888888888889,0.6388888888888888,0.0972222222222222,0.0193397876674937,-0.0226421195430552,6.8969676205731165,27.65751838887392,-0.1426168175293104,-0.1152898028963643,validation
2026,500,small,target_specific,0.8,20,113,-0.0248472182866101,-0.0365351406265036,-1.219397393651981,0.3002265978801784,2.9836065573770494,49,49,0.3673469387755102,-0.0049758138683104,-0.0135075424830353,0.705727387712961,0.5847191714211111,0.8285340509683219,4.714285714285714,3.0,0.3673469387755102,0.6122448979591837,0.0204081632653061,0.0229638275179701,-0.0233805915251559,4.924044884942543,23.1,-0.107563715526451,-0.0827615489835007,validation
2026,500,small,target_specific,0.8,40,113,-0.0057575844361313,-0.0258186982545289,-0.3669045754253923,0.1779622007910076,1.7704918032786885,34,34,0.4117647058823529,-0.0016274679956865,-0.0121712689681924,0.8846778891101688,0.4244865789994894,0.479820490852833,4.176470588235294,3.0,0.4117647058823529,0.5882352941176471,0.0,0.0222544907382617,-0.0203800993133898,3.396771494703186,14.2,-0.0405463692685309,-0.0323528502712375,validation
2026,500,small,target_specific,1.0,10,115,-0.0547653066380807,-0.0652261324148857,-2.3561371020661963,0.4118745924388974,4.360655737704918,74,74,0.2702702702702703,-0.0086803601921635,-0.0154806935348356,0.5666520847082207,0.8399418985876377,1.4822885528077403,4.594594594594595,4.0,0.1756756756756756,0.6486486486486487,0.1756756756756756,0.0227575696899224,-0.0251382458347413,6.992307527232498,31.98440575955099,-0.1712250246254054,-0.1329659747006738,validation
2026,500,small,target_specific,1.0,20,115,-0.0255466427383003,-0.0374701231265325,-0.9827130803250942,0.3815481099643668,3.80327868852459,50,50,0.32,-0.0049821112755409,-0.0142602313024538,0.7563309254040826,0.773205388854691,1.022310952631737,5.64,4.0,0.32,0.66,0.02,0.0289476893211398,-0.0258671900006636,5.012958306236591,28.200000000000003,-0.0905909316961004,-0.0669552333536291,validation
2026,500,small,target_specific,1.0,40,115,-0.0152656251442968,-0.0368008057984209,-0.730291553686571,0.2381255139887611,2.377049180327869,34,34,0.3235294117647059,-0.004409178245165,-0.0138272942981149,0.7774456047467642,0.5236853321806381,0.6735973925162482,5.264705882352941,4.0,0.3235294117647059,0.6764705882352942,0.0,0.0290715303985319,-0.024724526233994,3.4038042379603928,17.900000000000002,-0.0852828220351779,-0.064107473779636,validation
2026,500,large,common_eligible,0.5,10,175,-0.0008772808082059,-0.019595340268097,-0.0245940127278931,0.3620209259256435,7.442622950819672,107,107,0.4205607476635514,0.0006641036888193,-0.004235815056013,1.0423597070121515,1.748575293842653,1.6775161991389873,5.242990654205608,4.0,0.3738317757009345,0.4766355140186916,0.1495327102803738,0.0276093070256318,-0.0218790353113273,5.546740147067008,27.603015532767778,-0.0031782064070662,-0.0024232875653881,validation
2026,500,large,common_eligible,0.5,20,175,0.0318360496119565,-0.0141602820004548,2.405004300962001,0.3450058500422625,8.278688524590164,99,99,0.4747474747474747,0.0041940208807623,-0.0032990600920643,1.2646005167644,1.9843964885664556,1.569188421370981,6.101010101010101,4.0,0.4444444444444444,0.5050505050505051,0.0505050505050505,0.0307580363950475,-0.0217023907043412,4.510732000863643,25.598809562520124,0.1243653519676496,0.0922768399667909,validation
2026,500,large,common_eligible,0.5,40,175,0.0204139976111052,-0.008333947730395,2.3359465786164453,0.3087389168573315,8.131147540983607,85,85,0.4941176470588235,0.0040816746496216,-0.0023753097246127,1.2539194811831829,1.7132902268423535,1.3663478816245156,6.8352941176470585,5.0,0.4941176470588235,0.5058823529411764,0.0,0.0311422099947523,-0.0219279134723197,3.122043082933545,22.02145557552469,0.092700491759473,0.0661205844047791,validation
2026,500,large,common_eligible,0.6,10,175,0.0044748362065596,-0.0222062637851693,0.2885454903613015,0.4000933507962974,8.918032786885245,106,106,0.3679245283018867,0.0013814508890823,-0.0058551693372727,1.0817087502154974,1.9385771553457771,1.7921433611030464,6.132075471698113,6.0,0.2452830188679245,0.5094339622641509,0.2452830188679245,0.0331022555563252,-0.0237449221710497,5.185126226003944,29.539163182936104,0.0151488252353222,0.0111844803160399,validation
2026,500,large,common_eligible,0.6,20,175,0.0126818609671268,-0.0202984423264123,0.8078809907618703,0.4088276362335693,10.655737704918034,96,96,0.3958333333333333,0.0029132680380806,-0.0077412920931349,1.1523357852634868,2.1155767742140315,1.8359030425582896,7.770833333333333,6.0,0.3333333333333333,0.5833333333333334,0.0833333333333333,0.0380174333449591,-0.0246578445544405,4.0992503880276425,28.963799161012428,0.0437852123494823,0.031020067733096,validation
2026,500,large,common_eligible,0.6,40,175,0.0156016719176361,-0.0094499816068225,1.5676356578002684,0.3480380516588273,10.885245901639344,84,84,0.4166666666666667,0.0045098786042256,-0.0075367537253041,1.2443318397985883,1.92930232024282,1.5504725174878615,8.904761904761905,7.0,0.4047619047619047,0.5833333333333334,0.0119047619047619,0.0388918579510033,-0.0244517122596891,2.893382333071114,24.090535675447843,0.0647626608549713,0.0448274889578168,validation
2026,500,large,common_eligible,0.8,10,175,-0.0244653613429046,-0.0488201282883841,-1.2837046516491828,0.4360221203386417,10.18032786885246,105,105,0.3142857142857143,-0.0002613063192568,-0.0077981413116881,0.9861522530575004,1.9539077899855288,1.9813449535074992,6.914285714285715,9.0,0.1428571428571428,0.5333333333333333,0.3238095238095238,0.038030414135875,-0.0253374681947907,4.806274549364483,31.167604873536938,-0.0784961226317301,-0.0561103673453616,validation
2026,500,large,common_eligible,0.8,20,175,-0.0078558540179171,-0.0343341571274499,-0.4365717610334847,0.4732390598993446,12.754098360655735,89,89,0.3370786516853932,0.0019932573729905,-0.0136715218066888,1.09175503495244,2.110807770823044,1.9334078646268824,9.741573033707866,9.0,0.2134831460674157,0.6292134831460674,0.1573033707865168,0.0468514799691092,-0.0267382273077392,3.600738890677741,32.109410244408025,-0.0244658932011535,-0.01660018093094,validation
2026,500,large,common_eligible,0.8,40,175,0.0060121030693862,-0.0205360484347776,0.4941914563203067,0.453089185590282,14.295081967213116,77,77,0.3636363636363636,0.0075615138870668,-0.0122318092887957,1.3679257043182689,2.1647206482107224,1.5824840789065742,12.324675324675324,9.0,0.3376623376623376,0.6363636363636364,0.0259740259740259,0.0512698468259623,-0.0261380403640593,2.383906161190162,29.602878724268063,0.020309183864803,0.0132691383078449,validation
2026,500,large,common_eligible,1.0,10,175,-0.0332646449686019,-0.0615373608446855,-1.7011919539389468,0.434765092196762,10.704918032786884,105,105,0.3142857142857143,-0.0002154154670345,-0.0077981413116881,0.9885842069052176,1.9587263294688648,1.9813449535074972,7.219047619047619,9.0,0.0571428571428571,0.5333333333333333,0.4095238095238095,0.0407490758366362,-0.0253455597916673,4.637622696916504,30.854217642751827,-0.1078123106337015,-0.0765117659297893,validation
2026,500,large,common_eligible,1.0,20,175,-0.0120283789503,-0.0394552690247481,-0.6785930956542084,0.4807894968780746,14.081967213114757,89,89,0.3258426966292135,0.0025624533926663,-0.0148476644377194,1.1167771723990143,2.180994420377302,1.9529360684299988,10.651685393258427,10.0,0.146067415730337,0.6292134831460674,0.2247191011235955,0.052377048080822,-0.0267477735737173,3.2252601610850378,32.07083098661501,-0.0375056666143767,-0.0250179736213131,validation
2026,500,large,common_eligible,1.0,40,175,0.0007462596579601,-0.0225283727855097,0.0883782754533234,0.4879761615555103,16.950819672131146,77,77,0.3376623376623376,0.0094608719153492,-0.0148476644377194,1.4203081202932664,2.461708796329693,1.7332216588477982,14.428571428571429,10.0,0.2727272727272727,0.6493506493506493,0.0779220779220779,0.0595850106979824,-0.027445293610728,2.020463966216937,31.236430619343626,0.0023890682871365,0.0015292953155361,validation
2026,500,large,target_specific,0.5,10,175,-0.0008772808082059,-0.019595340268097,-0.0245940127278931,0.3620209259256435,7.442622950819672,107,107,0.4205607476635514,0.0006641036888193,-0.004235815056013,1.0423597070121515,1.748575293842653,1.6775161991389873,5.242990654205608,4.0,0.3738317757009345,0.4766355140186916,0.1495327102803738,0.0276093070256318,-0.0218790353113273,5.546740147067008,27.603015532767778,-0.0031782064070662,-0.0024232875653881,validation
2026,500,large,target_specific,0.5,20,175,0.0318360496119565,-0.0141602820004548,2.405004300962001,0.3450058500422625,8.278688524590164,99,99,0.4747474747474747,0.0041940208807623,-0.0032990600920643,1.2646005167644,1.9843964885664556,1.569188421370981,6.101010101010101,4.0,0.4444444444444444,0.5050505050505051,0.0505050505050505,0.0307580363950475,-0.0217023907043412,4.510732000863643,25.598809562520124,0.1243653519676496,0.0922768399667909,validation
2026,500,large,target_specific,0.5,40,175,0.0204139976111052,-0.008333947730395,2.3359465786164453,0.3087389168573315,8.131147540983607,85,85,0.4941176470588235,0.0040816746496216,-0.0023753097246127,1.2539194811831829,1.7132902268423535,1.3663478816245156,6.8352941176470585,5.0,0.4941176470588235,0.5058823529411764,0.0,0.0311422099947523,-0.0219279134723197,3.122043082933545,22.02145557552469,0.092700491759473,0.0661205844047791,validation
2026,500,large,target_specific,0.6,10,177,0.0017645813727338,-0.0222014314888977,0.1360992340144182,0.4020921070880911,8.934426229508198,108,108,0.3796296296296296,0.0015908162273461,-0.0051691652642903,1.0958674156779735,1.9639515136564312,1.792143361103045,6.046296296296297,6.0,0.2592592592592592,0.5,0.2407407407407407,0.0327429661266993,-0.0235097118922756,5.296125252467911,29.787060063964606,0.0059239863516056,0.004388500399853,validation
2026,500,large,target_specific,0.6,20,177,0.0100754019315181,-0.0213512561446455,0.6333466630474931,0.4093486657319113,10.672131147540984,98,98,0.4081632653061224,0.0031127356119019,-0.0071162859652066,1.1661569717436262,2.1409511325246857,1.8359030425582905,7.642857142857143,6.0,0.3469387755102041,0.5714285714285714,0.0816326530612244,0.0375211719778483,-0.0243800021577631,4.21417931058084,29.15016292563017,0.034563792858459,0.0246132521612191,validation
2026,500,large,target_specific,0.6,40,177,0.0140648360084956,-0.0097877247950823,1.4489479555446594,0.3453860929135719,10.901639344262296,86,86,0.4302325581395348,0.0047000483844838,-0.0069633599377335,1.2606974045051245,1.954676678553474,1.550472517487862,8.732558139534884,6.5,0.4186046511627907,0.5697674418604651,0.0116279069767441,0.0383060153557829,-0.0241398949307952,3.0085274448269725,24.090567160526238,0.0583831668004132,0.0407220681349643,validation
2026,500,large,target_specific,0.8,10,178,-0.0197691711144361,-0.0450794123519048,-1.024210863948545,0.4324938554431888,10.327868852459016,108,108,0.3333333333333333,0.0009743762031667,-0.0071162859652067,1.0531117157341627,2.0865775834495075,1.9813449535074992,6.833333333333333,8.0,0.1666666666666666,0.5185185185185185,0.3148148148148148,0.038231465727722,-0.0251566397412185,4.868683045509595,31.04176434133774,-0.0636857199772948,-0.0457097155615727,validation
2026,500,large,target_specific,0.8,20,178,-0.0068676055603673,-0.0342245793685378,-0.3748060976226351,0.4739554362327755,12.852459016393444,90,90,0.3444444444444444,0.0026930714053685,-0.0129516655477422,1.1253622843465287,2.1757842911100527,1.9334078646268824,9.71111111111111,9.0,0.2222222222222222,0.6222222222222222,0.1555555555555555,0.047064711259147,-0.0266969264269449,3.604041439366047,32.162544438620905,-0.0213528055078898,-0.0144899816213827,validation
2026,500,large,target_specific,0.8,40,178,0.0067990295563555,-0.0206636470740779,0.5509697850521549,0.4530057070925952,14.39344262295082,78,78,0.3717948717948718,0.0082976037127071,-0.0112223503064723,1.4089855299134206,2.229697168497731,1.5824840789065744,12.256410256410255,9.0,0.3461538461538461,0.6282051282051282,0.0256410256410256,0.051459237200918,-0.0260980802060105,2.387147109231997,29.61134352200842,0.0229608952099801,0.0150087061816328,validation
2026,500,large,target_specific,1.0,10,178,-0.0243741304973558,-0.0529549565336634,-1.2345493985539424,0.4369313203200961,10.950819672131148,108,108,0.3333333333333333,0.0013926338036539,-0.0071162859652066,1.0759102803014535,2.1317494043021226,1.9813449535074976,7.185185185185185,9.0,0.074074074074074,0.5185185185185185,0.4074074074074074,0.0417196997688908,-0.0251645065715152,4.682145611613136,31.04433461448687,-0.0785139407883511,-0.0557848095657214,validation
2026,500,large,target_specific,1.0,20,178,-0.0120328421887682,-0.0395515604480688,-0.6781053636591935,0.4808077937750845,14.39344262295082,90,90,0.3333333333333333,0.0025926256382865,-0.0142595931222041,1.1194797470422952,2.1862723758757907,1.95293606843,10.755555555555556,10.0,0.1444444444444444,0.6222222222222222,0.2333333333333333,0.0528424121991586,-0.0270366788085981,3.222365225316371,32.06969279369541,-0.0375209150464133,-0.0250263043664325,validation
2026,500,large,target_specific,1.0,40,178,0.0003315842404707,-0.0230145713833507,0.0525218942983141,0.4881908012776845,17.442622950819672,78,78,0.3333333333333333,0.0077917726136419,-0.0148486923342333,1.3278179504907248,2.4617087963296926,1.853950532465624,14.64102564102564,10.0,0.2692307692307692,0.6538461538461539,0.0769230769230769,0.0600295595189201,-0.0286299557772338,2.0180017379743997,31.24648953709373,0.0010611887779493,0.000679210340717,validation
