year,rank_cap,target_fraction,gap_method,exhaustion_feature,strength,n,mean_trade,profit_factor,mean_entry_fraction,mean_stop_distance,mean_target_upside,mean_rr
2021,300,0.6,EXPANDING,rebound_from_low_box,STRONG,24,0.0097942484656246,1.443278721740894,0.2493312919540841,0.0487288544236368,0.0752692394884335,1.920967115773413
2021,300,0.6,EXPANDING,rebound_from_low_box,WEAK,16,-0.0030491470471919,0.8864176931755091,0.1591716711933029,0.0379616721173162,0.1025926500326771,7.060465699821092
2021,300,0.6,EXPANDING,rebound_from_low_box,Q1__STRONG,6,0.0105811901786388,1.559284995965574,0.1263443914097544,0.0283048826427869,0.1079993157169821,3.905580023461041
2021,300,0.6,EXPANDING,rebound_from_low_box,Q1__WEAK,8,9.517375585929576e-05,1.007971214703393,0.0894899256598804,0.0168122105681284,0.1113757586639175,12.370894472104364
2021,300,0.6,EXPANDING,rebound_from_low_box,Q2__STRONG,5,0.0150340924652647,1.4830681559319718,0.1918778393856481,0.0471685423744939,0.1000650507751664,2.1493214394272444
2021,300,0.6,EXPANDING,rebound_from_low_box,Q2__WEAK,2,0.1076608904367907,,0.1623734639844161,0.0403542207848169,0.108769382627072,2.695273844649684
2021,300,0.6,EXPANDING,rebound_from_low_box,Q3__STRONG,4,0.0498545394597342,,0.2540893031262489,0.0514487512338364,0.0701369751693705,1.382579376838409
2021,300,0.6,EXPANDING,rebound_from_low_box,Q3__WEAK,5,-0.034672646155833,0.2851015323460021,0.2387899757067101,0.0603167020795901,0.0898764630885186,1.5374950007460917
2021,300,0.6,EXPANDING,rebound_from_low_box,Q4__STRONG,9,-0.0114459775624557,0.6055453397427749,0.3611264721118062,0.0620028326114163,0.0419547443185775,0.7103117703673123
2021,300,0.6,EXPANDING,rebound_from_low_box,Q4__WEAK,1,-0.0915062928963622,0.0,0.3121305273114209,0.0905971173644474,0.0835552505147563,0.9222727272727276
2021,300,0.6,EXPANDING,low_progress_box,STRONG,27,0.0117404795036667,1.5340015906558473,0.2437818484269894,0.0493651759652665,0.0783638832090339,2.0121220792455388
2021,300,0.6,EXPANDING,low_progress_box,WEAK,13,-0.0100551797060832,0.6430307295013996,0.1498913721893963,0.0341553468447805,0.1024707155077941,8.057181987389988
2021,300,0.6,EXPANDING,low_progress_box,Q1__STRONG,7,0.0242202801389859,2.634315133603239,0.1208211525380892,0.0273306814044575,0.1108752581750014,4.11297258609421
2021,300,0.6,EXPANDING,low_progress_box,Q1__WEAK,7,-0.0150419185505991,0.0,0.0897482408529921,0.0161446015100779,0.1089821651983176,13.37283254499167
2021,300,0.6,EXPANDING,low_progress_box,Q2__STRONG,5,0.0110046111652257,1.3535948202138717,0.1901945737212863,0.0449729940524974,0.0960315369697005,2.1853946213762936
2021,300,0.6,EXPANDING,low_progress_box,Q2__WEAK,2,0.1177345936868881,,0.1665816281453206,0.0458430915898082,0.1188531671407368,2.605090889777061
2021,300,0.6,EXPANDING,low_progress_box,Q3__STRONG,6,0.0325736213103457,3.6731207555809537,0.2558751203582337,0.0597757529109599,0.0803246092838674,1.3694514994638003
2021,300,0.6,EXPANDING,low_progress_box,Q3__WEAK,3,-0.0564622669341008,0.0,0.2250187896297148,0.0495746659558456,0.0826608534722904,1.6670278381004315
2021,300,0.6,EXPANDING,low_progress_box,Q4__STRONG,9,-0.0114459775624557,0.6055453397427749,0.3611264721118062,0.0620028326114163,0.0419547443185775,0.7103117703673123
2021,300,0.6,EXPANDING,low_progress_box,Q4__WEAK,1,-0.0915062928963622,0.0,0.3121305273114209,0.0905971173644474,0.0835552505147563,0.9222727272727276
2021,300,0.6,FIXED_-1PCT,rebound_from_low_box,STRONG,22,0.0132044682070668,1.6117763681134123,0.2590980591666736,0.0507273723565937,0.0747147443205034,1.7786842807361332
2021,300,0.6,FIXED_-1PCT,rebound_from_low_box,WEAK,16,-0.0030491470471919,0.8864176931755091,0.1591716711933029,0.0379616721173162,0.1025926500326771,7.060465699821092
2021,300,0.6,FIXED_-1PCT,rebound_from_low_box,Q1__STRONG,5,0.0160356739217874,1.8280870432872207,0.1300351434087592,0.0308244228129241,0.1152704995068355,3.774458585230872
2021,300,0.6,FIXED_-1PCT,rebound_from_low_box,Q1__WEAK,8,9.517375585929576e-05,1.007971214703393,0.0894899256598804,0.0168122105681284,0.1113757586639175,12.370894472104364
2021,300,0.6,FIXED_-1PCT,rebound_from_low_box,Q2__STRONG,4,0.0284788927924242,1.974759081485296,0.195871530777943,0.0495148948355873,0.1023078194930545,2.083909452345281
2021,300,0.6,FIXED_-1PCT,rebound_from_low_box,Q2__WEAK,2,0.1076608904367907,,0.1623734639844161,0.0403542207848169,0.108769382627072,2.695273844649684
2021,300,0.6,FIXED_-1PCT,rebound_from_low_box,Q3__STRONG,4,0.0498545394597342,,0.2540893031262489,0.0514487512338364,0.0701369751693705,1.382579376838409
2021,300,0.6,FIXED_-1PCT,rebound_from_low_box,Q3__WEAK,5,-0.034672646155833,0.2851015323460021,0.2387899757067101,0.0603167020795901,0.0898764630885186,1.5374950007460917
2021,300,0.6,FIXED_-1PCT,rebound_from_low_box,Q4__STRONG,9,-0.0114459775624557,0.6055453397427749,0.3611264721118062,0.0620028326114163,0.0419547443185775,0.7103117703673123
2021,300,0.6,FIXED_-1PCT,rebound_from_low_box,Q4__WEAK,1,-0.0915062928963622,0.0,0.3121305273114209,0.0905971173644474,0.0835552505147563,0.9222727272727276
2021,300,0.6,FIXED_-1PCT,low_progress_box,STRONG,25,0.0148971713591792,1.6920140955064231,0.2519326480919006,0.051174777469599,0.0781234989589034,1.8942055814905023
2021,300,0.6,FIXED_-1PCT,low_progress_box,WEAK,13,-0.0100551797060832,0.6430307295013996,0.1498913721893963,0.0341553468447805,0.1024707155077941,8.057181987389988
2021,300,0.6,FIXED_-1PCT,low_progress_box,Q1__STRONG,6,0.0310388649183342,3.1394404748448346,0.1229762393919823,0.0292679313398503,0.1174139017428824,4.038270148007931
2021,300,0.6,FIXED_-1PCT,low_progress_box,Q1__WEAK,7,-0.0150419185505991,0.0,0.0897482408529921,0.0161446015100779,0.1089821651983176,13.37283254499167
2021,300,0.6,FIXED_-1PCT,low_progress_box,Q2__STRONG,4,0.0234420411673755,1.802360635401176,0.1937674486974908,0.0467704594330916,0.097265927236222,2.129000929781592
2021,300,0.6,FIXED_-1PCT,low_progress_box,Q2__WEAK,2,0.1177345936868881,,0.1665816281453206,0.0458430915898082,0.1188531671407368,2.605090889777061
2021,300,0.6,FIXED_-1PCT,low_progress_box,Q3__STRONG,6,0.0325736213103457,3.6731207555809537,0.2558751203582337,0.0597757529109599,0.0803246092838674,1.3694514994638003
2021,300,0.6,FIXED_-1PCT,low_progress_box,Q3__WEAK,3,-0.0564622669341008,0.0,0.2250187896297148,0.0495746659558456,0.0826608534722904,1.6670278381004315
2021,300,0.6,FIXED_-1PCT,low_progress_box,Q4__STRONG,9,-0.0114459775624557,0.6055453397427749,0.3611264721118062,0.0620028326114163,0.0419547443185775,0.7103117703673123
2021,300,0.6,FIXED_-1PCT,low_progress_box,Q4__WEAK,1,-0.0915062928963622,0.0,0.3121305273114209,0.0905971173644474,0.0835552505147563,0.9222727272727276
2021,300,0.8,EXPANDING,rebound_from_low_box,STRONG,24,0.0094704545513689,1.369748911691434,0.2493312919540841,0.0487288544236368,0.1166019374591238,2.894622821031218
2021,300,0.8,EXPANDING,rebound_from_low_box,WEAK,16,-0.0118495931761208,0.5943932203751461,0.1591716711933029,0.0379616721173162,0.1494440907493416,9.747287599761457
2021,300,0.8,EXPANDING,rebound_from_low_box,Q1__STRONG,6,0.0205579014729179,2.086619335654036,0.1263443914097544,0.0283048826427869,0.153434048503572,5.540773364614723
2021,300,0.8,EXPANDING,rebound_from_low_box,Q1__WEAK,8,0.0016707553874024,1.1399330076825445,0.0894899256598804,0.0168122105681284,0.1541050817412662,16.827859296139152
2021,300,0.8,EXPANDING,rebound_from_low_box,Q2__STRONG,5,0.0042055964157755,1.135132181064914,0.1918778393856481,0.0471685423744939,0.1491429151583867,3.1990952525696605
2021,300,0.8,EXPANDING,rebound_from_low_box,Q2__WEAK,2,0.0309549948791875,2.6331844400733377,0.1623734639844161,0.0403542207848169,0.158477250431035,3.927031792866247
2021,300,0.8,EXPANDING,rebound_from_low_box,Q3__STRONG,4,0.069880416635479,,0.2540893031262489,0.0514487512338364,0.1106655506371062,2.17677250245121
2021,300,0.8,EXPANDING,rebound_from_low_box,Q3__WEAK,5,-0.034672646155833,0.2851015323460021,0.2387899757067101,0.0603167020795901,0.1399408514778884,2.383326667661458
2021,300,0.8,EXPANDING,rebound_from_low_box,Q4__STRONG,9,-0.0218451275806052,0.4311026638022264,0.3611264721118062,0.0620028326114163,0.0766072699619089,1.280415693823083
2021,300,0.8,EXPANDING,rebound_from_low_box,Q4__WEAK,1,-0.0915062928963622,0.0,0.3121305273114209,0.0905971173644474,0.1416060398078242,1.563030303030304
2021,300,0.8,EXPANDING,low_progress_box,STRONG,27,0.0085808087380473,1.3235950901175146,0.2437818484269894,0.0493651759652665,0.1209402362671341,3.0161627723273856
2021,300,0.8,EXPANDING,low_progress_box,WEAK,13,-0.0149218782701813,0.4702579012732139,0.1498913721893963,0.0341553468447805,0.1480127362919858,11.076242649853318
2021,300,0.8,EXPANDING,low_progress_box,Q1__STRONG,7,0.0345724116844173,3.332847320376632,0.1208211525380892,0.0273306814044575,0.1569439047014879,5.817296781458948
2021,300,0.8,EXPANDING,low_progress_box,Q1__WEAK,7,-0.0150419185505991,0.0,0.0897482408529921,0.0161446015100779,0.1506910874344495,18.163776726655563
2021,300,0.8,EXPANDING,low_progress_box,Q2__STRONG,5,-0.0178528268406497,0.5387295538882693,0.1901945737212863,0.0449729940524974,0.1430330473104333,3.247192828501728
2021,300,0.8,EXPANDING,low_progress_box,Q2__WEAK,2,0.0861010530202508,,0.1665816281453206,0.0458430915898082,0.1737519200509185,3.80678785303608
2021,300,0.8,EXPANDING,low_progress_box,Q3__STRONG,6,0.0459242060941756,4.768722774919959,0.2558751203582337,0.0597757529109599,0.1270247300154765,2.1592686659517333
2021,300,0.8,EXPANDING,low_progress_box,Q3__WEAK,3,-0.0564622669341008,0.0,0.2250187896297148,0.0495746659558456,0.1267393599483358,2.5560371174672434
2021,300,0.8,EXPANDING,low_progress_box,Q4__STRONG,9,-0.0218451275806052,0.4311026638022264,0.3611264721118062,0.0620028326114163,0.0766072699619089,1.280415693823083
2021,300,0.8,EXPANDING,low_progress_box,Q4__WEAK,1,-0.0915062928963622,0.0,0.3121305273114209,0.0905971173644474,0.1416060398078242,1.563030303030304
2021,300,0.8,FIXED_-1PCT,rebound_from_low_box,STRONG,22,0.0128512384824241,1.5055195181324872,0.2590980591666736,0.0507273723565937,0.1165287832128692,2.7049123743148447
2021,300,0.8,FIXED_-1PCT,rebound_from_low_box,WEAK,16,-0.0118495931761208,0.5943932203751461,0.1591716711933029,0.0379616721173162,0.1494440907493416,9.747287599761457
2021,300,0.8,FIXED_-1PCT,rebound_from_low_box,Q1__STRONG,5,0.0280077274749223,2.4463275037284777,0.1300351434087592,0.0308244228129241,0.1639688069467556,5.365944780307832
2021,300,0.8,FIXED_-1PCT,rebound_from_low_box,Q1__WEAK,8,0.0016707553874024,1.1399330076825445,0.0894899256598804,0.0168122105681284,0.1541050817412662,16.827859296139152
2021,300,0.8,FIXED_-1PCT,rebound_from_low_box,Q2__STRONG,4,0.0149432727305627,1.5114697016978986,0.195871530777943,0.0495148948355873,0.1529153909359352,3.1118792697937083
2021,300,0.8,FIXED_-1PCT,rebound_from_low_box,Q2__WEAK,2,0.0309549948791875,2.6331844400733377,0.1623734639844161,0.0403542207848169,0.158477250431035,3.927031792866247
2021,300,0.8,FIXED_-1PCT,rebound_from_low_box,Q3__STRONG,4,0.069880416635479,,0.2540893031262489,0.0514487512338364,0.1106655506371062,2.17677250245121
2021,300,0.8,FIXED_-1PCT,rebound_from_low_box,Q3__WEAK,5,-0.034672646155833,0.2851015323460021,0.2387899757067101,0.0603167020795901,0.1399408514778884,2.383326667661458
2021,300,0.8,FIXED_-1PCT,rebound_from_low_box,Q4__STRONG,9,-0.0218451275806052,0.4311026638022264,0.3611264721118062,0.0620028326114163,0.0766072699619089,1.280415693823083
2021,300,0.8,FIXED_-1PCT,rebound_from_low_box,Q4__WEAK,1,-0.0915062928963622,0.0,0.3121305273114209,0.0905971173644474,0.1416060398078242,1.563030303030304
2021,300,0.8,FIXED_-1PCT,low_progress_box,STRONG,25,0.0114847269323102,1.4346812320191342,0.2519326480919006,0.051174777469599,0.1212229244350709,2.8589407753206704
2021,300,0.8,FIXED_-1PCT,low_progress_box,WEAK,13,-0.0149218782701813,0.4702579012732139,0.1498913721893963,0.0341553468447805,0.1480127362919858,11.076242649853318
2021,300,0.8,FIXED_-1PCT,low_progress_box,Q1__STRONG,6,0.0431163517213375,3.9719149924772994,0.1229762393919823,0.0292679313398503,0.1663078461037934,5.717693530677241
2021,300,0.8,FIXED_-1PCT,low_progress_box,Q1__WEAK,7,-0.0150419185505991,0.0,0.0897482408529921,0.0161446015100779,0.1506910874344495,18.163776726655563
2021,300,0.8,FIXED_-1PCT,low_progress_box,Q2__STRONG,4,-0.0126297563399688,0.6735925459980197,0.1937674486974908,0.0467704594330916,0.1452780561259935,3.172001239708792
2021,300,0.8,FIXED_-1PCT,low_progress_box,Q2__WEAK,2,0.0861010530202508,,0.1665816281453206,0.0458430915898082,0.1737519200509185,3.80678785303608
2021,300,0.8,FIXED_-1PCT,low_progress_box,Q3__STRONG,6,0.0459242060941756,4.768722774919959,0.2558751203582337,0.0597757529109599,0.1270247300154765,2.1592686659517333
2021,300,0.8,FIXED_-1PCT,low_progress_box,Q3__WEAK,3,-0.0564622669341008,0.0,0.2250187896297148,0.0495746659558456,0.1267393599483358,2.5560371174672434
2021,300,0.8,FIXED_-1PCT,low_progress_box,Q4__STRONG,9,-0.0218451275806052,0.4311026638022264,0.3611264721118062,0.0620028326114163,0.0766072699619089,1.280415693823083
2021,300,0.8,FIXED_-1PCT,low_progress_box,Q4__WEAK,1,-0.0915062928963622,0.0,0.3121305273114209,0.0905971173644474,0.1416060398078242,1.563030303030304
2021,500,0.6,EXPANDING,rebound_from_low_box,STRONG,53,-0.0035833936015257,0.8810715140093163,0.2520619914014732,0.0528488598639765,0.0786641507661375,2.1154844934494235
2021,500,0.6,EXPANDING,rebound_from_low_box,WEAK,24,-0.0035497738001799,0.8740730026820169,0.1699656392036888,0.0415239566524665,0.1026194529163817,5.5691601867681335
2021,500,0.6,EXPANDING,rebound_from_low_box,Q1__STRONG,8,0.0164142186561308,2.093203659649056,0.098367661927885,0.0235906035751804,0.1258605701119307,6.679903568248272
2021,500,0.6,EXPANDING,rebound_from_low_box,Q1__WEAK,12,0.0043150457083634,1.2777563704270147,0.1012272811492743,0.0214829341825281,0.1129405114293102,9.524916123379429
2021,500,0.6,EXPANDING,rebound_from_low_box,Q2__STRONG,10,-0.0077704272437023,0.7965742451279328,0.1929795778878558,0.0497218657095443,0.1049340664672505,2.133251086986085
2021,500,0.6,EXPANDING,rebound_from_low_box,Q2__WEAK,2,0.1076608904367907,,0.1623734639844161,0.0403542207848169,0.108769382627072,2.695273844649684
2021,500,0.6,EXPANDING,rebound_from_low_box,Q3__STRONG,18,-0.0039675383022281,0.871200583655488,0.2508934544453135,0.0526490649798484,0.0731555822439163,1.4092124330035027
2021,500,0.6,EXPANDING,rebound_from_low_box,Q3__WEAK,9,-0.0289767341868776,0.3457478833828963,0.2475078346463319,0.0630526878371974,0.089609635230282,1.4497811761455517
2021,500,0.6,EXPANDING,rebound_from_low_box,Q4__STRONG,17,-0.0101243322501637,0.6814809658103347,0.360380369997694,0.0686684069092116,0.0468337814498145,0.7048891142887853
2021,500,0.6,EXPANDING,rebound_from_low_box,Q4__WEAK,1,-0.0915062928963622,0.0,0.3121305273114209,0.0905971173644474,0.0835552505147563,0.9222727272727276
2021,500,0.6,EXPANDING,low_progress_box,STRONG,46,-0.0028802202942712,0.9026732146092524,0.2435322955959719,0.0521667792519561,0.082410778982608,1.9571933648698605
2021,500,0.6,EXPANDING,low_progress_box,WEAK,31,-0.0046007838241518,0.8436433143157401,0.201160493153287,0.0450933124793538,0.0916506783031767,5.02418154358842
2021,500,0.6,EXPANDING,low_progress_box,Q1__STRONG,9,0.0120679061674203,1.659569972685211,0.1141077634695034,0.0277674558306226,0.1219891343175437,4.500751235757681
2021,500,0.6,EXPANDING,low_progress_box,Q1__WEAK,11,0.0067711947493295,1.5249987906243556,0.0886089816353492,0.0178739033014706,0.1149334990172067,11.566496445883654
2021,500,0.6,EXPANDING,low_progress_box,Q2__STRONG,9,-0.0067890055751096,0.8230124258748414,0.1960252221385717,0.0500504732238247,0.1031475703247713,2.077214229073043
2021,500,0.6,EXPANDING,low_progress_box,Q2__WEAK,3,0.066239519537515,6.407215204496782,0.1634385692000817,0.0424909465502181,0.1128504323345688,2.676043499167612
2021,500,0.6,EXPANDING,low_progress_box,Q3__STRONG,15,-0.0003336169274009,0.9889290213406244,0.2463023819204952,0.0564053031928442,0.0809095192820669,1.4526896590380898
2021,500,0.6,EXPANDING,low_progress_box,Q3__WEAK,12,-0.0272668369342492,0.3469873381064566,0.2540930802521001,0.0557564843566153,0.0758037006860024,1.3852924578168055
2021,500,0.6,EXPANDING,low_progress_box,Q4__STRONG,13,-0.0134612296120198,0.5618292594279424,0.362827153702662,0.0656331489390224,0.0423863617067793,0.6952969780742875
2021,500,0.6,EXPANDING,low_progress_box,Q4__WEAK,5,-0.0177247912385776,0.6187949581286747,0.3443687638275224,0.0809458197227507,0.0657413665946942,0.7733053910432682
2021,500,0.6,FIXED_-1PCT,rebound_from_low_box,STRONG,53,-0.0035833936015257,0.8810715140093163,0.2520619914014732,0.0528488598639765,0.0786641507661375,2.1154844934494235
2021,500,0.6,FIXED_-1PCT,rebound_from_low_box,WEAK,24,-0.0035497738001799,0.8740730026820169,0.1699656392036888,0.0415239566524665,0.1026194529163817,5.5691601867681335
2021,500,0.6,FIXED_-1PCT,rebound_from_low_box,Q1__STRONG,8,0.0164142186561308,2.093203659649056,0.098367661927885,0.0235906035751804,0.1258605701119307,6.679903568248272
2021,500,0.6,FIXED_-1PCT,rebound_from_low_box,Q1__WEAK,12,0.0043150457083634,1.2777563704270147,0.1012272811492743,0.0214829341825281,0.1129405114293102,9.524916123379429
2021,500,0.6,FIXED_-1PCT,rebound_from_low_box,Q2__STRONG,10,-0.0077704272437023,0.7965742451279328,0.1929795778878558,0.0497218657095443,0.1049340664672505,2.133251086986085
2021,500,0.6,FIXED_-1PCT,rebound_from_low_box,Q2__WEAK,2,0.1076608904367907,,0.1623734639844161,0.0403542207848169,0.108769382627072,2.695273844649684
2021,500,0.6,FIXED_-1PCT,rebound_from_low_box,Q3__STRONG,18,-0.0039675383022281,0.871200583655488,0.2508934544453135,0.0526490649798484,0.0731555822439163,1.4092124330035027
2021,500,0.6,FIXED_-1PCT,rebound_from_low_box,Q3__WEAK,9,-0.0289767341868776,0.3457478833828963,0.2475078346463319,0.0630526878371974,0.089609635230282,1.4497811761455517
2021,500,0.6,FIXED_-1PCT,rebound_from_low_box,Q4__STRONG,17,-0.0101243322501637,0.6814809658103347,0.360380369997694,0.0686684069092116,0.0468337814498145,0.7048891142887853
2021,500,0.6,FIXED_-1PCT,rebound_from_low_box,Q4__WEAK,1,-0.0915062928963622,0.0,0.3121305273114209,0.0905971173644474,0.0835552505147563,0.9222727272727276
2021,500,0.6,FIXED_-1PCT,low_progress_box,STRONG,46,-0.0028802202942712,0.9026732146092524,0.2435322955959719,0.0521667792519561,0.082410778982608,1.9571933648698605
2021,500,0.6,FIXED_-1PCT,low_progress_box,WEAK,31,-0.0046007838241518,0.8436433143157401,0.201160493153287,0.0450933124793538,0.0916506783031767,5.02418154358842
2021,500,0.6,FIXED_-1PCT,low_progress_box,Q1__STRONG,9,0.0120679061674203,1.659569972685211,0.1141077634695034,0.0277674558306226,0.1219891343175437,4.500751235757681
2021,500,0.6,FIXED_-1PCT,low_progress_box,Q1__WEAK,11,0.0067711947493295,1.5249987906243556,0.0886089816353492,0.0178739033014706,0.1149334990172067,11.566496445883654
2021,500,0.6,FIXED_-1PCT,low_progress_box,Q2__STRONG,9,-0.0067890055751096,0.8230124258748414,0.1960252221385717,0.0500504732238247,0.1031475703247713,2.077214229073043
2021,500,0.6,FIXED_-1PCT,low_progress_box,Q2__WEAK,3,0.066239519537515,6.407215204496782,0.1634385692000817,0.0424909465502181,0.1128504323345688,2.676043499167612
2021,500,0.6,FIXED_-1PCT,low_progress_box,Q3__STRONG,15,-0.0003336169274009,0.9889290213406244,0.2463023819204952,0.0564053031928442,0.0809095192820669,1.4526896590380898
2021,500,0.6,FIXED_-1PCT,low_progress_box,Q3__WEAK,12,-0.0272668369342492,0.3469873381064566,0.2540930802521001,0.0557564843566153,0.0758037006860024,1.3852924578168055
2021,500,0.6,FIXED_-1PCT,low_progress_box,Q4__STRONG,13,-0.0134612296120198,0.5618292594279424,0.362827153702662,0.0656331489390224,0.0423863617067793,0.6952969780742875
2021,500,0.6,FIXED_-1PCT,low_progress_box,Q4__WEAK,5,-0.0177247912385776,0.6187949581286747,0.3443687638275224,0.0809458197227507,0.0657413665946942,0.7733053910432682
2021,500,0.8,EXPANDING,rebound_from_low_box,STRONG,53,-0.0011384078571071,0.9648652223671076,0.2520619914014732,0.0528488598639765,0.1225018209761756,3.153979324599231
2021,500,0.8,EXPANDING,rebound_from_low_box,WEAK,24,-0.0101199006021566,0.6600480529317782,0.1699656392036888,0.0415239566524665,0.1506672561059979,7.75888024902418
2021,500,0.8,EXPANDING,rebound_from_low_box,Q1__STRONG,8,0.0275927000482183,2.837701891527089,0.098367661927885,0.0235906035751804,0.1756776280076346,9.239871424331032
2021,500,0.8,EXPANDING,rebound_from_low_box,Q1__WEAK,12,0.0044457915782673,1.2861723874815831,0.1012272811492743,0.0214829341825281,0.1577483266332564,13.03322149783924
2021,500,0.8,EXPANDING,rebound_from_low_box,Q2__STRONG,10,-0.0093770233453004,0.7545143924979519,0.1929795778878558,0.0497218657095443,0.1564860438595155,3.177668115981448
2021,500,0.8,EXPANDING,rebound_from_low_box,Q2__WEAK,2,0.0309549948791875,2.6331844400733377,0.1623734639844161,0.0403542207848169,0.158477250431035,3.927031792866247
2021,500,0.8,EXPANDING,rebound_from_low_box,Q3__STRONG,18,-0.0013746955081625,0.9553728368536932,0.2508934544453135,0.0526490649798484,0.1150904646518379,2.2122832440046705
2021,500,0.8,EXPANDING,rebound_from_low_box,Q3__WEAK,9,-0.0296256455836645,0.3310964167232393,0.2475078346463319,0.0630526878371974,0.1404970762527754,2.2663749015274037
2021,500,0.8,EXPANDING,rebound_from_low_box,Q4__STRONG,17,-0.0095624978948527,0.7539515743006281,0.360380369997694,0.0686684069092116,0.0853345109028232,1.2731854857183804
2021,500,0.8,EXPANDING,rebound_from_low_box,Q4__WEAK,1,-0.0915062928963622,0.0,0.3121305273114209,0.0905971173644474,0.1416060398078242,1.563030303030304
2021,500,0.8,EXPANDING,low_progress_box,STRONG,46,-0.0041789546663183,0.8734930296781669,0.2435322955959719,0.0521667792519561,0.1272699650607962,2.9429244864931485
2021,500,0.8,EXPANDING,low_progress_box,WEAK,31,-0.0035800424589611,0.8783329982700764,0.201160493153287,0.0450933124793538,0.1372320085640204,7.032242058117896
2021,500,0.8,EXPANDING,low_progress_box,Q1__STRONG,9,0.0201195640360892,2.099632373472321,0.1141077634695034,0.0277674558306226,0.171907997700266,6.334334981010241
2021,500,0.8,EXPANDING,low_progress_box,Q1__WEAK,11,0.0084559111818319,1.655621837568371,0.0886089816353492,0.0178739033014706,0.1592026331234327,15.755328594511544
2021,500,0.8,EXPANDING,low_progress_box,Q2__STRONG,9,-0.0185901912193221,0.5633092024076589,0.1960252221385717,0.0500504732238247,0.1542135848409702,3.102952305430725
2021,500,0.8,EXPANDING,low_progress_box,Q2__WEAK,3,0.0451504924264235,4.685691424745394,0.1634385692000817,0.0424909465502181,0.1646308919628311,3.9013913322234814
2021,500,0.8,EXPANDING,low_progress_box,Q3__STRONG,15,0.0041728349328441,1.1384742880120542,0.2463023819204952,0.0564053031928442,0.126681126773704,2.270252878717453
2021,500,0.8,EXPANDING,low_progress_box,Q3__WEAK,12,-0.0294973211160473,0.2935695391743808,0.2540930802521001,0.0557564843566153,0.1196570957002084,2.1803899437557424
2021,500,0.8,EXPANDING,low_progress_box,Q4__STRONG,13,-0.020660676461093,0.4832004044866433,0.362827153702662,0.0656331489390224,0.07839286525538,1.260395970765717
2021,500,0.8,EXPANDING,low_progress_box,Q4__WEAK,5,0.00290400737707,1.0624561518874889,0.3443687638275224,0.0809458197227507,0.114637095367176,1.364407188057691
2021,500,0.8,FIXED_-1PCT,rebound_from_low_box,STRONG,53,-0.0011384078571071,0.9648652223671076,0.2520619914014732,0.0528488598639765,0.1225018209761756,3.153979324599231
2021,500,0.8,FIXED_-1PCT,rebound_from_low_box,WEAK,24,-0.0101199006021566,0.6600480529317782,0.1699656392036888,0.0415239566524665,0.1506672561059979,7.75888024902418
2021,500,0.8,FIXED_-1PCT,rebound_from_low_box,Q1__STRONG,8,0.0275927000482183,2.837701891527089,0.098367661927885,0.0235906035751804,0.1756776280076346,9.239871424331032
2021,500,0.8,FIXED_-1PCT,rebound_from_low_box,Q1__WEAK,12,0.0044457915782673,1.2861723874815831,0.1012272811492743,0.0214829341825281,0.1577483266332564,13.03322149783924
2021,500,0.8,FIXED_-1PCT,rebound_from_low_box,Q2__STRONG,10,-0.0093770233453004,0.7545143924979519,0.1929795778878558,0.0497218657095443,0.1564860438595155,3.177668115981448
2021,500,0.8,FIXED_-1PCT,rebound_from_low_box,Q2__WEAK,2,0.0309549948791875,2.6331844400733377,0.1623734639844161,0.0403542207848169,0.158477250431035,3.927031792866247
2021,500,0.8,FIXED_-1PCT,rebound_from_low_box,Q3__STRONG,18,-0.0013746955081625,0.9553728368536932,0.2508934544453135,0.0526490649798484,0.1150904646518379,2.2122832440046705
2021,500,0.8,FIXED_-1PCT,rebound_from_low_box,Q3__WEAK,9,-0.0296256455836645,0.3310964167232393,0.2475078346463319,0.0630526878371974,0.1404970762527754,2.2663749015274037
2021,500,0.8,FIXED_-1PCT,rebound_from_low_box,Q4__STRONG,17,-0.0095624978948527,0.7539515743006281,0.360380369997694,0.0686684069092116,0.0853345109028232,1.2731854857183804
2021,500,0.8,FIXED_-1PCT,rebound_from_low_box,Q4__WEAK,1,-0.0915062928963622,0.0,0.3121305273114209,0.0905971173644474,0.1416060398078242,1.563030303030304
2021,500,0.8,FIXED_-1PCT,low_progress_box,STRONG,46,-0.0041789546663183,0.8734930296781669,0.2435322955959719,0.0521667792519561,0.1272699650607962,2.9429244864931485
2021,500,0.8,FIXED_-1PCT,low_progress_box,WEAK,31,-0.0035800424589611,0.8783329982700764,0.201160493153287,0.0450933124793538,0.1372320085640204,7.032242058117896
2021,500,0.8,FIXED_-1PCT,low_progress_box,Q1__STRONG,9,0.0201195640360892,2.099632373472321,0.1141077634695034,0.0277674558306226,0.171907997700266,6.334334981010241
2021,500,0.8,FIXED_-1PCT,low_progress_box,Q1__WEAK,11,0.0084559111818319,1.655621837568371,0.0886089816353492,0.0178739033014706,0.1592026331234327,15.755328594511544
2021,500,0.8,FIXED_-1PCT,low_progress_box,Q2__STRONG,9,-0.0185901912193221,0.5633092024076589,0.1960252221385717,0.0500504732238247,0.1542135848409702,3.102952305430725
2021,500,0.8,FIXED_-1PCT,low_progress_box,Q2__WEAK,3,0.0451504924264235,4.685691424745394,0.1634385692000817,0.0424909465502181,0.1646308919628311,3.9013913322234814
2021,500,0.8,FIXED_-1PCT,low_progress_box,Q3__STRONG,15,0.0041728349328441,1.1384742880120542,0.2463023819204952,0.0564053031928442,0.126681126773704,2.270252878717453
2021,500,0.8,FIXED_-1PCT,low_progress_box,Q3__WEAK,12,-0.0294973211160473,0.2935695391743808,0.2540930802521001,0.0557564843566153,0.1196570957002084,2.1803899437557424
2021,500,0.8,FIXED_-1PCT,low_progress_box,Q4__STRONG,13,-0.020660676461093,0.4832004044866433,0.362827153702662,0.0656331489390224,0.07839286525538,1.260395970765717
2021,500,0.8,FIXED_-1PCT,low_progress_box,Q4__WEAK,5,0.00290400737707,1.0624561518874889,0.3443687638275224,0.0809458197227507,0.114637095367176,1.364407188057691
2022,300,0.6,EXPANDING,rebound_from_low_box,STRONG,49,-0.030969263993616,0.3045890023782561,0.2414346253761512,0.0551057246469016,0.0874290751027595,1.937063568683937
2022,300,0.6,EXPANDING,rebound_from_low_box,WEAK,47,-0.0152496605844596,0.5373940881010811,0.1728174875661697,0.041771506234846,0.1077915626719963,5.72765332370227
2022,300,0.6,EXPANDING,rebound_from_low_box,Q1__STRONG,7,-0.0351397563407182,0.0,0.1117794807430593,0.0300041097700507,0.1348956205009384,4.887437603101583
2022,300,0.6,EXPANDING,rebound_from_low_box,Q1__WEAK,18,-0.0149330856132481,0.3858719086571041,0.0853211133420145,0.0218809081234287,0.1359050707598796,11.965981423418777
2022,300,0.6,EXPANDING,rebound_from_low_box,Q2__STRONG,14,-0.0232567280222936,0.4139503161915525,0.1944504974525566,0.0478887632371529,0.0990985296371717,2.1053631634144483
2022,300,0.6,EXPANDING,rebound_from_low_box,Q2__WEAK,17,-0.0221035768994405,0.4414221490676735,0.1811332950594555,0.0438789724617678,0.1022417511666866,2.351808141156789
2022,300,0.6,EXPANDING,rebound_from_low_box,Q3__STRONG,18,-0.0313811286479511,0.3752738427491273,0.2543373802991328,0.0614764693406808,0.0829465388590569,1.3786706087034055
2022,300,0.6,EXPANDING,rebound_from_low_box,Q3__WEAK,7,-0.0183791478735123,0.563866445722708,0.2414726086692221,0.0574542938100372,0.0862739156432239,1.4943187412504666
2022,300,0.6,EXPANDING,rebound_from_low_box,Q4__STRONG,10,-0.0381061133326928,0.2001717834866428,0.3747460468509813,0.0713132605855431,0.0459338222145222,0.6412896399338249
2022,300,0.6,EXPANDING,rebound_from_low_box,Q4__WEAK,5,0.0112952671947873,1.392315370222521,0.3634135197516832,0.0842563716591462,0.0555769985139507,0.6742142008100156
2022,300,0.6,EXPANDING,low_progress_box,STRONG,57,-0.0323518827121609,0.2637797170423593,0.2288639308420634,0.0527025852472815,0.09081435243818,2.111072835155748
2022,300,0.6,EXPANDING,low_progress_box,WEAK,39,-0.0100043761170158,0.6819429009422215,0.1771147307959941,0.0425485626061768,0.1070207701703278,6.250888960913898
2022,300,0.6,EXPANDING,low_progress_box,Q1__STRONG,11,-0.0383970658792012,0.0,0.1182981284294627,0.0317561184054583,0.1323059206392539,4.465853486568265
2022,300,0.6,EXPANDING,low_progress_box,Q1__WEAK,14,-0.0066004364823057,0.6463560409435131,0.0726397851881134,0.0181834151537165,0.138228249296615,14.31966717792844
2022,300,0.6,EXPANDING,low_progress_box,Q2__STRONG,18,-0.0366833773246679,0.1476637250514851,0.1879143277796737,0.0451973020464656,0.0984954016769952,2.220182437693973
2022,300,0.6,EXPANDING,low_progress_box,Q2__WEAK,13,-0.003158015981429,0.9094903007256224,0.1860857754086469,0.046371829256447,0.1040439965052433,2.268656831459705
2022,300,0.6,EXPANDING,low_progress_box,Q3__STRONG,18,-0.0285186104598206,0.4133608840319303,0.251606478059079,0.0592473726831846,0.0819680134233419,1.4024035162034747
2022,300,0.6,EXPANDING,low_progress_box,Q3__WEAK,7,-0.025739908928705,0.4440906664810982,0.2484949287150748,0.0631862566435988,0.0887901239064908,1.433291264821717
2022,300,0.6,EXPANDING,low_progress_box,Q4__STRONG,10,-0.0248053809801167,0.4266722161984594,0.3832590140175978,0.0774725911501301,0.0472711490138398,0.6000216081472665
2022,300,0.6,EXPANDING,low_progress_box,Q4__WEAK,5,-0.0153061975103649,0.5923326494268821,0.3463875854184501,0.0719377105299722,0.0529023449153155,0.7567502643831328
2022,300,0.6,FIXED_-1PCT,rebound_from_low_box,STRONG,41,-0.0283209653599819,0.3586436600938438,0.2480916307019087,0.0565716512667016,0.0855807501088734,1.886161039119342
2022,300,0.6,FIXED_-1PCT,rebound_from_low_box,WEAK,43,-0.0126754863306465,0.5871145726440566,0.1706994989745138,0.0407068144604105,0.1071809834202748,5.992142876370454
2022,300,0.6,FIXED_-1PCT,rebound_from_low_box,Q1__STRONG,6,-0.0306751229489436,0.0,0.1127803153072165,0.0296699014295919,0.1324512224577907,4.9232695185201045
2022,300,0.6,FIXED_-1PCT,rebound_from_low_box,Q1__WEAK,17,-0.0123709063822539,0.4453917360994056,0.0858259007723838,0.021060122921333,0.1326094349713981,12.335156289655512
2022,300,0.6,FIXED_-1PCT,rebound_from_low_box,Q2__STRONG,9,-0.0164845044526687,0.5912887299607803,0.1949868053761841,0.0485553496058729,0.1000443429279906,2.100114496805129
2022,300,0.6,FIXED_-1PCT,rebound_from_low_box,Q2__WEAK,14,-0.0097749277269343,0.6845329233463843,0.1802144962338522,0.0426234235134251,0.101184949469067,2.360311780246968
2022,300,0.6,FIXED_-1PCT,rebound_from_low_box,Q3__STRONG,17,-0.029551437842044,0.4031337469158721,0.256105537063983,0.06147228197154,0.0817606140723517,1.3612251904832176
2022,300,0.6,FIXED_-1PCT,rebound_from_low_box,Q3__WEAK,8,-0.0246006897369564,0.4580438412367004,0.2390084701181044,0.0586748739476879,0.0898210371345665,1.5207331239462714
2022,300,0.6,FIXED_-1PCT,rebound_from_low_box,Q4__STRONG,9,-0.0362637620752032,0.2261280878153679,0.3762666209401769,0.0732657059320198,0.0470859882372415,0.6390140870346149
2022,300,0.6,FIXED_-1PCT,rebound_from_low_box,Q4__WEAK,4,-0.0002714994116882,0.9924560692279444,0.3614918586387008,0.0815610028413844,0.0548160757286453,0.6885642111895109
2022,300,0.6,FIXED_-1PCT,low_progress_box,STRONG,47,-0.0321609616721817,0.2799889072873689,0.2342681005219241,0.0537212966919804,0.0886906592696783,2.0251643802273347
2022,300,0.6,FIXED_-1PCT,low_progress_box,WEAK,37,-0.0052605484698518,0.8112489552904361,0.1757090429770788,0.0417548588975498,0.1067332988070473,6.48140595721994
2022,300,0.6,FIXED_-1PCT,low_progress_box,Q1__STRONG,9,-0.0335500039377443,0.0,0.1243072458155818,0.0312748540097981,0.1237635821231003,4.306881504918464
2022,300,0.6,FIXED_-1PCT,low_progress_box,Q1__WEAK,14,-0.0066004364823057,0.6463560409435131,0.0726397851881134,0.0181834151537165,0.138228249296615,14.31966717792844
2022,300,0.6,FIXED_-1PCT,low_progress_box,Q2__STRONG,12,-0.0371126088420262,0.1819423899663962,0.1885408176002195,0.0459189781694764,0.1000531693728037,2.20465806071684
2022,300,0.6,FIXED_-1PCT,low_progress_box,Q2__WEAK,11,0.0145583434412013,1.6344935963537102,0.1832176713142685,0.04388166705519,0.1014863951313826,2.317227151463785
2022,300,0.6,FIXED_-1PCT,low_progress_box,Q3__STRONG,18,-0.0285186104598206,0.4133608840319303,0.251606478059079,0.0592473726831846,0.0819680134233419,1.4024035162034747
2022,300,0.6,FIXED_-1PCT,low_progress_box,Q3__WEAK,7,-0.0265492818476612,0.4364612500375145,0.2481350408527322,0.0639964395429086,0.0904392135266222,1.4376328483031888
2022,300,0.6,FIXED_-1PCT,low_progress_box,Q4__STRONG,8,-0.0313661085964697,0.3361124047706211,0.387553636990518,0.0782433515129819,0.0473158090591472,0.5902040382692393
2022,300,0.6,FIXED_-1PCT,low_progress_box,Q4__WEAK,5,-0.0153061975103649,0.5923326494268821,0.3463875854184501,0.0719377105299722,0.0529023449153155,0.7567502643831328
2022,300,0.8,EXPANDING,rebound_from_low_box,STRONG,50,-0.0387217907244067,0.1924942920394497,0.2521614884241838,0.0572859503489799,0.1323356426673561,2.858334491651772
2022,300,0.8,EXPANDING,rebound_from_low_box,WEAK,47,-0.0111344512275022,0.6622309765476512,0.1728174875661697,0.041771506234846,0.1576459189742771,7.970204431603029
2022,300,0.8,EXPANDING,rebound_from_low_box,Q1__STRONG,7,-0.0351397563407182,0.0,0.1117794807430593,0.0300041097700507,0.1898621972579349,6.849916804135447
2022,300,0.8,EXPANDING,rebound_from_low_box,Q1__WEAK,18,-0.0115653537499374,0.5243709968518974,0.0853211133420145,0.0218809081234287,0.1885003970543158,16.28797523122504
2022,300,0.8,EXPANDING,rebound_from_low_box,Q2__STRONG,14,-0.0324661061580496,0.266970626091937,0.1944504974525566,0.0478887632371529,0.1480942939286134,3.1404842178859305
2022,300,0.8,EXPANDING,rebound_from_low_box,Q2__WEAK,17,-0.0190285469201726,0.5191310033941151,0.1811332950594555,0.0438789724617678,0.1509486590428382,3.469077521542387
2022,300,0.8,EXPANDING,rebound_from_low_box,Q3__STRONG,18,-0.0413874172055378,0.2543248613264031,0.2543373802991328,0.0614764693406808,0.1310875415923027,2.171560811604541
2022,300,0.8,EXPANDING,rebound_from_low_box,Q3__WEAK,7,-0.0110339631186428,0.7381662313281872,0.2414726086692221,0.0574542938100372,0.1341833187943111,2.325758321667289
2022,300,0.8,EXPANDING,rebound_from_low_box,Q4__STRONG,11,-0.0446011132657211,0.0786889162186228,0.4113852951170538,0.0797499650551131,0.0777137171727478,1.0829484813050692
2022,300,0.8,EXPANDING,rebound_from_low_box,Q4__WEAK,5,0.0171160398559405,1.5944866462234386,0.3634135197516832,0.0842563716591462,0.1021881219049829,1.232285601080019
2022,300,0.8,EXPANDING,low_progress_box,STRONG,58,-0.0307184593038827,0.3120252959134779,0.2383279626857826,0.0546235236007907,0.1363436028003704,3.094312187938073
2022,300,0.8,EXPANDING,low_progress_box,WEAK,39,-0.017377900109942,0.5006441857299916,0.1771147307959941,0.0425485626061768,0.1568772144291628,8.667851947885199
2022,300,0.8,EXPANDING,low_progress_box,Q1__STRONG,11,-0.0383970658792012,0.0,0.1182981284294627,0.0317561184054583,0.1869932669874913,6.287804648757688
2022,300,0.8,EXPANDING,low_progress_box,Q1__WEAK,14,-0.0022704955151919,0.8783494053514482,0.0726397851881134,0.0181834151537165,0.1903654707800588,19.42622290390459
2022,300,0.8,EXPANDING,low_progress_box,Q2__STRONG,18,-0.0338420089006104,0.2136827656889708,0.1879143277796737,0.0451973020464656,0.1463929695848155,3.2935765835919644
2022,300,0.8,EXPANDING,low_progress_box,Q2__WEAK,13,-0.0129888172034339,0.6740756235101935,0.1860857754086469,0.046371829256447,0.1541826050924735,3.358209108612942
2022,300,0.8,EXPANDING,low_progress_box,Q3__STRONG,18,-0.0274652067744874,0.4530823247621733,0.251606478059079,0.0592473726831846,0.1290398087921842,2.2032046882712994
2022,300,0.8,EXPANDING,low_progress_box,Q3__WEAK,7,-0.0468339327984865,0.1596487565165343,0.2484949287150748,0.0631862566435988,0.1394489174231874,2.2443883530956232
2022,300,0.8,EXPANDING,low_progress_box,Q4__STRONG,11,-0.0232520938911112,0.4766714638697357,0.4191243561776142,0.0853493564774649,0.0812011831611894,1.0329266245940891
2022,300,0.8,EXPANDING,low_progress_box,Q4__WEAK,5,-0.0298518027682011,0.2049230165687526,0.3463875854184501,0.0719377105299722,0.0945156967304113,1.3423336858441757
2022,300,0.8,FIXED_-1PCT,rebound_from_low_box,STRONG,42,-0.0376132185783906,0.2202351894642109,0.2607032056322866,0.0591322550401328,0.1299106975559871,2.781080354772114
2022,300,0.8,FIXED_-1PCT,rebound_from_low_box,WEAK,43,-0.0093674273936885,0.6948697539661511,0.1706994989745138,0.0407068144604105,0.1564769160471701,8.322857168493938
2022,300,0.8,FIXED_-1PCT,rebound_from_low_box,Q1__STRONG,6,-0.0306751229489436,0.0,0.1127803153072165,0.0296699014295919,0.1864915970869183,6.897692691360139
2022,300,0.8,FIXED_-1PCT,rebound_from_low_box,Q1__WEAK,17,-0.0088050726446308,0.6052539804227667,0.0858259007723838,0.021060122921333,0.1838326209356419,16.780208386207352
2022,300,0.8,FIXED_-1PCT,rebound_from_low_box,Q2__STRONG,9,-0.0308102037749557,0.3513429916619451,0.1949868053761841,0.0485553496058729,0.1495775737726119,3.1334859957401733
2022,300,0.8,FIXED_-1PCT,rebound_from_low_box,Q2__WEAK,14,-0.006040962752109,0.8050394936087258,0.1802144962338522,0.0426234235134251,0.1491210737965645,3.48041570699596
2022,300,0.8,FIXED_-1PCT,rebound_from_low_box,Q3__STRONG,17,-0.0401463316089005,0.2712927938696413,0.256105537063983,0.06147228197154,0.1295049127536489,2.148300253977623
2022,300,0.8,FIXED_-1PCT,rebound_from_low_box,Q3__WEAK,8,-0.0181736530764456,0.5996322331885215,0.2390084701181044,0.0586748739476879,0.1393196741619847,2.3609774985950285
2022,300,0.8,FIXED_-1PCT,rebound_from_low_box,Q4__STRONG,10,-0.0435924971272833,0.0876948392010839,0.416417736623937,0.0823508363138991,0.078951803406441,1.069674047298681
2022,300,0.8,FIXED_-1PCT,rebound_from_low_box,Q4__WEAK,4,-0.0057876099571979,0.8391844439689212,0.3614918586387008,0.0815610028413844,0.1002751019186551,1.2514189482526792
2022,300,0.8,FIXED_-1PCT,low_progress_box,STRONG,48,-0.0312572256065077,0.3131329112188324,0.2455912187980878,0.056021207380706,0.1334223059686594,2.970948734503148
2022,300,0.8,FIXED_-1PCT,low_progress_box,WEAK,37,-0.0130326413272605,0.5849100148789705,0.1757090429770788,0.0417548588975498,0.1562293513752465,8.975207942959921
2022,300,0.8,FIXED_-1PCT,low_progress_box,Q1__STRONG,9,-0.0335500039377443,0.0,0.1243072458155818,0.0312748540097981,0.1754430608340665,6.075842006557953
2022,300,0.8,FIXED_-1PCT,low_progress_box,Q1__WEAK,14,-0.0022704955151919,0.8783494053514482,0.0726397851881134,0.0181834151537165,0.1903654707800588,19.42622290390459
2022,300,0.8,FIXED_-1PCT,low_progress_box,Q2__STRONG,12,-0.03285055620594,0.2758890216396155,0.1885408176002195,0.0459189781694764,0.1487105518868972,3.272877414289121
2022,300,0.8,FIXED_-1PCT,low_progress_box,Q2__WEAK,11,0.0029401238151955,1.1020608403758698,0.1832176713142685,0.04388166705519,0.1499424158602403,3.422969535285049
2022,300,0.8,FIXED_-1PCT,low_progress_box,Q3__STRONG,18,-0.0274652067744874,0.4530823247621733,0.251606478059079,0.0592473726831846,0.1290398087921842,2.2032046882712994
2022,300,0.8,FIXED_-1PCT,low_progress_box,Q3__WEAK,7,-0.0476433057174427,0.1573634069592221,0.2481350408527322,0.0639964395429086,0.1419177645497993,2.2501771310709184
2022,300,0.8,FIXED_-1PCT,low_progress_box,Q4__STRONG,9,-0.0344240441400688,0.2862285855808632,0.4309118748557691,0.0877848690949631,0.0797822175652193,0.9989719818640724
2022,300,0.8,FIXED_-1PCT,low_progress_box,Q4__WEAK,5,-0.0298518027682011,0.2049230165687526,0.3463875854184501,0.0719377105299722,0.0945156967304113,1.3423336858441757
2022,500,0.6,EXPANDING,rebound_from_low_box,STRONG,72,-0.0225852448140334,0.4238332404542818,0.2437234663816439,0.0547204374858862,0.0829291230643221,2.010883760755517
2022,500,0.6,EXPANDING,rebound_from_low_box,WEAK,70,7.942770074322234e-05,1.0030247022289396,0.1692643866941788,0.0402222816204188,0.1055555406137767,5.022869721110255
2022,500,0.6,EXPANDING,rebound_from_low_box,Q1__STRONG,13,-0.0275054010861026,0.0,0.1091837118904085,0.0255642330654635,0.1188863169723977,4.912592659726381
2022,500,0.6,EXPANDING,rebound_from_low_box,Q1__WEAK,28,0.0036937460210285,1.1787469581770216,0.092183558508992,0.0235634670755854,0.1308757236175311,9.712846091685815
2022,500,0.6,EXPANDING,rebound_from_low_box,Q2__STRONG,17,-0.0204343059306571,0.4837483846453381,0.1910182176699549,0.0456970782856012,0.0970972184992131,2.1642011773217416
2022,500,0.6,EXPANDING,rebound_from_low_box,Q2__WEAK,26,-0.0107261702440376,0.660159920102516,0.1829477238835323,0.0417792972418262,0.095764760814237,2.313720465628322
2022,500,0.6,EXPANDING,rebound_from_low_box,Q3__STRONG,24,-0.0218431252227595,0.5063096518968281,0.2564691217848958,0.0591928230116698,0.0793463297423517,1.357601861960949
2022,500,0.6,EXPANDING,rebound_from_low_box,Q3__WEAK,11,0.0113217400758425,1.4221841786020388,0.2448780918736802,0.0589308226117919,0.0869635279939618,1.4648533454662298
2022,500,0.6,EXPANDING,rebound_from_low_box,Q4__STRONG,18,-0.0220527336846484,0.4562362553080305,0.3736740389820178,0.0783365769998604,0.0483561173159422,0.6414478609123284
2022,500,0.6,EXPANDING,rebound_from_low_box,Q4__WEAK,5,0.0112952671947873,1.392315370222521,0.3634135197516832,0.0842563716591462,0.0555769985139507,0.6742142008100156
2022,500,0.6,EXPANDING,low_progress_box,STRONG,80,-0.027561232510351,0.3211148729695577,0.2300676990587798,0.0518726827996346,0.0865223252284408,2.1174132387668045
2022,500,0.6,EXPANDING,low_progress_box,WEAK,62,0.0094245308591886,1.4136220027461834,0.1772771084414273,0.0420260740071348,0.103838688472908,5.274055679851141
2022,500,0.6,EXPANDING,low_progress_box,Q1__STRONG,17,-0.0302037552753475,0.0,0.1197744728350586,0.0287753719054102,0.1175825657809325,4.389489427851977
2022,500,0.6,EXPANDING,low_progress_box,Q1__WEAK,24,0.0108049380895989,1.6134565597081103,0.0818484106096288,0.0209554493989768,0.1337974484856745,10.88341978625676
2022,500,0.6,EXPANDING,low_progress_box,Q2__STRONG,23,-0.0309001257621319,0.254169412190843,0.1877450643784526,0.0444603585405306,0.097133553123816,2.2228014759020795
2022,500,0.6,EXPANDING,low_progress_box,Q2__WEAK,20,0.0042219632681441,1.1561907137280405,0.1842907020328331,0.042026190635525,0.0953232386904509,2.291185908752908
2022,500,0.6,EXPANDING,low_progress_box,Q3__STRONG,24,-0.0260709932237385,0.4286995042972269,0.2524000776443442,0.0569038264343848,0.0790919209346363,1.395220884867605
2022,500,0.6,EXPANDING,low_progress_box,Q3__WEAK,11,0.0205461793507058,1.863843861589353,0.2537560063621566,0.0639249969622319,0.0875186017562499,1.3827754773062522
2022,500,0.6,EXPANDING,low_progress_box,Q4__STRONG,16,-0.0221892519530258,0.4826402912555085,0.3745944713961072,0.0795220762950845,0.0494127859825234,0.6351252278306487
2022,500,0.6,EXPANDING,low_progress_box,Q4__WEAK,7,0.0020793086998111,1.0775328278197305,0.364241251156717,0.0798552890816951,0.0510986469337627,0.6793041221688013
2022,500,0.6,FIXED_-1PCT,rebound_from_low_box,STRONG,65,-0.0243271753487989,0.4061297164059503,0.2461047907079762,0.0548149150550784,0.0820650902264268,1.9735256535134047
2022,500,0.6,FIXED_-1PCT,rebound_from_low_box,WEAK,67,-0.0011234390844194,0.9582455425214216,0.1664947231707889,0.0396830638488806,0.1066645157211371,5.152519005639372
2022,500,0.6,FIXED_-1PCT,rebound_from_low_box,Q1__STRONG,12,-0.0277558715198711,0.0,0.1110958102054349,0.0257342921939585,0.1171151650417525,4.825521480661025
2022,500,0.6,FIXED_-1PCT,rebound_from_low_box,Q1__WEAK,28,0.0036140916778946,1.1742207882480435,0.093041205461403,0.0233691415898012,0.1293996673326716,9.6865996351242
2022,500,0.6,FIXED_-1PCT,rebound_from_low_box,Q2__STRONG,13,-0.0175027181383395,0.5768378682745979,0.1927563729203356,0.046142173658325,0.0964276478548456,2.1415823969968533
2022,500,0.6,FIXED_-1PCT,rebound_from_low_box,Q2__WEAK,24,-0.012496588701028,0.6169171499508806,0.183765260598262,0.0429144272193883,0.0978111982147174,2.2969308312280696
2022,500,0.6,FIXED_-1PCT,rebound_from_low_box,Q3__STRONG,23,-0.0254914988644015,0.4478566733373592,0.2562735453808646,0.0597253563226306,0.0801445417106334,1.3601437720012302
2022,500,0.6,FIXED_-1PCT,rebound_from_low_box,Q3__WEAK,11,0.0113217400758425,1.4221841786020388,0.2448780918736802,0.0589308226117919,0.0869635279939618,1.4648533454662298
2022,500,0.6,FIXED_-1PCT,rebound_from_low_box,Q4__STRONG,17,-0.0255503605737547,0.4049941103742454,0.3684433695193524,0.075330971721992,0.0489391178093618,0.6617077525559774
2022,500,0.6,FIXED_-1PCT,rebound_from_low_box,Q4__WEAK,4,-0.0002714994116882,0.9924560692279444,0.3614918586387008,0.0815610028413844,0.0548160757286453,0.6885642111895109
2022,500,0.6,FIXED_-1PCT,low_progress_box,STRONG,71,-0.0307338618819215,0.2851758847851188,0.2303452016735917,0.0513148518746412,0.0859136744730535,2.0930077116756034
2022,500,0.6,FIXED_-1PCT,low_progress_box,WEAK,61,0.0086158586440719,1.3720322621274148,0.1770073529448574,0.0422685290714029,0.1046046316466743,5.326137595528548
2022,500,0.6,FIXED_-1PCT,low_progress_box,Q1__STRONG,16,-0.030699650337986,0.0,0.1233713512970882,0.0287635428291559,0.113589618884978,4.245560792577985
2022,500,0.6,FIXED_-1PCT,low_progress_box,Q1__WEAK,24,0.0108049380895989,1.6134565597081103,0.0818484106096288,0.0209554493989768,0.1337974484856745,10.88341978625676
2022,500,0.6,FIXED_-1PCT,low_progress_box,Q2__STRONG,18,-0.0307299552224811,0.2908406144269204,0.1902287364110101,0.0453615007333237,0.0973155311294643,2.1800139866057773
2022,500,0.6,FIXED_-1PCT,low_progress_box,Q2__WEAK,19,0.001351880493767,1.0475119292842272,0.1837937814170773,0.0428046051380904,0.0973341378387291,2.301403123764672
2022,500,0.6,FIXED_-1PCT,low_progress_box,Q3__STRONG,23,-0.0299031872132491,0.3720268166386031,0.2520275862776802,0.0573368381550288,0.0798790716504086,1.3993984045994805
2022,500,0.6,FIXED_-1PCT,low_progress_box,Q3__WEAK,11,0.0205461793507058,1.863843861589353,0.2537560063621566,0.0639249969622319,0.0875186017562499,1.3827754773062522
2022,500,0.6,FIXED_-1PCT,low_progress_box,Q4__STRONG,14,-0.0321426634499472,0.3442476494273798,0.3685582827347696,0.0748488219333955,0.0495384840812424,0.6605828416448606
2022,500,0.6,FIXED_-1PCT,low_progress_box,Q4__WEAK,7,0.0020793086998111,1.0775328278197305,0.364241251156717,0.0798552890816951,0.0510986469337627,0.6793041221688013
2022,500,0.8,EXPANDING,rebound_from_low_box,STRONG,73,-0.0270104535639177,0.3721718597747706,0.2510392788665224,0.0562190206675976,0.1271119913870911,2.973608389878097
2022,500,0.8,EXPANDING,rebound_from_low_box,WEAK,70,0.0054475446157327,1.2074490409173813,0.1692643866941788,0.0402222816204188,0.1541481480251752,7.030492961480344
2022,500,0.8,EXPANDING,rebound_from_low_box,Q1__STRONG,13,-0.0275054010861026,0.0,0.1091837118904085,0.0255642330654635,0.1670365003183516,6.883456879635177
2022,500,0.8,EXPANDING,rebound_from_low_box,Q1__WEAK,28,0.011148691038442,1.5395050443186684,0.092183558508992,0.0235634670755854,0.18235545384857,13.283794788914426
2022,500,0.8,EXPANDING,rebound_from_low_box,Q2__STRONG,17,-0.0250466826278937,0.4225628888042664,0.1910182176699549,0.0456970782856012,0.1446953174274846,3.2189349030956547
2022,500,0.8,EXPANDING,rebound_from_low_box,Q2__WEAK,26,-0.0080302293279809,0.745576126956114,0.1829477238835323,0.0417792972418262,0.1416127801662582,3.4182939541710984
2022,500,0.8,EXPANDING,rebound_from_low_box,Q3__STRONG,24,-0.0267045570750117,0.4459426989360686,0.2564691217848958,0.0591928230116698,0.1255260473270255,2.1434691492812648
2022,500,0.8,EXPANDING,rebound_from_low_box,Q3__WEAK,11,0.0174882306611557,1.652130701413719,0.2448780918736802,0.0589308226117919,0.1355949781958798,2.2864711272883067
2022,500,0.8,EXPANDING,rebound_from_low_box,Q4__STRONG,19,-0.0288152590301152,0.3840799505514959,0.3949426568133736,0.0828513366183315,0.0860660702633277,1.1275431626561734
2022,500,0.8,EXPANDING,rebound_from_low_box,Q4__WEAK,5,0.0171160398559405,1.5944866462234386,0.3634135197516832,0.0842563716591462,0.1021881219049829,1.232285601080019
2022,500,0.8,EXPANDING,low_progress_box,STRONG,81,-0.0274428058696651,0.352990204987384,0.2368295518824711,0.0532584152311306,0.1310741805322477,3.117933953461283
2022,500,0.8,EXPANDING,low_progress_box,WEAK,62,0.010200520780293,1.4098223809841046,0.1772771084414273,0.0420260740071348,0.1524602759662556,7.365407573134857
2022,500,0.8,EXPANDING,low_progress_box,Q1__STRONG,17,-0.0302037552753475,0.0,0.1197744728350586,0.0287753719054102,0.1663685450097135,6.185985903802639
2022,500,0.8,EXPANDING,low_progress_box,Q1__WEAK,24,0.0195023739432479,2.1072584707248514,0.0818484106096288,0.0209554493989768,0.1853817477805583,14.844559715009014
2022,500,0.8,EXPANDING,low_progress_box,Q2__STRONG,23,-0.0264798856890625,0.3608599246286627,0.1877450643784526,0.0444603585405306,0.1443315236785982,3.2970686345361067
2022,500,0.8,EXPANDING,low_progress_box,Q2__WEAK,20,-0.0012771098176629,0.9577889264759296,0.1842907020328331,0.042026190635525,0.1411063817991096,3.388247878337212
2022,500,0.8,EXPANDING,low_progress_box,Q3__STRONG,24,-0.0249680937959505,0.466925802142304,0.2524000776443442,0.0569038264343848,0.12442383672431,2.19362784649014
2022,500,0.8,EXPANDING,low_progress_box,Q3__WEAK,11,0.0136995835068405,1.4599508070071603,0.2537560063621566,0.0639249969622319,0.1379998013290773,2.17703396974167
2022,500,0.8,EXPANDING,low_progress_box,Q4__STRONG,17,-0.0294783419888657,0.4070324367832823,0.398311136477382,0.0844982488513038,0.0872321312915138,1.1124260562132502
2022,500,0.8,EXPANDING,low_progress_box,Q4__WEAK,7,0.0056031559311759,1.2089293062152917,0.364241251156717,0.0798552890816951,0.0947499589389152,1.2390721628917338
2022,500,0.8,FIXED_-1PCT,rebound_from_low_box,STRONG,66,-0.0288102702065093,0.362116531585973,0.2541604420272156,0.0564710073989531,0.1258280813621991,2.9202140616121186
2022,500,0.8,FIXED_-1PCT,rebound_from_low_box,WEAK,67,0.0033423031845268,1.124222183591693,0.1664947231707889,0.0396830638488806,0.1554470422444764,7.203358674185831
2022,500,0.8,FIXED_-1PCT,rebound_from_low_box,Q1__STRONG,12,-0.0277558715198711,0.0,0.1110958102054349,0.0257342921939585,0.1647316507869896,6.767361974214702
2022,500,0.8,FIXED_-1PCT,rebound_from_low_box,Q1__WEAK,28,0.0110690366953081,1.533593630177773,0.093041205461403,0.0233691415898012,0.1803226036401627,13.24879951349894
2022,500,0.8,FIXED_-1PCT,rebound_from_low_box,Q2__STRONG,13,-0.023534287665495,0.4919470343992273,0.1927563729203356,0.046142173658325,0.1439509216925693,3.1887765293291386
2022,500,0.8,FIXED_-1PCT,rebound_from_low_box,Q2__WEAK,24,-0.0106341171478855,0.6740112039989699,0.183765260598262,0.0429144272193883,0.1447197400260861,3.39590777497076
2022,500,0.8,FIXED_-1PCT,rebound_from_low_box,Q3__STRONG,23,-0.0295799393930726,0.4118566686114229,0.2562735453808646,0.0597253563226306,0.1267678410550547,2.1468583626683064
2022,500,0.8,FIXED_-1PCT,rebound_from_low_box,Q3__WEAK,11,0.0174882306611557,1.652130701413719,0.2448780918736802,0.0589308226117919,0.1355949781958798,2.2864711272883067
2022,500,0.8,FIXED_-1PCT,rebound_from_low_box,Q4__STRONG,18,-0.0323401683166143,0.345118090561816,0.3911841699781539,0.0802635293902598,0.0856028463439782,1.149663730731865
2022,500,0.8,FIXED_-1PCT,rebound_from_low_box,Q4__WEAK,4,-0.0057876099571979,0.8391844439689212,0.3614918586387008,0.0815610028413844,0.1002751019186551,1.2514189482526792
2022,500,0.8,FIXED_-1PCT,low_progress_box,STRONG,72,-0.0309142656405711,0.3131059440355956,0.237948431897261,0.0528815485118102,0.1298930796560698,3.0810180759332675
2022,500,0.8,FIXED_-1PCT,low_progress_box,WEAK,61,0.0089882558336853,1.3552932020314647,0.1770073529448574,0.0422685290714029,0.1535623518860334,7.434850127371398
2022,500,0.8,FIXED_-1PCT,low_progress_box,Q1__STRONG,16,-0.030699650337986,0.0,0.1233713512970882,0.0287635428291559,0.1610406727896894,5.994081056770649
2022,500,0.8,FIXED_-1PCT,low_progress_box,Q1__WEAK,24,0.0195023739432479,2.1072584707248514,0.0818484106096288,0.0209554493989768,0.1853817477805583,14.844559715009014
2022,500,0.8,FIXED_-1PCT,low_progress_box,Q2__STRONG,18,-0.0250818706846702,0.4211822348913896,0.1902287364110101,0.0453615007333237,0.1448745417503937,3.240018648807704
2022,500,0.8,FIXED_-1PCT,low_progress_box,Q2__WEAK,19,-0.0057732041514012,0.8187246825157911,0.1837937814170773,0.0428046051380904,0.1440470521643358,3.4018708316862303
2022,500,0.8,FIXED_-1PCT,low_progress_box,Q3__STRONG,23,-0.027767977710574,0.4318498557285191,0.2520275862776802,0.0573368381550288,0.1256177082522211,2.199197872799308
2022,500,0.8,FIXED_-1PCT,low_progress_box,Q3__WEAK,11,0.0136995835068405,1.4599508070071603,0.2537560063621566,0.0639249969622319,0.1379998013290773,2.17703396974167
2022,500,0.8,FIXED_-1PCT,low_progress_box,Q4__STRONG,15,-0.0429663707364054,0.2373963260655544,0.3958395824043035,0.0808000344545566,0.0852467952862548,1.1350745203961432
2022,500,0.8,FIXED_-1PCT,low_progress_box,Q4__WEAK,7,0.0056031559311759,1.2089293062152917,0.364241251156717,0.0798552890816951,0.0947499589389152,1.2390721628917338
2023,300,0.6,EXPANDING,rebound_from_low_box,STRONG,35,-0.0079385345733191,0.6464575171435757,0.2331711064509856,0.0421180042194805,0.068190083755355,2.2614938855530173
2023,300,0.6,EXPANDING,rebound_from_low_box,WEAK,29,-0.0065192579837047,0.7546486415639004,0.1766747449128735,0.0420294079448067,0.1006606286505038,2.9690004765771514
2023,300,0.6,EXPANDING,rebound_from_low_box,Q1__STRONG,5,-0.0180727885110563,0.0,0.1016762043039196,0.0166790246712129,0.0816863115195709,6.607789929619921
2023,300,0.6,EXPANDING,rebound_from_low_box,Q1__WEAK,10,-0.0128674884049444,0.4753903257268992,0.1139977876836001,0.0265869376234209,0.1148268669000797,4.920013455331484
2023,300,0.6,EXPANDING,rebound_from_low_box,Q2__STRONG,12,-0.0194789916404412,0.264304407108079,0.1873975091757947,0.0386954103299508,0.084654335724016,2.223945610366605
2023,300,0.6,EXPANDING,rebound_from_low_box,Q2__WEAK,11,0.0004508340630828,1.013356383685037,0.1849276597780694,0.0444378478393626,0.0989029504365926,2.269641772079932
2023,300,0.6,EXPANDING,rebound_from_low_box,Q3__STRONG,10,0.0034414740631585,1.1514433578173957,0.255608647514274,0.0516298430011492,0.068253192865058,1.3744855221082677
2023,300,0.6,EXPANDING,rebound_from_low_box,Q3__WEAK,7,-0.0105927736576283,0.5184746633280213,0.236653144631582,0.0548822117358681,0.0855769969151891,1.5551048018090594
2023,300,0.6,EXPANDING,rebound_from_low_box,Q4__STRONG,8,0.0014810489428524,1.078692082178577,0.3559688898765777,0.0512614587943562,0.0349796770625997,0.7101417250967592
2023,300,0.6,EXPANDING,rebound_from_low_box,Q4__WEAK,1,0.0088066434314955,,0.2928134556574926,0.0799916457811195,0.0839181286549706,1.0490861618798923
2023,300,0.6,EXPANDING,low_progress_box,STRONG,37,-0.0045510700589899,0.8042302581056506,0.2241481305267922,0.0420330364040366,0.0745528563195956,2.459595107760022
2023,300,0.6,EXPANDING,low_progress_box,WEAK,27,-0.0110562073855917,0.5712926431146705,0.1848546481024636,0.0421392826345132,0.0943464992028517,2.749936326961933
2023,300,0.6,EXPANDING,low_progress_box,Q1__STRONG,6,0.0086466034243573,1.8015655030279736,0.0976345597109834,0.017201592638158,0.0938380220154575,7.031313223078537
2023,300,0.6,EXPANDING,low_progress_box,Q1__WEAK,9,-0.0301020496834301,0.0,0.1180612822321887,0.0273394381957029,0.1104080105006562,4.450133873660358
2023,300,0.6,EXPANDING,low_progress_box,Q2__STRONG,11,-0.0198521170998949,0.3910908624402566,0.1827133106013203,0.0409642696923727,0.0935517663289587,2.298059637450005
2023,300,0.6,EXPANDING,low_progress_box,Q2__WEAK,12,-0.0008679530743782,0.9684752828663478,0.1894273292544814,0.0418795236313582,0.0895595878226804,2.197895900444038
2023,300,0.6,EXPANDING,low_progress_box,Q3__STRONG,13,0.0010224054878266,1.046437037331368,0.2527508140693207,0.0512095898660356,0.0703526230388837,1.4026532840821793
2023,300,0.6,EXPANDING,low_progress_box,Q3__WEAK,4,-0.0132564865783897,0.4419039670439501,0.2317244761656613,0.0586873109760262,0.0917467018878541,1.5990240351694402
2023,300,0.6,EXPANDING,low_progress_box,Q4__STRONG,7,-0.0021695994245251,0.8991329693025301,0.3445809245299596,0.0479544508922633,0.0359677175154655,0.7577129919473168
2023,300,0.6,EXPANDING,low_progress_box,Q4__WEAK,2,0.0179211154729955,,0.3642490514801986,0.077201079945063,0.0559907612737551,0.7131145095113747
2023,300,0.6,FIXED_-1PCT,rebound_from_low_box,STRONG,33,-0.0109413691938068,0.5405705450988101,0.2286735558074798,0.0420813666271333,0.0697379296418189,2.334118392251617
2023,300,0.6,FIXED_-1PCT,rebound_from_low_box,WEAK,27,-0.0044694597125432,0.8281415558187458,0.1760493827246828,0.0426815862118684,0.103066273895628,3.012157950838437
2023,300,0.6,FIXED_-1PCT,rebound_from_low_box,Q1__STRONG,5,-0.0180727885110563,0.0,0.1016762043039196,0.0166790246712129,0.0816863115195709,6.607789929619921
2023,300,0.6,FIXED_-1PCT,rebound_from_low_box,Q1__WEAK,9,-0.0122558007361048,0.5138831078540286,0.1103545167755447,0.0276087847604329,0.1216194690785944,5.123620600579468
2023,300,0.6,FIXED_-1PCT,rebound_from_low_box,Q2__STRONG,12,-0.0194789916404412,0.264304407108079,0.1873975091757947,0.0386954103299508,0.084654335724016,2.223945610366605
2023,300,0.6,FIXED_-1PCT,rebound_from_low_box,Q2__WEAK,12,-0.0020457679611588,0.9387501658417136,0.1875473244935334,0.0431127913747314,0.0948776645988509,2.228264061381393
2023,300,0.6,FIXED_-1PCT,rebound_from_low_box,Q3__STRONG,10,0.0026549371584871,1.1168315061210847,0.2611803365656492,0.0525819242780696,0.0674658688331857,1.325933012338041
2023,300,0.6,FIXED_-1PCT,rebound_from_low_box,Q3__WEAK,5,0.0010738732977374,1.0721012373690362,0.243352266601328,0.0613157245197306,0.0931528139266849,1.4854848737931905
2023,300,0.6,FIXED_-1PCT,rebound_from_low_box,Q4__STRONG,6,-0.0105837854566534,0.578241428683993,0.3628788073935342,0.0525209680998711,0.0337349005936871,0.6733799747373476
2023,300,0.6,FIXED_-1PCT,rebound_from_low_box,Q4__WEAK,1,0.0088066434314955,,0.2928134556574926,0.0799916457811195,0.0839181286549706,1.0490861618798923
2023,300,0.6,FIXED_-1PCT,low_progress_box,STRONG,34,-0.0059292845190534,0.751156593610543,0.2192727177147897,0.0417858120198324,0.0761905600640715,2.5645129393255464
2023,300,0.6,FIXED_-1PCT,low_progress_box,WEAK,26,-0.0107748046917875,0.5867749258097109,0.1863187797273238,0.0430911660669824,0.0959100781224442,2.736951218456638
2023,300,0.6,FIXED_-1PCT,low_progress_box,Q1__STRONG,6,0.0086466034243573,1.8015655030279736,0.0976345597109834,0.017201592638158,0.0938380220154575,7.031313223078537
2023,300,0.6,FIXED_-1PCT,low_progress_box,Q1__WEAK,8,-0.0315682212157962,0.0,0.1144705392792,0.0285830787963766,0.1174973309015574,4.6204569643554505
2023,300,0.6,FIXED_-1PCT,low_progress_box,Q2__STRONG,11,-0.0198521170998949,0.3910908624402566,0.1827133106013203,0.0409642696923727,0.0935517663289587,2.298059637450005
2023,300,0.6,FIXED_-1PCT,low_progress_box,Q2__WEAK,13,-0.0030710636246428,0.8890690292584613,0.1914993528782626,0.0408531887569298,0.0865626595581429,2.1652200037712244
2023,300,0.6,FIXED_-1PCT,low_progress_box,Q3__STRONG,12,0.0046196911799416,1.2346897683001672,0.2598358691970104,0.0521821493115861,0.0686696225664632,1.3386472996138388
2023,300,0.6,FIXED_-1PCT,low_progress_box,Q3__WEAK,3,-0.0078391853619137,0.6409743662729107,0.2368447560996693,0.0687373578801053,0.1054624290559079,1.540995632326765
2023,300,0.6,FIXED_-1PCT,low_progress_box,Q4__STRONG,5,-0.0181076600508832,0.3986823158079461,0.3483176394116601,0.0481430588980441,0.0348692019339165,0.7326273982562457
2023,300,0.6,FIXED_-1PCT,low_progress_box,Q4__WEAK,2,0.0179211154729955,,0.3642490514801986,0.077201079945063,0.0559907612737551,0.7131145095113747
2023,300,0.8,EXPANDING,rebound_from_low_box,STRONG,35,-0.0133900061306427,0.4675330966853208,0.2331711064509856,0.0421180042194805,0.1049594464136335,3.34865851407069
2023,300,0.8,EXPANDING,rebound_from_low_box,WEAK,29,-0.0184824598585199,0.3401366949248011,0.1766747449128735,0.0420294079448067,0.148223974182274,4.292000635436203
2023,300,0.8,EXPANDING,rebound_from_low_box,Q1__STRONG,5,-0.0180727885110563,0.0,0.1016762043039196,0.0166790246712129,0.1144747569164989,9.143719906159893
2023,300,0.8,EXPANDING,rebound_from_low_box,Q1__WEAK,10,-0.0093074973138288,0.6205317634302874,0.1139977876836001,0.0265869376234209,0.1619648017412467,6.893351273775311
2023,300,0.8,EXPANDING,rebound_from_low_box,Q2__STRONG,12,-0.017634937342084,0.3339518840102295,0.1873975091757947,0.0386954103299508,0.125770917742005,3.2985941471554736
2023,300,0.8,EXPANDING,rebound_from_low_box,Q2__WEAK,11,-0.0276562332495982,0.1941405578319477,0.1849276597780694,0.0444378478393626,0.1466832165285777,3.359522362773245
2023,300,0.8,EXPANDING,rebound_from_low_box,Q3__STRONG,10,-0.0138542625056221,0.4074637586158994,0.255608647514274,0.0516298430011492,0.1082142048204604,2.165980696144356
2023,300,0.8,EXPANDING,rebound_from_low_box,Q3__WEAK,7,-0.0210720629206723,0.2215743310215371,0.236653144631582,0.0548822117358681,0.1323967331322082,2.4068064024120788
2023,300,0.8,EXPANDING,rebound_from_low_box,Q4__STRONG,8,-0.0035155498569979,0.8819535030303078,0.3559688898765777,0.0512614587943562,0.0637267223482518,1.280188966795679
2023,300,0.8,EXPANDING,rebound_from_low_box,Q4__WEAK,1,0.0088066434314955,,0.2928134556574926,0.0799916457811195,0.1385547201336674,1.7321148825065242
2023,300,0.8,EXPANDING,low_progress_box,STRONG,37,-0.0155116517279717,0.4202089946770001,0.2241481305267922,0.0420330364040366,0.1134148205608064,3.6127934770133625
2023,300,0.8,EXPANDING,low_progress_box,WEAK,27,-0.0159522383901711,0.3869171815027751,0.1848546481024636,0.0421392826345132,0.1398417598153068,3.999915102615911
2023,300,0.8,EXPANDING,low_progress_box,Q1__STRONG,6,0.0145799219095501,2.3516015325295982,0.0976345597109834,0.017201592638158,0.1308512268999961,9.70841763077138
2023,300,0.8,EXPANDING,low_progress_box,Q1__WEAK,9,-0.0301020496834301,0.0,0.1180612822321887,0.0273394381957029,0.156323826732776,6.266845164880476
2023,300,0.8,EXPANDING,low_progress_box,Q2__STRONG,11,-0.0308277927209454,0.0544421743975722,0.1827133106013203,0.0409642696923727,0.1383904450027359,3.3974128499333407
2023,300,0.8,EXPANDING,low_progress_box,Q2__WEAK,12,-0.014727674493349,0.4749516367299886,0.1894273292544814,0.0418795236313582,0.1333726249740267,3.263861200592052
2023,300,0.8,EXPANDING,low_progress_box,Q3__STRONG,13,-0.0179247014759514,0.2902003718453707,0.2527508140693207,0.0512095898660356,0.1108733606738568,2.203537712109572
2023,300,0.8,EXPANDING,low_progress_box,Q3__WEAK,4,-0.0132564865783897,0.4419039670439501,0.2317244761656613,0.0586873109760262,0.1418913728424809,2.4653653802259203
2023,300,0.8,EXPANDING,low_progress_box,Q4__STRONG,7,-0.0127548294677838,0.6252492143638703,0.3445809245299596,0.0479544508922633,0.0639417736513752,1.3436173225964223
2023,300,0.8,EXPANDING,low_progress_box,Q4__WEAK,2,0.0349830254249992,,0.3642490514801986,0.077201079945063,0.1003880416800278,1.2841526793485
2023,300,0.8,FIXED_-1PCT,rebound_from_low_box,STRONG,33,-0.0130212361520695,0.4827178151766418,0.2286735558074798,0.0420813666271333,0.1070110283981364,3.445491189668822
2023,300,0.8,FIXED_-1PCT,rebound_from_low_box,WEAK,27,-0.0173188246891966,0.3714040726215389,0.1760493827246828,0.0426815862118684,0.1516488939314602,4.349543934451249
2023,300,0.8,FIXED_-1PCT,rebound_from_low_box,Q1__STRONG,5,-0.0180727885110563,0.0,0.1016762043039196,0.0166790246712129,0.1144747569164989,9.143719906159893
2023,300,0.8,FIXED_-1PCT,rebound_from_low_box,Q1__WEAK,9,-0.0083002550793096,0.6707767782739579,0.1103545167755447,0.0276087847604329,0.1713622203582703,7.164827467439292
2023,300,0.8,FIXED_-1PCT,rebound_from_low_box,Q2__STRONG,12,-0.017634937342084,0.3339518840102295,0.1873975091757947,0.0386954103299508,0.125770917742005,3.2985941471554736
2023,300,0.8,FIXED_-1PCT,rebound_from_low_box,Q2__WEAK,12,-0.0278105796644498,0.1800655172615534,0.1875473244935334,0.0431127913747314,0.1408744832567118,3.30435208184186
2023,300,0.8,FIXED_-1PCT,rebound_from_low_box,Q3__STRONG,10,-0.0069193728274339,0.7040637012443498,0.2611803365656492,0.0525819242780696,0.1074817998702708,2.10124401645072
2023,300,0.8,FIXED_-1PCT,rebound_from_low_box,Q3__WEAK,5,-0.0135971316705241,0.3817908488751037,0.243352266601328,0.0613157245197306,0.1446423267421567,2.3139798317242524
2023,300,0.8,FIXED_-1PCT,rebound_from_low_box,Q4__STRONG,6,-0.009753979013944,0.6900034837845717,0.3628788073935342,0.0525209680998711,0.0624868568248732,1.2311732996497968
2023,300,0.8,FIXED_-1PCT,rebound_from_low_box,Q4__WEAK,1,0.0088066434314955,,0.2928134556574926,0.0799916457811195,0.1385547201336674,1.7321148825065242
2023,300,0.8,FIXED_-1PCT,low_progress_box,STRONG,34,-0.0142638617798966,0.4553473103343474,0.2192727177147897,0.0417858120198324,0.1155160174253729,3.752683919100728
2023,300,0.8,FIXED_-1PCT,low_progress_box,WEAK,26,-0.0158591445811584,0.3973076008016742,0.1863187797273238,0.0430911660669824,0.1422438261855865,3.98260162460885
2023,300,0.8,FIXED_-1PCT,low_progress_box,Q1__STRONG,6,0.0145799219095501,2.3516015325295982,0.0976345597109834,0.017201592638158,0.1308512268999961,9.70841763077138
2023,300,0.8,FIXED_-1PCT,low_progress_box,Q1__WEAK,8,-0.0315682212157962,0.0,0.1144705392792,0.0285830787963766,0.1661908008008687,6.493942619140601
2023,300,0.8,FIXED_-1PCT,low_progress_box,Q2__STRONG,11,-0.0308277927209454,0.0544421743975722,0.1827133106013203,0.0409642696923727,0.1383904450027359,3.3974128499333407
2023,300,0.8,FIXED_-1PCT,low_progress_box,Q2__WEAK,13,-0.0158646526267697,0.4366706270611801,0.1914993528782626,0.0408531887569298,0.1290346089965005,3.2202933383616346
2023,300,0.8,FIXED_-1PCT,low_progress_box,Q3__STRONG,12,-0.0094718192117682,0.5915573681647055,0.2598358691970104,0.0521821493115861,0.1089535465258129,2.1181963994851176
2023,300,0.8,FIXED_-1PCT,low_progress_box,Q3__WEAK,3,-0.0078391853619137,0.6409743662729107,0.2368447560996693,0.0687373578801053,0.1635290247012455,2.3879941764356856
2023,300,0.8,FIXED_-1PCT,low_progress_box,Q4__STRONG,5,-0.0239366563004334,0.3660467476595463,0.3483176394116601,0.0481430588980441,0.0625399555445702,1.310169864341661
2023,300,0.8,FIXED_-1PCT,low_progress_box,Q4__WEAK,2,0.0349830254249992,,0.3642490514801986,0.077201079945063,0.1003880416800278,1.2841526793485
2023,500,0.6,EXPANDING,rebound_from_low_box,STRONG,54,-0.004837830431696,0.7897126330936733,0.2604559449599547,0.0504590401452165,0.0645672790931796,1.893358847465988
2023,500,0.6,EXPANDING,rebound_from_low_box,WEAK,51,0.0057383357069671,1.2611879316110353,0.1747389739750895,0.0398870687259105,0.0993619989642554,3.1776358912757523
2023,500,0.6,EXPANDING,rebound_from_low_box,Q1__STRONG,6,-0.0013043419480598,0.9133940876520366,0.1023735224901914,0.0168848984650809,0.0820087998001116,6.284467798492789
2023,500,0.6,EXPANDING,rebound_from_low_box,Q1__WEAK,16,-0.0042580366725676,0.792404538761906,0.1087232510574058,0.025847302739639,0.1194318271931687,5.734657679275022
2023,500,0.6,EXPANDING,rebound_from_low_box,Q2__STRONG,14,-0.0229617836714903,0.1933197482004622,0.1872339361167836,0.0380064137496409,0.0835507460953337,2.221721624500522
2023,500,0.6,EXPANDING,rebound_from_low_box,Q2__WEAK,22,0.0175674775516291,1.7124097941020882,0.1831274210124408,0.043340863444454,0.0985591800628424,2.307632289054037
2023,500,0.6,EXPANDING,rebound_from_low_box,Q3__STRONG,14,0.0025255853841808,1.104453603633893,0.2548269934249473,0.0528670756170731,0.0709883264710764,1.3814138950989563
2023,500,0.6,EXPANDING,rebound_from_low_box,Q3__WEAK,12,-0.002875620145911,0.8618567118154478,0.237541578156657,0.0489327516356752,0.0753610518374018,1.540659255466189
2023,500,0.6,EXPANDING,rebound_from_low_box,Q4__STRONG,20,0.0016344992199553,1.0787824776123824,0.3630763439656085,0.0675624962958606,0.0415516628150644,0.704533684890695
2023,500,0.6,EXPANDING,rebound_from_low_box,Q4__WEAK,1,0.0088066434314955,,0.2928134556574926,0.0799916457811195,0.0839181286549706,1.0490861618798923
2023,500,0.6,EXPANDING,low_progress_box,STRONG,58,-9.180032386097838e-05,0.9959557962411584,0.2439488733169736,0.0481952576584483,0.071071579362769,2.083448661686759
2023,500,0.6,EXPANDING,low_progress_box,WEAK,47,0.0007816318410143,1.0351132288252058,0.1878143414506946,0.0417809303973005,0.0942966684078323,3.0523571455403125
2023,500,0.6,EXPANDING,low_progress_box,Q1__STRONG,7,0.0192025016304381,3.076816272311594,0.098809638812493,0.0173034033233385,0.0923784818993658,6.693676640189764
2023,500,0.6,EXPANDING,low_progress_box,Q1__WEAK,15,-0.0140248099908338,0.4054271230349031,0.1108097120114793,0.026249494090756,0.1170875107063872,5.507039545201917
2023,500,0.6,EXPANDING,low_progress_box,Q2__STRONG,16,-0.0086455129056974,0.6851957708534363,0.1865718129246251,0.0414104692829298,0.0917076648464178,2.232166032178693
2023,500,0.6,EXPANDING,low_progress_box,Q2__WEAK,20,0.0101673870613067,1.4054011118554608,0.1832464680557333,0.0411510639873043,0.093534488458726,2.3078678293668515
2023,500,0.6,EXPANDING,low_progress_box,Q3__STRONG,18,0.0036603100173876,1.1657571396868855,0.2521586027534052,0.0510685511742597,0.0704037967791931,1.405582553232893
2023,500,0.6,EXPANDING,low_progress_box,Q3__WEAK,8,-0.0081293533356721,0.6591790820579139,0.2349027495334819,0.0510122696413063,0.0788626063273021,1.565902454848448
2023,500,0.6,EXPANDING,low_progress_box,Q4__STRONG,17,-0.0039587825893425,0.8378094694858094,0.3490213720201015,0.0642588053684167,0.0435830147162872,0.762890789614853
2023,500,0.6,EXPANDING,low_progress_box,Q4__WEAK,4,0.0271989829623564,,0.4052442526569844,0.0847104701088119,0.0435100336948438,0.5426541090603227
2023,500,0.6,FIXED_-1PCT,rebound_from_low_box,STRONG,52,-0.0067291839834315,0.7183339344532862,0.2585069167749987,0.0506468324853624,0.0653051558640381,1.9267941388948016
2023,500,0.6,FIXED_-1PCT,rebound_from_low_box,WEAK,45,0.0038136921743944,1.170977346825439,0.1719917785425813,0.0402900638347713,0.1021817458080367,3.3008758497052257
2023,500,0.6,FIXED_-1PCT,rebound_from_low_box,Q1__STRONG,6,-0.0013043419480598,0.9133940876520366,0.1023735224901914,0.0168848984650809,0.0820087998001116,6.284467798492789
2023,500,0.6,FIXED_-1PCT,rebound_from_low_box,Q1__WEAK,14,-0.0116568799383332,0.4732321028223332,0.1038746352092833,0.0252150138929608,0.1223905078563512,6.095435097668542
2023,500,0.6,FIXED_-1PCT,rebound_from_low_box,Q2__STRONG,15,-0.0196906336420512,0.2588284859508837,0.1890373879947124,0.0383013438418017,0.0830723401714912,2.19360684953382
2023,500,0.6,FIXED_-1PCT,rebound_from_low_box,Q2__WEAK,21,0.0151453315468419,1.5862675722041084,0.1838029921336508,0.0441076157094433,0.0999428658727505,2.2960172657102667
2023,500,0.6,FIXED_-1PCT,rebound_from_low_box,Q3__STRONG,12,-0.0043427136244589,0.8460513894099413,0.2591480286266213,0.054588686020021,0.0712528716173622,1.3396574338284688
2023,500,0.6,FIXED_-1PCT,rebound_from_low_box,Q3__WEAK,9,0.0008837623410267,1.052526315153064,0.2369676501135594,0.0504212335982031,0.0779992377100005,1.5486525697311142
2023,500,0.6,FIXED_-1PCT,rebound_from_low_box,Q4__STRONG,19,0.0002831869828522,1.0129670686110346,0.3622516512588759,0.068565342556899,0.0422471444288736,0.7108682359275805
2023,500,0.6,FIXED_-1PCT,rebound_from_low_box,Q4__WEAK,1,0.0088066434314955,,0.2928134556574926,0.0799916457811195,0.0839181286549706,1.0490861618798923
2023,500,0.6,FIXED_-1PCT,low_progress_box,STRONG,54,-0.0018499220805753,0.9211273328458977,0.2419872291676281,0.0484847360120043,0.072069398286018,2.140084037080296
2023,500,0.6,FIXED_-1PCT,low_progress_box,WEAK,43,-0.0018233866730145,0.9199537928691868,0.1887134728293994,0.0425235445850075,0.0954023060196899,3.0969341966727635
2023,500,0.6,FIXED_-1PCT,low_progress_box,Q1__STRONG,7,0.0192025016304381,3.076816272311594,0.098809638812493,0.0173034033233385,0.0923784818993658,6.693676640189764
2023,500,0.6,FIXED_-1PCT,low_progress_box,Q1__WEAK,13,-0.0234953755567762,0.0894567101580666,0.1059091197064357,0.0256304432329668,0.1199131181149251,5.860550898229844
2023,500,0.6,FIXED_-1PCT,low_progress_box,Q2__STRONG,16,-0.0086455129056974,0.6851957708534363,0.1865718129246251,0.0414104692829298,0.0917076648464178,2.232166032178693
2023,500,0.6,FIXED_-1PCT,low_progress_box,Q2__WEAK,20,0.0080510332172035,1.3210163828876664,0.1855137323966675,0.041910628949923,0.0938781324178722,2.2702904404031905
2023,500,0.6,FIXED_-1PCT,low_progress_box,Q3__STRONG,15,-9.175743528254306e-05,0.9960389307055856,0.2557250718414845,0.052706209262069,0.0710134505721687,1.3739452531923944
2023,500,0.6,FIXED_-1PCT,low_progress_box,Q3__WEAK,6,-0.0071303901491714,0.6996892243048399,0.2344348528198705,0.0530436992821741,0.0819709733693033,1.5674305892726228
2023,500,0.6,FIXED_-1PCT,low_progress_box,Q4__STRONG,16,-0.0059130459839835,0.7719940604844614,0.3471636136842623,0.0652432046204346,0.0445358586265121,0.7740603880164144
2023,500,0.6,FIXED_-1PCT,low_progress_box,Q4__WEAK,4,0.0271989829623564,,0.4052442526569844,0.0847104701088119,0.0435100336948438,0.5426541090603227
2023,500,0.8,EXPANDING,rebound_from_low_box,STRONG,54,-0.0008506623237488,0.965631437253599,0.2604559449599547,0.0504590401452165,0.1029093855059784,2.857811796621317
2023,500,0.8,EXPANDING,rebound_from_low_box,WEAK,51,0.0002101144542774,1.0092203727622178,0.1747389739750895,0.0398870687259105,0.1457783548609774,4.57018118836767
2023,500,0.8,EXPANDING,rebound_from_low_box,Q1__STRONG,6,-0.000473439628802,0.9685644772407492,0.1023735224901914,0.0168848984650809,0.1149733658885091,8.712623731323715
2023,500,0.8,EXPANDING,rebound_from_low_box,Q1__WEAK,16,-0.0020330422406203,0.9008814685939264,0.1087232510574058,0.025847302739639,0.167858203837438,7.979543572366698
2023,500,0.8,EXPANDING,rebound_from_low_box,Q2__STRONG,14,-0.0213811657014698,0.2488491147469348,0.1872339361167836,0.0380064137496409,0.124069799376992,3.295628832667364
2023,500,0.8,EXPANDING,rebound_from_low_box,Q2__WEAK,22,0.0070821033294101,1.2839474929525103,0.1831274210124408,0.043340863444454,0.1458591945652746,3.410176385405383
2023,500,0.8,EXPANDING,rebound_from_low_box,Q3__STRONG,14,-0.0005651071945371,0.97707304322192,0.2548269934249473,0.0528670756170731,0.1122734605004597,2.175218526798608
2023,500,0.8,EXPANDING,rebound_from_low_box,Q3__WEAK,12,-0.0101140336383702,0.5745887863683007,0.237541578156657,0.0489327516356752,0.1167923196617608,2.387545673954917
2023,500,0.8,EXPANDING,rebound_from_low_box,Q4__STRONG,20,0.0132076346417237,1.5255496479056847,0.3630763439656085,0.0675624962958606,0.0779230491853728,1.2727115798542603
2023,500,0.8,EXPANDING,rebound_from_low_box,Q4__WEAK,1,0.0088066434314955,,0.2928134556574926,0.0799916457811195,0.1385547201336674,1.7321148825065242
2023,500,0.8,EXPANDING,low_progress_box,STRONG,58,-0.0018926227213385,0.9241018158009504,0.2439488733169736,0.0481952576584483,0.1108271917031749,3.111264882249012
2023,500,0.8,EXPANDING,low_progress_box,WEAK,47,0.0015862167983691,1.0708369862192428,0.1878143414506946,0.0417809303973005,0.1396558680095433,4.4031428607204175
2023,500,0.8,EXPANDING,low_progress_box,Q1__STRONG,7,0.02500040517711,3.7038793843352216,0.098809638812493,0.0173034033233385,0.1289391103069339,9.258235520253018
2023,500,0.8,EXPANDING,low_progress_box,Q1__WEAK,15,-0.0140248099908338,0.4054271230349031,0.1108097120114793,0.026249494090756,0.164866512305435,7.67605272693589
2023,500,0.8,EXPANDING,low_progress_box,Q2__STRONG,16,-0.0155969545162249,0.4320768129004204,0.1865718129246251,0.0414104692829298,0.136080376222867,3.3095547095715907
2023,500,0.8,EXPANDING,low_progress_box,Q2__WEAK,20,0.0053010612843022,1.208781938877191,0.1832464680557333,0.0411510639873043,0.1384296726074028,3.4104904391558035
2023,500,0.8,EXPANDING,low_progress_box,Q3__STRONG,18,-0.0053408851524014,0.7812868872675947,0.2521586027534052,0.0510685511742597,0.110894579430344,2.2074434043105238
2023,500,0.8,EXPANDING,low_progress_box,Q3__WEAK,8,-0.0041429964550922,0.8263060053424777,0.2349027495334819,0.0510122696413063,0.1221542316501715,2.4212032731312627
2023,500,0.8,EXPANDING,low_progress_box,Q4__STRONG,17,0.0035830735838482,1.1211890429110911,0.3490213720201015,0.0642588053684167,0.0795302880778553,1.3505210528198044
2023,500,0.8,EXPANDING,low_progress_box,Q4__WEAK,4,0.0530117713351374,,0.4052442526569844,0.0847104701088119,0.0862502016293959,1.0568721454137644
2023,500,0.8,FIXED_-1PCT,rebound_from_low_box,STRONG,52,-0.0017851989050253,0.9278765682002936,0.2585069167749987,0.0506468324853624,0.1039558186471717,2.9023921851930683
2023,500,0.8,FIXED_-1PCT,rebound_from_low_box,WEAK,45,-0.0021586900670774,0.9070820933096972,0.1719917785425813,0.0402900638347713,0.1496723490223061,4.7345011329403
2023,500,0.8,FIXED_-1PCT,rebound_from_low_box,Q1__STRONG,6,-0.000473439628802,0.9685644772407492,0.1023735224901914,0.0168848984650809,0.1149733658885091,8.712623731323715
2023,500,0.8,FIXED_-1PCT,rebound_from_low_box,Q1__WEAK,14,-0.0091140291589648,0.5881421100430106,0.1038746352092833,0.0252150138929608,0.1715923484394552,8.460580130224724
2023,500,0.8,FIXED_-1PCT,rebound_from_low_box,Q2__STRONG,15,-0.0182153902033654,0.3143578524973562,0.1890373879947124,0.0383013438418017,0.1235302348425889,3.258142466045093
2023,500,0.8,FIXED_-1PCT,rebound_from_low_box,Q2__WEAK,21,0.0026266200239501,1.1005239728743013,0.1838029921336508,0.0441076157094433,0.1479596930668152,3.3946896876136905
2023,500,0.8,FIXED_-1PCT,rebound_from_low_box,Q3__STRONG,12,-0.0108642680098663,0.6221936467545183,0.2591480286266213,0.054588686020021,0.1132000574964899,2.119543245104624
2023,500,0.8,FIXED_-1PCT,rebound_from_low_box,Q3__WEAK,9,-0.0037233676363808,0.8207317794669325,0.2369676501135594,0.0504212335982031,0.1208060614794016,2.39820342630815
2023,500,0.8,FIXED_-1PCT,rebound_from_low_box,Q4__STRONG,19,0.0165059138884407,1.6920533876783537,0.3622516512588759,0.068565342556899,0.079184640090798,1.2811576479034408
2023,500,0.8,FIXED_-1PCT,rebound_from_low_box,Q4__WEAK,1,0.0088066434314955,,0.2928134556574926,0.0799916457811195,0.1385547201336674,1.7321148825065242
2023,500,0.8,FIXED_-1PCT,low_progress_box,STRONG,54,-0.0021697509822952,0.9130061696220156,0.2419872291676281,0.0484847360120043,0.1122541097186921,3.18677871610706
2023,500,0.8,FIXED_-1PCT,low_progress_box,WEAK,43,-0.0016931358845548,0.9261401872945468,0.1887134728293994,0.0425235445850075,0.1413775895545891,4.462578928897019
2023,500,0.8,FIXED_-1PCT,low_progress_box,Q1__STRONG,7,0.02500040517711,3.7038793843352216,0.098809638812493,0.0173034033233385,0.1289391103069339,9.258235520253018
2023,500,0.8,FIXED_-1PCT,low_progress_box,Q1__WEAK,13,-0.0234953755567762,0.0894567101580666,0.1059091197064357,0.0256304432329668,0.1684276385642224,8.147401197639793
2023,500,0.8,FIXED_-1PCT,low_progress_box,Q2__STRONG,16,-0.0155969545162249,0.4320768129004204,0.1865718129246251,0.0414104692829298,0.136080376222867,3.3095547095715907
2023,500,0.8,FIXED_-1PCT,low_progress_box,Q2__WEAK,20,0.0015739719856035,1.0619907798209791,0.1855137323966675,0.041910628949923,0.139141052873804,3.360387253870922
2023,500,0.8,FIXED_-1PCT,low_progress_box,Q3__STRONG,15,-0.0101993359330289,0.6072569078044295,0.2557250718414845,0.052706209262069,0.1122533371835812,2.165260337589858
2023,500,0.8,FIXED_-1PCT,low_progress_box,Q3__WEAK,6,-0.0018152476417315,0.9235471810149748,0.2344348528198705,0.0530436992821741,0.1269758642531291,2.4232407856968288
2023,500,0.8,FIXED_-1PCT,low_progress_box,Q4__STRONG,16,0.0068982451232074,1.243559474376969,0.3471636136842623,0.0652432046204346,0.0811288797088278,1.365413850688553
2023,500,0.8,FIXED_-1PCT,low_progress_box,Q4__WEAK,4,0.0530117713351374,,0.4052442526569844,0.0847104701088119,0.0862502016293959,1.0568721454137644
2024,300,0.6,EXPANDING,rebound_from_low_box,STRONG,21,-0.0058909773156638,0.8630082375993036,0.2121014546032989,0.0495215199650311,0.0876197283689012,2.438046738779827
2024,300,0.6,EXPANDING,rebound_from_low_box,WEAK,27,-0.0092862483875138,0.622760338771234,0.1694197044279639,0.0365749900653804,0.0975124900783826,3.2885939032737213
2024,300,0.6,EXPANDING,rebound_from_low_box,Q1__STRONG,6,0.0360527608863768,3.147390058951981,0.1118410502515596,0.0229572976169,0.1000777325367345,4.852234699306929
2024,300,0.6,EXPANDING,rebound_from_low_box,Q1__WEAK,13,-0.0080232061583996,0.6568430898128264,0.1124977147063313,0.0265188849082367,0.1160037208400207,4.904061057071782
2024,300,0.6,EXPANDING,rebound_from_low_box,Q2__STRONG,4,0.0578976732029699,3.098803177897827,0.1977374670807168,0.0465789573736201,0.0944897182143479,2.0559976349055358
2024,300,0.6,EXPANDING,rebound_from_low_box,Q2__WEAK,6,-0.0095597865280102,0.7146534829260823,0.187143031994253,0.0437004480248303,0.0976390529894152,2.237029519008862
2024,300,0.6,EXPANDING,rebound_from_low_box,Q3__STRONG,7,-0.0334000429175376,0.3398353545970243,0.2443397047439143,0.0589090315627985,0.0841431294310864,1.473476197344889
2024,300,0.6,EXPANDING,rebound_from_low_box,Q3__WEAK,7,-0.0124451744913744,0.4476755469861789,0.2371931215734204,0.046401306041109,0.0704158131389473,1.541631929537585
2024,300,0.6,EXPANDING,rebound_from_low_box,Q4__STRONG,4,-0.0844543703340793,0.0,0.320439110907413,0.075882270782546,0.0681467804128802,0.8868123493746072
2024,300,0.6,EXPANDING,rebound_from_low_box,Q4__WEAK,1,-0.001952085795996,0.0,0.3286516853932587,0.055767397521449,0.0460438512869398,0.8256410256410234
2024,300,0.6,EXPANDING,low_progress_box,STRONG,23,-0.0113824207551691,0.7161103899229664,0.2103152055833366,0.0494313500939451,0.0894628562832764,2.688038888891044
2024,300,0.6,EXPANDING,low_progress_box,WEAK,25,-0.0045057421089168,0.825498698113988,0.1676485135123025,0.0356222239548075,0.0966082333339158,3.126644898330913
2024,300,0.6,EXPANDING,low_progress_box,Q1__STRONG,8,0.0206589416742441,2.088891093898951,0.107102604360917,0.02335479999579,0.1051756938712554,5.237897615389296
2024,300,0.6,EXPANDING,low_progress_box,Q1__WEAK,11,-0.0048415134668079,0.7894182229734722,0.1160632507094844,0.0268773535947416,0.1151917468336939,4.633001910423672
2024,300,0.6,EXPANDING,low_progress_box,Q2__STRONG,2,0.0654103488113792,2.7107354900281533,0.207715572209636,0.0567667704532011,0.1070354324996931,1.88880242048973
2024,300,0.6,EXPANDING,low_progress_box,Q2__WEAK,8,0.0054264095026325,1.1848169260207937,0.1872971144836392,0.0418731220921325,0.093715290724312,2.2335703515869816
2024,300,0.6,EXPANDING,low_progress_box,Q3__STRONG,8,-0.0272647926566611,0.3841153448092696,0.2443237025109029,0.0596565788295477,0.0854422882009336,1.4714022821575912
2024,300,0.6,EXPANDING,low_progress_box,Q3__WEAK,6,-0.0171330301015158,0.3482505561253414,0.2360233606890199,0.0433199554318285,0.0663957153971279,1.555756438486099
2024,300,0.6,EXPANDING,low_progress_box,Q4__STRONG,5,-0.0679539134264626,0.0,0.3220816258045821,0.0718592961303265,0.0637261945876921,0.8745780846278904
2024,300,0.6,FIXED_-1PCT,rebound_from_low_box,STRONG,21,-0.0058909773156638,0.8630082375993036,0.2121014546032989,0.0495215199650311,0.0876197283689012,2.438046738779827
2024,300,0.6,FIXED_-1PCT,rebound_from_low_box,WEAK,25,-0.006521838623742,0.7174039157710612,0.1706602131874433,0.0360702297339912,0.0953808636242393,3.311268679686562
2024,300,0.6,FIXED_-1PCT,rebound_from_low_box,Q1__STRONG,6,0.0360527608863768,3.147390058951981,0.1118410502515596,0.0229572976169,0.1000777325367345,4.852234699306929
2024,300,0.6,FIXED_-1PCT,rebound_from_low_box,Q1__WEAK,12,-0.0056385937628296,0.746872934819453,0.1111414712806182,0.0257559194458331,0.1147918421326162,5.007784895161098
2024,300,0.6,FIXED_-1PCT,rebound_from_low_box,Q2__STRONG,4,0.0578976732029699,3.098803177897827,0.1977374670807168,0.0465789573736201,0.0944897182143479,2.0559976349055358
2024,300,0.6,FIXED_-1PCT,rebound_from_low_box,Q2__WEAK,5,-0.0012629066407956,0.9578947118895788,0.1887608275822928,0.042421634038114,0.0936129883510033,2.214246743565351
2024,300,0.6,FIXED_-1PCT,rebound_from_low_box,Q3__STRONG,7,-0.0334000429175376,0.3398353545970243,0.2443397047439143,0.0589090315627985,0.0841431294310864,1.473476197344889
2024,300,0.6,FIXED_-1PCT,rebound_from_low_box,Q3__WEAK,7,-0.0124451744913744,0.4476755469861789,0.2371931215734204,0.046401306041109,0.0704158131389473,1.541631929537585
2024,300,0.6,FIXED_-1PCT,rebound_from_low_box,Q4__STRONG,4,-0.0844543703340793,0.0,0.320439110907413,0.075882270782546,0.0681467804128802,0.8868123493746072
2024,300,0.6,FIXED_-1PCT,rebound_from_low_box,Q4__WEAK,1,-0.001952085795996,0.0,0.3286516853932587,0.055767397521449,0.0460438512869398,0.8256410256410234
2024,300,0.6,FIXED_-1PCT,low_progress_box,STRONG,23,-0.0113824207551691,0.7161103899229664,0.2103152055833366,0.0494313500939451,0.0894628562832764,2.688038888891044
2024,300,0.6,FIXED_-1PCT,low_progress_box,WEAK,23,-0.0010852526892869,0.955254069621122,0.1688428759973313,0.0349907221936825,0.0942126170364151,3.137208872262887
2024,300,0.6,FIXED_-1PCT,low_progress_box,Q1__STRONG,8,0.0206589416742441,2.088891093898951,0.107102604360917,0.02335479999579,0.1051756938712554,5.237897615389296
2024,300,0.6,FIXED_-1PCT,low_progress_box,Q1__WEAK,10,-0.0016618093229647,0.9231582649030816,0.114792312198944,0.0259976419085078,0.1136562949841759,4.730364601466039
2024,300,0.6,FIXED_-1PCT,low_progress_box,Q2__STRONG,2,0.0654103488113792,2.7107354900281533,0.207715572209636,0.0567667704532011,0.1070354324996931,1.88880242048973
2024,300,0.6,FIXED_-1PCT,low_progress_box,Q2__WEAK,7,0.013493637426449,1.5137810500348277,0.1884746945450085,0.0406986369683784,0.0902789928018603,2.2168027737813483
2024,300,0.6,FIXED_-1PCT,low_progress_box,Q3__STRONG,8,-0.0272647926566611,0.3841153448092696,0.2443237025109029,0.0596565788295477,0.0854422882009336,1.4714022821575912
2024,300,0.6,FIXED_-1PCT,low_progress_box,Q3__WEAK,6,-0.0171330301015158,0.3482505561253414,0.2360233606890199,0.0433199554318285,0.0663957153971279,1.555756438486099
2024,300,0.6,FIXED_-1PCT,low_progress_box,Q4__STRONG,5,-0.0679539134264626,0.0,0.3220816258045821,0.0718592961303265,0.0637261945876921,0.8745780846278904
2024,300,0.8,EXPANDING,rebound_from_low_box,STRONG,21,-0.0066753658120467,0.8447676712605721,0.2121014546032989,0.0495215199650311,0.1333334778135453,3.5840623183731024
2024,300,0.8,EXPANDING,rebound_from_low_box,WEAK,27,-0.0052804596991235,0.7854893876511064,0.1694197044279639,0.0365749900653804,0.1422083167929703,4.718125204364962
2024,300,0.8,EXPANDING,rebound_from_low_box,Q1__STRONG,6,0.0360527608863768,3.147390058951981,0.1118410502515596,0.0229572976169,0.1410894092546127,6.802979599075904
2024,300,0.8,EXPANDING,rebound_from_low_box,Q1__WEAK,13,-0.0010615389590567,0.9545973988401292,0.1124977147063313,0.0265188849082367,0.1635112560894398,6.872081409429042
2024,300,0.8,EXPANDING,rebound_from_low_box,Q2__STRONG,4,0.0607885543726124,3.203598245646068,0.1977374670807168,0.0465789573736201,0.1415126100770041,3.074663513207383
2024,300,0.8,EXPANDING,rebound_from_low_box,Q2__WEAK,6,-0.0090052039515943,0.7312070122487812,0.187143031994253,0.0437004480248303,0.1447522199941638,3.3160393586784846
2024,300,0.8,EXPANDING,rebound_from_low_box,Q3__STRONG,7,-0.037405140503625,0.2606730662654922,0.2443397047439143,0.0589090315627985,0.1318271830957147,2.297968263126517
2024,300,0.8,EXPANDING,rebound_from_low_box,Q3__WEAK,7,-0.0103984422718622,0.5385107742777964,0.2371931215734204,0.046401306041109,0.1093548528656328,2.38884257271678
2024,300,0.8,EXPANDING,rebound_from_low_box,Q4__STRONG,4,-0.0844543703340793,0.0,0.320439110907413,0.075882270782546,0.1161564641446891,1.5157497991661433
2024,300,0.8,EXPANDING,rebound_from_low_box,Q4__WEAK,1,-0.001952085795996,0.0,0.3286516853932587,0.055767397521449,0.0799809342230697,1.4341880341880346
2024,300,0.8,EXPANDING,low_progress_box,STRONG,23,-0.0126013634987609,0.6857086689158288,0.2103152055833366,0.0494313500939451,0.1357609250756837,3.9173851851880586
2024,300,0.8,EXPANDING,low_progress_box,WEAK,25,0.0002830506616874,1.0109621695539133,0.1676485135123025,0.0356222239548075,0.1406850524301571,4.502193197774551
2024,300,0.8,EXPANDING,low_progress_box,Q1__STRONG,8,0.0206589416742441,2.088891093898951,0.107102604360917,0.02335479999579,0.1480191918269372,7.317196820519058
2024,300,0.8,EXPANDING,low_progress_box,Q1__WEAK,11,0.0033859114051427,1.147270320621341,0.1160632507094844,0.0268773535947416,0.1625481136431724,6.510669213898226
2024,300,0.8,EXPANDING,low_progress_box,Q2__STRONG,2,0.0654103488113792,2.7107354900281533,0.207715572209636,0.0567667704532011,0.1616361668173246,2.8517365606529737
2024,300,0.8,EXPANDING,low_progress_box,Q2__WEAK,8,0.0072877870197657,1.248213186607814,0.1872971144836392,0.0418731220921325,0.1389114283297938,3.3114271354493114
2024,300,0.8,EXPANDING,low_progress_box,Q3__STRONG,8,-0.0307692530444875,0.3049530564777375,0.2443237025109029,0.0596565788295477,0.133808577211094,2.295203042876788
2024,300,0.8,EXPANDING,low_progress_box,Q3__WEAK,6,-0.0147451758454183,0.4390857834169589,0.2360233606890199,0.0433199554318285,0.1029676056734467,2.4076752513147976
2024,300,0.8,EXPANDING,low_progress_box,Q4__STRONG,5,-0.0679539134264626,0.0,0.3220816258045821,0.0718592961303265,0.1089213581603652,1.4994374461705215
2024,300,0.8,FIXED_-1PCT,rebound_from_low_box,STRONG,21,-0.0066753658120467,0.8447676712605721,0.2121014546032989,0.0495215199650311,0.1333334778135453,3.5840623183731024
2024,300,0.8,FIXED_-1PCT,rebound_from_low_box,WEAK,25,-0.0021955868402805,0.9048636006740288,0.1706602131874433,0.0360702297339912,0.1391978947436495,4.748358239582084
2024,300,0.8,FIXED_-1PCT,rebound_from_low_box,Q1__STRONG,6,0.0360527608863768,3.147390058951981,0.1118410502515596,0.0229572976169,0.1410894092546127,6.802979599075904
2024,300,0.8,FIXED_-1PCT,rebound_from_low_box,Q1__WEAK,12,0.0019032123697917,1.085438778150058,0.1111414712806182,0.0257559194458331,0.1616410959920994,7.010379860214797
2024,300,0.8,FIXED_-1PCT,rebound_from_low_box,Q2__STRONG,4,0.0607885543726124,3.203598245646068,0.1977374670807168,0.0465789573736201,0.1415126100770041,3.074663513207383
2024,300,0.8,FIXED_-1PCT,rebound_from_low_box,Q2__WEAK,5,-0.0005974075490965,0.9800824414398488,0.1887608275822928,0.042421634038114,0.1389578624807093,3.285662324753804
2024,300,0.8,FIXED_-1PCT,rebound_from_low_box,Q3__STRONG,7,-0.037405140503625,0.2606730662654922,0.2443397047439143,0.0589090315627985,0.1318271830957147,2.297968263126517
2024,300,0.8,FIXED_-1PCT,rebound_from_low_box,Q3__WEAK,7,-0.0103984422718622,0.5385107742777964,0.2371931215734204,0.046401306041109,0.1093548528656328,2.38884257271678
2024,300,0.8,FIXED_-1PCT,rebound_from_low_box,Q4__STRONG,4,-0.0844543703340793,0.0,0.320439110907413,0.075882270782546,0.1161564641446891,1.5157497991661433
2024,300,0.8,FIXED_-1PCT,rebound_from_low_box,Q4__WEAK,1,-0.001952085795996,0.0,0.3286516853932587,0.055767397521449,0.0799809342230697,1.4341880341880346
2024,300,0.8,FIXED_-1PCT,low_progress_box,STRONG,23,-0.0126013634987609,0.6857086689158288,0.2103152055833366,0.0494313500939451,0.1357609250756837,3.9173851851880586
2024,300,0.8,FIXED_-1PCT,low_progress_box,WEAK,23,0.0041199568439786,1.1698694727269252,0.1688428759973313,0.0349907221936825,0.1372803967797811,4.516278496350517
2024,300,0.8,FIXED_-1PCT,low_progress_box,Q1__STRONG,8,0.0206589416742441,2.088891093898951,0.107102604360917,0.02335479999579,0.1480191918269372,7.317196820519058
2024,300,0.8,FIXED_-1PCT,low_progress_box,Q1__WEAK,10,0.0073883580361809,1.3416362173275929,0.114792312198944,0.0259976419085078,0.1602076072817371,6.640486135288052
2024,300,0.8,FIXED_-1PCT,low_progress_box,Q2__STRONG,2,0.0654103488113792,2.7107354900281533,0.207715572209636,0.0567667704532011,0.1616361668173246,2.8517365606529737
2024,300,0.8,FIXED_-1PCT,low_progress_box,Q2__WEAK,7,0.0156209260174583,1.5947792665626837,0.1884746945450085,0.0406986369683784,0.1339382027252734,3.2890703650418005
2024,300,0.8,FIXED_-1PCT,low_progress_box,Q3__STRONG,8,-0.0307692530444875,0.3049530564777375,0.2443237025109029,0.0596565788295477,0.133808577211094,2.295203042876788
2024,300,0.8,FIXED_-1PCT,low_progress_box,Q3__WEAK,6,-0.0147451758454183,0.4390857834169589,0.2360233606890199,0.0433199554318285,0.1029676056734467,2.4076752513147976
2024,300,0.8,FIXED_-1PCT,low_progress_box,Q4__STRONG,5,-0.0679539134264626,0.0,0.3220816258045821,0.0718592961303265,0.1089213581603652,1.4994374461705215
2024,500,0.6,EXPANDING,rebound_from_low_box,STRONG,39,0.0005879724202609,1.0184158569256436,0.2503998699700963,0.0505721775875609,0.0734874923245475,2.0056238885081537
2024,500,0.6,EXPANDING,rebound_from_low_box,WEAK,51,-0.0087869096965218,0.6603659087991331,0.1694555811341552,0.0380071945676955,0.0994503557818739,6.452997689414075
2024,500,0.6,EXPANDING,rebound_from_low_box,Q1__STRONG,8,0.0321864385194311,3.060710222577065,0.1093359312022044,0.0216784801207052,0.0964489283148079,4.869766291713722
2024,500,0.6,EXPANDING,rebound_from_low_box,Q1__WEAK,22,-0.0129943806360041,0.4111981162305528,0.1027768450492225,0.0243741041692874,0.1190544803511991,12.475047174156428
2024,500,0.6,EXPANDING,rebound_from_low_box,Q2__STRONG,6,0.0400482661079948,2.765778009038541,0.1964296175727198,0.0392180352937856,0.080112560534351,2.069393092739732
2024,500,0.6,EXPANDING,rebound_from_low_box,Q2__WEAK,15,-0.0010062986004694,0.9691438980544796,0.1781120871463048,0.0415223330061904,0.0988029612071578,2.4017950104165218
2024,500,0.6,EXPANDING,rebound_from_low_box,Q3__STRONG,12,-0.0186443954029311,0.5774930548217404,0.2418022186670905,0.0578022201425203,0.0851659086638249,1.4960406159024562
2024,500,0.6,EXPANDING,rebound_from_low_box,Q3__WEAK,9,-0.0201665935299408,0.2800777801090533,0.2335125736923485,0.0463650239524306,0.0722583903182303,1.5824921692727298
2024,500,0.6,EXPANDING,rebound_from_low_box,Q4__STRONG,13,-0.0193167258136976,0.4476107629238631,0.370054088444209,0.066919402421252,0.0455195774589912,0.6840273362184891
2024,500,0.6,EXPANDING,rebound_from_low_box,Q4__WEAK,5,0.0068675600491969,1.370677710736384,0.3215699152666627,0.0724032841126832,0.0640799292355497,0.8764979297948109
2024,500,0.6,EXPANDING,low_progress_box,STRONG,43,0.0002404833909814,1.0078202478178102,0.2354992014814104,0.0506345308762647,0.0798518880963123,2.3364536489278107
2024,500,0.6,EXPANDING,low_progress_box,WEAK,47,-0.0092668565094604,0.64941219726066,0.176199231978192,0.0368807876848502,0.0958372161147126,6.528823551234891
2024,500,0.6,EXPANDING,low_progress_box,Q1__STRONG,11,0.0185252028199703,2.140541596023849,0.1030565363844399,0.0221575825268326,0.10593410463443,5.359010471108605
2024,500,0.6,EXPANDING,low_progress_box,Q1__WEAK,19,-0.0122190577292797,0.4623486612856822,0.1053766389721943,0.0245223539418319,0.1171323601719006,13.392634367524028
2024,500,0.6,EXPANDING,low_progress_box,Q2__STRONG,7,0.0194248567728735,1.5268309266737636,0.1947393499858702,0.0399028788497061,0.0831401668686429,2.0998234248808947
2024,500,0.6,EXPANDING,low_progress_box,Q2__WEAK,14,0.0063729371593437,1.242994851063369,0.1776488259092714,0.0413445039219733,0.0986241866594981,2.4103228384657105
2024,500,0.6,EXPANDING,low_progress_box,Q3__STRONG,11,-0.0074873825078482,0.7960582255708655,0.2420201778244609,0.0577001991291041,0.0846376763847083,1.4928773416024237
2024,500,0.6,EXPANDING,low_progress_box,Q3__WEAK,10,-0.032287087901831,0.1453903248179761,0.2341017831167153,0.0476209666861974,0.074130197659818,1.5773266156657382
2024,500,0.6,EXPANDING,low_progress_box,Q4__STRONG,14,-0.0176463739308041,0.4871278373151927,0.3548175969644035,0.072823505536867,0.0539543163464577,0.742712642136307
2024,500,0.6,EXPANDING,low_progress_box,Q4__WEAK,4,0.0075673999247935,1.4618490393837242,0.3627765921515953,0.0531098936308885,0.0391984310735565,0.7192170074765292
2024,500,0.6,FIXED_-1PCT,rebound_from_low_box,STRONG,37,0.0001327841366333,1.0039456475440407,0.2377338307999575,0.0501283475124536,0.0769182366726541,2.100049454181478
2024,500,0.6,FIXED_-1PCT,rebound_from_low_box,WEAK,45,-0.0067696324402724,0.7301770552965691,0.1671499431121215,0.0372852325348205,0.0995487473061386,6.344286844981259
2024,500,0.6,FIXED_-1PCT,rebound_from_low_box,Q1__STRONG,8,0.0321864385194311,3.060710222577065,0.1093359312022044,0.0216784801207052,0.0964489283148079,4.869766291713722
2024,500,0.6,FIXED_-1PCT,rebound_from_low_box,Q1__WEAK,19,-0.0111587667309107,0.4849746260281267,0.1053578317977202,0.0244894116780296,0.1184511688182246,12.35414529033496
2024,500,0.6,FIXED_-1PCT,rebound_from_low_box,Q2__STRONG,6,0.0400482661079948,2.765778009038541,0.1964296175727198,0.0392180352937856,0.080112560534351,2.069393092739732
2024,500,0.6,FIXED_-1PCT,rebound_from_low_box,Q2__WEAK,14,0.0025678362112172,1.0820497477086772,0.1780448037957513,0.0409100340810317,0.0974482172804209,2.4054272685729576
2024,500,0.6,FIXED_-1PCT,rebound_from_low_box,Q3__STRONG,13,-0.014009219644711,0.6560767007523938,0.2452038814865151,0.0563449582638459,0.0818958606184678,1.4654011279659036
2024,500,0.6,FIXED_-1PCT,rebound_from_low_box,Q3__WEAK,9,-0.0201665935299408,0.2800777801090533,0.2335125736923485,0.0463650239524306,0.0722583903182303,1.5824921692727298
2024,500,0.6,FIXED_-1PCT,rebound_from_low_box,Q4__STRONG,10,-0.031074823636674,0.3164394148330092,0.3555236125219781,0.0713528347802431,0.0529061779123553,0.7277126251009786
2024,500,0.6,FIXED_-1PCT,rebound_from_low_box,Q4__WEAK,3,0.0176442476291571,2.9535866041677807,0.3085694065057102,0.0741703164926797,0.071506955480001,0.9485787414388408
2024,500,0.6,FIXED_-1PCT,low_progress_box,STRONG,41,-0.0001872469639644,0.9941941526296894,0.2233420115723249,0.0502370429201291,0.08325838400908,2.437805001385185
2024,500,0.6,FIXED_-1PCT,low_progress_box,WEAK,41,-0.0071230078349825,0.7223595614860199,0.1746555293945995,0.0359235503000588,0.0954164546656624,6.420603238343386
2024,500,0.6,FIXED_-1PCT,low_progress_box,Q1__STRONG,11,0.0185252028199703,2.140541596023849,0.1030565363844399,0.0221575825268326,0.10593410463443,5.359010471108605
2024,500,0.6,FIXED_-1PCT,low_progress_box,Q1__WEAK,16,-0.0098938931719705,0.5577507120789078,0.1089290220965925,0.0246870784408154,0.116055530192875,13.42111097924246
2024,500,0.6,FIXED_-1PCT,low_progress_box,Q2__STRONG,7,0.0194248567728735,1.5268309266737636,0.1947393499858702,0.0399028788497061,0.0831401668686429,2.0998234248808947
2024,500,0.6,FIXED_-1PCT,low_progress_box,Q2__WEAK,13,0.0107896389380688,1.4436968460106911,0.1775407314365958,0.0406714259191704,0.0971514797731922,2.4148904878687336
2024,500,0.6,FIXED_-1PCT,low_progress_box,Q3__STRONG,11,-0.0074873825078482,0.7960582255708655,0.2420201778244609,0.0577001991291041,0.0846376763847083,1.4928773416024237
2024,500,0.6,FIXED_-1PCT,low_progress_box,Q3__WEAK,11,-0.0255689081422164,0.2555358357656871,0.2388219696806148,0.0468243165983388,0.0712688418793058,1.533726675398605
2024,500,0.6,FIXED_-1PCT,low_progress_box,Q4__STRONG,12,-0.0220889288638333,0.4497228028404131,0.3331669306888603,0.0751635841301705,0.0612769154234382,0.8233729285670829
2024,500,0.6,FIXED_-1PCT,low_progress_box,Q4__WEAK,1,0.0072516528867307,,0.4829411764705887,0.0340762877184244,0.0082596604822977,0.2423873325213151
2024,500,0.8,EXPANDING,rebound_from_low_box,STRONG,40,-0.0010953220092342,0.9691879557948884,0.2607021912173495,0.0536825366352959,0.1128777048142479,2.9375000660496102
2024,500,0.8,EXPANDING,rebound_from_low_box,WEAK,51,-0.0097456134728323,0.6309187045590223,0.1694555811341552,0.0380071945676955,0.1452695392317304,8.937330252552103
2024,500,0.8,EXPANDING,rebound_from_low_box,Q1__STRONG,8,0.0354707228097302,3.270983819849494,0.1093359312022044,0.0216784801207052,0.1358247311266456,6.8263550556182935
2024,500,0.8,EXPANDING,rebound_from_low_box,Q1__WEAK,22,-0.0088806682000287,0.5975988150739342,0.1027768450492225,0.0243741041692874,0.1668640085246946,16.966729565541907
2024,500,0.8,EXPANDING,rebound_from_low_box,Q2__STRONG,6,0.0419755202210898,2.850753046947933,0.1964296175727198,0.0392180352937856,0.1198894258103967,3.0925241236529755
2024,500,0.8,EXPANDING,rebound_from_low_box,Q2__WEAK,15,-0.0099296374856021,0.6955278419398863,0.1781120871463048,0.0415223330061904,0.145578059278274,3.535726680555364
2024,500,0.8,EXPANDING,rebound_from_low_box,Q3__STRONG,12,-0.0148286691337646,0.663962517348185,0.2418022186670905,0.0578022201425203,0.1328219515992733,2.328054154536608
2024,500,0.8,EXPANDING,rebound_from_low_box,Q3__WEAK,9,-0.0185746906925424,0.336906724613192,0.2335125736923485,0.0463650239524306,0.1117995284084506,2.443322892363639
2024,500,0.8,EXPANDING,rebound_from_low_box,Q4__STRONG,14,-0.0286776967548983,0.3641002665170755,0.3909425621167812,0.0746384836409455,0.0796650263930778,1.1712405429057804
2024,500,0.8,EXPANDING,rebound_from_low_box,Q4__WEAK,5,0.0028930383606198,1.1207074722832546,0.3215699152666627,0.0724032841126832,0.1095743336849607,1.5019972397264143
2024,500,0.8,EXPANDING,low_progress_box,STRONG,43,-0.0048091917084354,0.8620515723640201,0.2354992014814104,0.0506345308762647,0.1233473610871714,3.448604865237081
2024,500,0.8,EXPANDING,low_progress_box,WEAK,48,-0.0069592484171061,0.7368741732302971,0.1863303463090676,0.0397579908476026,0.1379149618049958,8.854454923269733
2024,500,0.8,EXPANDING,low_progress_box,Q1__STRONG,11,0.0209137732129151,2.2875987653654883,0.1030565363844399,0.0221575825268326,0.1486313336881843,7.478680628144806
2024,500,0.8,EXPANDING,low_progress_box,Q1__WEAK,19,-0.007455811750782,0.6719364735134793,0.1053766389721943,0.0245223539418319,0.1643505982098116,18.190179156698708
2024,500,0.8,EXPANDING,low_progress_box,Q2__STRONG,7,0.0027710313279445,1.075154479614066,0.1947393499858702,0.0399028788497061,0.124154515441426,3.133097899841192
2024,500,0.8,EXPANDING,low_progress_box,Q2__WEAK,14,0.0059650956962067,1.2274441915927763,0.1776488259092714,0.0413445039219733,0.1452804168533221,3.547097117954284
2024,500,0.8,EXPANDING,low_progress_box,Q3__STRONG,11,-0.0033247720323938,0.9094396597011002,0.2420201778244609,0.0577001991291041,0.1320836348893124,2.3238364554698983
2024,500,0.8,EXPANDING,low_progress_box,Q3__WEAK,10,-0.0308543753481725,0.183312915230408,0.2341017831167153,0.0476209666861974,0.1147139191084899,2.4364354875543164
2024,500,0.8,EXPANDING,low_progress_box,Q4__STRONG,14,-0.0299765339817193,0.3626515697781686,0.3548175969644035,0.072823505536867,0.096213590307566,1.3236168561817432
2024,500,0.8,EXPANDING,low_progress_box,Q4__WEAK,5,0.0065297825957187,1.3520417472716155,0.4227198176933204,0.0774852228041031,0.0632383547243939,1.075343562553719
2024,500,0.8,FIXED_-1PCT,rebound_from_low_box,STRONG,38,0.0019903987081127,1.0580695685788322,0.2489116963015434,0.0534140894067828,0.1170842871463075,3.0564035134871936
2024,500,0.8,FIXED_-1PCT,rebound_from_low_box,WEAK,45,-0.0062084600117415,0.7525441776608182,0.1671499431121215,0.0372852325348205,0.1451600739197917,8.792382459975016
2024,500,0.8,FIXED_-1PCT,rebound_from_low_box,Q1__STRONG,8,0.0354707228097302,3.270983819849494,0.1093359312022044,0.0216784801207052,0.1358247311266456,6.8263550556182935
2024,500,0.8,FIXED_-1PCT,rebound_from_low_box,Q1__WEAK,19,-0.006395520752413,0.7048190407877133,0.1053578317977202,0.0244894116780296,0.1660980289836428,16.80552705377995
2024,500,0.8,FIXED_-1PCT,rebound_from_low_box,Q2__STRONG,6,0.0419755202210898,2.850753046947933,0.1964296175727198,0.0392180352937856,0.1198894258103967,3.0925241236529755
2024,500,0.8,FIXED_-1PCT,rebound_from_low_box,Q2__WEAK,14,-0.0069928840228535,0.7765572557452228,0.1780448037957513,0.0409100340810317,0.1435676344009053,3.5405696914306124
2024,500,0.8,FIXED_-1PCT,rebound_from_low_box,Q3__STRONG,13,-0.0083990208559313,0.7938058623906367,0.2452038814865151,0.0563449582638459,0.1279761335792391,2.2872015039545377
2024,500,0.8,FIXED_-1PCT,rebound_from_low_box,Q3__WEAK,9,-0.0185746906925424,0.336906724613192,0.2335125736923485,0.0463650239524306,0.1117995284084506,2.443322892363639
2024,500,0.8,FIXED_-1PCT,rebound_from_low_box,Q4__STRONG,11,-0.0318905892517264,0.3147456379004237,0.3834298950072728,0.0807740806635812,0.0890526155594574,1.2039753431127416
2024,500,0.8,FIXED_-1PCT,rebound_from_low_box,Q4__WEAK,3,0.0357355954401023,4.9566765333976575,0.3085694065057102,0.0741703164926797,0.1200660461375612,1.5981049885851206
2024,500,0.8,FIXED_-1PCT,low_progress_box,STRONG,41,-0.0021304198093919,0.9366878725925004,0.2233420115723249,0.0502370429201291,0.1277568596521497,3.5837400018469125
2024,500,0.8,FIXED_-1PCT,low_progress_box,WEAK,42,-0.002771388986548,0.8893421520095934,0.1862707005961618,0.039234573852366,0.1367470236240993,8.687314384182516
2024,500,0.8,FIXED_-1PCT,low_progress_box,Q1__STRONG,11,0.0209137732129151,2.2875987653654883,0.1030565363844399,0.0221575825268326,0.1486313336881843,7.478680628144806
2024,500,0.8,FIXED_-1PCT,low_progress_box,Q1__WEAK,16,-0.0042375385725045,0.8105853394963405,0.1089290220965925,0.0246870784408154,0.1629697330707719,18.22814797232328
2024,500,0.8,FIXED_-1PCT,low_progress_box,Q2__STRONG,7,0.0027710313279445,1.075154479614066,0.1947393499858702,0.0399028788497061,0.124154515441426,3.133097899841192
2024,500,0.8,FIXED_-1PCT,low_progress_box,Q2__WEAK,13,0.0103504250546905,1.4256352763976918,0.1775407314365958,0.0406714259191704,0.1430924483373133,3.5531873171583137
2024,500,0.8,FIXED_-1PCT,low_progress_box,Q3__STRONG,11,-0.0033247720323938,0.9094396597011002,0.2420201778244609,0.0577001991291041,0.1320836348893124,2.3238364554698983
2024,500,0.8,FIXED_-1PCT,low_progress_box,Q3__WEAK,11,-0.0217988177276051,0.3653057639139799,0.2388219696806148,0.0468243165983388,0.1106332280385206,2.378302233864805
2024,500,0.8,FIXED_-1PCT,low_progress_box,Q4__STRONG,12,-0.0250186203722013,0.4430164535047278,0.3331669306888603,0.0751635841301705,0.1067570819413078,1.4311639047561104
2024,500,0.8,FIXED_-1PCT,low_progress_box,Q4__WEAK,2,0.0283168745088662,,0.5727169481654049,0.104531413607693,0.0293459631355107,0.4320384414610965
2025,300,0.6,EXPANDING,rebound_from_low_box,STRONG,17,-0.0186800668444216,0.38338745941532,0.2326386271987751,0.0470171269064681,0.0821656962636919,2.3234877757467265
2025,300,0.6,EXPANDING,rebound_from_low_box,WEAK,27,0.0338843396390114,3.3163751660756,0.1743771839151831,0.0421731144565861,0.1038886849996523,3.355432083673761
2025,300,0.6,EXPANDING,rebound_from_low_box,Q1__STRONG,2,-0.0316413581922101,0.0,0.0864201315987413,0.0270856780534521,0.1624369969936269,8.679993894760978
2025,300,0.6,EXPANDING,rebound_from_low_box,Q1__WEAK,11,0.0393941791641158,4.041795120593447,0.1048675203831022,0.0265216890910638,0.1223686181236065,5.534432832830395
2025,300,0.6,EXPANDING,rebound_from_low_box,Q2__STRONG,4,-0.0307789574165326,0.2453373419331193,0.1965816869847191,0.0429613805077124,0.0884653461405165,2.0559789694584043
2025,300,0.6,EXPANDING,rebound_from_low_box,Q2__WEAK,8,0.0154721600582913,1.676659384804282,0.1790048064986062,0.0424210773520621,0.0997191427764182,2.4155790572124003
2025,300,0.6,EXPANDING,rebound_from_low_box,Q3__STRONG,6,-0.0229931822763584,0.2350352534378982,0.2370738169529232,0.0467471279966,0.0745566620239491,1.5539860704604116
2025,300,0.6,EXPANDING,rebound_from_low_box,Q3__WEAK,5,0.0337668867087881,3.426617335611744,0.2422610066975292,0.0614129704197917,0.0915308054414217,1.489494798694644
2025,300,0.6,EXPANDING,rebound_from_low_box,Q4__STRONG,5,0.0013593006707065,1.0627914688197118,0.3146493499050558,0.058558302258521,0.0541482971579495,0.9182944195152608
2025,300,0.6,EXPANDING,rebound_from_low_box,Q4__WEAK,3,0.0629764951459208,,0.3037659186731077,0.0668340131368895,0.067844175404162,0.9819328822949186
2025,300,0.6,EXPANDING,low_progress_box,STRONG,16,-0.0107960181351253,0.5585649037602909,0.2153387065532273,0.043468951866762,0.087966847774778,2.577791237302736
2025,300,0.6,EXPANDING,low_progress_box,WEAK,28,0.0275018687164337,2.484685170048064,0.186343618687053,0.0443736434953426,0.0997979202527474,3.173260666072932
2025,300,0.6,EXPANDING,low_progress_box,Q1__STRONG,3,0.023590562560056,2.1183414954923063,0.104252090873605,0.0317612459921747,0.1533544345213638,6.882758252925086
2025,300,0.6,EXPANDING,low_progress_box,Q1__WEAK,10,0.0299281566740686,3.100802312126682,0.1013626714790792,0.0250626198132082,0.1210865489782834,5.759047419188104
2025,300,0.6,EXPANDING,low_progress_box,Q2__STRONG,4,-0.0192271221627546,0.3422851518968182,0.1938515482672299,0.0400231557476567,0.0847339486860415,2.099083358488558
2025,300,0.6,EXPANDING,low_progress_box,Q2__WEAK,8,0.0096962424314023,1.3385391082479074,0.1803698758573508,0.04389018973209,0.1015848415036557,2.394026862697324
2025,300,0.6,EXPANDING,low_progress_box,Q3__STRONG,7,-0.019407982368931,0.246697311186794,0.2403440342389255,0.0500527709054344,0.0769645260052193,1.518845203251781
2025,300,0.6,EXPANDING,low_progress_box,Q3__WEAK,4,0.0416828041170768,3.39638829459709,0.2378349238831767,0.0592945559351295,0.091560579328567,1.534868498368305
2025,300,0.6,EXPANDING,low_progress_box,Q4__STRONG,2,-0.0153718063043185,0.0,0.3374242997447118,0.0448787362815,0.0348593920258274,0.7840675906759071
2025,300,0.6,EXPANDING,low_progress_box,Q4__WEAK,6,0.0377449335666554,3.922351791153327,0.3016159843425298,0.0672560130233789,0.0674258713250965,0.9948559271848744
2025,300,0.6,FIXED_-1PCT,rebound_from_low_box,STRONG,15,-0.0223790083028226,0.3192473584113283,0.2289711097918083,0.0491157061891612,0.0879202886316219,2.44307708661284
2025,300,0.6,FIXED_-1PCT,rebound_from_low_box,WEAK,23,0.0300155358891461,2.82055563210506,0.1637394956898234,0.0404692634692707,0.1062334242423723,3.617684134075037
2025,300,0.6,FIXED_-1PCT,rebound_from_low_box,Q1__STRONG,2,-0.0316413581922101,0.0,0.0864201315987413,0.0270856780534521,0.1624369969936269,8.679993894760978
2025,300,0.6,FIXED_-1PCT,rebound_from_low_box,Q1__WEAK,10,0.0299281566740686,3.100802312126682,0.1013626714790792,0.0250626198132082,0.1210865489782834,5.759047419188104
2025,300,0.6,FIXED_-1PCT,rebound_from_low_box,Q2__STRONG,3,-0.0543800722747211,0.0,0.1946905462356743,0.0503212275609235,0.1042653974927492,2.08578845172851
2025,300,0.6,FIXED_-1PCT,rebound_from_low_box,Q2__WEAK,7,0.01993379166912,1.8347244424393283,0.1774970654569604,0.0414419504308891,0.0987229913927094,2.451341560745322
2025,300,0.6,FIXED_-1PCT,rebound_from_low_box,Q3__STRONG,6,-0.0229931822763584,0.2350352534378982,0.2370738169529232,0.0467471279966,0.0745566620239491,1.5539860704604116
2025,300,0.6,FIXED_-1PCT,rebound_from_low_box,Q3__WEAK,5,0.0337668867087881,3.426617335611744,0.2422610066975292,0.0614129704197917,0.0915308054414217,1.489494798694644
2025,300,0.6,FIXED_-1PCT,rebound_from_low_box,Q4__STRONG,4,0.0071742255810987,1.3323751952418466,0.3138029608137697,0.0627794465170358,0.0584485427162833,0.9262216829306612
2025,300,0.6,FIXED_-1PCT,rebound_from_low_box,Q4__WEAK,1,0.0827047834818941,,0.2985971943887776,0.083008356545961,0.0837883008356545,1.0093959731543622
2025,300,0.6,FIXED_-1PCT,low_progress_box,STRONG,12,-0.0257629517663545,0.125806741523932,0.2163045238446769,0.0452133598021464,0.0906312954457331,2.7448329505505646
2025,300,0.6,FIXED_-1PCT,low_progress_box,WEAK,26,0.0255318316193952,2.279880594100397,0.1771123369848823,0.0432680128848033,0.1028691362192344,3.3428806144735264
2025,300,0.6,FIXED_-1PCT,low_progress_box,Q1__STRONG,2,-0.0316413581922101,0.0,0.0864201315987413,0.0270856780534521,0.1624369969936269,8.679993894760978
2025,300,0.6,FIXED_-1PCT,low_progress_box,Q1__WEAK,10,0.0299281566740686,3.100802312126682,0.1013626714790792,0.0250626198132082,0.1210865489782834,5.759047419188104
2025,300,0.6,FIXED_-1PCT,low_progress_box,Q2__STRONG,2,-0.0505868072957708,0.0,0.1917960450234693,0.0449679089211371,0.0955892000989837,2.132270689412096
2025,300,0.6,FIXED_-1PCT,low_progress_box,Q2__WEAK,8,0.0096962424314023,1.3385391082479074,0.1803698758573508,0.04389018973209,0.1015848415036557,2.394026862697324
2025,300,0.6,FIXED_-1PCT,low_progress_box,Q3__STRONG,7,-0.019407982368931,0.246697311186794,0.2403440342389255,0.0500527709054344,0.0769645260052193,1.518845203251781
2025,300,0.6,FIXED_-1PCT,low_progress_box,Q3__WEAK,4,0.0416828041170768,3.39638829459709,0.2378349238831767,0.0592945559351295,0.091560579328567,1.534868498368305
2025,300,0.6,FIXED_-1PCT,low_progress_box,Q4__STRONG,1,-0.0088432136377749,0.0,0.3568136932192233,0.0480837473385379,0.0327714691270404,0.6815498154981543
2025,300,0.6,FIXED_-1PCT,low_progress_box,Q4__WEAK,4,0.030061224861016,2.5516338400175123,0.2992488361061583,0.0715105988188916,0.0712027506434368,1.008183222344713
2025,300,0.8,EXPANDING,rebound_from_low_box,STRONG,17,-0.0150576303386395,0.5029608953960386,0.2326386271987751,0.0470171269064681,0.1252266373204119,3.431317034328965
2025,300,0.8,EXPANDING,rebound_from_low_box,WEAK,27,0.0436315362075979,3.9827055213626954,0.1743771839151831,0.0421731144565861,0.1525759514850652,4.807242778231678
2025,300,0.8,EXPANDING,rebound_from_low_box,Q1__STRONG,2,-0.0316413581922101,0.0,0.0864201315987413,0.0270856780534521,0.22561122200932,11.906658526347965
2025,300,0.8,EXPANDING,rebound_from_low_box,Q1__WEAK,11,0.046252909141516,4.571387355319529,0.1048675203831022,0.0265216890910638,0.1719987205284966,7.712577110440521
2025,300,0.8,EXPANDING,rebound_from_low_box,Q2__STRONG,4,-0.0399446974867452,0.0206045262328276,0.1965816869847191,0.0429613805077124,0.1322742550232593,3.0746386259445333
2025,300,0.8,EXPANDING,rebound_from_low_box,Q2__WEAK,8,0.0252939666503835,2.106206234192664,0.1790048064986062,0.0424210773520621,0.1470992161525784,3.554105409616536
2025,300,0.8,EXPANDING,rebound_from_low_box,Q3__STRONG,6,-0.0201396977638092,0.3299683962593428,0.2370738169529232,0.0467471279966,0.1149912586974654,2.40531476061388
2025,300,0.8,EXPANDING,rebound_from_low_box,Q3__WEAK,5,0.0332037372688121,3.386147267838805,0.2422610066975292,0.0614129704197917,0.1425120640618263,2.319326398259525
2025,300,0.8,EXPANDING,rebound_from_low_box,Q4__STRONG,5,0.0175839954314768,1.812274226487052,0.3146493499050558,0.058558302258521,0.0917171636301064,1.5577258926870137
2025,300,0.8,EXPANDING,rebound_from_low_box,Q4__WEAK,3,0.1002996858337793,,0.3037659186731077,0.0668340131368895,0.1127369049178458,1.6425771763932226
2025,300,0.8,EXPANDING,low_progress_box,STRONG,16,-0.0060092936206408,0.7542878240330553,0.2153387065532273,0.043468951866762,0.1317787809886246,3.7703883164036447
2025,300,0.8,EXPANDING,low_progress_box,WEAK,28,0.0363650164206615,2.963161163519352,0.186343618687053,0.0443736434953426,0.1478551081687774,4.5643475547639065
2025,300,0.8,EXPANDING,low_progress_box,Q1__STRONG,3,0.0556337777058253,3.6373920503603063,0.104252090873605,0.0317612459921747,0.2150596613592099,9.510344337233445
2025,300,0.8,EXPANDING,low_progress_box,Q1__WEAK,10,0.0278597951054779,2.9556139928816787,0.1013626714790792,0.0250626198132082,0.1698029385754473,8.012063225584132
2025,300,0.8,EXPANDING,low_progress_box,Q2__STRONG,4,-0.0283928622329672,0.0287466365119744,0.1938515482672299,0.0400231557476567,0.1263196501639408,3.1321111446514065
2025,300,0.8,EXPANDING,low_progress_box,Q2__WEAK,8,0.0195180490234946,1.6814622218761055,0.1803698758573508,0.04389018973209,0.1500765185822377,3.5253691502630997
2025,300,0.8,EXPANDING,low_progress_box,Q3__STRONG,7,-0.0169621385010318,0.3416304540082386,0.2403440342389255,0.0500527709054344,0.1193036249754372,2.358460271002373
2025,300,0.8,EXPANDING,low_progress_box,Q3__WEAK,4,0.0409788673171069,3.355918226824151,0.2378349238831767,0.0592945559351295,0.141845624416466,2.379824664491073
2025,300,0.8,EXPANDING,low_progress_box,Q4__STRONG,2,-0.0153718063043185,0.0,0.3374242997447118,0.0448787362815,0.06143876812827,1.3787567875678763
2025,300,0.8,EXPANDING,low_progress_box,Q4__WEAK,6,0.0699271078778932,6.414014270187012,0.3016159843425298,0.0672560130233789,0.1123198327745882,1.6598079029131636
2025,300,0.8,FIXED_-1PCT,rebound_from_low_box,STRONG,15,-0.0158293829108795,0.5184820486464238,0.2289711097918083,0.0491157061891612,0.1335989535718829,3.5907694488171176
2025,300,0.8,FIXED_-1PCT,rebound_from_low_box,WEAK,23,0.0348250311351788,3.112269686123117,0.1637394956898234,0.0404692634692707,0.1551343201462533,5.1569121787667145
2025,300,0.8,FIXED_-1PCT,rebound_from_low_box,Q1__STRONG,2,-0.0316413581922101,0.0,0.0864201315987413,0.0270856780534521,0.22561122200932,11.906658526347965
2025,300,0.8,FIXED_-1PCT,rebound_from_low_box,Q1__WEAK,10,0.0278597951054779,2.9556139928816787,0.1013626714790792,0.0250626198132082,0.1698029385754473,8.012063225584132
2025,300,0.8,FIXED_-1PCT,rebound_from_low_box,Q2__STRONG,3,-0.0543800722747211,0.0,0.1946905462356743,0.0503212275609235,0.1557942725106399,3.114384602304677
2025,300,0.8,FIXED_-1PCT,rebound_from_low_box,Q2__WEAK,7,0.0311587134886541,2.304766307166472,0.1774970654569604,0.0414419504308891,0.1454446386672423,3.60178874766043
2025,300,0.8,FIXED_-1PCT,rebound_from_low_box,Q3__STRONG,6,-0.0201396977638092,0.3299683962593428,0.2370738169529232,0.0467471279966,0.1149912586974654,2.40531476061388
2025,300,0.8,FIXED_-1PCT,rebound_from_low_box,Q3__WEAK,5,0.0332037372688121,3.386147267838805,0.2422610066975292,0.0614129704197917,0.1425120640618263,2.319326398259525
2025,300,0.8,FIXED_-1PCT,rebound_from_low_box,Q4__STRONG,4,0.0274550940320616,2.2719689583404645,0.3138029608137697,0.0627794465170358,0.0988578724607229,1.56829557724088
2025,300,0.8,FIXED_-1PCT,rebound_from_low_box,Q4__WEAK,1,0.1382480842896938,,0.2985971943887776,0.083008356545961,0.1393871866295264,1.6791946308724828
2025,300,0.8,FIXED_-1PCT,low_progress_box,STRONG,12,-0.0243362095100799,0.1742192244307637,0.2163045238446769,0.0452133598021464,0.1359128471950262,3.993110600734082
2025,300,0.8,FIXED_-1PCT,low_progress_box,WEAK,26,0.0329065187141107,2.649564956773339,0.1771123369848823,0.0432680128848033,0.1515815192539137,4.790507485964701
2025,300,0.8,FIXED_-1PCT,low_progress_box,Q1__STRONG,2,-0.0316413581922101,0.0,0.0864201315987413,0.0270856780534521,0.22561122200932,11.906658526347965
2025,300,0.8,FIXED_-1PCT,low_progress_box,Q1__WEAK,10,0.0278597951054779,2.9556139928816787,0.1013626714790792,0.0250626198132082,0.1698029385754473,8.012063225584132
2025,300,0.8,FIXED_-1PCT,low_progress_box,Q2__STRONG,2,-0.0505868072957708,0.0,0.1917960450234693,0.0449679089211371,0.1424415697723572,3.176360919216126
2025,300,0.8,FIXED_-1PCT,low_progress_box,Q2__WEAK,8,0.0195180490234946,1.6814622218761055,0.1803698758573508,0.04389018973209,0.1500765185822377,3.5253691502630997
2025,300,0.8,FIXED_-1PCT,low_progress_box,Q3__STRONG,7,-0.0169621385010318,0.3416304540082386,0.2403440342389255,0.0500527709054344,0.1193036249754372,2.358460271002373
2025,300,0.8,FIXED_-1PCT,low_progress_box,Q3__WEAK,4,0.0409788673171069,3.355918226824151,0.2378349238831767,0.0592945559351295,0.141845624416466,2.379824664491073
2025,300,0.8,FIXED_-1PCT,low_progress_box,Q4__STRONG,1,-0.0088432136377749,0.0,0.3568136932192233,0.0480837473385379,0.0597232079488998,1.2420664206642045
2025,300,0.8,FIXED_-1PCT,low_progress_box,Q4__WEAK,4,0.0642279185139288,4.315174691013266,0.2992488361061583,0.0715105988188916,0.1187738671308796,1.6775776297929497
2025,500,0.6,EXPANDING,rebound_from_low_box,STRONG,49,-0.0008986106442086,0.9609382567095408,0.2596531437485959,0.0531370950173903,0.0746801584978607,2.074721585099117
2025,500,0.6,EXPANDING,rebound_from_low_box,WEAK,44,0.0225829493997598,2.1954549309950835,0.1685283468633386,0.0393806496100265,0.102092182479277,3.5181257118790668
2025,500,0.6,EXPANDING,rebound_from_low_box,Q1__STRONG,7,-0.0145046794959416,0.406883063808342,0.0940817707210626,0.0243514107154908,0.1353865825903181,7.198050685584771
2025,500,0.6,EXPANDING,rebound_from_low_box,Q1__WEAK,20,0.0232684028368598,2.3998429465335134,0.1059617320262739,0.0260777810731667,0.1188827812771624,5.520762603906529
2025,500,0.6,EXPANDING,rebound_from_low_box,Q2__STRONG,7,-2.115167811727365e-05,0.99932381005803,0.1897722023022355,0.0427867419505692,0.0930166818748262,2.1748278007499904
2025,500,0.6,EXPANDING,rebound_from_low_box,Q2__WEAK,13,0.0079479853159642,1.282422363101767,0.1839026906896133,0.042487709973332,0.0960967147558421,2.3121329292080786
2025,500,0.6,EXPANDING,rebound_from_low_box,Q3__STRONG,13,-0.0100435694690554,0.5997389754706925,0.2479074672555771,0.047695365158218,0.0698143149008259,1.44167628468805
2025,500,0.6,EXPANDING,rebound_from_low_box,Q3__WEAK,8,0.0295035527883675,2.7760109327998723,0.2492474858096404,0.0572938365392309,0.0827013231883131,1.4223440647448244
2025,500,0.6,EXPANDING,rebound_from_low_box,Q4__STRONG,22,0.008555240897723,1.4580717093242153,0.3415104162816186,0.0688050381878578,0.0524054009740194,0.7867916620258524
2025,500,0.6,EXPANDING,rebound_from_low_box,Q4__WEAK,3,0.0629764951459208,,0.3037659186731077,0.0668340131368895,0.067844175404162,0.9819328822949186
2025,500,0.6,EXPANDING,low_progress_box,STRONG,45,-0.0033704675261816,0.8549637034384524,0.2487106506114788,0.0499837893994061,0.0770836857384322,2.255331841472733
2025,500,0.6,EXPANDING,low_progress_box,WEAK,48,0.0229435185562787,2.2066495549287835,0.1863806672531573,0.0434832440775003,0.0975545403594565,3.2285199192971388
2025,500,0.6,EXPANDING,low_progress_box,Q1__STRONG,8,0.0040652059491246,1.1899794770730996,0.0998110505588463,0.0264465321097569,0.135361923463633,6.709330221043338
2025,500,0.6,EXPANDING,low_progress_box,Q1__WEAK,19,0.0174375606669793,1.9966027385629423,0.1041746647948497,0.025286486294406,0.1180245429456006,5.638261321519856
2025,500,0.6,EXPANDING,low_progress_box,Q2__STRONG,8,-0.0003251360189169,0.988252576417937,0.1906655994891128,0.0419328260525146,0.0907761239887814,2.1603811370671924
2025,500,0.6,EXPANDING,low_progress_box,Q2__WEAK,12,0.0088147362926708,1.291079090561787,0.1828179665973099,0.0430320679072654,0.0978470894199567,2.333206132368117
2025,500,0.6,EXPANDING,low_progress_box,Q3__STRONG,14,-0.0104401304656019,0.5519300444728121,0.2483979340070747,0.0480463461851188,0.0699550700756011,1.4351229428583578
2025,500,0.6,EXPANDING,low_progress_box,Q3__WEAK,7,0.035946263675378,2.8933596920132816,0.2484579835286542,0.0579630846827169,0.0842608140226896,1.4326890026980337
2025,500,0.6,EXPANDING,low_progress_box,Q4__STRONG,15,-0.0023619847734271,0.8916320048271408,0.359373000068922,0.068639120738896,0.0453526998367812,0.6960347200914495
2025,500,0.6,EXPANDING,low_progress_box,Q4__WEAK,10,0.0412574556789075,5.9147224834869325,0.3033931913181106,0.06846260684601,0.0676160850089195,0.9814694410081763
2025,500,0.6,FIXED_-1PCT,rebound_from_low_box,STRONG,41,-0.0046955110731208,0.819354146241604,0.2520214544139439,0.0530824582308417,0.0784672824644693,2.262686584436075
2025,500,0.6,FIXED_-1PCT,rebound_from_low_box,WEAK,36,0.0192083949894128,1.9007880772229675,0.1670402489980121,0.0388941270577263,0.1018899451045518,3.337311444689873
2025,500,0.6,FIXED_-1PCT,rebound_from_low_box,Q1__STRONG,7,-0.0145046794959416,0.406883063808342,0.0940817707210626,0.0243514107154908,0.1353865825903181,7.198050685584771
2025,500,0.6,FIXED_-1PCT,rebound_from_low_box,Q1__WEAK,16,0.0225548075619838,2.267674823248263,0.109772954125738,0.0266443725322534,0.1180233154668473,5.087358617271232
2025,500,0.6,FIXED_-1PCT,rebound_from_low_box,Q2__STRONG,6,-0.0066954081508089,0.8165346115589212,0.1876917178139658,0.0464375590509842,0.1016752635066608,2.209540680433641
2025,500,0.6,FIXED_-1PCT,rebound_from_low_box,Q2__WEAK,12,0.0099235891937537,1.3401505777484042,0.1834313320979038,0.0419221053210869,0.095213757446964,2.3243738789352557
2025,500,0.6,FIXED_-1PCT,rebound_from_low_box,Q3__STRONG,11,-0.020994612340533,0.2920339895860604,0.2475471456513686,0.0476018493250872,0.0697559869496632,1.4469100609844765
2025,500,0.6,FIXED_-1PCT,rebound_from_low_box,Q3__WEAK,7,0.0184053492600261,1.969445579130651,0.2510440740504293,0.0554007133090124,0.0790445122992981,1.4062273731597583
2025,500,0.6,FIXED_-1PCT,rebound_from_low_box,Q4__STRONG,17,0.0105958815955502,1.515605368657312,0.3426551956985535,0.0708044244455418,0.0524755920838091,0.7770906123149759
2025,500,0.6,FIXED_-1PCT,rebound_from_low_box,Q4__WEAK,1,0.0827047834818941,,0.2985971943887776,0.083008356545961,0.0837883008356545,1.0093959731543622
2025,500,0.6,FIXED_-1PCT,low_progress_box,STRONG,37,-0.0100805783949884,0.6174186107315238,0.2457491188590905,0.0504747402329039,0.0787443891416226,2.405834717996008
2025,500,0.6,FIXED_-1PCT,low_progress_box,WEAK,40,0.021799191655887,2.0157282531967264,0.1813402799278447,0.0427250993231303,0.0992913551641767,3.0974369351215545
2025,500,0.6,FIXED_-1PCT,low_progress_box,Q1__STRONG,7,-0.0145046794959416,0.406883063808342,0.0940817707210626,0.0243514107154908,0.1353865825903181,7.198050685584771
2025,500,0.6,FIXED_-1PCT,low_progress_box,Q1__WEAK,16,0.0225548075619838,2.267674823248263,0.109772954125738,0.0266443725322534,0.1180233154668473,5.087358617271232
2025,500,0.6,FIXED_-1PCT,low_progress_box,Q2__STRONG,6,-0.0044777023486431,0.8693649182390343,0.1889184488151536,0.0442176338786274,0.0964085995606754,2.1918761735679166
2025,500,0.6,FIXED_-1PCT,low_progress_box,Q2__WEAK,12,0.0088147362926708,1.291079090561787,0.1828179665973099,0.0430320679072654,0.0978470894199567,2.333206132368117
2025,500,0.6,FIXED_-1PCT,low_progress_box,Q3__STRONG,12,-0.0205446799305474,0.2442250585881801,0.2481493836617999,0.048019120175899,0.0699250619828311,1.4388283474918
2025,500,0.6,FIXED_-1PCT,low_progress_box,Q3__WEAK,6,0.0240721447068149,2.08679433834406,0.2504224194294101,0.0558659822713763,0.0802544497912348,1.4156103521743246
2025,500,0.6,FIXED_-1PCT,low_progress_box,Q4__STRONG,12,0.0001628107596205,1.007186509678296,0.3602368088255324,0.0712975223522046,0.0456903315791487,0.6843610462874845
2025,500,0.6,FIXED_-1PCT,low_progress_box,Q4__WEAK,6,0.0434801735818002,4.366395199028311,0.3001489692263,0.0718522173156194,0.0712648978851041,1.001267304509856
2025,500,0.8,EXPANDING,rebound_from_low_box,STRONG,49,-0.0091177808135167,0.6865765428396505,0.2596531437485959,0.0531370950173903,0.117285909669611,3.0996287801321545
2025,500,0.8,EXPANDING,rebound_from_low_box,WEAK,44,0.028413353055898,2.504094191396395,0.1685283468633386,0.0393806496100265,0.1492497931757115,5.024167615838755
2025,500,0.8,EXPANDING,rebound_from_low_box,Q1__STRONG,7,-0.0143435114310871,0.4134734547828646,0.0940817707210626,0.0243514107154908,0.1886325803589212,9.930734247446363
2025,500,0.8,EXPANDING,rebound_from_low_box,Q1__WEAK,20,0.0229522248569945,2.3808214641366834,0.1059617320262739,0.0260777810731667,0.1672029687272722,7.694350138542035
2025,500,0.8,EXPANDING,rebound_from_low_box,Q2__STRONG,7,-0.0042814538929989,0.863127831115693,0.1897722023022355,0.0427867419505692,0.1382844898166246,3.233103734333317
2025,500,0.8,EXPANDING,rebound_from_low_box,Q2__WEAK,13,0.0159734443860584,1.5675976654516492,0.1839026906896133,0.042487709973332,0.1422915229989003,3.4161772389441056
2025,500,0.8,EXPANDING,rebound_from_low_box,Q3__STRONG,13,-0.0072291741121019,0.7118995745958807,0.2479074672555771,0.047695365158218,0.1089842082538406,2.255568379584066
2025,500,0.8,EXPANDING,rebound_from_low_box,Q3__WEAK,8,0.0353236503499405,3.1263604982729203,0.2492474858096404,0.0572938365392309,0.1293663764308279,2.229792086326432
2025,500,0.8,EXPANDING,rebound_from_low_box,Q4__STRONG,22,-0.0101098745061997,0.6863399203754532,0.3415104162816186,0.0688050381878578,0.0928088806946451,1.382388882701136
2025,500,0.8,EXPANDING,rebound_from_low_box,Q4__WEAK,3,0.1002996858337793,,0.3037659186731077,0.0668340131368895,0.1127369049178458,1.6425771763932226
2025,500,0.8,EXPANDING,low_progress_box,STRONG,45,-0.010882067805738,0.6356347715659615,0.2487106506114788,0.0499837893994061,0.1194395107843783,3.3404424552969774
2025,500,0.8,EXPANDING,low_progress_box,WEAK,48,0.0269397776219875,2.4168215131308086,0.1863806672531573,0.0434832440775003,0.1445671351717755,4.638026559062851
2025,500,0.8,EXPANDING,low_progress_box,Q1__STRONG,8,0.0162224336855357,1.7581238212776773,0.0998110505588463,0.0264465321097569,0.1892980753214298,9.279106961391118
2025,500,0.8,EXPANDING,low_progress_box,Q1__WEAK,19,0.0120452867177891,1.6884200123504982,0.1041746647948497,0.025286486294406,0.1657948860256028,7.851015095359807
2025,500,0.8,EXPANDING,low_progress_box,Q2__STRONG,8,-0.0040529004569384,0.8535654752672981,0.1906655994891128,0.0419328260525146,0.1350124406692134,3.2138415160895883
2025,500,0.8,EXPANDING,low_progress_box,Q2__WEAK,12,0.0175089836186062,1.5781794099277486,0.1828179665973099,0.0430320679072654,0.1448068085290307,3.4442748431574906
2025,500,0.8,EXPANDING,low_progress_box,Q3__STRONG,14,-0.005005590712894,0.7851698486428399,0.2483979340070747,0.0480463461851188,0.1092888754958411,2.2468305904778094
2025,500,0.8,EXPANDING,low_progress_box,Q3__WEAK,7,0.0369554584746737,2.9465159469061826,0.2484579835286542,0.0579630846827169,0.1316687802578252,2.243585336930712
2025,500,0.8,EXPANDING,low_progress_box,Q4__STRONG,15,-0.0344647364737648,0.1730529039805129,0.359373000068922,0.068639120738896,0.0833499733620069,1.2613796267885986
2025,500,0.8,EXPANDING,low_progress_box,Q4__WEAK,10,0.0595452865471416,8.09322845442751,0.3033931913181106,0.06846260684601,0.1129756489605627,1.6419592546775672
2025,500,0.8,FIXED_-1PCT,rebound_from_low_box,STRONG,41,-0.0129259683966044,0.5942031519613167,0.2520214544139439,0.0530824582308417,0.122317196029573,3.3502487792480995
2025,500,0.8,FIXED_-1PCT,rebound_from_low_box,WEAK,36,0.0212007900882969,1.994222523525296,0.1670402489980121,0.0388941270577263,0.1488179691586446,4.783081926253164
2025,500,0.8,FIXED_-1PCT,rebound_from_low_box,Q1__STRONG,7,-0.0143435114310871,0.4134734547828646,0.0940817707210626,0.0243514107154908,0.1886325803589212,9.930734247446363
2025,500,0.8,FIXED_-1PCT,rebound_from_low_box,Q1__WEAK,16,0.0161514822473204,1.9077810726959936,0.109772954125738,0.0266443725322534,0.1662458781332142,7.116478156361639
2025,500,0.8,FIXED_-1PCT,rebound_from_low_box,Q2__STRONG,6,-0.0055552673546958,0.847776377456514,0.1876917178139658,0.0464375590509842,0.1510462043592091,3.2793875739115195
2025,500,0.8,FIXED_-1PCT,rebound_from_low_box,Q2__WEAK,12,0.0186178365196891,1.638163040100827,0.1834313320979038,0.0419221053210869,0.140925711702981,3.432498505247009
2025,500,0.8,FIXED_-1PCT,rebound_from_low_box,Q3__STRONG,11,-0.0199761677165567,0.3263772851691839,0.2475471456513686,0.0476018493250872,0.1088752657079134,2.262546747979302
2025,500,0.8,FIXED_-1PCT,rebound_from_low_box,Q3__WEAK,7,0.0204489435279425,2.077085667921093,0.2510440740504293,0.0554007133090124,0.1238595875020683,2.20830316421301
2025,500,0.8,FIXED_-1PCT,rebound_from_low_box,Q4__STRONG,17,-0.0103818044254631,0.700676738315833,0.3426551956985535,0.0708044244455418,0.0935689309269261,1.3694541497533002
2025,500,0.8,FIXED_-1PCT,rebound_from_low_box,Q4__WEAK,1,0.1382480842896938,,0.2985971943887776,0.083008356545961,0.1393871866295264,1.6791946308724828
2025,500,0.8,FIXED_-1PCT,low_progress_box,STRONG,37,-0.0194653618885444,0.4073171082493554,0.2457491188590905,0.0504747402329039,0.1218174322664648,3.541112957328012
2025,500,0.8,FIXED_-1PCT,low_progress_box,WEAK,40,0.0238370532198512,2.110681937686357,0.1813402799278447,0.0427250993231303,0.1466301733266125,4.463249246828739
2025,500,0.8,FIXED_-1PCT,low_progress_box,Q1__STRONG,7,-0.0143435114310871,0.4134734547828646,0.0940817707210626,0.0243514107154908,0.1886325803589212,9.930734247446363
2025,500,0.8,FIXED_-1PCT,low_progress_box,Q1__WEAK,16,0.0161514822473204,1.9077810726959936,0.109772954125738,0.0266443725322534,0.1662458781332142,7.116478156361639
2025,500,0.8,FIXED_-1PCT,low_progress_box,Q2__STRONG,6,-0.00333756155253,0.9026280461832978,0.1889184488151536,0.0442176338786274,0.1432840107071097,3.255834898090555
2025,500,0.8,FIXED_-1PCT,low_progress_box,Q2__WEAK,12,0.0175089836186062,1.5781794099277486,0.1828179665973099,0.0430320679072654,0.1448068085290307,3.4442748431574906
2025,500,0.8,FIXED_-1PCT,low_progress_box,Q3__STRONG,12,-0.0163197376171096,0.3996475592161431,0.2481493836617999,0.048019120175899,0.1092397893690745,2.251771129989066
2025,500,0.8,FIXED_-1PCT,low_progress_box,Q3__WEAK,6,0.0198736018697982,1.8972411165543552,0.2504224194294101,0.0558659822713763,0.1256279271454386,2.2208138028991
2025,500,0.8,FIXED_-1PCT,low_progress_box,Q4__STRONG,12,-0.0336626324281698,0.2112426030137224,0.3602368088255324,0.0712975223522046,0.0846862828895998,1.245814728383312
2025,500,0.8,FIXED_-1PCT,low_progress_box,Q4__WEAK,6,0.0609514996991431,5.719089623107147,0.3001489692263,0.0718522173156194,0.1189706029520119,1.6683564060131395
2026,300,0.6,EXPANDING,rebound_from_low_box,STRONG,8,0.0223842366749689,1.90742409900816,0.2759692195801546,0.0593295652498496,0.0807321213560346,1.8177919750077072
2026,300,0.6,EXPANDING,rebound_from_low_box,WEAK,2,0.0515291360906162,2.5260030390670645,0.3125522862782399,0.0715148354231809,0.0695849509032164,0.954968814968815
2026,300,0.6,EXPANDING,rebound_from_low_box,Q1__STRONG,2,-0.0348721528831967,0.0,0.1306846456072369,0.0294791692111204,0.1086718789738379,3.608143790849669
2026,300,0.6,EXPANDING,rebound_from_low_box,Q2__STRONG,2,0.0619159288183534,3.1853639857259277,0.1821856188743001,0.0537955518329786,0.1233178345470745,2.2939818110386314
2026,300,0.6,EXPANDING,rebound_from_low_box,Q3__STRONG,1,0.1653589023649797,,0.2246387606137347,0.0640285326086957,0.1069887907608695,1.670954907161802
2026,300,0.6,EXPANDING,rebound_from_low_box,Q3__WEAK,1,0.170593047370303,,0.270559118011025,0.0764280606975451,0.0930610947803289,1.217629937629938
2026,300,0.6,EXPANDING,rebound_from_low_box,Q4__STRONG,3,-0.0134575202785138,0.4308483148485558,0.4524581556881425,0.0813528491006344,0.0249629176818609,0.3557098963744189
2026,300,0.6,EXPANDING,rebound_from_low_box,Q4__WEAK,1,-0.0675347751890704,0.0,0.3545454545454549,0.0666016101488168,0.0461088070261039,0.6923076923076921
2026,300,0.6,EXPANDING,low_progress_box,STRONG,8,0.0223842366749689,1.90742409900816,0.2759692195801546,0.0593295652498496,0.0807321213560346,1.8177919750077072
2026,300,0.6,EXPANDING,low_progress_box,WEAK,2,0.0515291360906162,2.5260030390670645,0.3125522862782399,0.0715148354231809,0.0695849509032164,0.954968814968815
2026,300,0.6,EXPANDING,low_progress_box,Q1__STRONG,2,-0.0348721528831967,0.0,0.1306846456072369,0.0294791692111204,0.1086718789738379,3.608143790849669
2026,300,0.6,EXPANDING,low_progress_box,Q2__STRONG,2,0.0619159288183534,3.1853639857259277,0.1821856188743001,0.0537955518329786,0.1233178345470745,2.2939818110386314
2026,300,0.6,EXPANDING,low_progress_box,Q3__STRONG,1,0.1653589023649797,,0.2246387606137347,0.0640285326086957,0.1069887907608695,1.670954907161802
2026,300,0.6,EXPANDING,low_progress_box,Q3__WEAK,1,0.170593047370303,,0.270559118011025,0.0764280606975451,0.0930610947803289,1.217629937629938
2026,300,0.6,EXPANDING,low_progress_box,Q4__STRONG,3,-0.0134575202785138,0.4308483148485558,0.4524581556881425,0.0813528491006344,0.0249629176818609,0.3557098963744189
2026,300,0.6,EXPANDING,low_progress_box,Q4__WEAK,1,-0.0675347751890704,0.0,0.3545454545454549,0.0666016101488168,0.0461088070261039,0.6923076923076921
2026,300,0.6,FIXED_-1PCT,rebound_from_low_box,STRONG,7,0.023027176375311,1.8168019394036556,0.2518410978875235,0.0600616826776846,0.0895649520707038,2.027659325462181
2026,300,0.6,FIXED_-1PCT,rebound_from_low_box,WEAK,2,0.0515291360906162,2.5260030390670645,0.3125522862782399,0.0715148354231809,0.0695849509032164,0.954968814968815
2026,300,0.6,FIXED_-1PCT,rebound_from_low_box,Q1__STRONG,2,-0.0348721528831967,0.0,0.1306846456072369,0.0294791692111204,0.1086718789738379,3.608143790849669
2026,300,0.6,FIXED_-1PCT,rebound_from_low_box,Q2__STRONG,2,0.0619159288183534,3.1853639857259277,0.1821856188743001,0.0537955518329786,0.1233178345470745,2.2939818110386314
2026,300,0.6,FIXED_-1PCT,rebound_from_low_box,Q3__STRONG,1,0.1653589023649797,,0.2246387606137347,0.0640285326086957,0.1069887907608695,1.670954907161802
2026,300,0.6,FIXED_-1PCT,rebound_from_low_box,Q3__WEAK,1,0.170593047370303,,0.270559118011025,0.0764280606975451,0.0930610947803289,1.217629937629938
2026,300,0.6,FIXED_-1PCT,rebound_from_low_box,Q4__STRONG,2,-0.0291281098040577,0.1787336528991636,0.4562541978179281,0.0949269020234495,0.027993223346116,0.3592045836484331
2026,300,0.6,FIXED_-1PCT,rebound_from_low_box,Q4__WEAK,1,-0.0675347751890704,0.0,0.3545454545454549,0.0666016101488168,0.0461088070261039,0.6923076923076921
2026,300,0.6,FIXED_-1PCT,low_progress_box,STRONG,7,0.023027176375311,1.8168019394036556,0.2518410978875235,0.0600616826776846,0.0895649520707038,2.027659325462181
2026,300,0.6,FIXED_-1PCT,low_progress_box,WEAK,2,0.0515291360906162,2.5260030390670645,0.3125522862782399,0.0715148354231809,0.0695849509032164,0.954968814968815
2026,300,0.6,FIXED_-1PCT,low_progress_box,Q1__STRONG,2,-0.0348721528831967,0.0,0.1306846456072369,0.0294791692111204,0.1086718789738379,3.608143790849669
2026,300,0.6,FIXED_-1PCT,low_progress_box,Q2__STRONG,2,0.0619159288183534,3.1853639857259277,0.1821856188743001,0.0537955518329786,0.1233178345470745,2.2939818110386314
2026,300,0.6,FIXED_-1PCT,low_progress_box,Q3__STRONG,1,0.1653589023649797,,0.2246387606137347,0.0640285326086957,0.1069887907608695,1.670954907161802
2026,300,0.6,FIXED_-1PCT,low_progress_box,Q3__WEAK,1,0.170593047370303,,0.270559118011025,0.0764280606975451,0.0930610947803289,1.217629937629938
2026,300,0.6,FIXED_-1PCT,low_progress_box,Q4__STRONG,2,-0.0291281098040577,0.1787336528991636,0.4562541978179281,0.0949269020234495,0.027993223346116,0.3592045836484331
2026,300,0.6,FIXED_-1PCT,low_progress_box,Q4__WEAK,1,-0.0675347751890704,0.0,0.3545454545454549,0.0666016101488168,0.0461088070261039,0.6923076923076921
2026,300,0.8,EXPANDING,rebound_from_low_box,STRONG,8,0.0241768748818634,1.889606050103446,0.2759692195801546,0.0593295652498496,0.1274193502246628,2.757055966676944
2026,300,0.8,EXPANDING,rebound_from_low_box,WEAK,2,0.0515291360906162,2.5260030390670645,0.3125522862782399,0.0715148354231809,0.1166182130120153,1.6066250866250829
2026,300,0.8,EXPANDING,rebound_from_low_box,Q1__STRONG,2,-0.0348721528831967,0.0,0.1306846456072369,0.0294791692111204,0.1547222283688242,5.144191721132896
2026,300,0.8,EXPANDING,rebound_from_low_box,Q2__STRONG,2,0.0619159288183534,3.1853639857259277,0.1821856188743001,0.0537955518329786,0.1823556300070922,3.3919757480515065
2026,300,0.8,EXPANDING,rebound_from_low_box,Q3__STRONG,1,0.1653589023649797,,0.2246387606137347,0.0640285326086957,0.1639945652173913,2.5612732095490696
2026,300,0.8,EXPANDING,rebound_from_low_box,Q3__WEAK,1,0.170593047370303,,0.270559118011025,0.0764280606975451,0.1495574799396199,1.9568399168399124
2026,300,0.8,EXPANDING,rebound_from_low_box,Q4__STRONG,3,-0.0086771517267951,0.7139651217742813,0.4524581556881425,0.0813528491006344,0.0604015066093594,0.807613195165893
2026,300,0.8,EXPANDING,rebound_from_low_box,Q4__WEAK,1,-0.0675347751890704,0.0,0.3545454545454549,0.0666016101488168,0.0836789460844107,1.256410256410253
2026,300,0.8,EXPANDING,low_progress_box,STRONG,8,0.0241768748818634,1.889606050103446,0.2759692195801546,0.0593295652498496,0.1274193502246628,2.757055966676944
2026,300,0.8,EXPANDING,low_progress_box,WEAK,2,0.0515291360906162,2.5260030390670645,0.3125522862782399,0.0715148354231809,0.1166182130120153,1.6066250866250829
2026,300,0.8,EXPANDING,low_progress_box,Q1__STRONG,2,-0.0348721528831967,0.0,0.1306846456072369,0.0294791692111204,0.1547222283688242,5.144191721132896
2026,300,0.8,EXPANDING,low_progress_box,Q2__STRONG,2,0.0619159288183534,3.1853639857259277,0.1821856188743001,0.0537955518329786,0.1823556300070922,3.3919757480515065
2026,300,0.8,EXPANDING,low_progress_box,Q3__STRONG,1,0.1653589023649797,,0.2246387606137347,0.0640285326086957,0.1639945652173913,2.5612732095490696
2026,300,0.8,EXPANDING,low_progress_box,Q3__WEAK,1,0.170593047370303,,0.270559118011025,0.0764280606975451,0.1495574799396199,1.9568399168399124
2026,300,0.8,EXPANDING,low_progress_box,Q4__STRONG,3,-0.0086771517267951,0.7139651217742813,0.4524581556881425,0.0813528491006344,0.0604015066093594,0.807613195165893
2026,300,0.8,EXPANDING,low_progress_box,Q4__WEAK,1,-0.0675347751890704,0.0,0.3545454545454549,0.0666016101488168,0.0836789460844107,1.256410256410253
2026,300,0.8,FIXED_-1PCT,rebound_from_low_box,STRONG,7,0.0304983357762605,2.081813045794982,0.2518410978875235,0.0600616826776846,0.1394404969868333,3.0368791006162428
2026,300,0.8,FIXED_-1PCT,rebound_from_low_box,WEAK,2,0.0515291360906162,2.5260030390670645,0.3125522862782399,0.0715148354231809,0.1166182130120153,1.6066250866250829
2026,300,0.8,FIXED_-1PCT,rebound_from_low_box,Q1__STRONG,2,-0.0348721528831967,0.0,0.1306846456072369,0.0294791692111204,0.1547222283688242,5.144191721132896
2026,300,0.8,FIXED_-1PCT,rebound_from_low_box,Q2__STRONG,2,0.0619159288183534,3.1853639857259277,0.1821856188743001,0.0537955518329786,0.1823556300070922,3.3919757480515065
2026,300,0.8,FIXED_-1PCT,rebound_from_low_box,Q3__STRONG,1,0.1653589023649797,,0.2246387606137347,0.0640285326086957,0.1639945652173913,2.5612732095490696
2026,300,0.8,FIXED_-1PCT,rebound_from_low_box,Q3__WEAK,1,0.170593047370303,,0.270559118011025,0.0764280606975451,0.1495574799396199,1.9568399168399124
2026,300,0.8,FIXED_-1PCT,rebound_from_low_box,Q4__STRONG,2,-0.0029790519007345,0.9160057041532012,0.4562541978179281,0.0949269020234495,0.0689665984693046,0.8122727781979103
2026,300,0.8,FIXED_-1PCT,rebound_from_low_box,Q4__WEAK,1,-0.0675347751890704,0.0,0.3545454545454549,0.0666016101488168,0.0836789460844107,1.256410256410253
2026,300,0.8,FIXED_-1PCT,low_progress_box,STRONG,7,0.0304983357762605,2.081813045794982,0.2518410978875235,0.0600616826776846,0.1394404969868333,3.0368791006162428
2026,300,0.8,FIXED_-1PCT,low_progress_box,WEAK,2,0.0515291360906162,2.5260030390670645,0.3125522862782399,0.0715148354231809,0.1166182130120153,1.6066250866250829
2026,300,0.8,FIXED_-1PCT,low_progress_box,Q1__STRONG,2,-0.0348721528831967,0.0,0.1306846456072369,0.0294791692111204,0.1547222283688242,5.144191721132896
2026,300,0.8,FIXED_-1PCT,low_progress_box,Q2__STRONG,2,0.0619159288183534,3.1853639857259277,0.1821856188743001,0.0537955518329786,0.1823556300070922,3.3919757480515065
2026,300,0.8,FIXED_-1PCT,low_progress_box,Q3__STRONG,1,0.1653589023649797,,0.2246387606137347,0.0640285326086957,0.1639945652173913,2.5612732095490696
2026,300,0.8,FIXED_-1PCT,low_progress_box,Q3__WEAK,1,0.170593047370303,,0.270559118011025,0.0764280606975451,0.1495574799396199,1.9568399168399124
2026,300,0.8,FIXED_-1PCT,low_progress_box,Q4__STRONG,2,-0.0029790519007345,0.9160057041532012,0.4562541978179281,0.0949269020234495,0.0689665984693046,0.8122727781979103
2026,300,0.8,FIXED_-1PCT,low_progress_box,Q4__WEAK,1,-0.0675347751890704,0.0,0.3545454545454549,0.0666016101488168,0.0836789460844107,1.256410256410253
2026,500,0.6,EXPANDING,rebound_from_low_box,STRONG,16,0.0210733222568414,2.1471354541911043,0.2603153837345776,0.0550298884664478,0.0771071459689544,2.007611403830712
2026,500,0.6,EXPANDING,rebound_from_low_box,WEAK,6,0.0040554869573908,1.1270669726810707,0.2338873679490232,0.0467570646308216,0.0906724392138215,2.813123031022517
2026,500,0.6,EXPANDING,rebound_from_low_box,Q1__STRONG,4,-0.0301610901387475,0.0,0.1170012360296958,0.0269769576163769,0.1106437750572038,4.241702024022507
2026,500,0.6,EXPANDING,rebound_from_low_box,Q1__WEAK,1,0.0452366986937566,,0.0588259274357927,0.0183983373921025,0.1692570539710063,9.19958419958423
2026,500,0.6,EXPANDING,rebound_from_low_box,Q2__STRONG,3,0.0301268796604091,2.00294334389464,0.1761522097085818,0.0466916827149765,0.1109778588990717,2.4148654250461625
2026,500,0.6,EXPANDING,rebound_from_low_box,Q2__WEAK,2,-0.0422160044192528,0.0,0.16679027945647,0.041257501606484,0.1076446406718324,2.6070297029702987
2026,500,0.6,EXPANDING,rebound_from_low_box,Q3__STRONG,3,0.0896216593078672,22.980801987313328,0.2245881719133616,0.0466086076655909,0.0804103815656994,1.6758827844168678
2026,500,0.6,EXPANDING,rebound_from_low_box,Q3__WEAK,1,0.170593047370303,,0.270559118011025,0.0764280606975451,0.0930610947803289,1.217629937629938
2026,500,0.6,EXPANDING,rebound_from_low_box,Q4__STRONG,6,0.0164286499599372,2.3896161575012056,0.4158033417947713,0.0821115856426592,0.0361624189800236,0.4804549561353767
2026,500,0.6,EXPANDING,rebound_from_low_box,Q4__WEAK,2,-0.0535324077406044,0.0,0.3701793016671908,0.0516004932411571,0.0332136025939645,0.6237323214901704
2026,500,0.6,EXPANDING,low_progress_box,STRONG,17,0.0071109364365979,1.3195012531948156,0.2362759225630412,0.0495263679349984,0.0846464716729812,2.581870488393438
2026,500,0.6,EXPANDING,low_progress_box,WEAK,5,0.0481240316863283,3.247425144760774,0.3103359327751362,0.0638144696706245,0.0677517904691038,1.0217444689476085
2026,500,0.6,EXPANDING,low_progress_box,Q1__STRONG,5,-0.0150815323722466,0.3749590820959892,0.1053661743109151,0.025261233571522,0.1223664308399643,5.233278459134851
2026,500,0.6,EXPANDING,low_progress_box,Q2__STRONG,5,0.0011897260285443,1.03408031226435,0.1724074376077371,0.0445180102715795,0.109644571608176,2.4917311362158165
2026,500,0.6,EXPANDING,low_progress_box,Q3__STRONG,2,0.0765635465380919,13.51876067234353,0.2301275994849492,0.0376359161932222,0.0621883423016009,1.6087332675343935
2026,500,0.6,EXPANDING,low_progress_box,Q3__WEAK,2,0.1431654661088603,,0.2420342173906057,0.0704910256539368,0.1049577774371127,1.513905877905877
2026,500,0.6,EXPANDING,low_progress_box,Q4__STRONG,5,0.0074435716128987,1.5246783012210134,0.4335134850017079,0.0835560406586041,0.0309116643193553,0.4098567581732627
2026,500,0.6,EXPANDING,low_progress_box,Q4__WEAK,3,-0.0152369245953597,0.5730551294500481,0.3558704096981566,0.0593634323484163,0.042947799157098,0.6936368629754291
2026,500,0.6,FIXED_-1PCT,rebound_from_low_box,STRONG,14,0.0238669401267577,2.1972872450167973,0.2591408768654913,0.05802940710451,0.0813196186381699,1.8761442632817051
2026,500,0.6,FIXED_-1PCT,rebound_from_low_box,WEAK,6,0.0040554869573908,1.1270669726810707,0.2338873679490232,0.0467570646308216,0.0906724392138215,2.813123031022517
2026,500,0.6,FIXED_-1PCT,rebound_from_low_box,Q1__STRONG,3,-0.0352655653724235,0.0,0.1252657173036637,0.0313486859068287,0.1220792440044249,3.819921947522969
2026,500,0.6,FIXED_-1PCT,rebound_from_low_box,Q1__WEAK,1,0.0452366986937566,,0.0588259274357927,0.0183983373921025,0.1692570539710063,9.19958419958423
2026,500,0.6,FIXED_-1PCT,rebound_from_low_box,Q2__STRONG,3,0.0301268796604091,2.00294334389464,0.1761522097085818,0.0466916827149765,0.1109778588990717,2.4148654250461625
2026,500,0.6,FIXED_-1PCT,rebound_from_low_box,Q2__WEAK,2,-0.0422160044192528,0.0,0.16679027945647,0.041257501606484,0.1076446406718324,2.6070297029702987
2026,500,0.6,FIXED_-1PCT,rebound_from_low_box,Q3__STRONG,3,0.0896216593078672,22.980801987313328,0.2245881719133616,0.0466086076655909,0.0804103815656994,1.6758827844168678
2026,500,0.6,FIXED_-1PCT,rebound_from_low_box,Q3__WEAK,1,0.170593047370303,,0.270559118011025,0.0764280606975451,0.0930610947803289,1.217629937629938
2026,500,0.6,FIXED_-1PCT,rebound_from_low_box,Q4__STRONG,5,0.0161376481974099,2.1375014955518137,0.4099907958680112,0.0876929541201902,0.0396144415053582,0.5068018429971739
2026,500,0.6,FIXED_-1PCT,rebound_from_low_box,Q4__WEAK,2,-0.0535324077406044,0.0,0.3701793016671908,0.0516004932411571,0.0332136025939645,0.6237323214901704
2026,500,0.6,FIXED_-1PCT,low_progress_box,STRONG,15,0.0078566616724874,1.3241994748075534,0.2319744546623557,0.0515921159263298,0.0895833562581192,2.535735701822729
2026,500,0.6,FIXED_-1PCT,low_progress_box,WEAK,5,0.0481240316863283,3.247425144760774,0.3103359327751362,0.0638144696706245,0.0677517904691038,1.0217444689476085
2026,500,0.6,FIXED_-1PCT,low_progress_box,Q1__STRONG,4,-0.0151399993558784,0.4275813929351248,0.1086557698366959,0.0281110987781472,0.1338736964960702,5.164837510538284
2026,500,0.6,FIXED_-1PCT,low_progress_box,Q2__STRONG,5,0.0011897260285443,1.03408031226435,0.1724074376077371,0.0445180102715795,0.109644571608176,2.4917311362158165
2026,500,0.6,FIXED_-1PCT,low_progress_box,Q3__STRONG,2,0.0765635465380919,13.51876067234353,0.2301275994849492,0.0376359161932222,0.0621883423016009,1.6087332675343935
2026,500,0.6,FIXED_-1PCT,low_progress_box,Q3__WEAK,2,0.1431654661088603,,0.2420342173906057,0.0704910256539368,0.1049577774371127,1.513905877905877
2026,500,0.6,FIXED_-1PCT,low_progress_box,Q4__STRONG,4,0.00483354982298,1.272563639271621,0.430675338394992,0.0908938650095041,0.0339140038108565,0.4251408172599807
2026,500,0.6,FIXED_-1PCT,low_progress_box,Q4__WEAK,3,-0.0152369245953597,0.5730551294500481,0.3558704096981566,0.0593634323484163,0.042947799157098,0.6936368629754291
2026,500,0.8,EXPANDING,rebound_from_low_box,STRONG,16,0.0093133236454339,1.3506946171208438,0.2603153837345776,0.0550298884664478,0.1211528241140886,3.0101485384409497
2026,500,0.8,EXPANDING,rebound_from_low_box,WEAK,6,0.0040554869573908,1.1270669726810707,0.2338873679490232,0.0467570646308216,0.1364822738287025,4.0841640413633575
2026,500,0.8,EXPANDING,rebound_from_low_box,Q1__STRONG,4,-0.0301610901387475,0.0,0.1170012360296958,0.0269769576163769,0.1565173526150642,5.988936032030014
2026,500,0.8,EXPANDING,rebound_from_low_box,Q1__WEAK,1,0.0452366986937566,,0.0588259274357927,0.0183983373921025,0.2318088510920428,12.599445599445652
2026,500,0.8,EXPANDING,rebound_from_low_box,Q2__STRONG,3,0.0301268796604091,2.00294334389464,0.1761522097085818,0.0466916827149765,0.1635343727704211,3.55315390006155
2026,500,0.8,EXPANDING,rebound_from_low_box,Q2__WEAK,2,-0.0422160044192528,0.0,0.16679027945647,0.041257501606484,0.1572786880979378,3.8093729372937295
2026,500,0.8,EXPANDING,rebound_from_low_box,Q3__STRONG,3,0.0521161569643617,13.782121369100976,0.2245881719133616,0.0466086076655909,0.1227500446427964,2.5678437125558244
2026,500,0.8,EXPANDING,rebound_from_low_box,Q3__WEAK,1,0.170593047370303,,0.270559118011025,0.0764280606975451,0.1495574799396199,1.9568399168399124
2026,500,0.8,EXPANDING,rebound_from_low_box,Q4__STRONG,6,0.0038214048346035,1.113553683305828,0.4158033417947713,0.0821115856426592,0.0755870871875847,0.973939941513836
2026,500,0.8,EXPANDING,rebound_from_low_box,Q4__WEAK,2,-0.0535324077406044,0.0,0.3701793016671908,0.0516004932411571,0.0614849678723383,1.1649764286535595
2026,500,0.8,EXPANDING,low_progress_box,STRONG,17,0.0011143327358904,1.0371925075465602,0.2362759225630412,0.0495263679349984,0.1293707515423078,3.775827317857919
2026,500,0.8,EXPANDING,low_progress_box,WEAK,5,0.0308804887122301,2.442139911857879,0.3103359327751362,0.0638144696706245,0.11160721051568,1.6956592919301436
2026,500,0.8,EXPANDING,low_progress_box,Q1__STRONG,5,-0.0150815323722466,0.3749590820959892,0.1053661743109151,0.025261233571522,0.17157565231046,7.31103794551314
2026,500,0.8,EXPANDING,low_progress_box,Q2__STRONG,5,0.0011897260285443,1.03408031226435,0.1724074376077371,0.0445180102715795,0.1610320989014278,3.6556415149544224
2026,500,0.8,EXPANDING,low_progress_box,Q3__STRONG,2,0.0765635465380919,13.51876067234353,0.2301275994849492,0.0376359161932222,0.0954630951332087,2.478311023379192
2026,500,0.8,EXPANDING,low_progress_box,Q3__WEAK,2,0.0869072125936022,,0.2420342173906057,0.0704910256539368,0.1634407118007958,2.3518745038745013
2026,500,0.8,EXPANDING,low_progress_box,Q4__STRONG,5,-0.0129448809695068,0.6794505821671374,0.4335134850017079,0.0835560406586041,0.0690675659786752,0.8798090108976838
2026,500,0.8,EXPANDING,low_progress_box,Q4__WEAK,3,-0.0064706605420179,0.8186894402348197,0.3558704096981566,0.0593634323484163,0.0770515429922694,1.2581824839672384
2026,500,0.8,FIXED_-1PCT,rebound_from_low_box,STRONG,14,0.0131381567245413,1.4716410863482756,0.2591408768654913,0.05802940710451,0.12776929388573,2.834859017708941
2026,500,0.8,FIXED_-1PCT,rebound_from_low_box,WEAK,6,0.0040554869573908,1.1270669726810707,0.2338873679490232,0.0467570646308216,0.1364822738287025,4.0841640413633575
2026,500,0.8,FIXED_-1PCT,rebound_from_low_box,Q1__STRONG,3,-0.0352655653724235,0.0,0.1252657173036637,0.0313486859068287,0.1732218873081762,5.4265625966972975
2026,500,0.8,FIXED_-1PCT,rebound_from_low_box,Q1__WEAK,1,0.0452366986937566,,0.0588259274357927,0.0183983373921025,0.2318088510920428,12.599445599445652
2026,500,0.8,FIXED_-1PCT,rebound_from_low_box,Q2__STRONG,3,0.0301268796604091,2.00294334389464,0.1761522097085818,0.0466916827149765,0.1635343727704211,3.55315390006155
2026,500,0.8,FIXED_-1PCT,rebound_from_low_box,Q2__WEAK,2,-0.0422160044192528,0.0,0.16679027945647,0.041257501606484,0.1572786880979378,3.8093729372937295
2026,500,0.8,FIXED_-1PCT,rebound_from_low_box,Q3__STRONG,3,0.0521161569643617,13.782121369100976,0.2245881719133616,0.0466086076655909,0.1227500446427964,2.5678437125558244
2026,500,0.8,FIXED_-1PCT,rebound_from_low_box,Q3__WEAK,1,0.170593047370303,,0.270559118011025,0.0764280606975451,0.1495574799396199,1.9568399168399124
2026,500,0.8,FIXED_-1PCT,rebound_from_low_box,Q4__STRONG,5,0.0086003560773074,1.2364765556659818,0.4099907958680112,0.0876929541201902,0.0820502400472078,1.0090691239962315
2026,500,0.8,FIXED_-1PCT,rebound_from_low_box,Q4__WEAK,2,-0.0535324077406044,0.0,0.3701793016671908,0.0516004932411571,0.0614849678723383,1.1649764286535595
2026,500,0.8,FIXED_-1PCT,low_progress_box,STRONG,15,0.0035909781551182,1.1135380300337558,0.2319744546623557,0.0515921159263298,0.136641846986269,3.714314269096974
2026,500,0.8,FIXED_-1PCT,low_progress_box,WEAK,5,0.0308804887122301,2.442139911857879,0.3103359327751362,0.0638144696706245,0.11160721051568,1.6956592919301436
2026,500,0.8,FIXED_-1PCT,low_progress_box,Q1__STRONG,4,-0.0151399993558784,0.4275813929351248,0.1086557698366959,0.0281110987781472,0.1878686282541429,7.219783347384385
2026,500,0.8,FIXED_-1PCT,low_progress_box,Q2__STRONG,5,0.0011897260285443,1.03408031226435,0.1724074376077371,0.0445180102715795,0.1610320989014278,3.6556415149544224
2026,500,0.8,FIXED_-1PCT,low_progress_box,Q3__STRONG,2,0.0765635465380919,13.51876067234353,0.2301275994849492,0.0376359161932222,0.0954630951332087,2.478311023379192
2026,500,0.8,FIXED_-1PCT,low_progress_box,Q3__WEAK,2,0.0869072125936022,,0.2420342173906057,0.0704910256539368,0.1634407118007958,2.3518745038745013
2026,500,0.8,FIXED_-1PCT,low_progress_box,Q4__STRONG,4,-0.0111627633671544,0.754453717120466,0.430675338394992,0.0908938650095041,0.0755166267509768,0.9001877563466404
2026,500,0.8,FIXED_-1PCT,low_progress_box,Q4__WEAK,3,-0.0064706605420179,0.8186894402348197,0.3558704096981566,0.0593634323484163,0.0770515429922694,1.2581824839672384
