rank_cap,target_fraction,feature,period,quintile,n,mean_trade,median_trade,profit_factor,win_rate,target_share,stop_share,max_hold_share,mean_holding_sessions,mean_mfe_return,mean_mae_return,yearly_mean_trade,yearly_pf
300,0.6,gap_component,discovery,1,263,-0.00892123474702691,-0.0266243951408959,0.7187935439910638,0.34980988593155893,0.2813688212927757,0.6349809885931559,0.08365019011406843,7.653992395437262,0.041985058353493206,-0.04593740327837607,"{""2019"": 0.003610440080373699, ""2020"": -0.018223196073770268, ""2021"": 0.004656890260498021, ""2022"": -0.0196630159855924}","{""2019"": 1.1509384383855543, ""2020"": 0.5441532277337282, ""2021"": 1.1940766159707268, ""2022"": 0.46108400062980626}"
300,0.6,gap_component,discovery,2,264,0.002563634083113736,-0.0135504016961344,1.1146967959510123,0.42045454545454547,0.2878787878787879,0.5340909090909091,0.17803030303030304,9.359848484848484,0.043247144220436,-0.03421593608973144,"{""2019"": 0.013557413135372762, ""2020"": 0.005736360715048654, ""2021"": 0.011668744134232058, ""2022"": -0.015053503410687001}","{""2019"": 1.8724646950948154, ""2020"": 1.235171514694641, ""2021"": 1.674311548306813, ""2022"": 0.515094842621969}"
300,0.6,gap_component,discovery,3,264,0.005260027034073632,-0.00756010063321895,1.3075124777176295,0.42045454545454547,0.29924242424242425,0.49242424242424243,0.20833333333333334,9.806818181818182,0.03979284238310575,-0.029718390658990602,"{""2019"": 0.014832331293407663, ""2020"": -0.004374138476147053, ""2021"": 0.019325653480521437, ""2022"": -0.014239585430842376}","{""2019"": 2.1875977202481964, ""2020"": 0.809961026124837, ""2021"": 2.6657527513701695, ""2022"": 0.4247568212440194}"
300,0.6,gap_component,discovery,4,263,-0.004678594741056721,-0.0177268299271151,0.8013343545907465,0.33840304182509506,0.25475285171102663,0.6083650190114068,0.13688212927756654,9.125475285171103,0.03580955241186264,-0.03716527084417836,"{""2019"": 0.0007797106588045745, ""2020"": 0.0032466693380406504, ""2021"": 0.014734452415412469, ""2022"": -0.026125250657324628}","{""2019"": 1.035325607307911, ""2020"": 1.1539137467030907, ""2021"": 2.0822143771174653, ""2022"": 0.196357939581705}"
300,0.6,gap_component,discovery,5,263,0.0037136449749763383,-0.0180465327302148,1.1499961990022025,0.42585551330798477,0.34600760456273766,0.5513307984790875,0.10266159695817491,8.988593155893536,0.04923202598545665,-0.038128468440303404,"{""2019"": 0.02438822897833825, ""2020"": 0.011633527846033258, ""2021"": 0.0014054373257454988, ""2022"": -0.0132006873847513}","{""2019"": 2.5846066077614815, ""2020"": 1.5571332324929932, ""2021"": 1.0565119918267665, ""2022"": 0.6026231224453223}"
300,0.6,gap_component,validation,1,162,0.0001102061237745032,-0.0214897392301564,1.004189618653134,0.37037037037037035,0.2716049382716049,0.5740740740740741,0.15432098765432098,9.271604938271604,0.0525063833596407,-0.042082201179139155,"{""2023"": -0.007295424868650112, ""2024"": -0.007800817293579429, ""2025"": 0.01451100748606047, ""2026"": 0.029360945200934463}","{""2023"": 0.7000200387415152, ""2024"": 0.7611524303945271, ""2025"": 1.68204094165996, ""2026"": 1.9976238939153828}"
300,0.6,gap_component,validation,2,222,0.015531457272156055,-0.0126822697627131,1.7806321045753917,0.40540540540540543,0.3063063063063063,0.5495495495495496,0.14414414414414414,9.117117117117116,0.05569009094465841,-0.031578886500167665,"{""2023"": -0.0007794786218936884, ""2024"": 0.002922877032666543, ""2025"": 0.05106263228253618, ""2026"": 0.010953042972316555}","{""2023"": 0.9665225190756995, ""2024"": 1.158431999130608, ""2025"": 3.6023600422435407, ""2026"": 1.7935732353738068}"
300,0.6,gap_component,validation,3,229,0.0005169739580036194,-0.0120140207829725,1.0238735760273616,0.4148471615720524,0.2925764192139738,0.5502183406113537,0.1572052401746725,8.868995633187772,0.040953935354061166,-0.03474295615217441,"{""2023"": -0.00030340542335244005, ""2024"": -0.003669041217657833, ""2025"": 0.008716185177646548, ""2026"": -0.0035673214796351476}","{""2023"": 0.986704916312477, ""2024"": 0.8477855843460977, ""2025"": 1.5250470012063944, ""2026"": 0.8450229190734537}"
300,0.6,gap_component,validation,4,194,0.0024628447232933975,-0.0155104141584002,1.113219353239215,0.3711340206185567,0.24742268041237114,0.5979381443298969,0.15463917525773196,9.077319587628866,0.042258073470868726,-0.03272490838050745,"{""2023"": -0.0038509153376171997, ""2024"": 0.005599535335351392, ""2025"": 0.00875361819306929, ""2026"": -0.0031355344198212656}","{""2023"": 0.8402030856850905, ""2024"": 1.256011786840711, ""2025"": 1.4855372061417174, ""2026"": 0.8641867438786894}"
300,0.6,gap_component,validation,5,206,0.00047696961202916947,-0.020040563415295302,1.0200161410503725,0.3932038834951456,0.33495145631067963,0.5679611650485437,0.0970873786407767,8.315533980582524,0.041913291083454964,-0.037057227866775524,"{""2023"": 0.0006856088477365908, ""2024"": -0.006361379249121366, ""2025"": 0.01119540412782957, ""2026"": -0.01551207521684396}","{""2023"": 1.0262813980119498, ""2024"": 0.7591505429515018, ""2025"": 1.6554851060796791, ""2026"": 0.4917685202739156}"
300,0.6,intraday_component,discovery,1,264,0.0032264212811464873,-0.01476087152405715,1.1240558710084958,0.4166666666666667,0.3333333333333333,0.5265151515151515,0.14015151515151514,8.723484848484848,0.04910271459737181,-0.041220832879503067,"{""2019"": 0.012114735282985628, ""2020"": 0.0008947073079836018, ""2021"": 0.010299843976015093, ""2022"": -0.012796156865613454}","{""2019"": 1.6688978273597648, ""2020"": 1.0261098405197002, ""2021"": 1.481469018827313, ""2022"": 0.6246086796462487}"
300,0.6,intraday_component,discovery,2,261,0.0005102911438867564,-0.0164701371467285,1.022936032646855,0.39080459770114945,0.30268199233716475,0.5747126436781609,0.12260536398467432,8.980842911877394,0.04109897569731212,-0.03488395783319979,"{""2019"": 0.012576474193875075, ""2020"": -0.00982998434215391, ""2021"": 0.010077316251316278, ""2022"": -0.01606222192586602}","{""2019"": 1.730628984211321, ""2020"": 0.6212651683419366, ""2021"": 1.5776715566449169, ""2022"": 0.4686648636871419}"
300,0.6,intraday_component,discovery,3,264,0.0015411595268831732,-0.01008850967463325,1.0805346330321528,0.4090909090909091,0.2803030303030303,0.5416666666666666,0.17803030303030304,9.68939393939394,0.03646827563973209,-0.030817719677365164,"{""2019"": 0.011597381621416504, ""2020"": 0.0017072239344300753, ""2021"": 0.008345487773403716, ""2022"": -0.014304557599685805}","{""2019"": 1.6832246066491374, ""2020"": 1.1029469032450872, ""2021"": 1.5237432642829314, ""2022"": 0.4170402286111291}"
300,0.6,intraday_component,discovery,4,264,0.0035593439854670664,-0.01604200438903785,1.173116538261429,0.4128787878787879,0.29545454545454547,0.5378787878787878,0.16666666666666666,9.431818181818182,0.04183983041084585,-0.032641311871898324,"{""2019"": 0.012639998954743532, ""2020"": -0.0006684453883172392, ""2021"": 0.014574643632401615, ""2022"": -0.0101082598347927}","{""2019"": 1.7640568116655047, ""2020"": 0.9690827252419734, ""2021"": 2.040729815015695, ""2022"": 0.6395932260657516}"
300,0.6,intraday_component,discovery,5,264,-0.010856492901694437,-0.025190351361034348,0.6551973975046802,0.32575757575757575,0.25757575757575757,0.6401515151515151,0.10227272727272728,8.113636363636363,0.04154269932099057,-0.04553884678801029,"{""2019"": 0.004739724301869142, ""2020"": -0.0012305941993413934, ""2021"": 0.006909658047128107, ""2022"": -0.03040750902245607}","{""2019"": 1.2331629137107687, ""2020"": 0.9614669108046767, ""2021"": 1.2881111202059523, ""2022"": 0.2470828649873652}"
300,0.6,intraday_component,validation,1,195,-0.001422047955224586,-0.0232194314277875,0.9456740911871355,0.358974358974359,0.26153846153846155,0.6102564102564103,0.1282051282051282,8.702564102564102,0.04817410023094363,-0.04142472201599465,"{""2023"": 0.011464443762693384, ""2024"": -0.01121278538254706, ""2025"": -0.0020756052385722187, ""2026"": -0.0049518267763032}","{""2023"": 1.519955287392401, ""2024"": 0.6326172083505539, ""2025"": 0.9157833711397557, ""2026"": 0.8285774298875471}"
300,0.6,intraday_component,validation,2,198,-0.0014212123999243237,-0.0188278474137692,0.9414220837829614,0.3888888888888889,0.30808080808080807,0.5909090909090909,0.10101010101010101,8.429292929292929,0.039306171998022915,-0.03592066638661202,"{""2023"": -0.010316100753716856, ""2024"": -0.012869413245742594, ""2025"": 0.018903199615340253, ""2026"": 0.012630856654247086}","{""2023"": 0.6274530043072196, ""2024"": 0.5715869053393744, ""2025"": 2.254743339464441, ""2026"": 1.7011003960932496}"
300,0.6,intraday_component,validation,3,208,0.004975136426690474,-0.0051691652642904,1.2611477338843986,0.4519230769230769,0.3269230769230769,0.5096153846153846,0.16346153846153846,9.524038461538462,0.03995068713130455,-0.030268742844353196,"{""2023"": -0.0024873169012044824, ""2024"": 0.0011689215997180813, ""2025"": 0.0189027506531671, ""2026"": 0.007076213496200074}","{""2023"": 0.9017678682574336, ""2024"": 1.0563004632569102, ""2025"": 2.596656934307146, ""2026"": 1.7519275432705346}"
300,0.6,intraday_component,validation,4,217,0.015078534371273525,-0.0152722783431904,1.7646006757496029,0.3870967741935484,0.25806451612903225,0.5714285714285714,0.17050691244239632,9.419354838709678,0.05641608225476808,-0.031787437275936054,"{""2023"": -0.0020147053262129754, ""2024"": 0.006183713954771637, ""2025"": 0.049062137805402486, ""2026"": 0.007133870162719211}","{""2023"": 0.8957780598794627, ""2024"": 1.3174648977466974, ""2025"": 3.289297160864594, ""2026"": 1.4190848952192485}"
300,0.6,intraday_component,validation,5,195,0.0021133365660805504,-0.0191814223196555,1.0892805723961534,0.37435897435897436,0.3076923076923077,0.5538461538461539,0.13846153846153847,8.41025641025641,0.04795530940183413,-0.03785898656978556,"{""2023"": -0.005943754097655754, ""2024"": 0.006412706799336425, ""2025"": 0.012381477836529702, ""2026"": -0.0098689661516472}","{""2023"": 0.7703978930230843, ""2024"": 1.2949585006281608, ""2025"": 1.6972800449855383, ""2026"": 0.734767395120399}"
300,0.6,close_recovery_from_low,discovery,1,264,-0.001080102200294258,-0.016754909853005352,0.958407313652888,0.42045454545454547,0.32575757575757575,0.5265151515151515,0.14772727272727273,9.420454545454545,0.04321286436337749,-0.04109261697360661,"{""2019"": 0.011532349864938795, ""2020"": -0.017577083372657662, ""2021"": 0.005693523438449084, ""2022"": -0.010481317356641907}","{""2019"": 1.679578929113831, ""2020"": 0.5387967820165738, ""2021"": 1.2616720369576784, ""2022"": 0.6711480139789291}"
300,0.6,close_recovery_from_low,discovery,2,260,0.006570701937367993,-0.0149303416639981,1.319757128514577,0.4269230769230769,0.3384615384615385,0.5230769230769231,0.13846153846153847,8.496153846153845,0.04449575799454678,-0.03382051514176958,"{""2019"": 0.01546015376996255, ""2020"": 0.020023191834031017, ""2021"": 0.019233138317161207, ""2022"": -0.026025274353607148}","{""2019"": 1.9581646129179267, ""2020"": 2.0410548282019008, ""2021"": 2.380060688427752, ""2022"": 0.23976871477261827}"
300,0.6,close_recovery_from_low,discovery,3,264,0.0036824946475498307,-0.0128794812150344,1.1755889661420544,0.3939393939393939,0.29545454545454547,0.553030303030303,0.15151515151515152,9.265151515151516,0.04465844897516389,-0.03335866473017546,"{""2019"": 0.016811066219255977, ""2020"": 0.002067328978675717, ""2021"": 0.008828821171231307, ""2022"": -0.01410102723570957}","{""2019"": 2.0384635369077833, ""2020"": 1.0993611065700244, ""2021"": 1.4762407732515992, ""2022"": 0.5039286947476389}"
300,0.6,close_recovery_from_low,discovery,4,264,8.816211253611785e-05,-0.016802358222008,1.003962745247275,0.4015151515151515,0.2765151515151515,0.5568181818181818,0.16666666666666666,9.522727272727273,0.04164159398531428,-0.03503330876359748,"{""2019"": 0.011204791930734051, ""2020"": -0.0016107496338074122, ""2021"": 0.014345959760487187, ""2022"": -0.014493243043475879}","{""2019"": 1.6604380547208173, ""2020"": 0.9204209010117427, ""2021"": 1.8744752368416733, ""2022"": 0.5146859650773143}"
300,0.6,close_recovery_from_low,discovery,5,265,-0.011144561884945043,-0.0228639110750916,0.6241041855064674,0.3132075471698113,0.2339622641509434,0.660377358490566,0.10566037735849057,8.230188679245282,0.03611417855365528,-0.04175542239790919,"{""2019"": -0.0033858265288252247, ""2020"": -0.004452133174736485, ""2021"": 0.0010521361488947687, ""2022"": -0.022139624731694944}","{""2019"": 0.857294111373942, ""2020"": 0.870065798682308, ""2021"": 1.048756136327658, ""2022"": 0.36032428450836884}"
300,0.6,close_recovery_from_low,validation,1,206,0.000642543678893815,-0.013858021239356949,1.0278215564405087,0.4029126213592233,0.2815533980582524,0.5485436893203883,0.16990291262135923,9.441747572815533,0.04376322417884693,-0.03650103640834761,"{""2023"": 0.0033932940917982173, ""2024"": -0.008848084141492648, ""2025"": 0.009317054883835944, ""2026"": -0.000718261636166433}","{""2023"": 1.1378667307667902, ""2024"": 0.6511433424471501, ""2025"": 1.486061870535138, ""2026"": 0.9673659718461488}"
300,0.6,close_recovery_from_low,validation,2,188,0.013399754873999782,-0.019709906134408497,1.5458904919264633,0.3670212765957447,0.2872340425531915,0.6170212765957447,0.09574468085106383,8.079787234042554,0.05869706706292941,-0.037891150811509275,"{""2023"": 0.0008988617672008359, ""2024"": -0.012174468031283161, ""2025"": 0.0509893403757942, ""2026"": 0.008152964621773093}","{""2023"": 1.0380918709760467, ""2024"": 0.6185865501166915, ""2025"": 3.522000092704068, ""2026"": 1.4871112370185415}"
300,0.6,close_recovery_from_low,validation,3,191,-0.0003052457202244693,-0.0173327424979303,0.9865328501416739,0.387434554973822,0.3036649214659686,0.5916230366492147,0.10471204188481675,8.717277486910994,0.04147586029813659,-0.034122017758551074,"{""2023"": -0.014005087921095163, ""2024"": 0.004111535293493753, ""2025"": 0.01951769300142449, ""2026"": -0.018578208182691083}","{""2023"": 0.5101382387457672, ""2024"": 1.1964515826855298, ""2025"": 2.2951717503753573, ""2026"": 0.2985523301281254}"
300,0.6,close_recovery_from_low,validation,4,220,0.002063730439656943,-0.019954481759443102,1.0860055166148077,0.39090909090909093,0.2772727272727273,0.55,0.17272727272727273,9.577272727272728,0.04719883531014021,-0.03814745471533486,"{""2023"": -0.0032246935790244693, ""2024"": 0.0010630843345086935, ""2025"": 0.008601674988251274, ""2026"": 0.009034045003709853}","{""2023"": 0.868743119003884, ""2024"": 1.0420406405177907, ""2025"": 1.3978172885715434, ""2026"": 1.3824723547981426}"
300,0.6,close_recovery_from_low,validation,5,208,0.005351129235212174,-0.01119960299954825,1.2940247820222943,0.41346153846153844,0.3125,0.5336538461538461,0.15384615384615385,8.629807692307692,0.04194222996513505,-0.029874481910286688,"{""2023"": 0.0027219838292380175, ""2024"": 0.005393708262587959, ""2025"": 0.0071659341120609, ""2026"": 0.008431269074665338}","{""2023"": 1.1423357105363696, ""2024"": 1.2886637771723022, ""2025"": 1.4869877703228973, ""2026"": 1.3619317886426867}"
300,0.6,downside_wick_fraction,discovery,1,264,-0.004362577213926336,-0.01939982928617905,0.8436428873820097,0.4166666666666667,0.29545454545454547,0.5454545454545454,0.1590909090909091,9.397727272727273,0.04365959149989537,-0.042799692846854025,"{""2019"": 0.012756839420609909, ""2020"": -0.019339513353781, ""2021"": 0.007055170223279572, ""2022"": -0.019737117596525564}","{""2019"": 1.7402693591751457, ""2020"": 0.49720652122590037, ""2021"": 1.338332437719339, ""2022"": 0.45955652020032023}"
300,0.6,downside_wick_fraction,discovery,2,263,0.0004404692251130635,-0.0158547723048326,1.0190237320819409,0.39923954372623577,0.311787072243346,0.5437262357414449,0.1444866920152091,9.079847908745247,0.041731346197613255,-0.0366483144346941,"{""2019"": 0.012366565913373439, ""2020"": -0.0033686171707700938, ""2021"": 0.0157315970495723, ""2022"": -0.018321473817966276}","{""2019"": 1.822921606535578, ""2020"": 0.8825528405985585, ""2021"": 2.0817056757414885, ""2022"": 0.43815881227136527}"
300,0.6,downside_wick_fraction,discovery,3,264,-0.0010268101749223207,-0.0192918938631476,0.9581339062838692,0.3712121212121212,0.2916666666666667,0.5833333333333334,0.125,8.5,0.041791090467485775,-0.036391494246002465,"{""2019"": 0.012601325373768865, ""2020"": 0.007178733768575422, ""2021"": 0.008639167584773188, ""2022"": -0.026409418567391214}","{""2019"": 1.6799849618256522, ""2020"": 1.2803064189542417, ""2021"": 1.4298793130580654, ""2022"": 0.22695586541079263}"
300,0.6,downside_wick_fraction,discovery,4,261,0.0018062939051821058,-0.0142260669218038,1.0859482022109455,0.3831417624521073,0.2835249042145594,0.578544061302682,0.13793103448275862,8.720306513409962,0.03982566462931929,-0.03451668695543106,"{""2019"": 0.012809988564701585, ""2020"": 0.009258150165750335, ""2021"": 0.008817325865980281, ""2022"": -0.018971788524506303}","{""2019"": 1.7509650586625558, ""2020"": 1.4941911336511384, ""2021"": 1.5533351518174188, ""2022"": 0.37463648364264995}"
300,0.6,downside_wick_fraction,discovery,5,265,0.0011354421252416152,-0.0166890676852167,1.0497359162218343,0.3849056603773585,0.28679245283018867,0.569811320754717,0.14339622641509434,9.237735849056603,0.04302543158937911,-0.0347494995150493,"{""2019"": 0.0036355194656240934, ""2020"": 0.00968311456493833, ""2021"": 0.01272506492535262, ""2022"": -0.008414097707182216}","{""2019"": 1.1740849839491079, ""2020"": 1.589379550832335, ""2021"": 1.6465273756513008, ""2022"": 0.6965257966286341}"
300,0.6,downside_wick_fraction,validation,1,201,0.019613898248738725,-0.0135337244284953,1.944414205648493,0.417910447761194,0.3283582089552239,0.5373134328358209,0.13432835820895522,8.597014925373134,0.05998779282660949,-0.03342581718327059,"{""2023"": 0.005146469164337183, ""2024"": 0.012329540545646243, ""2025"": 0.06391308018066694, ""2026"": -0.0180924152491093}","{""2023"": 1.223006822275586, ""2024"": 1.6739884348975904, ""2025"": 4.760183794322089, ""2026"": 0.3819906005140508}"
300,0.6,downside_wick_fraction,validation,2,225,-0.005788298539739054,-0.0194783673410403,0.7678321793366911,0.3422222222222222,0.22666666666666666,0.5822222222222222,0.19111111111111112,9.573333333333334,0.0420470939728636,-0.039084458604253094,"{""2023"": -0.013167735867172832, ""2024"": -0.009539661894940404, ""2025"": 0.007075265836052549, ""2026"": -0.006357887099618864}","{""2023"": 0.538419007439456, ""2024"": 0.6466725237967477, ""2025"": 1.3996616254698626, ""2026"": 0.7648901050996789}"
300,0.6,downside_wick_fraction,validation,3,186,0.0014952666381099346,-0.01427044586893485,1.0669071425139531,0.4032258064516129,0.3279569892473118,0.5698924731182796,0.10215053763440861,8.435483870967742,0.041455331750526674,-0.035063272910949024,"{""2023"": 0.006404563119457824, ""2024"": -0.006557136525273363, ""2025"": 0.0048112268022904294, ""2026"": 0.004271507989427418}","{""2023"": 1.318608945478332, ""2024"": 0.7426765620475453, ""2025"": 1.2178228266304554, ""2026"": 1.23709915132194}"
300,0.6,downside_wick_fraction,validation,4,207,0.0027307834187764862,-0.016092381532238,1.1227253406115099,0.391304347826087,0.28502415458937197,0.5942028985507246,0.12077294685990338,8.66183574879227,0.045563961970541446,-0.03350270833879508,"{""2023"": -0.010375803426905073, ""2024"": -0.0009551538030333661, ""2025"": 0.01220039256562698, ""2026"": 0.03107509063587249}","{""2023"": 0.6119503721361282, ""2024"": 0.9615562349087292, ""2025"": 1.701166326465662, ""2026"": 3.3674853526274475}"
300,0.6,downside_wick_fraction,validation,5,194,0.00348893515628605,-0.0178713536603606,1.1604211564512328,0.4175257731958763,0.30412371134020616,0.5463917525773195,0.14948453608247422,9.211340206185566,0.043398532840481265,-0.03503590562844574,"{""2023"": 0.001696137057133877, ""2024"": -0.0022239503447090713, ""2025"": 0.013483107215716132, ""2026"": 0.00869017117976615}","{""2023"": 1.077880295519487, ""2024"": 0.9111272411287487, ""2025"": 1.7724723854198006, ""2026"": 1.4655473365214795}"
300,0.6,volume_ratio20,discovery,1,253,0.0017412397469108445,-0.0150076194425443,1.0756975200907166,0.4031620553359684,0.2766798418972332,0.541501976284585,0.18181818181818182,9.861660079051383,0.04417368590222478,-0.03498809499777653,"{""2019"": 0.012198290588895983, ""2020"": 0.012816336537247732, ""2021"": 0.00021501607626427292, ""2022"": -0.015109129654740391}","{""2019"": 1.6869064653279446, ""2020"": 1.691887096289341, ""2021"": 1.0107726825778638, ""2022"": 0.5390085506494718}"
300,0.6,volume_ratio20,discovery,2,253,0.0022534800985431268,-0.0162089925829534,1.097401344534978,0.4189723320158103,0.3241106719367589,0.549407114624506,0.12648221343873517,9.430830039525691,0.04172223100282338,-0.03820255301292656,"{""2019"": 0.008037764384338203, ""2020"": -0.0019098451860594951, ""2021"": 0.020103697295380998, ""2022"": -0.011418157212157066}","{""2019"": 1.4178483853293944, ""2020"": 0.9193984320999005, ""2021"": 2.352138260912183, ""2022"": 0.635667762083596}"
300,0.6,volume_ratio20,discovery,3,250,0.0015702822315197817,-0.01560101465575795,1.0690986280232335,0.388,0.3,0.564,0.136,9.156,0.04429108391397989,-0.03607783727530319,"{""2019"": 0.0034407751687651777, ""2020"": 0.0011333178925147663, ""2021"": 0.021728048285948463, ""2022"": -0.0197941882388698}","{""2019"": 1.1693218065642128, ""2020"": 1.0551620023302195, ""2021"": 2.3103820391152396, ""2022"": 0.39382975237172174}"
300,0.6,volume_ratio20,discovery,4,252,-0.008691618639836316,-0.0225715662305307,0.6677167272156338,0.3253968253968254,0.23809523809523808,0.6309523809523809,0.13095238095238096,8.154761904761905,0.03563428079248429,-0.038491269143354406,"{""2019"": -0.0011845629894577775, ""2020"": 0.004315378694645051, ""2021"": -0.009198487169374114, ""2022"": -0.018298067917250565}","{""2019"": 0.9359026534066511, ""2020"": 1.1653946271116, ""2021"": 0.6325078175091633, ""2022"": 0.4232950550030311}"
300,0.6,volume_ratio20,discovery,5,253,-0.010183107271961565,-0.0252465389314219,0.6379368771816054,0.3241106719367589,0.25691699604743085,0.6245059288537549,0.11857707509881422,7.822134387351778,0.036054196012002084,-0.04101657647957438,"{""2019"": -0.0051031888042419645, ""2020"": -0.017302764607360462, ""2021"": 0.014410892101995821, ""2022"": -0.023604777534794768}","{""2019"": 0.7710959181430009, ""2020"": 0.5733603624637822, ""2021"": 1.9463178740951594, ""2022"": 0.2480885100038401}"
300,0.6,volume_ratio20,validation,1,184,-0.0001701101016972978,-0.0190387465911343,0.9923576652807575,0.375,0.23369565217391305,0.5978260869565217,0.16847826086956522,9.152173913043478,0.04118408818704657,-0.0352009310983975,"{""2023"": -0.010323306327572147, ""2024"": 9.303274125042308e-05, ""2025"": 0.010147067287747343, ""2026"": 0.04987172256596981}","{""2023"": 0.6035317450488914, ""2024"": 1.0043213074277715, ""2025"": 1.5733033736391082, ""2026"": 4.204537832235117}"
300,0.6,volume_ratio20,validation,2,215,0.0016823285082809415,-0.0127445662171506,1.0787307945330993,0.386046511627907,0.2651162790697674,0.5720930232558139,0.16279069767441862,8.93953488372093,0.04207656623369892,-0.03313177309051733,"{""2023"": -0.0023240980268944837, ""2024"": 0.004747060410740682, ""2025"": 0.006762378375936006, ""2026"": -0.010611044856460809}","{""2023"": 0.9055442027716161, ""2024"": 1.237731752852053, ""2025"": 1.3678167286220182, ""2026"": 0.5202637143104561}"
300,0.6,volume_ratio20,validation,3,224,0.018653423427321045,-0.01412882540412215,1.8513726429025699,0.42410714285714285,0.35267857142857145,0.5089285714285714,0.13839285714285715,8.946428571428571,0.062005016994545255,-0.03456550675605815,"{""2023"": 0.008795540763445624, ""2024"": -0.0008434425466198651, ""2025"": 0.05769827494364922, ""2026"": 0.0038041216775453243}","{""2023"": 1.3730642637033894, ""2024"": 0.9648985599671047, ""2025"": 4.670580591539724, ""2026"": 1.1410247940380824}"
300,0.6,volume_ratio20,validation,4,198,-0.0010603231775455943,-0.01583007018178115,0.9505601025547882,0.3838383838383838,0.2878787878787879,0.5909090909090909,0.12121212121212122,8.353535353535353,0.0379229754504626,-0.03337321962043445,"{""2023"": -0.007215883456176975, ""2024"": -0.0032347129268156397, ""2025"": 0.013078214874974039, ""2026"": -0.016694884567297716}","{""2023"": 0.7178671564580144, ""2024"": 0.8667532798952869, ""2025"": 2.004171112071206, ""2026"": 0.37381269491974184}"
300,0.6,volume_ratio20,validation,5,192,-0.000721623280646434,-0.02224272788875975,0.9718506141498531,0.390625,0.3125,0.5729166666666666,0.11458333333333333,9.203125,0.047175431218565905,-0.04070580200265883,"{""2023"": -0.0010931481394699854, ""2024"": -0.011567623050666529, ""2025"": 0.004081685895515104, ""2026"": 0.022000442027565584}","{""2023"": 0.9444459840366854, ""2024"": 0.6479939167965931, ""2025"": 1.1543506836814517, ""2026"": 2.7366463023423337}"
300,0.6,gap_share_of_negative_move,discovery,2,278,-0.001400385066845646,-0.0166587407370188,0.9429891996928581,0.37410071942446044,0.2841726618705036,0.564748201438849,0.1510791366906475,9.26978417266187,0.04142142863876214,-0.039033924913872343,"{""2019"": 0.008221574132148433, ""2020"": -0.01309684766221337, ""2021"": 0.009608102393146419, ""2022"": -0.01792851075086077}","{""2019"": 1.4283336128681612, ""2020"": 0.6365319611492611, ""2021"": 1.5433257918353323, ""2022"": 0.43137688578600186}"
300,0.6,gap_share_of_negative_move,discovery,3,140,0.013846769037850773,0.0050035653471789,1.6661416930530941,0.5214285714285715,0.4,0.44285714285714284,0.15714285714285714,9.571428571428571,0.05353044249576107,-0.03388651272750893,"{""2019"": 0.02259118469886675, ""2020"": -0.01246160105661661, ""2021"": 0.030891396478498152, ""2022"": 0.00022711189338948994}","{""2019"": 2.739746020957858, ""2020"": 0.6379447743393594, ""2021"": 3.078118367206819, ""2022"": 1.0073656843290038}"
300,0.6,gap_share_of_negative_move,discovery,4,140,0.0013866029919731165,-0.0097234539275762,1.065637382454931,0.42857142857142855,0.32142857142857145,0.5357142857142857,0.14285714285714285,8.221428571428572,0.041079961401842856,-0.0346066931297792,"{""2019"": 0.006313612303418984, ""2020"": 0.005380843612848176, ""2021"": 0.004939607855865829, ""2022"": -0.00843797267179576}","{""2019"": 1.3313146871532597, ""2020"": 1.2476003862842382, ""2021"": 1.325270385070802, ""2022"": 0.6720015394692225}"
300,0.6,gap_share_of_negative_move,discovery,5,140,-0.004485493235364956,-0.0255073212007092,0.8357692878161552,0.35,0.2785714285714286,0.6285714285714286,0.09285714285714286,8.485714285714286,0.04102561322140238,-0.03894090374539585,"{""2019"": 0.009919540316965835, ""2020"": -0.005655397002123064, ""2021"": 0.0007958363347627619, ""2022"": -0.01905317863096607}","{""2019"": 1.4710287393386468, ""2020"": 0.8174423016931223, ""2021"": 1.0353622396670823, ""2022"": 0.42850529015134486}"
300,0.6,gap_share_of_negative_move,validation,2,236,-0.00304626979070338,-0.0199207837217074,0.874689271006549,0.3389830508474576,0.2542372881355932,0.6271186440677966,0.11864406779661017,8.402542372881356,0.041108776715632435,-0.03637775926493566,"{""2023"": 0.0069135197161260655, ""2024"": -0.008656629380992199, ""2025"": -0.0018665280697366517, ""2026"": -0.013175869471055559}","{""2023"": 1.3287596754748152, ""2024"": 0.6921647431986415, ""2025"": 0.9150571688332013, ""2026"": 0.4814722456680703}"
300,0.6,gap_share_of_negative_move,validation,3,91,-0.0019873081091303416,-0.0208847294345604,0.9193479638168341,0.38461538461538464,0.26373626373626374,0.5934065934065934,0.14285714285714285,9.186813186813186,0.042146543908583065,-0.04010055292175134,"{""2023"": -0.010117443320150663, ""2024"": -0.006069483420285945, ""2025"": 0.005462948595114843, ""2026"": 0.013227684249471868}","{""2023"": 0.6655705152244065, ""2024"": 0.7802602006974945, ""2025"": 1.2744628123329922, ""2026"": 2.1715562283331935}"
300,0.6,gap_share_of_negative_move,validation,4,93,0.004363728251393881,-0.0183726774245013,1.1736253752347128,0.46236559139784944,0.3763440860215054,0.5161290322580645,0.10752688172043011,9.086021505376344,0.04805395058187389,-0.03775318160411485,"{""2023"": -0.005680256261774234, ""2024"": -0.028884030599239642, ""2025"": 0.02982644572801489, ""2026"": 0.056903031135719276}","{""2023"": 0.7709909884009435, ""2024"": 0.321884680131074, ""2025"": 2.8383970771952645, ""2026"": 10.079465913292578}"
300,0.6,gap_share_of_negative_move,validation,5,130,0.028385403247365944,-0.009694459622393199,2.4850325088499714,0.4153846153846154,0.26153846153846155,0.5307692307692308,0.2076923076923077,9.884615384615385,0.07083301787930482,-0.03310938645347838,"{""2023"": 0.0042396823788814165, ""2024"": 0.008794430330780565, ""2025"": 0.10935999663607446, ""2026"": 0.0010234339895440682}","{""2023"": 1.2145604528115175, ""2024"": 1.4715800259812413, ""2025"": 6.633331047450181, ""2026"": 1.0571937407329122}"
300,0.8,gap_component,discovery,1,265,-0.00895232632590913,-0.028883211047361,0.7415796111920568,0.3018867924528302,0.15849056603773584,0.6679245283018868,0.17358490566037735,9.373584905660378,0.04938141047405005,-0.049065402481101285,"{""2019"": 0.01189830445748353, ""2020"": -0.022697387289418936, ""2021"": 0.0009424354603730492, ""2022"": -0.021946546483043027}","{""2019"": 1.4974217697202605, ""2020"": 0.5246970471792762, ""2021"": 1.0348357110187323, ""2022"": 0.4295874638322963}"
300,0.8,gap_component,discovery,2,264,-0.00022013173254637928,-0.01909943060908285,0.9911157061263968,0.36742424242424243,0.125,0.571969696969697,0.30303030303030304,11.481060606060606,0.04946939883051665,-0.03713414563530799,"{""2019"": 0.012059801922280568, ""2020"": 0.007854447278819423, ""2021"": 0.002992529953072768, ""2022"": -0.018114756905319718}","{""2019"": 1.7234787200786412, ""2020"": 1.2958270095002136, ""2021"": 1.1312126936467288, ""2022"": 0.45372467494129043}"
300,0.8,gap_component,discovery,3,265,0.00485221864726932,-0.0098846882990549,1.2662292607020604,0.39245283018867927,0.1509433962264151,0.5169811320754717,0.3320754716981132,11.630188679245283,0.044413334791906955,-0.030916401681834214,"{""2019"": 0.017441950079575465, ""2020"": -0.0006774095890717373, ""2021"": 0.013049390086316654, ""2022"": -0.016904624459352154}","{""2019"": 2.35793843435751, ""2020"": 0.9705692391993535, ""2021"": 1.9429912321077976, ""2022"": 0.369754651307548}"
300,0.8,gap_component,discovery,4,263,-0.004328382669512826,-0.018853938533489,0.8302267216222772,0.311787072243346,0.11787072243346007,0.6349809885931559,0.24714828897338403,10.631178707224334,0.04042225549862241,-0.03911061965437854,"{""2019"": 0.00039690182905524623, ""2020"": 0.005925354684598503, ""2021"": 0.016023365234553232, ""2022"": -0.026546306494641972}","{""2019"": 1.0173131648204397, ""2020"": 1.229683019547761, ""2021"": 1.9970202849716083, ""2022"": 0.2229483328098543}"
300,0.8,gap_component,discovery,5,265,0.004149649478304885,-0.0218584846734785,1.1555161405041436,0.3849056603773585,0.18490566037735848,0.5849056603773585,0.23018867924528302,10.939622641509434,0.056907371516432034,-0.04108053322808651,"{""2019"": 0.02332252642688756, ""2020"": 0.011655898165754361, ""2021"": 0.008500379209858315, ""2022"": -0.016410526397714422}","{""2019"": 2.4646432442850954, ""2020"": 1.4653913035458699, ""2021"": 1.341218601055136, ""2022"": 0.5507120509246521}"
300,0.8,gap_component,validation,1,162,-8.938288039736132e-05,-0.022281201476541952,0.9967070676738884,0.3395061728395062,0.15432098765432098,0.5925925925925926,0.25308641975308643,11.006172839506172,0.0591800227607474,-0.04295410591771594,"{""2023"": -0.015697524226087094, ""2024"": -0.005890731123527418, ""2025"": 0.02332609744291368, ""2026"": 0.03517184695722851}","{""2023"": 0.4063894356829692, ""2024"": 0.819635974141853, ""2025"": 2.096364499880497, ""2026"": 2.1950662581717384}"
300,0.8,gap_component,validation,2,223,0.016891124529964285,-0.0154989327181979,1.8138432053679598,0.3721973094170404,0.17937219730941703,0.5605381165919282,0.2600896860986547,11.112107623318385,0.06113194990771848,-0.03264067385698279,"{""2023"": 2.9279096196598188e-05, ""2024"": 0.004672253027274738, ""2025"": 0.04879588804217058, ""2026"": 0.02105689129209671}","{""2023"": 1.001173677808489, ""2024"": 1.2475234103043351, ""2025"": 3.4441791731739424, ""2026"": 2.4348879855867303}"
300,0.8,gap_component,validation,3,230,0.0028471004337905846,-0.0125322161822296,1.1285506360022122,0.39565217391304347,0.1782608695652174,0.5652173913043478,0.2565217391304348,10.57391304347826,0.0453208969135274,-0.03551305712611813,"{""2023"": 0.003956420671007262, ""2024"": -0.0035326183167021866, ""2025"": 0.010855416254494096, ""2026"": 0.0035533355872723093}","{""2023"": 1.172956524629218, ""2024"": 0.8603895133652191, ""2025"": 1.6539103558614643, ""2026"": 1.1543694842227115}"
300,0.8,gap_component,validation,4,195,0.004140560182458869,-0.0181756615563394,1.1800061243235471,0.3487179487179487,0.15384615384615385,0.6102564102564103,0.2358974358974359,10.451282051282051,0.0507584492240481,-0.034271769299511694,"{""2023"": 0.002734578442785461, ""2024"": 0.0018713836745291586, ""2025"": 0.012985993146684338, ""2026"": -0.004658921620052175}","{""2023"": 1.1120877211903957, ""2024"": 1.073651728140041, ""2025"": 1.7033119231369118, ""2026"": 0.7885929922817528}"
300,0.8,gap_component,validation,5,206,0.0032791482834437307,-0.02137851404950885,1.1307390711849212,0.3592233009708738,0.18446601941747573,0.5922330097087378,0.22330097087378642,10.37864077669903,0.051088415979312116,-0.03864145468098479,"{""2023"": 0.0042048259492235415, ""2024"": -0.005166802446346296, ""2025"": 0.013257209168517869, ""2026"": -0.0038419958349057795}","{""2023"": 1.1533166034136972, ""2024"": 0.8104352429434579, ""2025"": 1.6995663594670956, ""2026"": 0.8741223723467162}"
300,0.8,intraday_component,discovery,1,265,0.00983427525402976,-0.0166912285371041,1.370965139426461,0.4037735849056604,0.21509433962264152,0.5358490566037736,0.2490566037735849,10.79245283018868,0.058739760684612466,-0.042965238355981365,"{""2019"": 0.017323886228795205, ""2020"": 0.0071166506385881186, ""2021"": 0.01743640892437778, ""2022"": -0.004474576069202756}","{""2019"": 1.902744113008941, ""2020"": 1.2042565489390649, ""2021"": 1.8150696958363004, ""2022"": 0.8687326955833786}"
300,0.8,intraday_component,discovery,2,263,-0.00034508325774251693,-0.0186431203992281,0.9857188658677504,0.34980988593155893,0.1444866920152091,0.6159695817490495,0.23954372623574144,10.783269961977187,0.04653945648037069,-0.03709785741026978,"{""2019"": 0.015899350688935113, ""2020"": -0.013012969407939647, ""2021"": 0.009832922872060165, ""2022"": -0.021144197858731863}","{""2019"": 1.9130366937295784, ""2020"": 0.562927108397536, ""2021"": 1.4699811122149185, ""2022"": 0.33390126199562153}"
300,0.8,intraday_component,discovery,3,265,-0.0003926561655672557,-0.0163895730073676,0.9815262544857176,0.3660377358490566,0.12452830188679245,0.5735849056603773,0.3018867924528302,11.39245283018868,0.04202916875491097,-0.03312286251031423,"{""2019"": 0.010444272256785228, ""2020"": -0.0011629069710203837, ""2021"": 0.007401360512406512, ""2022"": -0.01718173608926998}","{""2019"": 1.5967323247400136, ""2020"": 0.9512361341367143, ""2021"": 1.4217999140693298, ""2022"": 0.3585545374741309}"
300,0.8,intraday_component,discovery,4,264,-0.00038867743538732274,-0.01812558145121785,0.9830759939614429,0.36742424242424243,0.125,0.5643939393939394,0.3106060606060606,11.43939393939394,0.046387175883099104,-0.03516101825730867,"{""2019"": 0.00912861169585995, ""2020"": -0.0004865759124050841, ""2021"": 0.006271742606552129, ""2022"": -0.013420770843283946}","{""2019"": 1.522036802931456, ""2020"": 0.9810652032179343, ""2021"": 1.3581062668170707, ""2022"": 0.5579731072908408}"
300,0.8,intraday_component,discovery,5,265,-0.013177404382176985,-0.0302744826007325,0.6225612436318725,0.27169811320754716,0.12830188679245283,0.6867924528301886,0.18490566037735848,9.649056603773586,0.046932745833123846,-0.04893748972469781,"{""2019"": 0.009523386836982072, ""2020"": -0.0016340487513018787, ""2021"": -7.420498945410952e-05, ""2022"": -0.036260144412298044}","{""2019"": 1.4684872962821598, ""2020"": 0.9565818642119363, ""2021"": 0.997367962731052, ""2022"": 0.18521817180425434}"
300,0.8,intraday_component,validation,1,196,-0.002429355486723202,-0.0245028214840768,0.9115230322379035,0.32653061224489793,0.15306122448979592,0.6275510204081632,0.2193877551020408,10.612244897959183,0.0547366593191646,-0.04342449956761382,"{""2023"": 0.005428253800645118, ""2024"": -0.01345976938864896, ""2025"": -7.388724633059166e-05, ""2026"": 0.005357661713718433}","{""2023"": 1.2171631549858057, ""2024"": 0.5732276577057107, ""2025"": 0.9970469291202266, ""2026"": 1.185471782889052}"
300,0.8,intraday_component,validation,2,198,0.0016308442472469295,-0.020040563415295302,1.0631940100128048,0.35858585858585856,0.18181818181818182,0.6161616161616161,0.20202020202020202,10.005050505050505,0.04566528593119243,-0.03748488368432526,"{""2023"": -0.004641401906934855, ""2024"": -0.013851061306927573, ""2025"": 0.021992379426361515, ""2026"": 0.0209512040083672}","{""2023"": 0.8400578353549928, ""2024"": 0.5750735216293215, ""2025"": 2.363952429842506, ""2026"": 2.162937545012644}"
300,0.8,intraday_component,validation,3,209,0.008573118756875279,-0.0059728695240938,1.4372705960072731,0.430622009569378,0.21052631578947367,0.5215311004784688,0.2679425837320574,11.55023923444976,0.0478956777929954,-0.0312532435304975,"{""2023"": 0.0036671433951448607, ""2024"": 0.0006250651555021685, ""2025"": 0.02226733575245412, ""2026"": 0.01769403964177016}","{""2023"": 1.1416010935485599, ""2024"": 1.0282440865071654, ""2025"": 2.8808530403877723, ""2026"": 2.990790893855548}"
300,0.8,intraday_component,validation,4,217,0.01556520909042437,-0.016930309542181,1.7496747249793096,0.35023041474654376,0.1382488479262673,0.5990783410138248,0.2626728110599078,10.774193548387096,0.06117811108884685,-0.032659762401517946,"{""2023"": -0.0024070231124372426, ""2024"": 0.005952830271275863, ""2025"": 0.05074084999824518, ""2026"": 0.009770807734242198}","{""2023"": 0.8820580427275646, ""2024"": 1.282149501493788, ""2025"": 3.3398980956201187, ""2026"": 1.542034843875377}"
300,0.8,intraday_component,validation,5,196,0.004458173198633777,-0.01918767445486825,1.186818572593145,0.35714285714285715,0.17346938775510204,0.5510204081632653,0.2755102040816326,10.489795918367347,0.056171160669658736,-0.03824626541693816,"{""2023"": -0.006471916328118303, ""2024"": 0.011353285160917336, ""2025"": 0.016024222825806064, ""2026"": -0.009656380852023957}","{""2023"": 0.7509528162802228, ""2024"": 1.5306277269100408, ""2025"": 1.8478030234017466, ""2026"": 0.7404807142170272}"
300,0.8,close_recovery_from_low,discovery,1,265,0.0034418896727181334,-0.0182046301722209,1.1290537809065417,0.4,0.17358490566037735,0.5471698113207547,0.2792452830188679,11.543396226415094,0.05120439683838156,-0.04311890715033054,"{""2019"": 0.015637591780964535, ""2020"": -0.015001475802364621, ""2021"": 0.01137014234427244, ""2022"": -0.004338305953613418}","{""2019"": 1.8652218541130392, ""2020"": 0.6153691765763729, ""2021"": 1.5225671484255765, ""2022"": 0.8652679735359091}"
300,0.8,close_recovery_from_low,discovery,2,263,0.009327486018044874,-0.0186297359885579,1.4162573546154118,0.3916349809885932,0.24334600760456274,0.5475285171102662,0.20912547528517111,10.17490494296578,0.05312792272052926,-0.03557735453971833,"{""2019"": 0.018493861604703822, ""2020"": 0.02838962851436222, ""2021"": 0.02154454651149, ""2022"": -0.026100083856558372}","{""2019"": 2.087957905714674, ""2020"": 2.318338916158244, ""2021"": 2.1614260292197174, ""2022"": 0.2481552481002413}"
300,0.8,close_recovery_from_low,discovery,3,265,3.791153849459536e-05,-0.0153931988204558,1.0016478568049165,0.35094339622641507,0.11320754716981132,0.5849056603773585,0.3018867924528302,11.162264150943397,0.0490406816354615,-0.035816278255808735,"{""2019"": 0.015856263311209096, ""2020"": -0.003976248202619204, ""2021"": 0.0032535550884312788, ""2022"": -0.0174515783667153}","{""2019"": 1.9733736632964065, ""2020"": 0.8545209527745277, ""2021"": 1.1588498644846423, ""2022"": 0.41054167453704926}"
300,0.8,close_recovery_from_low,discovery,4,264,-0.0019743127256931763,-0.01903577624801695,0.9192733323023647,0.3560606060606061,0.11363636363636363,0.5946969696969697,0.2916666666666667,11.178030303030303,0.047005470156516585,-0.03724899058113947,"{""2019"": 0.01024320821408256, ""2020"": -0.00244716312655556, ""2021"": 0.007981181050420958, ""2022"": -0.015871745763749178}","{""2019"": 1.5842989151596285, ""2020"": 0.904335018928513, ""2021"": 1.4283024356710468, ""2022"": 0.5051945778834042}"
300,0.8,close_recovery_from_low,discovery,5,265,-0.015235503496969994,-0.026766646692073,0.5418992158785128,0.26037735849056604,0.09433962264150944,0.7018867924528301,0.2037735849056604,9.992452830188679,0.040301893744676236,-0.04551933937905677,"{""2019"": -0.0015752021998851687, ""2020"": -0.005511100907785551, ""2021"": -0.002995895207244441, ""2022"": -0.03052246489411616}","{""2019"": 0.9336083441409121, ""2020"": 0.8634689644750018, ""2021"": 0.8798942776454696, ""2022"": 0.22927231356981667}"
300,0.8,close_recovery_from_low,validation,1,208,0.0005257475806492303,-0.0144668265023928,1.0219565910203905,0.375,0.15384615384615385,0.5576923076923077,0.28846153846153844,11.389423076923077,0.05036792022559739,-0.038021094571944684,"{""2023"": -0.001741128883274169, ""2024"": -0.006931320147051331, ""2025"": 0.009071883772693265, ""2026"": 0.0068554453130395656}","{""2023"": 0.9361637679662709, ""2024"": 0.7274118402746192, ""2025"": 1.4588103987738694, ""2026"": 1.3256333216719671}"
300,0.8,close_recovery_from_low,validation,2,188,0.01756010099647787,-0.020040563415295302,1.7023434888784015,0.35638297872340424,0.2127659574468085,0.6223404255319149,0.16489361702127658,9.75531914893617,0.06478339363974245,-0.03857689273347371,"{""2023"": 0.005967854905031232, ""2024"": -0.010463442638826254, ""2025"": 0.05659961331072047, ""2026"": 0.012898062151169138}","{""2023"": 1.2366961857254255, ""2024"": 0.6721912001184829, ""2025"": 3.7994915989228084, ""2026"": 1.7706142858536849}"
300,0.8,close_recovery_from_low,validation,3,192,-0.0005816362182161269,-0.0207153423081321,0.9762864243132957,0.34375,0.15625,0.6302083333333334,0.21354166666666666,10.1875,0.04838538973480483,-0.035553171591496485,"{""2023"": -0.009512789843822566, ""2024"": -0.002274198472727623, ""2025"": 0.020991283312270265, ""2026"": -0.01569198705822281}","{""2023"": 0.6738733376458913, ""2024"": 0.9062148699189858, ""2025"": 2.2629564201446937, ""2026"": 0.4401642500141352}"
300,0.8,close_recovery_from_low,validation,4,220,0.006036689549444405,-0.0212726409108512,1.2447844302087159,0.37727272727272726,0.17727272727272728,0.5590909090909091,0.2636363636363636,11.018181818181818,0.05370596371752929,-0.039379143269575693,"{""2023"": -0.0007408756579610749, ""2024"": 0.0023728473084001366, ""2025"": 0.015711259586187454, ""2026"": 0.021881075838449494}","{""2023"": 0.9704615705978917, ""2024"": 1.0887180515963513, ""2025"": 1.7266271624024045, ""2026"": 1.9263742429899127}"
300,0.8,close_recovery_from_low,validation,5,208,0.006071805741371313,-0.013686787390300999,1.3192332719233002,0.3701923076923077,0.15865384615384615,0.5528846153846154,0.28846153846153844,10.990384615384615,0.04954035499551186,-0.030760140748752086,"{""2023"": 0.00213039911876556, ""2024"": 0.008186451219951558, ""2025"": 0.0061434488602425934, ""2026"": 0.011531606531180596}","{""2023"": 1.1078346011941578, ""2024"": 1.412769688239478, ""2025"": 1.3918458197408121, ""2026"": 1.4950209678748207}"
300,0.8,downside_wick_fraction,discovery,1,265,-0.0017749075935683514,-0.0205133327775128,0.9387436285874233,0.39245283018867927,0.1471698113207547,0.5660377358490566,0.28679245283018867,11.222641509433963,0.04962490996075191,-0.04449030841414875,"{""2019"": 0.014924120444844799, ""2020"": -0.017789858135720385, ""2021"": 0.009361536641894857, ""2022"": -0.015508099034352156}","{""2019"": 1.7928860088045924, ""2020"": 0.5656303514360952, ""2021"": 1.4489348112962877, ""2022"": 0.5753558762461478}"
300,0.8,downside_wick_fraction,discovery,2,263,0.001681549299995927,-0.0175206254847171,1.0678563392954001,0.3688212927756654,0.16730038022813687,0.5741444866920152,0.2585551330798479,11.02661596958175,0.048794461269177025,-0.03898425693950023,"{""2019"": 0.012215135331544743, ""2020"": 0.0008175354589837426, ""2021"": 0.02029877132634166, ""2022"": -0.019859176221401983}","{""2019"": 1.7825713979662523, ""2020"": 1.0270944460705513, ""2021"": 2.3767504898308496, ""2022"": 0.45282122387263485}"
300,0.8,downside_wick_fraction,discovery,3,266,-0.00018164810391391214,-0.02162866982921915,0.9930863571449184,0.3383458646616541,0.18421052631578946,0.6090225563909775,0.20676691729323307,10.041353383458647,0.04773708777764132,-0.03842869400498719,"{""2019"": 0.017267524849115083, ""2020"": 0.011246114274938568, ""2021"": 0.007646791866289212, ""2022"": -0.029976048032934185}","{""2019"": 1.9419075837076243, ""2020"": 1.386389057405724, ""2021"": 1.3168914532965486, ""2022"": 0.16358787903241265}"
300,0.8,downside_wick_fraction,discovery,4,263,-3.482949268155784e-06,-0.0184189526334711,0.9998532510157299,0.33840304182509506,0.1482889733840304,0.6159695817490495,0.23574144486692014,10.456273764258555,0.0461995600322039,-0.03709528141052104,"{""2019"": 0.014467511143946586, ""2020"": 0.003932647562224714, ""2021"": 0.002523150329691648, ""2022"": -0.01950337107898903}","{""2019"": 1.8331782030231276, ""2020"": 1.1493676697964073, ""2021"": 1.1198917740465735, ""2022"": 0.385806368102632}"
300,0.8,downside_wick_fraction,discovery,5,265,-0.004173635414594575,-0.0232805930814745,0.8397287124087693,0.32075471698113206,0.09056603773584905,0.6113207547169811,0.2981132075471698,11.309433962264151,0.04828279752457417,-0.03830242982759279,"{""2019"": 0.0024672043323314937, ""2020"": 0.0041337449750327646, ""2021"": 0.0069143920002919705, ""2022"": -0.01626681902337478}","{""2019"": 1.1143135389445284, ""2020"": 1.1699872624107686, ""2021"": 1.321986748787674, ""2022"": 0.4853082795500856}"
300,0.8,downside_wick_fraction,validation,1,203,0.018133934944523998,-0.0153341906732891,1.8225729989508874,0.3645320197044335,0.1625615763546798,0.5517241379310345,0.2857142857142857,10.926108374384237,0.06563060317591807,-0.0349884148512028,"{""2023"": -0.0007625179489150031, ""2024"": 0.014812921367705676, ""2025"": 0.06085147729055212, ""2026"": -0.014663561812025652}","{""2023"": 0.9708551334065311, ""2024"": 1.8067032465130355, ""2025"": 4.356440043607671, ""2026"": 0.4924679407027758}"
300,0.8,downside_wick_fraction,validation,2,226,-0.0044673083039556164,-0.02011057010276945,0.8233156112307678,0.336283185840708,0.12831858407079647,0.588495575221239,0.2831858407079646,10.93362831858407,0.04803420445357389,-0.03972115245491794,"{""2023"": -0.010954896444824967, ""2024"": -0.009057714317301666, ""2025"": 0.007428652567213152, ""2026"": -0.001922377977422521}","{""2023"": 0.6159877426607321, ""2024"": 0.6693738570753229, ""2025"": 1.4020815506030953, ""2026"": 0.9289119046707207}"
300,0.8,downside_wick_fraction,validation,3,186,0.006652372901652728,-0.0162421737832468,1.2887463426681027,0.3817204301075269,0.22043010752688172,0.5806451612903226,0.1989247311827957,10.39247311827957,0.049671334060864485,-0.03604350807101773,"{""2023"": 0.009705786882372043, ""2024"": -0.004142728290301341, ""2025"": 0.012954064293191313, ""2026"": 0.02018451052852811}","{""2023"": 1.4480027971561882, ""2024"": 0.8410681126573482, ""2025"": 1.586480541585005, ""2026"": 2.1203842596123272}"
300,0.8,downside_wick_fraction,validation,4,207,0.003642213865552105,-0.0174345559760855,1.1573900889179183,0.3719806763285024,0.178743961352657,0.6135265700483091,0.20772946859903382,10.082125603864734,0.05092134774199335,-0.034313758526780404,"{""2023"": -0.00847587987019369, ""2024"": -0.004122812984049361, ""2025"": 0.016547537175024715, ""2026"": 0.031409414014248474}","{""2023"": 0.6897267314195722, ""2024"": 0.8482224169019683, ""2025"": 1.9510002068093122, ""2026"": 3.392956097367042}"
300,0.8,downside_wick_fraction,validation,5,194,0.006325416898852014,-0.02090340160079595,1.2722744850846277,0.37628865979381443,0.17525773195876287,0.5773195876288659,0.24742268041237114,11.1340206185567,0.05209884705190101,-0.03691703123512114,"{""2023"": 0.006504091312227752, ""2024"": -0.003280831791733348, ""2025"": 0.015901443560759107, ""2026"": 0.025486466375052964}","{""2023"": 1.2909191353744391, ""2024"": 0.8821264245746407, ""2025"": 1.8569406640605157, ""2026"": 2.36535360383654}"
300,0.8,volume_ratio20,discovery,1,254,0.001183274138338688,-0.0170422449288791,1.0482934603201983,0.38188976377952755,0.1377952755905512,0.562992125984252,0.2992125984251969,11.618110236220472,0.05017207119584265,-0.036696913594529416,"{""2019"": 0.010341209048743727, ""2020"": 0.0257043500932187, ""2021"": -0.012920541059954294, ""2022"": -0.014101740329885646}","{""2019"": 1.5740071165120766, ""2020"": 2.387643660597954, ""2021"": 0.5431909733809859, ""2022"": 0.5767480650566353}"
300,0.8,volume_ratio20,discovery,2,253,0.0015390622749632424,-0.0189305237179484,1.0593598985857533,0.3675889328063241,0.1541501976284585,0.5968379446640316,0.2490118577075099,11.565217391304348,0.048991898097286934,-0.04133180010914582,"{""2019"": 0.007970378003393248, ""2020"": 6.41982503273428e-05, ""2021"": 0.020199808089450034, ""2022"": -0.014609980960964379}","{""2019"": 1.392611179253146, ""2020"": 1.0022409283355609, ""2021"": 2.210230292517452, ""2022"": 0.5851269428423267}"
300,0.8,volume_ratio20,discovery,3,252,0.0012638267079394087,-0.01888045267994835,1.0517961021151712,0.3492063492063492,0.15079365079365079,0.5873015873015873,0.2619047619047619,10.773809523809524,0.050190018107141944,-0.037909843478413384,"{""2019"": 0.0026663207049948782, ""2020"": 0.002654883244893834, ""2021"": 0.019545814089962248, ""2022"": -0.01859447172024542}","{""2019"": 1.1251320697836886, ""2020"": 1.1130478949107092, ""2021"": 2.0247423263165394, ""2022"": 0.44349082426652964}"
300,0.8,volume_ratio20,discovery,4,253,-0.01149884001408277,-0.0261484913591413,0.5996022981670219,0.2727272727272727,0.1067193675889328,0.6719367588932806,0.22134387351778656,9.691699604743082,0.04081975430991355,-0.04161224141962571,"{""2019"": -0.0005628522829356693, ""2020"": -0.0030908593302428375, ""2021"": -0.007135247145451876, ""2022"": -0.02434358324888253}","{""2019"": 0.9697606554560311, ""2020"": 0.9076612449225566, ""2021"": 0.7149370871740814, ""2022"": 0.3114958034382761}"
300,0.8,volume_ratio20,discovery,5,254,-0.011347322055574115,-0.027239022550794648,0.6269596431815462,0.28346456692913385,0.11811023622047244,0.6535433070866141,0.2283464566929134,9.456692913385826,0.0400952453771339,-0.04368507935677729,"{""2019"": -0.0029530398613128255, ""2020"": -0.02129169957303456, ""2021"": 0.016836179165809272, ""2022"": -0.026827940933143977}","{""2019"": 0.8733249933253416, ""2020"": 0.5266345718374366, ""2021"": 2.0075674806191848, ""2022"": 0.1958714871443344}"
300,0.8,volume_ratio20,validation,1,184,-0.0018805400006602188,-0.020329246896445698,0.9213816629553083,0.32065217391304346,0.10326086956521739,0.6304347826086957,0.266304347826087,10.71195652173913,0.045797917410050536,-0.03695867030502562,"{""2023"": -0.01092486620454852, ""2024"": -0.004248276375898285, ""2025"": 0.012596289767548067, ""2026"": 0.03957360155716162}","{""2023"": 0.5907126187961853, ""2024"": 0.8300344292300198, ""2025"": 1.6939452331335212, ""2026"": 3.542825810357225}"
300,0.8,volume_ratio20,validation,2,216,-0.000440407849511623,-0.0179546954529352,0.9813571708946901,0.3287037037037037,0.14351851851851852,0.6018518518518519,0.25462962962962965,10.472222222222221,0.047471486750424056,-0.03499259659460247,"{""2023"": -0.009194157391846655, ""2024"": 0.005191764893555216, ""2025"": 0.006683058812238191, ""2026"": -0.0086883524539947}","{""2023"": 0.662929607043116, ""2024"": 1.2348666189641584, ""2025"": 1.3121976863806806, ""2026"": 0.5810033296262309}"
300,0.8,volume_ratio20,validation,3,224,0.021604299642264155,-0.014787525886253799,1.9744179023630397,0.4107142857142857,0.20982142857142858,0.5223214285714286,0.26785714285714285,11.004464285714286,0.07096341527041328,-0.0355042047089145,"{""2023"": 0.013372399141806547, ""2024"": -0.0005488292721527584, ""2025"": 0.05988207324763709, ""2026"": 0.011891506060444456}","{""2023"": 1.561775615960327, ""2024"": 0.9775356985846333, ""2025"": 4.752847581575778, ""2026"": 1.4408368961686053}"
300,0.8,volume_ratio20,validation,4,200,0.0038425235284269134,-0.0164723000466324,1.1771966909056546,0.38,0.19,0.59,0.22,10.225,0.04544516168613029,-0.0343064934303844,"{""2023"": -0.0013776824939299502, ""2024"": 0.0006769380894300505, ""2025"": 0.016713461946267497, ""2026"": -0.009246751193127888}","{""2023"": 0.9485777927945207, ""2024"": 1.0284211901849862, ""2025"": 2.3039908132674296, ""2026"": 0.662935980467773}"
300,0.8,volume_ratio20,validation,5,192,0.0037670169550094914,-0.022353560857356403,1.1456876122496753,0.3802083333333333,0.203125,0.578125,0.21875,11.072916666666666,0.054166722905529936,-0.041018419291871826,"{""2023"": 0.0048002890561055864, ""2024"": -0.009989795095008925, ""2025"": 0.008352346803169588, ""2026"": 0.033933483733652604}","{""2023"": 1.2342695489458735, ""2024"": 0.6966237994579816, ""2025"": 1.3158475376143857, ""2026"": 3.678603410686216}"
300,0.8,gap_share_of_negative_move,discovery,2,281,0.0011107921339020177,-0.0170433144221683,1.043829121680409,0.3594306049822064,0.1601423487544484,0.5800711743772242,0.2597864768683274,10.861209964412812,0.04788041210079985,-0.040575938409219386,"{""2019"": 0.009546663036581178, ""2020"": -0.009104349076861711, ""2021"": 0.01437254893486015, ""2022"": -0.01684519720744306}","{""2019"": 1.4773323283697517, ""2020"": 0.7424305821123013, ""2021"": 1.7337977439024779, ""2022"": 0.4708652295793999}"
300,0.8,gap_share_of_negative_move,discovery,3,140,0.018489213391802446,-0.0052125139307221,1.8446444096521561,0.4928571428571429,0.22142857142857142,0.4642857142857143,0.3142857142857143,12.15,0.06327018150387938,-0.03573650527898201,"{""2019"": 0.03211796182798424, ""2020"": -0.018708832076439353, ""2021"": 0.032021211931835394, ""2022"": 0.008494315942380076}","{""2019"": 3.4469892199300474, ""2020"": 0.4987607102623688, ""2021"": 2.853933006888184, ""2022"": 1.2754873330878214}"
300,0.8,gap_share_of_negative_move,discovery,4,141,0.00037621884596421306,-0.0175206254847171,1.0153874750039245,0.3617021276595745,0.1773049645390071,0.5886524822695035,0.23404255319148937,10.26241134751773,0.047820110647161566,-0.03849601780701132,"{""2019"": 0.012944415752116073, ""2020"": 0.0023114977224107055, ""2021"": 0.004289229292990024, ""2022"": -0.016147050013650525}","{""2019"": 1.67927437561721, ""2020"": 1.0716647431553779, ""2021"": 1.2792378116523768, ""2022"": 0.4436072898515887}"
300,0.8,gap_share_of_negative_move,discovery,5,141,-0.008569273356462744,-0.0272008020113636,0.7161314668940809,0.3120567375886525,0.11347517730496454,0.6524822695035462,0.23404255319148937,10.24113475177305,0.04781655621414423,-0.041631107417958876,"{""2019"": 0.0033247127941202657, ""2020"": 0.0011054637503664204, ""2021"": -0.017432061409561612, ""2022"": -0.01960297247582831}","{""2019"": 1.15079305240062, ""2020"": 1.031163637685089, ""2021"": 0.42886502884722794, ""2022"": 0.4344089245277261}"
300,0.8,gap_share_of_negative_move,validation,2,237,-0.003479589537313941,-0.0210832152756624,0.8651661919925506,0.31223628691983124,0.14767932489451477,0.6455696202531646,0.20675105485232068,9.983122362869198,0.04689011833788833,-0.03865168863722757,"{""2023"": 0.007534668871932336, ""2024"": -0.01183230264766623, ""2025"": -0.002165062229142912, ""2026"": -0.0073667534217657284}","{""2023"": 1.3219972146466266, ""2024"": 0.6073402403535697, ""2025"": 0.9033455290787178, ""2026"": 0.7100862211107484}"
300,0.8,gap_share_of_negative_move,validation,3,91,0.0029368556543837663,-0.0208847294345604,1.1188439324346156,0.37362637362637363,0.17582417582417584,0.5934065934065934,0.23076923076923078,10.857142857142858,0.04885405844082857,-0.040373478884231484,"{""2023"": -0.003070927378076716, ""2024"": -0.004532842261175768, ""2025"": 0.00885455210712225, ""2026"": 0.0305358700394255}","{""2023"": 0.8984912859567998, ""2024"": 0.8358928133139618, ""2025"": 1.4403705987966404, ""2026"": 3.704516380763341}"
300,0.8,gap_share_of_negative_move,validation,4,93,0.005355301351522253,-0.02197875525,1.204593267703305,0.41935483870967744,0.21505376344086022,0.5376344086021505,0.24731182795698925,11.881720430107526,0.054811738090283564,-0.039711354531844816,"{""2023"": -0.011944709829443503, ""2024"": -0.028387028028073448, ""2025"": 0.03669344380455255, ""2026"": 0.07042213345804482}","{""2023"": 0.56807756107663, ""2024"": 0.33355289438407093, ""2025"": 3.2616546556587562, ""2026"": 12.236578219333142}"
300,0.8,gap_share_of_negative_move,validation,5,130,0.02870704608378192,-0.014323889942120551,2.3909134957493006,0.3769230769230769,0.16153846153846155,0.5615384615384615,0.27692307692307694,11.3,0.07598491198586659,-0.03425152043607425,"{""2023"": 0.0017724322359131042, ""2024"": 0.005634793725725103, ""2025"": 0.11715257791611064, ""2026"": 0.009546196904594592}","{""2023"": 1.08109443655211, ""2024"": 1.2702296960153818, ""2025"": 7.034740990893122, ""2026"": 1.5334811197642}"
500,0.6,gap_component,discovery,1,446,-0.0073500517854641866,-0.02521172445119005,0.7565716431628149,0.3542600896860987,0.28475336322869954,0.6188340807174888,0.09641255605381166,7.771300448430493,0.04257665932601159,-0.04445536983602732,"{""2019"": 0.0006805630900520375, ""2020"": -0.014472070822580198, ""2021"": -0.004181816278030883, ""2022"": -0.011933667773711942}","{""2019"": 1.028529260564938, ""2020"": 0.5956872286955222, ""2021"": 0.8559898214118086, ""2022"": 0.6389568837257847}"
500,0.6,gap_component,discovery,2,449,0.0004713893079073639,-0.0161256525684456,1.0203855943200648,0.3986636971046771,0.2962138084632517,0.5523385300668151,0.1514476614699332,9.169265033407573,0.04258985498381424,-0.03592128788961943,"{""2019"": 0.012085984043137142, ""2020"": 0.004766821339869593, ""2021"": 0.005104775905671648, ""2022"": -0.017281948293800645}","{""2019"": 1.7245095722944646, ""2020"": 1.2117383669941801, ""2021"": 1.2438778179667374, ""2022"": 0.4554586658249207}"
500,0.6,gap_component,discovery,3,447,0.0034765383235031886,-0.0097757404831623,1.1971338281541921,0.41387024608501116,0.29977628635346754,0.5100671140939598,0.19015659955257272,9.237136465324385,0.03847487039935789,-0.02981184850832957,"{""2019"": 0.012093751444838267, ""2020"": 0.003214202089479519, ""2021"": 0.007269635235977896, ""2022"": -0.01156907084145629}","{""2019"": 1.9309067342591468, ""2020"": 1.14875403384576, ""2021"": 1.473278360178717, ""2022"": 0.5196874961365578}"
500,0.6,gap_component,discovery,4,448,-0.004959667162975639,-0.018025076975895248,0.7867822205919822,0.3549107142857143,0.2544642857142857,0.5848214285714286,0.16071428571428573,9.301339285714286,0.03576072051057861,-0.037065631939342106,"{""2019"": 0.004446446017757555, ""2020"": 0.0019087518201934823, ""2021"": 0.003256406466890156, ""2022"": -0.024277770263490796}","{""2019"": 1.2422412150202518, ""2020"": 1.0818748109549843, ""2021"": 1.1804791018651335, ""2022"": 0.2503630374261713}"
500,0.6,gap_component,discovery,5,446,0.0014031823800490922,-0.0189072163270908,1.0546455221246744,0.42152466367713004,0.33183856502242154,0.5515695067264574,0.11659192825112108,9.051569506726457,0.0481887143457801,-0.04071493765126371,"{""2019"": 0.01755801769577829, ""2020"": 0.010549078335431306, ""2021"": -0.0047877405616151775, ""2022"": -0.01082490825628625}","{""2019"": 1.9990209426707868, ""2020"": 1.4899755620473565, ""2021"": 0.8255407076262783, ""2022"": 0.6676276692443155}"
500,0.6,gap_component,validation,1,295,0.0023639836383939575,-0.0182645659321649,1.0966954365480641,0.4135593220338983,0.3152542372881356,0.5389830508474577,0.14576271186440679,9.128813559322033,0.05033440631385513,-0.03976543692331459,"{""2023"": 0.00029916454994037263, ""2024"": -0.004572113562435774, ""2025"": 0.008656570799486252, ""2026"": 0.017923504175947666}","{""2023"": 1.0132945661532466, ""2024"": 0.8410643204556452, ""2025"": 1.3842758967276902, ""2026"": 1.7617697821449847}"
500,0.6,gap_component,validation,2,399,0.03019420756463473,-0.0114771544066519,2.557377820453065,0.41854636591478694,0.3283208020050125,0.5388471177944862,0.13283208020050125,8.721804511278195,0.06920459074846605,-0.031003150659304236,"{""2023"": -0.00010160188867556465, ""2024"": 0.04053083899793363, ""2025"": 0.06723657529560116, ""2026"": 0.0009812919008115257}","{""2023"": 0.9954847909607438, ""2024"": 3.2588348213001805, ""2025"": 4.883380941543778, ""2026"": 1.0513221578709402}"
500,0.6,gap_component,validation,3,412,0.0011342966803724447,-0.01293773057306285,1.0557198232792346,0.4029126213592233,0.2936893203883495,0.5631067961165048,0.14320388349514562,8.78883495145631,0.03923007814105568,-0.032639907154721315,"{""2023"": 0.0011527527131066195, ""2024"": -0.0025065409234625055, ""2025"": 0.009620930801961655, ""2026"": -0.0075554369329623875}","{""2023"": 1.0550981188795205, ""2024"": 0.8901015049766311, ""2025"": 1.6247881362370387, ""2026"": 0.669197822022453}"
500,0.6,gap_component,validation,4,377,0.004511615378069572,-0.0123440924615652,1.2204127530132785,0.4244031830238727,0.3076923076923077,0.5464190981432361,0.14588859416445624,9.153846153846153,0.04277730039152772,-0.03195995627948192,"{""2023"": 0.0037190275622646122, ""2024"": 0.0056055202803850625, ""2025"": 0.007377458952151318, ""2026"": -0.0031859538591568455}","{""2023"": 1.1950171936159615, ""2024"": 1.2398261559154482, ""2025"": 1.4048136434357492, ""2026"": 0.8575999830832146}"
500,0.6,gap_component,validation,5,405,0.0037818266179630417,-0.0170617695233992,1.1586113136708243,0.4246913580246914,0.35802469135802467,0.528395061728395,0.11358024691358025,8.906172839506173,0.04555730644036217,-0.03792543739070092,"{""2023"": 0.007124115546217651, ""2024"": -0.0022959132960489884, ""2025"": 0.00926069377733448, ""2026"": -0.013822807651778438}","{""2023"": 1.283050453210348, ""2024"": 0.9119521570525185, ""2025"": 1.4935920574666253, ""2026"": 0.5528047330565516}"
500,0.6,intraday_component,discovery,1,448,0.0005992268815540097,-0.0204241312536622,1.0223454743188196,0.40848214285714285,0.33035714285714285,0.546875,0.12276785714285714,8.613839285714286,0.04739220469257864,-0.042096082448516495,"{""2019"": 0.009522631507812093, ""2020"": 0.00020019494821940615, ""2021"": 0.003226399143792469, ""2022"": -0.0121668602818381}","{""2019"": 1.4970077446138446, ""2020"": 1.006251230609087, ""2021"": 1.1313459259118435, ""2022"": 0.6421780872041175}"
500,0.6,intraday_component,discovery,2,446,0.0015347144002518206,-0.0162166546845739,1.0697791404387296,0.40358744394618834,0.3094170403587444,0.5493273542600897,0.1412556053811659,9.150224215246636,0.04212699151137826,-0.03563788132017295,"{""2019"": 0.013958861271176385, ""2020"": -0.002439950868890837, ""2021"": 0.000415928666006604, ""2022"": -0.01000177906851753}","{""2019"": 1.8690075189819255, ""2020"": 0.8966110024796878, ""2021"": 1.018669420666582, ""2022"": 0.6419212158247553}"
500,0.6,intraday_component,discovery,3,446,-0.0021828065520118982,-0.015197022437191,0.8942227568193958,0.3901345291479821,0.273542600896861,0.5515695067264574,0.17488789237668162,9.376681614349776,0.035008456566133675,-0.032370297890185175,"{""2019"": 0.006745861978340445, ""2020"": 0.007741671250771991, ""2021"": -0.0038807115103347096, ""2022"": -0.015600961811466058}","{""2019"": 1.3895294649164676, ""2020"": 1.4911251396824052, ""2021"": 0.8127830909497481, ""2022"": 0.4140668519601064}"
500,0.6,intraday_component,discovery,4,448,0.0023229109631535522,-0.01299294734087225,1.114398640158834,0.40625,0.296875,0.5424107142857143,0.16071428571428573,8.921875,0.04116097632540109,-0.03304669987896214,"{""2019"": 0.009363786854766893, ""2020"": 0.0017648646248200996, ""2021"": 0.006072770851973534, ""2022"": -0.0076193761158253855}","{""2019"": 1.5667202282880581, ""2020"": 1.0840241195324047, ""2021"": 1.3520811831285136, ""2022"": 0.7092273086444931}"
500,0.6,intraday_component,discovery,5,448,-0.009215707296240803,-0.025579590170119203,0.6937631603616016,0.33482142857142855,0.25669642857142855,0.6272321428571429,0.11607142857142858,8.475446428571429,0.04185052782138089,-0.04475513478412803,"{""2019"": 0.005470180773641497, ""2020"": -0.002372642505741847, ""2021"": 0.002197653636368571, ""2022"": -0.0258409718356442}","{""2019"": 1.275094272957997, ""2020"": 0.9248548665296638, ""2021"": 1.0865095901386737, ""2022"": 0.3144924118178354}"
500,0.6,intraday_component,validation,1,349,0.014571953628296745,-0.01575926121751,1.6123935108607268,0.41260744985673353,0.3209169054441261,0.5501432664756447,0.12893982808022922,8.659025787965616,0.060332469357076694,-0.03964917711499618,"{""2023"": 0.016790001019584323, ""2024"": 0.030835766411482543, ""2025"": 0.0019667514382038106, ""2026"": 0.0029838836747881976}","{""2023"": 1.9300006467182775, ""2024"": 1.9774061819822297, ""2025"": 1.0840621603923897, ""2026"": 1.137855091446876}"
500,0.6,intraday_component,validation,2,400,0.0024639400742321235,-0.014260956773347499,1.1121361871512183,0.42,0.35,0.54,0.11,8.67,0.04121113827979493,-0.0343149632238962,"{""2023"": -0.0017980261628248511, ""2024"": -0.0028376672287870877, ""2025"": 0.013025669205260085, ""2026"": 0.00332257321933625}","{""2023"": 0.9264942154029343, ""2024"": 0.885565770598352, ""2025"": 1.8174234831574996, ""2026"": 1.1494287092229092}"
500,0.6,intraday_component,validation,3,390,0.0042752433178254836,-0.0058652962434315,1.229384278957345,0.4461538461538462,0.3282051282051282,0.5205128205128206,0.15128205128205127,9.282051282051283,0.03791345396302927,-0.028874134775928338,"{""2023"": -0.00044898049740460776, ""2024"": 0.004465300575444411, ""2025"": 0.010162216979283776, ""2026"": 0.0014712923047862272}","{""2023"": 0.9810870556285134, ""2024"": 1.2371855475092557, ""2025"": 1.666301644168896, ""2026"": 1.122611183773479}"
500,0.6,intraday_component,validation,4,409,0.018874883851722025,-0.0143446638391663,1.9421907599698414,0.4034229828850856,0.2860635696821516,0.5672371638141809,0.1466992665036675,9.095354523227384,0.05898587199884237,-0.03177926678578561,"{""2023"": 6.285103575600944e-05, ""2024"": 0.0054746744724524276, ""2025"": 0.06262535299060155, ""2026"": -0.006003156412137623}","{""2023"": 1.0031453521890499, ""2024"": 1.2720296879765942, ""2025"": 4.302734956875685, ""2026"": 0.739276820878267}"
500,0.6,intraday_component,validation,5,340,0.002901037548416243,-0.0178325283819324,1.1209881526255987,0.4,0.3205882352941177,0.538235294117647,0.1411764705882353,8.888235294117647,0.049264321501903255,-0.03863302245027476,"{""2023"": 0.0004480479813317314, ""2024"": 0.0026414233011347412, ""2025"": 0.012252564097964422, ""2026"": -0.013953763991896205}","{""2023"": 1.0185101894187614, ""2024"": 1.1085423447154918, ""2025"": 1.6852952128846754, ""2026"": 0.6467384404358363}"
500,0.6,close_recovery_from_low,discovery,1,448,0.0006188958975341054,-0.016754909853005352,1.0243724647808705,0.43526785714285715,0.34598214285714285,0.5200892857142857,0.13392857142857142,9.029017857142858,0.04445400262215127,-0.04053551838569136,"{""2019"": 0.012950480380175136, ""2020"": -0.00719430763122717, ""2021"": -0.0009504591712905251, ""2022"": -0.007018646386874098}","{""2019"": 1.7573376295224008, ""2020"": 0.7803522782929765, ""2021"": 0.961142070294708, ""2022"": 0.7696416433492126}"
500,0.6,close_recovery_from_low,discovery,2,445,0.003285271077902332,-0.0167207839771101,1.1526274097581257,0.4157303370786517,0.3235955056179775,0.5280898876404494,0.14831460674157304,9.051685393258428,0.04280547985893758,-0.03520354930653248,"{""2019"": 0.011928293793124222, ""2020"": 0.008334855778858175, ""2021"": 0.006082496026265284, ""2022"": -0.017453980685246694}","{""2019"": 1.7402487048392872, ""2020"": 1.382616184110604, ""2021"": 1.2973305342421182, ""2022"": 0.4444471837822955}"
500,0.6,close_recovery_from_low,discovery,3,446,-0.00013822038973138027,-0.0151792578030456,0.9939302630743545,0.3834080717488789,0.28699551569506726,0.5627802690582959,0.15022421524663676,8.997757847533633,0.04342060956498398,-0.035759153028288866,"{""2019"": 0.011140222933879488, ""2020"": 0.0024959107991130557, ""2021"": -0.0031250315141549503, ""2022"": -0.01137890875037975}","{""2019"": 1.6702973045332101, ""2020"": 1.1130346481337074, ""2021"": 0.8662482675964909, ""2022"": 0.6121713397279985}"
500,0.6,close_recovery_from_low,discovery,4,449,-0.0006340861215319689,-0.016316275922937,0.9714039706766068,0.3897550111358575,0.27839643652561247,0.5567928730512249,0.16481069042316257,9.198218262806236,0.04054951124607607,-0.03594564287677649,"{""2019"": 0.01026105068870683, ""2020"": 0.001208255174750275, ""2021"": 0.004838173885618012, ""2022"": -0.013721631939248477}","{""2019"": 1.633527886401237, ""2020"": 1.0609143141317017, ""2021"": 1.2268670038268934, ""2022"": 0.5186603152171128}"
500,0.6,close_recovery_from_low,discovery,5,448,-0.010047830900325122,-0.022702293692785,0.6409827630036827,0.31919642857142855,0.23214285714285715,0.6495535714285714,0.11830357142857142,8.258928571428571,0.03635517248924525,-0.040473766101190516,"{""2019"": -0.0026833767104185763, ""2020"": -0.00024333167547631104, ""2021"": 0.0004818663419917457, ""2022"": -0.022854890816816048}","{""2019"": 0.8846240842675837, ""2020"": 0.9919028913631294, ""2021"": 1.0247010129606946, ""2022"": 0.33307474797505426}"
500,0.6,close_recovery_from_low,validation,1,380,0.003520973404507685,-0.010569708809776951,1.1583992143019675,0.4342105263157895,0.32894736842105265,0.5184210526315789,0.15263157894736842,9.110526315789473,0.04357877376306494,-0.03534859329705662,"{""2023"": 0.008039534168522712, ""2024"": -0.007206768739947696, ""2025"": 0.011484286180764304, ""2026"": -0.00018869361522006904}","{""2023"": 1.371572267833273, ""2024"": 0.7450229605390113, ""2025"": 1.6749898915817376, ""2026"": 0.9907440897156191}"
500,0.6,close_recovery_from_low,validation,2,396,0.03203211861182514,-0.0109379410303288,2.5339190220051244,0.42676767676767674,0.34595959595959597,0.5454545454545454,0.10858585858585859,8.515151515151516,0.07325116300888773,-0.03473354516707058,"{""2023"": 0.013478709336415956, ""2024"": 0.030979009858154223, ""2025"": 0.056576452389472266, ""2026"": 0.007736545776544112}","{""2023"": 1.7108351925043639, ""2024"": 2.286736262451718, ""2025"": 3.680777129035618, ""2026"": 1.5005842432499488}"
500,0.6,close_recovery_from_low,validation,3,333,1.2271446705604574e-05,-0.01575926121751,1.0005461860047002,0.3963963963963964,0.3063063063063063,0.5825825825825826,0.1111111111111111,8.732732732732734,0.04145502664455678,-0.03413596937933347,"{""2023"": -0.010618822821237708, ""2024"": 0.006704727792254243, ""2025"": 0.009605402105473948, ""2026"": -0.014976992604882545}","{""2023"": 0.6128209304507044, ""2024"": 1.3410918587283387, ""2025"": 1.512032076108666, ""2026"": 0.4254435494613438}"
500,0.6,close_recovery_from_low,validation,4,412,-0.00041239645142956944,-0.0181445395175293,0.9825156889350188,0.3907766990291262,0.28640776699029125,0.5533980582524272,0.16019417475728157,9.606796116504855,0.043733937165035215,-0.0373595149421373,"{""2023"": -0.003015649610956389, ""2024"": -0.0027661005777490175, ""2025"": 0.006482303218617632, ""2026"": -0.0031800293365525307}","{""2023"": 0.87392797351337, ""2024"": 0.8941829352073415, ""2025"": 1.3277830938262496, ""2026"": 0.8708451192462962}"
500,0.6,close_recovery_from_low,validation,5,367,0.0070513490026608274,-0.009602550861141,1.3809781451678869,0.4359673024523161,0.33787465940054495,0.5204359673024523,0.14168937329700274,8.588555858310627,0.043083173174868275,-0.030002891322244832,"{""2023"": 0.005429918979404425, ""2024"": 0.007469252633137689, ""2025"": 0.01162633284728592, ""2026"": -0.003701323343476738}","{""2023"": 1.284393987078219, ""2024"": 1.3979807495472756, ""2025"": 1.8334794609291059, ""2026"": 0.878951750353612}"
500,0.6,downside_wick_fraction,discovery,1,448,-0.002293043399565542,-0.0187028780451687,0.9135121684260337,0.42857142857142855,0.30580357142857145,0.5379464285714286,0.15625,9.520089285714286,0.044129850934707955,-0.04161756544004326,"{""2019"": 0.014272327144443835, ""2020"": -0.014863329052717842, ""2021"": 0.002450137523242776, ""2022"": -0.01535666939263582}","{""2019"": 1.857298260145999, ""2020"": 0.5867694478828969, ""2021"": 1.1092592299063484, ""2022"": 0.5470874278021768}"
500,0.6,downside_wick_fraction,discovery,2,449,0.0008088299562671241,-0.0162243167861944,1.0350719245746514,0.40979955456570155,0.3207126948775056,0.534521158129176,0.1447661469933185,8.839643652561247,0.04245002317107964,-0.03657088618313081,"{""2019"": 0.011382716091260882, ""2020"": 0.0024883389704453657, ""2021"": 0.0032592631704195713, ""2022"": -0.012302546815564879}","{""2019"": 1.7057847088498514, ""2020"": 1.1004860448247533, ""2021"": 1.1604179776500714, ""2022"": 0.5963719784665958}"
500,0.6,downside_wick_fraction,discovery,3,445,-0.0011488577525029804,-0.0184899706488154,0.9515965799886288,0.3797752808988764,0.30112359550561796,0.5662921348314607,0.13258426966292136,8.653932584269663,0.040295914527017335,-0.036476768156209045,"{""2019"": 0.006432723054834371, ""2020"": 0.005531723776407861, ""2021"": 0.0023220337021542087, ""2022"": -0.017559340129252598}","{""2019"": 1.346973642851831, ""2020"": 1.227753876219679, ""2021"": 1.1029649468871074, ""2022"": 0.4379582974890234}"
500,0.6,downside_wick_fraction,discovery,4,445,-0.002527751495245763,-0.0179248525832678,0.8937402286297236,0.36629213483146067,0.27415730337078653,0.5910112359550562,0.1348314606741573,8.817977528089887,0.04042144445757803,-0.037351736169347734,"{""2019"": 0.010401355430188419, ""2020"": 0.0013658113248678104, ""2021"": 0.0006702335395723596, ""2022"": -0.02076815124135972}","{""2019"": 1.603939069211084, ""2020"": 1.0535484002858175, ""2021"": 1.0314339462682662, ""2022"": 0.3524222552711591}"
500,0.6,downside_wick_fraction,discovery,5,449,-0.0018003525747934811,-0.0176198701332321,0.9209409796973236,0.3585746102449889,0.2650334075723831,0.5879732739420935,0.14699331848552338,8.701559020044543,0.040253481140077985,-0.03591811393225306,"{""2019"": 0.0030519377008333794, ""2020"": 0.012172771614427471, ""2021"": -0.00102783252224611, ""2022"": -0.011242089281843061}","{""2019"": 1.1536010053169805, ""2020"": 1.8426953240515676, ""2021"": 0.9550639487780102, ""2022"": 0.5995051940449293}"
500,0.6,downside_wick_fraction,validation,1,382,0.022385301295997754,-0.00911150171201575,2.0506851919742197,0.45287958115183247,0.3612565445026178,0.5104712041884817,0.12827225130890052,8.68586387434555,0.06325384514482316,-0.03438158803101147,"{""2023"": 0.006550417719105849, ""2024"": 0.0038181821770185915, ""2025"": 0.07113652847671222, ""2026"": -0.018373376708701473}","{""2023"": 1.3062270855801967, ""2024"": 1.1608914731553561, ""2025"": 5.468031876180091, ""2026"": 0.3745504045719695}"
500,0.6,downside_wick_fraction,validation,2,412,0.00011523562502995708,-0.01657425303845205,1.0050770365994388,0.38106796116504854,0.27427184466019416,0.5558252427184466,0.16990291262135923,9.283980582524272,0.04276914563654471,-0.036053445771641296,"{""2023"": -0.0020044202210991466, ""2024"": -0.00630571895116218, ""2025"": 0.009327628796183474, ""2026"": 0.00357400873568116}","{""2023"": 0.918525975118369, ""2024"": 0.7648949264633287, ""2025"": 1.5650406132025882, ""2026"": 1.1833281371411781}"
500,0.6,downside_wick_fraction,validation,3,370,0.008143919102955362,-0.0069831293067661,1.431308783171549,0.4594594594594595,0.37567567567567567,0.5054054054054054,0.11891891891891893,8.77027027027027,0.044783301506477954,-0.03150534602653893,"{""2023"": 0.017837712916436765, ""2024"": 0.0005995910650218392, ""2025"": 0.007035196411391413, ""2026"": 0.0012643177865264855}","{""2023"": 2.1154585563875066, ""2024"": 1.0289389572642176, ""2025"": 1.3574105208219667, ""2026"": 1.0611466730625414}"
500,0.6,downside_wick_fraction,validation,4,374,0.010130249120930078,-0.016297765087166502,1.434765000759418,0.3877005347593583,0.2914438502673797,0.5935828877005348,0.11497326203208556,8.96524064171123,0.053348952588660015,-0.03589928919694082,"{""2023"": -0.006400762031047828, ""2024"": 0.036240362370270986, ""2025"": 0.003474678063337078, ""2026"": 0.001898219919264933}","{""2023"": 0.7503967700096172, ""2024"": 2.6062163218921923, ""2025"": 1.1641506540612347, ""2026"": 1.0791652398219502}"
500,0.6,downside_wick_fraction,validation,5,350,0.0029831073995181764,-0.01527494062065745,1.1388852272749992,0.4057142857142857,0.3057142857142857,0.5514285714285714,0.14285714285714285,8.888571428571428,0.042558966994737824,-0.033960885538703064,"{""2023"": -0.0025274284232442265, ""2024"": 0.00333600772351144, ""2025"": 0.008683874297798308, ""2026"": 0.0038167267400788323}","{""2023"": 0.8912376926256462, ""2024"": 1.1442152864348167, ""2025"": 1.4803794638495147, ""2026"": 1.2049259626566302}"
500,0.6,volume_ratio20,discovery,1,429,0.0006912708954104581,-0.0150076194425443,1.0303949122480087,0.3916083916083916,0.2680652680652681,0.5571095571095571,0.17482517482517482,9.454545454545455,0.042120624896451755,-0.03638964558806936,"{""2019"": 0.008091776385299607, ""2020"": 0.019333080806813386, ""2021"": -0.0067493344307515, ""2022"": -0.011396994107389594}","{""2019"": 1.4353766184739296, ""2020"": 2.179141040183991, ""2021"": 0.708658484651841, ""2022"": 0.6219348854163834}"
500,0.6,volume_ratio20,discovery,2,430,-0.0008999047043907901,-0.01836340495967615,0.9628440964952656,0.39767441860465114,0.3023255813953488,0.5604651162790698,0.1372093023255814,9.36046511627907,0.04195015801670486,-0.03969757750311191,"{""2019"": 0.0018272932517771645, ""2020"": 0.0045094652310126914, ""2021"": 0.008121261574187986, ""2022"": -0.012026984937316316}","{""2019"": 1.0862545464494144, ""2020"": 1.203676715446436, ""2021"": 1.4329952755589999, ""2022"": 0.6208906121915729}"
500,0.6,volume_ratio20,discovery,3,426,0.00034955347099431306,-0.015861000383814647,1.0154558149241684,0.392018779342723,0.2934272300469484,0.5516431924882629,0.15492957746478872,9.288732394366198,0.044082384692897464,-0.035784396388755454,"{""2019"": 0.002461969822305317, ""2020"": 0.005656197149752544, ""2021"": 0.007802660692440195, ""2022"": -0.012545722761582574}","{""2019"": 1.1270738402114298, ""2020"": 1.285836787508356, ""2021"": 1.3707103131288128, ""2022"": 0.5748034748048579}"
500,0.6,volume_ratio20,discovery,4,427,-0.008642438336428174,-0.0228962157794281,0.6691486932283939,0.3325526932084309,0.24824355971896955,0.6252927400468384,0.12646370023419204,8.056206088992974,0.03579787126451132,-0.03931318077987719,"{""2019"": 0.0038235026207689145, ""2020"": -0.0053365280143110785, ""2021"": -0.00539238835197793, ""2022"": -0.01975788761129657}","{""2019"": 1.233819383634474, ""2020"": 0.8158488737083764, ""2021"": 0.7733035321740618, ""2022"": 0.3818230938560783}"
500,0.6,volume_ratio20,discovery,5,429,-0.009040806529928396,-0.0247681903832182,0.6757202175697942,0.3356643356643357,0.27505827505827507,0.6153846153846154,0.10955710955710955,7.86013986013986,0.0370104136816417,-0.04091023443732638,"{""2019"": -0.0026513584918087434, ""2020"": -0.011593842908706136, ""2021"": 0.00224995017949635, ""2022"": -0.01907611156520221}","{""2019"": 0.8725579371370782, ""2020"": 0.6635629901707204, ""2021"": 1.098681318443635, ""2022"": 0.3879364894404465}"
500,0.6,volume_ratio20,validation,1,385,-0.001482978922527731,-0.0166091289062498,0.9352252136925447,0.38181818181818183,0.2623376623376623,0.587012987012987,0.15064935064935064,8.896103896103897,0.040693716454053994,-0.03584621971201392,"{""2023"": -0.007457549249855159, ""2024"": -0.0009800970850522605, ""2025"": 0.0025667887921421374, ""2026"": 0.012931165638130649}","{""2023"": 0.716099526696556, ""2024"": 0.9547500595252019, ""2025"": 1.1225173956727161, ""2026"": 1.6502065223199973}"
500,0.6,volume_ratio20,validation,2,393,0.017591705061640855,-0.0092408153070576,1.888827907230873,0.43765903307888043,0.3282442748091603,0.5292620865139949,0.14249363867684478,8.80916030534351,0.05554254580263737,-0.03123721010765404,"{""2023"": 0.004376946384426566, ""2024"": 0.0114479836055245, ""2025"": 0.04775041630490201, ""2026"": -0.008649225432325389}","{""2023"": 1.1893523893440139, ""2024"": 1.6105267506010474, ""2025"": 3.8581383510547207, ""2026"": 0.5988683859134449}"
500,0.6,volume_ratio20,validation,3,367,0.013887794446830507,-0.01074345333243,1.6823733105560355,0.42779291553133514,0.35149863760217986,0.5040871934604905,0.1444141689373297,8.97275204359673,0.053718804785566725,-0.033123289180108914,"{""2023"": 0.009247005968434448, ""2024"": -0.0009158537010850943, ""2025"": 0.04084928338324125, ""2026"": 0.00105669594298491}","{""2023"": 1.4474832801492494, ""2024"": 0.9624959904598431, ""2025"": 3.8594641300596653, ""2026"": 1.0445698140808044}"
500,0.6,volume_ratio20,validation,4,389,0.002182190005936515,-0.0137944953656892,1.1055419360169023,0.4138817480719794,0.32904884318766064,0.5578406169665809,0.11311053984575835,8.632390745501285,0.041126718964782163,-0.033496673343510606,"{""2023"": 0.006243143326514713, ""2024"": -0.003135099713821114, ""2025"": 0.00866193437721527, ""2026"": -0.01322686198194579}","{""2023"": 1.3083643306387611, ""2024"": 0.870533256569086, ""2025"": 1.5229277107804995, ""2026"": 0.4654163189569751}"
500,0.6,volume_ratio20,validation,5,354,0.011741320122566103,-0.01751516965133275,1.4831097129534205,0.423728813559322,0.3361581920903955,0.536723163841808,0.1271186440677966,9.361581920903955,0.05647861229503464,-0.038683438397245584,"{""2023"": 0.0002310962978716968, ""2024"": 0.027595947775841848, ""2025"": 0.007121215468661811, ""2026"": 0.004819307386119692}","{""2023"": 1.0115214412447313, ""2024"": 1.9224957246775616, ""2025"": 1.3150373874032752, ""2026"": 1.2149599504580497}"
500,0.6,gap_share_of_negative_move,discovery,2,479,-0.0016916050714927261,-0.0177268299271151,0.9309353685030708,0.3924843423799583,0.29436325678496866,0.5594989561586639,0.14613778705636743,9.177453027139874,0.041250806358406555,-0.03954787117679439,"{""2019"": 0.00985985164562794, ""2020"": -0.001510955934843754, ""2021"": 0.0016319279234369584, ""2022"": -0.017805147462405593}","{""2019"": 1.572597600164242, ""2020"": 0.948409650207129, ""2021"": 1.0749538273755037, ""2022"": 0.44336365414397966}"
500,0.6,gap_share_of_negative_move,discovery,3,241,0.009285430074258192,-0.0072990839206231,1.4438465267036376,0.48132780082987553,0.3775933609958506,0.48132780082987553,0.14107883817427386,9.273858921161827,0.04845168895169799,-0.03373702620414258,"{""2019"": 0.018308047196001584, ""2020"": -0.005696226185867447, ""2021"": 0.015990164004042566, ""2022"": -0.0012128804313212378}","{""2019"": 2.1979790180124508, ""2020"": 0.804301555848284, ""2021"": 1.9444407552944574, ""2022"": 0.9571928767528814}"
500,0.6,gap_share_of_negative_move,discovery,4,240,0.0010629958702695554,-0.0142320108700095,1.0483981387360446,0.4125,0.30833333333333335,0.5208333333333334,0.17083333333333334,8.6625,0.04173155956706851,-0.03570970143675984,"{""2019"": 0.0026110952581478637, ""2020"": 0.0052213406925098816, ""2021"": 0.0004017225704263607, ""2022"": -0.0038216735219763903}","{""2019"": 1.1314693497571309, ""2020"": 1.234740542044406, ""2021"": 1.0175419961608179, ""2022"": 0.840252310502601}"
500,0.6,gap_share_of_negative_move,discovery,5,240,-0.00528150737573732,-0.023826088623396198,0.8014441396017704,0.3541666666666667,0.275,0.6166666666666667,0.10833333333333334,8.5625,0.040937164055874414,-0.03860041563704205,"{""2019"": 0.006667666134633376, ""2020"": -0.009297639314402745, ""2021"": -0.008613775974906843, ""2022"": -0.012006978506444131}","{""2019"": 1.3426585596256757, ""2020"": 0.6839713706902526, ""2021"": 0.6712940716532271, ""2022"": 0.6254997600644534}"
500,0.6,gap_share_of_negative_move,validation,2,449,-0.0001600371677115287,-0.0159633177628014,0.9931568879536616,0.38084632516703787,0.3051224944320713,0.5812917594654788,0.11358574610244988,8.583518930957684,0.04260078699424922,-0.036543496977453085,"{""2023"": 0.01148158081029171, ""2024"": -0.009103461103618286, ""2025"": -0.0001621196570436488, ""2026"": -0.0044267822819685386}","{""2023"": 1.6062709035676495, ""2024"": 0.6860404212021488, ""2025"": 0.9928161871993391, ""2026"": 0.7914264023398425}"
500,0.6,gap_share_of_negative_move,validation,3,179,0.023202462664647587,-0.0166091289062498,2.063597811889769,0.39106145251396646,0.2905027932960894,0.5586592178770949,0.15083798882681565,8.681564245810057,0.06487828217658723,-0.03573912199200216,"{""2023"": -0.005742495913896443, ""2024"": 0.08121399654317152, ""2025"": 0.005297444536489699, ""2026"": 0.011651830081083992}","{""2023"": 0.7809972289484409, ""2024"": 4.58105478332834, ""2025"": 1.3000665268147582, ""2026"": 1.755526759533241}"
500,0.6,gap_share_of_negative_move,validation,4,173,0.011609278609543342,0.0039670887621732,1.5974327183900565,0.5317919075144508,0.44508670520231214,0.4393063583815029,0.11560693641618497,9.265895953757225,0.047287960809566564,-0.03189114021370435,"{""2023"": 0.007237043063919398, ""2024"": -0.004367197127281587, ""2025"": 0.02687542564781697, ""2026"": 0.02785377780744877}","{""2023"": 1.3933527226241678, ""2024"": 0.8424365797843404, ""2025"": 2.8109697202109825, ""2026"": 3.0612271983587624}"
500,0.6,gap_share_of_negative_move,validation,5,219,0.03344554970544852,-0.0124900155861978,2.636581710525214,0.4018264840182648,0.2648401826484018,0.5525114155251142,0.182648401826484,9.365296803652969,0.07677524480323886,-0.03253736473470455,"{""2023"": 0.0005515684154440436, ""2024"": 0.00494896787186533, ""2025"": 0.12180541937643717, ""2026"": 0.0040342890279746555}","{""2023"": 1.0257106364384954, ""2024"": 1.2390199313995987, ""2025"": 6.894204764639944, ""2026"": 1.2660384580876214}"
500,0.8,gap_component,discovery,1,449,-0.00673631988577583,-0.0284885331281679,0.7969411801283455,0.30734966592427615,0.1603563474387528,0.6570155902004454,0.18262806236080179,9.52783964365256,0.05077429657196738,-0.047632931577563216,"{""2019"": 0.007693158039190363, ""2020"": -0.021428644118194028, ""2021"": -0.004528715028564906, ""2022"": -0.011477917065528835}","{""2019"": 1.322497816110669, ""2020"": 0.524486220502122, ""2021"": 0.8538745904025828, ""2022"": 0.6726382883217618}"
500,0.8,gap_component,discovery,2,449,-0.000647287797620887,-0.0210924242011278,0.9743616298732446,0.35412026726057905,0.1447661469933185,0.5835189309576837,0.2717149220489978,11.077951002227172,0.04969825121340278,-0.038336189627303716,"{""2019"": 0.012378630344284023, ""2020"": 0.009744725192972505, ""2021"": -0.000568744797822886, ""2022"": -0.02025092670888313}","{""2019"": 1.6831654676888808, ""2020"": 1.4115643697134352, ""2021"": 0.9777928944280256, ""2022"": 0.3940333202522661}"
500,0.8,gap_component,discovery,3,448,0.0028551230444176625,-0.01472959191656505,1.1483849482780948,0.37276785714285715,0.16071428571428573,0.546875,0.2924107142857143,11.104910714285714,0.04345262349878544,-0.0313576474777459,"{""2019"": 0.014204371582518584, ""2020"": 0.0035580103578281255, ""2021"": 0.00541300346817502, ""2022"": -0.01535450772578445}","{""2019"": 2.0120064417969785, ""2020"": 1.1457137318529649, ""2021"": 1.3254406357361201, ""2022"": 0.41430508589924314}"
500,0.8,gap_component,discovery,4,448,-0.004472096150149927,-0.0191195327592196,0.8194299883507641,0.32589285714285715,0.12276785714285714,0.6071428571428571,0.2700892857142857,10.741071428571429,0.04075712326382526,-0.03843885981269962,"{""2019"": 0.005743940622966721, ""2020"": 0.0010240605682220406, ""2021"": 0.0037944643206230242, ""2022"": -0.024075806297639345}","{""2019"": 1.3043673433181793, ""2020"": 1.0370934584636033, ""2021"": 1.1935318858357504, ""2022"": 0.28447561898719315}"
500,0.8,gap_component,discovery,5,449,0.001526926940913203,-0.0248626049790398,1.0547756385420097,0.37639198218262804,0.18040089086859687,0.5879732739420935,0.23162583518930957,10.915367483296214,0.0559642318321505,-0.043460976981012076,"{""2019"": 0.020369342095595613, ""2020"": 0.002874516663605572, ""2021"": 0.0016172831752276492, ""2022"": -0.012927634843085218}","{""2019"": 2.1376993456283158, ""2020"": 1.1024956269699124, ""2021"": 1.0588783954193923, ""2022"": 0.6337013057950991}"
500,0.8,gap_component,validation,1,296,0.0005328204865434184,-0.02297152147156235,1.019879936677463,0.36824324324324326,0.16554054054054054,0.5709459459459459,0.2635135135135135,11.057432432432432,0.0571919021728838,-0.04231465595410087,"{""2023"": -0.00033542788870747037, ""2024"": -0.005392610006712181, ""2025"": 0.005665975207812147, ""2026"": 0.010413355794396237}","{""2023"": 0.9859050081700182, ""2024"": 0.8227491690879478, ""2025"": 1.2165581663755178, ""2026"": 1.3581645404204385}"
500,0.8,gap_component,validation,2,400,0.032364201096608446,-0.0134011689115873,2.620159220277668,0.3975,0.1875,0.5475,0.265,10.8875,0.07559017236175854,-0.03193999292305609,"{""2023"": 0.0014930570641890225, ""2024"": 0.042561039380036726, ""2025"": 0.06870575415006314, ""2026"": 0.006073018229280224}","{""2023"": 1.0636870370813842, ""2024"": 3.3402103264089957, ""2025"": 4.880497334623158, ""2026"": 1.3022737118457641}"
500,0.8,gap_component,validation,3,412,0.0015252913455240666,-0.01415642706846185,1.0712964704594388,0.3737864077669903,0.16262135922330098,0.5825242718446602,0.25485436893203883,10.49757281553398,0.04369597130739894,-0.03386004818218217,"{""2023"": 0.0046485179651820415, ""2024"": -0.004244178408397721, ""2025"": 0.010476093871860742, ""2026"": -0.0077250908334188925}","{""2023"": 1.2198915479037042, ""2024"": 0.8219835962518665, ""2025"": 1.6409410387371262, ""2026"": 0.7037216788252332}"
500,0.8,gap_component,validation,4,379,0.00570242681286557,-0.0148497202307472,1.2627789543786847,0.39313984168865435,0.17678100263852242,0.5620052770448549,0.2612137203166227,10.868073878627968,0.05019592032508084,-0.03311012545273752,"{""2023"": 0.010780142958047108, ""2024"": 0.0022727957419631253, ""2025"": 0.007306360556551033, ""2026"": -0.0026636432347729795}","{""2023"": 1.5578663048487829, ""2024"": 1.0889363981638656, ""2025"": 1.3617722835711739, ""2026"": 0.87823949185379}"
500,0.8,gap_component,validation,5,406,0.00631231875846596,-0.01961616863235855,1.2529931908617074,0.39655172413793105,0.19704433497536947,0.5467980295566502,0.2561576354679803,10.938423645320198,0.054493933564869104,-0.03919535817370622,"{""2023"": 0.01065582913772647, ""2024"": -0.0009053446063719117, ""2025"": 0.012439645259429626, ""2026"": -0.015121508160008781}","{""2023"": 1.4125737464375308, ""2024"": 0.9668287712247224, ""2025"": 1.6165113989434245, ""2026"": 0.5381603176327348}"
500,0.8,intraday_component,discovery,1,449,0.004762168130432267,-0.0229037636863841,1.1700364868149493,0.38084632516703787,0.19599109131403117,0.5679287305122495,0.23608017817371937,10.717149220489977,0.05737754603539082,-0.044014070549824084,"{""2019"": 0.013292764430058376, ""2020"": 0.0008985922005977214, ""2021"": 0.010733343843604772, ""2022"": -0.007932489788464472}","{""2019"": 1.653848493254275, ""2020"": 1.0256353417398334, ""2021"": 1.4369518222755686, ""2022"": 0.7723218155775547}"
500,0.8,intraday_component,discovery,2,448,0.001572153377159809,-0.0189492087713952,1.0658237108346147,0.36160714285714285,0.15401785714285715,0.5870535714285714,0.25892857142857145,11.064732142857142,0.048559422235831935,-0.03766110910654123,"{""2019"": 0.018318596737182082, ""2020"": -0.006390284868521712, ""2021"": 0.0008956274323864749, ""2022"": -0.012868669706051501}","{""2019"": 2.122831135499833, ""2020"": 0.7707835697547852, ""2021"": 1.0363780907679858, ""2022"": 0.5673578381822113}"
500,0.8,intraday_component,discovery,3,448,-0.0036826927052313004,-0.019125690266931603,0.8382086792912756,0.34598214285714285,0.12946428571428573,0.5870535714285714,0.28348214285714285,10.910714285714286,0.04020516948288938,-0.034531677348558186,"{""2019"": 0.00728313710132984, ""2020"": 0.005414267750008873, ""2021"": -0.0053813616760166934, ""2022"": -0.01904763109499565}","{""2019"": 1.4093261671747022, ""2020"": 1.2304163550982636, ""2021"": 0.7589155791392673, ""2022"": 0.3326901679979092}"
500,0.8,intraday_component,discovery,4,449,-0.0005413261751675367,-0.0171308823959591,0.9763272642583859,0.35412026726057905,0.1492204899777283,0.5746102449888641,0.27616926503340755,10.821826280623608,0.04634003908222471,-0.03548344450154472,"{""2019"": 0.008362091803369404, ""2020"": -0.00494656312692127, ""2021"": 0.002972095895584039, ""2022"": -0.010525611537502729}","{""2019"": 1.4647223176027346, ""2020"": 0.8202722630970462, ""2021"": 1.1540793630541197, ""2022"": 0.630633263569474}"
500,0.8,intraday_component,discovery,5,449,-0.00958505573202893,-0.028697562574016,0.707690102350348,0.29398663697104677,0.1403118040089087,0.6659242761692651,0.19376391982182628,9.853006681514477,0.048174493964632185,-0.0475416408944992,"{""2019"": 0.011800461824786744, ""2020"": -0.0042034615843357616, ""2021"": -0.002692016307203675, ""2022"": -0.027909131056084297}","{""2019"": 1.5934428130603242, ""2020"": 0.8876840011102649, ""2021"": 0.9071984590319437, ""2022"": 0.3080628353319029}"
500,0.8,intraday_component,validation,1,351,0.014228727879148256,-0.0174601369638961,1.5627983639612648,0.38461538461538464,0.18518518518518517,0.5641025641025641,0.25071225071225073,10.649572649572649,0.06774886438959632,-0.04168483038431235,"{""2023"": 0.014926539757444648, ""2024"": 0.029364773113384358, ""2025"": 0.0031807117980425233, ""2026"": 0.005161104608382217}","{""2023"": 1.7579647798936748, ""2024"": 1.9037281597334017, ""2025"": 1.128847295288299, ""2026"": 1.2119534963800433}"
500,0.8,intraday_component,validation,2,401,0.004242656980627228,-0.0183780458390658,1.1782303469438744,0.38403990024937656,0.20199501246882792,0.5685785536159601,0.22942643391521197,10.650872817955113,0.048792681258760164,-0.036028280311709945,"{""2023"": 0.0055952411209019195, ""2024"": -0.005889842696899725, ""2025"": 0.01498317072360204, ""2026"": -0.0006084260131271109}","{""2023"": 1.2213859456031577, ""2024"": 0.7876240544554081, ""2025"": 1.8758979714614037, ""2026"": 0.977419012944245}"
500,0.8,intraday_component,validation,3,391,0.006996959823227775,-0.0079142035575857,1.363829029245158,0.42710997442455245,0.1918158567774936,0.5319693094629157,0.27621483375959077,11.358056265984654,0.04435951060507648,-0.02986456860721756,"{""2023"": 0.002480874493863818, ""2024"": 0.004598721427586426, ""2025"": 0.015044744240631777, ""2026"": 0.005407329239947594}","{""2023"": 1.103085290125671, ""2024"": 1.2287668469388584, ""2025"": 1.9858499916395518, ""2026"": 1.4117148799433974}"
500,0.8,intraday_component,validation,4,409,0.018413566130634475,-0.0162501371241916,1.8610431216084096,0.36674816625916873,0.14180929095354522,0.5941320293398533,0.26405867970660146,10.770171149144254,0.06398901061561729,-0.033001056477212375,"{""2023"": 0.00222215245683363, ""2024"": 0.004893178661476983, ""2025"": 0.058697150860382484, ""2026"": -0.003818775431757888}","{""2023"": 1.108024534345209, ""2024"": 1.2328032716628263, ""2025"": 3.6764658619314643, ""2026"": 0.8377731247849659}"
500,0.8,intraday_component,validation,5,341,0.004379142938138597,-0.0201532523530094,1.1776301110434282,0.36950146627565983,0.17302052785923755,0.5454545454545454,0.28152492668621704,10.727272727272727,0.05705164933485151,-0.03947311980444674,"{""2023"": 0.004154914145892575, ""2024"": 0.004825813632102076, ""2025"": 0.012386392992035004, ""2026"": -0.01962760535215885}","{""2023"": 1.1709646515551342, ""2024"": 1.1998202378164933, ""2025"": 1.6084737946001406, ""2026"": 0.5128057663851378}"
500,0.8,close_recovery_from_low,discovery,1,449,0.0026909863518087785,-0.0200357259867779,1.099658713978745,0.39420935412026725,0.18040089086859687,0.5545657015590201,0.2650334075723831,11.3630289532294,0.05352212389452901,-0.04295729536285871,"{""2019"": 0.015995049536918254, ""2020"": -0.011384848387674113, ""2021"": 0.003377458446176008, ""2022"": -0.00279751848540021}","{""2019"": 1.8752451874222187, ""2020"": 0.6952321072588409, ""2021"": 1.136663603177778, ""2022"": 0.9103678550580319}"
500,0.8,close_recovery_from_low,discovery,2,448,0.006088855227712168,-0.02025767228848635,1.262818898076565,0.38169642857142855,0.21428571428571427,0.5535714285714286,0.23214285714285715,10.636160714285714,0.05063613127896242,-0.03677026967535045,"{""2019"": 0.013949594838332156, ""2020"": 0.014455022692742526, ""2021"": 0.009018687275623362, ""2022"": -0.01576386064803797}","{""2019"": 1.804908574968142, ""2020"": 1.5978257735996877, ""2021"": 1.3880094763480488, ""2022"": 0.5083956162650527}"
500,0.8,close_recovery_from_low,discovery,3,448,-0.0021101442500468526,-0.01865325656509955,0.9149378598002826,0.34375,0.12723214285714285,0.5959821428571429,0.2767857142857143,10.821428571428571,0.048860520809750736,-0.037970932057012775,"{""2019"": 0.013849258504241454, ""2020"": -0.006397032950109778, ""2021"": -0.004770139157382117, ""2022"": -0.014218067955450013}","{""2019"": 1.8302295268538746, ""2020"": 0.7826864824579277, ""2021"": 0.8082175006799351, ""2022"": 0.5339304409825079}"
500,0.8,close_recovery_from_low,discovery,4,449,-0.002237788597682992,-0.018853938533489,0.9086809905849963,0.34521158129175944,0.12472160356347439,0.5924276169265034,0.2828507795100223,10.841870824053451,0.04610982045089682,-0.03802558767087738,"{""2019"": 0.010999164445222863, ""2020"": 0.0016868483732893123, ""2021"": -0.0006216150408027745, ""2022"": -0.015561473682613673}","{""2019"": 1.6464097502423538, ""2020"": 1.0697925521812068, ""2021"": 0.9740104020286816, ""2022"": 0.49854049669173506}"
500,0.8,close_recovery_from_low,discovery,5,449,-0.011893100031936955,-0.0262007270058118,0.6142614006523872,0.2717149220489978,0.12249443207126949,0.6859688195991092,0.1915367483296214,9.703786191536748,0.04155197650573871,-0.04351353339272394,"{""2019"": 0.001987729587126398, ""2020"": -0.005843911737587056, ""2021"": 0.0009426865151372544, ""2022"": -0.02868692123141171}","{""2019"": 1.0854654959375243, ""2020"": 0.8455906579153138, ""2021"": 1.0442920924993535, ""2022"": 0.2411991374693989}"
500,0.8,close_recovery_from_low,validation,1,382,0.004153968909898076,-0.0139617836173337,1.1759917851106276,0.4083769633507853,0.17277486910994763,0.5340314136125655,0.2931937172774869,11.159685863874346,0.05089361998656003,-0.0372251138610517,"{""2023"": 0.00787720610769935, ""2024"": -0.006340859585956234, ""2025"": 0.01188236015915919, ""2026"": 0.002571018817527969}","{""2023"": 1.3428881051171553, ""2024"": 0.78501121897732, ""2025"": 1.6472886003444347, ""2026"": 1.1143108598770797}"
500,0.8,close_recovery_from_low,validation,2,398,0.03445161132199087,-0.01329260596081265,2.5871587747612224,0.40703517587939697,0.22110552763819097,0.5527638190954773,0.22613065326633167,10.600502512562814,0.08040963839034844,-0.03557383157765158,"{""2023"": 0.019152676460888245, ""2024"": 0.030873848247374252, ""2025"": 0.05994506797382738, ""2026"": 0.005116840219777615}","{""2023"": 1.9653419331162165, ""2024"": 2.2348411284123575, ""2025"": 3.8033371636475124, ""2026"": 1.2920571969795456}"
500,0.8,close_recovery_from_low,validation,3,334,-0.0006078610995689937,-0.01892502344624835,0.9751641088943437,0.3502994011976048,0.16167664670658682,0.6197604790419161,0.218562874251497,10.422155688622755,0.0477453120335605,-0.03604423149842632,"{""2023"": -0.006000618689352067, ""2024"": 0.0010592815331773862, ""2025"": 0.00942999574990204, ""2026"": -0.017389711168078043}","{""2023"": 0.7854153583053874, ""2024"": 1.0473807551615246, ""2025"": 1.4487558939892276, ""2026"": 0.4225313583166277}"
500,0.8,close_recovery_from_low,validation,4,412,0.0008548943713170095,-0.021132500335712803,1.0345878342000057,0.36650485436893204,0.15776699029126215,0.5728155339805825,0.26941747572815533,11.063106796116505,0.04962032235577272,-0.03868609059442716,"{""2023"": 0.00026219392537781645, ""2024"": -0.002761444488811655, ""2025"": 0.005961038789539832, ""2026"": 0.000851998705872524}","{""2023"": 1.010832901311121, ""2024"": 0.8975425307555556, ""2025"": 1.2653846134847788, ""2026"": 1.033626026268585}"
500,0.8,close_recovery_from_low,validation,5,367,0.008196425644603218,-0.0123440924615652,1.4249434321837466,0.3978201634877384,0.1771117166212534,0.5340599455040872,0.2888283378746594,10.877384196185286,0.05035830259688202,-0.03094743062561888,"{""2023"": 0.007677880003608198, ""2024"": 0.008968900214860381, ""2025"": 0.011708186668220424, ""2026"": -0.004284355623742419}","{""2023"": 1.3940133012855105, ""2024"": 1.4607994985822848, ""2025"": 1.7565174727012196, ""2026"": 0.859884235720532}"
500,0.8,downside_wick_fraction,discovery,1,449,-0.002027408143110269,-0.0209797549999999,0.9285572728158885,0.38530066815144765,0.15367483296213807,0.5701559020044543,0.27616926503340755,11.407572383073497,0.0507058172703558,-0.04393648779907645,"{""2019"": 0.016545903081704724, ""2020"": -0.02008310174031341, ""2021"": 0.0021938461271789355, ""2022"": -0.013057596213189061}","{""2019"": 1.909070122092568, ""2020"": 0.5038100659822508, ""2021"": 1.0920115102804624, ""2022"": 0.6223264990091733}"
500,0.8,downside_wick_fraction,discovery,2,449,0.0018698926390471066,-0.0192040384430945,1.0751275499387702,0.37193763919821826,0.1759465478841871,0.5701559020044543,0.25389755011135856,10.848552338530066,0.05055236751858604,-0.03878836458648,"{""2019"": 0.01129358609790864, ""2020"": 0.0032438591745464597, ""2021"": 0.006825454327441109, ""2022"": -0.011557895617532364}","{""2019"": 1.659460466418364, ""2020"": 1.1138252598629035, ""2021"": 1.3342366314431489, ""2022"": 0.6491317181599404}"
500,0.8,downside_wick_fraction,discovery,3,448,-0.0002584809631561059,-0.0210257488452696,0.9900300048969626,0.34151785714285715,0.17857142857142858,0.6004464285714286,0.22098214285714285,10.236607142857142,0.046502346951749075,-0.03876752098276718,"{""2019"": 0.011826695569862869, ""2020"": -0.00020074598701907308, ""2021"": 0.002455852020444342, ""2022"": -0.018529093985237985}","{""2019"": 1.625898974301282, ""2020"": 0.9936684590909775, ""2021"": 1.0975727742644976, ""2022"": 0.43219451327153574}"
500,0.8,downside_wick_fraction,discovery,4,448,-0.0018672594057643468,-0.02166699902638335,0.9269999921456185,0.33482142857142855,0.15848214285714285,0.6160714285714286,0.22544642857142858,10.444196428571429,0.04676289880507307,-0.039092451808079944,"{""2019"": 0.014333270909659388, ""2020"": -0.0010038931566952554, ""2021"": -0.0004643083793093332, ""2022"": -0.020292381653983033}","{""2019"": 1.8229098878585632, ""2020"": 0.967137735627469, ""2021"": 0.9810373945417928, ""2022"": 0.3789741111162729}"
500,0.8,downside_wick_fraction,discovery,5,449,-0.0051915310871769055,-0.0222792213859698,0.7968027537406601,0.3028953229398664,0.10244988864142539,0.6258351893095768,0.2717149220489978,10.42761692650334,0.046143263983574975,-0.038659739020411844,"{""2019"": 0.003681982562883871, ""2020"": 0.011528710564968925, ""2021"": -0.002650265180804047, ""2022"": -0.01970896103945327}","{""2019"": 1.1814064962329494, ""2020"": 1.5628420236960343, ""2021"": 0.8904171184772615, ""2022"": 0.38762626712114706}"
500,0.8,downside_wick_fraction,validation,1,384,0.021239539835956816,-0.0146219836949021,1.924557717389584,0.4036458333333333,0.1796875,0.53125,0.2890625,11.080729166666666,0.06895828276843415,-0.036401603195046116,"{""2023"": 0.005180982283818662, ""2024"": 0.004252894522413109, ""2025"": 0.06724746683053154, ""2026"": -0.015880028509544453}","{""2023"": 1.223553753538123, ""2024"": 1.1703622062107728, ""2025"": 4.622388994630948, ""2026"": 0.4552188155912004}"
500,0.8,downside_wick_fraction,validation,2,413,0.0010052857351387627,-0.018661729967455,1.042626186132007,0.36319612590799033,0.13317191283292978,0.5690072639225182,0.29782082324455206,10.905569007263923,0.04965000940207591,-0.03700560834640815,"{""2023"": 0.002257023509193051, ""2024"": -0.006625403567465901, ""2025"": 0.009287248234378416, ""2026"": 0.00037775094271794976}","{""2023"": 1.0916130633849097, ""2024"": 0.7550822610045692, ""2025"": 1.5069142019126043, ""2026"": 1.0166971729569387}"
500,0.8,downside_wick_fraction,validation,3,371,0.010941080833852153,-0.0095825693306691,1.546034882754857,0.42857142857142855,0.22911051212938005,0.5202156334231806,0.25067385444743934,11.005390835579515,0.05330588216565047,-0.03262487328199231,"{""2023"": 0.0223684850101963, ""2024"": 0.0005618933762524536, ""2025"": 0.012064322118534154, ""2026"": -0.0009581171598737668}","{""2023"": 2.3268266847120875, ""2024"": 1.025193244390742, ""2025"": 1.5937039450200063, ""2026"": 0.9590243798204474}"
500,0.8,downside_wick_fraction,validation,4,375,0.011056962656402915,-0.0181824942729456,1.4592870391256159,0.37066666666666664,0.176,0.608,0.216,10.445333333333334,0.05848310887056482,-0.03671942971678456,"{""2023"": -0.0033007821714778145, ""2024"": 0.035005324832251675, ""2025"": 0.00520600569870957, ""2026"": 0.00017749106738262248}","{""2023"": 0.8729160872106008, ""2024"": 2.480411655345364, ""2025"": 1.24281078580116, ""2026"": 1.0067399042549448}"
500,0.8,downside_wick_fraction,validation,5,350,0.0047976234968554595,-0.01767951459807585,1.2080994449068898,0.36857142857142855,0.18,0.58,0.24,10.725714285714286,0.050352344060039106,-0.035938234692657035,"{""2023"": 0.0018674208436232707, ""2024"": 0.001509060196662461, ""2025"": 0.009704751772459868, ""2026"": 0.016465506994514177}","{""2023"": 1.078671598225771, ""2024"": 1.0596269610451876, ""2025"": 1.4737733711807168, ""2026"": 1.884058540541627}"
500,0.8,volume_ratio20,discovery,1,430,-0.0001223942455538226,-0.01800423146784345,0.9949579060324449,0.3674418604651163,0.1325581395348837,0.5790697674418605,0.28837209302325584,11.067441860465117,0.048271577723059886,-0.037929813786760386,"{""2019"": 0.008365959655040658, ""2020"": 0.02611852696000695, ""2021"": -0.013648556547707772, ""2022"": -0.01297442747757767}","{""2019"": 1.4463641878892273, ""2020"": 2.39867355532267, ""2021"": 0.49408244302258736, ""2022"": 0.589602607823029}"
500,0.8,volume_ratio20,discovery,2,430,-0.001278456944849498,-0.0211271647569612,0.9520733093403541,0.34651162790697676,0.1511627906976744,0.6069767441860465,0.24186046511627907,11.193023255813953,0.049418131913420704,-0.04216131854776538,"{""2019"": 0.0013535603813058395, ""2020"": 0.0011570627773137352, ""2021"": 0.010491817727794681, ""2022"": -0.01284302925520654}","{""2019"": 1.060271166761457, ""2020"": 1.0408321352755232, ""2021"": 1.5204367634170353, ""2022"": 0.6258423896730021}"
500,0.8,volume_ratio20,discovery,3,428,-0.0007483743175539626,-0.019445172608928203,0.9698256358872028,0.34579439252336447,0.14719626168224298,0.5841121495327103,0.26869158878504673,10.876168224299066,0.05024552359448549,-0.03794815346742206,"{""2019"": 0.002454797046602406, ""2020"": 0.0029833002115292905, ""2021"": 0.0044765435651640175, ""2022"": -0.01163555158808599}","{""2019"": 1.1193249663382225, ""2020"": 1.1202091928750568, ""2021"": 1.1885368473356435, ""2022"": 0.6176830732274468}"
500,0.8,volume_ratio20,discovery,4,430,-0.009729511551009283,-0.025873956848567352,0.6555713422744842,0.2813953488372093,0.12790697674418605,0.6604651162790698,0.2116279069767442,9.669767441860465,0.0416665317368873,-0.04189991500410741,"{""2019"": 0.0025805317498260776, ""2020"": -0.008080410046444273, ""2021"": -0.0012165176993758145, ""2022"": -0.023515080678491625}","{""2019"": 1.148475056549914, ""2020"": 0.7625012885892346, ""2021"": 0.9491239275151268, ""2022"": 0.3191774385119026}"
500,0.8,volume_ratio20,discovery,5,430,-0.009814598178158862,-0.0270622208542587,0.6780304342723742,0.29069767441860467,0.13953488372093023,0.6511627906976745,0.20930232558139536,9.551162790697674,0.0421993950283979,-0.04380104812598055,"{""2019"": 0.0013080070559115776, ""2020"": -0.01846359813156389, ""2021"": 0.0052118516463032115, ""2022"": -0.020984950065644933}","{""2019"": 1.0613219305483879, ""2020"": 0.5481699280053817, ""2021"": 1.2165717758860777, ""2022"": 0.3678397407626604}"
500,0.8,volume_ratio20,validation,1,385,-0.0017410949466432806,-0.018945862275449,0.9280205221909512,0.34285714285714286,0.12727272727272726,0.6103896103896104,0.2623376623376623,10.506493506493506,0.04595745608638313,-0.03719164606497547,"{""2023"": -0.006102421039997538, ""2024"": -0.005350488444616318, ""2025"": 0.008288198158755283, ""2026"": 0.00027333559733742723}","{""2023"": 0.7711667672384132, ""2024"": 0.7749790974800196, ""2025"": 1.3820452229961104, ""2026"": 1.0113805880582831}"
500,0.8,volume_ratio20,validation,2,394,0.016133203774478494,-0.01414227590840925,1.7398072405607374,0.38578680203045684,0.1700507614213198,0.5558375634517766,0.27411167512690354,10.639593908629442,0.062206028573137534,-0.03306842765015047,"{""2023"": 0.00010236802296957978, ""2024"": 0.012495398100328445, ""2025"": 0.0450641060612513, ""2026"": -0.0038426668459389255}","{""2023"": 1.0041470833928088, ""2024"": 1.6145777890080113, ""2025"": 3.1959941170790196, ""2026"": 0.8151852305185927}"
500,0.8,volume_ratio20,validation,3,368,0.01571382333942986,-0.0139537304163872,1.7456370233093603,0.4076086956521739,0.1956521739130435,0.5217391304347826,0.2826086956521739,10.97554347826087,0.06158642880844051,-0.03432696583750252,"{""2023"": 0.013038940526317115, ""2024"": -0.0014389429804906252, ""2025"": 0.04198213779185731, ""2026"": 0.004590424871743495}","{""2023"": 1.6109214260901534, ""2024"": 0.9411547280434018, ""2025"": 3.6554173127288454, ""2026"": 1.1890246793935906}"
500,0.8,volume_ratio20,validation,4,390,0.005299875318949165,-0.0156079621067109,1.243773210376792,0.3923076923076923,0.2,0.5692307692307692,0.23076923076923078,10.733333333333333,0.048641530721888544,-0.03495893493857136,"{""2023"": 0.015139115350041367, ""2024"": -0.0019482952586568078, ""2025"": 0.008588766296509554, ""2026"": -0.012557133956734886}","{""2023"": 1.7445887812416156, ""2024"": 0.9241658499560408, ""2025"": 1.4752252287658767, ""2026"": 0.5235489867621013}"
500,0.8,volume_ratio20,validation,5,356,0.013820329828770081,-0.020585153133840052,1.549527551326417,0.40730337078651685,0.20224719101123595,0.547752808988764,0.25,11.379213483146067,0.06314495607570655,-0.03960526928199155,"{""2023"": 0.006991715229838568, ""2024"": 0.028048084084749726, ""2025"": 0.007696865082387661, ""2026"": 0.004781382132890412}","{""2023"": 1.3380200237299986, ""2024"": 1.9201005928440498, ""2025"": 1.3378574861345185, ""2026"": 1.1818609043945738}"
500,0.8,gap_share_of_negative_move,discovery,2,482,-1.3451858064419618e-05,-0.020154396353517602,0.9994735658691318,0.3651452282157676,0.15975103734439833,0.5809128630705395,0.25933609958506226,10.902489626556017,0.04822724233650192,-0.041089729225556704,"{""2019"": 0.011905089479340734, ""2020"": -0.0031175411758426466, ""2021"": 0.005837797855222798, ""2022"": -0.016922900518621737}","{""2019"": 1.660936260156061, ""2020"": 0.9007250587163386, ""2021"": 1.253616796785518, ""2022"": 0.4778786126741071}"
500,0.8,gap_share_of_negative_move,discovery,3,241,0.011791303319033372,-0.0139312340783568,1.52634757477347,0.44398340248962653,0.1991701244813278,0.5062240663900415,0.2946058091286307,11.780082987551868,0.05712503438301744,-0.03602427485170349,"{""2019"": 0.024806047426336814, ""2020"": -0.014762125105553407, ""2021"": 0.018523697853357852, ""2022"": 0.004094332672273948}","{""2019"": 2.561150098385098, ""2020"": 0.5626455187545149, ""2021"": 1.9904431940385896, ""2022"": 1.1445044365385715}"
500,0.8,gap_share_of_negative_move,discovery,4,241,0.0015822570579267594,-0.0191892905835251,1.063584385712305,0.35684647302904565,0.17012448132780084,0.5684647302904564,0.26141078838174275,10.560165975103734,0.05002062417726467,-0.03844303293812692,"{""2019"": 0.00926079804563709, ""2020"": 0.007302581230083839, ""2021"": 0.0010406208823249736, ""2022"": -0.012963849605262801}","{""2019"": 1.4662836767417051, ""2020"": 1.2353437001420737, ""2021"": 1.0438998386696705, ""2022"": 0.5372542243129668}"
500,0.8,gap_share_of_negative_move,discovery,5,242,-0.007780477938959528,-0.026694495885601,0.7367490051597603,0.30991735537190085,0.13636363636363635,0.6487603305785123,0.21487603305785125,10.086776859504132,0.04791247089390783,-0.04161932384776978,"{""2019"": 0.00291876407337709, ""2020"": -0.009270735952340067, ""2021"": -0.016034229753547055, ""2022"": -0.01119635294081187}","{""2019"": 1.1434814948530756, ""2020"": 0.745157898296083, ""2021"": 0.47513241700236053, ""2022"": 0.6677498465021112}"
500,0.8,gap_share_of_negative_move,validation,2,450,-0.0001021329288950786,-0.0188865507225198,0.9959197632940612,0.3466666666666667,0.16666666666666666,0.6022222222222222,0.2311111111111111,10.44,0.04916476979590618,-0.03851247826494293,"{""2023"": 0.014680758846160932, ""2024"": -0.012208495655191621, ""2025"": -0.0003946005494734922, ""2026"": -0.002828843930317787}","{""2023"": 1.7188298717011796, ""2024"": 0.5985062973905512, ""2025"": 0.9837966000002618, ""2026"": 0.8797983544595139}"
500,0.8,gap_share_of_negative_move,validation,3,179,0.024066082217337,-0.0208847294345604,2.0297146021647654,0.3687150837988827,0.17318435754189945,0.5754189944134078,0.25139664804469275,10.553072625698324,0.07172982360982758,-0.03746661319868619,"{""2023"": 0.000941011444317052, ""2024"": 0.07768968206653933, ""2025"": 0.0071258961562749926, ""2026"": -0.001998567163239053}","{""2023"": 1.03590212329325, ""2024"": 3.9977351842544064, ""2025"": 1.4009555816068755, ""2026"": 0.9165650527884986}"
500,0.8,gap_share_of_negative_move,validation,4,174,0.013830504853865038,-0.00010547883926780005,1.684253434071215,0.5,0.25862068965517243,0.4540229885057471,0.28735632183908044,12.166666666666666,0.05528033903366778,-0.03356223652690847,"{""2023"": 0.004704157422040391, ""2024"": -0.004839772054996489, ""2025"": 0.03494604049719112, ""2026"": 0.04000509325957861}","{""2023"": 1.2356571221162156, ""2024"": 0.829266315067315, ""2025"": 3.3516924399789563, ""2026"": 3.960445325210806}"
500,0.8,gap_share_of_negative_move,validation,5,219,0.0327831566494423,-0.0173504861474823,2.440158448113056,0.3561643835616438,0.1415525114155251,0.593607305936073,0.2648401826484018,10.922374429223744,0.08191136593310888,-0.03467994209579075,"{""2023"": 0.0024537697481491535, ""2024"": 0.004753491633797296, ""2025"": 0.11706700762500886, ""2026"": 0.004670421396194124}","{""2023"": 1.107585526364764, ""2024"": 1.2150944058620994, ""2025"": 5.644921828966062, ""2026"": 1.2568526484124392}"
