year,rank_cap,target_fraction,state_dimension,state,portfolio_lane,total_return,max_drawdown,sharpe,avg_exposure,completed_trades,profit_factor,mean_trade,period
2019,300,0.6,ALL,ALL,baseline,0.1490017230463298,-0.0609820249771355,1.4084559605722349,0.6073291936512016,221,1.9027957751982685,0.0140337327962955,discovery
2019,300,0.6,trend,ABOVE_MA200,include,0.007407812233491,-0.025970987172538,0.324919501383527,0.1025603050667155,23,1.267810814675265,0.0032357613141194,discovery
2019,300,0.6,trend,ABOVE_MA200,exclude,0.1462148090139114,-0.0609820249771355,1.4166407845493345,0.5166126106023239,200,1.969823750724868,0.0153522855591797,discovery
2019,300,0.6,vol_regime,HIGH_GE_70PCT,include,0.046817199345569,-0.0529165453518479,0.6965021269478358,0.2409102130528148,98,1.909772605277144,0.0129299141311226,discovery
2019,300,0.6,vol_regime,HIGH_GE_70PCT,exclude,0.0919099942844892,-0.0798688285758963,1.1611932359364356,0.4117297700011517,134,1.85649246527436,0.0143248516635684,discovery
2019,300,0.6,vol_regime,LOW_LE_30PCT,include,-0.0317547193486796,-0.0499558030136607,-0.8200621516576616,0.1094184721555926,27,0.4986059459761993,-0.0117301391345246,discovery
2019,300,0.6,vol_regime,LOW_LE_30PCT,exclude,0.1461476514288109,-0.0597924274275905,1.416552089478397,0.5214551259426975,201,2.00073258889073,0.0155589743326964,discovery
2019,300,0.6,vol_regime,MID_30_TO_70PCT,include,-0.0552346620328011,-0.0599943689508283,-1.2975898494238385,0.1068647372309281,38,0.4936181285308167,-0.0141507018186219,discovery
2019,300,0.6,vol_regime,MID_30_TO_70PCT,exclude,0.171352057396442,-0.065772978863756,1.6755146845603863,0.557419287420675,196,2.150309808496404,0.0171018151763987,discovery
2019,300,0.6,dd_regime,MEDIUM_-5_TO_-10PCT,include,0.0620940375395502,-0.0126152134301223,1.8380425971083765,0.0442839110199382,13,12.052062038998338,0.0475996096317533,discovery
2019,300,0.6,dd_regime,MEDIUM_-5_TO_-10PCT,exclude,0.128962599014885,-0.0738484350796325,1.267721259050651,0.5986200601736604,216,1.7966677849685535,0.0126431151437744,discovery
2019,300,0.6,dd_regime,SHALLOW_GT_-5PCT,include,-0.0351307396570309,-0.0764591578888519,-0.3916324296791617,0.4108320532373938,151,1.0533291868594543,0.0010253121233681,discovery
2019,300,0.6,dd_regime,SHALLOW_GT_-5PCT,exclude,0.2362435881568452,-0.0344507042005169,3.297302199366697,0.2373838032452603,80,5.5541955247336965,0.0393019221283067,discovery
2019,300,0.6,abs_regime,CALM_UPTREND,include,-0.0210395773004044,-0.0737679185351489,-0.3372385549004121,0.1935363724024636,53,0.8388164604619237,-0.0035877711984163,discovery
2019,300,0.6,abs_regime,CALM_UPTREND,exclude,0.1418253313185611,-0.058125091723455,1.5333003083614478,0.452561159263801,177,2.217969715271306,0.0177723315166362,discovery
2019,300,0.6,abs_regime,CALM_WEAK,include,0.0038386248806629,-0.0013673140971397,1.2646020939610263,0.0016045454808547,1,,0.03838624880663,discovery
2019,300,0.6,abs_regime,CALM_WEAK,exclude,0.1445743812879709,-0.0646013151436105,1.3726119367538645,0.6057288033946153,220,1.8916220055225563,0.013923039541703,discovery
2019,300,0.6,abs_regime,STRESS_REVERSAL,include,0.0308210603334897,-0.052916545351848,0.4887228500491927,0.2103264004291344,92,1.8311512454760603,0.0118258574439174,discovery
2019,300,0.6,abs_regime,STRESS_REVERSAL,exclude,0.1792748576513831,-0.0482054697814577,1.923787807124028,0.4577162033212776,141,2.2840061274985257,0.0190412656536037,discovery
2019,300,0.6,abs_regime,VOLATILE_UPTREND,include,0.0580596842387506,-0.0309813880304417,0.884431713668771,0.2389259859468313,54,1.6326846201359455,0.012287930819315,discovery
2019,300,0.6,abs_regime,VOLATILE_UPTREND,exclude,0.1088301018880839,-0.0625839544714926,1.1771697304589568,0.4620709824998006,186,1.997461699623978,0.0149824374959703,discovery
2019,300,0.6,trend_x_vol,ABOVE_MA200|HIGH_GE_70PCT,include,0.0003285709676428,-0.0108546201690344,0.0322725139178552,0.0261931006061483,6,1.0633387123053524,0.0005609116667245,discovery
2019,300,0.6,trend_x_vol,ABOVE_MA200|HIGH_GE_70PCT,exclude,0.1504764082677683,-0.0609820249771355,1.4191931213841822,0.6009300104020482,218,1.907718761297982,0.0142575327357213,discovery
2019,300,0.6,trend_x_vol,ABOVE_MA200|LOW_LE_30PCT,include,0.0064972850140248,-0.0208619344562108,0.3791611080407205,0.0608073371977446,11,1.6667913684767528,0.0059075524237593,discovery
2019,300,0.6,trend_x_vol,ABOVE_MA200|LOW_LE_30PCT,exclude,0.1427439309800997,-0.0609820249771355,1.3725082535670403,0.5486942719955954,211,1.9156184018147016,0.0144398504508842,discovery
2019,300,0.6,trend_x_vol,ABOVE_MA200|MID_30_TO_70PCT,include,-0.0044491662201695,-0.0159940993165818,-0.3161117007742262,0.0253552780537591,8,0.7525003057175947,-0.005483439540397,discovery
2019,300,0.6,trend_x_vol,ABOVE_MA200|MID_30_TO_70PCT,exclude,0.1459352557688777,-0.0609820249771355,1.3888607920196632,0.5935239664943032,215,1.9200840674619424,0.0142719764948303,discovery
2019,300,0.6,trend_x_dd,ABOVE_MA200|SHALLOW_GT_-5PCT,include,0.007407812233491,-0.025970987172538,0.324919501383527,0.1025603050667155,23,1.267810814675265,0.0032357613141194,discovery
2019,300,0.6,trend_x_dd,ABOVE_MA200|SHALLOW_GT_-5PCT,exclude,0.1462148090139114,-0.0609820249771355,1.4166407845493345,0.5166126106023239,200,1.969823750724868,0.0153522855591797,discovery
2019,300,0.8,ALL,ALL,baseline,0.1368335124445978,-0.0645586598547446,1.323635809020225,0.6642218663592484,201,1.880208252476269,0.0154267520602449,discovery
2019,300,0.8,trend,ABOVE_MA200,include,0.0047309677530824,-0.0226848031155109,0.2235261242175231,0.1161472115742211,23,1.141740189686114,0.0020073795732967,discovery
2019,300,0.8,trend,ABOVE_MA200,exclude,0.1364561412121365,-0.0645586598547446,1.351190549863031,0.5591413320333463,180,1.9597057593257703,0.0170909711243421,discovery
2019,300,0.8,vol_regime,HIGH_GE_70PCT,include,0.0266078286139115,-0.0480662294986578,0.410876713678197,0.2720645656016991,84,1.4921206101207545,0.0085052543593945,discovery
2019,300,0.8,vol_regime,HIGH_GE_70PCT,exclude,0.0693703358194379,-0.0922130931493347,0.9172476703876724,0.4621666960480756,130,2.053975342857431,0.0188417015247741,discovery
2019,300,0.8,vol_regime,LOW_LE_30PCT,include,-0.038274702144198,-0.0541195427523962,-0.9322609539826142,0.1274005601917244,27,0.4347455320435869,-0.0142257630289137,discovery
2019,300,0.8,vol_regime,LOW_LE_30PCT,exclude,0.1306818381974241,-0.0704706993127556,1.3147467842584375,0.5754094466826012,183,2.04524099997219,0.0181170808106266,discovery
2019,300,0.8,vol_regime,MID_30_TO_70PCT,include,-0.0662378308638304,-0.0752353299016027,-1.7756420248943772,0.1225851512564892,38,0.4436239836371285,-0.0162372163994913,discovery
2019,300,0.8,vol_regime,MID_30_TO_70PCT,exclude,0.1494135095357647,-0.0692654586208326,1.468917811845628,0.6085784969104756,176,2.0952005080749445,0.0186765698812075,discovery
2019,300,0.8,dd_regime,MEDIUM_-5_TO_-10PCT,include,0.0693068369288298,-0.0165655930763677,1.7733283091221876,0.0658257177400286,13,13.30643736610406,0.0530020201223252,discovery
2019,300,0.8,dd_regime,MEDIUM_-5_TO_-10PCT,exclude,0.1395626425123206,-0.0630255565306578,1.3170819202045478,0.6645389237548075,209,2.0419025307582563,0.0172659384610532,discovery
2019,300,0.8,dd_regime,SHALLOW_GT_-5PCT,include,-0.0224312546612115,-0.0668286492449828,-0.2168273126875486,0.4625544837416239,147,1.1262128157759996,0.0025157684615955,discovery
2019,300,0.8,dd_regime,SHALLOW_GT_-5PCT,exclude,0.2492868907574168,-0.034278855415999,3.339988071349502,0.2736985468224672,75,7.964798013754875,0.0526664360967005,discovery
2019,300,0.8,abs_regime,CALM_UPTREND,include,-0.0362921168904084,-0.0938951225268672,-0.5680702586657258,0.2220143202718893,52,0.7276813310805457,-0.0065211271044864,discovery
2019,300,0.8,abs_regime,CALM_UPTREND,exclude,0.1215268635100694,-0.0627846504020156,1.3852104866522534,0.4980093836029409,160,2.2884587186599075,0.0208899090769811,discovery
2019,300,0.8,abs_regime,CALM_WEAK,include,0.0068985460883979,-0.003738122718137,0.9620825594702196,0.0065233684336905,1,,0.0689854608839781,discovery
2019,300,0.8,abs_regime,CALM_WEAK,exclude,0.1315643110114259,-0.0700606202149958,1.2824769065899468,0.6645798097650203,200,1.860625557958974,0.0151589585161262,discovery
2019,300,0.8,abs_regime,STRESS_REVERSAL,include,0.0372791830317051,-0.0480662294986576,0.5757935543285451,0.2408444571611297,75,1.611694703332849,0.0101095557282494,discovery
2019,300,0.8,abs_regime,STRESS_REVERSAL,exclude,0.1604687585550162,-0.0592473200163869,1.7576443806049764,0.5104533064645855,133,2.46651458492589,0.0229885371468922,discovery
2019,300,0.8,abs_regime,VOLATILE_UPTREND,include,0.0392603845861225,-0.0383860767476151,0.6299697918539764,0.2769250762921558,49,1.3863284103555231,0.0080754795253529,discovery
2019,300,0.8,abs_regime,VOLATILE_UPTREND,exclude,0.1019126677364468,-0.0642207533353637,1.092998069532818,0.5131779950162103,169,2.0490830523427914,0.0174068565445816,discovery
2019,300,0.8,trend_x_vol,ABOVE_MA200|HIGH_GE_70PCT,include,-0.0018371595944794,-0.0138800240027776,-0.1322520793150482,0.0294885123752252,6,0.6557445724348117,-0.0030486392701458,discovery
2019,300,0.8,trend_x_vol,ABOVE_MA200|HIGH_GE_70PCT,exclude,0.1398674347376256,-0.0645586598547446,1.3476508845874513,0.6598445335906065,198,1.8849362658745807,0.0156942644066422,discovery
2019,300,0.8,trend_x_vol,ABOVE_MA200|LOW_LE_30PCT,include,-0.0009969225262639,-0.0208976591960157,-0.0447728533221251,0.0641838983986075,11,0.932272603639336,-0.0008946124680204,discovery
2019,300,0.8,trend_x_vol,ABOVE_MA200|LOW_LE_30PCT,exclude,0.1391788898113783,-0.0645586598547446,1.3643387147533224,0.6023125543519444,191,1.926885600845998,0.0163400757857282,discovery
2019,300,0.8,trend_x_vol,ABOVE_MA200|MID_30_TO_70PCT,include,0.0023660778751675,-0.0080013146893467,0.2042272366982846,0.0385315542064782,8,1.1374433012699745,0.0030451028835879,discovery
2019,300,0.8,trend_x_vol,ABOVE_MA200|MID_30_TO_70PCT,exclude,0.1276716294090873,-0.0645586598547446,1.2472831541992644,0.6394062590037168,195,1.876456576936344,0.0153824042211516,discovery
2019,300,0.8,trend_x_dd,ABOVE_MA200|SHALLOW_GT_-5PCT,include,0.0047309677530824,-0.0226848031155109,0.2235261242175231,0.1161472115742211,23,1.141740189686114,0.0020073795732967,discovery
2019,300,0.8,trend_x_dd,ABOVE_MA200|SHALLOW_GT_-5PCT,exclude,0.1364561412121365,-0.0645586598547446,1.351190549863031,0.5591413320333463,180,1.9597057593257703,0.0170909711243421,discovery
2019,500,0.6,ALL,ALL,baseline,0.1196176818236265,-0.0830240426300666,1.0238168912466157,0.730671477939417,328,1.3910411683091894,0.0070857723615066,discovery
2019,500,0.6,trend,ABOVE_MA200,include,0.0095496712719966,-0.0370378651707797,0.312391031367483,0.1308645647478768,50,1.0491528078493502,0.0007340641947835,discovery
2019,500,0.6,trend,ABOVE_MA200,exclude,0.0954206134093298,-0.0830240426300666,0.868572672199747,0.616352422472146,282,1.4350083754045575,0.0081150731114157,discovery
2019,500,0.6,vol_regime,HIGH_GE_70PCT,include,0.0458033097052201,-0.0495172719939078,0.6078164984446217,0.3028627685392462,161,1.7100924078624875,0.0105398302844799,discovery
2019,500,0.6,vol_regime,HIGH_GE_70PCT,exclude,0.03232539040607,-0.1074645520730899,0.3875269143121153,0.5143004663333907,187,1.1847615310596238,0.0038884924390458,discovery
2019,500,0.6,vol_regime,LOW_LE_30PCT,include,-0.0616453799011691,-0.08060862122149,-1.201999565204128,0.1529536050671499,44,0.4501923423628378,-0.0129884374538118,discovery
2019,500,0.6,vol_regime,LOW_LE_30PCT,exclude,0.1403530185116228,-0.0686593236533886,1.2336474253755092,0.6227845476726964,286,1.5261994242631531,0.0094045879910409,discovery
2019,500,0.6,vol_regime,MID_30_TO_70PCT,include,-0.0176773266734522,-0.0503735028907891,-0.2576968375698591,0.1567611928113848,70,0.7973254226956372,-0.0048975820835299,discovery
2019,500,0.6,vol_regime,MID_30_TO_70PCT,exclude,0.0779345747501416,-0.0874118482616749,0.7409846660992309,0.689428016571314,280,1.4981782207925844,0.0087858182459383,discovery
2019,500,0.6,dd_regime,MEDIUM_-5_TO_-10PCT,include,0.0549196495511583,-0.0130443502355868,1.7131041375954963,0.0521726974085887,21,9.166683582344252,0.0361135013591486,discovery
2019,500,0.6,dd_regime,MEDIUM_-5_TO_-10PCT,exclude,0.0905753635643384,-0.0933280211543975,0.7963499897967166,0.7223441231826235,310,1.300433245469772,0.0055922275561936,discovery
2019,500,0.6,dd_regime,SHALLOW_GT_-5PCT,include,-0.0161738851167,-0.0908944555917644,-0.1030594672124578,0.512536581624441,249,1.0273364425636835,0.000536291723624,discovery
2019,500,0.6,dd_regime,SHALLOW_GT_-5PCT,exclude,0.1595609392087167,-0.0390554796281241,2.3427768660575574,0.2688515368840694,84,3.1213406714189844,0.0274726849571998,discovery
2019,500,0.6,abs_regime,CALM_UPTREND,include,-0.0749646062922564,-0.1163768003358745,-1.0472383083647914,0.2490526847469361,93,0.6408002104693844,-0.0089525422906656,discovery
2019,500,0.6,abs_regime,CALM_UPTREND,exclude,0.1407930372860826,-0.0571502360856028,1.3253943439917908,0.5437118360654888,246,1.7345646274101794,0.0121450271006336,discovery
2019,500,0.6,abs_regime,CALM_WEAK,include,0.0061327166046896,-0.0041408044431139,0.8899557824852923,0.0108658868909913,4,3.4782175827725594,0.0153145721844965,discovery
2019,500,0.6,abs_regime,CALM_WEAK,exclude,0.1132097917594352,-0.0865489944341069,0.978036488339562,0.7280586549091018,326,1.3879330280249125,0.0070476452158053,discovery
2019,500,0.6,abs_regime,STRESS_REVERSAL,include,0.0422473774000282,-0.0495172719939078,0.6018520320563517,0.2270210544129847,146,1.821000091706156,0.011291776176039,discovery
2019,500,0.6,abs_regime,STRESS_REVERSAL,exclude,0.1007979445765367,-0.0730060004821158,0.9751835148670072,0.5924072126909542,186,1.3870451087541205,0.0077632351094489,discovery
2019,500,0.6,abs_regime,VOLATILE_UPTREND,include,0.0610362354601663,-0.0375397783333509,0.7801467631810155,0.315698839314766,85,1.267666692098829,0.0060925589702641,discovery
2019,500,0.6,abs_regime,VOLATILE_UPTREND,exclude,0.0734874859344423,-0.0976346212191545,0.7001356047897032,0.5645916691583424,266,1.4851317531200612,0.0082649955941731,discovery
2019,500,0.6,trend_x_vol,ABOVE_MA200|HIGH_GE_70PCT,include,0.0102476982028389,-0.0164715354083943,0.4824965918598811,0.0461551158957286,14,1.779461761680369,0.0074268075878572,discovery
2019,500,0.6,trend_x_vol,ABOVE_MA200|HIGH_GE_70PCT,exclude,0.1035251214130443,-0.0830240426300666,0.8921796607147569,0.721011593634502,322,1.3898823993262674,0.0071535851006003,discovery
2019,500,0.6,trend_x_vol,ABOVE_MA200|LOW_LE_30PCT,include,0.0053439117042253,-0.0228427129679223,0.2495938239606582,0.0764476626898125,18,1.6403420992236288,0.0056957088948821,discovery
2019,500,0.6,trend_x_vol,ABOVE_MA200|LOW_LE_30PCT,exclude,0.1106650165089069,-0.0830240426300666,0.9617650283300132,0.6594840566158359,305,1.4070585216294835,0.0075153629501028,discovery
2019,500,0.6,trend_x_vol,ABOVE_MA200|MID_30_TO_70PCT,include,0.0007027315076248,-0.0230417523369241,0.0395321269073493,0.0437040748601404,17,0.8788419903061777,-0.0025794051675569,discovery
2019,500,0.6,trend_x_vol,ABOVE_MA200|MID_30_TO_70PCT,exclude,0.1196461617147419,-0.0830240426300666,1.0378799992624697,0.7181160689133167,313,1.4452996759362624,0.0079280000991755,discovery
2019,500,0.6,trend_x_dd,ABOVE_MA200|SHALLOW_GT_-5PCT,include,0.0095496712719966,-0.0370378651707797,0.312391031367483,0.1308645647478768,50,1.0491528078493502,0.0007340641947835,discovery
2019,500,0.6,trend_x_dd,ABOVE_MA200|SHALLOW_GT_-5PCT,exclude,0.0954206134093298,-0.0830240426300666,0.868572672199747,0.616352422472146,282,1.4350083754045575,0.0081150731114157,discovery
2019,500,0.8,ALL,ALL,baseline,0.1000352249157083,-0.0898296500524629,0.8994643963000526,0.771095056071832,299,1.5069008344406398,0.0097653309563755,discovery
2019,500,0.8,trend,ABOVE_MA200,include,0.0266268646753873,-0.0279771867361365,0.9194556239374092,0.139808798891757,46,1.3815538156454086,0.005340036289278,discovery
2019,500,0.8,trend,ABOVE_MA200,exclude,0.0724921635757671,-0.0898296500524629,0.6959602431631353,0.6497147137856859,255,1.5306941630027224,0.0104746184071647,discovery
2019,500,0.8,vol_regime,HIGH_GE_70PCT,include,0.0407141341479859,-0.0526292312727453,0.5580985170858391,0.3145970671402729,149,2.166109014477691,0.0178526629519026,discovery
2019,500,0.8,vol_regime,HIGH_GE_70PCT,exclude,0.0336385583794422,-0.126101894263787,0.4214505270045649,0.5549101439858021,172,1.010666286534448,0.0002461254685772,discovery
2019,500,0.8,vol_regime,LOW_LE_30PCT,include,-0.0649834807105036,-0.084276809272346,-1.1753097908907588,0.1749973555694131,44,0.4241419504673565,-0.0142299932627549,discovery
2019,500,0.8,vol_regime,LOW_LE_30PCT,exclude,0.1190326155636771,-0.068096237914013,1.1129886508140396,0.6680110339027572,264,1.6240000803941503,0.0119215823482901,discovery
2019,500,0.8,vol_regime,MID_30_TO_70PCT,include,-0.0461632622892829,-0.0790536784888488,-0.8852606188220973,0.18434450322798,65,0.5910955278759958,-0.01097148877026,discovery
2019,500,0.8,vol_regime,MID_30_TO_70PCT,exclude,0.0838777815695723,-0.0986306670806178,0.7904335974879284,0.7270294505028776,259,1.6185709417328418,0.0115867941888576,discovery
2019,500,0.8,dd_regime,MEDIUM_-5_TO_-10PCT,include,0.0652145259134147,-0.0155442516723544,1.774376333327064,0.0703315488265448,21,10.539334597351196,0.042183435843112,discovery
2019,500,0.8,dd_regime,MEDIUM_-5_TO_-10PCT,exclude,0.0848757658031151,-0.0967454913178402,0.7725995921610904,0.7685224872187322,282,1.3211497269429229,0.0064930918227818,discovery
2019,500,0.8,dd_regime,SHALLOW_GT_-5PCT,include,-0.0487056771071292,-0.1059759965003206,-0.4413245910341935,0.555337322192065,229,1.091423009175643,0.0019412662928931,discovery
2019,500,0.8,dd_regime,SHALLOW_GT_-5PCT,exclude,0.1984920415381579,-0.0342383459879871,2.760660707699453,0.3017477793757866,74,3.433082589037105,0.0306875050206265,discovery
2019,500,0.8,abs_regime,CALM_UPTREND,include,-0.1206582028868876,-0.1574598185220859,-1.5389436042815037,0.297895045036155,94,0.4355082678783302,-0.0153123252763581,discovery
2019,500,0.8,abs_regime,CALM_UPTREND,exclude,0.1552296411864437,-0.0629088089719099,1.4534046800622562,0.5961283561133035,217,2.149405302527347,0.0190930850783426,discovery
2019,500,0.8,abs_regime,CALM_WEAK,include,0.0113177394460664,-0.0041408044431139,1.1212716987387508,0.017030560104392,4,5.56757872676641,0.028226139062889,discovery
2019,500,0.8,abs_regime,CALM_WEAK,exclude,0.0931966560713464,-0.096261060954651,0.8477938790733003,0.7677505010692838,305,1.453845897154607,0.0088186545470193,discovery
2019,500,0.8,abs_regime,STRESS_REVERSAL,include,0.0656279857732937,-0.0526292312727451,0.8678634122887624,0.2543531175136324,131,2.496381653631296,0.0199946434788698,discovery
2019,500,0.8,abs_regime,STRESS_REVERSAL,exclude,0.1350793695980863,-0.0692345372295327,1.2392042041248446,0.6225859665594639,167,1.2702648400451797,0.0058739276671789,discovery
2019,500,0.8,abs_regime,VOLATILE_UPTREND,include,0.0711185232715856,-0.0476832258764092,0.8714755765661074,0.3611505571860409,72,1.3425158753613091,0.0079269359484012,discovery
2019,500,0.8,abs_regime,VOLATILE_UPTREND,exclude,0.064676105319273,-0.0902109206546621,0.6160745660786654,0.6254664053744653,239,1.6153524686377077,0.0112151584576935,discovery
2019,500,0.8,trend_x_vol,ABOVE_MA200|HIGH_GE_70PCT,include,0.0183454975439372,-0.0148194849858479,0.8430894143277691,0.0555781955600056,14,2.387310253891475,0.0132184628250414,discovery
2019,500,0.8,trend_x_vol,ABOVE_MA200|HIGH_GE_70PCT,exclude,0.102995146973652,-0.0898296500524629,0.9233727824709436,0.7588923893376465,292,1.4969544584648429,0.0096390505739164,discovery
2019,500,0.8,trend_x_vol,ABOVE_MA200|LOW_LE_30PCT,include,0.0007697586774406,-0.0228086489465439,0.0440148764455233,0.0796413294418712,18,1.1830386985966563,0.0021145958001135,discovery
2019,500,0.8,trend_x_vol,ABOVE_MA200|LOW_LE_30PCT,exclude,0.0899460208414109,-0.0898296500524629,0.8266015458053025,0.704829818526986,276,1.538157910566318,0.0105291221693712,discovery
2019,500,0.8,trend_x_vol,ABOVE_MA200|MID_30_TO_70PCT,include,0.014047728743574,-0.0126028928210182,0.6381964265579139,0.0590102982322572,14,1.6863926077579674,0.0116721322456613,discovery
2019,500,0.8,trend_x_vol,ABOVE_MA200|MID_30_TO_70PCT,exclude,0.0942105525014618,-0.0898296500524629,0.8578570115820128,0.7578394877723397,283,1.547907649348367,0.0103752414228332,discovery
2019,500,0.8,trend_x_dd,ABOVE_MA200|SHALLOW_GT_-5PCT,include,0.0266268646753873,-0.0279771867361365,0.9194556239374092,0.139808798891757,46,1.3815538156454086,0.005340036289278,discovery
2019,500,0.8,trend_x_dd,ABOVE_MA200|SHALLOW_GT_-5PCT,exclude,0.0724921635757671,-0.0898296500524629,0.6959602431631353,0.6497147137856859,255,1.5306941630027224,0.0104746184071647,discovery
2020,300,0.6,ALL,ALL,baseline,-0.094937752527957,-0.2008428831663984,-0.7970554151123117,0.254509524880982,129,0.804684015841263,-0.0058980582703031,discovery
2020,300,0.6,trend,ABOVE_MA200,include,-0.0698009253728245,-0.1693275108321126,-0.5990940876282717,0.25089932959926,122,0.8563739226079671,-0.0040776275318067,discovery
2020,300,0.6,trend,ABOVE_MA200,exclude,-0.0270230618808202,-0.0431829367463553,-0.7172045242889563,0.0036101952817219,7,0.3900855804789294,-0.0376255654269549,discovery
2020,300,0.6,trend,BELOW_MA200,include,-0.0270230618808202,-0.0431829367463553,-0.7172045242889563,0.0036101952817219,7,0.3900855804789294,-0.0376255654269549,discovery
2020,300,0.6,trend,BELOW_MA200,exclude,-0.0698009253728245,-0.1693275108321126,-0.5990940876282717,0.25089932959926,122,0.8563739226079671,-0.0040776275318067,discovery
2020,300,0.6,vol_regime,HIGH_GE_70PCT,include,-0.1630097078542149,-0.1791252318416739,-1.8005439549391926,0.0547088176007268,38,0.1363880770178745,-0.0466281964165516,discovery
2020,300,0.6,vol_regime,HIGH_GE_70PCT,exclude,0.0534932038871762,-0.0579395566033087,0.8154503271899989,0.2208017792840291,96,1.4318117982203429,0.0089808038759967,discovery
2020,300,0.6,vol_regime,LOW_LE_30PCT,include,-0.0203887680702981,-0.034283300291398,-0.9404000713754012,0.0552618246420769,15,0.4408578836075479,-0.0135123353352336,discovery
2020,300,0.6,vol_regime,LOW_LE_30PCT,exclude,-0.0780449314308481,-0.1888225818770805,-0.6457268555445455,0.2115314160035433,116,0.8485086653203403,-0.0046139391483664,discovery
2020,300,0.6,vol_regime,MID_30_TO_70PCT,include,0.0746906561052576,-0.037509346454627,1.167666907821724,0.1771142460152554,83,1.6656767181098726,0.0131059005753527,discovery
2020,300,0.6,vol_regime,MID_30_TO_70PCT,exclude,-0.1800013645701459,-0.2001050608488643,-1.957533859912144,0.1099286536626705,53,0.1821044712547349,-0.0372557829029711,discovery
2020,300,0.6,dd_regime,DEEP_LE_-10PCT,include,-0.0270230618808202,-0.0431829367463553,-0.7172045242889563,0.0036101952817219,7,0.3900855804789294,-0.0376255654269549,discovery
2020,300,0.6,dd_regime,DEEP_LE_-10PCT,exclude,-0.0698009253728245,-0.1693275108321126,-0.5990940876282717,0.25089932959926,122,0.8563739226079671,-0.0040776275318067,discovery
2020,300,0.6,dd_regime,MEDIUM_-5_TO_-10PCT,include,-0.0460556507898106,-0.1103669598108419,-0.4623350184651639,0.0860540262502171,53,0.9302772219405696,-0.002276290872258,discovery
2020,300,0.6,dd_regime,MEDIUM_-5_TO_-10PCT,exclude,-0.0593681040885043,-0.1174131294409952,-0.8224004473826992,0.1925253780555899,87,0.7104383122732518,-0.0083124112153388,discovery
2020,300,0.6,dd_regime,SHALLOW_GT_-5PCT,include,-0.0332433801259545,-0.082607640936773,-0.5248469858966095,0.1889151827738679,80,0.7774082541899866,-0.0057475102218224,discovery
2020,300,0.6,dd_regime,SHALLOW_GT_-5PCT,exclude,-0.0718341479693762,-0.1401497210703691,-0.6966933049508313,0.089664221531939,60,0.822389424321449,-0.0064003729036394,discovery
2020,300,0.6,abs_regime,CALM_UPTREND,include,-0.0234222693300596,-0.034283300291398,-1.153181838001572,0.0452652453348523,13,0.3555816568810314,-0.0179690041633917,discovery
2020,300,0.6,abs_regime,CALM_UPTREND,exclude,-0.0687022093121486,-0.1888225818770805,-0.5565818462720806,0.214700982058981,117,0.8771914700118434,-0.0037083842764565,discovery
2020,300,0.6,abs_regime,STRESS_REVERSAL,include,-0.0766710517053724,-0.1401497210703693,-0.7558251356154878,0.0906920506676493,50,0.6755256710749842,-0.0128395881447607,discovery
2020,300,0.6,abs_regime,STRESS_REVERSAL,exclude,-0.0221350353727494,-0.0809198100290654,-0.3097875373082578,0.1972328221265898,86,0.8576981693706434,-0.0036820975365007,discovery
2020,300,0.6,abs_regime,VOLATILE_UPTREND,include,0.0056370649849861,-0.0691015021590295,0.1195472378372814,0.158023172334241,74,1.005533755440659,0.0001392995727651,discovery
2020,300,0.6,abs_regime,VOLATILE_UPTREND,exclude,-0.0983192807036528,-0.1630748373781871,-0.9731559942406036,0.1359526369378279,63,0.625984143442266,-0.0138980390692401,discovery
2020,300,0.6,trend_x_vol,ABOVE_MA200|HIGH_GE_70PCT,include,-0.1397634832293808,-0.1444149142357434,-1.6484290778397062,0.0510986223190049,31,0.0687566761870713,-0.0486610485754928,discovery
2020,300,0.6,trend_x_vol,ABOVE_MA200|HIGH_GE_70PCT,exclude,0.0250245918475102,-0.094587883998661,0.3618121757813906,0.2244119745657511,103,1.2465697503845374,0.0058133807194853,discovery
2020,300,0.6,trend_x_vol,ABOVE_MA200|LOW_LE_30PCT,include,-0.0203887680702981,-0.034283300291398,-0.9404000713754012,0.0552618246420769,15,0.4408578836075479,-0.0135123353352336,discovery
2020,300,0.6,trend_x_vol,ABOVE_MA200|LOW_LE_30PCT,exclude,-0.0780449314308481,-0.1888225818770805,-0.6457268555445455,0.2115314160035433,116,0.8485086653203403,-0.0046139391483664,discovery
2020,300,0.6,trend_x_vol,ABOVE_MA200|MID_30_TO_70PCT,include,0.0746906561052576,-0.037509346454627,1.167666907821724,0.1771142460152554,83,1.6656767181098726,0.0131059005753527,discovery
2020,300,0.6,trend_x_vol,ABOVE_MA200|MID_30_TO_70PCT,exclude,-0.1800013645701459,-0.2001050608488643,-1.957533859912144,0.1099286536626705,53,0.1821044712547349,-0.0372557829029711,discovery
2020,300,0.6,trend_x_vol,BELOW_MA200|HIGH_GE_70PCT,include,-0.0270230618808202,-0.0431829367463553,-0.7172045242889563,0.0036101952817219,7,0.3900855804789294,-0.0376255654269549,discovery
2020,300,0.6,trend_x_vol,BELOW_MA200|HIGH_GE_70PCT,exclude,-0.0698009253728245,-0.1693275108321126,-0.5990940876282717,0.25089932959926,122,0.8563739226079671,-0.0040776275318067,discovery
2020,300,0.6,trend_x_dd,ABOVE_MA200|MEDIUM_-5_TO_-10PCT,include,-0.0460556507898106,-0.1103669598108419,-0.4623350184651639,0.0860540262502171,53,0.9302772219405696,-0.002276290872258,discovery
2020,300,0.6,trend_x_dd,ABOVE_MA200|MEDIUM_-5_TO_-10PCT,exclude,-0.0593681040885043,-0.1174131294409952,-0.8224004473826992,0.1925253780555899,87,0.7104383122732518,-0.0083124112153388,discovery
2020,300,0.6,trend_x_dd,ABOVE_MA200|SHALLOW_GT_-5PCT,include,-0.0332433801259545,-0.082607640936773,-0.5248469858966095,0.1889151827738679,80,0.7774082541899866,-0.0057475102218224,discovery
2020,300,0.6,trend_x_dd,ABOVE_MA200|SHALLOW_GT_-5PCT,exclude,-0.0718341479693762,-0.1401497210703691,-0.6966933049508313,0.089664221531939,60,0.822389424321449,-0.0064003729036394,discovery
2020,300,0.6,trend_x_dd,BELOW_MA200|DEEP_LE_-10PCT,include,-0.0270230618808202,-0.0431829367463553,-0.7172045242889563,0.0036101952817219,7,0.3900855804789294,-0.0376255654269549,discovery
2020,300,0.6,trend_x_dd,BELOW_MA200|DEEP_LE_-10PCT,exclude,-0.0698009253728245,-0.1693275108321126,-0.5990940876282717,0.25089932959926,122,0.8563739226079671,-0.0040776275318067,discovery
2020,300,0.8,ALL,ALL,baseline,-0.0631851987467903,-0.2112737727282644,-0.4338855695549776,0.3164741526262633,129,0.8090229173236609,-0.0065329729791145,discovery
2020,300,0.8,trend,ABOVE_MA200,include,-0.0547395513318479,-0.1789000622685245,-0.3911281088939414,0.3057419671260765,120,0.8077029371150259,-0.0063794905998151,discovery
2020,300,0.8,trend,ABOVE_MA200,exclude,-0.0089347305568973,-0.0431829367463553,-0.199477276187383,0.0107321855001867,9,0.8211917758592848,-0.0085794047031073,discovery
2020,300,0.8,trend,BELOW_MA200,include,-0.0089347305568973,-0.0431829367463553,-0.199477276187383,0.0107321855001867,9,0.8211917758592848,-0.0085794047031073,discovery
2020,300,0.8,trend,BELOW_MA200,exclude,-0.0547395513318479,-0.1789000622685245,-0.3911281088939414,0.3057419671260765,120,0.8077029371150259,-0.0063794905998151,discovery
2020,300,0.8,vol_regime,HIGH_GE_70PCT,include,-0.1632789420283205,-0.1996807864150371,-1.567620206196184,0.0706964662896611,41,0.2209008974502849,-0.0450290323765018,discovery
2020,300,0.8,vol_regime,HIGH_GE_70PCT,exclude,0.0614255040401325,-0.0767320708068058,0.7770849011073327,0.2826303108209099,96,1.247069668755139,0.0064003224556883,discovery
2020,300,0.8,vol_regime,LOW_LE_30PCT,include,-0.0175051908288541,-0.0373165807237249,-0.6357037471112085,0.0668314012583736,15,0.5513625455873401,-0.0115525408605643,discovery
2020,300,0.8,vol_regime,LOW_LE_30PCT,exclude,-0.0479269819284698,-0.2004758446679453,-0.3108576305161494,0.2713437208698061,116,0.8471542220145903,-0.0052922612922383,discovery
2020,300,0.8,vol_regime,MID_30_TO_70PCT,include,0.07947160700428,-0.0617257020225796,1.0044551600827576,0.2371498561628483,83,1.396629176050166,0.0100381542355425,discovery
2020,300,0.8,vol_regime,MID_30_TO_70PCT,exclude,-0.1728628234001281,-0.214426249226367,-1.6351924804412052,0.1355292519576027,55,0.2727084507367823,-0.0357087653178104,discovery
2020,300,0.8,dd_regime,DEEP_LE_-10PCT,include,-0.0089347305568973,-0.0431829367463553,-0.199477276187383,0.0107321855001867,9,0.8211917758592848,-0.0085794047031073,discovery
2020,300,0.8,dd_regime,DEEP_LE_-10PCT,exclude,-0.0547395513318479,-0.1789000622685245,-0.3911281088939414,0.3057419671260765,120,0.8077029371150259,-0.0063794905998151,discovery
2020,300,0.8,dd_regime,MEDIUM_-5_TO_-10PCT,include,-0.044798760218899,-0.1195770955362279,-0.3788886669181296,0.1066956131967609,52,0.9203314779608518,-0.0029572339019312,discovery
2020,300,0.8,dd_regime,MEDIUM_-5_TO_-10PCT,exclude,-0.0311072976379015,-0.121773942639117,-0.3618889741266924,0.2422343630967293,87,0.7400582563991314,-0.0084781581834731,discovery
2020,300,0.8,dd_regime,SHALLOW_GT_-5PCT,include,-0.0223724589738303,-0.0857266614455571,-0.3022327063906953,0.2315021775965426,78,0.7254947530205196,-0.0084664758927461,discovery
2020,300,0.8,dd_regime,SHALLOW_GT_-5PCT,exclude,-0.0533332259239577,-0.1490515237403431,-0.4252811501536648,0.1174277986969477,61,0.9022066232867016,-0.0037867345119408,discovery
2020,300,0.8,abs_regime,CALM_UPTREND,include,-0.022712216902417,-0.0370248872047713,-1.0270764617068304,0.049335534291528,13,0.4122195356749226,-0.0174640529667253,discovery
2020,300,0.8,abs_regime,CALM_UPTREND,exclude,-0.0339603925133593,-0.2004758446679453,-0.1983662990808972,0.2753811791831226,117,0.8838270235073052,-0.0039880911477889,discovery
2020,300,0.8,abs_regime,STRESS_REVERSAL,include,-0.0621634539069815,-0.1490515237403433,-0.518370484604574,0.110654442021173,51,0.7462600672563157,-0.0106382350607994,discovery
2020,300,0.8,abs_regime,STRESS_REVERSAL,exclude,-0.0027338481218689,-0.0915253201765805,-0.0014037649033046,0.244653331255525,84,0.8247158043776984,-0.0052754156047614,discovery
2020,300,0.8,abs_regime,VOLATILE_UPTREND,include,0.0296682111877675,-0.0793457444594866,0.4421890602141185,0.2026858422822251,72,0.9685756458258966,-0.0009303897331318,discovery
2020,300,0.8,abs_regime,VOLATILE_UPTREND,exclude,-0.0834898839456055,-0.1730690447602247,-0.7083755584852149,0.1599841537744761,64,0.6951504419193991,-0.0120247293229406,discovery
2020,300,0.8,trend_x_vol,ABOVE_MA200|HIGH_GE_70PCT,include,-0.1557356677004248,-0.1659474885001853,-1.607738182489315,0.0599642807894744,32,0.0871302349423401,-0.055280490159644,discovery
2020,300,0.8,trend_x_vol,ABOVE_MA200|HIGH_GE_70PCT,exclude,0.0519419531553146,-0.1126493259891815,0.6040968689615812,0.2933624963210967,105,1.1840599676060428,0.0051163458420773,discovery
2020,300,0.8,trend_x_vol,ABOVE_MA200|LOW_LE_30PCT,include,-0.0175051908288541,-0.0373165807237249,-0.6357037471112085,0.0668314012583736,15,0.5513625455873401,-0.0115525408605643,discovery
2020,300,0.8,trend_x_vol,ABOVE_MA200|LOW_LE_30PCT,exclude,-0.0479269819284698,-0.2004758446679453,-0.3108576305161494,0.2713437208698061,116,0.8471542220145903,-0.0052922612922383,discovery
2020,300,0.8,trend_x_vol,ABOVE_MA200|MID_30_TO_70PCT,include,0.07947160700428,-0.0617257020225796,1.0044551600827576,0.2371498561628483,83,1.396629176050166,0.0100381542355425,discovery
2020,300,0.8,trend_x_vol,ABOVE_MA200|MID_30_TO_70PCT,exclude,-0.1728628234001281,-0.214426249226367,-1.6351924804412052,0.1355292519576027,55,0.2727084507367823,-0.0357087653178104,discovery
2020,300,0.8,trend_x_vol,BELOW_MA200|HIGH_GE_70PCT,include,-0.0089347305568973,-0.0431829367463553,-0.199477276187383,0.0107321855001867,9,0.8211917758592848,-0.0085794047031073,discovery
2020,300,0.8,trend_x_vol,BELOW_MA200|HIGH_GE_70PCT,exclude,-0.0547395513318479,-0.1789000622685245,-0.3911281088939414,0.3057419671260765,120,0.8077029371150259,-0.0063794905998151,discovery
2020,300,0.8,trend_x_dd,ABOVE_MA200|MEDIUM_-5_TO_-10PCT,include,-0.044798760218899,-0.1195770955362279,-0.3788886669181296,0.1066956131967609,52,0.9203314779608518,-0.0029572339019312,discovery
2020,300,0.8,trend_x_dd,ABOVE_MA200|MEDIUM_-5_TO_-10PCT,exclude,-0.0311072976379015,-0.121773942639117,-0.3618889741266924,0.2422343630967293,87,0.7400582563991314,-0.0084781581834731,discovery
2020,300,0.8,trend_x_dd,ABOVE_MA200|SHALLOW_GT_-5PCT,include,-0.0223724589738303,-0.0857266614455571,-0.3022327063906953,0.2315021775965426,78,0.7254947530205196,-0.0084664758927461,discovery
2020,300,0.8,trend_x_dd,ABOVE_MA200|SHALLOW_GT_-5PCT,exclude,-0.0533332259239577,-0.1490515237403431,-0.4252811501536648,0.1174277986969477,61,0.9022066232867016,-0.0037867345119408,discovery
2020,300,0.8,trend_x_dd,BELOW_MA200|DEEP_LE_-10PCT,include,-0.0089347305568973,-0.0431829367463553,-0.199477276187383,0.0107321855001867,9,0.8211917758592848,-0.0085794047031073,discovery
2020,300,0.8,trend_x_dd,BELOW_MA200|DEEP_LE_-10PCT,exclude,-0.0547395513318479,-0.1789000622685245,-0.3911281088939414,0.3057419671260765,120,0.8077029371150259,-0.0063794905998151,discovery
2020,500,0.6,ALL,ALL,baseline,-0.057820884220136,-0.2001291051994468,-0.4117371888998278,0.4078358235392038,217,0.7964552019199981,-0.0059934918270045,discovery
2020,500,0.6,trend,ABOVE_MA200,include,-0.0163284333084838,-0.151553727996818,-0.0865678065758432,0.4034288132792444,208,0.8471034058686081,-0.0042699274885876,discovery
2020,500,0.6,trend,ABOVE_MA200,exclude,-0.0466851021314338,-0.0647035118845517,-0.8951295412242968,0.004810558611939,10,0.2682691627174133,-0.0459465254660966,discovery
2020,500,0.6,trend,BELOW_MA200,include,-0.0466851021314338,-0.0647035118845517,-0.8951295412242968,0.004810558611939,10,0.2682691627174133,-0.0459465254660966,discovery
2020,500,0.6,trend,BELOW_MA200,exclude,-0.0163284333084838,-0.151553727996818,-0.0865678065758432,0.4034288132792444,208,0.8471034058686081,-0.0042699274885876,discovery
2020,500,0.6,vol_regime,HIGH_GE_70PCT,include,-0.16772273729102,-0.1947822209889473,-1.877735816142716,0.0705504692511475,69,0.1366598849457316,-0.043308497822664,discovery
2020,500,0.6,vol_regime,HIGH_GE_70PCT,exclude,0.0922127351424688,-0.0674335034764849,1.056032390467135,0.3630819212927816,158,1.4519553338417943,0.0093889660038483,discovery
2020,500,0.6,vol_regime,LOW_LE_30PCT,include,-0.0210379294171947,-0.0449377544885082,-0.4688645495676448,0.1058186010896852,28,0.7552767583589773,-0.0065958119702328,discovery
2020,500,0.6,vol_regime,LOW_LE_30PCT,exclude,-0.0389488407764393,-0.1862094177486469,-0.2759019192881434,0.3114970898706045,191,0.8060422437355715,-0.0057222902914312,discovery
2020,500,0.6,vol_regime,MID_30_TO_70PCT,include,0.1138279860274447,-0.038250856369425,1.4507826447856769,0.2669278700026957,132,1.669035636278246,0.0128112644651868,discovery
2020,500,0.6,vol_regime,MID_30_TO_70PCT,exclude,-0.1852321275994286,-0.2110785977296223,-1.905892438862902,0.1763690703408328,97,0.2473924972656823,-0.0327110214941272,discovery
2020,500,0.6,dd_regime,DEEP_LE_-10PCT,include,-0.0466851021314338,-0.0647035118845517,-0.8951295412242968,0.004810558611939,10,0.2682691627174133,-0.0459465254660966,discovery
2020,500,0.6,dd_regime,DEEP_LE_-10PCT,exclude,-0.0163284333084838,-0.151553727996818,-0.0865678065758432,0.4034288132792444,208,0.8471034058686081,-0.0042699274885876,discovery
2020,500,0.6,dd_regime,MEDIUM_-5_TO_-10PCT,include,-0.0166486068076484,-0.1001219942635754,-0.1725011676200308,0.1174455338493243,88,0.852312798142393,-0.0044988879090474,discovery
2020,500,0.6,dd_regime,MEDIUM_-5_TO_-10PCT,exclude,-0.039617175745892,-0.1345107141568885,-0.3625580306955351,0.3366789132373586,146,0.7719927493683542,-0.0063854299294833,discovery
2020,500,0.6,dd_regime,SHALLOW_GT_-5PCT,include,0.0074140521682237,-0.0869757787694228,0.1302900349816223,0.3318683546254195,136,0.8633847790193658,-0.0034765258459088,discovery
2020,500,0.6,dd_regime,SHALLOW_GT_-5PCT,exclude,-0.0581275524156541,-0.1380799318962325,-0.5873260217794432,0.1218525441092837,97,0.7521610346392781,-0.0083334530394838,discovery
2020,500,0.6,abs_regime,CALM_UPTREND,include,-0.0162512891313248,-0.0402679725252939,-0.53299981011953,0.0664912458656448,21,0.7487336502393858,-0.0066258333623467,discovery
2020,500,0.6,abs_regime,CALM_UPTREND,exclude,-0.0365094983438619,-0.1862094177486469,-0.243360485649571,0.3437053954491196,197,0.8169828935328517,-0.0054216940276706,discovery
2020,500,0.6,abs_regime,STRESS_REVERSAL,include,-0.0255719557644145,-0.1380699845453877,-0.2223859451411721,0.1170042100874402,84,0.709569654132526,-0.0103103124236362,discovery
2020,500,0.6,abs_regime,STRESS_REVERSAL,exclude,0.0135053734265249,-0.0818875496783317,0.1972089223994946,0.3532934946191762,148,0.944896114807698,-0.001386811590715,discovery
2020,500,0.6,abs_regime,VOLATILE_UPTREND,include,0.0364766831901171,-0.0639010613488495,0.4789240158842615,0.2890859666963604,128,1.008598558456267,0.0002130147467425,discovery
2020,500,0.6,abs_regime,VOLATILE_UPTREND,exclude,-0.0414160556381502,-0.1498393941750389,-0.3733053614425873,0.1835053727062086,105,0.7157034290573695,-0.0095734166113783,discovery
2020,500,0.6,trend_x_vol,ABOVE_MA200|HIGH_GE_70PCT,include,-0.1310702336540097,-0.1455280916337474,-1.7030364622218477,0.0661434589911881,60,0.105738783298845,-0.0429307256821676,discovery
2020,500,0.6,trend_x_vol,ABOVE_MA200|HIGH_GE_70PCT,exclude,0.0412226720530899,-0.1156272812652665,0.4488335070458196,0.3678924799047207,168,1.2618753938161955,0.0060951867496849,discovery
2020,500,0.6,trend_x_vol,ABOVE_MA200|LOW_LE_30PCT,include,-0.0210379294171947,-0.0449377544885082,-0.4688645495676448,0.1058186010896852,28,0.7552767583589773,-0.0065958119702328,discovery
2020,500,0.6,trend_x_vol,ABOVE_MA200|LOW_LE_30PCT,exclude,-0.0389488407764393,-0.1862094177486469,-0.2759019192881434,0.3114970898706045,191,0.8060422437355715,-0.0057222902914312,discovery
2020,500,0.6,trend_x_vol,ABOVE_MA200|MID_30_TO_70PCT,include,0.1138279860274447,-0.038250856369425,1.4507826447856769,0.2669278700026957,132,1.669035636278246,0.0128112644651868,discovery
2020,500,0.6,trend_x_vol,ABOVE_MA200|MID_30_TO_70PCT,exclude,-0.1852321275994286,-0.2110785977296223,-1.905892438862902,0.1763690703408328,97,0.2473924972656823,-0.0327110214941272,discovery
2020,500,0.6,trend_x_vol,BELOW_MA200|HIGH_GE_70PCT,include,-0.0466851021314338,-0.0647035118845517,-0.8951295412242968,0.004810558611939,10,0.2682691627174133,-0.0459465254660966,discovery
2020,500,0.6,trend_x_vol,BELOW_MA200|HIGH_GE_70PCT,exclude,-0.0163284333084838,-0.151553727996818,-0.0865678065758432,0.4034288132792444,208,0.8471034058686081,-0.0042699274885876,discovery
2020,500,0.6,trend_x_dd,ABOVE_MA200|MEDIUM_-5_TO_-10PCT,include,-0.0166486068076484,-0.1001219942635754,-0.1725011676200308,0.1174455338493243,88,0.852312798142393,-0.0044988879090474,discovery
2020,500,0.6,trend_x_dd,ABOVE_MA200|MEDIUM_-5_TO_-10PCT,exclude,-0.039617175745892,-0.1345107141568885,-0.3625580306955351,0.3366789132373586,146,0.7719927493683542,-0.0063854299294833,discovery
2020,500,0.6,trend_x_dd,ABOVE_MA200|SHALLOW_GT_-5PCT,include,0.0074140521682237,-0.0869757787694228,0.1302900349816223,0.3318683546254195,136,0.8633847790193658,-0.0034765258459088,discovery
2020,500,0.6,trend_x_dd,ABOVE_MA200|SHALLOW_GT_-5PCT,exclude,-0.0581275524156541,-0.1380799318962325,-0.5873260217794432,0.1218525441092837,97,0.7521610346392781,-0.0083334530394838,discovery
2020,500,0.6,trend_x_dd,BELOW_MA200|DEEP_LE_-10PCT,include,-0.0466851021314338,-0.0647035118845517,-0.8951295412242968,0.004810558611939,10,0.2682691627174133,-0.0459465254660966,discovery
2020,500,0.6,trend_x_dd,BELOW_MA200|DEEP_LE_-10PCT,exclude,-0.0163284333084838,-0.151553727996818,-0.0865678065758432,0.4034288132792444,208,0.8471034058686081,-0.0042699274885876,discovery
2020,500,0.8,ALL,ALL,baseline,0.0055361547865524,-0.2004214855406141,0.1090805931403557,0.4696236794070157,211,0.768217774310762,-0.0079549917107742,discovery
2020,500,0.8,trend,ABOVE_MA200,include,0.0306581093545872,-0.1517125619683446,0.3024623700051832,0.4580946789285914,200,0.7819754800242515,-0.0072611237890015,discovery
2020,500,0.8,trend,ABOVE_MA200,exclude,-0.0289623020802713,-0.0647035118845517,-0.5113467476697663,0.0119325488304038,12,0.5647489709045941,-0.0227750782500206,discovery
2020,500,0.8,trend,BELOW_MA200,include,-0.0289623020802713,-0.0647035118845517,-0.5113467476697663,0.0119325488304038,12,0.5647489709045941,-0.0227750782500206,discovery
2020,500,0.8,trend,BELOW_MA200,exclude,0.0306581093545872,-0.1517125619683446,0.3024623700051832,0.4580946789285914,200,0.7819754800242515,-0.0072611237890015,discovery
2020,500,0.8,vol_regime,HIGH_GE_70PCT,include,-0.1638094700345437,-0.2075915056777145,-1.6127941681766074,0.0871446147577051,70,0.1617507456008942,-0.0459956272621609,discovery
2020,500,0.8,vol_regime,HIGH_GE_70PCT,exclude,0.1485510246621846,-0.0668309673976303,1.4901243717527717,0.4245053065772091,153,1.2702751642072374,0.0071914934357878,discovery
2020,500,0.8,vol_regime,LOW_LE_30PCT,include,0.0054438819286719,-0.0435761161006758,0.1407014033015833,0.1252260044104862,27,1.0779139800813506,0.0019925229396578,discovery
2020,500,0.8,vol_regime,LOW_LE_30PCT,exclude,-0.0089060518253784,-0.2049644245867263,-1.7676213473399888e-05,0.3677183211514802,186,0.7425140170761559,-0.0090691055776808,discovery
2020,500,0.8,vol_regime,MID_30_TO_70PCT,include,0.1271616150119505,-0.0688389659679055,1.354517976101252,0.3306799884728864,128,1.3230090328163076,0.008530844603127,discovery
2020,500,0.8,vol_regime,MID_30_TO_70PCT,exclude,-0.1552237307901143,-0.2097429384353091,-1.3982155163858538,0.2103625717250866,99,0.2936754623816499,-0.0331750877197984,discovery
2020,500,0.8,dd_regime,DEEP_LE_-10PCT,include,-0.0289623020802713,-0.0647035118845517,-0.5113467476697663,0.0119325488304038,12,0.5647489709045941,-0.0227750782500206,discovery
2020,500,0.8,dd_regime,DEEP_LE_-10PCT,exclude,0.0306581093545872,-0.1517125619683446,0.3024623700051832,0.4580946789285914,200,0.7819754800242515,-0.0072611237890015,discovery
2020,500,0.8,dd_regime,MEDIUM_-5_TO_-10PCT,include,-0.0027148741082158,-0.1097226601527388,0.0167074520616796,0.1328461741368331,85,0.8419761093130435,-0.0058403170445183,discovery
2020,500,0.8,dd_regime,MEDIUM_-5_TO_-10PCT,exclude,-0.0100937194366839,-0.1273546689638396,-0.0432768621568832,0.3918899457977711,144,0.729565305336665,-0.0085649588211004,discovery
2020,500,0.8,dd_regime,SHALLOW_GT_-5PCT,include,0.0194313595486661,-0.0882565119492654,0.2583924845726215,0.3799573969673672,132,0.7558806194921815,-0.0072731297821077,discovery
2020,500,0.8,dd_regime,SHALLOW_GT_-5PCT,exclude,-0.0270233731115557,-0.1470084622717434,-0.2024413549676183,0.1443751746152573,96,0.8058475635834049,-0.0075281816870531,discovery
2020,500,0.8,abs_regime,CALM_UPTREND,include,0.0018763214584696,-0.0240595695636237,0.0829891420579851,0.0772062052125266,20,1.03487117033014,0.0008536224527891,discovery
2020,500,0.8,abs_regime,CALM_UPTREND,exclude,0.0039342772737227,-0.2049644245867263,0.0975438974125806,0.4023848495964053,192,0.7694690725133518,-0.0081071713395015,discovery
2020,500,0.8,abs_regime,STRESS_REVERSAL,include,0.0041884131399074,-0.1513643661685201,0.0930838568435297,0.1452215083840455,83,0.7684850336618738,-0.009350871155636,discovery
2020,500,0.8,abs_regime,STRESS_REVERSAL,exclude,0.0543647137634131,-0.0783677610303041,0.6022953718654745,0.4170679440574005,141,0.8685027980570774,-0.0038662648220079,discovery
2020,500,0.8,abs_regime,VOLATILE_UPTREND,include,0.0522186987706734,-0.08309308452205,0.581682075674946,0.3498279790430164,122,0.884242918803393,-0.0034689916894593,discovery
2020,500,0.8,abs_regime,VOLATILE_UPTREND,exclude,0.0060261325558788,-0.1507959460371479,0.109976958089755,0.2223563192470359,103,0.8024310830052757,-0.0073694160860388,discovery
2020,500,0.8,trend_x_vol,ABOVE_MA200|HIGH_GE_70PCT,include,-0.1429183858064764,-0.1593193671822742,-1.613809366901005,0.0756156142792809,59,0.0817972716815914,-0.0507358544945461,discovery
2020,500,0.8,trend_x_vol,ABOVE_MA200|HIGH_GE_70PCT,exclude,0.115286342931314,-0.1187626765270042,1.0423680584309971,0.436437855407613,165,1.1759963807845248,0.0050121064040927,discovery
2020,500,0.8,trend_x_vol,ABOVE_MA200|LOW_LE_30PCT,include,0.0054438819286719,-0.0435761161006758,0.1407014033015833,0.1252260044104862,27,1.0779139800813506,0.0019925229396578,discovery
2020,500,0.8,trend_x_vol,ABOVE_MA200|LOW_LE_30PCT,exclude,-0.0089060518253784,-0.2049644245867263,-1.7676213473399888e-05,0.3677183211514802,186,0.7425140170761559,-0.0090691055776808,discovery
2020,500,0.8,trend_x_vol,ABOVE_MA200|MID_30_TO_70PCT,include,0.1271616150119505,-0.0688389659679055,1.354517976101252,0.3306799884728864,128,1.3230090328163076,0.008530844603127,discovery
2020,500,0.8,trend_x_vol,ABOVE_MA200|MID_30_TO_70PCT,exclude,-0.1552237307901143,-0.2097429384353091,-1.3982155163858538,0.2103625717250866,99,0.2936754623816499,-0.0331750877197984,discovery
2020,500,0.8,trend_x_vol,BELOW_MA200|HIGH_GE_70PCT,include,-0.0289623020802713,-0.0647035118845517,-0.5113467476697663,0.0119325488304038,12,0.5647489709045941,-0.0227750782500206,discovery
2020,500,0.8,trend_x_vol,BELOW_MA200|HIGH_GE_70PCT,exclude,0.0306581093545872,-0.1517125619683446,0.3024623700051832,0.4580946789285914,200,0.7819754800242515,-0.0072611237890015,discovery
2020,500,0.8,trend_x_dd,ABOVE_MA200|MEDIUM_-5_TO_-10PCT,include,-0.0027148741082158,-0.1097226601527388,0.0167074520616796,0.1328461741368331,85,0.8419761093130435,-0.0058403170445183,discovery
2020,500,0.8,trend_x_dd,ABOVE_MA200|MEDIUM_-5_TO_-10PCT,exclude,-0.0100937194366839,-0.1273546689638396,-0.0432768621568832,0.3918899457977711,144,0.729565305336665,-0.0085649588211004,discovery
2020,500,0.8,trend_x_dd,ABOVE_MA200|SHALLOW_GT_-5PCT,include,0.0194313595486661,-0.0882565119492654,0.2583924845726215,0.3799573969673672,132,0.7558806194921815,-0.0072731297821077,discovery
2020,500,0.8,trend_x_dd,ABOVE_MA200|SHALLOW_GT_-5PCT,exclude,-0.0270233731115557,-0.1470084622717434,-0.2024413549676183,0.1443751746152573,96,0.8058475635834049,-0.0075281816870531,discovery
2020,500,0.8,trend_x_dd,BELOW_MA200|DEEP_LE_-10PCT,include,-0.0289623020802713,-0.0647035118845517,-0.5113467476697663,0.0119325488304038,12,0.5647489709045941,-0.0227750782500206,discovery
2020,500,0.8,trend_x_dd,BELOW_MA200|DEEP_LE_-10PCT,exclude,0.0306581093545872,-0.1517125619683446,0.3024623700051832,0.4580946789285914,200,0.7819754800242515,-0.0072611237890015,discovery
2021,300,0.6,ALL,ALL,baseline,0.073958124175897,-0.0768558801930935,0.9289909769176534,0.4103155559343598,146,1.3320795810619628,0.0065392955192088,discovery
2021,300,0.6,trend,ABOVE_MA200,include,0.073958124175897,-0.0768558801930935,0.9289909769176534,0.4103155559343598,146,1.3320795810619628,0.0065392955192088,discovery
2021,300,0.6,trend,ABOVE_MA200,exclude,0.0,0.0,,0.0,0,,,discovery
2021,300,0.6,vol_regime,HIGH_GE_70PCT,include,-0.0018036739429615,-0.0175695642312826,-0.0823832486462634,0.0285780895726387,11,0.9277506928522736,-0.0016236690410871,discovery
2021,300,0.6,vol_regime,HIGH_GE_70PCT,exclude,0.0765818218283256,-0.0768558801930935,0.9800394188022724,0.392439431624105,136,1.3708923353452829,0.0071664596121464,discovery
2021,300,0.6,vol_regime,LOW_LE_30PCT,include,-0.0116997342023765,-0.0714188286404503,-0.1854101192710151,0.2203984913233489,81,0.9284843851284468,-0.0015156929686282,discovery
2021,300,0.6,vol_regime,LOW_LE_30PCT,exclude,0.1433297481565627,-0.0244884417148294,2.2841639012107438,0.2452233958952962,78,2.157249474705149,0.0194017911867337,discovery
2021,300,0.6,vol_regime,MID_30_TO_70PCT,include,0.1459529344136581,-0.0244884417148294,2.433979391332941,0.2265479045536017,68,2.445772727125664,0.0225476628531273,discovery
2021,300,0.6,vol_regime,MID_30_TO_70PCT,exclude,-0.0134844993458287,-0.0714188286404503,-0.2010518654431576,0.2490004593762443,92,0.9283920325076026,-0.0015286031512048,discovery
2021,300,0.6,dd_regime,MEDIUM_-5_TO_-10PCT,include,0.0035485630738927,-0.0075116297813433,0.351689776681962,0.0126547362202862,7,1.2928014745775944,0.0050766408581272,discovery
2021,300,0.6,dd_regime,MEDIUM_-5_TO_-10PCT,exclude,0.0965855495375846,-0.0719397210893236,1.1493923158323698,0.4049276863811943,143,1.367584124591802,0.0071919744926142,discovery
2021,300,0.6,dd_regime,SHALLOW_GT_-5PCT,include,0.0965855495375846,-0.0719397210893236,1.1493923158323698,0.4049276863811943,143,1.367584124591802,0.0071919744926142,discovery
2021,300,0.6,dd_regime,SHALLOW_GT_-5PCT,exclude,0.0035485630738927,-0.0075116297813433,0.351689776681962,0.0126547362202862,7,1.2928014745775944,0.0050766408581272,discovery
2021,300,0.6,abs_regime,CALM_UPTREND,include,-0.0152513095433821,-0.0701941104140303,-0.3543104731469466,0.1218048878407932,49,0.8636580411974781,-0.0029653698981065,discovery
2021,300,0.6,abs_regime,CALM_UPTREND,exclude,0.1228126001726381,-0.0318468350241468,1.6686099993862449,0.3275988675558314,110,1.6822855326229142,0.0126114019107135,discovery
2021,300,0.6,abs_regime,CALM_WEAK,include,-0.0026974642007682,-0.0033098933868277,-0.7362554785381744,0.0031579569362109,1,0.0,-0.0269746420076818,discovery
2021,300,0.6,abs_regime,CALM_WEAK,exclude,0.0737096779517241,-0.0770696609249593,0.9262686692711846,0.4099182967863527,146,1.3310173075691838,0.0065235795404403,discovery
2021,300,0.6,abs_regime,STRESS_REVERSAL,include,0.0763210539010375,-0.0232820953147355,1.5474878932573846,0.1746586608586566,55,2.114704912964171,0.018002618523454,discovery
2021,300,0.6,abs_regime,STRESS_REVERSAL,exclude,0.0189021176014965,-0.0735833373319498,0.3128973038443792,0.2918566826705993,106,1.0840721782216722,0.0017592334427352,discovery
2021,300,0.6,abs_regime,VOLATILE_UPTREND,include,0.0517892664654284,-0.0335895720608161,0.9668733292025392,0.1942523038736057,64,1.389594713980737,0.0076768060256691,discovery
2021,300,0.6,abs_regime,VOLATILE_UPTREND,exclude,0.0454768586291589,-0.0797397343411416,0.7445748049444206,0.2774127728967516,98,1.378936983470282,0.0071671530597208,discovery
2021,300,0.6,trend_x_vol,ABOVE_MA200|HIGH_GE_70PCT,include,-0.0018036739429615,-0.0175695642312826,-0.0823832486462634,0.0285780895726387,11,0.9277506928522736,-0.0016236690410871,discovery
2021,300,0.6,trend_x_vol,ABOVE_MA200|HIGH_GE_70PCT,exclude,0.0765818218283256,-0.0768558801930935,0.9800394188022724,0.392439431624105,136,1.3708923353452829,0.0071664596121464,discovery
2021,300,0.6,trend_x_vol,ABOVE_MA200|LOW_LE_30PCT,include,-0.0116997342023765,-0.0714188286404503,-0.1854101192710151,0.2203984913233489,81,0.9284843851284468,-0.0015156929686282,discovery
2021,300,0.6,trend_x_vol,ABOVE_MA200|LOW_LE_30PCT,exclude,0.1433297481565627,-0.0244884417148294,2.2841639012107438,0.2452233958952962,78,2.157249474705149,0.0194017911867337,discovery
2021,300,0.6,trend_x_vol,ABOVE_MA200|MID_30_TO_70PCT,include,0.1459529344136581,-0.0244884417148294,2.433979391332941,0.2265479045536017,68,2.445772727125664,0.0225476628531273,discovery
2021,300,0.6,trend_x_vol,ABOVE_MA200|MID_30_TO_70PCT,exclude,-0.0134844993458287,-0.0714188286404503,-0.2010518654431576,0.2490004593762443,92,0.9283920325076026,-0.0015286031512048,discovery
2021,300,0.6,trend_x_dd,ABOVE_MA200|MEDIUM_-5_TO_-10PCT,include,0.0035485630738927,-0.0075116297813433,0.351689776681962,0.0126547362202862,7,1.2928014745775944,0.0050766408581272,discovery
2021,300,0.6,trend_x_dd,ABOVE_MA200|MEDIUM_-5_TO_-10PCT,exclude,0.0965855495375846,-0.0719397210893236,1.1493923158323698,0.4049276863811943,143,1.367584124591802,0.0071919744926142,discovery
2021,300,0.6,trend_x_dd,ABOVE_MA200|SHALLOW_GT_-5PCT,include,0.0965855495375846,-0.0719397210893236,1.1493923158323698,0.4049276863811943,143,1.367584124591802,0.0071919744926142,discovery
2021,300,0.6,trend_x_dd,ABOVE_MA200|SHALLOW_GT_-5PCT,exclude,0.0035485630738927,-0.0075116297813433,0.351689776681962,0.0126547362202862,7,1.2928014745775944,0.0050766408581272,discovery
2021,300,0.8,ALL,ALL,baseline,0.0546499558494966,-0.0706412566446242,0.6483572398511593,0.5007915743666963,145,1.3164903668803352,0.00656517400453,discovery
2021,300,0.8,trend,ABOVE_MA200,include,0.0546499558494966,-0.0706412566446242,0.6483572398511593,0.5007915743666963,145,1.3164903668803352,0.00656517400453,discovery
2021,300,0.8,trend,ABOVE_MA200,exclude,0.0,0.0,,0.0,0,,,discovery
2021,300,0.8,vol_regime,HIGH_GE_70PCT,include,0.0027304714765292,-0.0142281958082126,0.1449238744033381,0.0388250168384314,11,1.112198266762899,0.0025214477397557,discovery
2021,300,0.8,vol_regime,HIGH_GE_70PCT,exclude,0.0635379501499779,-0.0706412566446242,0.753606861882833,0.4857029700791975,135,1.3439659876315724,0.0070337951709334,discovery
2021,300,0.8,vol_regime,LOW_LE_30PCT,include,-0.0427273909833643,-0.0698303743257023,-0.670149423452378,0.2761350570049194,80,0.7369016210615095,-0.0060825447325559,discovery
2021,300,0.8,vol_regime,LOW_LE_30PCT,exclude,0.1516845033140101,-0.0241434315310012,2.22662830234262,0.2928642348171774,78,2.3596922454271887,0.0234566346152794,discovery
2021,300,0.8,vol_regime,MID_30_TO_70PCT,include,0.1613131535341823,-0.0241434315310012,2.4220453522297936,0.2778393133556979,68,2.663527065318941,0.026871023785455,discovery
2021,300,0.8,vol_regime,MID_30_TO_70PCT,exclude,-0.04003383975278,-0.0721994574723909,-0.586135339383679,0.3148354945448188,91,0.7811494010749995,-0.0050425016864523,discovery
2021,300,0.8,dd_regime,MEDIUM_-5_TO_-10PCT,include,0.01173101056589,-0.0075116297813433,0.9138175602020804,0.0164528564808257,7,1.9688236852385208,0.016797626828549,discovery
2021,300,0.8,dd_regime,MEDIUM_-5_TO_-10PCT,exclude,0.0745136510064419,-0.0691676641523503,0.8326437089787745,0.4966267659760455,142,1.3502764612011604,0.0072292063698036,discovery
2021,300,0.8,dd_regime,SHALLOW_GT_-5PCT,include,0.0745136510064419,-0.0691676641523503,0.8326437089787745,0.4966267659760455,142,1.3502764612011604,0.0072292063698036,discovery
2021,300,0.8,dd_regime,SHALLOW_GT_-5PCT,exclude,0.01173101056589,-0.0075116297813433,0.9138175602020804,0.0164528564808257,7,1.9688236852385208,0.016797626828549,discovery
2021,300,0.8,abs_regime,CALM_UPTREND,include,-0.0375953792862421,-0.0744309398209263,-0.7920239970045644,0.1581414005400554,49,0.6871646820491771,-0.0076846159245951,discovery
2021,300,0.8,abs_regime,CALM_UPTREND,exclude,0.1066328959501747,-0.052646203422804,1.3223395403410052,0.411563584624632,109,1.671179726482534,0.0132473619407556,discovery
2021,300,0.8,abs_regime,CALM_WEAK,include,-0.0026974642007682,-0.0033098933868277,-0.7362554785381744,0.0031579569362109,1,0.0,-0.0269746420076818,discovery
2021,300,0.8,abs_regime,CALM_WEAK,exclude,0.0544049437223621,-0.070854271234805,0.645810408816324,0.5003949974782426,145,1.315486844526793,0.006549349639701,discovery
2021,300,0.8,abs_regime,STRESS_REVERSAL,include,0.0872626494261492,-0.0190375757842996,1.6967069467690226,0.2044156376045511,55,2.485141513309337,0.023985214209164,discovery
2021,300,0.8,abs_regime,STRESS_REVERSAL,exclude,0.0097281572240419,-0.0659780259649284,0.1663659406680705,0.368253784076984,105,1.0214364760421393,0.0004799498753338,discovery
2021,300,0.8,abs_regime,VOLATILE_UPTREND,include,0.0348867175267388,-0.0366972761399758,0.5802521328586624,0.2571127789450552,63,1.2216735539811212,0.0048529899359526,discovery
2021,300,0.8,abs_regime,VOLATILE_UPTREND,exclude,0.0213101072986527,-0.0798697741131905,0.3456346604402495,0.3363121541262816,98,1.3470735265113216,0.0070529830520338,discovery
2021,300,0.8,trend_x_vol,ABOVE_MA200|HIGH_GE_70PCT,include,0.0027304714765292,-0.0142281958082126,0.1449238744033381,0.0388250168384314,11,1.112198266762899,0.0025214477397557,discovery
2021,300,0.8,trend_x_vol,ABOVE_MA200|HIGH_GE_70PCT,exclude,0.0635379501499779,-0.0706412566446242,0.753606861882833,0.4857029700791975,135,1.3439659876315724,0.0070337951709334,discovery
2021,300,0.8,trend_x_vol,ABOVE_MA200|LOW_LE_30PCT,include,-0.0427273909833643,-0.0698303743257023,-0.670149423452378,0.2761350570049194,80,0.7369016210615095,-0.0060825447325559,discovery
2021,300,0.8,trend_x_vol,ABOVE_MA200|LOW_LE_30PCT,exclude,0.1516845033140101,-0.0241434315310012,2.22662830234262,0.2928642348171774,78,2.3596922454271887,0.0234566346152794,discovery
2021,300,0.8,trend_x_vol,ABOVE_MA200|MID_30_TO_70PCT,include,0.1613131535341823,-0.0241434315310012,2.4220453522297936,0.2778393133556979,68,2.663527065318941,0.026871023785455,discovery
2021,300,0.8,trend_x_vol,ABOVE_MA200|MID_30_TO_70PCT,exclude,-0.04003383975278,-0.0721994574723909,-0.586135339383679,0.3148354945448188,91,0.7811494010749995,-0.0050425016864523,discovery
2021,300,0.8,trend_x_dd,ABOVE_MA200|MEDIUM_-5_TO_-10PCT,include,0.01173101056589,-0.0075116297813433,0.9138175602020804,0.0164528564808257,7,1.9688236852385208,0.016797626828549,discovery
2021,300,0.8,trend_x_dd,ABOVE_MA200|MEDIUM_-5_TO_-10PCT,exclude,0.0745136510064419,-0.0691676641523503,0.8326437089787745,0.4966267659760455,142,1.3502764612011604,0.0072292063698036,discovery
2021,300,0.8,trend_x_dd,ABOVE_MA200|SHALLOW_GT_-5PCT,include,0.0745136510064419,-0.0691676641523503,0.8326437089787745,0.4966267659760455,142,1.3502764612011604,0.0072292063698036,discovery
2021,300,0.8,trend_x_dd,ABOVE_MA200|SHALLOW_GT_-5PCT,exclude,0.01173101056589,-0.0075116297813433,0.9138175602020804,0.0164528564808257,7,1.9688236852385208,0.016797626828549,discovery
2021,500,0.6,ALL,ALL,baseline,0.0446448428305228,-0.1263605448865958,0.4437965060850606,0.5816098733180302,247,1.1702026051829977,0.0035150476971875,discovery
2021,500,0.6,trend,ABOVE_MA200,include,0.0446448428305228,-0.1263605448865958,0.4437965060850606,0.5816098733180302,247,1.1702026051829977,0.0035150476971875,discovery
2021,500,0.6,trend,ABOVE_MA200,exclude,0.0,0.0,,0.0,0,,,discovery
2021,500,0.6,vol_regime,HIGH_GE_70PCT,include,0.0060837627231395,-0.0171515503078826,0.2748108199378198,0.0421012044090116,22,1.2337045661923929,0.0041019080371722,discovery
2021,500,0.6,vol_regime,HIGH_GE_70PCT,exclude,0.0455606230127851,-0.1263605448865958,0.4582510931300909,0.5684628010532025,233,1.1773840841533,0.0036636992134595,discovery
2021,500,0.6,vol_regime,LOW_LE_30PCT,include,-0.0778999178238393,-0.1309765339332507,-0.8878362178099921,0.3584156907643229,138,0.7194691116136943,-0.0066536570741263,discovery
2021,500,0.6,vol_regime,LOW_LE_30PCT,exclude,0.1170731655639174,-0.0579075041588597,1.456006200828026,0.3380726314042068,131,1.7120105478589598,0.0128642158218054,discovery
2021,500,0.6,vol_regime,MID_30_TO_70PCT,include,0.1186536072478989,-0.0551119551446372,1.534378486719799,0.3256732470878591,117,1.8039057013044475,0.0142789522067287,discovery
2021,500,0.6,vol_regime,MID_30_TO_70PCT,exclude,-0.0728045555988113,-0.1309765339332507,-0.7893504480788093,0.3984392040818366,160,0.7737332977877099,-0.0051747668713227,discovery
2021,500,0.6,dd_regime,MEDIUM_-5_TO_-10PCT,include,-0.000282500433367,-0.0122352085750964,-0.0153025263477372,0.0146385171351452,10,0.9813868037522552,-0.0003369918895757,discovery
2021,500,0.6,dd_regime,MEDIUM_-5_TO_-10PCT,exclude,0.0542865947786093,-0.1263605448865958,0.5232760754162261,0.5747488446148785,238,1.208752137599583,0.0042828031679136,discovery
2021,500,0.6,dd_regime,SHALLOW_GT_-5PCT,include,0.0542865947786093,-0.1263605448865958,0.5232760754162261,0.5747488446148785,238,1.208752137599583,0.0042828031679136,discovery
2021,500,0.6,dd_regime,SHALLOW_GT_-5PCT,exclude,-0.000282500433367,-0.0122352085750964,-0.0153025263477372,0.0146385171351452,10,0.9813868037522552,-0.0003369918895757,discovery
2021,500,0.6,abs_regime,CALM_UPTREND,include,-0.0673360841210203,-0.1207423451913208,-0.9833965150924538,0.2364309337530809,89,0.6369912854591323,-0.0088199670735219,discovery
2021,500,0.6,abs_regime,CALM_UPTREND,exclude,0.1091469819783881,-0.0642116100872837,1.1676710931170615,0.439603686175976,190,1.4067055583428028,0.0080280851104881,discovery
2021,500,0.6,abs_regime,CALM_WEAK,include,-0.0070950155982509,-0.0118315018073122,-0.9909843093797236,0.0071806088319213,2,0.0,-0.0355345496011226,discovery
2021,500,0.6,abs_regime,CALM_WEAK,exclude,0.0485033816975093,-0.1211719828581039,0.4771363718035886,0.5820597032666992,247,1.160422650583998,0.0033409930350244,discovery
2021,500,0.6,abs_regime,STRESS_REVERSAL,include,0.1054587257389145,-0.034776473279388,1.66623997046305,0.1967854580080143,84,2.459265377839037,0.0207824023039991,discovery
2021,500,0.6,abs_regime,STRESS_REVERSAL,exclude,-0.0535488083959219,-0.1351741536522702,-0.518800274732336,0.4755480186284948,182,0.8353177700915342,-0.0038762133045472,discovery
2021,500,0.6,abs_regime,VOLATILE_UPTREND,include,0.0179323370986326,-0.0696480498757272,0.284848573624037,0.3130276805789667,117,1.011805237436176,0.0002684345685171,discovery
2021,500,0.6,abs_regime,VOLATILE_UPTREND,exclude,0.0191980945495058,-0.1230447910027361,0.2557812783553047,0.3942549873128686,167,1.2669636699407811,0.0051436035851284,discovery
2021,500,0.6,trend_x_vol,ABOVE_MA200|HIGH_GE_70PCT,include,0.0060837627231395,-0.0171515503078826,0.2748108199378198,0.0421012044090116,22,1.2337045661923929,0.0041019080371722,discovery
2021,500,0.6,trend_x_vol,ABOVE_MA200|HIGH_GE_70PCT,exclude,0.0455606230127851,-0.1263605448865958,0.4582510931300909,0.5684628010532025,233,1.1773840841533,0.0036636992134595,discovery
2021,500,0.6,trend_x_vol,ABOVE_MA200|LOW_LE_30PCT,include,-0.0778999178238393,-0.1309765339332507,-0.8878362178099921,0.3584156907643229,138,0.7194691116136943,-0.0066536570741263,discovery
2021,500,0.6,trend_x_vol,ABOVE_MA200|LOW_LE_30PCT,exclude,0.1170731655639174,-0.0579075041588597,1.456006200828026,0.3380726314042068,131,1.7120105478589598,0.0128642158218054,discovery
2021,500,0.6,trend_x_vol,ABOVE_MA200|MID_30_TO_70PCT,include,0.1186536072478989,-0.0551119551446372,1.534378486719799,0.3256732470878591,117,1.8039057013044475,0.0142789522067287,discovery
2021,500,0.6,trend_x_vol,ABOVE_MA200|MID_30_TO_70PCT,exclude,-0.0728045555988113,-0.1309765339332507,-0.7893504480788093,0.3984392040818366,160,0.7737332977877099,-0.0051747668713227,discovery
2021,500,0.6,trend_x_dd,ABOVE_MA200|MEDIUM_-5_TO_-10PCT,include,-0.000282500433367,-0.0122352085750964,-0.0153025263477372,0.0146385171351452,10,0.9813868037522552,-0.0003369918895757,discovery
2021,500,0.6,trend_x_dd,ABOVE_MA200|MEDIUM_-5_TO_-10PCT,exclude,0.0542865947786093,-0.1263605448865958,0.5232760754162261,0.5747488446148785,238,1.208752137599583,0.0042828031679136,discovery
2021,500,0.6,trend_x_dd,ABOVE_MA200|SHALLOW_GT_-5PCT,include,0.0542865947786093,-0.1263605448865958,0.5232760754162261,0.5747488446148785,238,1.208752137599583,0.0042828031679136,discovery
2021,500,0.6,trend_x_dd,ABOVE_MA200|SHALLOW_GT_-5PCT,exclude,-0.000282500433367,-0.0122352085750964,-0.0153025263477372,0.0146385171351452,10,0.9813868037522552,-0.0003369918895757,discovery
2021,500,0.8,ALL,ALL,baseline,-0.0273261321184135,-0.1242844291589021,-0.1710526231631272,0.6413698622005193,229,1.1710913010705928,0.0037889491637387,discovery
2021,500,0.8,trend,ABOVE_MA200,include,-0.0273261321184135,-0.1242844291589021,-0.1710526231631272,0.6413698622005193,229,1.1710913010705928,0.0037889491637387,discovery
2021,500,0.8,trend,ABOVE_MA200,exclude,0.0,0.0,,0.0,0,,,discovery
2021,500,0.8,vol_regime,HIGH_GE_70PCT,include,0.0213975187659762,-0.0125196724552593,0.8559207988741149,0.0592154528328822,22,1.6903639202998224,0.0121170474303885,discovery
2021,500,0.8,vol_regime,HIGH_GE_70PCT,exclude,-0.0293697495111453,-0.1172104550131909,-0.1921212703812743,0.6275961179851086,215,1.1626145793232543,0.0036173779105942,discovery
2021,500,0.8,vol_regime,LOW_LE_30PCT,include,-0.0843253077094176,-0.1108355793696668,-0.9263440482884612,0.4128707201312245,125,0.6799171819042475,-0.0080221526675723,discovery
2021,500,0.8,vol_regime,LOW_LE_30PCT,exclude,0.1033441636502001,-0.0452211973872582,1.1594712190969092,0.3849159855514728,119,1.9534667928612597,0.0177769509819218,discovery
2021,500,0.8,vol_regime,MID_30_TO_70PCT,include,0.1028014902820193,-0.0452211973872582,1.1735189078141783,0.3731567465205639,105,2.0494860273724536,0.0192907053250505,discovery
2021,500,0.8,vol_regime,MID_30_TO_70PCT,exclude,-0.0655729555370284,-0.1087922446216329,-0.673090600894569,0.4680535447107848,147,0.7907933180661656,-0.0050081227209387,discovery
2021,500,0.8,dd_regime,MEDIUM_-5_TO_-10PCT,include,0.0117366724024694,-0.0122352085750964,0.7540673691225749,0.0196491848355517,10,1.6470716759281303,0.0117152317022598,discovery
2021,500,0.8,dd_regime,MEDIUM_-5_TO_-10PCT,exclude,-0.0002508881656166,-0.1033415642895617,0.0575281509254858,0.6353429790587907,223,1.1910404702219393,0.0042273430633572,discovery
2021,500,0.8,dd_regime,SHALLOW_GT_-5PCT,include,-0.0002508881656166,-0.1033415642895617,0.0575281509254858,0.6353429790587907,223,1.1910404702219393,0.0042273430633572,discovery
2021,500,0.8,dd_regime,SHALLOW_GT_-5PCT,exclude,0.0117366724024694,-0.0122352085750964,0.7540673691225749,0.0196491848355517,10,1.6470716759281303,0.0117152317022598,discovery
2021,500,0.8,abs_regime,CALM_UPTREND,include,-0.0782698763995668,-0.1168650908490855,-1.086610542178585,0.2826385044896498,86,0.5787396993553605,-0.0104533267001735,discovery
2021,500,0.8,abs_regime,CALM_UPTREND,exclude,0.0787197252932936,-0.065213762375564,0.7874541424817572,0.5033192984233191,178,1.4744837086435718,0.0099310907667877,discovery
2021,500,0.8,abs_regime,CALM_WEAK,include,-0.0070950155982509,-0.0118315018073122,-0.9909843093797236,0.0071806088319213,2,0.0,-0.0355345496011226,discovery
2021,500,0.8,abs_regime,CALM_WEAK,exclude,-0.0219010843542832,-0.1192636865014548,-0.1244390550414689,0.6418720895679438,228,1.1808240236307488,0.0039889003631163,discovery
2021,500,0.8,abs_regime,STRESS_REVERSAL,include,0.0936814156751788,-0.0473756199095546,1.306149750125294,0.2425378886234966,84,2.5769723238465905,0.0245306025347931,discovery
2021,500,0.8,abs_regime,STRESS_REVERSAL,exclude,-0.051057498252119,-0.1108103257104234,-0.4775839255177656,0.5163465228969545,167,0.8334266824357498,-0.0041484491524608,discovery
2021,500,0.8,abs_regime,VOLATILE_UPTREND,include,0.0063957428440637,-0.0648226424528015,0.1212023297994828,0.3514154782542039,111,0.9729552480155722,-0.0006682899863384,discovery
2021,500,0.8,abs_regime,VOLATILE_UPTREND,exclude,-0.022772402726688,-0.1382249093024172,-0.1889916001142748,0.4780611466431438,165,1.2558945129155248,0.005248738166143,discovery
2021,500,0.8,trend_x_vol,ABOVE_MA200|HIGH_GE_70PCT,include,0.0213975187659762,-0.0125196724552593,0.8559207988741149,0.0592154528328822,22,1.6903639202998224,0.0121170474303885,discovery
2021,500,0.8,trend_x_vol,ABOVE_MA200|HIGH_GE_70PCT,exclude,-0.0293697495111453,-0.1172104550131909,-0.1921212703812743,0.6275961179851086,215,1.1626145793232543,0.0036173779105942,discovery
2021,500,0.8,trend_x_vol,ABOVE_MA200|LOW_LE_30PCT,include,-0.0843253077094176,-0.1108355793696668,-0.9263440482884612,0.4128707201312245,125,0.6799171819042475,-0.0080221526675723,discovery
2021,500,0.8,trend_x_vol,ABOVE_MA200|LOW_LE_30PCT,exclude,0.1033441636502001,-0.0452211973872582,1.1594712190969092,0.3849159855514728,119,1.9534667928612597,0.0177769509819218,discovery
2021,500,0.8,trend_x_vol,ABOVE_MA200|MID_30_TO_70PCT,include,0.1028014902820193,-0.0452211973872582,1.1735189078141783,0.3731567465205639,105,2.0494860273724536,0.0192907053250505,discovery
2021,500,0.8,trend_x_vol,ABOVE_MA200|MID_30_TO_70PCT,exclude,-0.0655729555370284,-0.1087922446216329,-0.673090600894569,0.4680535447107848,147,0.7907933180661656,-0.0050081227209387,discovery
2021,500,0.8,trend_x_dd,ABOVE_MA200|MEDIUM_-5_TO_-10PCT,include,0.0117366724024694,-0.0122352085750964,0.7540673691225749,0.0196491848355517,10,1.6470716759281303,0.0117152317022598,discovery
2021,500,0.8,trend_x_dd,ABOVE_MA200|MEDIUM_-5_TO_-10PCT,exclude,-0.0002508881656166,-0.1033415642895617,0.0575281509254858,0.6353429790587907,223,1.1910404702219393,0.0042273430633572,discovery
2021,500,0.8,trend_x_dd,ABOVE_MA200|SHALLOW_GT_-5PCT,include,-0.0002508881656166,-0.1033415642895617,0.0575281509254858,0.6353429790587907,223,1.1910404702219393,0.0042273430633572,discovery
2021,500,0.8,trend_x_dd,ABOVE_MA200|SHALLOW_GT_-5PCT,exclude,0.0117366724024694,-0.0122352085750964,0.7540673691225749,0.0196491848355517,10,1.6470716759281303,0.0117152317022598,discovery
2022,300,0.6,ALL,ALL,baseline,-0.2482271254430867,-0.2720329161831671,-2.1433620225451384,0.3787813077847932,240,0.3641569471272334,-0.0203241357304895,discovery
2022,300,0.6,trend,ABOVE_MA200,include,-0.0980699273842597,-0.1199048563750784,-1.7049163744469185,0.0697796971644756,68,0.217041357008434,-0.0326769360732988,discovery
2022,300,0.6,trend,ABOVE_MA200,exclude,-0.1983411064362621,-0.214539585942194,-1.8172522645300704,0.3288952097408684,177,0.426221742555142,-0.0165622011336624,discovery
2022,300,0.6,trend,BELOW_MA200,include,-0.1983411064362621,-0.214539585942194,-1.8172522645300704,0.3288952097408684,177,0.426221742555142,-0.0165622011336624,discovery
2022,300,0.6,trend,BELOW_MA200,exclude,-0.0980699273842597,-0.1199048563750784,-1.7049163744469185,0.0697796971644756,68,0.217041357008434,-0.0326769360732988,discovery
2022,300,0.6,vol_regime,HIGH_GE_70PCT,include,-0.2321601720731794,-0.2537583186572659,-2.126659862633817,0.3262298751728199,208,0.3360656182668189,-0.0217141390151233,discovery
2022,300,0.6,vol_regime,HIGH_GE_70PCT,exclude,-0.0536527289242884,-0.0730721246746427,-1.0301337803996518,0.0898650957087059,42,0.5421619255074248,-0.0131717430346227,discovery
2022,300,0.6,vol_regime,LOW_LE_30PCT,include,0.0,0.0,,0.0,0,,,discovery
2022,300,0.6,vol_regime,LOW_LE_30PCT,exclude,-0.2482271254430867,-0.2720329161831671,-2.1433620225451384,0.3787813077847932,240,0.3641569471272334,-0.0203241357304895,discovery
2022,300,0.6,vol_regime,MID_30_TO_70PCT,include,-0.0536527289242884,-0.0730721246746427,-1.0301337803996518,0.0898650957087059,42,0.5421619255074248,-0.0131717430346227,discovery
2022,300,0.6,vol_regime,MID_30_TO_70PCT,exclude,-0.2321601720731794,-0.2537583186572659,-2.126659862633817,0.3262298751728199,208,0.3360656182668189,-0.0217141390151233,discovery
2022,300,0.6,dd_regime,DEEP_LE_-10PCT,include,-0.0527933960961247,-0.1295287848840626,-0.5711156569410528,0.2010243300641065,91,0.6331342244909245,-0.0097989689070866,discovery
2022,300,0.6,dd_regime,DEEP_LE_-10PCT,exclude,-0.2231072235673104,-0.2419151102560103,-2.595131517001473,0.1932494172664964,155,0.2272841066940431,-0.027098823030988,discovery
2022,300,0.6,dd_regime,MEDIUM_-5_TO_-10PCT,include,-0.2040860514877404,-0.2076363834435021,-2.5878404121266296,0.1466275859588096,125,0.1699824343932182,-0.028828904155739,discovery
2022,300,0.6,dd_regime,MEDIUM_-5_TO_-10PCT,exclude,-0.1109076358211017,-0.1327291818960078,-1.140228488409555,0.2640096130350746,133,0.5196873262660234,-0.0141509941313236,discovery
2022,300,0.6,dd_regime,SHALLOW_GT_-5PCT,include,-0.0613462117961483,-0.084070189446604,-1.3874021586986256,0.0629808756533151,42,0.3343558471000797,-0.0235803821171703,discovery
2022,300,0.6,dd_regime,SHALLOW_GT_-5PCT,exclude,-0.229817278077965,-0.2576370444490431,-2.0631661666664067,0.3321566673180038,210,0.349102105298366,-0.0203861334522939,discovery
2022,300,0.6,abs_regime,STRESS_REVERSAL,include,-0.2128606570041529,-0.259595375594855,-1.89049269324574,0.3168838341981053,202,0.3719148435696405,-0.019636981160637,discovery
2022,300,0.6,abs_regime,STRESS_REVERSAL,exclude,-0.1149466674039355,-0.1149466674039355,-2.4448205026410315,0.0976605888494756,52,0.2506673663329591,-0.0273984691870481,discovery
2022,300,0.6,abs_regime,VOLATILE_UPTREND,include,-0.1149466674039355,-0.1149466674039355,-2.4448205026410315,0.0976605888494756,52,0.2506673663329591,-0.0273984691870481,discovery
2022,300,0.6,abs_regime,VOLATILE_UPTREND,exclude,-0.2128606570041529,-0.259595375594855,-1.89049269324574,0.3168838341981053,202,0.3719148435696405,-0.019636981160637,discovery
2022,300,0.6,trend_x_vol,ABOVE_MA200|HIGH_GE_70PCT,include,-0.0733076609143488,-0.0957420624656667,-1.2712259366376368,0.066572212892021,62,0.2423045126847536,-0.0310667214423972,discovery
2022,300,0.6,trend_x_vol,ABOVE_MA200|HIGH_GE_70PCT,exclude,-0.2266004284460661,-0.2399608685560001,-2.106251157983976,0.3336603725918728,185,0.3985294920221814,-0.0177649904043036,discovery
2022,300,0.6,trend_x_vol,ABOVE_MA200|MID_30_TO_70PCT,include,-0.0352471677054307,-0.0352471677054307,-2.346692217257372,0.0047724686710787,8,0.0,-0.0443767030172382,discovery
2022,300,0.6,trend_x_vol,ABOVE_MA200|MID_30_TO_70PCT,exclude,-0.2275595280827805,-0.2520197831092315,-1.939593697346894,0.375582713994414,234,0.3787664563694494,-0.0195807591955632,discovery
2022,300,0.6,trend_x_vol,BELOW_MA200|HIGH_GE_70PCT,include,-0.1859208434042168,-0.1999551516950085,-1.8726426844866275,0.2680251067700989,148,0.3819238806473514,-0.0182628689295061,discovery
2022,300,0.6,trend_x_vol,BELOW_MA200|HIGH_GE_70PCT,exclude,-0.0955936762263266,-0.1273702142446398,-1.2904082201643616,0.1433608105192609,99,0.360274311014207,-0.0227978078164175,discovery
2022,300,0.6,trend_x_vol,BELOW_MA200|LOW_LE_30PCT,include,0.0,0.0,,0.0,0,,,discovery
2022,300,0.6,trend_x_vol,BELOW_MA200|LOW_LE_30PCT,exclude,-0.2482271254430867,-0.2720329161831671,-2.1433620225451384,0.3787813077847932,240,0.3641569471272334,-0.0203241357304895,discovery
2022,300,0.6,trend_x_vol,BELOW_MA200|MID_30_TO_70PCT,include,-0.0190740407723535,-0.0484457505950821,-0.3620270926099228,0.0850999741727421,34,0.7677265180503856,-0.0058293995093014,discovery
2022,300,0.6,trend_x_vol,BELOW_MA200|MID_30_TO_70PCT,exclude,-0.2526777199403547,-0.2736987396416409,-2.344532701884701,0.3294373594452745,214,0.3220571803131018,-0.0224880179378568,discovery
2022,300,0.6,trend_x_dd,ABOVE_MA200|MEDIUM_-5_TO_-10PCT,include,-0.0808026060160249,-0.0809061780842477,-1.6815733119002545,0.0418714625691909,42,0.1432929772952602,-0.039361377007196,discovery
2022,300,0.6,trend_x_dd,ABOVE_MA200|MEDIUM_-5_TO_-10PCT,exclude,-0.2204596885715728,-0.2451447685410515,-1.92268364504102,0.3613726972493503,207,0.4130440814747816,-0.0172796470820133,discovery
2022,300,0.6,trend_x_dd,ABOVE_MA200|SHALLOW_GT_-5PCT,include,-0.0412851713621997,-0.0644948090506747,-1.110283534194483,0.0349132263398538,33,0.3017446557080001,-0.0238033474090483,discovery
2022,300,0.6,trend_x_dd,ABOVE_MA200|SHALLOW_GT_-5PCT,exclude,-0.2428812389261433,-0.2559604288242069,-2.1621533426187605,0.3528376212008521,217,0.355506468568332,-0.0205026353724216,discovery
2022,300,0.6,trend_x_dd,BELOW_MA200|DEEP_LE_-10PCT,include,-0.0527933960961247,-0.1295287848840626,-0.5711156569410528,0.2010243300641065,91,0.6331342244909245,-0.0097989689070866,discovery
2022,300,0.6,trend_x_dd,BELOW_MA200|DEEP_LE_-10PCT,exclude,-0.2231072235673104,-0.2419151102560103,-2.595131517001473,0.1932494172664964,155,0.2272841066940431,-0.027098823030988,discovery
2022,300,0.6,trend_x_dd,BELOW_MA200|MEDIUM_-5_TO_-10PCT,include,-0.157263520698921,-0.163525194507455,-2.2185389145350127,0.1226848554629403,85,0.1811501132693901,-0.0245417734624723,discovery
2022,300,0.6,trend_x_dd,BELOW_MA200|MEDIUM_-5_TO_-10PCT,exclude,-0.1635686477016722,-0.1840977018562768,-1.584260125201387,0.2988760838596963,168,0.4107053633257782,-0.0197535917139985,discovery
2022,300,0.6,trend_x_dd,BELOW_MA200|SHALLOW_GT_-5PCT,include,-0.0270848558721629,-0.031384763368176,-1.118533538005181,0.0291624480604201,10,0.3686924671437533,-0.0270573769087456,discovery
2022,300,0.6,trend_x_dd,BELOW_MA200|SHALLOW_GT_-5PCT,exclude,-0.2400668542019773,-0.2784458285160714,-2.0992283299666035,0.3591951508341802,234,0.3556250216579617,-0.0204081919194384,discovery
2022,300,0.8,ALL,ALL,baseline,-0.2852525638548132,-0.3239775149382952,-2.212126326345423,0.4359625533585432,236,0.2819503708982038,-0.0252019350097003,discovery
2022,300,0.8,trend,ABOVE_MA200,include,-0.117065591310618,-0.1381846089895017,-1.8654547079288948,0.0849830599607211,65,0.0845307201449547,-0.0432576680569488,discovery
2022,300,0.8,trend,ABOVE_MA200,exclude,-0.2240803396723516,-0.2576549097996801,-1.83003514634054,0.3751489783092369,175,0.3806367685547767,-0.0193010080953339,discovery
2022,300,0.8,trend,BELOW_MA200,include,-0.2240803396723516,-0.2576549097996801,-1.83003514634054,0.3751489783092369,175,0.3806367685547767,-0.0193010080953339,discovery
2022,300,0.8,trend,BELOW_MA200,exclude,-0.117065591310618,-0.1381846089895017,-1.8654547079288948,0.0849830599607211,65,0.0845307201449547,-0.0432576680569488,discovery
2022,300,0.8,vol_regime,HIGH_GE_70PCT,include,-0.2442829510715098,-0.2854073166066291,-1.954667175441988,0.3725363983216047,203,0.2801105071623259,-0.0255498206793601,discovery
2022,300,0.8,vol_regime,HIGH_GE_70PCT,exclude,-0.0762285773991354,-0.1015947928016278,-1.3554124519667836,0.1095849925883052,41,0.4113650202484717,-0.0194288221711835,discovery
2022,300,0.8,vol_regime,LOW_LE_30PCT,include,0.0,0.0,,0.0,0,,,discovery
2022,300,0.8,vol_regime,LOW_LE_30PCT,exclude,-0.2852525638548132,-0.3239775149382952,-2.212126326345423,0.4359625533585432,236,0.2819503708982038,-0.0252019350097003,discovery
2022,300,0.8,vol_regime,MID_30_TO_70PCT,include,-0.0762285773991354,-0.1015947928016278,-1.3554124519667836,0.1095849925883052,41,0.4113650202484717,-0.0194288221711835,discovery
2022,300,0.8,vol_regime,MID_30_TO_70PCT,exclude,-0.2442829510715098,-0.2854073166066291,-1.954667175441988,0.3725363983216047,203,0.2801105071623259,-0.0255498206793601,discovery
2022,300,0.8,dd_regime,DEEP_LE_-10PCT,include,-0.0604924236038466,-0.1590639450706921,-0.5461627970382419,0.2281946252551115,86,0.5992818519249985,-0.0115078817105737,discovery
2022,300,0.8,dd_regime,DEEP_LE_-10PCT,exclude,-0.2530827772048557,-0.2709483829368697,-2.7805390486704127,0.2241791913989679,152,0.1422043272824306,-0.0330031183578167,discovery
2022,300,0.8,dd_regime,MEDIUM_-5_TO_-10PCT,include,-0.2060082707943882,-0.2130983232148134,-2.467223616444256,0.1602698779514739,125,0.147543426008214,-0.0316859433085535,discovery
2022,300,0.8,dd_regime,MEDIUM_-5_TO_-10PCT,exclude,-0.159084226261,-0.1940567848257548,-1.4201884660277395,0.3180615172523379,128,0.3871060792773435,-0.0201147322287622,discovery
2022,300,0.8,dd_regime,SHALLOW_GT_-5PCT,include,-0.104949015669233,-0.1263578512243481,-2.033181635151936,0.0898720579104656,42,0.0843960104468439,-0.0377382832898148,discovery
2022,300,0.8,dd_regime,SHALLOW_GT_-5PCT,exclude,-0.2402073931981078,-0.2848915119689346,-1.902046480178626,0.372055054844938,209,0.3091712747531992,-0.0234063425142121,discovery
2022,300,0.8,abs_regime,STRESS_REVERSAL,include,-0.2538664886999411,-0.3072867225877019,-2.036143028487593,0.3633901878590101,201,0.2719149847686702,-0.0248437387904195,discovery
2022,300,0.8,abs_regime,STRESS_REVERSAL,exclude,-0.1297770859633913,-0.1297770859633913,-2.620744863503048,0.1183566319090468,52,0.2242052888244626,-0.0316627242829459,discovery
2022,300,0.8,abs_regime,VOLATILE_UPTREND,include,-0.1297770859633913,-0.1297770859633913,-2.620744863503048,0.1183566319090468,52,0.2242052888244626,-0.0316627242829459,discovery
2022,300,0.8,abs_regime,VOLATILE_UPTREND,exclude,-0.2538664886999411,-0.3072867225877019,-2.036143028487593,0.3633901878590101,201,0.2719149847686702,-0.0248437387904195,discovery
2022,300,0.8,trend_x_vol,ABOVE_MA200|HIGH_GE_70PCT,include,-0.0943446574111752,-0.1160071399272889,-1.5311957838396433,0.0822257557067517,59,0.0935425741240952,-0.042641584748237,discovery
2022,300,0.8,trend_x_vol,ABOVE_MA200|HIGH_GE_70PCT,exclude,-0.2514273788892414,-0.2816760251131376,-2.086773853346509,0.3799114755329139,183,0.3573722924852566,-0.0203972133378215,discovery
2022,300,0.8,trend_x_vol,ABOVE_MA200|MID_30_TO_70PCT,include,-0.0352471677054307,-0.0352471677054307,-2.346692217257372,0.0047724686710787,8,0.0,-0.0443767030172382,discovery
2022,300,0.8,trend_x_vol,ABOVE_MA200|MID_30_TO_70PCT,exclude,-0.2668431881273901,-0.3065655575134363,-2.052341227162315,0.4332617210047741,230,0.2923955737927638,-0.0245728771249286,discovery
2022,300,0.8,trend_x_vol,BELOW_MA200|HIGH_GE_70PCT,include,-0.1818988206484595,-0.2179830847891465,-1.5647724207519806,0.2998556146209688,146,0.387184221788856,-0.0190634281754383,discovery
2022,300,0.8,trend_x_vol,BELOW_MA200|HIGH_GE_70PCT,exclude,-0.1351302247645431,-0.1711832141144811,-1.675679227455542,0.1753125724717366,96,0.2071670482476806,-0.0325421744410034,discovery
2022,300,0.8,trend_x_vol,BELOW_MA200|LOW_LE_30PCT,include,0.0,0.0,,0.0,0,,,discovery
2022,300,0.8,trend_x_vol,BELOW_MA200|LOW_LE_30PCT,exclude,-0.2852525638548132,-0.3239775149382952,-2.212126326345423,0.4359625533585432,236,0.2819503708982038,-0.0252019350097003,discovery
2022,300,0.8,trend_x_vol,BELOW_MA200|MID_30_TO_70PCT,include,-0.0424810539349972,-0.0687739563171345,-0.759813397859295,0.1048224872204373,33,0.5576603780416024,-0.0133808510569884,discovery
2022,300,0.8,trend_x_vol,BELOW_MA200|MID_30_TO_70PCT,exclude,-0.2632406900561407,-0.3033334194930287,-2.123485004401789,0.3752960087549915,209,0.2690603328226554,-0.0262320981888316,discovery
2022,300,0.8,trend_x_dd,ABOVE_MA200|MEDIUM_-5_TO_-10PCT,include,-0.0924680622417645,-0.0924680622417645,-1.804983853849573,0.0492337503827647,42,0.0517754190299315,-0.0495036655176377,discovery
2022,300,0.8,trend_x_dd,ABOVE_MA200|MEDIUM_-5_TO_-10PCT,exclude,-0.2524422293574564,-0.2929448413798784,-1.9751249258325887,0.4162141788937193,205,0.3409545293392034,-0.0209501558329944,discovery
2022,300,0.8,trend_x_dd,ABOVE_MA200|SHALLOW_GT_-5PCT,include,-0.0557299431831561,-0.0783160558403321,-1.2308064539226595,0.0498064382943321,33,0.1214110899348431,-0.0320375347957733,discovery
2022,300,0.8,trend_x_dd,ABOVE_MA200|SHALLOW_GT_-5PCT,exclude,-0.2724085364641807,-0.3018093669986511,-2.172580877997333,0.4031578630055374,215,0.2914995698558174,-0.0247498363222289,discovery
2022,300,0.8,trend_x_dd,BELOW_MA200|DEEP_LE_-10PCT,include,-0.0604924236038466,-0.1590639450706921,-0.5461627970382419,0.2281946252551115,86,0.5992818519249985,-0.0115078817105737,discovery
2022,300,0.8,trend_x_dd,BELOW_MA200|DEEP_LE_-10PCT,exclude,-0.2530827772048557,-0.2709483829368697,-2.7805390486704127,0.2241791913989679,152,0.1422043272824306,-0.0330031183578167,discovery
2022,300,0.8,trend_x_dd,BELOW_MA200|MEDIUM_-5_TO_-10PCT,include,-0.1532694216059699,-0.1633334667035163,-2.0766230074758205,0.1322605186700651,85,0.2209171323080362,-0.0237318178938047,discovery
2022,300,0.8,trend_x_dd,BELOW_MA200|MEDIUM_-5_TO_-10PCT,exclude,-0.2137064327267639,-0.2464073270247559,-1.844646476453562,0.3532381389187269,160,0.2866593671216189,-0.0270574718795169,discovery
2022,300,0.8,trend_x_dd,BELOW_MA200|SHALLOW_GT_-5PCT,include,-0.0580875716827399,-0.0587901807740903,-2.1183820485619798,0.0411604183630924,10,0.0,-0.0593477434576599,discovery
2022,300,0.8,trend_x_dd,BELOW_MA200|SHALLOW_GT_-5PCT,exclude,-0.2583122735333238,-0.3121431878320495,-1.9967112316404536,0.4059536981572574,231,0.2948946133274727,-0.0241734875460834,discovery
2022,500,0.6,ALL,ALL,baseline,-0.1954931661553192,-0.2662971391238634,-1.4066447873933403,0.4985221227264809,398,0.465630212494298,-0.0164159347641613,discovery
2022,500,0.6,trend,ABOVE_MA200,include,-0.1044412640998111,-0.1336558281299711,-1.7047719552655602,0.0787071142972955,103,0.2031390630097019,-0.0301599201062526,discovery
2022,500,0.6,trend,ABOVE_MA200,exclude,-0.1465185169014541,-0.2031949715848645,-1.0897040097243054,0.4503273128811981,302,0.5650515095956257,-0.0124923163881986,discovery
2022,500,0.6,trend,BELOW_MA200,include,-0.1465185169014541,-0.2031949715848645,-1.0897040097243054,0.4503273128811981,302,0.5650515095956257,-0.0124923163881986,discovery
2022,500,0.6,trend,BELOW_MA200,exclude,-0.1044412640998111,-0.1336558281299711,-1.7047719552655602,0.0787071142972955,103,0.2031390630097019,-0.0301599201062526,discovery
2022,500,0.6,vol_regime,HIGH_GE_70PCT,include,-0.1860667646440386,-0.2381484975442988,-1.4868378652450616,0.4090259269968928,344,0.4470889105585038,-0.0170682469428412,discovery
2022,500,0.6,vol_regime,HIGH_GE_70PCT,exclude,-0.0536709961065715,-0.0812680244335739,-0.7991598300146138,0.1395178896480281,69,0.5546373619961009,-0.0131414574748903,discovery
2022,500,0.6,vol_regime,LOW_LE_30PCT,include,0.0,0.0,,0.0,0,,,discovery
2022,500,0.6,vol_regime,LOW_LE_30PCT,exclude,-0.1954931661553192,-0.2662971391238634,-1.4066447873933403,0.4985221227264809,398,0.465630212494298,-0.0164159347641613,discovery
2022,500,0.6,vol_regime,MID_30_TO_70PCT,include,-0.0536709961065715,-0.0812680244335739,-0.7991598300146138,0.1395178896480281,69,0.5546373619961009,-0.0131414574748903,discovery
2022,500,0.6,vol_regime,MID_30_TO_70PCT,exclude,-0.1860667646440386,-0.2381484975442988,-1.4868378652450616,0.4090259269968928,344,0.4470889105585038,-0.0170682469428412,discovery
2022,500,0.6,dd_regime,DEEP_LE_-10PCT,include,0.0432783839419359,-0.0945624817934581,0.4670439243770057,0.2778555243649864,166,0.8963111605139021,-0.002697349867354,discovery
2022,500,0.6,dd_regime,DEEP_LE_-10PCT,exclude,-0.2440463907105131,-0.2687068113363241,-2.5799417940190503,0.2485042608659983,244,0.2334717258136862,-0.026086577905471,discovery
2022,500,0.6,dd_regime,MEDIUM_-5_TO_-10PCT,include,-0.2121410415517028,-0.2121410415517028,-2.43729822131456,0.1932013196151473,198,0.2050170166665858,-0.0269106723801399,discovery
2022,500,0.6,dd_regime,MEDIUM_-5_TO_-10PCT,exclude,-0.0322260035044441,-0.1349788728511582,-0.2266835484219703,0.3660574761564492,230,0.722826332347707,-0.0077565449136551,discovery
2022,500,0.6,dd_regime,SHALLOW_GT_-5PCT,include,-0.0786759859843194,-0.1087310547598251,-1.4637022348162552,0.0934321288008448,65,0.3581430176647678,-0.0215576283235059,discovery
2022,500,0.6,dd_regime,SHALLOW_GT_-5PCT,exclude,-0.1617691066259353,-0.232418947143822,-1.1891881545341945,0.4433107383304117,352,0.4826713490195509,-0.0156157106774687,discovery
2022,500,0.6,abs_regime,STRESS_REVERSAL,include,-0.1844841949027009,-0.2655345018970028,-1.4374534439878632,0.384882276938713,343,0.4514039457578427,-0.0168022740109321,discovery
2022,500,0.6,abs_regime,STRESS_REVERSAL,exclude,-0.0547670482534707,-0.0964783101049148,-0.8185736746148025,0.1677456065328702,79,0.5526332081873904,-0.0143136760350658,discovery
2022,500,0.6,abs_regime,VOLATILE_UPTREND,include,-0.0547670482534707,-0.0964783101049148,-0.8185736746148025,0.1677456065328702,79,0.5526332081873904,-0.0143136760350658,discovery
2022,500,0.6,abs_regime,VOLATILE_UPTREND,exclude,-0.1844841949027009,-0.2655345018970028,-1.4374534439878632,0.384882276938713,343,0.4514039457578427,-0.0168022740109321,discovery
2022,500,0.6,trend_x_vol,ABOVE_MA200|HIGH_GE_70PCT,include,-0.0705732948921522,-0.1008926864621765,-1.1575875205826822,0.0743015341322776,95,0.224117279735446,-0.0288586127588354,discovery
2022,500,0.6,trend_x_vol,ABOVE_MA200|HIGH_GE_70PCT,exclude,-0.1831732827957647,-0.2374156340811756,-1.396823951453478,0.4555031681425117,313,0.5381528052241216,-0.0134384287680679,discovery
2022,500,0.6,trend_x_vol,ABOVE_MA200|MID_30_TO_70PCT,include,-0.0429491365154965,-0.0429491365154965,-2.2950939749000687,0.0051808510491243,11,0.0,-0.0394135141062977,discovery
2022,500,0.6,trend_x_vol,ABOVE_MA200|MID_30_TO_70PCT,exclude,-0.1650955500519066,-0.2385747917669058,-1.1615613564932503,0.4941329759750124,390,0.4799544436938785,-0.0158170217366193,discovery
2022,500,0.6,trend_x_vol,BELOW_MA200|HIGH_GE_70PCT,include,-0.1553188500960625,-0.1973026780257359,-1.3420028103307986,0.3567244713527339,253,0.5442719869623027,-0.0130919753273383,discovery
2022,500,0.6,trend_x_vol,BELOW_MA200|HIGH_GE_70PCT,exclude,-0.1004574948370032,-0.1470921754961996,-1.1461550044394413,0.2045006053022489,158,0.3599297447708968,-0.0216230089814364,discovery
2022,500,0.6,trend_x_vol,BELOW_MA200|LOW_LE_30PCT,include,0.0,0.0,,0.0,0,,,discovery
2022,500,0.6,trend_x_vol,BELOW_MA200|LOW_LE_30PCT,exclude,-0.1954931661553192,-0.2662971391238634,-1.4066447873933403,0.4985221227264809,398,0.465630212494298,-0.0164159347641613,discovery
2022,500,0.6,trend_x_vol,BELOW_MA200|MID_30_TO_70PCT,include,-0.01120490994751,-0.0602896427034532,-0.1461391331824634,0.1343421405126266,58,0.7046959145972753,-0.0081588260447959,discovery
2022,500,0.6,trend_x_vol,BELOW_MA200|MID_30_TO_70PCT,exclude,-0.2157261940542642,-0.2659100876558971,-1.7557999013673091,0.4134315071619106,352,0.4322361517970816,-0.0177169900772501,discovery
2022,500,0.6,trend_x_dd,ABOVE_MA200|MEDIUM_-5_TO_-10PCT,include,-0.0887186950303902,-0.0887965249303566,-1.7820879022330045,0.0428752254303869,63,0.1356127209988854,-0.0359317004320191,discovery
2022,500,0.6,trend_x_dd,ABOVE_MA200|MEDIUM_-5_TO_-10PCT,exclude,-0.162921030182918,-0.2365916495712277,-1.1658494436008398,0.4830016718545106,346,0.5313875988771789,-0.0136050435522794,discovery
2022,500,0.6,trend_x_dd,ABOVE_MA200|SHALLOW_GT_-5PCT,include,-0.0536914152657574,-0.0845615208576812,-1.2578833380666512,0.0460372133871762,49,0.2761849142154943,-0.0233603927500311,discovery
2022,500,0.6,trend_x_dd,ABOVE_MA200|SHALLOW_GT_-5PCT,exclude,-0.195370894312324,-0.2488032486733095,-1.4550325501016548,0.470563738981373,363,0.4711197749822887,-0.0162555402680667,discovery
2022,500,0.6,trend_x_dd,BELOW_MA200|DEEP_LE_-10PCT,include,0.0432783839419359,-0.0945624817934581,0.4670439243770057,0.2778555243649864,166,0.8963111605139021,-0.002697349867354,discovery
2022,500,0.6,trend_x_dd,BELOW_MA200|DEEP_LE_-10PCT,exclude,-0.2440463907105131,-0.2687068113363241,-2.5799417940190503,0.2485042608659983,244,0.2334717258136862,-0.026086577905471,discovery
2022,500,0.6,trend_x_dd,BELOW_MA200|MEDIUM_-5_TO_-10PCT,include,-0.1643067123787833,-0.1643067123787833,-2.0088174447925264,0.1729638085786495,137,0.2415063724637815,-0.0233593544758796,discovery
2022,500,0.6,trend_x_dd,BELOW_MA200|MEDIUM_-5_TO_-10PCT,exclude,-0.084127026933785,-0.1813693337951381,-0.6445964987483346,0.3987273770665684,284,0.5720717568447138,-0.0131894994941308,discovery
2022,500,0.6,trend_x_dd,BELOW_MA200|SHALLOW_GT_-5PCT,include,-0.0355843183223065,-0.0430391284753839,-1.056818734596886,0.0528563258077062,18,0.4933846656020176,-0.0196863865376528,discovery
2022,500,0.6,trend_x_dd,BELOW_MA200|SHALLOW_GT_-5PCT,exclude,-0.168344155217158,-0.2562707066542383,-1.2027793555259148,0.4739187898667474,388,0.4726599988098724,-0.0160027701250673,discovery
2022,500,0.8,ALL,ALL,baseline,-0.2240285162790447,-0.3043343799904534,-1.4707572154963615,0.5711028952510729,383,0.4154934510902168,-0.0190328236407922,discovery
2022,500,0.8,trend,ABOVE_MA200,include,-0.107750964944868,-0.1373587923639035,-1.547661126241458,0.0947082255644373,96,0.084361609363051,-0.0394989747364344,discovery
2022,500,0.8,trend,ABOVE_MA200,exclude,-0.1864579910381172,-0.2529556956102917,-1.296206126035156,0.5130173732895404,293,0.5550199480908827,-0.0132228883647224,discovery
2022,500,0.8,trend,BELOW_MA200,include,-0.1864579910381172,-0.2529556956102917,-1.296206126035156,0.5130173732895404,293,0.5550199480908827,-0.0132228883647224,discovery
2022,500,0.8,trend,BELOW_MA200,exclude,-0.107750964944868,-0.1373587923639035,-1.547661126241458,0.0947082255644373,96,0.084361609363051,-0.0394989747364344,discovery
2022,500,0.8,vol_regime,HIGH_GE_70PCT,include,-0.176916835808403,-0.258940187293818,-1.23157623613899,0.473200933295069,330,0.4230239376087087,-0.0187737280130862,discovery
2022,500,0.8,vol_regime,HIGH_GE_70PCT,exclude,-0.0839200730081599,-0.116940948085172,-1.1194647559168431,0.1718181913470374,65,0.4514726496975975,-0.0176461098667857,discovery
2022,500,0.8,vol_regime,LOW_LE_30PCT,include,0.0,0.0,,0.0,0,,,discovery
2022,500,0.8,vol_regime,LOW_LE_30PCT,exclude,-0.2240285162790447,-0.3043343799904534,-1.4707572154963615,0.5711028952510729,383,0.4154934510902168,-0.0190328236407922,discovery
2022,500,0.8,vol_regime,MID_30_TO_70PCT,include,-0.0839200730081599,-0.116940948085172,-1.1194647559168431,0.1718181913470374,65,0.4514726496975975,-0.0176461098667857,discovery
2022,500,0.8,vol_regime,MID_30_TO_70PCT,exclude,-0.176916835808403,-0.258940187293818,-1.23157623613899,0.473200933295069,330,0.4230239376087087,-0.0187737280130862,discovery
2022,500,0.8,dd_regime,DEEP_LE_-10PCT,include,0.0427799392867778,-0.115330001676199,0.4218664704592082,0.325623771050653,155,0.9555536880284384,-0.0011681938272261,discovery
2022,500,0.8,dd_regime,DEEP_LE_-10PCT,exclude,-0.2463361704578809,-0.271345274105355,-2.3365240428056966,0.2860584602534852,235,0.1725222386684827,-0.0302958099171394,discovery
2022,500,0.8,dd_regime,MEDIUM_-5_TO_-10PCT,include,-0.2036858037392268,-0.2047818281551349,-2.148153392964908,0.2133448535850574,198,0.1767432129027848,-0.0301061537001231,discovery
2022,500,0.8,dd_regime,MEDIUM_-5_TO_-10PCT,exclude,-0.074364072631613,-0.1717798216335258,-0.4989000826047339,0.4501989571634268,220,0.6680552727573242,-0.0097111592377168,discovery
2022,500,0.8,dd_regime,SHALLOW_GT_-5PCT,include,-0.1183503650895616,-0.1476064687208432,-1.7133106851755209,0.1299192694088073,66,0.1676314485265255,-0.0306119026961461,discovery
2022,500,0.8,dd_regime,SHALLOW_GT_-5PCT,exclude,-0.1802459378520202,-0.2617008060087571,-1.21886207910278,0.4986730986629975,346,0.4480600207820819,-0.0177198686604625,discovery
2022,500,0.8,abs_regime,STRESS_REVERSAL,include,-0.1952050861749678,-0.2810933610703889,-1.3823555786370287,0.441716124357873,334,0.3912358988642431,-0.0198196004999258,discovery
2022,500,0.8,abs_regime,STRESS_REVERSAL,exclude,-0.0686347969941317,-0.0952247211183907,-0.8861874202566598,0.1997190054304975,79,0.5420255937226164,-0.0159340737077518,discovery
2022,500,0.8,abs_regime,VOLATILE_UPTREND,include,-0.0686347969941317,-0.0952247211183907,-0.8861874202566598,0.1997190054304975,79,0.5420255937226164,-0.0159340737077518,discovery
2022,500,0.8,abs_regime,VOLATILE_UPTREND,exclude,-0.1952050861749678,-0.2810933610703889,-1.3823555786370287,0.441716124357873,334,0.3912358988642431,-0.0198196004999258,discovery
2022,500,0.8,trend_x_vol,ABOVE_MA200|HIGH_GE_70PCT,include,-0.0882200355698826,-0.1184759649913286,-1.2742012628708406,0.0923177179309424,88,0.0925133312804274,-0.0389431592709438,discovery
2022,500,0.8,trend_x_vol,ABOVE_MA200|HIGH_GE_70PCT,exclude,-0.2213880433019147,-0.2850306177510702,-1.5756442133981357,0.5181900549204841,304,0.5286937231147363,-0.0141705754803715,discovery
2022,500,0.8,trend_x_vol,ABOVE_MA200|MID_30_TO_70PCT,include,-0.0429491365154965,-0.0429491365154965,-2.2950939749000687,0.0051808510491243,11,0.0,-0.0394135141062977,discovery
2022,500,0.8,trend_x_vol,ABOVE_MA200|MID_30_TO_70PCT,exclude,-0.2071820146666561,-0.2892313353102848,-1.3451456386898837,0.5687595782961848,375,0.4280169728344394,-0.01846578105485,discovery
2022,500,0.8,trend_x_vol,BELOW_MA200|HIGH_GE_70PCT,include,-0.1315711556743668,-0.2057197399409941,-1.000751025601221,0.4040487959161182,245,0.5900674157557418,-0.0118893584533133,discovery
2022,500,0.8,trend_x_vol,BELOW_MA200|HIGH_GE_70PCT,exclude,-0.1215626825028572,-0.1734727340087017,-1.2250337029097806,0.2480178935799019,147,0.2323490432225269,-0.0290698928048837,discovery
2022,500,0.8,trend_x_vol,BELOW_MA200|LOW_LE_30PCT,include,0.0,0.0,,0.0,0,,,discovery
2022,500,0.8,trend_x_vol,BELOW_MA200|LOW_LE_30PCT,exclude,-0.2240285162790447,-0.3043343799904534,-1.4707572154963615,0.5711028952510729,383,0.4154934510902168,-0.0190328236407922,discovery
2022,500,0.8,trend_x_vol,BELOW_MA200|MID_30_TO_70PCT,include,-0.0428227755879456,-0.0873356398711233,-0.5610101675754232,0.1666455103333807,54,0.5695633954647147,-0.0132120090031814,discovery
2022,500,0.8,trend_x_vol,BELOW_MA200|MID_30_TO_70PCT,exclude,-0.1945929619461418,-0.2748548205834799,-1.3703251877411025,0.4755965555637781,338,0.4091204850745693,-0.0194089757490329,discovery
2022,500,0.8,trend_x_dd,ABOVE_MA200|MEDIUM_-5_TO_-10PCT,include,-0.1018913082495149,-0.1018913082495149,-1.8825724529824557,0.0511722033176074,63,0.0380901654273513,-0.0455071898355598,discovery
2022,500,0.8,trend_x_dd,ABOVE_MA200|MEDIUM_-5_TO_-10PCT,exclude,-0.1903838143351311,-0.2741715931756406,-1.2495501115984644,0.555375260557702,336,0.504115849143827,-0.0148377027694785,discovery
2022,500,0.8,trend_x_dd,ABOVE_MA200|SHALLOW_GT_-5PCT,include,-0.0629133366729436,-0.0940090275780651,-1.1092276871783775,0.0658484922290257,49,0.1420874646419363,-0.0290604820588894,discovery
2022,500,0.8,trend_x_dd,ABOVE_MA200|SHALLOW_GT_-5PCT,exclude,-0.2332295220176067,-0.2959041917431464,-1.6122119893899296,0.536142137372118,354,0.4281600794641166,-0.0186600104275676,discovery
2022,500,0.8,trend_x_dd,BELOW_MA200|DEEP_LE_-10PCT,include,0.0427799392867778,-0.115330001676199,0.4218664704592082,0.325623771050653,155,0.9555536880284384,-0.0011681938272261,discovery
2022,500,0.8,trend_x_dd,BELOW_MA200|DEEP_LE_-10PCT,exclude,-0.2463361704578809,-0.271345274105355,-2.3365240428056966,0.2860584602534852,235,0.1725222386684827,-0.0302958099171394,discovery
2022,500,0.8,trend_x_dd,BELOW_MA200|MEDIUM_-5_TO_-10PCT,include,-0.1551119931807769,-0.1562748732205023,-1.7629956045653354,0.1902190318218277,137,0.2652990077267335,-0.0235743141031322,discovery
2022,500,0.8,trend_x_dd,BELOW_MA200|MEDIUM_-5_TO_-10PCT,exclude,-0.1186538072428476,-0.2114084172994348,-0.8107737578780708,0.4790586904988382,267,0.4948896802425243,-0.0168703857157671,discovery
2022,500,0.8,trend_x_dd,BELOW_MA200|SHALLOW_GT_-5PCT,include,-0.0680323549564914,-0.082157667705971,-1.5867430626337222,0.0695321996532895,19,0.1976911335556069,-0.0365363325506026,discovery
2022,500,0.8,trend_x_dd,BELOW_MA200|SHALLOW_GT_-5PCT,exclude,-0.1767857860856205,-0.2763504923441385,-1.138472741713812,0.5362797110424071,376,0.4305567156494123,-0.0183366118372704,discovery
2023,300,0.6,ALL,ALL,baseline,-0.0003735549370942,-0.0777479863170204,0.0486988410262284,0.5281500423100506,186,0.9991467867386944,-1.8809284144685837e-05,validation
2023,300,0.6,trend,ABOVE_MA200,include,-0.0327061727059443,-0.0720089859766249,-0.3090232486655642,0.4573132407562794,160,0.837085475122827,-0.0037321902333182,validation
2023,300,0.6,trend,ABOVE_MA200,exclude,0.0726664615698005,-0.0329083199173984,1.3958918138366898,0.1087997025586764,38,2.6924387614383254,0.0255813944520821,validation
2023,300,0.6,trend,BELOW_MA200,include,0.0726664615698005,-0.0329083199173984,1.3958918138366898,0.1087997025586764,38,2.6924387614383254,0.0255813944520821,validation
2023,300,0.6,trend,BELOW_MA200,exclude,-0.0327061727059443,-0.0720089859766249,-0.3090232486655642,0.4573132407562794,160,0.837085475122827,-0.0037321902333182,validation
2023,300,0.6,vol_regime,HIGH_GE_70PCT,include,-0.0148410941878139,-0.0170818704334836,-0.8636284605396256,0.0012019922547416,4,0.0688056427680657,-0.0371027354695351,validation
2023,300,0.6,vol_regime,HIGH_GE_70PCT,exclude,0.0015867148534953,-0.0777479863170204,0.0673645758391031,0.5277083277590151,185,1.0094722939804737,0.0002078001929976,validation
2023,300,0.6,vol_regime,LOW_LE_30PCT,include,-0.0417918251494149,-0.0906894731926548,-0.441622904399456,0.4365801708237962,147,0.8873082146184699,-0.0025167082875551,validation
2023,300,0.6,vol_regime,LOW_LE_30PCT,exclude,0.0003144985701528,-0.034257004424655,0.0375279109742237,0.1397400742832072,51,0.9901224151937156,-0.0002538325583816,validation
2023,300,0.6,vol_regime,MID_30_TO_70PCT,include,0.0022761438948644,-0.034257004424655,0.0677269432358857,0.1392983569490952,50,1.0228559063923128,0.0005799220415602,validation
2023,300,0.6,vol_regime,MID_30_TO_70PCT,exclude,-0.0560126829239058,-0.1041846363669734,-0.5990062218876336,0.4377821630785379,151,0.8494116767965719,-0.0034328944380711,validation
2023,300,0.6,dd_regime,MEDIUM_-5_TO_-10PCT,include,0.0600295932777592,-0.0350401207006922,0.9758465066623858,0.1482279576769287,52,1.5696530260150023,0.0114649255062985,validation
2023,300,0.6,dd_regime,MEDIUM_-5_TO_-10PCT,exclude,-0.0183230513826501,-0.0762010084284433,-0.1647326155491452,0.4511700453704091,147,0.873614163010893,-0.002876312352706,validation
2023,300,0.6,dd_regime,SHALLOW_GT_-5PCT,include,-0.0183230513826501,-0.0762010084284433,-0.1647326155491452,0.4511700453704091,147,0.873614163010893,-0.002876312352706,validation
2023,300,0.6,dd_regime,SHALLOW_GT_-5PCT,exclude,0.0600295932777592,-0.0350401207006922,0.9758465066623858,0.1482279576769287,52,1.5696530260150023,0.0114649255062985,validation
2023,300,0.6,abs_regime,CALM_UPTREND,include,-0.00759409618461,-0.0130823114698274,-0.8911716182199265,0.0028161257404023,3,0.0,-0.0253709925747161,validation
2023,300,0.6,abs_regime,CALM_UPTREND,exclude,-0.0012692725766272,-0.0810367950866681,0.0399712330682381,0.5269139042829604,185,0.9970527648652256,-6.546087796938856e-05,validation
2023,300,0.6,abs_regime,CALM_WEAK,include,0.0008499085188318,-0.0303118957837567,0.0422453657284795,0.0531177490191669,15,0.9347812063339545,-0.0015089218614357,validation
2023,300,0.6,abs_regime,CALM_WEAK,exclude,-0.0098293994950365,-0.0777479863170204,-0.0487216755229944,0.4968732401898243,179,0.986135953915876,-0.0003098876327894,validation
2023,300,0.6,abs_regime,STRESS_REVERSAL,include,0.0277647981899624,-0.063314123952333,0.395422743446317,0.276329912525858,100,1.2396745449104185,0.0050017491176526,validation
2023,300,0.6,abs_regime,STRESS_REVERSAL,exclude,-0.0607227895027217,-0.0709420241555586,-0.7398213158188552,0.3523073187162527,116,0.7235252184661128,-0.0068486054047269,validation
2023,300,0.6,abs_regime,VOLATILE_UPTREND,include,-0.0693369141125064,-0.0773239118810918,-0.956105328066467,0.3006972356498474,102,0.6724017542350523,-0.0083809359225248,validation
2023,300,0.6,abs_regime,VOLATILE_UPTREND,exclude,0.0295002964868715,-0.0590920167846605,0.3945949826741694,0.3067982680468117,110,1.2213069492381814,0.0045111206551727,validation
2023,300,0.6,trend_x_vol,ABOVE_MA200|HIGH_GE_70PCT,include,-0.0148410941878139,-0.0170818704334836,-0.8636284605396256,0.0012019922547416,4,0.0688056427680657,-0.0371027354695351,validation
2023,300,0.6,trend_x_vol,ABOVE_MA200|HIGH_GE_70PCT,exclude,0.0015867148534953,-0.0777479863170204,0.0673645758391031,0.5277083277590151,185,1.0094722939804737,0.0002078001929976,validation
2023,300,0.6,trend_x_vol,ABOVE_MA200|LOW_LE_30PCT,include,-0.0850310052842653,-0.0850310052842653,-1.104659648256872,0.3723770268408606,126,0.6425906467370336,-0.0087324996230298,validation
2023,300,0.6,trend_x_vol,ABOVE_MA200|LOW_LE_30PCT,exclude,0.0489673894814839,-0.0409438164203685,0.6479928164807104,0.2227731379356901,77,1.4542949034319814,0.0094764090470982,validation
2023,300,0.6,trend_x_vol,ABOVE_MA200|MID_30_TO_70PCT,include,0.0156450893187107,-0.034257004424655,0.2854755736716524,0.13267365263398,45,1.1596129056197877,0.0036818450184257,validation
2023,300,0.6,trend_x_vol,ABOVE_MA200|MID_30_TO_70PCT,exclude,-0.0354057794503127,-0.091986799240271,-0.3390337785810846,0.4635801420658682,162,0.9194128688867144,-0.0018510436014509,validation
2023,300,0.6,trend_x_vol,BELOW_MA200|LOW_LE_30PCT,include,0.0486375944574184,-0.0329083199173984,1.0945505236532658,0.0830330636524829,26,3.512281785251789,0.0285626521963088,validation
2023,300,0.6,trend_x_vol,BELOW_MA200|LOW_LE_30PCT,exclude,-0.045481736081943,-0.0720089859766249,-0.4397343108786087,0.463946898327115,165,0.8116452999024865,-0.0044474991580731,validation
2023,300,0.6,trend_x_vol,BELOW_MA200|MID_30_TO_70PCT,include,0.0229143674033689,-0.0133758297737358,0.8891447038608516,0.0257666389061934,12,1.8231163819174645,0.0191220026729243,validation
2023,300,0.6,trend_x_vol,BELOW_MA200|MID_30_TO_70PCT,exclude,0.0130057500840639,-0.0777479863170204,0.178188556393128,0.5215163847392149,181,1.0344174270388171,0.0007358474966864,validation
2023,300,0.6,trend_x_dd,ABOVE_MA200|MEDIUM_-5_TO_-10PCT,include,0.0139153930214734,-0.0346595624315719,0.3361383638771876,0.0774254547363852,30,1.2212857018584404,0.0048885816786067,validation
2023,300,0.6,trend_x_dd,ABOVE_MA200|MEDIUM_-5_TO_-10PCT,exclude,0.0068846958315023,-0.0784815844130065,0.1196235150466118,0.4811388370552631,164,1.0318156722385703,0.0006943207469105,validation
2023,300,0.6,trend_x_dd,ABOVE_MA200|SHALLOW_GT_-5PCT,include,-0.050566970361541,-0.0727200302252519,-0.574914353942147,0.4043989281347671,136,0.7609233047034641,-0.0055923656331005,validation
2023,300,0.6,trend_x_dd,ABOVE_MA200|SHALLOW_GT_-5PCT,exclude,0.0678987499283318,-0.0355171659628715,1.025238630061691,0.1720901677996885,64,1.7922129570516436,0.0145892549117885,validation
2023,300,0.6,trend_x_dd,BELOW_MA200|MEDIUM_-5_TO_-10PCT,include,0.0647621724970071,-0.0277572368072368,1.4112709099939984,0.0849374924359166,26,2.4346056397446465,0.0244060308135455,validation
2023,300,0.6,trend_x_dd,BELOW_MA200|MEDIUM_-5_TO_-10PCT,exclude,0.0001443208777023,-0.0754926335602154,0.0505063887093141,0.5040843579923018,171,0.9322632530909504,-0.0015169978191639,validation
2023,300,0.6,trend_x_dd,BELOW_MA200|SHALLOW_GT_-5PCT,include,0.0262277773730779,-0.0146826768700299,0.9184501054615836,0.0490145564268651,13,2.09331738712486,0.0201664494018919,validation
2023,300,0.6,trend_x_dd,BELOW_MA200|SHALLOW_GT_-5PCT,exclude,-0.0153346374448486,-0.084354544911598,-0.1017442134401622,0.5066695478099489,176,0.896978036032005,-0.0023671288801542,validation
2023,300,0.8,ALL,ALL,baseline,0.0433972187577738,-0.0708016589636567,0.426739034525801,0.5939445071735492,177,1.0486345289186587,0.0011437438673737,validation
2023,300,0.8,trend,ABOVE_MA200,include,-0.0106400688155015,-0.0725891575148671,-0.0482971903561069,0.5209820975918902,155,0.815222823283355,-0.0044605178227645,validation
2023,300,0.8,trend,ABOVE_MA200,exclude,0.1280414353189496,-0.0237296653392614,2.071626779518729,0.1404489503226144,34,4.019791665990633,0.0471463849650468,validation
2023,300,0.8,trend,BELOW_MA200,include,0.1280414353189496,-0.0237296653392614,2.071626779518729,0.1404489503226144,34,4.019791665990633,0.0471463849650468,validation
2023,300,0.8,trend,BELOW_MA200,exclude,-0.0106400688155015,-0.0725891575148671,-0.0482971903561069,0.5209820975918902,155,0.815222823283355,-0.0044605178227645,validation
2023,300,0.8,vol_regime,HIGH_GE_70PCT,include,-0.0115512967005224,-0.0205174474716856,-0.5461592964577089,0.0057053487514307,4,0.2752217477960248,-0.0288782417513063,validation
2023,300,0.8,vol_regime,HIGH_GE_70PCT,exclude,0.0453223002813585,-0.0708016589636567,0.4439522297369034,0.5935181344555712,176,1.059308095570236,0.0013885467447763,validation
2023,300,0.8,vol_regime,LOW_LE_30PCT,include,-0.0247760368970775,-0.0890592917264085,-0.2106963092024978,0.4804906110069639,141,0.9255254943052464,-0.0017380442179056,validation
2023,300,0.8,vol_regime,LOW_LE_30PCT,exclude,0.001222817755748,-0.0534976314394873,0.0534221457949687,0.1699971567020611,45,0.9575468928425944,-0.001262000864989,validation
2023,300,0.8,vol_regime,MID_30_TO_70PCT,include,0.0030655035806663,-0.0534976314394873,0.0786667975801567,0.1695715138954565,44,0.9885408141990296,-0.0003374653720233,validation
2023,300,0.8,vol_regime,MID_30_TO_70PCT,exclude,-0.0360255334591553,-0.101322216783369,-0.3210064539054387,0.486194181844667,145,0.8954835314445881,-0.0024867393222752,validation
2023,300,0.8,dd_regime,MEDIUM_-5_TO_-10PCT,include,0.0885258465106484,-0.0467297282714678,1.198993029921461,0.1988287877855409,46,1.8690596094449228,0.0190022006683212,validation
2023,300,0.8,dd_regime,MEDIUM_-5_TO_-10PCT,exclude,0.0163347470808365,-0.0713538087804496,0.2132436882846228,0.5093243397313291,143,0.9190962978839706,-0.0019296776645477,validation
2023,300,0.8,dd_regime,SHALLOW_GT_-5PCT,include,0.0163347470808365,-0.0713538087804496,0.2132436882846228,0.5093243397313291,143,0.9190962978839706,-0.0019296776645477,validation
2023,300,0.8,dd_regime,SHALLOW_GT_-5PCT,exclude,0.0885258465106484,-0.0467297282714678,1.198993029921461,0.1988287877855409,46,1.8690596094449228,0.0190022006683212,validation
2023,300,0.8,abs_regime,CALM_UPTREND,include,-0.00759409618461,-0.0130823114698274,-0.8911716182199265,0.0028161257404023,3,0.0,-0.0253709925747161,validation
2023,300,0.8,abs_regime,CALM_UPTREND,exclude,0.042524290977115,-0.0740695577426142,0.4195718107731282,0.5926812413291931,176,1.0464695187632795,0.0011013120963166,validation
2023,300,0.8,abs_regime,CALM_WEAK,include,-0.0119339529447006,-0.0303118957837567,-0.3224583046117221,0.065146991845292,15,0.5688785219065059,-0.0101633299744292,validation
2023,300,0.8,abs_regime,CALM_WEAK,exclude,0.0221337771954444,-0.0856336292099493,0.2520899472795942,0.5670414246219041,164,1.0789315206067334,0.0018573921658754,validation
2023,300,0.8,abs_regime,STRESS_REVERSAL,include,0.0438981847931749,-0.0953953004601623,0.5272774430869355,0.3270748345821653,92,1.3027844815281668,0.0071984225186184,validation
2023,300,0.8,abs_regime,STRESS_REVERSAL,exclude,-0.0503837741561559,-0.091492070339729,-0.5403243144560613,0.4099849965783054,114,0.7518749786613974,-0.0061061577010097,validation
2023,300,0.8,abs_regime,VOLATILE_UPTREND,include,-0.0558713443112034,-0.0967980874852032,-0.6630061700964078,0.35288363534017,101,0.7409618746565267,-0.0066049069079896,validation
2023,300,0.8,abs_regime,VOLATILE_UPTREND,exclude,0.0527895727078937,-0.0842076732973674,0.5951742412088876,0.3548549080709842,105,1.2487638187014791,0.0057877204321085,validation
2023,300,0.8,trend_x_vol,ABOVE_MA200|HIGH_GE_70PCT,include,-0.0115512967005224,-0.0205174474716856,-0.5461592964577089,0.0057053487514307,4,0.2752217477960248,-0.0288782417513063,validation
2023,300,0.8,trend_x_vol,ABOVE_MA200|HIGH_GE_70PCT,exclude,0.0453223002813585,-0.0708016589636567,0.4439522297369034,0.5935181344555712,176,1.059308095570236,0.0013885467447763,validation
2023,300,0.8,trend_x_vol,ABOVE_MA200|LOW_LE_30PCT,include,-0.0908084628943234,-0.0908084628943234,-1.0538120317527553,0.4122091922265247,124,0.5789596443457349,-0.0105272463232469,validation
2023,300,0.8,trend_x_vol,ABOVE_MA200|LOW_LE_30PCT,exclude,0.0813807705408564,-0.0583259974909202,0.9454847486179108,0.2665303023940033,67,1.6930157449132244,0.0164437246352669,validation
2023,300,0.8,trend_x_vol,ABOVE_MA200|MID_30_TO_70PCT,include,0.020103108153836,-0.0501455823480904,0.320735494532928,0.1648972541043737,39,1.142367280081778,0.003888279639365,validation
2023,300,0.8,trend_x_vol,ABOVE_MA200|MID_30_TO_70PCT,exclude,0.0026128959670788,-0.090358943576725,0.0778336107514129,0.5257459803837938,156,1.0107318795866649,0.0002565146625639,validation
2023,300,0.8,trend_x_vol,BELOW_MA200|LOW_LE_30PCT,include,0.080060053929637,-0.017388211813955,1.6625977743461076,0.0965331456919421,22,5.596405801557132,0.0526599813403359,validation
2023,300,0.8,trend_x_vol,BELOW_MA200|LOW_LE_30PCT,exclude,-0.0272512191806654,-0.0725891575148671,-0.2040402438403541,0.5256630883931098,160,0.7840373644556047,-0.0053616977802048,validation
2023,300,0.8,trend_x_vol,BELOW_MA200|MID_30_TO_70PCT,include,0.0444247347309434,-0.0237296653392613,1.2229517778971537,0.0439158046306722,12,2.59432502537087,0.0370381249436837,validation
2023,300,0.8,trend_x_vol,BELOW_MA200|MID_30_TO_70PCT,exclude,0.0612147975953238,-0.0708016589636567,0.5799321580833399,0.5892635163723295,172,1.0938307042651614,0.0021449653885431,validation
2023,300,0.8,trend_x_dd,ABOVE_MA200|MEDIUM_-5_TO_-10PCT,include,0.0066959839939846,-0.0433537842338268,0.1603604493260135,0.0960924213736033,24,1.1231892074658292,0.0031926163033303,validation
2023,300,0.8,trend_x_dd,ABOVE_MA200|MEDIUM_-5_TO_-10PCT,exclude,0.0552753793779701,-0.073335016815758,0.5618981108197338,0.5431253876402862,160,1.1316631707978408,0.0030484150206363,validation
2023,300,0.8,trend_x_dd,ABOVE_MA200|SHALLOW_GT_-5PCT,include,-0.0325278634248532,-0.0757885039536612,-0.3000303747508235,0.4597112105987481,134,0.7673290706890228,-0.0056309263150435,validation
2023,300,0.8,trend_x_dd,ABOVE_MA200|SHALLOW_GT_-5PCT,exclude,0.0992387074625815,-0.0467297282714679,1.3105970099454909,0.2091380925643786,54,2.23269539533524,0.024980425031306,validation
2023,300,0.8,trend_x_dd,BELOW_MA200|MEDIUM_-5_TO_-10PCT,include,0.1170478713527691,-0.0237296653392613,1.959477168690507,0.1301396455437767,26,3.5504877706680325,0.0433898218409169,validation
2023,300,0.8,trend_x_dd,BELOW_MA200|MEDIUM_-5_TO_-10PCT,exclude,0.039327993981477,-0.0694851365953932,0.4079315929672902,0.5705952232004045,164,0.9455735948013712,-0.0012974392825792,validation
2023,300,0.8,trend_x_dd,BELOW_MA200|SHALLOW_GT_-5PCT,include,0.0432374257108603,-0.0155447902046048,1.3590949027082562,0.0551489967757065,11,3.020693268055904,0.0393101347476553,validation
2023,300,0.8,trend_x_dd,BELOW_MA200|SHALLOW_GT_-5PCT,exclude,0.028160848072239,-0.0708016513352556,0.2996075098050949,0.5860038095541957,171,0.9226769190350506,-0.0018630865168649,validation
2023,500,0.6,ALL,ALL,baseline,0.1479408120560392,-0.0706465864703861,1.272970976180311,0.6366609327844295,310,1.111309010467877,0.002354535331433,validation
2023,500,0.6,trend,ABOVE_MA200,include,0.0464292715400631,-0.0653167997874981,0.4805967366837173,0.584952314383827,258,0.897876977118855,-0.0022949084363123,validation
2023,500,0.6,trend,ABOVE_MA200,exclude,0.1676779165707196,-0.0249360351917572,2.8151896293422696,0.1380617645148721,67,3.284016254464613,0.0302050631223855,validation
2023,500,0.6,trend,BELOW_MA200,include,0.1676779165707196,-0.0249360351917572,2.8151896293422696,0.1380617645148721,67,3.284016254464613,0.0302050631223855,validation
2023,500,0.6,trend,BELOW_MA200,exclude,0.0464292715400631,-0.0653167997874981,0.4805967366837173,0.584952314383827,258,0.897876977118855,-0.0022949084363123,validation
2023,500,0.6,vol_regime,HIGH_GE_70PCT,include,-0.0148410941878139,-0.0170818704334836,-0.8636284605396256,0.0012019922547416,4,0.0688056427680657,-0.0371027354695351,validation
2023,500,0.6,vol_regime,HIGH_GE_70PCT,exclude,0.1483505442243962,-0.0706465864703861,1.2786509418370302,0.6362584123545934,310,1.1118982130943014,0.0023657445291998,validation
2023,500,0.6,vol_regime,LOW_LE_30PCT,include,0.0957179208212239,-0.0745268936842654,0.9875743188974804,0.5264893089753855,236,1.0636045172024184,0.0013549941122022,validation
2023,500,0.6,vol_regime,LOW_LE_30PCT,exclude,-0.0126855806613571,-0.0643928516225909,-0.1484289934274911,0.1746933913103195,95,0.929907448569737,-0.0016940512914095,validation
2023,500,0.6,vol_regime,MID_30_TO_70PCT,include,-0.0123331709893147,-0.0643928516225909,-0.1445459586656201,0.1742908684707896,95,0.931316917235972,-0.0016574739092231,validation
2023,500,0.6,vol_regime,MID_30_TO_70PCT,exclude,0.0794562679550405,-0.088261927223386,0.8225123227149589,0.5276913012301272,240,1.0330380082598545,0.0007140319525065,validation
2023,500,0.6,dd_regime,MEDIUM_-5_TO_-10PCT,include,0.1453217695101563,-0.0550047827055765,1.8758491698843809,0.204606616169295,104,1.528915812567132,0.0110464156959426,validation
2023,500,0.6,dd_regime,MEDIUM_-5_TO_-10PCT,exclude,0.0342495871628416,-0.0720415246205307,0.3814918736052289,0.5668769490066133,229,0.9702230749890218,-0.0006403169214333,validation
2023,500,0.6,dd_regime,SHALLOW_GT_-5PCT,include,0.0342495871628416,-0.0720415246205307,0.3814918736052289,0.5668769490066133,229,0.9702230749890218,-0.0006403169214333,validation
2023,500,0.6,dd_regime,SHALLOW_GT_-5PCT,exclude,0.1453217695101563,-0.0550047827055765,1.8758491698843809,0.204606616169295,104,1.528915812567132,0.0110464156959426,validation
2023,500,0.6,abs_regime,CALM_UPTREND,include,-0.0089961108185683,-0.0171932064504033,-0.6216734558734238,0.0293091232149407,10,0.6215583759197483,-0.0088764270919155,validation
2023,500,0.6,abs_regime,CALM_UPTREND,exclude,0.1619827657178605,-0.0611953182322813,1.3756451023819665,0.6319528122486265,306,1.1257364958939338,0.00265983645425,validation
2023,500,0.6,abs_regime,CALM_WEAK,include,-0.0020720979581138,-0.0322357605619486,-0.0438058536179362,0.0547090200694705,17,0.8619323290615448,-0.0030567866476251,validation
2023,500,0.6,abs_regime,CALM_WEAK,exclude,0.1633573779864232,-0.0630898857761509,1.4184726974506812,0.6107898350762865,301,1.13037761034371,0.0027560021147061,validation
2023,500,0.6,abs_regime,STRESS_REVERSAL,include,0.1287128247113187,-0.0538328542058065,1.3701199624672489,0.3649859316706529,169,1.239686744978182,0.005221767065758,validation
2023,500,0.6,abs_regime,STRESS_REVERSAL,exclude,0.0237013056647501,-0.0803696938561123,0.3123817560610554,0.4406479501201365,174,1.028891671651749,0.0006127342546759,validation
2023,500,0.6,abs_regime,VOLATILE_UPTREND,include,0.0161538657597748,-0.0846377288869688,0.237481447381898,0.387991256738212,157,1.0179740389406025,0.000389270596617,validation
2023,500,0.6,abs_regime,VOLATILE_UPTREND,exclude,0.0982375943618443,-0.0691220640935285,1.0486945546032804,0.4092451868546894,188,1.1474629662246454,0.0032425720100051,validation
2023,500,0.6,trend_x_vol,ABOVE_MA200|HIGH_GE_70PCT,include,-0.0148410941878139,-0.0170818704334836,-0.8636284605396256,0.0012019922547416,4,0.0688056427680657,-0.0371027354695351,validation
2023,500,0.6,trend_x_vol,ABOVE_MA200|HIGH_GE_70PCT,exclude,0.1483505442243962,-0.0706465864703861,1.2786509418370302,0.6362584123545934,310,1.1118982130943014,0.0023657445291998,validation
2023,500,0.6,trend_x_vol,ABOVE_MA200|LOW_LE_30PCT,include,-0.0055477445464862,-0.0745268936791619,-0.0153618578338625,0.481419361093947,197,0.7992853960706365,-0.0046936474434708,validation
2023,500,0.6,trend_x_vol,ABOVE_MA200|LOW_LE_30PCT,exclude,0.0852798945958328,-0.0723071087322274,1.026937014811494,0.2687730888276005,137,1.394838885300989,0.0080554297100039,validation
2023,500,0.6,trend_x_vol,ABOVE_MA200|MID_30_TO_70PCT,include,-0.0080076452528103,-0.0590274192997672,-0.0877895191454798,0.1676524897298404,82,0.879701683388878,-0.0028661609005551,validation
2023,500,0.6,trend_x_vol,ABOVE_MA200|MID_30_TO_70PCT,exclude,0.1455544762700187,-0.0794676314321908,1.356836610831843,0.5717487992683303,264,1.164981998927604,0.0034833792404756,validation
2023,500,0.6,trend_x_vol,BELOW_MA200|LOW_LE_30PCT,include,0.0992241917451315,-0.0149849763234919,2.1100542187247164,0.0940796975172809,42,3.5340510182351563,0.0301078272132011,validation
2023,500,0.6,trend_x_vol,BELOW_MA200|LOW_LE_30PCT,exclude,0.041848734956051,-0.0706465864652611,0.4335510656633921,0.591590984902991,271,0.916155988416227,-0.0018986022291485,validation
2023,500,0.6,trend_x_vol,BELOW_MA200|MID_30_TO_70PCT,include,0.0622745799625377,-0.0122387401148726,1.8495282666477904,0.0439820669975911,25,2.961635019612178,0.0303684194498153,validation
2023,500,0.6,trend_x_vol,BELOW_MA200|MID_30_TO_70PCT,exclude,0.1529877874081042,-0.0653167997926523,1.3310887888089045,0.6300222622652654,297,1.1049015242298208,0.0021964336036192,validation
2023,500,0.6,trend_x_dd,ABOVE_MA200|MEDIUM_-5_TO_-10PCT,include,0.020019478057796,-0.0495498048801494,0.3783258023298098,0.1187724493728996,61,0.8173839218512534,-0.0048447853757518,validation
2023,500,0.6,trend_x_dd,ABOVE_MA200|MEDIUM_-5_TO_-10PCT,exclude,0.1149648636268987,-0.0713415292390654,1.0775898125298042,0.5806521139757411,267,1.191249017715294,0.0039012624558605,validation
2023,500,0.6,trend_x_dd,ABOVE_MA200|SHALLOW_GT_-5PCT,include,-0.0036724416361151,-0.0720415246205335,0.0110289449429667,0.5267119929284307,210,0.872397528425306,-0.0028259158984035,validation
2023,500,0.6,trend_x_dd,ABOVE_MA200|SHALLOW_GT_-5PCT,exclude,0.1545787131212228,-0.0550047827055767,1.9135640944245735,0.2312278428433163,122,1.5805778996347035,0.0116394201632336,validation
2023,500,0.6,trend_x_dd,BELOW_MA200|MEDIUM_-5_TO_-10PCT,include,0.1583159488618555,-0.0249360351917578,2.8740914865156,0.1114405378408508,49,3.8625747257256138,0.0357664735033339,validation
2023,500,0.6,trend_x_dd,BELOW_MA200|MEDIUM_-5_TO_-10PCT,exclude,0.0862791974504084,-0.065316799788209,0.8038287038874419,0.6251033616047291,277,0.9760721047593808,-0.0005244643065418,validation
2023,500,0.6,trend_x_dd,BELOW_MA200|SHALLOW_GT_-5PCT,include,0.0315383648321312,-0.0166180060004108,0.9798845620998804,0.0631656048525022,19,2.404986459888068,0.0219916927933163,validation
2023,500,0.6,trend_x_dd,BELOW_MA200|SHALLOW_GT_-5PCT,exclude,0.1297582904604894,-0.0706465864700102,1.15130766782241,0.6257904565483977,292,1.0660655062638718,0.0014309404778415,validation
2023,500,0.8,ALL,ALL,baseline,0.1960991569797654,-0.0773447642643808,1.5099983341199146,0.6972994919848774,276,1.402993853563876,0.0082891282184046,validation
2023,500,0.8,trend,ABOVE_MA200,include,0.0679512507875292,-0.0712466641249417,0.6244319647129225,0.6422911307821766,234,1.0242854394913887,0.0005359414254709,validation
2023,500,0.8,trend,ABOVE_MA200,exclude,0.2209792196637616,-0.0222146842734,3.02417255837753,0.1625608002770805,57,6.069915720155708,0.0567498727111693,validation
2023,500,0.8,trend,BELOW_MA200,include,0.2209792196637616,-0.0222146842734,3.02417255837753,0.1625608002770805,57,6.069915720155708,0.0567498727111693,validation
2023,500,0.8,trend,BELOW_MA200,exclude,0.0679512507875292,-0.0712466641249417,0.6244319647129225,0.6422911307821766,234,1.0242854394913887,0.0005359414254709,validation
2023,500,0.8,vol_regime,HIGH_GE_70PCT,include,-0.0115512967005224,-0.0205174474716856,-0.5461592964577089,0.0057053487514307,4,0.2752217477960248,-0.0288782417513063,validation
2023,500,0.8,vol_regime,HIGH_GE_70PCT,exclude,0.1956723018958037,-0.0773447642643808,1.50702787878041,0.6971876610998053,276,1.4038531408503114,0.0083017182593745,validation
2023,500,0.8,vol_regime,LOW_LE_30PCT,include,0.1215911560732996,-0.0814422357242988,1.1469037015747925,0.5717390912224687,212,1.2480972901345684,0.0052872220184985,validation
2023,500,0.8,vol_regime,LOW_LE_30PCT,exclude,-0.0178604747549866,-0.0854196181101281,-0.1985465388997414,0.1958922026760865,92,1.0567642094417316,0.0014569097960807,validation
2023,500,0.8,vol_regime,MID_30_TO_70PCT,include,-0.0182089849383416,-0.0854196181101281,-0.2031822277543179,0.1957795298815518,92,1.0583216375332607,0.0014946799189906,validation
2023,500,0.8,vol_regime,MID_30_TO_70PCT,exclude,0.1086532706934544,-0.0938077002616671,1.0180005390832902,0.5774426620601718,216,1.2149471650412933,0.0046545282449836,validation
2023,500,0.8,dd_regime,MEDIUM_-5_TO_-10PCT,include,0.2092940286831284,-0.0644057863215622,2.268182209384301,0.2622076224833941,99,1.8846545280654672,0.0186717030188618,validation
2023,500,0.8,dd_regime,MEDIUM_-5_TO_-10PCT,exclude,0.1146251917568261,-0.0819073200710924,1.0079473594776869,0.6185281235055272,220,1.2090350889515278,0.0044425561665235,validation
2023,500,0.8,dd_regime,SHALLOW_GT_-5PCT,include,0.1146251917568261,-0.0819073200710924,1.0079473594776869,0.6185281235055272,220,1.2090350889515278,0.0044425561665235,validation
2023,500,0.8,dd_regime,SHALLOW_GT_-5PCT,exclude,0.2092940286831284,-0.0644057863215622,2.268182209384301,0.2622076224833941,99,1.8846545280654672,0.0186717030188618,validation
2023,500,0.8,abs_regime,CALM_UPTREND,include,-0.0138719578703354,-0.0206651101892875,-0.9399641413963596,0.0374950477133034,10,0.4377675214433215,-0.0138052597474679,validation
2023,500,0.8,abs_regime,CALM_UPTREND,exclude,0.2163487397102916,-0.0640072045632962,1.644250560280767,0.6824927483222728,272,1.4410718146511217,0.0090511870692178,validation
2023,500,0.8,abs_regime,CALM_WEAK,include,-0.0148168214886656,-0.0322357605619486,-0.4028306373231855,0.0667407727577002,17,0.5253053533765111,-0.0106930291002665,validation
2023,500,0.8,abs_regime,CALM_WEAK,exclude,0.202638103225297,-0.072241627968191,1.586712696675303,0.6740060194590178,265,1.397475122268468,0.0084434136978168,validation
2023,500,0.8,abs_regime,STRESS_REVERSAL,include,0.1331456977893061,-0.0689556384641284,1.284989821440579,0.4086769811922194,154,1.3980992723278165,0.008934917526946,validation
2023,500,0.8,abs_regime,STRESS_REVERSAL,exclude,0.0821124323352524,-0.0875871160411769,0.8596416211779039,0.492627889136412,171,1.1684039060750506,0.0036052518019403,validation
2023,500,0.8,abs_regime,VOLATILE_UPTREND,include,0.0723196122550646,-0.0924976777242766,0.8010762769839544,0.4270299436956178,155,1.2210628852859902,0.0048401099166996,validation
2023,500,0.8,abs_regime,VOLATILE_UPTREND,exclude,0.1054209261592711,-0.0916006057080917,1.0170354830097017,0.4586140908851959,174,1.275506778747899,0.0061288738113062,validation
2023,500,0.8,trend_x_vol,ABOVE_MA200|HIGH_GE_70PCT,include,-0.0115512967005224,-0.0205174474716856,-0.5461592964577089,0.0057053487514307,4,0.2752217477960248,-0.0288782417513063,validation
2023,500,0.8,trend_x_vol,ABOVE_MA200|HIGH_GE_70PCT,exclude,0.1956723018958037,-0.0773447642643808,1.50702787878041,0.6971876610998053,276,1.4038531408503114,0.0083017182593745,validation
2023,500,0.8,trend_x_vol,ABOVE_MA200|LOW_LE_30PCT,include,-0.0020081614758191,-0.0814425048567294,0.028886191213356,0.5208453600097286,183,0.7796552378079643,-0.0052302691572672,validation
2023,500,0.8,trend_x_vol,ABOVE_MA200|LOW_LE_30PCT,exclude,0.1208136572648288,-0.0879864501934684,1.2832834033223126,0.2999819053846891,124,1.8544774986158368,0.0180010076222028,validation
2023,500,0.8,trend_x_vol,ABOVE_MA200|MID_30_TO_70PCT,include,-0.0144876632859236,-0.0793815097068691,-0.1640837485347439,0.1915078738508481,79,1.0263267874821294,0.0006728073611297,validation
2023,500,0.8,trend_x_vol,ABOVE_MA200|MID_30_TO_70PCT,exclude,0.1810605222561503,-0.0889894090571294,1.4973031549977265,0.631601195695832,240,1.4143009619287843,0.0087423649637711,validation
2023,500,0.8,trend_x_vol,BELOW_MA200|LOW_LE_30PCT,include,0.141195958878878,-0.0173267793549533,2.5684379583695334,0.1040897027086025,32,9.359004710590094,0.0655652888723039,validation
2023,500,0.8,trend_x_vol,BELOW_MA200|LOW_LE_30PCT,exclude,0.0642890595629568,-0.0773450346123586,0.5866302592344067,0.6464057607769199,247,1.038119839536653,0.0008492674679274,validation
2023,500,0.8,trend_x_vol,BELOW_MA200|MID_30_TO_70PCT,include,0.0699119727546735,-0.01605814669394,1.600105907880341,0.0584710975684779,25,3.936865799909465,0.045466140024917,validation
2023,500,0.8,trend_x_vol,BELOW_MA200|MID_30_TO_70PCT,exclude,0.2002149033534164,-0.0712463919888642,1.560513171169618,0.6931848619905179,263,1.412773445063524,0.0083781012063186,validation
2023,500,0.8,trend_x_dd,ABOVE_MA200|MEDIUM_-5_TO_-10PCT,include,0.0254669932061399,-0.0581592709570748,0.4295479214544028,0.1458830328596849,56,0.8735485211284416,-0.0034679238748312,validation
2023,500,0.8,trend_x_dd,ABOVE_MA200|MEDIUM_-5_TO_-10PCT,exclude,0.193772252747614,-0.0817097040820649,1.56733341677168,0.6439125591414484,244,1.5103733398825192,0.0103464844804216,validation
2023,500,0.8,trend_x_dd,ABOVE_MA200|SHALLOW_GT_-5PCT,include,0.0462471864901512,-0.0819073200712747,0.4667325500211334,0.5774312195610127,199,0.9964112436784848,-7.93003401293534e-05,validation
2023,500,0.8,trend_x_dd,ABOVE_MA200|SHALLOW_GT_-5PCT,exclude,0.2153132850703851,-0.064405786321562,2.30911065577954,0.2640636524171642,107,2.2067680848124187,0.0238569084651168,validation
2023,500,0.8,trend_x_dd,BELOW_MA200|MEDIUM_-5_TO_-10PCT,include,0.2149319007897294,-0.0222146842734004,2.9871597123100417,0.1607047703433103,49,5.133328478211072,0.0516439211762545,validation
2023,500,0.8,trend_x_dd,BELOW_MA200|MEDIUM_-5_TO_-10PCT,exclude,0.137644171931796,-0.0712466641289181,1.1335254454116714,0.6833489972567602,255,1.205528737355256,0.0043864839916907,validation
2023,500,0.8,trend_x_dd,BELOW_MA200|SHALLOW_GT_-5PCT,include,0.0535145912505008,-0.015472741732087,1.4856313469778624,0.0600073999369263,22,4.089197388747394,0.0428894001072547,validation
2023,500,0.8,trend_x_dd,BELOW_MA200|SHALLOW_GT_-5PCT,exclude,0.1871261125979839,-0.0773447642643599,1.4545828892206007,0.6957851504251454,270,1.2713165832390916,0.0057185596812637,validation
2024,300,0.6,ALL,ALL,baseline,-0.0328611320244912,-0.1027975480639838,-0.2964963774929456,0.4227361092132097,149,0.928591767148448,-0.0016809053166312,validation
2024,300,0.6,trend,ABOVE_MA200,include,-0.0328611320244912,-0.1027975480639838,-0.2964963774929456,0.4227361092132097,149,0.928591767148448,-0.0016809053166312,validation
2024,300,0.6,trend,ABOVE_MA200,exclude,0.0,0.0,,0.0,0,,,validation
2024,300,0.6,vol_regime,HIGH_GE_70PCT,include,0.0354307136706035,-0.0488325732064327,0.574618053332084,0.1569538194766263,54,1.30737785694953,0.0069359855083735,validation
2024,300,0.6,vol_regime,HIGH_GE_70PCT,exclude,-0.0844341577668607,-0.1052531631057243,-1.121286844773463,0.3170697366458828,109,0.7017542445042632,-0.0075180243245308,validation
2024,300,0.6,vol_regime,LOW_LE_30PCT,include,-0.0720346215402463,-0.0986807494936576,-1.1723550069783628,0.1929669419491769,72,0.6036572742736025,-0.0108445269087956,validation
2024,300,0.6,vol_regime,LOW_LE_30PCT,exclude,0.0318546927207783,-0.075770287759659,0.4305093180987089,0.3097734007369881,102,1.1562217730522113,0.0033725521409262,validation
2024,300,0.6,vol_regime,MID_30_TO_70PCT,include,-0.0240599793154089,-0.0727258430121641,-0.4244585915364431,0.2029317463122939,62,0.8439870110093666,-0.0036291845293761,validation
2024,300,0.6,vol_regime,MID_30_TO_70PCT,exclude,-0.0331939929417108,-0.0870744270426961,-0.3297018542050945,0.3485021859894579,125,0.8893474154173169,-0.0027693649012375,validation
2024,300,0.6,dd_regime,MEDIUM_-5_TO_-10PCT,include,0.0713556928582141,-0.0066794207743902,1.915688635502062,0.0210204799304734,8,21.28031086770639,0.0887825865994107,validation
2024,300,0.6,dd_regime,MEDIUM_-5_TO_-10PCT,exclude,-0.0635106403546073,-0.0994852498805041,-0.6692687788511897,0.4126356270344348,144,0.8318250405385894,-0.0040923834219657,validation
2024,300,0.6,dd_regime,SHALLOW_GT_-5PCT,include,-0.0635106403546073,-0.0994852498805041,-0.6692687788511897,0.4126356270344348,144,0.8318250405385894,-0.0040923834219657,validation
2024,300,0.6,dd_regime,SHALLOW_GT_-5PCT,exclude,0.0713556928582141,-0.0066794207743902,1.915688635502062,0.0210204799304734,8,21.28031086770639,0.0887825865994107,validation
2024,300,0.6,abs_regime,CALM_UPTREND,include,-0.0796449190949709,-0.0975927050013568,-1.2589620602554097,0.1841969417465242,70,0.5958775539199331,-0.0116315420186802,validation
2024,300,0.6,abs_regime,CALM_UPTREND,exclude,0.0275999441191827,-0.0757702877596587,0.3793787371409927,0.325028728017478,106,1.1513553099056093,0.0032190881477647,validation
2024,300,0.6,abs_regime,STRESS_REVERSAL,include,0.095280627724515,-0.0245121752717373,1.650151932135432,0.0966957066749444,39,2.6884787903165948,0.024749994155159,validation
2024,300,0.6,abs_regime,STRESS_REVERSAL,exclude,-0.1303075886295814,-0.1568610645210392,-1.6258949506478595,0.352691822455041,118,0.5926565976984317,-0.0112296481422843,validation
2024,300,0.6,abs_regime,VOLATILE_UPTREND,include,-0.0775005183398506,-0.1056663013521989,-1.2341362372570763,0.2530600350686729,75,0.6297981077674502,-0.0099276517495312,validation
2024,300,0.6,abs_regime,VOLATILE_UPTREND,exclude,0.0105579462955525,-0.0672085163772799,0.1653625085047722,0.2766204206462459,108,1.0707371906805965,0.0016745180970108,validation
2024,300,0.6,trend_x_vol,ABOVE_MA200|HIGH_GE_70PCT,include,0.0354307136706035,-0.0488325732064327,0.574618053332084,0.1569538194766263,54,1.30737785694953,0.0069359855083735,validation
2024,300,0.6,trend_x_vol,ABOVE_MA200|HIGH_GE_70PCT,exclude,-0.0844341577668607,-0.1052531631057243,-1.121286844773463,0.3170697366458828,109,0.7017542445042632,-0.0075180243245308,validation
2024,300,0.6,trend_x_vol,ABOVE_MA200|LOW_LE_30PCT,include,-0.0720346215402463,-0.0986807494936576,-1.1723550069783628,0.1929669419491769,72,0.6036572742736025,-0.0108445269087956,validation
2024,300,0.6,trend_x_vol,ABOVE_MA200|LOW_LE_30PCT,exclude,0.0318546927207783,-0.075770287759659,0.4305093180987089,0.3097734007369881,102,1.1562217730522113,0.0033725521409262,validation
2024,300,0.6,trend_x_vol,ABOVE_MA200|MID_30_TO_70PCT,include,-0.0240599793154089,-0.0727258430121641,-0.4244585915364431,0.2029317463122939,62,0.8439870110093666,-0.0036291845293761,validation
2024,300,0.6,trend_x_vol,ABOVE_MA200|MID_30_TO_70PCT,exclude,-0.0331939929417108,-0.0870744270426961,-0.3297018542050945,0.3485021859894579,125,0.8893474154173169,-0.0027693649012375,validation
2024,300,0.6,trend_x_dd,ABOVE_MA200|MEDIUM_-5_TO_-10PCT,include,0.0713556928582141,-0.0066794207743902,1.915688635502062,0.0210204799304734,8,21.28031086770639,0.0887825865994107,validation
2024,300,0.6,trend_x_dd,ABOVE_MA200|MEDIUM_-5_TO_-10PCT,exclude,-0.0635106403546073,-0.0994852498805041,-0.6692687788511897,0.4126356270344348,144,0.8318250405385894,-0.0040923834219657,validation
2024,300,0.6,trend_x_dd,ABOVE_MA200|SHALLOW_GT_-5PCT,include,-0.0635106403546073,-0.0994852498805041,-0.6692687788511897,0.4126356270344348,144,0.8318250405385894,-0.0040923834219657,validation
2024,300,0.6,trend_x_dd,ABOVE_MA200|SHALLOW_GT_-5PCT,exclude,0.0713556928582141,-0.0066794207743902,1.915688635502062,0.0210204799304734,8,21.28031086770639,0.0887825865994107,validation
2024,300,0.8,ALL,ALL,baseline,-0.0156914648310235,-0.1079530208899136,-0.0937220586910712,0.4959102152169116,152,0.9522605241776104,-0.0011777278394057,validation
2024,300,0.8,trend,ABOVE_MA200,include,-0.0156914648310235,-0.1079530208899136,-0.0937220586910712,0.4959102152169116,152,0.9522605241776104,-0.0011777278394057,validation
2024,300,0.8,trend,ABOVE_MA200,exclude,0.0,0.0,,0.0,0,,,validation
2024,300,0.8,vol_regime,HIGH_GE_70PCT,include,0.0452654830842018,-0.0576385242138329,0.6715486353037962,0.197525980340473,54,1.3608585142641771,0.0085687783422378,validation
2024,300,0.8,vol_regime,HIGH_GE_70PCT,exclude,-0.0838476850138851,-0.1126937390597864,-0.9888258210321454,0.3663021849801409,112,0.7178616893722746,-0.0073716799053292,validation
2024,300,0.8,vol_regime,LOW_LE_30PCT,include,-0.0801353532823335,-0.1092472845673243,-1.189768099893982,0.2178900212632133,73,0.5739355030527463,-0.0120809106780244,validation
2024,300,0.8,vol_regime,LOW_LE_30PCT,exclude,0.0699349827488324,-0.0598660840209633,0.8138742890572559,0.3640402201200196,102,1.2692433165841177,0.0059807597885909,validation
2024,300,0.8,vol_regime,MID_30_TO_70PCT,include,-0.0058387569408098,-0.0629512548742918,-0.0677580792006061,0.2334864346447949,62,0.9746395791811788,-0.0005899357963051,validation
2024,300,0.8,vol_regime,MID_30_TO_70PCT,exclude,-0.0324860991921456,-0.1028978349062997,-0.2832836525739781,0.4140009688567661,126,0.8909191398721221,-0.0028500027118137,validation
2024,300,0.8,dd_regime,MEDIUM_-5_TO_-10PCT,include,0.0673882724160357,-0.0162333987260948,1.668094467036532,0.0375866132884655,8,20.11685600255754,0.0836892459206903,validation
2024,300,0.8,dd_regime,MEDIUM_-5_TO_-10PCT,exclude,-0.0430742674716027,-0.1079784318838514,-0.3822405466964319,0.4745149816043169,147,0.8726523476331043,-0.0032456886173124,validation
2024,300,0.8,dd_regime,SHALLOW_GT_-5PCT,include,-0.0430742674716027,-0.1079784318838514,-0.3822405466964319,0.4745149816043169,147,0.8726523476331043,-0.0032456886173124,validation
2024,300,0.8,dd_regime,SHALLOW_GT_-5PCT,exclude,0.0673882724160357,-0.0162333987260948,1.668094467036532,0.0375866132884655,8,20.11685600255754,0.0836892459206903,validation
2024,300,0.8,abs_regime,CALM_UPTREND,include,-0.091373278522733,-0.1126511581302501,-1.3237786661500537,0.2049215437746257,70,0.5550547894011766,-0.0134235569952379,validation
2024,300,0.8,abs_regime,CALM_UPTREND,exclude,0.0630720469713794,-0.0598660840209629,0.7492168899529004,0.3752254118849481,106,1.2704392521746068,0.0059215679102478,validation
2024,300,0.8,abs_regime,STRESS_REVERSAL,include,0.1148542017151963,-0.0341970828604913,1.6451381546471815,0.1405555391643076,39,2.8055417341473907,0.0289247873647871,validation
2024,300,0.8,abs_regime,STRESS_REVERSAL,exclude,-0.1370963776912328,-0.1702992010360041,-1.6225476021250669,0.3870566989839851,121,0.5885175086723372,-0.0117064062427824,validation
2024,300,0.8,abs_regime,VOLATILE_UPTREND,include,-0.0701334567186764,-0.1030326415456703,-1.136444422660255,0.2647245767673207,75,0.6933216327826307,-0.0082790394875618,validation
2024,300,0.8,abs_regime,VOLATILE_UPTREND,exclude,0.0141624015890367,-0.0792922711128988,0.1919341212997793,0.3412976616692381,108,1.0806204562128876,0.0020205911230891,validation
2024,300,0.8,trend_x_vol,ABOVE_MA200|HIGH_GE_70PCT,include,0.0452654830842018,-0.0576385242138329,0.6715486353037962,0.197525980340473,54,1.3608585142641771,0.0085687783422378,validation
2024,300,0.8,trend_x_vol,ABOVE_MA200|HIGH_GE_70PCT,exclude,-0.0838476850138851,-0.1126937390597864,-0.9888258210321454,0.3663021849801409,112,0.7178616893722746,-0.0073716799053292,validation
2024,300,0.8,trend_x_vol,ABOVE_MA200|LOW_LE_30PCT,include,-0.0801353532823335,-0.1092472845673243,-1.189768099893982,0.2178900212632133,73,0.5739355030527463,-0.0120809106780244,validation
2024,300,0.8,trend_x_vol,ABOVE_MA200|LOW_LE_30PCT,exclude,0.0699349827488324,-0.0598660840209633,0.8138742890572559,0.3640402201200196,102,1.2692433165841177,0.0059807597885909,validation
2024,300,0.8,trend_x_vol,ABOVE_MA200|MID_30_TO_70PCT,include,-0.0058387569408098,-0.0629512548742918,-0.0677580792006061,0.2334864346447949,62,0.9746395791811788,-0.0005899357963051,validation
2024,300,0.8,trend_x_vol,ABOVE_MA200|MID_30_TO_70PCT,exclude,-0.0324860991921456,-0.1028978349062997,-0.2832836525739781,0.4140009688567661,126,0.8909191398721221,-0.0028500027118137,validation
2024,300,0.8,trend_x_dd,ABOVE_MA200|MEDIUM_-5_TO_-10PCT,include,0.0673882724160357,-0.0162333987260948,1.668094467036532,0.0375866132884655,8,20.11685600255754,0.0836892459206903,validation
2024,300,0.8,trend_x_dd,ABOVE_MA200|MEDIUM_-5_TO_-10PCT,exclude,-0.0430742674716027,-0.1079784318838514,-0.3822405466964319,0.4745149816043169,147,0.8726523476331043,-0.0032456886173124,validation
2024,300,0.8,trend_x_dd,ABOVE_MA200|SHALLOW_GT_-5PCT,include,-0.0430742674716027,-0.1079784318838514,-0.3822405466964319,0.4745149816043169,147,0.8726523476331043,-0.0032456886173124,validation
2024,300,0.8,trend_x_dd,ABOVE_MA200|SHALLOW_GT_-5PCT,exclude,0.0673882724160357,-0.0162333987260948,1.668094467036532,0.0375866132884655,8,20.11685600255754,0.0836892459206903,validation
2024,500,0.6,ALL,ALL,baseline,0.5039481210972423,-0.0589177464510047,1.1598257126069615,0.6160326356213762,255,1.7908247478859909,0.0177411429490812,validation
2024,500,0.6,trend,ABOVE_MA200,include,0.5039481210972423,-0.0589177464510047,1.1598257126069615,0.6160326356213762,255,1.7908247478859909,0.0177411429490812,validation
2024,500,0.6,trend,ABOVE_MA200,exclude,0.0,0.0,,0.0,0,,,validation
2024,500,0.6,vol_regime,HIGH_GE_70PCT,include,0.1273092711379617,-0.0580128862830037,1.513484636620782,0.2572137552263825,94,1.719982355325211,0.0141572967932713,validation
2024,500,0.6,vol_regime,HIGH_GE_70PCT,exclude,0.3114470821730726,-0.0785701145366225,0.832835127205462,0.4454614221198256,179,1.7046073369074746,0.0175288486610498,validation
2024,500,0.6,vol_regime,LOW_LE_30PCT,include,0.3594007045238565,-0.0609661874461875,0.9212919678824084,0.2807340849302039,105,2.240553987859438,0.0331973254750494,validation
2024,500,0.6,vol_regime,LOW_LE_30PCT,exclude,0.0636231353769181,-0.0771562125806186,0.6753959157440521,0.4601569832938713,177,1.1226657831039406,0.0026846560483373,validation
2024,500,0.6,vol_regime,MID_30_TO_70PCT,include,-0.0598402183478331,-0.0848509025360929,-0.9563428560495982,0.2864184579100946,101,0.7068983994380469,-0.0071653353409211,validation
2024,500,0.6,vol_regime,MID_30_TO_70PCT,exclude,0.5414782258481796,-0.0543663658257955,1.2178073875632294,0.5208837473017481,195,2.1050438037013697,0.0252912772307866,validation
2024,500,0.6,dd_regime,MEDIUM_-5_TO_-10PCT,include,0.10487748910431,-0.0130189748227401,2.0045634178676712,0.0551431203450905,17,15.495855337501318,0.0693895541855587,validation
2024,500,0.6,dd_regime,MEDIUM_-5_TO_-10PCT,exclude,0.4335516196413724,-0.0589177645406618,1.045762736560897,0.6009022297129809,237,1.6420195583926764,0.0152930069137502,validation
2024,500,0.6,dd_regime,SHALLOW_GT_-5PCT,include,0.4335516196413724,-0.0589177645406618,1.045762736560897,0.6009022297129809,237,1.6420195583926764,0.0152930069137502,validation
2024,500,0.6,dd_regime,SHALLOW_GT_-5PCT,exclude,0.10487748910431,-0.0130189748227401,2.0045634178676712,0.0551431203450905,17,15.495855337501318,0.0693895541855587,validation
2024,500,0.6,abs_regime,CALM_UPTREND,include,0.375454257283434,-0.0560318789440339,0.9501909832336694,0.2609928941677541,117,2.176642645274053,0.031261378184739,validation
2024,500,0.6,abs_regime,CALM_UPTREND,exclude,0.0638672085409586,-0.0709207809322072,0.6834787126543996,0.4840701889535893,184,1.1342550989569264,0.0028936070450284,validation
2024,500,0.6,abs_regime,STRESS_REVERSAL,include,0.1314615562094927,-0.0291075364185754,1.830521777428252,0.1407435496984805,64,2.4189159537740927,0.0226178709320866,validation
2024,500,0.6,abs_regime,STRESS_REVERSAL,exclude,0.3099820444922305,-0.1044378000662037,0.826359083168431,0.5451357596609685,207,1.5545597970387484,0.0143463647282412,validation
2024,500,0.6,abs_regime,VOLATILE_UPTREND,include,-0.0640350140507101,-0.1002370214261059,-0.8095182085232576,0.3967486307277187,134,0.763482835747971,-0.0061127410835054,validation
2024,500,0.6,abs_regime,VOLATILE_UPTREND,exclude,0.5287383839595416,-0.0560318789440339,1.2029866170783472,0.3854279847732992,177,2.281796731382689,0.0287048118212781,validation
2024,500,0.6,trend_x_vol,ABOVE_MA200|HIGH_GE_70PCT,include,0.1273092711379617,-0.0580128862830037,1.513484636620782,0.2572137552263825,94,1.719982355325211,0.0141572967932713,validation
2024,500,0.6,trend_x_vol,ABOVE_MA200|HIGH_GE_70PCT,exclude,0.3114470821730726,-0.0785701145366225,0.832835127205462,0.4454614221198256,179,1.7046073369074746,0.0175288486610498,validation
2024,500,0.6,trend_x_vol,ABOVE_MA200|LOW_LE_30PCT,include,0.3594007045238565,-0.0609661874461875,0.9212919678824084,0.2807340849302039,105,2.240553987859438,0.0331973254750494,validation
2024,500,0.6,trend_x_vol,ABOVE_MA200|LOW_LE_30PCT,exclude,0.0636231353769181,-0.0771562125806186,0.6753959157440521,0.4601569832938713,177,1.1226657831039406,0.0026846560483373,validation
2024,500,0.6,trend_x_vol,ABOVE_MA200|MID_30_TO_70PCT,include,-0.0598402183478331,-0.0848509025360929,-0.9563428560495982,0.2864184579100946,101,0.7068983994380469,-0.0071653353409211,validation
2024,500,0.6,trend_x_vol,ABOVE_MA200|MID_30_TO_70PCT,exclude,0.5414782258481796,-0.0543663658257955,1.2178073875632294,0.5208837473017481,195,2.1050438037013697,0.0252912772307866,validation
2024,500,0.6,trend_x_dd,ABOVE_MA200|MEDIUM_-5_TO_-10PCT,include,0.10487748910431,-0.0130189748227401,2.0045634178676712,0.0551431203450905,17,15.495855337501318,0.0693895541855587,validation
2024,500,0.6,trend_x_dd,ABOVE_MA200|MEDIUM_-5_TO_-10PCT,exclude,0.4335516196413724,-0.0589177645406618,1.045762736560897,0.6009022297129809,237,1.6420195583926764,0.0152930069137502,validation
2024,500,0.6,trend_x_dd,ABOVE_MA200|SHALLOW_GT_-5PCT,include,0.4335516196413724,-0.0589177645406618,1.045762736560897,0.6009022297129809,237,1.6420195583926764,0.0152930069137502,validation
2024,500,0.6,trend_x_dd,ABOVE_MA200|SHALLOW_GT_-5PCT,exclude,0.10487748910431,-0.0130189748227401,2.0045634178676712,0.0551431203450905,17,15.495855337501318,0.0693895541855587,validation
2024,500,0.8,ALL,ALL,baseline,0.4790940663610494,-0.0765175447230429,1.115567091370614,0.6867864170602928,247,1.6993231284478263,0.0171086145559001,validation
2024,500,0.8,trend,ABOVE_MA200,include,0.4790940663610494,-0.0765175447230429,1.115567091370614,0.6867864170602928,247,1.6993231284478263,0.0171086145559001,validation
2024,500,0.8,trend,ABOVE_MA200,exclude,0.0,0.0,,0.0,0,,,validation
2024,500,0.8,vol_regime,HIGH_GE_70PCT,include,0.142555981825569,-0.0668129414171723,1.5199364574350909,0.2899493697740674,93,1.6653646714984638,0.0143191509375836,validation
2024,500,0.8,vol_regime,HIGH_GE_70PCT,exclude,0.291233645386747,-0.0673488461392195,0.7941004619900887,0.4935470917567005,182,1.629757019427801,0.0161347172866304,validation
2024,500,0.8,vol_regime,LOW_LE_30PCT,include,0.3519766778627942,-0.0498667240434489,0.908067086737674,0.2959915207251889,113,2.083622081972393,0.0293783231603526,validation
2024,500,0.8,vol_regime,LOW_LE_30PCT,exclude,0.070065349871228,-0.0861840920539773,0.6908398812867695,0.4979820791367429,164,1.0880550790611612,0.0021365025576771,validation
2024,500,0.8,vol_regime,MID_30_TO_70PCT,include,-0.0578424557409267,-0.0782659638513918,-0.8472874524744317,0.328120095011814,100,0.704796039785689,-0.0072886937008511,validation
2024,500,0.8,vol_regime,MID_30_TO_70PCT,exclude,0.5683317169647955,-0.0747937093459549,1.2563441235921295,0.5803223064192108,201,1.996864764350136,0.024031483081943,validation
2024,500,0.8,dd_regime,MEDIUM_-5_TO_-10PCT,include,0.1102625403800554,-0.0141736857233821,1.768668286651765,0.0725301784303662,17,17.090309393560712,0.0770219741803338,validation
2024,500,0.8,dd_regime,MEDIUM_-5_TO_-10PCT,exclude,0.4138953165732089,-0.0717942113307757,1.009826347852953,0.66428702180317,237,1.5615727891310145,0.0142603221533697,validation
2024,500,0.8,dd_regime,SHALLOW_GT_-5PCT,include,0.4138953165732089,-0.0717942113307757,1.009826347852953,0.66428702180317,237,1.5615727891310145,0.0142603221533697,validation
2024,500,0.8,dd_regime,SHALLOW_GT_-5PCT,exclude,0.1102625403800554,-0.0141736857233821,1.768668286651765,0.0725301784303662,17,17.090309393560712,0.0770219741803338,validation
2024,500,0.8,abs_regime,CALM_UPTREND,include,0.3427080947909264,-0.0533665859491143,0.8899855011629115,0.2844740048374971,117,2.034385994249231,0.0287016779876526,validation
2024,500,0.8,abs_regime,CALM_UPTREND,exclude,0.0788092976218834,-0.0799076606001877,0.7873848918594137,0.5193747752206215,170,1.1255233850450508,0.0029489249923172,validation
2024,500,0.8,abs_regime,STRESS_REVERSAL,include,0.142517599339657,-0.0367289962399198,1.7605115369198936,0.1693817257645609,53,2.5692054544289755,0.0281339025015955,validation
2024,500,0.8,abs_regime,STRESS_REVERSAL,exclude,0.2821813732457681,-0.1070945681112297,0.7723705314426336,0.5995566658393926,210,1.4974670434187087,0.0132467861098235,validation
2024,500,0.8,abs_regime,VOLATILE_UPTREND,include,-0.0466487436280398,-0.1166050648129264,-0.5585191923175067,0.4309225773560096,131,0.7926284377683931,-0.0053711781720654,validation
2024,500,0.8,abs_regime,VOLATILE_UPTREND,exclude,0.5165846546765018,-0.0618579938889165,1.1805779535743297,0.4229449182761498,167,2.2557174002974225,0.0303161431066838,validation
2024,500,0.8,trend_x_vol,ABOVE_MA200|HIGH_GE_70PCT,include,0.142555981825569,-0.0668129414171723,1.5199364574350909,0.2899493697740674,93,1.6653646714984638,0.0143191509375836,validation
2024,500,0.8,trend_x_vol,ABOVE_MA200|HIGH_GE_70PCT,exclude,0.291233645386747,-0.0673488461392195,0.7941004619900887,0.4935470917567005,182,1.629757019427801,0.0161347172866304,validation
2024,500,0.8,trend_x_vol,ABOVE_MA200|LOW_LE_30PCT,include,0.3519766778627942,-0.0498667240434489,0.908067086737674,0.2959915207251889,113,2.083622081972393,0.0293783231603526,validation
2024,500,0.8,trend_x_vol,ABOVE_MA200|LOW_LE_30PCT,exclude,0.070065349871228,-0.0861840920539773,0.6908398812867695,0.4979820791367429,164,1.0880550790611612,0.0021365025576771,validation
2024,500,0.8,trend_x_vol,ABOVE_MA200|MID_30_TO_70PCT,include,-0.0578424557409267,-0.0782659638513918,-0.8472874524744317,0.328120095011814,100,0.704796039785689,-0.0072886937008511,validation
2024,500,0.8,trend_x_vol,ABOVE_MA200|MID_30_TO_70PCT,exclude,0.5683317169647955,-0.0747937093459549,1.2563441235921295,0.5803223064192108,201,1.996864764350136,0.024031483081943,validation
2024,500,0.8,trend_x_dd,ABOVE_MA200|MEDIUM_-5_TO_-10PCT,include,0.1102625403800554,-0.0141736857233821,1.768668286651765,0.0725301784303662,17,17.090309393560712,0.0770219741803338,validation
2024,500,0.8,trend_x_dd,ABOVE_MA200|MEDIUM_-5_TO_-10PCT,exclude,0.4138953165732089,-0.0717942113307757,1.009826347852953,0.66428702180317,237,1.5615727891310145,0.0142603221533697,validation
2024,500,0.8,trend_x_dd,ABOVE_MA200|SHALLOW_GT_-5PCT,include,0.4138953165732089,-0.0717942113307757,1.009826347852953,0.66428702180317,237,1.5615727891310145,0.0142603221533697,validation
2024,500,0.8,trend_x_dd,ABOVE_MA200|SHALLOW_GT_-5PCT,exclude,0.1102625403800554,-0.0141736857233821,1.768668286651765,0.0725301784303662,17,17.090309393560712,0.0770219741803338,validation
2025,300,0.6,ALL,ALL,baseline,0.3313683032256924,-0.068165856786273,1.1032198652964156,0.3600070098959776,141,2.380346932461017,0.0256411725357868,validation
2025,300,0.6,trend,ABOVE_MA200,include,0.3069780507228248,-0.06823016458143,1.0443969473076882,0.3274683392078911,132,2.3806896395067465,0.0259706937656764,validation
2025,300,0.6,trend,ABOVE_MA200,exclude,0.0091077505558805,-0.0267114268783332,0.3896321965475773,0.0342207919137261,11,1.4023069882298165,0.0084387653383356,validation
2025,300,0.6,trend,BELOW_MA200,include,0.0091077505558805,-0.0267114268783332,0.3896321965475773,0.0342207919137261,11,1.4023069882298165,0.0084387653383356,validation
2025,300,0.6,trend,BELOW_MA200,exclude,0.3069780507228248,-0.06823016458143,1.0443969473076882,0.3274683392078911,132,2.3806896395067465,0.0259706937656764,validation
2025,300,0.6,vol_regime,HIGH_GE_70PCT,include,0.0619927120723338,-0.0465946603105058,1.1219305294743336,0.1484453386492163,80,1.7682512654726008,0.0125570356165989,validation
2025,300,0.6,vol_regime,HIGH_GE_70PCT,exclude,0.2596883206292992,-0.0697034470679905,0.9249049680403236,0.2195395177029094,65,2.926803716304517,0.041000263005533,validation
2025,300,0.6,vol_regime,LOW_LE_30PCT,include,0.020784238799911,-0.0346234375090942,0.529841224459375,0.1142690466180333,29,1.3885467336899544,0.0071789939367823,validation
2025,300,0.6,vol_regime,LOW_LE_30PCT,exclude,0.3287107212580145,-0.0527364932603441,1.1035324983394137,0.2582044736741741,116,2.68012039870161,0.0309796537190339,validation
2025,300,0.6,vol_regime,MID_30_TO_70PCT,include,0.2571738202055198,-0.0529903862930948,0.9237610170166728,0.1177369807961456,40,3.92768804031904,0.066081289980541,validation
2025,300,0.6,vol_regime,MID_30_TO_70PCT,exclude,0.0840604732043095,-0.0465946603105054,1.2187766536285194,0.2627127387545857,109,1.6578838812497585,0.0111261804907761,validation
2025,300,0.6,dd_regime,DEEP_LE_-10PCT,include,0.0155877013931569,-0.0047632331270262,1.618791036200444,0.0168532902761334,4,,0.0388014537622992,validation
2025,300,0.6,dd_regime,DEEP_LE_-10PCT,exclude,0.3109471815121694,-0.0681658567862734,1.051325032507964,0.3432648586535603,137,2.321089988551856,0.0252569307481514,validation
2025,300,0.6,dd_regime,MEDIUM_-5_TO_-10PCT,include,-0.0080893572181348,-0.0439574682119183,-0.2057733094907799,0.0415290829402164,12,0.8057523561195096,-0.0062456591925072,validation
2025,300,0.6,dd_regime,MEDIUM_-5_TO_-10PCT,exclude,0.3529848336150123,-0.0681658567862733,1.1651300081209257,0.3334305772262648,131,2.687712490023014,0.0287730959546316,validation
2025,300,0.6,dd_regime,SHALLOW_GT_-5PCT,include,0.3322473618893873,-0.0681658567862731,1.11236404925295,0.3165778493596897,127,2.6182182894228747,0.0284572421654137,validation
2025,300,0.6,dd_regime,SHALLOW_GT_-5PCT,exclude,0.0073834549350313,-0.0465946096493484,0.2081599520180455,0.0582715645881507,16,1.2080099209418331,0.0050161190461943,validation
2025,300,0.6,abs_regime,CALM_UPTREND,include,0.0334381806550616,-0.0323179480257154,0.9298361364541576,0.095155978882568,26,1.7481042304076604,0.0127560172719758,validation
2025,300,0.6,abs_regime,CALM_UPTREND,exclude,0.3149665898035743,-0.0625349497266974,1.0656735640807224,0.2808253874645116,122,2.5407917493777563,0.0286047038591481,validation
2025,300,0.6,abs_regime,CALM_WEAK,include,0.0040024387158033,-0.0023782785622714,1.1298572684533394,0.0048731562854759,1,,0.0400243871580328,validation
2025,300,0.6,abs_regime,CALM_WEAK,exclude,0.3313683032256924,-0.068165856786273,1.1032198652964156,0.3600070098959776,141,2.380346932461017,0.0256411725357868,validation
2025,300,0.6,abs_regime,STRESS_REVERSAL,include,0.0424543200749998,-0.0465946603105056,0.8210861804347008,0.1247049489969947,73,1.6715596525897818,0.0112915460434745,validation
2025,300,0.6,abs_regime,STRESS_REVERSAL,exclude,0.2955336231677532,-0.0670174894746469,1.0174964553551726,0.2741886936033311,75,2.9046985469033832,0.0390054388797695,validation
2025,300,0.6,abs_regime,VOLATILE_UPTREND,include,0.279287044976044,-0.0483529876291103,0.9785897487771646,0.1873529224788868,54,3.4442249459302983,0.051796747110226,validation
2025,300,0.6,abs_regime,VOLATILE_UPTREND,exclude,0.0813425051365572,-0.0465946603105056,1.2682778795636571,0.2170718449424921,98,1.730475407012193,0.0121756283887999,validation
2025,300,0.6,trend_x_vol,ABOVE_MA200|HIGH_GE_70PCT,include,0.0425373364704866,-0.0381932354316932,0.956283456604024,0.1159066679611298,71,1.697757167779754,0.0115111140683275,validation
2025,300,0.6,trend_x_vol,ABOVE_MA200|HIGH_GE_70PCT,exclude,0.2711706396838167,-0.0697034470679904,0.9540875049227672,0.2537791193679359,76,2.708845299769023,0.036287414658965,validation
2025,300,0.6,trend_x_vol,ABOVE_MA200|LOW_LE_30PCT,include,0.020784238799911,-0.0346234375090942,0.529841224459375,0.1142690466180333,29,1.3885467336899544,0.0071789939367823,validation
2025,300,0.6,trend_x_vol,ABOVE_MA200|LOW_LE_30PCT,exclude,0.3287107212580145,-0.0527364932603441,1.1035324983394137,0.2582044736741741,116,2.68012039870161,0.0309796537190339,validation
2025,300,0.6,trend_x_vol,ABOVE_MA200|MID_30_TO_70PCT,include,0.2571738202055198,-0.0529903862930948,0.9237610170166728,0.1177369807961456,40,3.92768804031904,0.066081289980541,validation
2025,300,0.6,trend_x_vol,ABOVE_MA200|MID_30_TO_70PCT,exclude,0.0840604732043095,-0.0465946603105054,1.2187766536285194,0.2627127387545857,109,1.6578838812497585,0.0111261804907761,validation
2025,300,0.6,trend_x_vol,BELOW_MA200|HIGH_GE_70PCT,include,0.0091077505558805,-0.0267114268783332,0.3896321965475773,0.0342207919137261,11,1.4023069882298165,0.0084387653383356,validation
2025,300,0.6,trend_x_vol,BELOW_MA200|HIGH_GE_70PCT,exclude,0.3069780507228248,-0.06823016458143,1.0443969473076882,0.3274683392078911,132,2.3806896395067465,0.0259706937656764,validation
2025,300,0.6,trend_x_dd,ABOVE_MA200|MEDIUM_-5_TO_-10PCT,include,-0.0111244001095867,-0.0316499768112092,-0.4680709922414912,0.0256885599332848,7,0.5711629125728125,-0.0152879779625059,validation
2025,300,0.6,trend_x_dd,ABOVE_MA200|MEDIUM_-5_TO_-10PCT,exclude,0.3443092191862553,-0.0681658567862736,1.1403524563331933,0.3507543075408361,138,2.504361800010664,0.0268615664762988,validation
2025,300,0.6,trend_x_dd,ABOVE_MA200|SHALLOW_GT_-5PCT,include,0.3322473618893873,-0.0681658567862731,1.11236404925295,0.3165778493596897,127,2.6182182894228747,0.0284572421654137,validation
2025,300,0.6,trend_x_dd,ABOVE_MA200|SHALLOW_GT_-5PCT,exclude,0.0073834549350313,-0.0465946096493484,0.2081599520180455,0.0582715645881507,16,1.2080099209418331,0.0050161190461943,validation
2025,300,0.6,trend_x_dd,BELOW_MA200|DEEP_LE_-10PCT,include,0.0155877013931569,-0.0047632331270262,1.618791036200444,0.0168532902761334,4,,0.0388014537622992,validation
2025,300,0.6,trend_x_dd,BELOW_MA200|DEEP_LE_-10PCT,exclude,0.3109471815121694,-0.0681658567862734,1.051325032507964,0.3432648586535603,137,2.321089988551856,0.0252569307481514,validation
2025,300,0.6,trend_x_dd,BELOW_MA200|MEDIUM_-5_TO_-10PCT,include,-0.006341931331294,-0.0239192366203309,-0.3053896467019317,0.0174337411021729,7,0.729649517780567,-0.0089113423325007,validation
2025,300,0.6,trend_x_dd,BELOW_MA200|MEDIUM_-5_TO_-10PCT,exclude,0.3273878199541191,-0.0681658567862733,1.097011767178714,0.3442762095189338,136,2.4431992182705877,0.0263480690596947,validation
2025,300,0.8,ALL,ALL,baseline,0.3117923574433392,-0.0701853458696499,1.0498283769416747,0.4152470821178786,140,2.463057968937732,0.0283000459807493,validation
2025,300,0.8,trend,ABOVE_MA200,include,0.2701552003703313,-0.0770233195423157,0.9437887510735816,0.3778286891151626,131,2.4142353893677684,0.0277637414068044,validation
2025,300,0.8,trend,ABOVE_MA200,exclude,0.0230213393768787,-0.0154417385372139,0.93849230179874,0.0391799449029585,11,1.9990191939655957,0.0209553619325972,validation
2025,300,0.8,trend,BELOW_MA200,include,0.0230213393768787,-0.0154417385372139,0.93849230179874,0.0391799449029585,11,1.9990191939655957,0.0209553619325972,validation
2025,300,0.8,trend,BELOW_MA200,exclude,0.2701552003703313,-0.0770233195423157,0.9437887510735816,0.3778286891151626,131,2.4142353893677684,0.0277637414068044,validation
2025,300,0.8,vol_regime,HIGH_GE_70PCT,include,0.0617469000529113,-0.0353146779363681,1.1425523723800708,0.165688946555577,79,2.129027983432912,0.0190185233203945,validation
2025,300,0.8,vol_regime,HIGH_GE_70PCT,exclude,0.2403992504942727,-0.0717196541245746,0.868387221699279,0.2629796953743974,65,2.7249286319924906,0.0384472670406584,validation
2025,300,0.8,vol_regime,LOW_LE_30PCT,include,0.01922473145362,-0.0345909049833795,0.4281087480254916,0.1488133224381751,29,1.3446384737638704,0.0064448820179364,validation
2025,300,0.8,vol_regime,LOW_LE_30PCT,exclude,0.3057273264561049,-0.0511742864836568,1.0429182356995972,0.286065042428838,115,2.76468017350548,0.0340852719000568,validation
2025,300,0.8,vol_regime,MID_30_TO_70PCT,include,0.2346643120654614,-0.0653224392141518,0.8593406999364271,0.1337976781547033,40,3.553861777329894,0.0614218047211104,validation
2025,300,0.8,vol_regime,MID_30_TO_70PCT,exclude,0.0820618963258013,-0.0354106889618209,1.1364641440300374,0.3145375565573132,108,1.9019228689393604,0.0156422677854752,validation
2025,300,0.8,dd_regime,DEEP_LE_-10PCT,include,0.0246461223111915,-0.0055306367826093,1.944295038920713,0.0209943187415441,4,,0.0611847750922539,validation
2025,300,0.8,dd_regime,DEEP_LE_-10PCT,exclude,0.2802391537472251,-0.0701853458697122,0.9679704864402195,0.3944311290389096,136,2.372682676324853,0.0273328480657051,validation
2025,300,0.8,dd_regime,MEDIUM_-5_TO_-10PCT,include,-0.0083535938395875,-0.0389615484710743,-0.2160806582393008,0.0427785058376393,12,0.795952734005472,-0.0065607471838823,validation
2025,300,0.8,dd_regime,MEDIUM_-5_TO_-10PCT,exclude,0.3275477187515467,-0.0701853458622256,1.0964922872935474,0.3882793256641129,130,2.754854368868707,0.0313470197747586,validation
2025,300,0.8,dd_regime,SHALLOW_GT_-5PCT,include,0.2956580802829511,-0.0701853458622481,1.0136695418307962,0.3672988794070605,126,2.649463052171944,0.0303997894472191,validation
2025,300,0.8,dd_regime,SHALLOW_GT_-5PCT,exclude,0.0161191289972206,-0.0353146268594587,0.424108659521612,0.0636082062371215,16,1.4302598603205534,0.0103756333851517,validation
2025,300,0.8,abs_regime,CALM_UPTREND,include,0.032431915209234,-0.0312694919864274,0.8051888661580033,0.1302532886300442,26,1.7034854285082848,0.0121708913398957,validation
2025,300,0.8,abs_regime,CALM_UPTREND,exclude,0.2868147749688972,-0.0649173665247008,0.9907667335698428,0.3110586548824393,121,2.607597647147234,0.0311855389990769,validation
2025,300,0.8,abs_regime,CALM_WEAK,include,0.0003361426877184,-0.0035166618984806,0.0908115853254948,0.007699183369463,1,,0.0033614268771828,validation
2025,300,0.8,abs_regime,CALM_WEAK,exclude,0.3117923574433392,-0.0701853458696499,1.0498283769416747,0.4152470821178786,140,2.463057968937732,0.0283000459807493,validation
2025,300,0.8,abs_regime,STRESS_REVERSAL,include,0.0687456071097847,-0.0353146779363683,1.231467704633201,0.1501669853855911,73,2.0647801622965973,0.018590315758816,validation
2025,300,0.8,abs_regime,STRESS_REVERSAL,exclude,0.3222454546576236,-0.0690394672953139,1.086267297735426,0.3126533800242983,71,3.101654109894848,0.0425663187965056,validation
2025,300,0.8,abs_regime,VOLATILE_UPTREND,include,0.3015215951634384,-0.050227783662556,1.039130157789901,0.1979524789209852,50,3.7573484692866814,0.0573512652223101,validation
2025,300,0.8,abs_regime,VOLATILE_UPTREND,exclude,0.1074374871401289,-0.035410757296032,1.5229606572447396,0.2776713665008978,98,2.014065719229009,0.0174572295621249,validation
2025,300,0.8,trend_x_vol,ABOVE_MA200|HIGH_GE_70PCT,include,0.0280466372989101,-0.035685808983025,0.6682117264648523,0.1282699076443754,70,1.9857984759711087,0.0168215289899663,validation
2025,300,0.8,trend_x_vol,ABOVE_MA200|HIGH_GE_70PCT,exclude,0.2689642641408845,-0.0717196541245742,0.9448048704310203,0.3021784213918857,76,2.62520273178842,0.0359155439329127,validation
2025,300,0.8,trend_x_vol,ABOVE_MA200|LOW_LE_30PCT,include,0.01922473145362,-0.0345909049833795,0.4281087480254916,0.1488133224381751,29,1.3446384737638704,0.0064448820179364,validation
2025,300,0.8,trend_x_vol,ABOVE_MA200|LOW_LE_30PCT,exclude,0.3057273264561049,-0.0511742864836568,1.0429182356995972,0.286065042428838,115,2.76468017350548,0.0340852719000568,validation
2025,300,0.8,trend_x_vol,ABOVE_MA200|MID_30_TO_70PCT,include,0.2346643120654614,-0.0653224392141518,0.8593406999364271,0.1337976781547033,40,3.553861777329894,0.0614218047211104,validation
2025,300,0.8,trend_x_vol,ABOVE_MA200|MID_30_TO_70PCT,exclude,0.0820618963258013,-0.0354106889618209,1.1364641440300374,0.3145375565573132,108,1.9019228689393604,0.0156422677854752,validation
2025,300,0.8,trend_x_vol,BELOW_MA200|HIGH_GE_70PCT,include,0.0230213393768787,-0.0154417385372139,0.93849230179874,0.0391799449029585,11,1.9990191939655957,0.0209553619325972,validation
2025,300,0.8,trend_x_vol,BELOW_MA200|HIGH_GE_70PCT,exclude,0.2701552003703313,-0.0770233195423157,0.9437887510735816,0.3778286891151626,131,2.4142353893677684,0.0277637414068044,validation
2025,300,0.8,trend_x_dd,ABOVE_MA200|MEDIUM_-5_TO_-10PCT,include,-0.0161874981317735,-0.0316499768112092,-0.6806682478851422,0.0261136529068921,7,0.3630661335578699,-0.0227065969787287,validation
2025,300,0.8,trend_x_dd,ABOVE_MA200|MEDIUM_-5_TO_-10PCT,exclude,0.3254123072444175,-0.07018534586965,1.088761083051501,0.4064032695558365,137,2.5906755479424226,0.0296414777489648,validation
2025,300,0.8,trend_x_dd,ABOVE_MA200|SHALLOW_GT_-5PCT,include,0.2956580802829511,-0.0701853458622481,1.0136695418307962,0.3672988794070605,126,2.649463052171944,0.0303997894472191,validation
2025,300,0.8,trend_x_dd,ABOVE_MA200|SHALLOW_GT_-5PCT,exclude,0.0161191289972206,-0.0353146268594587,0.424108659521612,0.0636082062371215,16,1.4302598603205534,0.0103756333851517,validation
2025,300,0.8,trend_x_dd,BELOW_MA200|DEEP_LE_-10PCT,include,0.0246461223111915,-0.0055306367826093,1.944295038920713,0.0209943187415441,4,,0.0611847750922539,validation
2025,300,0.8,trend_x_dd,BELOW_MA200|DEEP_LE_-10PCT,exclude,0.2802391537472251,-0.0701853458697122,0.9679704864402195,0.3944311290389096,136,2.372682676324853,0.0273328480657051,validation
2025,300,0.8,trend_x_dd,BELOW_MA200|MEDIUM_-5_TO_-10PCT,include,-0.0015206450333503,-0.0188414704596276,-0.0661619057079464,0.0182819665663436,7,0.9383270792915156,-0.0020328741586353,validation
2025,300,0.8,trend_x_dd,BELOW_MA200|MEDIUM_-5_TO_-10PCT,exclude,0.3015662280870776,-0.0701853458622253,1.0265729888177568,0.3987367007012757,135,2.509400065430991,0.0287539942567437,validation
2025,500,0.6,ALL,ALL,baseline,0.1349116395890177,-0.0913425269520015,0.964721537596126,0.569469830304512,301,2.7046837570821083,0.0298053887870792,validation
2025,500,0.6,trend,ABOVE_MA200,include,0.1086689854088716,-0.111641647549985,0.8208332684826795,0.5180735401810921,286,2.754253720746933,0.0305359470855732,validation
2025,500,0.6,trend,ABOVE_MA200,exclude,0.0086757808848627,-0.0422088904873975,0.2399165571686525,0.0593983145764586,18,1.21299242050263,0.0050980664547796,validation
2025,500,0.6,trend,BELOW_MA200,include,0.0086757808848627,-0.0422088904873975,0.2399165571686525,0.0593983145764586,18,1.21299242050263,0.0050980664547796,validation
2025,500,0.6,trend,BELOW_MA200,exclude,0.1086689854088716,-0.111641647549985,0.8208332684826795,0.5180735401810921,286,2.754253720746933,0.0305359470855732,validation
2025,500,0.6,vol_regime,HIGH_GE_70PCT,include,0.0899282701373169,-0.0482385852310102,1.40626919292469,0.2201827941403534,164,2.3810927410965137,0.0181366785155106,validation
2025,500,0.6,vol_regime,HIGH_GE_70PCT,exclude,0.2662914579158655,-0.1027660525664364,0.8563380870917635,0.4151320642598501,151,2.871754075368503,0.0417966510430595,validation
2025,500,0.6,vol_regime,LOW_LE_30PCT,include,-0.0099344051958079,-0.0500886033825843,-0.1573794650765952,0.2071871202730886,65,0.9499104308341886,-0.001098411854272,validation
2025,500,0.6,vol_regime,LOW_LE_30PCT,exclude,0.1706275373977306,-0.0646489210776762,1.2833625607049075,0.3932742591627572,245,3.253894217234389,0.0372291007926114,validation
2025,500,0.6,vol_regime,MID_30_TO_70PCT,include,0.3073242755476668,-0.0773556811025264,0.9628574913613468,0.2397424719649851,95,4.031647265396195,0.0682060547126882,validation
2025,500,0.6,vol_regime,MID_30_TO_70PCT,exclude,0.079064715717364,-0.0547727269880852,0.956023304210032,0.4274322286920328,229,1.8111142569646883,0.0126769367074937,validation
2025,500,0.6,dd_regime,DEEP_LE_-10PCT,include,0.0301579512454768,-0.0136401156992654,1.4960452711094436,0.0329406359193704,8,6.345727794729958,0.0373028302274225,validation
2025,500,0.6,dd_regime,DEEP_LE_-10PCT,exclude,0.1016573756657388,-0.1172599359312865,0.7621410602921593,0.5365874411910078,293,2.665647809669806,0.0296006804883667,validation
2025,500,0.6,dd_regime,MEDIUM_-5_TO_-10PCT,include,-0.0173313529963596,-0.0485411824098583,-0.4677441880061792,0.0443489164953174,14,0.6501419640750463,-0.0119498092228583,validation
2025,500,0.6,dd_regime,MEDIUM_-5_TO_-10PCT,exclude,0.1642901372460352,-0.0913389636197743,1.184148884309542,0.540126868059793,289,2.9265145236209307,0.0318949539315971,validation
2025,500,0.6,dd_regime,SHALLOW_GT_-5PCT,include,0.1302379286658819,-0.0913390026385785,0.9755631038024504,0.5071797956630995,281,2.886149937453492,0.0317409930406128,validation
2025,500,0.6,dd_regime,SHALLOW_GT_-5PCT,exclude,0.0123599857133303,-0.048158569663713,0.3126855868519967,0.0772251325357284,22,1.2455480363393214,0.0059602414863346,validation
2025,500,0.6,abs_regime,CALM_UPTREND,include,0.0178557210860805,-0.0302173998593001,0.4057770483548525,0.1773881827029991,58,1.2138336312899538,0.0043292468476275,validation
2025,500,0.6,abs_regime,CALM_UPTREND,exclude,0.1450657392758318,-0.0850732274336177,1.0828683456581587,0.4288192272729236,255,3.058312308695028,0.0349137006711887,validation
2025,500,0.6,abs_regime,CALM_WEAK,include,0.0040024387158033,-0.0023782785622714,1.1298572684533394,0.0048731562854759,1,,0.0400243871580328,validation
2025,500,0.6,abs_regime,CALM_WEAK,exclude,0.1349116395890177,-0.0913425269520015,0.964721537596126,0.569469830304512,301,2.7046837570821083,0.0298053887870792,validation
2025,500,0.6,abs_regime,STRESS_REVERSAL,include,0.097361373165455,-0.0515064182866374,1.4421083654910352,0.1835624377298889,158,2.5187140942051243,0.0190584862279296,validation
2025,500,0.6,abs_regime,STRESS_REVERSAL,exclude,0.1766924536086407,-0.1050418560131372,0.8119382569704481,0.4458461720492448,161,2.7621992375717364,0.039594813150692,validation
2025,500,0.6,abs_regime,VOLATILE_UPTREND,include,0.1769739156368535,-0.1024741149010426,0.8259653333015172,0.2959988247345879,113,3.319938196265134,0.0550413701482078,validation
2025,500,0.6,abs_regime,VOLATILE_UPTREND,exclude,0.1160353234415345,-0.0529297849235526,1.3964396821983238,0.3557791559096854,214,2.042987433046373,0.0152049280648494,validation
2025,500,0.6,trend_x_vol,ABOVE_MA200|HIGH_GE_70PCT,include,0.0646523003788985,-0.0456337217746543,1.2455703141492227,0.1687504674319204,149,2.463869640055949,0.0183642558262204,validation
2025,500,0.6,trend_x_vol,ABOVE_MA200|HIGH_GE_70PCT,exclude,0.2771518977175544,-0.1027844564219715,0.8784324286456738,0.4744717886775416,169,2.6838198325722766,0.0378879260573256,validation
2025,500,0.6,trend_x_vol,ABOVE_MA200|LOW_LE_30PCT,include,-0.0099344051958079,-0.0500886033825843,-0.1573794650765952,0.2071871202730886,65,0.9499104308341886,-0.001098411854272,validation
2025,500,0.6,trend_x_vol,ABOVE_MA200|LOW_LE_30PCT,exclude,0.1706275373977306,-0.0646489210776762,1.2833625607049075,0.3932742591627572,245,3.253894217234389,0.0372291007926114,validation
2025,500,0.6,trend_x_vol,ABOVE_MA200|MID_30_TO_70PCT,include,0.3073242755476668,-0.0773556811025264,0.9628574913613468,0.2397424719649851,95,4.031647265396195,0.0682060547126882,validation
2025,500,0.6,trend_x_vol,ABOVE_MA200|MID_30_TO_70PCT,exclude,0.079064715717364,-0.0547727269880852,0.956023304210032,0.4274322286920328,229,1.8111142569646883,0.0126769367074937,validation
2025,500,0.6,trend_x_vol,BELOW_MA200|HIGH_GE_70PCT,include,0.0086757808848627,-0.0422088904873975,0.2399165571686525,0.0593983145764586,18,1.21299242050263,0.0050980664547796,validation
2025,500,0.6,trend_x_vol,BELOW_MA200|HIGH_GE_70PCT,exclude,0.1086689854088716,-0.111641647549985,0.8208332684826795,0.5180735401810921,286,2.754253720746933,0.0305359470855732,validation
2025,500,0.6,trend_x_dd,ABOVE_MA200|MEDIUM_-5_TO_-10PCT,include,-0.0111244001095867,-0.0316499768112092,-0.4680709922414912,0.0256885599332848,7,0.5711629125728125,-0.0152879779625059,validation
2025,500,0.6,trend_x_dd,ABOVE_MA200|MEDIUM_-5_TO_-10PCT,exclude,0.139966959266476,-0.091342526952001,1.0021490230595789,0.5664200140166524,299,2.746438564660586,0.0301370710387901,validation
2025,500,0.6,trend_x_dd,ABOVE_MA200|SHALLOW_GT_-5PCT,include,0.1302379286658819,-0.0913390026385785,0.9755631038024504,0.5071797956630995,281,2.886149937453492,0.0317409930406128,validation
2025,500,0.6,trend_x_dd,ABOVE_MA200|SHALLOW_GT_-5PCT,exclude,0.0123599857133303,-0.048158569663713,0.3126855868519967,0.0772251325357284,22,1.2455480363393214,0.0059602414863346,validation
2025,500,0.6,trend_x_dd,BELOW_MA200|DEEP_LE_-10PCT,include,0.0301579512454768,-0.0136401156992654,1.4960452711094436,0.0329406359193704,8,6.345727794729958,0.0373028302274225,validation
2025,500,0.6,trend_x_dd,BELOW_MA200|DEEP_LE_-10PCT,exclude,0.1016573756657388,-0.1172599359312865,0.7621410602921593,0.5365874411910078,293,2.665647809669806,0.0296006804883667,validation
2025,500,0.6,trend_x_dd,BELOW_MA200|MEDIUM_-5_TO_-10PCT,include,-0.0209071491761853,-0.0425939323390471,-0.6335703737581618,0.0265223043068562,10,0.4489330773765781,-0.0206657445633346,validation
2025,500,0.6,trend_x_dd,BELOW_MA200|MEDIUM_-5_TO_-10PCT,exclude,0.142128099734025,-0.0913389636197739,1.0271746093238023,0.5509755507376967,294,2.794080005982439,0.0307200799601813,validation
2025,500,0.8,ALL,ALL,baseline,0.1072550315772014,-0.0894626118040764,0.7761395591022461,0.6371495050978003,298,2.4838217048569247,0.0292954574008335,validation
2025,500,0.8,trend,ABOVE_MA200,include,0.0550938599573118,-0.1171341143496476,0.4524857362103966,0.5708750885748095,283,2.4716988862673737,0.0291168890950781,validation
2025,500,0.8,trend,ABOVE_MA200,exclude,0.0341534046245175,-0.0320772983087668,0.8352311013641438,0.0743213145563794,18,1.797494302147712,0.0190883738494672,validation
2025,500,0.8,trend,BELOW_MA200,include,0.0341534046245175,-0.0320772983087668,0.8352311013641438,0.0743213145563794,18,1.797494302147712,0.0190883738494672,validation
2025,500,0.8,trend,BELOW_MA200,exclude,0.0550938599573118,-0.1171341143496476,0.4524857362103966,0.5708750885748095,283,2.4716988862673737,0.0291168890950781,validation
2025,500,0.8,vol_regime,HIGH_GE_70PCT,include,0.0623915966741941,-0.039582090234252,0.9823886622623024,0.2578238063601714,163,2.1780750863589087,0.0185933309237077,validation
2025,500,0.8,vol_regime,HIGH_GE_70PCT,exclude,0.2772976988162312,-0.1023172242524693,0.8744412267487244,0.4570580678740681,149,2.6557754056083995,0.040070525424113,validation
2025,500,0.8,vol_regime,LOW_LE_30PCT,include,-0.0120034825910745,-0.0464036940850358,-0.1992745993227792,0.2377113882177073,65,0.8908979102938048,-0.0025473799991761,validation
2025,500,0.8,vol_regime,LOW_LE_30PCT,exclude,0.1491124399793031,-0.0593434904236708,1.1093123097645603,0.4490183735729053,244,2.9992351413032443,0.037487585228207,validation
2025,500,0.8,vol_regime,MID_30_TO_70PCT,include,0.3135669875548776,-0.0705506149822188,0.967957370366746,0.2709820041587543,95,3.791143981457528,0.0673070607525638,validation
2025,500,0.8,vol_regime,MID_30_TO_70PCT,exclude,0.0495161657799259,-0.0577467436809968,0.6187557403809668,0.4956481062829575,228,1.7004777642373818,0.0125663738623592,validation
2025,500,0.8,dd_regime,DEEP_LE_-10PCT,include,0.05098348513184,-0.0134676095166401,2.0658537676485524,0.0470921518972414,8,9.994237222785928,0.0627623622133374,validation
2025,500,0.8,dd_regime,DEEP_LE_-10PCT,exclude,0.0534827654926244,-0.1184822236604844,0.4362059635952005,0.5901816697872709,290,2.411877722492802,0.0283722324404886,validation
2025,500,0.8,dd_regime,MEDIUM_-5_TO_-10PCT,include,-0.0175677440144166,-0.0435435522533408,-0.4791116511810147,0.0455995002013147,14,0.6422348875148269,-0.0122198846440369,validation
2025,500,0.8,dd_regime,MEDIUM_-5_TO_-10PCT,exclude,0.13308984995158,-0.089461383968587,0.9637012171690292,0.607316533080398,286,2.653099750700067,0.0312430134883637,validation
2025,500,0.8,dd_regime,SHALLOW_GT_-5PCT,include,0.0781780608583018,-0.0943850373251319,0.6149772344106038,0.5602285798540002,278,2.5764912438376943,0.0303359818703789,validation
2025,500,0.8,dd_regime,SHALLOW_GT_-5PCT,exclude,0.0326290653914709,-0.0380780571369123,0.7518333360456324,0.092571809093073,22,1.6198760194034174,0.0150463869404627,validation
2025,500,0.8,abs_regime,CALM_UPTREND,include,0.011452558484883,-0.0390528716751517,0.2513034027333688,0.2140899708576712,57,1.1016755316210305,0.0022592241447955,validation
2025,500,0.8,abs_regime,CALM_UPTREND,exclude,0.1195827567521075,-0.0793723198173252,0.8897490299606401,0.4869828981855899,254,2.830805714365498,0.0349856089906278,validation
2025,500,0.8,abs_regime,CALM_WEAK,include,0.0003361426877184,-0.0035166618984806,0.0908115853254948,0.007699183369463,1,,0.0033614268771828,validation
2025,500,0.8,abs_regime,CALM_WEAK,exclude,0.1072550315772014,-0.0894626118040764,0.7761395591022461,0.6371495050978003,298,2.4838217048569247,0.0292954574008335,validation
2025,500,0.8,abs_regime,STRESS_REVERSAL,include,0.1056451904274851,-0.038157491516624,1.441173388842208,0.2355019606669897,157,2.4517168850280866,0.0217424340023914,validation
2025,500,0.8,abs_regime,STRESS_REVERSAL,exclude,0.1799623197330875,-0.1030538799875404,0.8178662290908602,0.4787154696046822,153,2.5815132820954307,0.0384980202402235,validation
2025,500,0.8,abs_regime,VOLATILE_UPTREND,include,0.1832222529955567,-0.0935558435021807,0.8433879891346449,0.3153615295855367,107,3.2151412954121663,0.0558047892492827,validation
2025,500,0.8,abs_regime,VOLATILE_UPTREND,exclude,0.1144313231413469,-0.0528031942876403,1.2703294435387888,0.4432639564516237,212,1.979838991672724,0.0165493921252577,validation
2025,500,0.8,trend_x_vol,ABOVE_MA200|HIGH_GE_70PCT,include,0.0121768884192341,-0.0494905771889452,0.2621325463388295,0.1914840158386281,148,2.110400236087084,0.0171672043852911,validation
2025,500,0.8,trend_x_vol,ABOVE_MA200|HIGH_GE_70PCT,exclude,0.320801290419785,-0.1023173407725775,0.9702090185856234,0.5313111493615764,167,2.564171023956658,0.0378089761525943,validation
2025,500,0.8,trend_x_vol,ABOVE_MA200|LOW_LE_30PCT,include,-0.0120034825910745,-0.0464036940850358,-0.1992745993227792,0.2377113882177073,65,0.8908979102938048,-0.0025473799991761,validation
2025,500,0.8,trend_x_vol,ABOVE_MA200|LOW_LE_30PCT,exclude,0.1491124399793031,-0.0593434904236708,1.1093123097645603,0.4490183735729053,244,2.9992351413032443,0.037487585228207,validation
2025,500,0.8,trend_x_vol,ABOVE_MA200|MID_30_TO_70PCT,include,0.3135669875548776,-0.0705506149822188,0.967957370366746,0.2709820041587543,95,3.791143981457528,0.0673070607525638,validation
2025,500,0.8,trend_x_vol,ABOVE_MA200|MID_30_TO_70PCT,exclude,0.0495161657799259,-0.0577467436809968,0.6187557403809668,0.4956481062829575,228,1.7004777642373818,0.0125663738623592,validation
2025,500,0.8,trend_x_vol,BELOW_MA200|HIGH_GE_70PCT,include,0.0341534046245175,-0.0320772983087668,0.8352311013641438,0.0743213145563794,18,1.797494302147712,0.0190883738494672,validation
2025,500,0.8,trend_x_vol,BELOW_MA200|HIGH_GE_70PCT,exclude,0.0550938599573118,-0.1171341143496476,0.4524857362103966,0.5708750885748095,283,2.4716988862673737,0.0291168890950781,validation
2025,500,0.8,trend_x_dd,ABOVE_MA200|MEDIUM_-5_TO_-10PCT,include,-0.0161874981317735,-0.0316499768112092,-0.6806682478851422,0.0261136529068921,7,0.3630661335578699,-0.0227065969787287,validation
2025,500,0.8,trend_x_dd,ABOVE_MA200|MEDIUM_-5_TO_-10PCT,exclude,0.1148177017587406,-0.0894626118040765,0.827446994800438,0.6343491001131181,296,2.518428421913983,0.0296520057069451,validation
2025,500,0.8,trend_x_dd,ABOVE_MA200|SHALLOW_GT_-5PCT,include,0.0781780608583018,-0.0943850373251319,0.6149772344106038,0.5602285798540002,278,2.5764912438376943,0.0303359818703789,validation
2025,500,0.8,trend_x_dd,ABOVE_MA200|SHALLOW_GT_-5PCT,exclude,0.0326290653914709,-0.0380780571369123,0.7518333360456324,0.092571809093073,22,1.6198760194034174,0.0150463869404627,validation
2025,500,0.8,trend_x_dd,BELOW_MA200|DEEP_LE_-10PCT,include,0.05098348513184,-0.0134676095166401,2.0658537676485524,0.0470921518972414,8,9.994237222785928,0.0627623622133374,validation
2025,500,0.8,trend_x_dd,BELOW_MA200|DEEP_LE_-10PCT,exclude,0.0534827654926244,-0.1184822236604844,0.4362059635952005,0.5901816697872709,290,2.411877722492802,0.0283722324404886,validation
2025,500,0.8,trend_x_dd,BELOW_MA200|MEDIUM_-5_TO_-10PCT,include,-0.0161053646574096,-0.0375653454112061,-0.491857286673429,0.0273477825159074,10,0.5773265835540519,-0.0158508168416289,validation
2025,500,0.8,trend_x_dd,BELOW_MA200|MEDIUM_-5_TO_-10PCT,exclude,0.1089573639758751,-0.089461383968587,0.7982699767365369,0.6178902799305305,291,2.54596116106566,0.0300418505553739,validation
2026,300,0.6,ALL,ALL,baseline,0.045716738915448,-0.0133461304714033,3.2449488436418643,0.3709968310575511,42,1.8684071505113915,0.013465806315414,validation
2026,300,0.6,trend,ABOVE_MA200,include,0.045716738915448,-0.0133461304714033,3.2449488436418643,0.3709968310575511,42,1.8684071505113915,0.013465806315414,validation
2026,300,0.6,trend,ABOVE_MA200,exclude,0.0,0.0,,0.0,0,,,validation
2026,300,0.6,trend,BELOW_MA200,include,0.0,0.0,,0.0,0,,,validation
2026,300,0.6,trend,BELOW_MA200,exclude,0.045716738915448,-0.0133461304714033,3.2449488436418643,0.3709968310575511,42,1.8684071505113915,0.013465806315414,validation
2026,300,0.6,vol_regime,LOW_LE_30PCT,include,0.0251231991076592,-0.012519565668878,2.773612814017249,0.2168433275437647,23,2.15178778576198,0.014248933170697,validation
2026,300,0.6,vol_regime,LOW_LE_30PCT,exclude,0.040296418857088,-0.0133261701252077,2.883021860047159,0.2294208458685756,25,1.884171817892628,0.0140818268019518,validation
2026,300,0.6,vol_regime,MID_30_TO_70PCT,include,0.040296418857088,-0.0133261701252077,2.883021860047159,0.2294208458685756,25,1.884171817892628,0.0140818268019518,validation
2026,300,0.6,vol_regime,MID_30_TO_70PCT,exclude,0.0251231991076592,-0.012519565668878,2.773612814017249,0.2168433275437647,23,2.15178778576198,0.014248933170697,validation
2026,300,0.6,dd_regime,MEDIUM_-5_TO_-10PCT,include,0.0,0.0,,0.0,0,,,validation
2026,300,0.6,dd_regime,MEDIUM_-5_TO_-10PCT,exclude,0.045716738915448,-0.0133461304714033,3.2449488436418643,0.3709968310575511,42,1.8684071505113915,0.013465806315414,validation
2026,300,0.6,dd_regime,SHALLOW_GT_-5PCT,include,0.045716738915448,-0.0133461304714033,3.2449488436418643,0.3709968310575511,42,1.8684071505113915,0.013465806315414,validation
2026,300,0.6,dd_regime,SHALLOW_GT_-5PCT,exclude,0.0,0.0,,0.0,0,,,validation
2026,300,0.6,abs_regime,CALM_UPTREND,include,0.0343539007976629,-0.012519565668878,3.064617173399085,0.2478996268616343,27,2.292785371655716,0.0154767570894641,validation
2026,300,0.6,abs_regime,CALM_UPTREND,exclude,0.0278183673304488,-0.0134775455344858,2.0054035888332,0.2129885627075211,22,1.4931973251034452,0.0093288414473256,validation
2026,300,0.6,abs_regime,STRESS_REVERSAL,include,0.006964350435024,-0.0103944370240022,0.7915272205814321,0.0556008584637187,5,1.561743354467222,0.013913273534073,validation
2026,300,0.6,abs_regime,STRESS_REVERSAL,exclude,0.0398184693335272,-0.014578818962071,3.2574904314732493,0.3477232742787688,38,1.964890395492871,0.0133923145701927,validation
2026,300,0.6,abs_regime,VOLATILE_UPTREND,include,0.0220229088374577,-0.0175677434453589,1.8380399188978875,0.1897153281879016,18,1.508325107849912,0.0082543666811723,validation
2026,300,0.6,abs_regime,VOLATILE_UPTREND,exclude,0.0415626076797779,-0.012519565668878,3.085572335663836,0.3035292652896351,32,2.090285852545147,0.0152324627839342,validation
2026,300,0.6,trend_x_vol,ABOVE_MA200|LOW_LE_30PCT,include,0.0251231991076592,-0.012519565668878,2.773612814017249,0.2168433275437647,23,2.15178778576198,0.014248933170697,validation
2026,300,0.6,trend_x_vol,ABOVE_MA200|LOW_LE_30PCT,exclude,0.040296418857088,-0.0133261701252077,2.883021860047159,0.2294208458685756,25,1.884171817892628,0.0140818268019518,validation
2026,300,0.6,trend_x_vol,ABOVE_MA200|MID_30_TO_70PCT,include,0.040296418857088,-0.0133261701252077,2.883021860047159,0.2294208458685756,25,1.884171817892628,0.0140818268019518,validation
2026,300,0.6,trend_x_vol,ABOVE_MA200|MID_30_TO_70PCT,exclude,0.0251231991076592,-0.012519565668878,2.773612814017249,0.2168433275437647,23,2.15178778576198,0.014248933170697,validation
2026,300,0.6,trend_x_vol,BELOW_MA200|MID_30_TO_70PCT,include,0.0,0.0,,0.0,0,,,validation
2026,300,0.6,trend_x_vol,BELOW_MA200|MID_30_TO_70PCT,exclude,0.045716738915448,-0.0133461304714033,3.2449488436418643,0.3709968310575511,42,1.8684071505113915,0.013465806315414,validation
2026,300,0.6,trend_x_dd,ABOVE_MA200|SHALLOW_GT_-5PCT,include,0.045716738915448,-0.0133461304714033,3.2449488436418643,0.3709968310575511,42,1.8684071505113915,0.013465806315414,validation
2026,300,0.6,trend_x_dd,ABOVE_MA200|SHALLOW_GT_-5PCT,exclude,0.0,0.0,,0.0,0,,,validation
2026,300,0.6,trend_x_dd,BELOW_MA200|MEDIUM_-5_TO_-10PCT,include,0.0,0.0,,0.0,0,,,validation
2026,300,0.6,trend_x_dd,BELOW_MA200|MEDIUM_-5_TO_-10PCT,exclude,0.045716738915448,-0.0133461304714033,3.2449488436418643,0.3709968310575511,42,1.8684071505113915,0.013465806315414,validation
2026,300,0.8,ALL,ALL,baseline,0.0520249674511086,-0.0175404993569673,3.319582545253468,0.4102947773564986,43,1.8751456194297929,0.0152823975062583,validation
2026,300,0.8,trend,ABOVE_MA200,include,0.0520249674511086,-0.0175404993569673,3.319582545253468,0.4102947773564986,43,1.8751456194297929,0.0152823975062583,validation
2026,300,0.8,trend,ABOVE_MA200,exclude,0.0,0.0,,0.0,0,,,validation
2026,300,0.8,trend,BELOW_MA200,include,0.0,0.0,,0.0,0,,,validation
2026,300,0.8,trend,BELOW_MA200,exclude,0.0520249674511086,-0.0175404993569673,3.319582545253468,0.4102947773564986,43,1.8751456194297929,0.0152823975062583,validation
2026,300,0.8,vol_regime,LOW_LE_30PCT,include,0.0303561911489405,-0.0175404993569673,2.762657370985032,0.2452807965535668,23,2.6338152785113214,0.0216380844389041,validation
2026,300,0.8,vol_regime,LOW_LE_30PCT,exclude,0.0477100231602454,-0.0127167529990617,3.276832608921464,0.2679158038759023,24,2.149632306353886,0.019072606864501,validation
2026,300,0.8,vol_regime,MID_30_TO_70PCT,include,0.0477100231602454,-0.0127167529990617,3.276832608921464,0.2679158038759023,24,2.149632306353886,0.019072606864501,validation
2026,300,0.8,vol_regime,MID_30_TO_70PCT,exclude,0.0303561911489405,-0.0175404993569673,2.762657370985032,0.2452807965535668,23,2.6338152785113214,0.0216380844389041,validation
2026,300,0.8,dd_regime,MEDIUM_-5_TO_-10PCT,include,0.0,0.0,,0.0,0,,,validation
2026,300,0.8,dd_regime,MEDIUM_-5_TO_-10PCT,exclude,0.0520249674511086,-0.0175404993569673,3.319582545253468,0.4102947773564986,43,1.8751456194297929,0.0152823975062583,validation
2026,300,0.8,dd_regime,SHALLOW_GT_-5PCT,include,0.0520249674511086,-0.0175404993569673,3.319582545253468,0.4102947773564986,43,1.8751456194297929,0.0152823975062583,validation
2026,300,0.8,dd_regime,SHALLOW_GT_-5PCT,exclude,0.0,0.0,,0.0,0,,,validation
2026,300,0.8,abs_regime,CALM_UPTREND,include,0.0368330542214943,-0.0175404993569673,2.584756072171512,0.2954355932087198,26,2.6341737603016457,0.0215778533525742,validation
2026,300,0.8,abs_regime,CALM_UPTREND,exclude,0.0369617999820406,-0.0133635797668218,2.53403664772231,0.2405018492159758,21,1.711819748453281,0.0141052379913309,validation
2026,300,0.8,abs_regime,STRESS_REVERSAL,include,0.006964350435024,-0.0103944370240022,0.7915272205814321,0.0556008584637187,5,1.561743354467222,0.013913273534073,validation
2026,300,0.8,abs_regime,STRESS_REVERSAL,exclude,0.0460567330243502,-0.0175404993569673,3.2397527924344787,0.387035068619045,39,1.9576299049697687,0.0153971072099755,validation
2026,300,0.8,abs_regime,VOLATILE_UPTREND,include,0.0311195112062827,-0.0145973958768814,2.4440506657916283,0.2172668382942108,17,1.8195753393070584,0.0140914168375227,validation
2026,300,0.8,abs_regime,VOLATILE_UPTREND,exclude,0.0441221885589173,-0.0175404993569673,2.840872198618499,0.3510055858526015,31,2.34987411864654,0.020341630801203,validation
2026,300,0.8,trend_x_vol,ABOVE_MA200|LOW_LE_30PCT,include,0.0303561911489405,-0.0175404993569673,2.762657370985032,0.2452807965535668,23,2.6338152785113214,0.0216380844389041,validation
2026,300,0.8,trend_x_vol,ABOVE_MA200|LOW_LE_30PCT,exclude,0.0477100231602454,-0.0127167529990617,3.276832608921464,0.2679158038759023,24,2.149632306353886,0.019072606864501,validation
2026,300,0.8,trend_x_vol,ABOVE_MA200|MID_30_TO_70PCT,include,0.0477100231602454,-0.0127167529990617,3.276832608921464,0.2679158038759023,24,2.149632306353886,0.019072606864501,validation
2026,300,0.8,trend_x_vol,ABOVE_MA200|MID_30_TO_70PCT,exclude,0.0303561911489405,-0.0175404993569673,2.762657370985032,0.2452807965535668,23,2.6338152785113214,0.0216380844389041,validation
2026,300,0.8,trend_x_vol,BELOW_MA200|MID_30_TO_70PCT,include,0.0,0.0,,0.0,0,,,validation
2026,300,0.8,trend_x_vol,BELOW_MA200|MID_30_TO_70PCT,exclude,0.0520249674511086,-0.0175404993569673,3.319582545253468,0.4102947773564986,43,1.8751456194297929,0.0152823975062583,validation
2026,300,0.8,trend_x_dd,ABOVE_MA200|SHALLOW_GT_-5PCT,include,0.0520249674511086,-0.0175404993569673,3.319582545253468,0.4102947773564986,43,1.8751456194297929,0.0152823975062583,validation
2026,300,0.8,trend_x_dd,ABOVE_MA200|SHALLOW_GT_-5PCT,exclude,0.0,0.0,,0.0,0,,,validation
2026,300,0.8,trend_x_dd,BELOW_MA200|MEDIUM_-5_TO_-10PCT,include,0.0,0.0,,0.0,0,,,validation
2026,300,0.8,trend_x_dd,BELOW_MA200|MEDIUM_-5_TO_-10PCT,exclude,0.0520249674511086,-0.0175404993569673,3.319582545253468,0.4102947773564986,43,1.8751456194297929,0.0152823975062583,validation
2026,500,0.6,ALL,ALL,baseline,0.0119024965201806,-0.0214230189607468,0.7393402123434956,0.4129461945758856,98,1.166156971743626,0.0031127356119019,validation
2026,500,0.6,trend,ABOVE_MA200,include,0.0119024965201806,-0.0214230189607468,0.7393402123434956,0.4129461945758856,98,1.166156971743626,0.0031127356119019,validation
2026,500,0.6,trend,ABOVE_MA200,exclude,0.0,0.0,,0.0,0,,,validation
2026,500,0.6,trend,BELOW_MA200,include,0.0,0.0,,0.0,0,,,validation
2026,500,0.6,trend,BELOW_MA200,exclude,0.0119024965201806,-0.0214230189607468,0.7393402123434956,0.4129461945758856,98,1.166156971743626,0.0031127356119019,validation
2026,500,0.6,vol_regime,LOW_LE_30PCT,include,0.0195822429240857,-0.0091170866077209,2.3551235728859936,0.2203944722999792,51,1.2306216122842522,0.0038917175009957,validation
2026,500,0.6,vol_regime,LOW_LE_30PCT,exclude,0.0169224811629395,-0.0211303768213166,1.0445102889432418,0.2792549549008754,45,1.321490917423002,0.0060810671095821,validation
2026,500,0.6,vol_regime,MID_30_TO_70PCT,include,0.0169224811629395,-0.0211303768213166,1.0445102889432418,0.2792549549008754,45,1.321490917423002,0.0060810671095821,validation
2026,500,0.6,vol_regime,MID_30_TO_70PCT,exclude,0.0195822429240857,-0.0091170866077209,2.3551235728859936,0.2203944722999792,51,1.2306216122842522,0.0038917175009957,validation
2026,500,0.6,dd_regime,MEDIUM_-5_TO_-10PCT,include,0.0,0.0,,0.0,0,,,validation
2026,500,0.6,dd_regime,MEDIUM_-5_TO_-10PCT,exclude,0.0119024965201806,-0.0214230189607468,0.7393402123434956,0.4129461945758856,98,1.166156971743626,0.0031127356119019,validation
2026,500,0.6,dd_regime,SHALLOW_GT_-5PCT,include,0.0119024965201806,-0.0214230189607468,0.7393402123434956,0.4129461945758856,98,1.166156971743626,0.0031127356119019,validation
2026,500,0.6,dd_regime,SHALLOW_GT_-5PCT,exclude,0.0,0.0,,0.0,0,,,validation
2026,500,0.6,abs_regime,CALM_UPTREND,include,0.0332081017977805,-0.0108231648715733,2.2089329363299584,0.289960290128607,59,1.369392659827811,0.0059884625822995,validation
2026,500,0.6,abs_regime,CALM_UPTREND,exclude,0.0153448860643021,-0.0244107796585822,0.845696913153605,0.3059361760010572,42,1.17826355621639,0.0036889970769888,validation
2026,500,0.6,abs_regime,STRESS_REVERSAL,include,-0.0042308442479378,-0.0206706824821827,-0.2686022494331988,0.1085456719127214,13,0.8569863912186321,-0.0032491670459434,validation
2026,500,0.6,abs_regime,STRESS_REVERSAL,exclude,0.0083299275798658,-0.0168129841462509,0.7717483173804025,0.3465607604195045,89,1.165541497186542,0.0030332914510545,validation
2026,500,0.6,abs_regime,VOLATILE_UPTREND,include,0.0129658662825615,-0.0235974522595229,0.9766154570765062,0.2395196374761407,32,1.201254109453623,0.0041040587755513,validation
2026,500,0.6,abs_regime,VOLATILE_UPTREND,exclude,0.03530657253099,-0.0203318563724674,1.8044127630539208,0.3628607208822079,69,1.317348666212076,0.0054115369484915,validation
2026,500,0.6,trend_x_vol,ABOVE_MA200|LOW_LE_30PCT,include,0.0195822429240857,-0.0091170866077209,2.3551235728859936,0.2203944722999792,51,1.2306216122842522,0.0038917175009957,validation
2026,500,0.6,trend_x_vol,ABOVE_MA200|LOW_LE_30PCT,exclude,0.0169224811629395,-0.0211303768213166,1.0445102889432418,0.2792549549008754,45,1.321490917423002,0.0060810671095821,validation
2026,500,0.6,trend_x_vol,ABOVE_MA200|MID_30_TO_70PCT,include,0.0169224811629395,-0.0211303768213166,1.0445102889432418,0.2792549549008754,45,1.321490917423002,0.0060810671095821,validation
2026,500,0.6,trend_x_vol,ABOVE_MA200|MID_30_TO_70PCT,exclude,0.0195822429240857,-0.0091170866077209,2.3551235728859936,0.2203944722999792,51,1.2306216122842522,0.0038917175009957,validation
2026,500,0.6,trend_x_vol,BELOW_MA200|MID_30_TO_70PCT,include,0.0,0.0,,0.0,0,,,validation
2026,500,0.6,trend_x_vol,BELOW_MA200|MID_30_TO_70PCT,exclude,0.0119024965201806,-0.0214230189607468,0.7393402123434956,0.4129461945758856,98,1.166156971743626,0.0031127356119019,validation
2026,500,0.6,trend_x_dd,ABOVE_MA200|SHALLOW_GT_-5PCT,include,0.0119024965201806,-0.0214230189607468,0.7393402123434956,0.4129461945758856,98,1.166156971743626,0.0031127356119019,validation
2026,500,0.6,trend_x_dd,ABOVE_MA200|SHALLOW_GT_-5PCT,exclude,0.0,0.0,,0.0,0,,,validation
2026,500,0.6,trend_x_dd,BELOW_MA200|MEDIUM_-5_TO_-10PCT,include,0.0,0.0,,0.0,0,,,validation
2026,500,0.6,trend_x_dd,BELOW_MA200|MEDIUM_-5_TO_-10PCT,exclude,0.0119024965201806,-0.0214230189607468,0.7393402123434956,0.4129461945758856,98,1.166156971743626,0.0031127356119019,validation
2026,500,0.8,ALL,ALL,baseline,-0.0068676055603673,-0.0342245793685378,-0.3748060976226351,0.4739554362327755,90,1.1253622843465287,0.0026930714053685,validation
2026,500,0.8,trend,ABOVE_MA200,include,-0.0068676055603673,-0.0342245793685378,-0.3748060976226351,0.4739554362327755,90,1.1253622843465287,0.0026930714053685,validation
2026,500,0.8,trend,ABOVE_MA200,exclude,0.0,0.0,,0.0,0,,,validation
2026,500,0.8,trend,BELOW_MA200,include,0.0,0.0,,0.0,0,,,validation
2026,500,0.8,trend,BELOW_MA200,exclude,-0.0068676055603673,-0.0342245793685378,-0.3748060976226351,0.4739554362327755,90,1.1253622843465287,0.0026930714053685,validation
2026,500,0.8,vol_regime,LOW_LE_30PCT,include,0.0129160778670485,-0.0139321061963245,1.4123114190572048,0.2289378092384303,51,1.5069981550798774,0.0089898713468109,validation
2026,500,0.8,vol_regime,LOW_LE_30PCT,exclude,-0.003902251321965,-0.0320765114558745,-0.2110713354641652,0.3386213866562613,41,1.1266199057459538,0.0029049224638282,validation
2026,500,0.8,vol_regime,MID_30_TO_70PCT,include,-0.003902251321965,-0.0320765114558745,-0.2110713354641652,0.3386213866562613,41,1.1266199057459538,0.0029049224638282,validation
2026,500,0.8,vol_regime,MID_30_TO_70PCT,exclude,0.0129160778670485,-0.0139321061963245,1.4123114190572048,0.2289378092384303,51,1.5069981550798774,0.0089898713468109,validation
2026,500,0.8,dd_regime,MEDIUM_-5_TO_-10PCT,include,0.0,0.0,,0.0,0,,,validation
2026,500,0.8,dd_regime,MEDIUM_-5_TO_-10PCT,exclude,-0.0068676055603673,-0.0342245793685378,-0.3748060976226351,0.4739554362327755,90,1.1253622843465287,0.0026930714053685,validation
2026,500,0.8,dd_regime,SHALLOW_GT_-5PCT,include,-0.0068676055603673,-0.0342245793685378,-0.3748060976226351,0.4739554362327755,90,1.1253622843465287,0.0026930714053685,validation
2026,500,0.8,dd_regime,SHALLOW_GT_-5PCT,exclude,0.0,0.0,,0.0,0,,,validation
2026,500,0.8,abs_regime,CALM_UPTREND,include,0.0261107175659669,-0.0139321061963245,1.4916002929081555,0.3476136712866965,58,1.6041127238764337,0.0104175784136761,validation
2026,500,0.8,abs_regime,CALM_UPTREND,exclude,-0.0022928221463903,-0.0359695526472642,-0.0836802811712749,0.3624569547330502,38,0.9850512584639306,-0.000377098168504,validation
2026,500,0.8,abs_regime,STRESS_REVERSAL,include,-0.0005918964028128,-0.0206706824821827,-0.0115528214185528,0.1155623880922257,13,0.9800272326508326,-0.0004537670088894,validation
2026,500,0.8,abs_regime,STRESS_REVERSAL,exclude,-0.0140530455180515,-0.0341268956293134,-1.107780540972509,0.4001917460993445,81,1.0989133099496478,0.0021105071009743,validation
2026,500,0.8,abs_regime,VOLATILE_UPTREND,include,-0.0092038926081593,-0.0436734908269692,-0.5971840346508411,0.2892808484432548,28,0.8998947063861839,-0.0026527831178837,validation
2026,500,0.8,abs_regime,VOLATILE_UPTREND,exclude,0.0319820850081447,-0.0172765803923619,1.548185233890734,0.4276331154316541,68,1.541371694266735,0.0097152427288994,validation
2026,500,0.8,trend_x_vol,ABOVE_MA200|LOW_LE_30PCT,include,0.0129160778670485,-0.0139321061963245,1.4123114190572048,0.2289378092384303,51,1.5069981550798774,0.0089898713468109,validation
2026,500,0.8,trend_x_vol,ABOVE_MA200|LOW_LE_30PCT,exclude,-0.003902251321965,-0.0320765114558745,-0.2110713354641652,0.3386213866562613,41,1.1266199057459538,0.0029049224638282,validation
2026,500,0.8,trend_x_vol,ABOVE_MA200|MID_30_TO_70PCT,include,-0.003902251321965,-0.0320765114558745,-0.2110713354641652,0.3386213866562613,41,1.1266199057459538,0.0029049224638282,validation
2026,500,0.8,trend_x_vol,ABOVE_MA200|MID_30_TO_70PCT,exclude,0.0129160778670485,-0.0139321061963245,1.4123114190572048,0.2289378092384303,51,1.5069981550798774,0.0089898713468109,validation
2026,500,0.8,trend_x_vol,BELOW_MA200|MID_30_TO_70PCT,include,0.0,0.0,,0.0,0,,,validation
2026,500,0.8,trend_x_vol,BELOW_MA200|MID_30_TO_70PCT,exclude,-0.0068676055603673,-0.0342245793685378,-0.3748060976226351,0.4739554362327755,90,1.1253622843465287,0.0026930714053685,validation
2026,500,0.8,trend_x_dd,ABOVE_MA200|SHALLOW_GT_-5PCT,include,-0.0068676055603673,-0.0342245793685378,-0.3748060976226351,0.4739554362327755,90,1.1253622843465287,0.0026930714053685,validation
2026,500,0.8,trend_x_dd,ABOVE_MA200|SHALLOW_GT_-5PCT,exclude,0.0,0.0,,0.0,0,,,validation
2026,500,0.8,trend_x_dd,BELOW_MA200|MEDIUM_-5_TO_-10PCT,include,0.0,0.0,,0.0,0,,,validation
2026,500,0.8,trend_x_dd,BELOW_MA200|MEDIUM_-5_TO_-10PCT,exclude,-0.0068676055603673,-0.0342245793685378,-0.3748060976226351,0.4739554362327755,90,1.1253622843465287,0.0026930714053685,validation
