year,rank_cap,target_fraction,state_dimension,state,n,mean_trade,median_trade,profit_factor,gross_positive_return_sum,gross_negative_return_abs_sum,win_rate,target_share,stop_share,max_hold_share,mean_holding_sessions,mean_mfe_return,mean_mae_return,period
2019,300,0.6,trend,ABOVE_MA200,55,0.0056302372640651,-0.0019054619220306,1.4771534653187872,0.9586430361127982,0.6489799865892145,0.4909090909090909,0.2909090909090909,0.3636363636363636,0.3454545454545454,13.709090909090907,0.0370620954302714,-0.023427616836197,discovery
2019,300,0.6,vol_regime,HIGH_GE_70PCT,170,0.015335660405063,0.0100944237652027,2.114063462732126,4.947200291579074,2.3401380227183544,0.5352941176470588,0.3941176470588235,0.4176470588235294,0.188235294117647,10.235294117647058,0.0464925205407004,-0.027845284120544,discovery
2019,300,0.6,vol_regime,LOW_LE_30PCT,67,-0.0128195546199107,-0.016569464213112,0.5241549870471649,0.9461106690002395,1.8050208285342637,0.373134328358209,0.2238805970149253,0.4626865671641791,0.3134328358208955,12.373134328358208,0.0328869328361139,-0.0418275494270532,discovery
2019,300,0.6,vol_regime,MID_30_TO_70PCT,51,-0.0115443592054354,-0.0286471311791174,0.5801709417669129,0.8136235038269268,1.402385823304134,0.2745098039215686,0.2549019607843137,0.6666666666666666,0.0784313725490196,9.0,0.0331731451679683,-0.0405324954247987,discovery
2019,300,0.6,dd_regime,MEDIUM_-5_TO_-10PCT,17,0.0371120352511554,0.0333779089287105,6.288107266381146,0.7502109157811441,0.1193063165115019,0.6470588235294118,0.5882352941176471,0.2941176470588235,0.1176470588235294,8.470588235294118,0.0523437345759974,-0.0158688453197445,discovery
2019,300,0.6,dd_regime,SHALLOW_GT_-5PCT,283,0.0008283150982429,-0.0141026438940531,1.0394435891262526,6.177411211151215,5.942998038348474,0.431095406360424,0.3074204946996466,0.4946996466431095,0.1978798586572438,10.547703180212014,0.0398529908577723,-0.0354206376303126,discovery
2019,300,0.6,abs_regime,CALM_UPTREND,120,-0.0025899348506835,-0.0082815217929574,0.8830663830840222,2.3470592577254124,2.657851439807435,0.4166666666666667,0.2416666666666666,0.4583333333333333,0.3,11.766666666666667,0.0373132972295468,-0.0377736906016472,discovery
2019,300,0.6,abs_regime,CALM_WEAK,1,0.0383862488066297,0.0383862488066297,,0.0383862488066297,-0.0,1.0,1.0,0.0,0.0,5.0,0.0468508287292817,-0.0077348066298342,discovery
2019,300,0.6,abs_regime,STRESS_REVERSAL,149,0.012267982773679,-0.001966411044159,1.8605278396066176,3.952125013183874,2.124195579905698,0.4966442953020134,0.3892617449664429,0.4630872483221476,0.1476510067114094,9.604026845637584,0.0414725124115555,-0.0280879009817194,discovery
2019,300,0.6,abs_regime,VOLATILE_UPTREND,96,0.0047144194637561,-0.0077614927242325,1.2042478333666586,2.668442625794466,2.2158583572738744,0.4791666666666667,0.2708333333333333,0.4166666666666667,0.3125,13.135416666666666,0.0554339601115043,-0.0376261549752666,discovery
2019,300,0.6,trend_x_vol,ABOVE_MA200|HIGH_GE_70PCT,7,-0.0001010645000602,-0.0084977651214126,0.9876335685170924,0.0564999572334099,0.0572074087338315,0.2857142857142857,0.1428571428571428,0.4285714285714285,0.4285714285714285,13.0,0.0387083306516952,-0.0194874586751273,discovery
2019,300,0.6,trend_x_vol,ABOVE_MA200|LOW_LE_30PCT,36,0.0124776148931666,0.0037906989388739,2.5805083755354423,0.7334027763023472,0.2842086401483467,0.5833333333333334,0.3055555555555556,0.25,0.4444444444444444,15.25,0.038057351921574,-0.0211223269472396,discovery
2019,300,0.6,trend_x_vol,ABOVE_MA200|MID_30_TO_70PCT,12,-0.0115686362608329,-0.0246324165785093,0.5486348751906382,0.1687403025770411,0.3075639377070363,0.3333333333333333,0.3333333333333333,0.6666666666666666,0.0,9.5,0.0331160220771999,-0.0326419120970264,discovery
2019,300,0.6,trend_x_dd,ABOVE_MA200|SHALLOW_GT_-5PCT,55,0.0056302372640651,-0.0019054619220306,1.4771534653187872,0.9586430361127982,0.6489799865892145,0.4909090909090909,0.2909090909090909,0.3636363636363636,0.3454545454545454,13.709090909090907,0.0370620954302714,-0.023427616836197,discovery
2019,300,0.8,trend,ABOVE_MA200,55,0.0057051107426955,-0.0040729215007689,1.450302553410103,1.0106039013609145,0.6968228105126595,0.4727272727272727,0.109090909090909,0.3818181818181818,0.509090909090909,15.563636363636364,0.0402475726559072,-0.0239806835052447,discovery
2019,300,0.8,vol_regime,HIGH_GE_70PCT,171,0.0160537344259013,0.0062709074300544,2.1440252086613647,5.144776083717694,2.399587496888559,0.52046783625731,0.1812865497076023,0.4269005847953216,0.391812865497076,12.690058479532164,0.0525920022053635,-0.0286860198735447,discovery
2019,300,0.8,vol_regime,LOW_LE_30PCT,67,-0.0140345837737151,-0.0168473443273091,0.4925060397230841,0.9125465396187946,1.852863652457708,0.3582089552238806,0.044776119402985,0.4776119402985074,0.4776119402985074,13.92537313432836,0.0348311234928345,-0.0422792383508552,discovery
2019,300,0.8,vol_regime,MID_30_TO_70PCT,51,-0.0146689292077319,-0.0296638788405885,0.5095511019346413,0.7772532931478915,1.525368682742222,0.2352941176470588,0.1372549019607843,0.7058823529411765,0.1568627450980392,10.666666666666666,0.0369934011447384,-0.0419802932282804,discovery
2019,300,0.8,dd_regime,MEDIUM_-5_TO_-10PCT,17,0.0421157919341814,0.0448428449206663,7.00109435791742,0.8352747793925861,0.1193063165115019,0.6470588235294118,0.2941176470588235,0.2941176470588235,0.4117647058823529,13.470588235294118,0.0617788371929953,-0.0174773433711948,discovery
2019,300,0.8,dd_regime,SHALLOW_GT_-5PCT,284,4.57612938160468e-05,-0.0167084042702105,1.0020960882105507,6.21321592068888,6.200219713245123,0.4084507042253521,0.130281690140845,0.5140845070422535,0.3556338028169014,12.461267605633802,0.0443507186616275,-0.0362682108551844,discovery
2019,300,0.8,abs_regime,CALM_UPTREND,120,-0.0052642028003012,-0.0144442540777935,0.7767187323617422,2.1974821099114146,2.829186445947564,0.3833333333333333,0.0333333333333333,0.4833333333333333,0.4833333333333333,13.391666666666667,0.0403175749054628,-0.0386399017430591,discovery
2019,300,0.8,abs_regime,CALM_WEAK,1,0.0689854608839781,0.0689854608839781,,0.0689854608839781,-0.0,1.0,1.0,0.0,0.0,17.0,0.0846408839779004,-0.0077348066298342,discovery
2019,300,0.8,abs_regime,STRESS_REVERSAL,150,0.0155692662765264,-0.0024572397127182,2.095180103251552,4.46781540697572,2.13242546549675,0.4933333333333333,0.1933333333333333,0.46,0.3466666666666667,12.046666666666669,0.0482806841153173,-0.0288276266642274,discovery
2019,300,0.8,abs_regime,VOLATILE_UPTREND,96,0.0015903901296131,-0.0145916793049913,1.0665544133861145,2.446701915660805,2.294024463217939,0.4479166666666667,0.09375,0.4479166666666667,0.4583333333333333,15.104166666666666,0.0589468143949347,-0.038256194663196,discovery
2019,300,0.8,trend_x_vol,ABOVE_MA200|HIGH_GE_70PCT,7,-0.0031949653030919,-0.0084977651214126,0.6090583786848294,0.0348426516121878,0.0572074087338315,0.2857142857142857,0.0,0.4285714285714285,0.5714285714285714,14.142857142857142,0.0387083306516952,-0.0194874586751273,discovery
2019,300,0.8,trend_x_vol,ABOVE_MA200|LOW_LE_30PCT,36,0.010751638002095,0.002275990785245,2.1656595737573308,0.7191104321472139,0.3320514640717916,0.5555555555555556,0.0555555555555555,0.2777777777777778,0.6666666666666666,16.86111111111111,0.0403178856392436,-0.0219629702220934,discovery
2019,300,0.8,trend_x_vol,ABOVE_MA200|MID_30_TO_70PCT,12,-0.0042427600087936,-0.0246324165785093,0.8344632973387804,0.2566508176015127,0.3075639377070363,0.3333333333333333,0.3333333333333333,0.6666666666666666,0.0,12.5,0.0409345248750215,-0.0326548711722668,discovery
2019,300,0.8,trend_x_dd,ABOVE_MA200|SHALLOW_GT_-5PCT,55,0.0057051107426955,-0.0040729215007689,1.450302553410103,1.0106039013609145,0.6968228105126595,0.4727272727272727,0.109090909090909,0.3818181818181818,0.509090909090909,15.563636363636364,0.0402475726559072,-0.0239806835052447,discovery
2019,500,0.6,trend,ABOVE_MA200,112,0.0074011667787299,-0.0017694471440155,1.6367379897995291,2.1307701995497244,1.3018395203319648,0.4821428571428571,0.2767857142857143,0.3482142857142857,0.375,12.803571428571429,0.0385616929220434,-0.026313363529285,discovery
2019,500,0.6,vol_regime,HIGH_GE_70PCT,277,0.0125768707704396,0.0073724482992358,1.8758513481044508,7.461401059986454,3.977607856574672,0.51985559566787,0.3935018050541516,0.4151624548736462,0.1913357400722021,9.949458483754512,0.0454025373416831,-0.0287460799516567,discovery
2019,500,0.6,vol_regime,LOW_LE_30PCT,116,-0.0079928408776109,-0.011924220423148,0.6523488380489253,1.7397841269248313,2.6669536687276967,0.3793103448275862,0.1982758620689655,0.4655172413793103,0.3362068965517241,12.129310344827584,0.0326424138402004,-0.0377377423174928,discovery
2019,500,0.6,vol_regime,MID_30_TO_70PCT,96,-0.0040846155154647,-0.0211708054112195,0.8266128390222498,1.8694231938352688,2.261546283319887,0.3229166666666667,0.2708333333333333,0.5833333333333334,0.1458333333333333,8.635416666666666,0.0376894803633286,-0.0382139464249479,discovery
2019,500,0.6,dd_regime,MEDIUM_-5_TO_-10PCT,27,0.0323182215673754,0.0333779089287105,6.587080229754306,1.0287723030655798,0.1561803207464428,0.6666666666666666,0.5185185185185185,0.2592592592592592,0.2222222222222222,9.555555555555555,0.0471101149191875,-0.0141804218196983,discovery
2019,500,0.6,dd_regime,SHALLOW_GT_-5PCT,479,0.0017683934463343,-0.0117218530871321,1.088915425543717,10.373646602786778,9.526586141992624,0.430062630480167,0.3068893528183716,0.4801670146137787,0.2129436325678496,10.17536534446764,0.040145869099671,-0.0347394444559447,discovery
2019,500,0.6,abs_regime,CALM_UPTREND,206,-0.0043722733855355,-0.014757496547885,0.8036447049893771,3.6863451892217536,4.587033506642069,0.3786407766990291,0.2087378640776699,0.4902912621359223,0.3009708737864077,11.199029126213592,0.0363363226857476,-0.0377825265635097,discovery
2019,500,0.6,abs_regime,CALM_WEAK,5,0.0106154454073416,-0.0081810617012778,2.6133018194204745,0.0859769773486336,0.0328997503119252,0.4,0.4,0.6,0.0,6.4,0.0341234065156975,-0.0144274822176086,discovery
2019,500,0.6,abs_regime,STRESS_REVERSAL,241,0.0112448751179975,-0.0029480683812774,1.8099723055979065,6.0558267104681685,3.345811807030764,0.4937759336099585,0.3858921161825726,0.4564315352697095,0.1576763485477178,9.356846473029046,0.04069904658187,-0.0278763123916671,discovery
2019,500,0.6,abs_regime,VOLATILE_UPTREND,149,0.0019444033445171,-0.0141120965793418,1.080953487551178,3.868513097658137,3.57879699932508,0.4563758389261745,0.2818791946308724,0.4161073825503356,0.3020134228187919,12.208053691275168,0.0524579286127007,-0.0390937897822838,discovery
2019,500,0.6,trend_x_vol,ABOVE_MA200|HIGH_GE_70PCT,18,0.0059858013071508,-0.0062853433110908,1.670157857296744,0.2685191161710305,0.1607746926423144,0.3888888888888889,0.2777777777777778,0.4444444444444444,0.2777777777777778,9.72222222222222,0.0427492044821425,-0.0239524531493568,discovery
2019,500,0.6,trend_x_vol,ABOVE_MA200|LOW_LE_30PCT,71,0.0116490716853838,0.0008118231536435,2.277967668107892,1.474271111918303,0.6471870222560493,0.5352112676056338,0.2535211267605634,0.2816901408450704,0.4647887323943662,14.535211267605634,0.0372504283203222,-0.0236631845152928,discovery
2019,500,0.6,trend_x_vol,ABOVE_MA200|MID_30_TO_70PCT,23,-0.0046042536510091,-0.0150712620306409,0.7855788763776558,0.3879799714603911,0.4938778054336014,0.391304347826087,0.3478260869565217,0.4782608695652174,0.1739130434782608,9.869565217391305,0.0393323267759749,-0.0363420199132917,discovery
2019,500,0.6,trend_x_dd,ABOVE_MA200|SHALLOW_GT_-5PCT,112,0.0074011667787299,-0.0017694471440155,1.6367379897995291,2.1307701995497244,1.3018395203319648,0.4821428571428571,0.2767857142857143,0.3482142857142857,0.375,12.803571428571429,0.0385616929220434,-0.026313363529285,discovery
2019,500,0.8,trend,ABOVE_MA200,112,0.0102364440369695,-0.0029136073016067,1.8494456025303316,2.496164076395997,1.34968234425541,0.4732142857142857,0.1339285714285714,0.3571428571428571,0.5089285714285714,14.5,0.0434596725403308,-0.0265849587685495,discovery
2019,500,0.8,vol_regime,HIGH_GE_70PCT,278,0.0154920392983382,-0.0008334979463463,2.04203057451124,8.43985847800463,4.133071553066589,0.5,0.2122302158273381,0.4244604316546763,0.3633093525179856,12.028776978417266,0.0525789686056881,-0.029497237254163,discovery
2019,500,0.8,vol_regime,LOW_LE_30PCT,116,-0.0081096227725541,-0.0130504655972499,0.6534855396480862,1.7740802510348632,2.714796492651142,0.3706896551724138,0.043103448275862,0.4741379310344827,0.4827586206896552,13.45689655172414,0.0352916412889689,-0.0379986316096888,discovery
2019,500,0.8,vol_regime,MID_30_TO_70PCT,96,-0.0092371609377114,-0.0247261593420696,0.6500243680637735,1.6470302464487128,2.533797696469009,0.2604166666666667,0.1354166666666666,0.6458333333333334,0.21875,10.770833333333334,0.042214923908022,-0.0400353812641481,discovery
2019,500,0.8,dd_regime,MEDIUM_-5_TO_-10PCT,27,0.0372049307823623,0.0382202598148149,7.431880318357337,1.160713451870225,0.1561803207464428,0.6666666666666666,0.2962962962962963,0.2592592592592592,0.4444444444444444,12.962962962962964,0.0548723178517845,-0.015193179852093,discovery
2019,500,0.8,dd_regime,SHALLOW_GT_-5PCT,480,0.0019768364841646,-0.0148243572744452,1.0946129166555456,10.977972105321069,10.02909059292202,0.4020833333333333,0.1458333333333333,0.5020833333333333,0.3520833333333333,11.997916666666669,0.0455933336997648,-0.0355902127013371,discovery
2019,500,0.8,abs_regime,CALM_UPTREND,206,-0.0082730502164525,-0.0184008806604978,0.652735456697696,3.2033887219040005,4.907637066493231,0.3398058252427184,0.0339805825242718,0.5242718446601942,0.441747572815534,12.689320388349516,0.0393844015963338,-0.0387775042021265,discovery
2019,500,0.8,abs_regime,CALM_WEAK,5,0.0209446989100557,-0.0081810617012778,4.183109098317972,0.1376232448622041,0.0328997503119252,0.4,0.4,0.6,0.0,9.4,0.045742032542617,-0.0144274822176086,discovery
2019,500,0.8,abs_regime,STRESS_REVERSAL,242,0.0154164180856217,-0.0039734188050148,2.093132956133768,7.143691208133203,3.412918031412747,0.4876033057851239,0.2107438016528925,0.4586776859504132,0.3305785123966942,11.487603305785123,0.0476867088017467,-0.028464935033904,discovery
2019,500,0.8,abs_regime,VOLATILE_UPTREND,149,0.0018345492303331,-0.0179248525832678,1.0739957668045326,3.9674488241195593,3.694100988799926,0.4228187919463087,0.1275167785234899,0.436241610738255,0.436241610738255,14.100671140939598,0.0578862882032003,-0.0397324762504107,discovery
2019,500,0.8,trend_x_vol,ABOVE_MA200|HIGH_GE_70PCT,18,0.0138902694228804,-0.0062853433110908,2.5551256575442105,0.4107995422541621,0.1607746926423144,0.3888888888888889,0.2222222222222222,0.4444444444444444,0.3333333333333333,11.38888888888889,0.051311132239839,-0.0239524531493568,discovery
2019,500,0.8,trend_x_vol,ABOVE_MA200|LOW_LE_30PCT,71,0.0116960501918857,0.0001771505348477,2.194796983451306,1.5254494098033793,0.6950298461794943,0.5211267605633803,0.056338028169014,0.2957746478873239,0.647887323943662,15.915492957746478,0.0407771322425846,-0.0240894261757821,discovery
2019,500,0.8,trend_x_vol,ABOVE_MA200|MID_30_TO_70PCT,23,0.0028711877784719,-0.0150712620306409,1.1337118578286312,0.5599151243384555,0.4938778054336014,0.391304347826087,0.3043478260869565,0.4782608695652174,0.217391304347826,12.565217391304348,0.0455959371728888,-0.0363487811699389,discovery
2019,500,0.8,trend_x_dd,ABOVE_MA200|SHALLOW_GT_-5PCT,112,0.0102364440369695,-0.0029136073016067,1.8494456025303316,2.496164076395997,1.34968234425541,0.4732142857142857,0.1339285714285714,0.3571428571428571,0.5089285714285714,14.5,0.0434596725403308,-0.0265849587685495,discovery
2020,300,0.6,trend,ABOVE_MA200,207,-0.0007052162552566,-0.0168814055531021,0.9728707465972044,5.234918952525377,5.38089871736351,0.4106280193236715,0.3526570048309179,0.5507246376811594,0.0966183574879227,7.9855072463768115,0.0448093555889184,-0.0397260677075923,discovery
2020,300,0.6,trend,BELOW_MA200,7,-0.037625565426955,-0.0778902483506974,0.390085580478929,0.1684504094748695,0.4318293674635549,0.2857142857142857,0.2857142857142857,0.7142857142857143,0.0,2.2857142857142856,0.0457640504532433,-0.082440413456568,discovery
2020,300,0.6,vol_regime,HIGH_GE_70PCT,47,-0.0439940313596004,-0.0415940458730157,0.1191998605160439,0.2798272409672151,2.3475467148684377,0.1914893617021276,0.1914893617021276,0.8085106382978723,0.0,4.319148936170213,0.0282896056497063,-0.0661040538990492,discovery
2020,300,0.6,vol_regime,LOW_LE_30PCT,35,-0.0034319355186122,-0.0176198701332321,0.8412501567607061,0.6365302049688519,0.7566479481202797,0.3428571428571428,0.2,0.6285714285714286,0.1714285714285714,10.028571428571428,0.0408025425182814,-0.0313131157928289,discovery
2020,300,0.6,vol_regime,MID_30_TO_70PCT,132,0.0134733219259532,0.0016900332374227,1.6566204721294286,4.487011916064179,2.708533421838347,0.5,0.4469696969696969,0.4469696969696969,0.106060606060606,8.446969696969697,0.0518044280788088,-0.0348297676035095,discovery
2020,300,0.6,dd_regime,DEEP_LE_-10PCT,7,-0.037625565426955,-0.0778902483506974,0.390085580478929,0.1684504094748695,0.4318293674635549,0.2857142857142857,0.2857142857142857,0.7142857142857143,0.0,2.2857142857142856,0.0457640504532433,-0.082440413456568,discovery
2020,300,0.6,dd_regime,MEDIUM_-5_TO_-10PCT,73,-0.0005786656889116,-0.0185601163768596,0.9816713753173856,2.262490903378511,2.3047334986690657,0.4383561643835616,0.410958904109589,0.5068493150684932,0.0821917808219178,6.835616438356165,0.0506980850763537,-0.045379086141746,discovery
2020,300,0.6,dd_regime,SHALLOW_GT_-5PCT,134,-0.0007741579816983,-0.0166757713499153,0.9662771138178312,2.972428049146866,3.076165218694445,0.3955223880597014,0.3208955223880597,0.5746268656716418,0.1044776119402985,8.611940298507463,0.0416013163905395,-0.0366464382621205,discovery
2020,300,0.6,abs_regime,CALM_UPTREND,26,-0.0176098546198687,-0.0251763649107138,0.3389573817807526,0.2347711650132637,0.6926273851298524,0.1923076923076923,0.1153846153846153,0.8076923076923077,0.0769230769230769,9.192307692307692,0.0322126963993236,-0.0331356744797758,discovery
2020,300,0.6,abs_regime,STRESS_REVERSAL,68,-0.0078418739709515,-0.0308494441028223,0.788611450306126,1.989346299848254,2.522593729872959,0.4117647058823529,0.3823529411764705,0.5294117647058824,0.088235294117647,7.073529411764706,0.0491770198752164,-0.0522801741911445,discovery
2020,300,0.6,abs_regime,VOLATILE_UPTREND,120,0.0048478743942872,-0.0082912703696548,1.2239627974333542,3.179251897138729,2.597506969824254,0.45,0.3833333333333333,0.5166666666666667,0.1,7.908333333333333,0.0451193125181807,-0.0365316627349632,discovery
2020,300,0.6,trend_x_vol,ABOVE_MA200|HIGH_GE_70PCT,40,-0.0451085128978134,-0.0405264449392905,0.0581384470121448,0.1113768314923455,1.9157173474048836,0.175,0.175,0.825,0.0,4.675,0.0252315778090873,-0.0632451909764834,discovery
2020,300,0.6,trend_x_vol,ABOVE_MA200|LOW_LE_30PCT,35,-0.0034319355186122,-0.0176198701332321,0.8412501567607061,0.6365302049688519,0.7566479481202797,0.3428571428571428,0.2,0.6285714285714286,0.1714285714285714,10.028571428571428,0.0408025425182814,-0.0313131157928289,discovery
2020,300,0.6,trend_x_vol,ABOVE_MA200|MID_30_TO_70PCT,132,0.0134733219259532,0.0016900332374227,1.6566204721294286,4.487011916064179,2.708533421838347,0.5,0.4469696969696969,0.4469696969696969,0.106060606060606,8.446969696969697,0.0518044280788088,-0.0348297676035095,discovery
2020,300,0.6,trend_x_vol,BELOW_MA200|HIGH_GE_70PCT,7,-0.037625565426955,-0.0778902483506974,0.390085580478929,0.1684504094748695,0.4318293674635549,0.2857142857142857,0.2857142857142857,0.7142857142857143,0.0,2.2857142857142856,0.0457640504532433,-0.082440413456568,discovery
2020,300,0.6,trend_x_dd,ABOVE_MA200|MEDIUM_-5_TO_-10PCT,73,-0.0005786656889116,-0.0185601163768596,0.9816713753173856,2.262490903378511,2.3047334986690657,0.4383561643835616,0.410958904109589,0.5068493150684932,0.0821917808219178,6.835616438356165,0.0506980850763537,-0.045379086141746,discovery
2020,300,0.6,trend_x_dd,ABOVE_MA200|SHALLOW_GT_-5PCT,134,-0.0007741579816983,-0.0166757713499153,0.9662771138178312,2.972428049146866,3.076165218694445,0.3955223880597014,0.3208955223880597,0.5746268656716418,0.1044776119402985,8.611940298507463,0.0416013163905395,-0.0366464382621205,discovery
2020,300,0.6,trend_x_dd,BELOW_MA200|DEEP_LE_-10PCT,7,-0.037625565426955,-0.0778902483506974,0.390085580478929,0.1684504094748695,0.4318293674635549,0.2857142857142857,0.2857142857142857,0.7142857142857143,0.0,2.2857142857142856,0.0457640504532433,-0.082440413456568,discovery
2020,300,0.8,trend,ABOVE_MA200,208,-0.0012708152522848,-0.0237824506288906,0.9583665792577456,6.084646028440694,6.348975600915933,0.3317307692307692,0.2067307692307692,0.6201923076923077,0.173076923076923,9.807692307692308,0.0521530045069778,-0.0447359701809081,discovery
2020,300,0.8,trend,BELOW_MA200,9,-0.0085794047031074,-0.073246492415087,0.821191775859284,0.354614725135588,0.4318293674635549,0.4444444444444444,0.4444444444444444,0.5555555555555556,0.0,4.0,0.0641787440725782,-0.0753163797482206,discovery
2020,300,0.8,vol_regime,HIGH_GE_70PCT,50,-0.0430430739222205,-0.0453559948812476,0.1956402810044445,0.5234572840093226,2.67561098012035,0.16,0.16,0.84,0.0,5.08,0.0327910434895312,-0.0698965085093748,discovery
2020,300,0.8,vol_regime,LOW_LE_30PCT,35,0.0026396070806232,-0.0220082082846538,1.118381786556913,0.8727955532464995,0.7804093054246857,0.3142857142857143,0.1428571428571428,0.6571428571428571,0.2,11.085714285714284,0.0489750171757466,-0.0336924176458293,discovery
2020,300,0.8,vol_regime,MID_30_TO_70PCT,132,0.0130168426779242,-0.0177502359348791,1.5167923331567996,5.043007916320459,3.324784682834452,0.4090909090909091,0.2575757575757575,0.5227272727272727,0.2196969696969697,10.863636363636363,0.0611496655945219,-0.0402187058506825,discovery
2020,300,0.8,dd_regime,DEEP_LE_-10PCT,9,-0.0085794047031074,-0.073246492415087,0.821191775859284,0.354614725135588,0.4318293674635549,0.4444444444444444,0.4444444444444444,0.5555555555555556,0.0,4.0,0.0641787440725782,-0.0753163797482206,discovery
2020,300,0.8,dd_regime,MEDIUM_-5_TO_-10PCT,73,0.0006978697450251,-0.0299118611749091,1.0193573648783252,2.6827330487166803,2.6317885573298456,0.3561643835616438,0.3013698630136986,0.5616438356164384,0.136986301369863,8.493150684931507,0.0590291791628778,-0.0502198273500782,discovery
2020,300,0.8,dd_regime,SHALLOW_GT_-5PCT,135,-0.0023353634360153,-0.023425322719754,0.9151847727420463,3.4019129797240133,3.717187043586088,0.3185185185185185,0.1555555555555555,0.6518518518518519,0.1925925925925926,10.51851851851852,0.0484347767300837,-0.0417706251931346,discovery
2020,300,0.8,abs_regime,CALM_UPTREND,26,-0.0156104178879865,-0.0251763649107138,0.433448851096517,0.3105178773466079,0.7163887424342584,0.1538461538461538,0.0769230769230769,0.8461538461538461,0.0769230769230769,9.653846153846152,0.0361771473436962,-0.034211747008353,discovery
2020,300,0.8,abs_regime,STRESS_REVERSAL,70,-0.0043928311077043,-0.0321731199813401,0.8905494191357282,2.5019723169172634,2.809470494456568,0.3571428571428571,0.3,0.5571428571428572,0.1428571428571428,8.428571428571429,0.0579082384401139,-0.0552577732926858,discovery
2020,300,0.8,abs_regime,VOLATILE_UPTREND,121,0.0030729324613532,-0.0185601163768596,1.1142338024952851,3.6267705593124098,3.2549457314886614,0.3636363636363636,0.1983471074380165,0.6033057851239669,0.1983471074380165,10.206611570247937,0.053150835639343,-0.0431849558897329,discovery
2020,300,0.8,trend_x_vol,ABOVE_MA200|HIGH_GE_70PCT,41,-0.0506082696044648,-0.0452682444905213,0.0752491053145823,0.1688425588737345,2.243781612656796,0.0975609756097561,0.0975609756097561,0.902439024390244,0.0,5.317073170731708,0.025901060434716,-0.0687067806764575,discovery
2020,300,0.8,trend_x_vol,ABOVE_MA200|LOW_LE_30PCT,35,0.0026396070806232,-0.0220082082846538,1.118381786556913,0.8727955532464995,0.7804093054246857,0.3142857142857143,0.1428571428571428,0.6571428571428571,0.2,11.085714285714284,0.0489750171757466,-0.0336924176458293,discovery
2020,300,0.8,trend_x_vol,ABOVE_MA200|MID_30_TO_70PCT,132,0.0130168426779242,-0.0177502359348791,1.5167923331567996,5.043007916320459,3.324784682834452,0.4090909090909091,0.2575757575757575,0.5227272727272727,0.2196969696969697,10.863636363636363,0.0611496655945219,-0.0402187058506825,discovery
2020,300,0.8,trend_x_vol,BELOW_MA200|HIGH_GE_70PCT,9,-0.0085794047031074,-0.073246492415087,0.821191775859284,0.354614725135588,0.4318293674635549,0.4444444444444444,0.4444444444444444,0.5555555555555556,0.0,4.0,0.0641787440725782,-0.0753163797482206,discovery
2020,300,0.8,trend_x_dd,ABOVE_MA200|MEDIUM_-5_TO_-10PCT,73,0.0006978697450251,-0.0299118611749091,1.0193573648783252,2.6827330487166803,2.6317885573298456,0.3561643835616438,0.3013698630136986,0.5616438356164384,0.136986301369863,8.493150684931507,0.0590291791628778,-0.0502198273500782,discovery
2020,300,0.8,trend_x_dd,ABOVE_MA200|SHALLOW_GT_-5PCT,135,-0.0023353634360153,-0.023425322719754,0.9151847727420463,3.4019129797240133,3.717187043586088,0.3185185185185185,0.1555555555555555,0.6518518518518519,0.1925925925925926,10.51851851851852,0.0484347767300837,-0.0417706251931346,discovery
2020,300,0.8,trend_x_dd,BELOW_MA200|DEEP_LE_-10PCT,9,-0.0085794047031074,-0.073246492415087,0.821191775859284,0.354614725135588,0.4318293674635549,0.4444444444444444,0.4444444444444444,0.5555555555555556,0.0,4.0,0.0641787440725782,-0.0753163797482206,discovery
2020,500,0.6,trend,ABOVE_MA200,361,0.0017884538712971,-0.0160123504419889,1.072738978423056,9.521641128053876,8.876009280515605,0.4404432132963989,0.371191135734072,0.5124653739612188,0.1163434903047091,8.476454293628809,0.0461270147875984,-0.0395617033699534,discovery
2020,500,0.6,trend,BELOW_MA200,10,-0.0459465254660966,-0.0755683703828922,0.2682691627174138,0.1684504094748695,0.627915664135836,0.2,0.2,0.8,0.0,2.2,0.0381989692316091,-0.0835230587149674,discovery
2020,500,0.6,vol_regime,HIGH_GE_70PCT,85,-0.0407419982928133,-0.0437887275069696,0.1382973528954434,0.5557989121101805,4.018868766999318,0.188235294117647,0.1647058823529411,0.8117647058823529,0.0235294117647058,4.694117647058824,0.0266753256121051,-0.0628062351694659,discovery
2020,500,0.6,vol_regime,LOW_LE_30PCT,78,0.0039463900056207,-0.0158874592907248,1.1823915113230432,1.9954979522627976,1.6876795318243825,0.4487179487179487,0.3461538461538461,0.5,0.1538461538461538,10.115384615384617,0.0477044748392919,-0.0342699367225876,discovery
2020,500,0.6,vol_regime,MID_30_TO_70PCT,208,0.0160645097467693,0.0082233075383134,1.8799279973977068,7.138794673155767,3.797376645827741,0.5288461538461539,0.4567307692307692,0.4086538461538461,0.1346153846153846,9.10576923076923,0.0531033188276221,-0.034160675240079,discovery
2020,500,0.6,dd_regime,DEEP_LE_-10PCT,10,-0.0459465254660966,-0.0755683703828922,0.2682691627174138,0.1684504094748695,0.627915664135836,0.2,0.2,0.8,0.0,2.2,0.0381989692316091,-0.0835230587149674,discovery
2020,500,0.6,dd_regime,MEDIUM_-5_TO_-10PCT,121,0.0003088216263745,-0.0133672091324734,1.0108652512063567,3.4765347293201003,3.4391673125287845,0.4545454545454545,0.4049586776859504,0.5041322314049587,0.0909090909090909,6.966942148760331,0.048242405188495,-0.0429423356197962,discovery
2020,500,0.6,dd_regime,SHALLOW_GT_-5PCT,240,0.0025344351281123,-0.0160690015052172,1.1118782621103451,6.045106398733775,5.436841967986821,0.4333333333333333,0.3541666666666667,0.5166666666666667,0.1291666666666666,9.2375,0.0450605054604796,-0.0378573012773244,discovery
2020,500,0.6,abs_regime,CALM_UPTREND,59,0.0006691783829193,-0.0172030843046561,1.032110049895768,1.2690506071817709,1.2295690825895274,0.4067796610169492,0.3389830508474576,0.576271186440678,0.0847457627118644,9.542372881355933,0.0420002014464971,-0.0279867504077503,discovery
2020,500,0.6,abs_regime,STRESS_REVERSAL,113,-0.0049176707305957,-0.027243607922925,0.8500719377222413,3.1507260352641167,3.7064228278214353,0.4247787610619469,0.3982300884955752,0.5309734513274337,0.0707964601769911,6.592920353982301,0.0478889883619382,-0.0479960373783499,discovery
2020,500,0.6,abs_regime,VOLATILE_UPTREND,199,0.0035295570896601,-0.0116430296656868,1.153763607210841,5.270314895082857,4.567933034240478,0.4472361809045226,0.3567839195979899,0.4974874371859296,0.1457286432160804,8.914572864321608,0.045951630454255,-0.0404132412356385,discovery
2020,500,0.6,trend_x_vol,ABOVE_MA200|HIGH_GE_70PCT,75,-0.0400480613363756,-0.0409525287278319,0.1142299792669546,0.3873485026353109,3.390953102863482,0.1866666666666666,0.16,0.8133333333333334,0.0266666666666666,5.026666666666666,0.0251388397961712,-0.0600439920300657,discovery
2020,500,0.6,trend_x_vol,ABOVE_MA200|LOW_LE_30PCT,78,0.0039463900056207,-0.0158874592907248,1.1823915113230432,1.9954979522627976,1.6876795318243825,0.4487179487179487,0.3461538461538461,0.5,0.1538461538461538,10.115384615384617,0.0477044748392919,-0.0342699367225876,discovery
2020,500,0.6,trend_x_vol,ABOVE_MA200|MID_30_TO_70PCT,208,0.0160645097467693,0.0082233075383134,1.8799279973977068,7.138794673155767,3.797376645827741,0.5288461538461539,0.4567307692307692,0.4086538461538461,0.1346153846153846,9.10576923076923,0.0531033188276221,-0.034160675240079,discovery
2020,500,0.6,trend_x_vol,BELOW_MA200|HIGH_GE_70PCT,10,-0.0459465254660966,-0.0755683703828922,0.2682691627174138,0.1684504094748695,0.627915664135836,0.2,0.2,0.8,0.0,2.2,0.0381989692316091,-0.0835230587149674,discovery
2020,500,0.6,trend_x_dd,ABOVE_MA200|MEDIUM_-5_TO_-10PCT,121,0.0003088216263745,-0.0133672091324734,1.0108652512063567,3.4765347293201003,3.4391673125287845,0.4545454545454545,0.4049586776859504,0.5041322314049587,0.0909090909090909,6.966942148760331,0.048242405188495,-0.0429423356197962,discovery
2020,500,0.6,trend_x_dd,ABOVE_MA200|SHALLOW_GT_-5PCT,240,0.0025344351281123,-0.0160690015052172,1.1118782621103451,6.045106398733775,5.436841967986821,0.4333333333333333,0.3541666666666667,0.5166666666666667,0.1291666666666666,9.2375,0.0450605054604796,-0.0378573012773244,discovery
2020,500,0.6,trend_x_dd,BELOW_MA200|DEEP_LE_-10PCT,10,-0.0459465254660966,-0.0755683703828922,0.2682691627174138,0.1684504094748695,0.627915664135836,0.2,0.2,0.8,0.0,2.2,0.0381989692316091,-0.0835230587149674,discovery
2020,500,0.8,trend,ABOVE_MA200,363,-0.0014063509141476,-0.0249873863691484,0.9533203601682334,10.425855388630422,10.936360770466036,0.3333333333333333,0.1983471074380165,0.6033057851239669,0.1983471074380165,10.5564738292011,0.0559332725807773,-0.0453406896440756,discovery
2020,500,0.8,trend,BELOW_MA200,12,-0.0227750782500206,-0.0698349216159774,0.5647489709045939,0.354614725135588,0.627915664135836,0.3333333333333333,0.3333333333333333,0.6666666666666666,0.0,3.5,0.0532708363163827,-0.0779995925573069,discovery
2020,500,0.8,vol_regime,HIGH_GE_70PCT,89,-0.0444092489687689,-0.0465264315121697,0.1483491825419489,0.6884731776949777,4.640896335915411,0.1235955056179775,0.1011235955056179,0.8764044943820225,0.0224719101123595,5.617977528089888,0.0295873131534553,-0.0674893029866389,discovery
2020,500,0.8,vol_regime,LOW_LE_30PCT,78,0.0040093091793,-0.021713211473437,1.1621788866795388,2.2410049591084427,1.9282788431230389,0.358974358974359,0.2179487179487179,0.5769230769230769,0.2051282051282051,11.538461538461538,0.0549075168225101,-0.0373485189789389,discovery
2020,500,0.8,vol_regime,MID_30_TO_70PCT,208,0.0137302438528806,-0.016928002125849,1.5717383042472557,7.850991976962591,4.995101255563422,0.4134615384615384,0.2403846153846154,0.5,0.2596153846153846,11.89423076923077,0.0674373596144492,-0.0407448702178801,discovery
2020,500,0.8,dd_regime,DEEP_LE_-10PCT,12,-0.0227750782500206,-0.0698349216159774,0.5647489709045939,0.354614725135588,0.627915664135836,0.3333333333333333,0.3333333333333333,0.6666666666666666,0.0,3.5,0.0532708363163827,-0.0779995925573069,discovery
2020,500,0.8,dd_regime,MEDIUM_-5_TO_-10PCT,121,0.0029105638333882,-0.0242465408756887,1.0887753642365576,4.319249796776954,3.96707157293698,0.3801652892561983,0.2727272727272727,0.5537190082644629,0.1735537190082644,8.851239669421487,0.0602009584491949,-0.0479776466951295,discovery
2020,500,0.8,dd_regime,SHALLOW_GT_-5PCT,242,-0.0035648082879156,-0.0249944149001226,0.8762164144398755,6.106605591853468,6.969289197529058,0.3099173553719008,0.1611570247933884,0.628099173553719,0.2107438016528925,11.409090909090908,0.0537994296465685,-0.0440222111185487,discovery
2020,500,0.8,abs_regime,CALM_UPTREND,59,-0.0011016369353764,-0.0237613573044059,0.953559557027586,1.3345718794043848,1.399568458591597,0.3050847457627119,0.2033898305084746,0.6610169491525424,0.135593220338983,10.779661016949152,0.0466026933915683,-0.0303962836071339,discovery
2020,500,0.8,abs_regime,STRESS_REVERSAL,115,-0.0003839086377657,-0.0315913794096029,0.9893458888687086,4.0997432067613335,4.143892700104393,0.3652173913043478,0.2782608695652174,0.5652173913043478,0.1565217391304348,8.365217391304348,0.062004583461048,-0.05175512795646,discovery
2020,500,0.8,abs_regime,VOLATILE_UPTREND,201,-0.0033565186482865,-0.0245547726170566,0.8879453666340758,5.346155027600293,6.020815275905883,0.3233830845771144,0.1592039800995024,0.6119402985074627,0.2288557213930348,11.323383084577117,0.0550395123109239,-0.0480071890730017,discovery
2020,500,0.8,trend_x_vol,ABOVE_MA200|HIGH_GE_70PCT,77,-0.0477808080418205,-0.045438089460722,0.0831946325849953,0.3338584525593897,4.012980671779576,0.0909090909090909,0.0649350649350649,0.9090909090909092,0.0259740259740259,5.9480519480519485,0.0258963744787133,-0.0658513357808205,discovery
2020,500,0.8,trend_x_vol,ABOVE_MA200|LOW_LE_30PCT,78,0.0040093091793,-0.021713211473437,1.1621788866795388,2.2410049591084427,1.9282788431230389,0.358974358974359,0.2179487179487179,0.5769230769230769,0.2051282051282051,11.538461538461538,0.0549075168225101,-0.0373485189789389,discovery
2020,500,0.8,trend_x_vol,ABOVE_MA200|MID_30_TO_70PCT,208,0.0137302438528806,-0.016928002125849,1.5717383042472557,7.850991976962591,4.995101255563422,0.4134615384615384,0.2403846153846154,0.5,0.2596153846153846,11.89423076923077,0.0674373596144492,-0.0407448702178801,discovery
2020,500,0.8,trend_x_vol,BELOW_MA200|HIGH_GE_70PCT,12,-0.0227750782500206,-0.0698349216159774,0.5647489709045939,0.354614725135588,0.627915664135836,0.3333333333333333,0.3333333333333333,0.6666666666666666,0.0,3.5,0.0532708363163827,-0.0779995925573069,discovery
2020,500,0.8,trend_x_dd,ABOVE_MA200|MEDIUM_-5_TO_-10PCT,121,0.0029105638333882,-0.0242465408756887,1.0887753642365576,4.319249796776954,3.96707157293698,0.3801652892561983,0.2727272727272727,0.5537190082644629,0.1735537190082644,8.851239669421487,0.0602009584491949,-0.0479776466951295,discovery
2020,500,0.8,trend_x_dd,ABOVE_MA200|SHALLOW_GT_-5PCT,242,-0.0035648082879156,-0.0249944149001226,0.8762164144398755,6.106605591853468,6.969289197529058,0.3099173553719008,0.1611570247933884,0.628099173553719,0.2107438016528925,11.409090909090908,0.0537994296465685,-0.0440222111185487,discovery
2020,500,0.8,trend_x_dd,BELOW_MA200|DEEP_LE_-10PCT,12,-0.0227750782500206,-0.0698349216159774,0.5647489709045939,0.354614725135588,0.627915664135836,0.3333333333333333,0.3333333333333333,0.6666666666666666,0.0,3.5,0.0532708363163827,-0.0779995925573069,discovery
2021,300,0.6,trend,ABOVE_MA200,264,0.0103132701645723,-0.0063546448792177,1.5659103266394043,7.533895477539055,4.811192154091943,0.4621212121212121,0.3712121212121212,0.4962121212121212,0.1325757575757575,8.882575757575758,0.0419413052984315,-0.030687432059505,discovery
2021,300,0.6,vol_regime,HIGH_GE_70PCT,37,0.00320935885681,-0.0124715232057416,1.1564458669449054,0.8777709807565435,0.7590247030545717,0.4324324324324324,0.4054054054054054,0.5135135135135135,0.081081081081081,8.756756756756756,0.0405299326671845,-0.0322339490539664,discovery
2021,300,0.6,vol_regime,LOW_LE_30PCT,123,0.0020828866075079,-0.015132624549237,1.102835646200412,2.7475009586949755,2.4913059059714944,0.3577235772357723,0.2764227642276423,0.5934959349593496,0.1300813008130081,8.495934959349594,0.0362529725659161,-0.0317596419541978,discovery
2021,300,0.6,vol_regime,MID_30_TO_70PCT,104,0.0225746345482851,0.0321804724678501,2.5041449386995898,3.908623538087536,1.560861545065877,0.5961538461538461,0.4711538461538461,0.375,0.1538461538461538,9.384615384615383,0.0491709756201192,-0.0288691345033292,discovery
2021,300,0.6,dd_regime,MEDIUM_-5_TO_-10PCT,7,0.0050766408581272,-0.0213192710478888,1.292801474577593,0.1569036548647566,0.1213671688578658,0.4285714285714285,0.2857142857142857,0.5714285714285714,0.1428571428571428,5.571428571428571,0.0307918686942887,-0.0343355278909209,discovery
2021,300,0.6,dd_regime,SHALLOW_GT_-5PCT,257,0.010455902091207,-0.0063293304682867,1.5729780633394148,7.376991822674299,4.689824985234077,0.4630350194552529,0.3735408560311284,0.4941634241245136,0.1322957198443579,8.972762645914397,0.0422449864510735,-0.0305880675816065,discovery
2021,300,0.6,abs_regime,CALM_UPTREND,61,-0.0016835934991169,-0.016254663495218,0.9209603386548578,1.1966383911025125,1.2993375945486494,0.3114754098360656,0.2786885245901639,0.6721311475409836,0.0491803278688524,7.524590163934426,0.0328371499347558,-0.0347190733382439,discovery
2021,300,0.6,abs_regime,CALM_WEAK,1,-0.0269746420076818,-0.0269746420076818,0.0,0.0,0.0269746420076818,0.0,0.0,1.0,0.0,9.0,0.016398286305215,-0.0404786526813413,discovery
2021,300,0.6,abs_regime,STRESS_REVERSAL,90,0.0181334113046614,0.0342453233631809,2.115024435589695,3.095658364716164,1.4636513472966364,0.5666666666666667,0.4555555555555555,0.4,0.1444444444444444,9.255555555555556,0.0465759752982429,-0.031527882950668,discovery
2021,300,0.6,abs_regime,VOLATILE_UPTREND,112,0.0108961620667982,-0.0044701249443797,1.6037764206633571,3.241598721720379,2.0212285702389754,0.4642857142857143,0.3571428571428571,0.4732142857142857,0.1696428571428571,9.321428571428571,0.0434035927644529,-0.0277288434985267,discovery
2021,300,0.6,trend_x_vol,ABOVE_MA200|HIGH_GE_70PCT,37,0.00320935885681,-0.0124715232057416,1.1564458669449054,0.8777709807565435,0.7590247030545717,0.4324324324324324,0.4054054054054054,0.5135135135135135,0.081081081081081,8.756756756756756,0.0405299326671845,-0.0322339490539664,discovery
2021,300,0.6,trend_x_vol,ABOVE_MA200|LOW_LE_30PCT,123,0.0020828866075079,-0.015132624549237,1.102835646200412,2.7475009586949755,2.4913059059714944,0.3577235772357723,0.2764227642276423,0.5934959349593496,0.1300813008130081,8.495934959349594,0.0362529725659161,-0.0317596419541978,discovery
2021,300,0.6,trend_x_vol,ABOVE_MA200|MID_30_TO_70PCT,104,0.0225746345482851,0.0321804724678501,2.5041449386995898,3.908623538087536,1.560861545065877,0.5961538461538461,0.4711538461538461,0.375,0.1538461538461538,9.384615384615383,0.0491709756201192,-0.0288691345033292,discovery
2021,300,0.6,trend_x_dd,ABOVE_MA200|MEDIUM_-5_TO_-10PCT,7,0.0050766408581272,-0.0213192710478888,1.292801474577593,0.1569036548647566,0.1213671688578658,0.4285714285714285,0.2857142857142857,0.5714285714285714,0.1428571428571428,5.571428571428571,0.0307918686942887,-0.0343355278909209,discovery
2021,300,0.6,trend_x_dd,ABOVE_MA200|SHALLOW_GT_-5PCT,257,0.010455902091207,-0.0063293304682867,1.5729780633394148,7.376991822674299,4.689824985234077,0.4630350194552529,0.3735408560311284,0.4941634241245136,0.1322957198443579,8.972762645914397,0.0422449864510735,-0.0305880675816065,discovery
2021,300,0.8,trend,ABOVE_MA200,264,0.008847945368955,-0.0111885560781114,1.4275017915270682,7.799829012612058,5.463971435207939,0.4128787878787879,0.1666666666666666,0.5340909090909091,0.2992424242424242,11.25378787878788,0.0492657600944379,-0.0332459451648682,discovery
2021,300,0.8,vol_regime,HIGH_GE_70PCT,37,0.0082773250175092,-0.015189678869527,1.3646074208576502,1.1462357714372609,0.8399747457894201,0.4054054054054054,0.2162162162162162,0.5405405405405406,0.2432432432432432,11.027027027027026,0.048860576195593,-0.0340504928705102,discovery
2021,300,0.8,vol_regime,LOW_LE_30PCT,123,-0.0063581818538882,-0.0177268299271151,0.7351807240468643,2.1711137334059485,2.9531701014342024,0.2845528455284553,0.065040650406504,0.6585365853658537,0.2764227642276423,10.829268292682928,0.0401534415190593,-0.0357617211254228,discovery
2021,300,0.8,vol_regime,MID_30_TO_70PCT,104,0.0270351242286974,0.0285954742483262,2.6827915835218468,4.482479507768849,1.6708265879843167,0.5673076923076923,0.2692307692307692,0.3846153846153846,0.3461538461538461,11.836538461538462,0.0601869811427919,-0.0299843229700896,discovery
2021,300,0.8,dd_regime,MEDIUM_-5_TO_-10PCT,7,0.0167976268285489,-0.0213192710478888,1.968823685238516,0.2389505566577086,0.1213671688578658,0.4285714285714285,0.2857142857142857,0.5714285714285714,0.1428571428571428,6.857142857142857,0.0428485342887275,-0.0343355278909209,discovery
2021,300,0.8,dd_regime,SHALLOW_GT_-5PCT,257,0.0086314170801722,-0.0111875596062229,1.4152046603144246,7.5608784559543505,5.342604266350072,0.4124513618677042,0.1634241245136186,0.5330739299610895,0.3035019455252918,11.373540856031129,0.0494405483459553,-0.0332162678143531,discovery
2021,300,0.8,abs_regime,CALM_UPTREND,61,-0.0103883733909655,-0.0194466666562694,0.6131767533110752,1.0045012973686545,1.6381920742175518,0.2131147540983606,0.0655737704918032,0.7540983606557377,0.180327868852459,9.39344262295082,0.037566090685613,-0.0399440810244506,discovery
2021,300,0.8,abs_regime,CALM_WEAK,1,-0.0269746420076818,-0.0269746420076818,0.0,0.0,0.0269746420076818,0.0,0.0,1.0,0.0,9.0,0.016398286305215,-0.0404786526813413,discovery
2021,300,0.8,abs_regime,STRESS_REVERSAL,90,0.0244631005377352,0.0250487093014658,2.4228812914500346,3.749017580166787,1.547338531770615,0.5444444444444444,0.2555555555555555,0.4111111111111111,0.3333333333333333,11.833333333333334,0.0572206686790364,-0.0322746842974693,discovery
2021,300,0.8,abs_regime,VOLATILE_UPTREND,112,0.0070968209630761,-0.0114529253431818,1.3530339262384183,3.046310135076617,2.2514661872120905,0.4196428571428571,0.1517857142857142,0.5089285714285714,0.3392857142857143,11.821428571428571,0.04953902380081,-0.0303137530498227,discovery
2021,300,0.8,trend_x_vol,ABOVE_MA200|HIGH_GE_70PCT,37,0.0082773250175092,-0.015189678869527,1.3646074208576502,1.1462357714372609,0.8399747457894201,0.4054054054054054,0.2162162162162162,0.5405405405405406,0.2432432432432432,11.027027027027026,0.048860576195593,-0.0340504928705102,discovery
2021,300,0.8,trend_x_vol,ABOVE_MA200|LOW_LE_30PCT,123,-0.0063581818538882,-0.0177268299271151,0.7351807240468643,2.1711137334059485,2.9531701014342024,0.2845528455284553,0.065040650406504,0.6585365853658537,0.2764227642276423,10.829268292682928,0.0401534415190593,-0.0357617211254228,discovery
2021,300,0.8,trend_x_vol,ABOVE_MA200|MID_30_TO_70PCT,104,0.0270351242286974,0.0285954742483262,2.6827915835218468,4.482479507768849,1.6708265879843167,0.5673076923076923,0.2692307692307692,0.3846153846153846,0.3461538461538461,11.836538461538462,0.0601869811427919,-0.0299843229700896,discovery
2021,300,0.8,trend_x_dd,ABOVE_MA200|MEDIUM_-5_TO_-10PCT,7,0.0167976268285489,-0.0213192710478888,1.968823685238516,0.2389505566577086,0.1213671688578658,0.4285714285714285,0.2857142857142857,0.5714285714285714,0.1428571428571428,6.857142857142857,0.0428485342887275,-0.0343355278909209,discovery
2021,300,0.8,trend_x_dd,ABOVE_MA200|SHALLOW_GT_-5PCT,257,0.0086314170801722,-0.0111875596062229,1.4152046603144246,7.5608784559543505,5.342604266350072,0.4124513618677042,0.1634241245136186,0.5330739299610895,0.3035019455252918,11.373540856031129,0.0494405483459553,-0.0332162678143531,discovery
2021,500,0.6,trend,ABOVE_MA200,492,0.0014561587240373,-0.0120473371740132,1.0664903380410635,11.491380458456929,10.774950366230575,0.4146341463414634,0.3292682926829268,0.5508130081300813,0.1199186991869918,8.882113821138212,0.0398344850524573,-0.0342190642260658,discovery
2021,500,0.6,vol_regime,HIGH_GE_70PCT,69,0.0003104866908724,-0.0121210579654509,1.013914844996173,1.5610441578311094,1.5396205761609116,0.4492753623188406,0.4347826086956521,0.5217391304347826,0.0434782608695652,7.492753623188406,0.0363814487247228,-0.0321481317629606,discovery
2021,500,0.6,vol_regime,LOW_LE_30PCT,246,-0.0062261753835212,-0.0190896001753158,0.7452741745923523,4.48125390210905,6.012893046455277,0.3170731707317073,0.2479674796747967,0.6463414634146342,0.1056910569105691,8.520325203252032,0.037063639283638,-0.0363330841204537,discovery
2021,500,0.6,vol_regime,MID_30_TO_70PCT,177,0.0125799189542507,0.0115770273408895,1.6909819593246402,5.449082398516767,3.222436743614386,0.536723163841808,0.4011299435028249,0.4293785310734463,0.1694915254237288,9.926553672316384,0.0450315899436621,-0.032088247536432,discovery
2021,500,0.6,dd_regime,MEDIUM_-5_TO_-10PCT,10,-0.0003369918895757,-0.0133909543813327,0.9813868037522522,0.1776800657980717,0.1810499846938297,0.4,0.3,0.6,0.1,4.7,0.0261188925568931,-0.0374479075826188,discovery
2021,500,0.6,dd_regime,SHALLOW_GT_-5PCT,482,0.0014933610189255,-0.0120473371740132,1.0679447592670015,11.313700392658856,10.593900381536743,0.4149377593360996,0.3298755186721991,0.549792531120332,0.1203319502074688,8.968879668049793,0.0401190409133612,-0.034152075774685,discovery
2021,500,0.6,abs_regime,CALM_UPTREND,130,-0.0111538689207757,-0.0214723895372432,0.5707718141312055,1.928160468140953,3.378163427841795,0.2769230769230769,0.2230769230769231,0.7076923076923077,0.0692307692307692,8.138461538461538,0.0305335365446083,-0.0394262431280558,discovery
2021,500,0.6,abs_regime,CALM_WEAK,2,-0.0355345496011226,-0.0355345496011226,0.0,0.0,0.0710690992022452,0.0,0.0,1.0,0.0,10.0,0.0361205495641897,-0.0528881666420445,discovery
2021,500,0.6,abs_regime,STRESS_REVERSAL,147,0.0150459452495921,0.020776410933315,1.8978743152372248,4.675076394659891,2.4633224429698504,0.5510204081632653,0.4761904761904761,0.4285714285714285,0.0952380952380952,8.598639455782314,0.043748814040071,-0.0305376645320584,discovery
2021,500,0.6,abs_regime,VOLATILE_UPTREND,213,0.0001208835654431,-0.0119736163825755,1.0052953734407186,4.888143595656084,4.862395396216684,0.4084507042253521,0.2957746478873239,0.5352112676056338,0.1690140845070422,9.52112676056338,0.0428445546102868,-0.0334063613759645,discovery
2021,500,0.6,trend_x_vol,ABOVE_MA200|HIGH_GE_70PCT,69,0.0003104866908724,-0.0121210579654509,1.013914844996173,1.5610441578311094,1.5396205761609116,0.4492753623188406,0.4347826086956521,0.5217391304347826,0.0434782608695652,7.492753623188406,0.0363814487247228,-0.0321481317629606,discovery
2021,500,0.6,trend_x_vol,ABOVE_MA200|LOW_LE_30PCT,246,-0.0062261753835212,-0.0190896001753158,0.7452741745923523,4.48125390210905,6.012893046455277,0.3170731707317073,0.2479674796747967,0.6463414634146342,0.1056910569105691,8.520325203252032,0.037063639283638,-0.0363330841204537,discovery
2021,500,0.6,trend_x_vol,ABOVE_MA200|MID_30_TO_70PCT,177,0.0125799189542507,0.0115770273408895,1.6909819593246402,5.449082398516767,3.222436743614386,0.536723163841808,0.4011299435028249,0.4293785310734463,0.1694915254237288,9.926553672316384,0.0450315899436621,-0.032088247536432,discovery
2021,500,0.6,trend_x_dd,ABOVE_MA200|MEDIUM_-5_TO_-10PCT,10,-0.0003369918895757,-0.0133909543813327,0.9813868037522522,0.1776800657980717,0.1810499846938297,0.4,0.3,0.6,0.1,4.7,0.0261188925568931,-0.0374479075826188,discovery
2021,500,0.6,trend_x_dd,ABOVE_MA200|SHALLOW_GT_-5PCT,482,0.0014933610189255,-0.0120473371740132,1.0679447592670015,11.313700392658856,10.593900381536743,0.4149377593360996,0.3298755186721991,0.549792531120332,0.1203319502074688,8.968879668049793,0.0401190409133612,-0.034152075774685,discovery
2021,500,0.8,trend,ABOVE_MA200,492,0.0014856894118411,-0.0160764844188376,1.0626967425749871,12.389606204888135,11.658647014262293,0.3780487804878049,0.1686991869918699,0.5792682926829268,0.2520325203252032,10.815040650406504,0.0462986686347737,-0.0362717754180397,discovery
2021,500,0.8,vol_regime,HIGH_GE_70PCT,69,0.0060481418370001,-0.015189678869527,1.2519342513408471,2.0737928085848463,1.656471021831835,0.4202898550724637,0.2753623188405797,0.5507246376811594,0.1739130434782608,10.231884057971014,0.0468396552844584,-0.0346730020083386,discovery
2021,500,0.8,vol_regime,LOW_LE_30PCT,246,-0.0092423289138869,-0.0209776832799403,0.649631060904019,4.215583642913147,6.489196555729324,0.2764227642276423,0.0934959349593495,0.6788617886178862,0.2276422764227642,10.154471544715449,0.0406245417417818,-0.0383785940454997,discovery
2021,500,0.8,vol_regime,MID_30_TO_70PCT,177,0.0146172334276215,0.0009077608619187,1.7364831941967107,6.1002297533901455,3.5129794367011336,0.5028248587570622,0.231638418079096,0.4519774011299435,0.3163841807909605,11.96045197740113,0.0539738501988853,-0.0339669052650127,discovery
2021,500,0.8,dd_regime,MEDIUM_-5_TO_-10PCT,10,0.0117152317022597,-0.0133909543813327,1.6470716759281223,0.298202301716427,0.1810499846938297,0.4,0.3,0.6,0.1,5.9,0.0377657557808775,-0.0374479075826188,discovery
2021,500,0.8,dd_regime,SHALLOW_GT_-5PCT,482,0.0012734582439901,-0.0160764844188376,1.0534786917524606,12.09140390317171,11.477597029568464,0.3775933609958506,0.1659751037344398,0.578838174273859,0.2551867219917012,10.91701244813278,0.046475700021784,-0.036247374335787,discovery
2021,500,0.8,abs_regime,CALM_UPTREND,130,-0.014856501045937,-0.0238150387213812,0.4804046727702625,1.7856727715388825,3.7170179075106975,0.2307692307692307,0.0769230769230769,0.7461538461538462,0.1769230769230769,9.43846153846154,0.0338847195054344,-0.0419584120807849,discovery
2021,500,0.8,abs_regime,CALM_WEAK,2,-0.0355345496011226,-0.0355345496011226,0.0,0.0,0.0710690992022452,0.0,0.0,1.0,0.0,10.0,0.0361205495641897,-0.0528881666420445,discovery
2021,500,0.8,abs_regime,STRESS_REVERSAL,147,0.020490872812746,0.0102276277061399,2.1184015985229934,5.705429045800607,2.6932707423269444,0.5238095238095238,0.2993197278911564,0.4489795918367347,0.2517006802721088,11.319727891156464,0.0552238184030408,-0.0325916061017755,discovery
2021,500,0.8,abs_regime,VOLATILE_UPTREND,213,-0.0013088491909566,-0.0153931988204558,0.9461523466447108,4.898504387548648,5.177289265222406,0.3708920187793427,0.136150234741784,0.5633802816901409,0.3004694835680751,11.314553990610328,0.0478112160949615,-0.0351848709151569,discovery
2021,500,0.8,trend_x_vol,ABOVE_MA200|HIGH_GE_70PCT,69,0.0060481418370001,-0.015189678869527,1.2519342513408471,2.0737928085848463,1.656471021831835,0.4202898550724637,0.2753623188405797,0.5507246376811594,0.1739130434782608,10.231884057971014,0.0468396552844584,-0.0346730020083386,discovery
2021,500,0.8,trend_x_vol,ABOVE_MA200|LOW_LE_30PCT,246,-0.0092423289138869,-0.0209776832799403,0.649631060904019,4.215583642913147,6.489196555729324,0.2764227642276423,0.0934959349593495,0.6788617886178862,0.2276422764227642,10.154471544715449,0.0406245417417818,-0.0383785940454997,discovery
2021,500,0.8,trend_x_vol,ABOVE_MA200|MID_30_TO_70PCT,177,0.0146172334276215,0.0009077608619187,1.7364831941967107,6.1002297533901455,3.5129794367011336,0.5028248587570622,0.231638418079096,0.4519774011299435,0.3163841807909605,11.96045197740113,0.0539738501988853,-0.0339669052650127,discovery
2021,500,0.8,trend_x_dd,ABOVE_MA200|MEDIUM_-5_TO_-10PCT,10,0.0117152317022597,-0.0133909543813327,1.6470716759281223,0.298202301716427,0.1810499846938297,0.4,0.3,0.6,0.1,5.9,0.0377657557808775,-0.0374479075826188,discovery
2021,500,0.8,trend_x_dd,ABOVE_MA200|SHALLOW_GT_-5PCT,482,0.0012734582439901,-0.0160764844188376,1.0534786917524606,12.09140390317171,11.477597029568464,0.3775933609958506,0.1659751037344398,0.578838174273859,0.2551867219917012,10.91701244813278,0.046475700021784,-0.036247374335787,discovery
2022,300,0.6,trend,ABOVE_MA200,92,-0.0319127234269437,-0.0364665009795353,0.1983007552691645,0.7262139541559514,3.662184509434778,0.1630434782608695,0.1413043478260869,0.8152173913043478,0.0434782608695652,5.989130434782608,0.0233366737358749,-0.0498990041038946,discovery
2022,300,0.6,trend,BELOW_MA200,329,-0.0137633219355068,-0.0275975379556259,0.5370089724878135,5.252041314915582,9.780174231697345,0.2340425531914893,0.1610942249240121,0.7446808510638298,0.094224924012158,7.914893617021277,0.0374899097353516,-0.0421981451550199,discovery
2022,300,0.6,vol_regime,HIGH_GE_70PCT,338,-0.0239430668049047,-0.0313350933020209,0.3006386916781144,3.47888240505611,11.57163898511391,0.1834319526627219,0.1331360946745562,0.7958579881656804,0.0710059171597633,7.355029585798817,0.0315127014776838,-0.0463378582212509,discovery
2022,300,0.6,vol_regime,LOW_LE_30PCT,14,0.0569074934223478,0.0670899703728178,5.668272475688681,0.9673686624520336,0.1706637545391641,0.6428571428571429,0.5714285714285714,0.3571428571428571,0.0714285714285714,8.285714285714286,0.0762748232526389,-0.0213561455058182,discovery
2022,300,0.6,vol_regime,MID_30_TO_70PCT,69,-0.0024355333321109,-0.0252465389314219,0.9011492563954052,1.5320042015633897,1.7000560014790471,0.3043478260869565,0.1884057971014492,0.6666666666666666,0.144927536231884,8.014492753623188,0.0400291835019869,-0.0364161741695012,discovery
2022,300,0.6,dd_regime,DEEP_LE_-10PCT,167,-0.0144872694830394,-0.0279443477719143,0.5216939217592912,2.6388389560473726,5.058212959714967,0.2634730538922156,0.1736526946107784,0.718562874251497,0.1077844311377245,9.335329341317363,0.040832215022353,-0.043972159850545,discovery
2022,300,0.6,dd_regime,MEDIUM_-5_TO_-10PCT,188,-0.0160641059507787,-0.0286073611610127,0.481994842114768,2.8101060879341366,5.830158006680538,0.2074468085106383,0.1489361702127659,0.7606382978723404,0.0904255319148936,6.707446808510638,0.0318093188795732,-0.0424891952575893,discovery
2022,300,0.6,dd_regime,SHALLOW_GT_-5PCT,66,-0.0306769325704029,-0.0409060926953993,0.2072485351440687,0.5293102250900239,2.5539877747366178,0.1363636363636363,0.1363636363636363,0.8636363636363636,0.0,5.075757575757576,0.0254851883111889,-0.0476148292438186,discovery
2022,300,0.6,abs_regime,STRESS_REVERSAL,344,-0.0145099911467308,-0.0287577583545776,0.5243121666615861,5.501656634749095,10.493093589224497,0.2441860465116279,0.1686046511627907,0.7354651162790697,0.0959302325581395,7.76453488372093,0.0365935703430593,-0.0429239445952928,discovery
2022,300,0.6,abs_regime,VOLATILE_UPTREND,77,-0.032112552176431,-0.0372830520581113,0.1615991136009484,0.4765986343224393,2.9492651519076274,0.1038961038961039,0.1038961038961039,0.8701298701298701,0.0259740259740259,6.285714285714286,0.024583975176867,-0.0481566388672612,discovery
2022,300,0.6,trend_x_vol,ABOVE_MA200|HIGH_GE_70PCT,84,-0.0307256777516776,-0.0338087548085851,0.2195876715607823,0.7262139541559514,3.3071708852968715,0.1785714285714285,0.1547619047619047,0.7976190476190477,0.0476190476190476,6.321428571428571,0.0245711810423948,-0.0493239419529754,discovery
2022,300,0.6,trend_x_vol,ABOVE_MA200|MID_30_TO_70PCT,8,-0.0443767030172382,-0.0456724012826839,0.0,0.0,0.3550136241379062,0.0,0.0,1.0,0.0,2.5,0.0103743470174162,-0.0559371566885464,discovery
2022,300,0.6,trend_x_vol,BELOW_MA200|HIGH_GE_70PCT,254,-0.0216999986177829,-0.0300671061727649,0.3330726693664772,2.752668450900159,8.264468099817037,0.1850393700787401,0.1259842519685039,0.7952755905511811,0.0787401574803149,7.696850393700787,0.0338083224090393,-0.0453503344674522,discovery
2022,300,0.6,trend_x_vol,BELOW_MA200|LOW_LE_30PCT,14,0.0569074934223478,0.0670899703728178,5.668272475688681,0.9673686624520336,0.1706637545391641,0.6428571428571429,0.5714285714285714,0.3571428571428571,0.0714285714285714,8.285714285714286,0.0762748232526389,-0.0213561455058182,discovery
2022,300,0.6,trend_x_vol,BELOW_MA200|MID_30_TO_70PCT,61,0.0030649479380696,-0.0222490462989222,1.1390006942322752,1.5320042015633897,1.345042377341141,0.3442622950819672,0.2131147540983606,0.6229508196721312,0.1639344262295081,8.737704918032787,0.0439183423852092,-0.0338560453145445,discovery
2022,300,0.6,trend_x_dd,ABOVE_MA200|MEDIUM_-5_TO_-10PCT,49,-0.0371393456999818,-0.0401210444780953,0.1632015271417662,0.3549226109536463,2.174750550252756,0.1632653061224489,0.1224489795918367,0.7959183673469388,0.0816326530612244,7.693877551020408,0.0249559646898835,-0.055947413990752,discovery
2022,300,0.6,trend_x_dd,ABOVE_MA200|SHALLOW_GT_-5PCT,43,-0.0259568050227841,-0.0322786595616569,0.2496187080510705,0.371291343202305,1.4874339591820214,0.1627906976744186,0.1627906976744186,0.8372093023255814,0.0,4.046511627906977,0.0214914352068883,-0.0430066300467781,discovery
2022,300,0.6,trend_x_dd,BELOW_MA200|DEEP_LE_-10PCT,167,-0.0144872694830394,-0.0279443477719143,0.5216939217592912,2.6388389560473726,5.058212959714967,0.2634730538922156,0.1736526946107784,0.718562874251497,0.1077844311377245,9.335329341317363,0.040832215022353,-0.043972159850545,discovery
2022,300,0.6,trend_x_dd,BELOW_MA200|MEDIUM_-5_TO_-10PCT,139,-0.00863470488811,-0.0252465389314219,0.6716579495572294,2.4551834769804906,3.655407456427781,0.2230215827338129,0.158273381294964,0.7482014388489209,0.0935251798561151,6.359712230215828,0.0342252494932048,-0.0377449310998557,discovery
2022,300,0.6,trend_x_dd,BELOW_MA200|SHALLOW_GT_-5PCT,23,-0.0395015188550816,-0.056936464855276,0.1481583766174525,0.1580188818877188,1.0665538155545962,0.0869565217391304,0.0869565217391304,0.9130434782608696,0.0,7.0,0.0329517702018377,-0.056230158177416,discovery
2022,300,0.8,trend,ABOVE_MA200,92,-0.040394038235868,-0.0414237606055242,0.0845856828921364,0.3433873236948102,4.059638841394674,0.0760869565217391,0.0217391304347826,0.8804347826086957,0.0978260869565217,7.271739130434782,0.0249667826674627,-0.0550462370438174,discovery
2022,300,0.8,trend,BELOW_MA200,330,-0.0143973774499051,-0.0287642468985137,0.5416827437402063,5.615340832926039,10.366475391394754,0.209090909090909,0.1,0.7636363636363637,0.1363636363636363,8.875757575757575,0.0425025666802741,-0.0442110090716027,discovery
2022,300,0.8,vol_regime,HIGH_GE_70PCT,339,-0.0269543974107195,-0.0333285778589897,0.2600488430368857,3.211302355106409,12.348843077340334,0.1445427728613569,0.0707964601769911,0.8259587020648967,0.103244837758112,8.238938053097344,0.0347204478807013,-0.0490708405223918,discovery
2022,300,0.8,vol_regime,LOW_LE_30PCT,14,0.0732883731895699,0.075308871305888,7.012039448121495,1.1967009791931429,0.1706637545391641,0.6428571428571429,0.2857142857142857,0.3571428571428571,0.3571428571428571,11.928571428571429,0.100843475463725,-0.0213561455058182,discovery
2022,300,0.8,vol_regime,MID_30_TO_70PCT,69,-0.00515771853027,-0.0267645966303061,0.8133424959859126,1.550724822321297,1.9066074009099312,0.2608695652173913,0.1014492753623188,0.6956521739130435,0.2028985507246377,9.246376811594205,0.0455181235050307,-0.0394186351809826,discovery
2022,300,0.8,dd_regime,DEEP_LE_-10PCT,168,-0.0168738739408987,-0.0294271616923877,0.4786998425615097,2.6031518979105,5.437962719981494,0.2321428571428571,0.1130952380952381,0.7440476190476191,0.1428571428571428,10.25595238095238,0.0454309367413394,-0.0466822864456913,discovery
2022,300,0.8,dd_regime,MEDIUM_-5_TO_-10PCT,188,-0.0155887723084008,-0.030096595550813,0.5222857907963946,3.204127685060301,6.134816879039665,0.175531914893617,0.0797872340425532,0.7819148936170213,0.1382978723404255,7.702127659574468,0.0370453006529818,-0.0439715369155694,discovery
2022,300,0.8,dd_regime,SHALLOW_GT_-5PCT,66,-0.0409376675775488,-0.0425520179797415,0.0530777469483261,0.151448573650047,2.853334633768269,0.0606060606060606,0.0151515151515151,0.9242424242424242,0.0606060606060606,6.46969696969697,0.026149653251385,-0.0537062687675285,discovery
2022,300,0.8,abs_regime,STRESS_REVERSAL,345,-0.0167332704162223,-0.0306436743323439,0.4871143381793696,5.482899426018056,11.25587771961476,0.2057971014492753,0.0898550724637681,0.7652173913043478,0.144927536231884,8.857971014492753,0.0411336761482902,-0.0454764627564893,discovery
2022,300,0.8,abs_regime,VOLATILE_UPTREND,77,-0.0349923088645698,-0.0396084553140095,0.1500925021289022,0.4758287306027924,3.170236513174668,0.0649350649350649,0.0519480519480519,0.8961038961038961,0.0519480519480519,7.038961038961039,0.0276840615420376,-0.0514871058528737,discovery
2022,300,0.8,trend_x_vol,ABOVE_MA200|HIGH_GE_70PCT,84,-0.0400147368281185,-0.0410240093890995,0.092691514946034,0.3433873236948102,3.7046252172567673,0.0833333333333333,0.0238095238095238,0.8690476190476191,0.1071428571428571,7.726190476190476,0.0263565384436576,-0.0549613875538433,discovery
2022,300,0.8,trend_x_vol,ABOVE_MA200|MID_30_TO_70PCT,8,-0.0443767030172382,-0.0456724012826839,0.0,0.0,0.3550136241379062,0.0,0.0,1.0,0.0,2.5,0.0103743470174162,-0.0559371566885464,discovery
2022,300,0.8,trend_x_vol,BELOW_MA200|HIGH_GE_70PCT,255,-0.0226521679555763,-0.0309911036591878,0.3317726459272596,2.867915031411598,8.644217860083565,0.1647058823529411,0.0862745098039215,0.8117647058823529,0.1019607843137254,8.407843137254902,0.037475618048198,-0.0471304250296784,discovery
2022,300,0.8,trend_x_vol,BELOW_MA200|LOW_LE_30PCT,14,0.0732883731895699,0.075308871305888,7.012039448121495,1.1967009791931429,0.1706637545391641,0.6428571428571429,0.2857142857142857,0.3571428571428571,0.3571428571428571,11.928571428571429,0.100843475463725,-0.0213561455058182,discovery
2022,300,0.8,trend_x_vol,BELOW_MA200|MID_30_TO_70PCT,61,-1.4245154929968833e-05,-0.0252465389314219,0.9994399600825056,1.550724822321297,1.551593776772025,0.2950819672131147,0.1147540983606557,0.6557377049180327,0.2295081967213114,10.131147540983608,0.0501271433722588,-0.0372522717045808,discovery
2022,300,0.8,trend_x_dd,ABOVE_MA200|MEDIUM_-5_TO_-10PCT,49,-0.045832735851789,-0.0442619373089462,0.0787362594243906,0.1919387500447631,2.4377428067824254,0.0612244897959183,0.0204081632653061,0.8571428571428571,0.1224489795918367,8.83673469387755,0.0273876354109754,-0.0605633313013929,discovery
2022,300,0.8,trend_x_dd,ABOVE_MA200|SHALLOW_GT_-5PCT,43,-0.0341964525805163,-0.0408285061445236,0.0933774856205591,0.151448573650047,1.6218960346122484,0.0930232558139534,0.0232558139534883,0.9069767441860463,0.0697674418604651,5.488372093023256,0.0222081365178786,-0.0487593156805338,discovery
2022,300,0.8,trend_x_dd,BELOW_MA200|DEEP_LE_-10PCT,168,-0.0168738739408987,-0.0294271616923877,0.4786998425615097,2.6031518979105,5.437962719981494,0.2321428571428571,0.1130952380952381,0.7440476190476191,0.1428571428571428,10.25595238095238,0.0454309367413394,-0.0466822864456913,discovery
2022,300,0.8,trend_x_dd,BELOW_MA200|MEDIUM_-5_TO_-10PCT,139,-0.0049272312031777,-0.0254025207347091,0.8147494143054737,3.012188935015538,3.69707407225724,0.2158273381294964,0.1007194244604316,0.7553956834532374,0.1438848920863309,7.302158273381295,0.0404498013498042,-0.0381226309809986,discovery
2022,300,0.8,trend_x_dd,BELOW_MA200|SHALLOW_GT_-5PCT,23,-0.0535408086589574,-0.0594370905292478,0.0,0.0,1.231438599156021,0.0,0.0,0.9565217391304348,0.0434782608695652,8.304347826086957,0.0335185758401144,-0.0629549201910404,discovery
2022,500,0.6,trend,ABOVE_MA200,133,-0.0295003692113692,-0.0321907906555193,0.1997785253867783,0.9795298918724612,4.903078996984568,0.1428571428571428,0.1278195488721804,0.8421052631578947,0.0300751879699248,5.796992481203008,0.0230281417283455,-0.0471449533343448,discovery
2022,500,0.6,trend,BELOW_MA200,548,-0.0117167161261635,-0.0271443033352522,0.6035622831063405,9.775378738136446,16.196139175274045,0.2627737226277372,0.1824817518248175,0.718978102189781,0.0985401459854014,7.824817518248175,0.0389486940514679,-0.0433225878449029,discovery
2022,500,0.6,vol_regime,HIGH_GE_70PCT,550,-0.0188188845044509,-0.0294095231797048,0.4160034677618089,7.372983279183465,17.723369756631485,0.22,0.1581818181818181,0.7636363636363637,0.0781818181818181,7.369090909090909,0.033595592015594,-0.0456134962176086,discovery
2022,500,0.6,vol_regime,LOW_LE_30PCT,21,0.0297802767243381,-0.0099740517282406,2.415098915160309,1.067323688847207,0.4419378776361052,0.4761904761904761,0.4285714285714285,0.5238095238095238,0.0476190476190476,7.047619047619048,0.0654592899714933,-0.0324690252185266,discovery
2022,500,0.6,vol_regime,MID_30_TO_70PCT,110,-0.0056300806910253,-0.0253245298330655,0.7889135104859548,2.3146016619782346,2.933910537991023,0.2909090909090909,0.1909090909090909,0.6818181818181818,0.1272727272727272,7.8,0.0414036953826936,-0.038561677120008,discovery
2022,500,0.6,dd_regime,DEEP_LE_-10PCT,295,-0.007803698458144,-0.0267739435338416,0.7247684326078973,6.062105936194762,8.364196981347263,0.3186440677966101,0.2135593220338983,0.6610169491525424,0.1254237288135593,9.223728813559324,0.0434644568324822,-0.0443460532238331,discovery
2022,500,0.6,dd_regime,MEDIUM_-5_TO_-10PCT,286,-0.0190608782046955,-0.0286910740300798,0.4064436880427695,3.732908933713608,9.184320100256544,0.1853146853146853,0.1398601398601398,0.7937062937062938,0.0664335664335664,6.391608391608392,0.030233139654792,-0.0432911917450877,discovery
2022,500,0.6,dd_regime,SHALLOW_GT_-5PCT,100,-0.0259080733055426,-0.0322048365955222,0.2703392190987043,0.9598937601005376,3.550701090654806,0.16,0.14,0.84,0.02,5.1,0.0293793448322162,-0.0454769039234882,discovery
2022,500,0.6,abs_regime,STRESS_REVERSAL,558,-0.0141923017672147,-0.0285192946860568,0.5318579771707408,8.997152586171044,16.91645697227686,0.2401433691756272,0.1738351254480286,0.7437275985663082,0.082437275985663,7.383512544802867,0.0363061369559776,-0.0436892641777962,discovery
2022,500,0.6,abs_regime,VOLATILE_UPTREND,123,-0.0197154890743405,-0.028697562574016,0.4202382014649867,1.757756043837862,4.182761199981755,0.2357723577235772,0.1626016260162601,0.7398373983739838,0.0975609756097561,7.634146341463414,0.0337219737287716,-0.0457922562704422,discovery
2022,500,0.6,trend_x_vol,ABOVE_MA200|HIGH_GE_70PCT,122,-0.0286065610651051,-0.0319636903515797,0.2191572306173509,0.9795298918724612,4.469530341815292,0.1557377049180328,0.1393442622950819,0.8278688524590164,0.0327868852459016,6.122950819672131,0.024399383887689,-0.0469161129461987,discovery
2022,500,0.6,trend_x_vol,ABOVE_MA200|MID_30_TO_70PCT,11,-0.0394135141062977,-0.0409836792462749,0.0,0.0,0.4335486551692757,0.0,0.0,1.0,0.0,2.1818181818181817,0.007819819597444,-0.0496830012756026,discovery
2022,500,0.6,trend_x_vol,BELOW_MA200|HIGH_GE_70PCT,428,-0.0160289393166009,-0.0286910740300798,0.4823850046171448,6.393453387311005,13.253839414816191,0.2383177570093458,0.1635514018691588,0.7453271028037384,0.0911214953271028,7.724299065420561,0.0362169410613987,-0.0452421895800199,discovery
2022,500,0.6,trend_x_vol,BELOW_MA200|LOW_LE_30PCT,21,0.0297802767243381,-0.0099740517282406,2.415098915160309,1.067323688847207,0.4419378776361052,0.4761904761904761,0.4285714285714285,0.5238095238095238,0.0476190476190476,7.047619047619048,0.0654592899714933,-0.0324690252185266,discovery
2022,500,0.6,trend_x_vol,BELOW_MA200|MID_30_TO_70PCT,99,-0.0018763658671061,-0.0234956790151414,0.9257066658551536,2.3146016619782346,2.5003618828217475,0.3232323232323232,0.2121212121212121,0.6464646464646465,0.1414141414141414,8.424242424242424,0.0451352371366102,-0.037325974436053,discovery
2022,500,0.6,trend_x_dd,ABOVE_MA200|MEDIUM_-5_TO_-10PCT,72,-0.0349457597172299,-0.0341506131688964,0.1469868705128854,0.4335606018591891,2.949655301499744,0.1388888888888889,0.1111111111111111,0.8333333333333334,0.0555555555555555,7.388888888888889,0.0233804664782577,-0.0519407873491924,discovery
2022,500,0.6,trend_x_dd,ABOVE_MA200|SHALLOW_GT_-5PCT,61,-0.0230730230405172,-0.0312644540932722,0.2794935329571534,0.545969290013272,1.953423695484824,0.1475409836065573,0.1475409836065573,0.8524590163934426,0.0,3.918032786885246,0.0226122830071376,-0.0414842967922297,discovery
2022,500,0.6,trend_x_dd,BELOW_MA200|DEEP_LE_-10PCT,295,-0.007803698458144,-0.0267739435338416,0.7247684326078973,6.062105936194762,8.364196981347263,0.3186440677966101,0.2135593220338983,0.6610169491525424,0.1254237288135593,9.223728813559324,0.0434644568324822,-0.0443460532238331,discovery
2022,500,0.6,trend_x_dd,BELOW_MA200|MEDIUM_-5_TO_-10PCT,214,-0.0137164320883288,-0.026013744130891,0.529194180978633,3.299348331854419,6.234664798756801,0.2009345794392523,0.1495327102803738,0.780373831775701,0.0700934579439252,6.05607476635514,0.0325387119384857,-0.0403810474296879,discovery
2022,500,0.6,trend_x_dd,BELOW_MA200|SHALLOW_GT_-5PCT,39,-0.0303423826944286,-0.039093495796703,0.2591437600875932,0.4139244700872657,1.597277395169982,0.1794871794871795,0.1282051282051282,0.8205128205128205,0.0512820512820512,6.948717948717949,0.0399637235842623,-0.0517217509749439,discovery
2022,500,0.8,trend,ABOVE_MA200,133,-0.0369326257705803,-0.036311168232662,0.0902241214171142,0.4871358255362403,5.399175053023433,0.0676691729323308,0.0150375939849624,0.8947368421052632,0.0902255639097744,7.105263157894737,0.0243432371900431,-0.0513082551393839,discovery
2022,500,0.8,trend,BELOW_MA200,550,-0.0118746614433753,-0.0286586008829295,0.6183071648940816,10.579720567720866,17.11078436157733,0.2381818181818182,0.109090909090909,0.7381818181818182,0.1527272727272727,8.89090909090909,0.0443404506170163,-0.0449071550864954,discovery
2022,500,0.8,vol_regime,HIGH_GE_70PCT,552,-0.0204178724395681,-0.0309340194181537,0.4012847627361815,7.554085956595474,18.82475154323712,0.1847826086956521,0.0869565217391304,0.7898550724637681,0.1231884057971014,8.391304347826088,0.0376936376173049,-0.0477491412104752,discovery
2022,500,0.8,vol_regime,LOW_LE_30PCT,21,0.0436139861367748,-0.0099740517282406,3.07244899163503,1.357831586508377,0.4419378776361052,0.4761904761904761,0.238095238095238,0.5238095238095238,0.238095238095238,9.80952380952381,0.0840074642028587,-0.0324690252185266,discovery
2022,500,0.8,vol_regime,MID_30_TO_70PCT,110,-0.0098939194870389,-0.0270503078674333,0.6644339985017873,2.154938850153255,3.2432699937275378,0.2545454545454545,0.0818181818181818,0.7090909090909091,0.209090909090909,9.063636363636364,0.0459441242965669,-0.0407596159394466,discovery
2022,500,0.8,dd_regime,DEEP_LE_-10PCT,296,-0.0086130913779844,-0.027880867620803,0.7147069790768509,6.386863596622603,8.936338644506002,0.2905405405405405,0.125,0.6858108108108109,0.1891891891891892,10.489864864864863,0.0498532541796673,-0.0464500498082363,discovery
2022,500,0.8,dd_regime,MEDIUM_-5_TO_-10PCT,286,-0.0196321653214315,-0.0302643572282739,0.4225045351410699,4.107873229968133,9.72267251189755,0.1503496503496503,0.0734265734265734,0.8181818181818182,0.1083916083916083,7.283216783216783,0.0344322539377931,-0.0447517155800311,discovery
2022,500,0.8,dd_regime,SHALLOW_GT_-5PCT,101,-0.0324636504111964,-0.0385937067763156,0.1485658929455995,0.5721195666663703,3.850948258197213,0.1089108910891089,0.0396039603960396,0.8712871287128713,0.0891089108910891,6.405940594059406,0.0299080249727166,-0.0492547310097395,discovery
2022,500,0.8,abs_regime,STRESS_REVERSAL,560,-0.0159106217289518,-0.030099520837939,0.5079069625948299,9.196278685138942,18.10622685335197,0.2035714285714285,0.0910714285714285,0.7714285714285715,0.1375,8.535714285714286,0.041008309459685,-0.0457750709856321,discovery
2022,500,0.8,abs_regime,VOLATILE_UPTREND,123,-0.020594754903501,-0.0320263249334593,0.4247709601120085,1.8705777081181647,4.403732561248793,0.2113821138211382,0.089430894308943,0.7560975609756098,0.1544715447154471,8.577235772357724,0.0378881714488708,-0.0478771827573704,discovery
2022,500,0.8,trend_x_vol,ABOVE_MA200|HIGH_GE_70PCT,122,-0.0367089391173599,-0.0343223585895734,0.0981015860852421,0.4871358255362403,4.965626397854157,0.0737704918032786,0.0163934426229508,0.8852459016393442,0.0983606557377049,7.549180327868853,0.0258330535303594,-0.0514547944221838,discovery
2022,500,0.8,trend_x_vol,ABOVE_MA200|MID_30_TO_70PCT,11,-0.0394135141062977,-0.0409836792462749,0.0,0.0,0.4335486551692757,0.0,0.0,1.0,0.0,2.1818181818181817,0.007819819597444,-0.0496830012756026,discovery
2022,500,0.8,trend_x_vol,BELOW_MA200|HIGH_GE_70PCT,430,-0.0157957558472644,-0.0293767047183764,0.5099131479748217,7.066950131059234,13.85912514538296,0.2162790697674418,0.1069767441860465,0.7627906976744186,0.1302325581395348,8.630232558139534,0.0410587335675546,-0.04669776983413,discovery
2022,500,0.8,trend_x_vol,BELOW_MA200|LOW_LE_30PCT,21,0.0436139861367748,-0.0099740517282406,3.07244899163503,1.357831586508377,0.4419378776361052,0.4761904761904761,0.238095238095238,0.5238095238095238,0.238095238095238,9.80952380952381,0.0840074642028587,-0.0324690252185266,discovery
2022,500,0.8,trend_x_vol,BELOW_MA200|MID_30_TO_70PCT,99,-0.0066139645293435,-0.0254025207347091,0.766958210617074,2.154938850153255,2.8097213385582624,0.2828282828282828,0.0909090909090909,0.6767676767676768,0.2323232323232323,9.828282828282829,0.050180158152025,-0.0397681286798737,discovery
2022,500,0.8,trend_x_dd,ABOVE_MA200|MEDIUM_-5_TO_-10PCT,72,-0.043324312945328,-0.0400976772061438,0.0579649597761965,0.1919387500447631,3.3112892821083832,0.0416666666666666,0.0138888888888888,0.8888888888888888,0.0972222222222222,8.48611111111111,0.02538171008983,-0.0561019041695459,discovery
2022,500,0.8,trend_x_dd,ABOVE_MA200|SHALLOW_GT_-5PCT,61,-0.0293883392692388,-0.0319885392647156,0.141385644561437,0.2951970754914772,2.08788577091505,0.0983606557377049,0.0163934426229508,0.9016393442622952,0.081967213114754,5.475409836065574,0.0231174986853766,-0.0456501775955861,discovery
2022,500,0.8,trend_x_dd,BELOW_MA200|DEEP_LE_-10PCT,296,-0.0086130913779844,-0.027880867620803,0.7147069790768509,6.386863596622603,8.936338644506002,0.2905405405405405,0.125,0.6858108108108109,0.1891891891891892,10.489864864864863,0.0498532541796673,-0.0464500498082363,discovery
2022,500,0.8,trend_x_dd,BELOW_MA200|MEDIUM_-5_TO_-10PCT,214,-0.0116609754666626,-0.0266319426987748,0.6107784138887207,3.9159344799233695,6.411383229789166,0.1869158878504672,0.0934579439252336,0.794392523364486,0.1121495327102803,6.878504672897196,0.0374772967277619,-0.0409329605405682,discovery
2022,500,0.8,trend_x_dd,BELOW_MA200|SHALLOW_GT_-5PCT,40,-0.0371534999026817,-0.0421584663361813,0.157069016652825,0.2769224911748931,1.763062487282163,0.125,0.075,0.825,0.1,7.825,0.0402635775609101,-0.0547516749663234,discovery
2023,300,0.6,trend,ABOVE_MA200,267,-0.0085524275887006,-0.024532430661094,0.674405235512246,4.729815361064855,7.013313527247923,0.2846441947565543,0.2209737827715356,0.6666666666666666,0.1123595505617977,8.681647940074907,0.0369452488706732,-0.0381432714287571,validation
2023,300,0.6,trend,BELOW_MA200,54,0.028745614837362,0.0355224525535335,3.109360730718686,2.2881559191447867,0.7358927179272348,0.7222222222222222,0.5370370370370371,0.2222222222222222,0.2407407407407407,10.185185185185183,0.0693605760103663,-0.030527279238711,validation
2023,300,0.6,vol_regime,HIGH_GE_70PCT,4,-0.0371027354695352,-0.0242407868410945,0.0688056427680643,0.0109660353613976,0.1593769772395386,0.25,0.25,0.75,0.0,1.75,0.0162379809121439,-0.0480153266828873,validation
2023,300,0.6,vol_regime,LOW_LE_30PCT,242,-0.0060960758443809,-0.0223535608573564,0.7546397829734521,4.537339511361491,6.012589865701678,0.3099173553719008,0.2107438016528925,0.6239669421487604,0.1652892561983471,9.413223140495868,0.0412892373224694,-0.0375010177496568,validation
2023,300,0.6,vol_regime,MID_30_TO_70PCT,75,0.0118990177500374,0.0107808510285294,1.5658153923803912,2.469665733486753,1.577239402233942,0.52,0.48,0.48,0.04,7.773333333333333,0.0473720692979114,-0.0342055859762674,validation
2023,300,0.6,dd_regime,MEDIUM_-5_TO_-10PCT,77,0.0146207070046269,0.0165326286795015,1.7500288775505863,2.626795898170573,1.5010014588142946,0.5584415584415584,0.4675324675324675,0.4025974025974026,0.1298701298701298,8.506493506493506,0.0558551757367406,-0.0309877242469478,validation
2023,300,0.6,dd_regime,SHALLOW_GT_-5PCT,244,-0.0076107762472204,-0.0242608949481163,0.7027899264160671,4.391175382039069,6.248204786360863,0.2950819672131147,0.2131147540983606,0.6516393442622951,0.1352459016393442,9.06967213114754,0.038151655825002,-0.0387158679645638,validation
2023,300,0.6,abs_regime,CALM_UPTREND,6,-0.0226368626440297,-0.0184888695694094,0.0,0.0,0.1358211758641784,0.0,0.0,0.8333333333333334,0.1666666666666666,6.166666666666667,0.0269313067794036,-0.0278565586440514,validation
2023,300,0.6,abs_regime,CALM_WEAK,20,-0.0001956554966703,-0.0134563734718456,0.991507359839748,0.456851724036869,0.4607648339702768,0.4,0.3,0.5,0.2,10.05,0.0414042820013594,-0.0358082343346959,validation
2023,300,0.6,abs_regime,STRESS_REVERSAL,152,0.0033307048267275,-0.0147195760296059,1.14866739891434,3.911634667901152,3.405367534238565,0.4144736842105263,0.3289473684210526,0.5460526315789473,0.125,9.144736842105264,0.0500032842523581,-0.0355049470244973,validation
2023,300,0.6,abs_regime,VOLATILE_UPTREND,143,-0.0076766979918217,-0.0261240494641605,0.7070472956073548,2.649484888271622,3.7472527011021377,0.3076923076923077,0.2237762237762237,0.6433566433566433,0.1328671328671328,8.671328671328672,0.035102656405367,-0.0388298640845226,validation
2023,300,0.6,trend_x_vol,ABOVE_MA200|HIGH_GE_70PCT,4,-0.0371027354695352,-0.0242407868410945,0.0688056427680643,0.0109660353613976,0.1593769772395386,0.25,0.25,0.75,0.0,1.75,0.0162379809121439,-0.0480153266828873,validation
2023,300,0.6,trend_x_vol,ABOVE_MA200|LOW_LE_30PCT,207,-0.0109358981199965,-0.025679670247046,0.5925222972782289,3.291740948647912,5.555471859487204,0.2463768115942029,0.1690821256038647,0.6908212560386473,0.1400966183574879,9.057971014492754,0.0360158419426521,-0.0384969462498703,validation
2023,300,0.6,trend_x_vol,ABOVE_MA200|MID_30_TO_70PCT,56,0.0022972086881136,-0.0144339575508922,1.0990736886982502,1.427108377055546,1.2984646905211807,0.4285714285714285,0.4107142857142857,0.5714285714285714,0.0178571428571428,7.785714285714286,0.0418598257623605,-0.0361307909111333,validation
2023,300,0.6,trend_x_vol,BELOW_MA200|LOW_LE_30PCT,35,0.0225280158999744,0.0320038190900098,2.7248949850581066,1.2455985627135795,0.4571180062144736,0.6857142857142857,0.4571428571428571,0.2285714285714285,0.3142857142857143,11.514285714285714,0.0724776042831033,-0.0316108120483945,validation
2023,300,0.6,trend_x_vol,BELOW_MA200|MID_30_TO_70PCT,19,0.0401990865641287,0.0752316788352216,3.7397845379369214,1.042557356431207,0.2787747117127611,0.7894736842105263,0.6842105263157895,0.2105263157894736,0.1052631578947368,7.736842105263157,0.0636186818237455,-0.0285312977471888,validation
2023,300,0.6,trend_x_dd,ABOVE_MA200|MEDIUM_-5_TO_-10PCT,42,-0.0023613918967327,-0.0160335162537074,0.9063187593423369,0.959501580935757,1.0586800405985328,0.3809523809523809,0.3809523809523809,0.5952380952380952,0.0238095238095238,7.309523809523809,0.0408032409239635,-0.0344494262298819,validation
2023,300,0.6,trend_x_dd,ABOVE_MA200|SHALLOW_GT_-5PCT,225,-0.0097080875845346,-0.0256410716855086,0.6331731060496579,3.7703137801290985,5.95463348664939,0.2666666666666666,0.1911111111111111,0.68,0.1288888888888889,8.937777777777777,0.036225090354059,-0.0388327891992139,validation
2023,300,0.6,trend_x_dd,BELOW_MA200|MEDIUM_-5_TO_-10PCT,35,0.0349992256862586,0.0471869100838866,3.769418003677856,1.667294317234816,0.4423214182157621,0.7714285714285715,0.5714285714285714,0.1714285714285714,0.2571428571428571,9.942857142857145,0.0739174975120732,-0.0268336818674269,validation
2023,300,0.6,trend_x_dd,BELOW_MA200|SHALLOW_GT_-5PCT,19,0.0172258053788683,0.0180839016642551,2.114857966429841,0.6208616019099704,0.2935712997114726,0.631578947368421,0.4736842105263157,0.3157894736842105,0.2105263157894736,10.63157894736842,0.0609662469282745,-0.0373312743963396,validation
2023,300,0.8,trend,ABOVE_MA200,267,-0.0106269549687671,-0.0261767493681395,0.6156271383243731,4.544489882602692,7.381886859263516,0.2397003745318352,0.0823970037453183,0.6891385767790262,0.2284644194756554,10.172284644194756,0.0411831322779859,-0.0398500271540329,validation
2023,300,0.8,trend,BELOW_MA200,54,0.0463112858249049,0.0557723170500058,4.398334259358911,3.2367021524721,0.7358927179272348,0.7222222222222222,0.4259259259259259,0.2222222222222222,0.3518518518518518,13.48148148148148,0.0927417458620887,-0.030527279238711,validation
2023,300,0.8,vol_regime,HIGH_GE_70PCT,4,-0.0288782417513063,-0.0242407868410945,0.2752217477960248,0.043864010234313,0.1593769772395386,0.25,0.25,0.75,0.0,4.5,0.026285637782676,-0.0536150089704171,validation
2023,300,0.8,vol_regime,LOW_LE_30PCT,242,-0.0063126996000229,-0.0235766760499775,0.7538289906879325,4.6780667937891405,6.20574009699469,0.2809917355371901,0.0909090909090909,0.6322314049586777,0.2768595041322314,10.834710743801653,0.0462495488585445,-0.0385336082464066,validation
2023,300,0.8,vol_regime,MID_30_TO_70PCT,75,0.0174213163745975,-0.0065400111267109,1.745493628060595,3.059261231051339,1.75266250295652,0.4533333333333333,0.2933333333333333,0.5333333333333333,0.1733333333333333,10.72,0.0627522295983543,-0.0366511613000682,validation
2023,300,0.8,dd_regime,MEDIUM_-5_TO_-10PCT,77,0.0210432751536875,-0.0025729787401573,1.983948357771449,3.2670976639407323,1.64676547710679,0.4935064935064935,0.2727272727272727,0.4545454545454545,0.2727272727272727,11.61038961038961,0.0710368148141973,-0.0326091538401977,validation
2023,300,0.8,dd_regime,SHALLOW_GT_-5PCT,244,-0.0080201628235651,-0.0248437224225294,0.6975868544430294,4.51409437113406,6.47101410008396,0.2663934426229508,0.0983606557377049,0.6598360655737705,0.2418032786885245,10.450819672131148,0.0431726059593518,-0.0400718257513195,validation
2023,300,0.8,abs_regime,CALM_UPTREND,6,-0.0226368626440297,-0.0184888695694094,0.0,0.0,0.1358211758641784,0.0,0.0,0.8333333333333334,0.1666666666666666,6.166666666666667,0.0269313067794036,-0.0278565586440514,validation
2023,300,0.8,abs_regime,CALM_WEAK,20,-0.0128795827702731,-0.0185399230866936,0.4694393912627035,0.2279167882359074,0.4855084436413702,0.3,0.05,0.5,0.45,12.8,0.0440703819071866,-0.0370905247374389,validation
2023,300,0.8,abs_regime,STRESS_REVERSAL,152,0.0065610877626854,-0.0173005243696473,1.2688123683248465,4.707253546164229,3.7099682062360375,0.3618421052631579,0.1907894736842105,0.5855263157894737,0.2236842105263158,11.263157894736842,0.0607556569095327,-0.0374253563757467,validation
2023,300,0.8,abs_regime,VOLATILE_UPTREND,143,-0.0065766437117098,-0.0261767493681395,0.751626942236134,2.8460217006746564,3.786481751449163,0.2937062937062937,0.1048951048951049,0.6433566433566433,0.2517482517482518,10.062937062937063,0.0400426242357057,-0.0397959882048293,validation
2023,300,0.8,trend_x_vol,ABOVE_MA200|HIGH_GE_70PCT,4,-0.0288782417513063,-0.0242407868410945,0.2752217477960248,0.043864010234313,0.1593769772395386,0.25,0.25,0.75,0.0,4.5,0.026285637782676,-0.0536150089704171,validation
2023,300,0.8,trend_x_vol,ABOVE_MA200|LOW_LE_30PCT,207,-0.0138671052780692,-0.0263063765420471,0.5006645510470928,2.8781312982198783,5.748622090780217,0.2125603864734299,0.0338164251207729,0.7004830917874396,0.2657004830917874,10.26086956521739,0.0386954909502736,-0.0397041293426888,validation
2023,300,0.8,trend_x_vol,ABOVE_MA200|MID_30_TO_70PCT,56,0.0026536925518703,-0.0230374483464348,1.1008263884046003,1.6224945741485006,1.473887791243759,0.3392857142857143,0.25,0.6428571428571429,0.1071428571428571,10.25,0.0514426275068733,-0.0394061150055094,validation
2023,300,0.8,trend_x_vol,BELOW_MA200|LOW_LE_30PCT,35,0.0383662139815653,0.0411444278246515,3.9375729485588375,1.799935495569262,0.4571180062144736,0.6857142857142857,0.4285714285714285,0.2285714285714285,0.3428571428571428,14.228571428571428,0.0909264056303178,-0.0316108120483945,validation
2023,300,0.8,trend_x_vol,BELOW_MA200|MID_30_TO_70PCT,19,0.0609469444836882,0.0888037260030472,5.153862945729555,1.4367666569028386,0.2787747117127611,0.7894736842105263,0.4210526315789473,0.2105263157894736,0.3684210526315789,12.105263157894736,0.0960857936574561,-0.0285312977471888,validation
2023,300,0.8,trend_x_dd,ABOVE_MA200|MEDIUM_-5_TO_-10PCT,42,-0.0066055979076021,-0.0268511976653307,0.7696571210000952,0.9270089467717376,1.2044440588910277,0.2619047619047619,0.1666666666666666,0.6904761904761905,0.1428571428571428,9.452380952380953,0.0458687658344067,-0.0374220471508399,validation
2023,300,0.8,trend_x_dd,ABOVE_MA200|SHALLOW_GT_-5PCT,225,-0.0113776082868512,-0.0261767493681395,0.5855952135425402,3.6174809358309545,6.177442800372488,0.2355555555555555,0.0666666666666666,0.6888888888888889,0.2444444444444444,10.306666666666668,0.0403084806807874,-0.0403032500879623,validation
2023,300,0.8,trend_x_dd,BELOW_MA200|MEDIUM_-5_TO_-10PCT,35,0.0542219228272352,0.0622097203636364,5.290471184073459,2.340088717168995,0.4423214182157621,0.7714285714285715,0.4,0.1714285714285714,0.4285714285714285,14.2,0.1012384735899461,-0.0268336818674269,validation
2023,300,0.8,trend_x_dd,BELOW_MA200|SHALLOW_GT_-5PCT,19,0.0317390597679806,0.0180839016642551,3.0541590277534425,0.8966134353031059,0.2935712997114726,0.631578947368421,0.4736842105263157,0.3157894736842105,0.2105263157894736,12.157894736842104,0.077089878994983,-0.0373312743963396,validation
2023,500,0.6,trend,ABOVE_MA200,496,-0.0031575027782065,-0.0216287696384154,0.8689603733053,10.385388386603488,11.95150976459394,0.3245967741935484,0.2600806451612903,0.6209677419354839,0.1189516129032258,9.012096774193548,0.0402377163739886,-0.036316754161956,validation
2023,500,0.6,trend,BELOW_MA200,95,0.0329662015073067,0.0411444278246515,3.675235930331856,4.302448189630342,1.1706590464361972,0.7052631578947368,0.5684210526315789,0.2526315789473684,0.1789473684210526,9.68421052631579,0.0666572655397734,-0.0276599396953082,validation
2023,500,0.6,vol_regime,HIGH_GE_70PCT,4,-0.0371027354695352,-0.0242407868410945,0.0688056427680643,0.0109660353613976,0.1593769772395386,0.25,0.25,0.75,0.0,1.75,0.0162379809121439,-0.0480153266828873,validation
2023,500,0.6,vol_regime,LOW_LE_30PCT,436,0.0014224056363567,-0.0185383764796743,1.0632009293782,10.432822936324058,9.81265407887253,0.3692660550458715,0.2844036697247706,0.5596330275229358,0.1559633027522936,9.54816513761468,0.0449302528369204,-0.0356642499432757,validation
2023,500,0.6,vol_regime,MID_30_TO_70PCT,151,0.0072444360902668,-0.0141751616364004,1.3472577819565077,4.244047604548372,3.1501377549180702,0.4370860927152318,0.3841059602649007,0.5629139072847682,0.0529801324503311,8.079470198675496,0.0439457310412647,-0.0324445698899648,validation
2023,500,0.6,dd_regime,MEDIUM_-5_TO_-10PCT,154,0.0097704346111321,-0.0088783447213073,1.4709077465021885,4.699852235804408,3.195205305690064,0.4675324675324675,0.3961038961038961,0.512987012987013,0.0909090909090909,8.493506493506494,0.0507482495794225,-0.0327889296987457,validation
2023,500,0.6,dd_regime,SHALLOW_GT_-5PCT,437,0.0001396357782364,-0.0198048262678903,1.0061469788880073,9.98798434042942,9.926963505340073,0.3569794050343249,0.2791762013729977,0.5789473684210527,0.1418764302059496,9.34096109839817,0.0422771558639491,-0.0356780530017794,validation
2023,500,0.6,abs_regime,CALM_UPTREND,34,0.0145526364449786,0.010447158782569,2.017278114739475,0.9811754484376668,0.486385809308392,0.5,0.4411764705882353,0.4411764705882353,0.1176470588235294,10.029411764705882,0.0487871885980858,-0.0241866892892947,validation
2023,500,0.6,abs_regime,CALM_WEAK,22,-0.0015111206827954,-0.0140866388303321,0.9321671074465516,0.456851724036869,0.4900963790583695,0.3636363636363636,0.2727272727272727,0.5454545454545454,0.1818181818181818,9.409090909090908,0.0381129985698849,-0.0345265318764472,validation
2023,500,0.6,abs_regime,STRESS_REVERSAL,296,0.0023039634349474,-0.0175471494048259,1.1013555295827062,7.410497802408376,6.728524625663928,0.3885135135135135,0.3006756756756756,0.581081081081081,0.1182432432432432,9.030405405405403,0.0463781011057355,-0.0355798592685806,validation
2023,500,0.6,abs_regime,VOLATILE_UPTREND,239,0.0017663163361986,-0.0204527989894008,1.0779281853829172,5.839311601350915,5.417161996999448,0.3682008368200837,0.3054393305439331,0.5564853556485355,0.1380753138075313,9.07531380753138,0.0421137206678106,-0.0356788069237102,validation
2023,500,0.6,trend_x_vol,ABOVE_MA200|HIGH_GE_70PCT,4,-0.0371027354695352,-0.0242407868410945,0.0688056427680643,0.0109660353613976,0.1593769772395386,0.25,0.25,0.75,0.0,1.75,0.0162379809121439,-0.0480153266828873,validation
2023,500,0.6,trend_x_vol,ABOVE_MA200|LOW_LE_30PCT,373,-0.003265660018375,-0.0216738128233553,0.8650916063265408,7.81093327697764,9.02902446383152,0.3190348525469169,0.2466487935656836,0.6085790884718498,0.1447721179624665,9.415549597855229,0.0408482725604095,-0.0368702675671769,validation
2023,500,0.6,trend_x_vol,ABOVE_MA200|MID_30_TO_70PCT,119,-0.001677472682844,-0.0214908265564668,0.9277555470558144,2.5634890742644485,2.763108323522885,0.3445378151260504,0.3025210084033613,0.6554621848739496,0.042016806722689,7.991596638655462,0.0391306700236728,-0.0341885626474086,validation
2023,500,0.6,trend_x_vol,BELOW_MA200|LOW_LE_30PCT,63,0.0291787308619905,0.036346053738318,3.3458276831576867,2.621889659346417,0.7836296150410115,0.6666666666666666,0.5079365079365079,0.2698412698412698,0.2222222222222222,10.333333333333334,0.069098167807374,-0.028523859884305,validation
2023,500,0.6,trend_x_vol,BELOW_MA200|MID_30_TO_70PCT,32,0.040422784340273,0.0562966401843503,4.342198277339659,1.6805585302839232,0.3870294313951857,0.78125,0.6875,0.21875,0.09375,8.40625,0.0618517392004346,-0.0259590968232207,validation
2023,500,0.6,trend_x_dd,ABOVE_MA200|MEDIUM_-5_TO_-10PCT,95,-0.0087370582132308,-0.0282320429434508,0.6776204139552889,1.744647861251627,2.5746683915085584,0.2947368421052631,0.2736842105263158,0.6947368421052632,0.031578947368421,7.821052631578947,0.0387701779355529,-0.038137453185038,validation
2023,500,0.6,trend_x_dd,ABOVE_MA200|SHALLOW_GT_-5PCT,401,-0.0018356629619289,-0.0211391445714674,0.9214979950661878,8.640740525351859,9.376841373085384,0.3316708229426434,0.256857855361596,0.6034912718204489,0.1396508728179551,9.29426433915212,0.0405853875751143,-0.0358854164881585,validation
2023,500,0.6,trend_x_dd,BELOW_MA200|MEDIUM_-5_TO_-10PCT,59,0.039570634921547,0.0548776639833334,4.762334531622064,2.9552043745527814,0.6205369141815056,0.7457627118644068,0.5932203389830508,0.2203389830508474,0.1864406779661017,9.576271186440678,0.070034975107687,-0.0241769003564108,validation
2023,500,0.6,trend_x_dd,BELOW_MA200|SHALLOW_GT_-5PCT,36,0.0221422689673018,0.0315271872850395,2.448990389744621,1.3472438150775594,0.5501221322546916,0.6388888888888888,0.5277777777777778,0.3055555555555556,0.1666666666666666,9.86111111111111,0.061121574859026,-0.0333682541673901,validation
2023,500,0.8,trend,ABOVE_MA200,496,-0.0025422818580426,-0.0221236824712786,0.8979278284621047,11.092755787335474,12.353727588924617,0.2963709677419355,0.1310483870967742,0.6330645161290323,0.2358870967741935,10.57258064516129,0.0450903224071778,-0.0373498266061562,validation
2023,500,0.8,trend,BELOW_MA200,95,0.048704099334026,0.0611594074185029,4.95238002970889,5.7975484831686765,1.1706590464361972,0.7052631578947368,0.4105263157894737,0.2526315789473684,0.3368421052631579,12.905263157894735,0.0872795369918402,-0.0276599396953082,validation
2023,500,0.8,vol_regime,HIGH_GE_70PCT,4,-0.0288782417513063,-0.0242407868410945,0.2752217477960248,0.043864010234313,0.1593769772395386,0.25,0.25,0.75,0.0,4.5,0.026285637782676,-0.0536150089704171,validation
2023,500,0.8,vol_regime,LOW_LE_30PCT,436,0.0031266507595123,-0.0194901120025278,1.135786312373101,11.402668533628011,10.039448802480628,0.3486238532110092,0.1513761467889908,0.5642201834862385,0.2844036697247706,11.229357798165138,0.0506600586881825,-0.0363463651012628,validation
2023,500,0.8,vol_regime,MID_30_TO_70PCT,151,0.0140278865629216,-0.0163679147814282,1.6369484616131356,5.443771726641824,3.3255608556406484,0.4039735099337748,0.2450331125827814,0.5894039735099338,0.1655629139072847,10.304635761589404,0.0560491906556737,-0.0337200864084469,validation
2023,500,0.8,dd_regime,MEDIUM_-5_TO_-10PCT,154,0.0157896062686783,-0.0138544430324478,1.7278125386909895,5.772568689359024,3.3409693239825597,0.435064935064935,0.2337662337662337,0.538961038961039,0.2272727272727272,10.857142857142858,0.0623825336307686,-0.0336592863460573,validation
2023,500,0.8,dd_regime,SHALLOW_GT_-5PCT,437,0.0021380280772697,-0.0204527989894008,1.091748991639862,11.117735581145125,10.183417311378255,0.3363844393592677,0.1556064073226544,0.5835240274599542,0.2608695652173913,10.979405034324945,0.0481680680756216,-0.0365438859734895,validation
2023,500,0.8,abs_regime,CALM_UPTREND,34,0.0131646594350783,-0.001757406973167,1.8999171842905875,0.9449757668486888,0.4973773460560254,0.4705882352941176,0.1764705882352941,0.4411764705882353,0.3823529411764705,12.352941176470589,0.052491855583797,-0.0248372565063821,validation
2023,500,0.8,abs_regime,CALM_WEAK,22,-0.0130419636587979,-0.0185399230866936,0.4426944161784462,0.2279167882359074,0.514839988729463,0.2727272727272727,0.0454545454545454,0.5454545454545454,0.4090909090909091,11.909090909090908,0.0405367257570005,-0.0356922504243954,validation
2023,500,0.8,abs_regime,STRESS_REVERSAL,296,0.0056853020948405,-0.0185383764796743,1.2391209873972353,8.72049776031318,7.037648340240386,0.3581081081081081,0.179054054054054,0.6013513513513513,0.2195945945945946,10.844594594594597,0.0553583060027716,-0.036597045303701,validation
2023,500,0.8,abs_regime,VOLATILE_UPTREND,239,0.0063698451664076,-0.0207493430807247,1.2780869788976548,6.996913955106371,5.474520960334939,0.3598326359832636,0.1841004184100418,0.5564853556485355,0.2594142259414226,10.786610878661088,0.0485094824052784,-0.0363631239634249,validation
2023,500,0.8,trend_x_vol,ABOVE_MA200|HIGH_GE_70PCT,4,-0.0288782417513063,-0.0242407868410945,0.2752217477960248,0.043864010234313,0.1593769772395386,0.25,0.25,0.75,0.0,4.5,0.026285637782676,-0.0536150089704171,validation
2023,500,0.8,trend_x_vol,ABOVE_MA200|LOW_LE_30PCT,373,-0.0037894953326978,-0.0219266096325548,0.8472872329858798,7.842337428343324,9.255819187439617,0.2949061662198391,0.1072386058981233,0.613941018766756,0.2788203753351206,10.9142091152815,0.0444956822951463,-0.0376675925239661,validation
2023,500,0.8,trend_x_vol,ABOVE_MA200|MID_30_TO_70PCT,119,0.0022522934832972,-0.0224624983924653,1.0912098207631704,3.2065543487578347,2.938531424245463,0.3025210084033613,0.2016806722689075,0.6890756302521008,0.1092436974789916,9.705882352941176,0.0475862845944532,-0.0358070752044741,validation
2023,500,0.8,trend_x_vol,BELOW_MA200|LOW_LE_30PCT,63,0.0440746268292646,0.0413083968880387,4.543385085182566,3.5603311052846878,0.7836296150410115,0.6666666666666666,0.4126984126984127,0.2698412698412698,0.3174603174603174,13.095238095238097,0.0871570808247303,-0.028523859884305,validation
2023,500,0.8,trend_x_vol,BELOW_MA200|MID_30_TO_70PCT,32,0.057818373327775,0.0760080757773383,5.780483850592808,2.2372173778839883,0.3870294313951857,0.78125,0.40625,0.21875,0.375,12.53125,0.0875206225708376,-0.0259590968232207,validation
2023,500,0.8,trend_x_dd,ABOVE_MA200|MEDIUM_-5_TO_-10PCT,95,-0.0090555669914783,-0.030709420220273,0.6837712780177649,1.860153545610614,2.7204324098010533,0.2421052631578947,0.1473684210526315,0.7368421052631579,0.1157894736842105,9.284210526315787,0.0433746921982571,-0.0395483471185746,validation
2023,500,0.8,trend_x_dd,ABOVE_MA200|SHALLOW_GT_-5PCT,401,-0.0009992342578521,-0.0215837264534756,0.9584054126912822,9.23260224172486,9.633295179123564,0.3092269326683292,0.1271820448877805,0.6084788029925187,0.2643391521197007,10.87780548628429,0.0454967684666478,-0.0368289801007204,validation
2023,500,0.8,trend_x_dd,BELOW_MA200|MEDIUM_-5_TO_-10PCT,59,0.0557945462638458,0.0640439606392186,6.30488703304448,3.91241514374841,0.6205369141815056,0.7457627118644068,0.3728813559322034,0.2203389830508474,0.4067796610169492,13.389830508474576,0.0929883800051516,-0.0241769003564108,validation
2023,500,0.8,trend_x_dd,BELOW_MA200|SHALLOW_GT_-5PCT,36,0.0370836446434881,0.0384284274573043,3.4267542221833382,1.8851333394202652,0.5501221322546916,0.6388888888888888,0.4722222222222222,0.3055555555555556,0.2222222222222222,12.11111111111111,0.0779233776089131,-0.0333682541673901,validation
2024,300,0.6,trend,ABOVE_MA200,334,-0.0017520970623287,-0.0202230073416428,0.927824400462418,7.522808694609607,8.10800911342741,0.3622754491017964,0.2245508982035928,0.6077844311377245,0.1676646706586826,9.116766467065869,0.042159408569501,-0.0372897282019596,validation
2024,300,0.6,vol_regime,HIGH_GE_70PCT,110,0.013056279814621,-0.0144032642296579,1.5933240230802903,3.856775019821969,2.420584240213655,0.4181818181818181,0.3818181818181818,0.5818181818181818,0.0363636363636363,8.00909090909091,0.0545877503466554,-0.0349930107587362,validation
2024,300,0.6,vol_regime,LOW_LE_30PCT,135,-0.0096099925494087,-0.0220297035075305,0.6343704081339542,2.250911384725751,3.548260378895932,0.3407407407407407,0.1481481481481481,0.6074074074074074,0.2444444444444444,9.65925925925926,0.0368130813285909,-0.0404318486523688,validation
2024,300,0.6,vol_regime,MID_30_TO_70PCT,89,-0.008135305665797,-0.0237617810126581,0.6615303749762208,1.4151222900618876,2.139164494317824,0.3258426966292135,0.146067415730337,0.6404494382022472,0.2134831460674157,9.662921348314606,0.0349081342103533,-0.0353622299766711,validation
2024,300,0.6,dd_regime,MEDIUM_-5_TO_-10PCT,10,0.0994591193922595,0.0755494558575391,29.39889466450756,1.0296133736824866,0.035022179759891,0.8,0.8,0.2,0.0,7.1,0.1237021449521061,-0.020337617340613,validation
2024,300,0.6,dd_regime,SHALLOW_GT_-5PCT,324,-0.0048759000393222,-0.0209814502447089,0.8043113873810387,6.4931953209271205,8.07298693366752,0.3487654320987654,0.2067901234567901,0.6203703703703703,0.1728395061728395,9.179012345679013,0.039642657446581,-0.0378129415001493,validation
2024,300,0.6,abs_regime,CALM_UPTREND,130,-0.0099416283450525,-0.0226905000481132,0.6313668168508251,2.213544219101573,3.5059559039584016,0.3230769230769231,0.1384615384615384,0.6307692307692307,0.2307692307692307,9.292307692307691,0.0361962530284526,-0.0404254319706046,validation
2024,300,0.6,abs_regime,STRESS_REVERSAL,72,0.0343039927377893,0.0214288480995149,3.5123276366870075,3.452994712440613,0.983107235319778,0.5555555555555556,0.5416666666666666,0.4444444444444444,0.0138888888888888,7.694444444444445,0.0665754324532483,-0.0262433812364637,validation
2024,300,0.6,abs_regime,VOLATILE_UPTREND,132,-0.0133536076597106,-0.0258254164514497,0.5129310512859497,1.8562697630674203,3.618945974149232,0.2954545454545454,0.1363636363636363,0.6742424242424242,0.1893939393939394,9.719696969696969,0.0347143820597015,-0.0402268152594736,validation
2024,300,0.6,trend_x_vol,ABOVE_MA200|HIGH_GE_70PCT,110,0.013056279814621,-0.0144032642296579,1.5933240230802903,3.856775019821969,2.420584240213655,0.4181818181818181,0.3818181818181818,0.5818181818181818,0.0363636363636363,8.00909090909091,0.0545877503466554,-0.0349930107587362,validation
2024,300,0.6,trend_x_vol,ABOVE_MA200|LOW_LE_30PCT,135,-0.0096099925494087,-0.0220297035075305,0.6343704081339542,2.250911384725751,3.548260378895932,0.3407407407407407,0.1481481481481481,0.6074074074074074,0.2444444444444444,9.65925925925926,0.0368130813285909,-0.0404318486523688,validation
2024,300,0.6,trend_x_vol,ABOVE_MA200|MID_30_TO_70PCT,89,-0.008135305665797,-0.0237617810126581,0.6615303749762208,1.4151222900618876,2.139164494317824,0.3258426966292135,0.146067415730337,0.6404494382022472,0.2134831460674157,9.662921348314606,0.0349081342103533,-0.0353622299766711,validation
2024,300,0.6,trend_x_dd,ABOVE_MA200|MEDIUM_-5_TO_-10PCT,10,0.0994591193922595,0.0755494558575391,29.39889466450756,1.0296133736824866,0.035022179759891,0.8,0.8,0.2,0.0,7.1,0.1237021449521061,-0.020337617340613,validation
2024,300,0.6,trend_x_dd,ABOVE_MA200|SHALLOW_GT_-5PCT,324,-0.0048759000393222,-0.0209814502447089,0.8043113873810387,6.4931953209271205,8.07298693366752,0.3487654320987654,0.2067901234567901,0.6203703703703703,0.1728395061728395,9.179012345679013,0.039642657446581,-0.0378129415001493,validation
2024,300,0.8,trend,ABOVE_MA200,335,-0.0015778158413174,-0.0213302814035085,0.9381899948978812,8.022932473138752,8.551500779980096,0.3343283582089552,0.1492537313432835,0.6328358208955224,0.217910447761194,10.214925373134328,0.046886938040042,-0.038618869869567,validation
2024,300,0.8,vol_regime,HIGH_GE_70PCT,111,0.0167185247926238,-0.0158049760056455,1.737472551111075,4.372129572161606,2.516373320180354,0.3873873873873873,0.2612612612612612,0.6036036036036037,0.1351351351351351,9.72072072072072,0.0645224692841195,-0.0362497086162718,validation
2024,300,0.8,vol_regime,LOW_LE_30PCT,135,-0.0139705245738708,-0.0246413143578642,0.5159038126946685,2.009942148009348,3.8959629654819175,0.2962962962962963,0.0814814814814814,0.6518518518518519,0.2666666666666666,10.414814814814816,0.0388444597479767,-0.0426854096888102,validation
2024,300,0.8,vol_regime,MID_30_TO_70PCT,89,-0.0055989184421351,-0.0237617810126581,0.7670568379974286,1.640860752967798,2.139164494317824,0.3258426966292135,0.1123595505617977,0.6404494382022472,0.247191011235955,10.52808988764045,0.0370913268191007,-0.0354053195720159,validation
2024,300,0.8,dd_regime,MEDIUM_-5_TO_-10PCT,10,0.0872533787799738,0.0481478622527212,23.20555129738436,0.9118272859036344,0.039293498103896,0.7,0.5,0.2,0.3,12.7,0.1397794554216169,-0.0205233546689282,validation
2024,300,0.8,dd_regime,SHALLOW_GT_-5PCT,325,-0.0043110833681264,-0.0228399363927628,0.8354008486583446,7.1111051872351165,8.512207281876199,0.3230769230769231,0.1384615384615384,0.6461538461538462,0.2153846153846154,10.138461538461538,0.0440287067359936,-0.0391756549526636,validation
2024,300,0.8,abs_regime,CALM_UPTREND,130,-0.014626993714774,-0.0262636476515901,0.5062132561457311,1.94936208202734,3.8508712649479655,0.2846153846153846,0.0769230769230769,0.6692307692307692,0.2538461538461538,10.038461538461538,0.0382996442437514,-0.0427534341449363,validation
2024,300,0.8,abs_regime,STRESS_REVERSAL,73,0.0392356012088334,0.0141541444823991,3.752739212013403,3.9046893479821865,1.0404904597373448,0.5342465753424658,0.3972602739726027,0.4520547945205479,0.1506849315068493,10.356164383561644,0.079090668975534,-0.0277708985000923,validation
2024,300,0.8,abs_regime,VOLATILE_UPTREND,132,-0.0112974091830724,-0.026371367597092,0.592567935360736,2.1688810431292254,3.660139055294785,0.2727272727272727,0.0833333333333333,0.696969696969697,0.2196969696969697,10.31060606060606,0.0375344822463061,-0.0405462074011856,validation
2024,300,0.8,trend_x_vol,ABOVE_MA200|HIGH_GE_70PCT,111,0.0167185247926238,-0.0158049760056455,1.737472551111075,4.372129572161606,2.516373320180354,0.3873873873873873,0.2612612612612612,0.6036036036036037,0.1351351351351351,9.72072072072072,0.0645224692841195,-0.0362497086162718,validation
2024,300,0.8,trend_x_vol,ABOVE_MA200|LOW_LE_30PCT,135,-0.0139705245738708,-0.0246413143578642,0.5159038126946685,2.009942148009348,3.8959629654819175,0.2962962962962963,0.0814814814814814,0.6518518518518519,0.2666666666666666,10.414814814814816,0.0388444597479767,-0.0426854096888102,validation
2024,300,0.8,trend_x_vol,ABOVE_MA200|MID_30_TO_70PCT,89,-0.0055989184421351,-0.0237617810126581,0.7670568379974286,1.640860752967798,2.139164494317824,0.3258426966292135,0.1123595505617977,0.6404494382022472,0.247191011235955,10.52808988764045,0.0370913268191007,-0.0354053195720159,validation
2024,300,0.8,trend_x_dd,ABOVE_MA200|MEDIUM_-5_TO_-10PCT,10,0.0872533787799738,0.0481478622527212,23.20555129738436,0.9118272859036344,0.039293498103896,0.7,0.5,0.2,0.3,12.7,0.1397794554216169,-0.0205233546689282,validation
2024,300,0.8,trend_x_dd,ABOVE_MA200|SHALLOW_GT_-5PCT,325,-0.0043110833681264,-0.0228399363927628,0.8354008486583446,7.1111051872351165,8.512207281876199,0.3230769230769231,0.1384615384615384,0.6461538461538462,0.2153846153846154,10.138461538461538,0.0440287067359936,-0.0391756549526636,validation
2024,500,0.6,trend,ABOVE_MA200,589,0.0070718490786895,-0.016503148642095,1.300713205067188,18.01678634310673,13.851467235758612,0.3837011884550085,0.2784380305602716,0.5789473684210527,0.1426146010186757,8.96943972835314,0.0498887617020924,-0.0360668091726861,validation
2024,500,0.6,vol_regime,HIGH_GE_70PCT,206,0.0132477155740307,-0.010121196590175,1.6478791509647093,6.941280109923205,4.212250701672881,0.4368932038834951,0.3932038834951456,0.529126213592233,0.0776699029126213,8.257281553398059,0.0544537667615276,-0.0325350822097499,validation
2024,500,0.6,vol_regime,LOW_LE_30PCT,228,0.0111225208290246,-0.0182092272884258,1.4311776062336958,8.417350463457947,5.881415714440325,0.3771929824561403,0.25,0.5789473684210527,0.1710526315789473,9.350877192982455,0.0559839006358937,-0.0387881654549728,validation
2024,500,0.6,vol_regime,MID_30_TO_70PCT,155,-0.0070944841930311,-0.0208796852137553,0.7073700542692428,2.658155769725577,3.757800819645407,0.3225806451612903,0.1677419354838709,0.6451612903225806,0.1870967741935484,9.35483870967742,0.0348559699656386,-0.0367575609275471,validation
2024,500,0.6,dd_regime,MEDIUM_-5_TO_-10PCT,21,0.0729357540536618,0.0725309473983939,18.313617899275314,1.6201159291377247,0.0884650940108253,0.7619047619047619,0.6666666666666666,0.0952380952380952,0.238095238095238,10.0,0.1050170028542192,-0.0221977639010923,validation
2024,500,0.6,dd_regime,SHALLOW_GT_-5PCT,568,0.0046367399158824,-0.0180376078410979,1.1913585600798842,16.396670413969005,13.763002141747789,0.3697183098591549,0.2640845070422535,0.596830985915493,0.1390845070422535,8.931338028169014,0.0478505696876652,-0.0365795731704034,validation
2024,500,0.6,abs_regime,CALM_UPTREND,221,0.0127717439259637,-0.018235960303906,1.4942022852786667,8.533891618975915,5.711336211337914,0.3755656108597285,0.248868778280543,0.579185520361991,0.171945701357466,9.2579185520362,0.0577220003500667,-0.0388988995742474,validation
2024,500,0.6,abs_regime,STRESS_REVERSAL,123,0.0293539807524525,0.0253606909290244,3.1029186583556028,5.327457982296571,1.7169183497449034,0.5528455284552846,0.5040650406504065,0.4065040650406504,0.089430894308943,8.065040650406504,0.0624351402075889,-0.0265833779325038,validation
2024,500,0.6,abs_regime,VOLATILE_UPTREND,245,-0.0092562282973124,-0.0231826729965922,0.6469405502043393,4.155436741834244,6.423212674675794,0.3061224489795918,0.1918367346938775,0.6653061224489796,0.1428571428571428,9.16326530612245,0.0365240666107522,-0.0382732175963488,validation
2024,500,0.6,trend_x_vol,ABOVE_MA200|HIGH_GE_70PCT,206,0.0132477155740307,-0.010121196590175,1.6478791509647093,6.941280109923205,4.212250701672881,0.4368932038834951,0.3932038834951456,0.529126213592233,0.0776699029126213,8.257281553398059,0.0544537667615276,-0.0325350822097499,validation
2024,500,0.6,trend_x_vol,ABOVE_MA200|LOW_LE_30PCT,228,0.0111225208290246,-0.0182092272884258,1.4311776062336958,8.417350463457947,5.881415714440325,0.3771929824561403,0.25,0.5789473684210527,0.1710526315789473,9.350877192982455,0.0559839006358937,-0.0387881654549728,validation
2024,500,0.6,trend_x_vol,ABOVE_MA200|MID_30_TO_70PCT,155,-0.0070944841930311,-0.0208796852137553,0.7073700542692428,2.658155769725577,3.757800819645407,0.3225806451612903,0.1677419354838709,0.6451612903225806,0.1870967741935484,9.35483870967742,0.0348559699656386,-0.0367575609275471,validation
2024,500,0.6,trend_x_dd,ABOVE_MA200|MEDIUM_-5_TO_-10PCT,21,0.0729357540536618,0.0725309473983939,18.313617899275314,1.6201159291377247,0.0884650940108253,0.7619047619047619,0.6666666666666666,0.0952380952380952,0.238095238095238,10.0,0.1050170028542192,-0.0221977639010923,validation
2024,500,0.6,trend_x_dd,ABOVE_MA200|SHALLOW_GT_-5PCT,568,0.0046367399158824,-0.0180376078410979,1.1913585600798842,16.396670413969005,13.763002141747789,0.3697183098591549,0.2640845070422535,0.596830985915493,0.1390845070422535,8.931338028169014,0.0478505696876652,-0.0365795731704034,validation
2024,500,0.8,trend,ABOVE_MA200,591,0.0065019314646321,-0.0190705370625245,1.2626725203888458,18.471661272425187,14.629019776827608,0.3570219966159052,0.1505922165820643,0.6006768189509306,0.248730964467005,10.614213197969542,0.0554291458182621,-0.0375241082274306,validation
2024,500,0.8,vol_regime,HIGH_GE_70PCT,208,0.0150295380455827,-0.0127207316540677,1.694172495499738,7.629554713747359,4.50341080026614,0.4038461538461538,0.2307692307692307,0.5528846153846154,0.2163461538461538,10.620192307692308,0.0639327520345546,-0.0343523576805707,validation
2024,500,0.8,vol_regime,LOW_LE_30PCT,228,0.0077053682031621,-0.0224921982382809,1.2760659552611593,8.120607375405093,6.363783425084115,0.3421052631578947,0.1228070175438596,0.6140350877192983,0.2631578947368421,10.679824561403509,0.0600054299463864,-0.0408183409534635,validation
2024,500,0.8,vol_regime,MID_30_TO_70PCT,155,-0.0067117830206749,-0.0208796852137553,0.7234517247095472,2.7214991832727344,3.7618255514773526,0.3161290322580645,0.0838709677419354,0.6451612903225806,0.2709677419354839,10.50967741935484,0.0372862885653513,-0.0369346827578263,validation
2024,500,0.8,dd_regime,MEDIUM_-5_TO_-10PCT,22,0.0755946619372092,0.0396849731670859,18.93343650447977,1.755818974973433,0.0927364123548303,0.7272727272727273,0.5,0.0909090909090909,0.4090909090909091,13.363636363636363,0.1151340639456838,-0.022850002475664,validation
2024,500,0.8,dd_regime,SHALLOW_GT_-5PCT,569,0.0038305077908242,-0.0205543565418955,1.1499392161208069,16.71584229745175,14.536283364472776,0.3427065026362039,0.1370826010544815,0.6203866432337434,0.242530755711775,10.507908611599298,0.0531206955567449,-0.0380914725974461,validation
2024,500,0.8,abs_regime,CALM_UPTREND,221,0.0087411172016699,-0.0223860943773425,1.3120356800628536,8.122703597954342,6.190916696385283,0.3438914027149321,0.1221719457013574,0.6108597285067874,0.2669683257918552,10.60633484162896,0.0618399964958001,-0.0410007214856613,validation
2024,500,0.8,abs_regime,STRESS_REVERSAL,125,0.0324598446604747,0.0115677546010486,3.0888242472591547,5.999951610403517,1.94247102784418,0.52,0.336,0.432,0.232,11.008,0.0733482469406704,-0.0290104595349391,validation
2024,500,0.8,abs_regime,VOLATILE_UPTREND,245,-0.0087617387286972,-0.0237617810126581,0.6695277732561528,4.349006064067328,6.495632052598143,0.2857142857142857,0.0816326530612244,0.6775510204081633,0.2408163265306122,10.420408163265304,0.0405038983079073,-0.0387317594784201,validation
2024,500,0.8,trend_x_vol,ABOVE_MA200|HIGH_GE_70PCT,208,0.0150295380455827,-0.0127207316540677,1.694172495499738,7.629554713747359,4.50341080026614,0.4038461538461538,0.2307692307692307,0.5528846153846154,0.2163461538461538,10.620192307692308,0.0639327520345546,-0.0343523576805707,validation
2024,500,0.8,trend_x_vol,ABOVE_MA200|LOW_LE_30PCT,228,0.0077053682031621,-0.0224921982382809,1.2760659552611593,8.120607375405093,6.363783425084115,0.3421052631578947,0.1228070175438596,0.6140350877192983,0.2631578947368421,10.679824561403509,0.0600054299463864,-0.0408183409534635,validation
2024,500,0.8,trend_x_vol,ABOVE_MA200|MID_30_TO_70PCT,155,-0.0067117830206749,-0.0208796852137553,0.7234517247095472,2.7214991832727344,3.7618255514773526,0.3161290322580645,0.0838709677419354,0.6451612903225806,0.2709677419354839,10.50967741935484,0.0372862885653513,-0.0369346827578263,validation
2024,500,0.8,trend_x_dd,ABOVE_MA200|MEDIUM_-5_TO_-10PCT,22,0.0755946619372092,0.0396849731670859,18.93343650447977,1.755818974973433,0.0927364123548303,0.7272727272727273,0.5,0.0909090909090909,0.4090909090909091,13.363636363636363,0.1151340639456838,-0.022850002475664,validation
2024,500,0.8,trend_x_dd,ABOVE_MA200|SHALLOW_GT_-5PCT,569,0.0038305077908242,-0.0205543565418955,1.1499392161208069,16.71584229745175,14.536283364472776,0.3427065026362039,0.1370826010544815,0.6203866432337434,0.242530755711775,10.507908611599298,0.0531206955567449,-0.0380914725974461,validation
2025,300,0.6,trend,ABOVE_MA200,257,0.0198346349230108,-0.005525598555942,2.082341622895718,9.807198249946836,4.70969707473305,0.4747081712062256,0.3813229571984435,0.4708171206225681,0.1478599221789883,9.249027237354085,0.0561969044485787,-0.0309213789905722,validation
2025,300,0.6,trend,BELOW_MA200,14,0.0138221050441463,0.0188199966527498,1.746236208242572,0.452823436465102,0.2593139658470532,0.5714285714285714,0.4285714285714285,0.4285714285714285,0.1428571428571428,9.642857142857142,0.0549793253736016,-0.0424038229096688,validation
2025,300,0.6,vol_regime,HIGH_GE_70PCT,140,0.0150685209588011,0.0152764543064138,1.9583534593524223,4.310861071415749,2.201268137183592,0.5642857142857143,0.4357142857142857,0.3857142857142857,0.1785714285714285,9.414285714285716,0.0459092285516459,-0.0296866163091037,validation
2025,300,0.6,vol_regime,LOW_LE_30PCT,65,0.0075581918949185,-0.0078305209401707,1.3978058059467655,1.7262631240942732,1.234980650924565,0.4615384615384615,0.3846153846153846,0.4769230769230769,0.1384615384615384,9.492307692307692,0.0447110872685022,-0.0308526912000842,validation
2025,300,0.6,vol_regime,MID_30_TO_70PCT,66,0.0407596248246965,-0.0229635494267168,2.755089697760681,4.222897490901915,1.5327622524719469,0.3181818181818182,0.2727272727272727,0.6363636363636364,0.0909090909090909,8.742424242424242,0.0890727625580617,-0.0360438895459458,validation
2025,300,0.6,dd_regime,DEEP_LE_-10PCT,6,0.047411257495232,0.0484208816749616,,0.2844675449713922,-0.0,1.0,0.8333333333333334,0.0,0.1666666666666666,13.0,0.0662529456783671,-0.0282078810721595,validation
2025,300,0.6,dd_regime,MEDIUM_-5_TO_-10PCT,15,-0.0131982613393923,-0.0314029295616566,0.6109484241132443,0.3108889977360083,0.5088629178268941,0.2666666666666666,0.1333333333333333,0.7333333333333333,0.1333333333333333,8.4,0.0492428602338523,-0.0533293676960394,validation
2025,300,0.6,dd_regime,SHALLOW_GT_-5PCT,250,0.0208180680838053,-0.0049935419333619,2.166893313341044,9.664665143704536,4.460148122753209,0.48,0.388,0.464,0.148,9.232,0.0563046176837486,-0.0302850404777555,validation
2025,300,0.6,abs_regime,CALM_UPTREND,50,0.0091691234352311,0.0006112332549099,1.5124812313947364,1.3530375606523262,0.8945813888907705,0.5,0.42,0.46,0.12,8.78,0.0432501892179976,-0.0301901105298967,validation
2025,300,0.6,abs_regime,CALM_WEAK,1,0.040024387158033,0.040024387158033,,0.040024387158033,-0.0,1.0,1.0,0.0,0.0,13.0,0.0434371362048893,-0.0059662398137368,validation
2025,300,0.6,abs_regime,STRESS_REVERSAL,122,0.0151865515060242,0.0159433357666344,2.036688854802774,3.6399486367905913,1.787189353055635,0.5819672131147541,0.4590163934426229,0.3770491803278688,0.1639344262295081,9.352459016393444,0.0458091601082634,-0.0288497254563288,validation
2025,300,0.6,abs_regime,VOLATILE_UPTREND,98,0.0299976612569111,-0.0177947166686379,2.285291626303273,5.227011101810987,2.287240298633697,0.336734693877551,0.2653061224489796,0.5918367346938775,0.1428571428571428,9.377551020408164,0.0756903149816555,-0.0357684658095074,validation
2025,300,0.6,trend_x_vol,ABOVE_MA200|HIGH_GE_70PCT,126,0.0152070116159849,0.0146236014166738,1.986678002959965,3.858037634950647,1.9419541713365376,0.5634920634920635,0.4365079365079365,0.3809523809523809,0.1825396825396825,9.38888888888889,0.0449014400158731,-0.0282735933534854,validation
2025,300,0.6,trend_x_vol,ABOVE_MA200|LOW_LE_30PCT,65,0.0075581918949185,-0.0078305209401707,1.3978058059467655,1.7262631240942732,1.234980650924565,0.4615384615384615,0.3846153846153846,0.4769230769230769,0.1384615384615384,9.492307692307692,0.0447110872685022,-0.0308526912000842,validation
2025,300,0.6,trend_x_vol,ABOVE_MA200|MID_30_TO_70PCT,66,0.0407596248246965,-0.0229635494267168,2.755089697760681,4.222897490901915,1.5327622524719469,0.3181818181818182,0.2727272727272727,0.6363636363636364,0.0909090909090909,8.742424242424242,0.0890727625580617,-0.0360438895459458,validation
2025,300,0.6,trend_x_vol,BELOW_MA200|HIGH_GE_70PCT,14,0.0138221050441463,0.0188199966527498,1.746236208242572,0.452823436465102,0.2593139658470532,0.5714285714285714,0.4285714285714285,0.4285714285714285,0.1428571428571428,9.642857142857142,0.0549793253736016,-0.0424038229096688,validation
2025,300,0.6,trend_x_dd,ABOVE_MA200|MEDIUM_-5_TO_-10PCT,7,-0.015287977962506,-0.0314029295616566,0.5711629125728114,0.1425331062422985,0.2495489519798408,0.2857142857142857,0.1428571428571428,0.7142857142857143,0.1428571428571428,9.857142857142858,0.0523500031925092,-0.0536477544483122,validation
2025,300,0.6,trend_x_dd,ABOVE_MA200|SHALLOW_GT_-5PCT,250,0.0208180680838053,-0.0049935419333619,2.166893313341044,9.664665143704536,4.460148122753209,0.48,0.388,0.464,0.148,9.232,0.0563046176837486,-0.0302850404777555,validation
2025,300,0.6,trend_x_dd,BELOW_MA200|DEEP_LE_-10PCT,6,0.047411257495232,0.0484208816749616,,0.2844675449713922,-0.0,1.0,0.8333333333333334,0.0,0.1666666666666666,13.0,0.0662529456783671,-0.0282078810721595,validation
2025,300,0.6,trend_x_dd,BELOW_MA200|MEDIUM_-5_TO_-10PCT,8,-0.0113697592941679,-0.036814363795121,0.6492357283718698,0.1683558914937097,0.2593139658470532,0.25,0.125,0.75,0.125,7.125,0.0465241101450275,-0.0530507792878007,validation
2025,300,0.8,trend,ABOVE_MA200,258,0.0217638374127078,-0.0082638010515082,2.149835789279837,10.49843696871931,4.883366916240673,0.4496124031007752,0.1821705426356589,0.4806201550387597,0.3372093023255814,12.073643410852712,0.0637779516797353,-0.0317921052100597,validation
2025,300,0.8,trend,BELOW_MA200,14,0.0292603672988414,0.0298304155493449,2.57972649427372,0.6689591080308337,0.2593139658470532,0.5714285714285714,0.3571428571428571,0.4285714285714285,0.2142857142857142,10.785714285714286,0.0699137348674515,-0.0424038229096688,validation
2025,300,0.8,vol_regime,HIGH_GE_70PCT,140,0.0216039463316874,0.0028488393272314,2.3251631192599698,5.306952624560588,2.282400138124345,0.5428571428571428,0.2285714285714285,0.3928571428571428,0.3785714285714285,12.55,0.0558497489982044,-0.0302794400922459,validation
2025,300,0.8,vol_regime,LOW_LE_30PCT,65,0.005514621079774,-0.0086970811628457,1.2839504820657683,1.62081966633003,1.262369296144714,0.4307692307692308,0.1384615384615384,0.4769230769230769,0.3846153846153846,12.66153846153846,0.0496622980223105,-0.0313593210065255,validation
2025,300,0.8,vol_regime,MID_30_TO_70PCT,67,0.0394285423588188,-0.0231501245750771,2.6532282446859607,4.2396237858595285,1.5979114478186691,0.2985074626865671,0.1641791044776119,0.6567164179104478,0.1791044776119403,10.238805970149254,0.0953207401539885,-0.0375901371133161,validation
2025,300,0.8,dd_regime,DEEP_LE_-10PCT,6,0.0754089898866776,0.0754790854199355,,0.4524539393200659,-0.0,1.0,0.6666666666666666,0.0,0.3333333333333333,15.333333333333334,0.0914068140309096,-0.0282078810721595,validation
2025,300,0.8,dd_regime,MEDIUM_-5_TO_-10PCT,15,-0.0134503317324924,-0.0314029295616566,0.6035180223998546,0.3071079418395068,0.5088629178268941,0.2666666666666666,0.0666666666666666,0.7333333333333333,0.2,8.6,0.0531200950870952,-0.0533293676960394,validation
2025,300,0.8,dd_regime,SHALLOW_GT_-5PCT,251,0.0230040487303973,-0.0069431247532383,2.246060219858202,10.407834195590572,4.6338179642608335,0.4541832669322709,0.1872509960159362,0.4741035856573705,0.3386454183266932,12.131474103585658,0.0640966594064707,-0.0311825851117817,validation
2025,300,0.8,abs_regime,CALM_UPTREND,50,0.0061348201676714,-0.0071616272585384,1.3327017115901956,1.228711042494493,0.9219700341109192,0.46,0.12,0.46,0.42,12.7,0.0493253911811084,-0.0308399981956161,validation
2025,300,0.8,abs_regime,CALM_WEAK,1,0.0033614268771826,0.0033614268771826,,0.0033614268771826,-0.0,1.0,0.0,0.0,1.0,20.0,0.0434371362048893,-0.0064027939464493,validation
2025,300,0.8,abs_regime,STRESS_REVERSAL,122,0.0214732489488447,0.0065998310424771,2.4021872447988515,4.488057725755445,1.868321353996389,0.5573770491803278,0.2540983606557377,0.3852459016393442,0.360655737704918,12.204918032786884,0.0567550268623733,-0.0294794639179248,validation
2025,300,0.8,abs_regime,VOLATILE_UPTREND,99,0.0312613776529556,-0.0181548773611903,2.315630934231832,5.447265881623025,2.3523894939804197,0.3232323232323232,0.1515151515151515,0.6060606060606061,0.2424242424242424,11.333333333333334,0.0808048873641028,-0.0368799935678452,validation
2025,300,0.8,trend_x_vol,ABOVE_MA200|HIGH_GE_70PCT,126,0.0207532328908925,0.0018370598836396,2.2925338426434823,4.637993516529753,2.023086172277292,0.5396825396825397,0.2142857142857142,0.3888888888888889,0.3968253968253968,12.746031746031743,0.0542870839016214,-0.0289322864458655,validation
2025,300,0.8,trend_x_vol,ABOVE_MA200|LOW_LE_30PCT,65,0.005514621079774,-0.0086970811628457,1.2839504820657683,1.62081966633003,1.262369296144714,0.4307692307692308,0.1384615384615384,0.4769230769230769,0.3846153846153846,12.66153846153846,0.0496622980223105,-0.0313593210065255,validation
2025,300,0.8,trend_x_vol,ABOVE_MA200|MID_30_TO_70PCT,67,0.0394285423588188,-0.0231501245750771,2.6532282446859607,4.2396237858595285,1.5979114478186691,0.2985074626865671,0.1641791044776119,0.6567164179104478,0.1791044776119403,10.238805970149254,0.0953207401539885,-0.0375901371133161,validation
2025,300,0.8,trend_x_vol,BELOW_MA200|HIGH_GE_70PCT,14,0.0292603672988414,0.0298304155493449,2.57972649427372,0.6689591080308337,0.2593139658470532,0.5714285714285714,0.3571428571428571,0.4285714285714285,0.2142857142857142,10.785714285714286,0.0699137348674515,-0.0424038229096688,validation
2025,300,0.8,trend_x_dd,ABOVE_MA200|MEDIUM_-5_TO_-10PCT,7,-0.0227065969787288,-0.0314029295616566,0.3630661335578689,0.0906027731287391,0.2495489519798408,0.2857142857142857,0.0,0.7142857142857143,0.2857142857142857,10.0,0.0523500031925092,-0.0536477544483122,validation
2025,300,0.8,trend_x_dd,ABOVE_MA200|SHALLOW_GT_-5PCT,251,0.0230040487303973,-0.0069431247532383,2.246060219858202,10.407834195590572,4.6338179642608335,0.4541832669322709,0.1872509960159362,0.4741035856573705,0.3386454183266932,12.131474103585658,0.0640966594064707,-0.0311825851117817,validation
2025,300,0.8,trend_x_dd,BELOW_MA200|DEEP_LE_-10PCT,6,0.0754089898866776,0.0754790854199355,,0.4524539393200659,-0.0,1.0,0.6666666666666666,0.0,0.3333333333333333,15.333333333333334,0.0914068140309096,-0.0282078810721595,validation
2025,300,0.8,trend_x_dd,BELOW_MA200|MEDIUM_-5_TO_-10PCT,8,-0.0053510996420356,-0.036814363795121,0.8349151886345578,0.2165051687107677,0.2593139658470532,0.25,0.125,0.75,0.125,7.375,0.053793925494858,-0.0530507792878007,validation
2025,500,0.6,trend,ABOVE_MA200,509,0.0215381899670575,0.0003470386003172,2.1980512090445936,20.11358151256129,9.150642819328976,0.5029469548133595,0.387033398821218,0.4577603143418468,0.1552062868369351,9.135559921414538,0.0567055820471014,-0.030498695406413,validation
2025,500,0.6,trend,BELOW_MA200,24,0.0057257050636074,0.0075399384548393,1.242131792173805,0.7049463661025339,0.567529444575954,0.5,0.4166666666666667,0.5,0.0833333333333333,9.416666666666666,0.0577361830563314,-0.0481619474308558,validation
2025,500,0.6,vol_regime,HIGH_GE_70PCT,240,0.0192201935168089,0.0208115647293183,2.4247488914033006,7.850502196473958,3.2376557524398137,0.6166666666666667,0.4916666666666666,0.3458333333333333,0.1625,9.329166666666667,0.0470801089578056,-0.0277026451193964,validation
2025,500,0.6,vol_regime,LOW_LE_30PCT,135,0.0017413247759715,-0.0057577229627692,1.0839278038322024,3.0360438887855823,2.8009650440294247,0.4666666666666667,0.3481481481481481,0.4814814814814814,0.1703703703703703,9.607407407407408,0.0411409417789943,-0.0329474325592301,validation
2025,500,0.6,vol_regime,MID_30_TO_70PCT,158,0.0395723438352442,-0.0176134732033751,2.6992370894395883,9.931981793404285,3.679551467435693,0.360759493670886,0.2658227848101265,0.6139240506329114,0.120253164556962,8.481012658227849,0.0847820023119557,-0.0353366106079338,validation
2025,500,0.6,dd_regime,DEEP_LE_-10PCT,11,0.0437059966621299,0.0530815915418538,9.612094434308592,0.5365904746088241,0.0558245113253947,0.9090909090909092,0.8181818181818182,0.0909090909090909,0.0909090909090909,11.727272727272728,0.0708555535342341,-0.0272784267287461,validation
2025,500,0.6,dd_regime,MEDIUM_-5_TO_-10PCT,20,-0.0225182443747195,-0.0429133825605667,0.4083906877426511,0.3108889977360083,0.7612538852304,0.2,0.1,0.8,0.1,8.3,0.0486353663411472,-0.0615679162731259,validation
2025,500,0.6,dd_regime,SHALLOW_GT_-5PCT,502,0.0220517022688642,0.0006910608951606,2.2436622626322933,19.97104840631899,8.901093867349136,0.5059760956175299,0.3904382470119522,0.4541832669322709,0.1553784860557769,9.125498007968128,0.0567663172104125,-0.0301758997624024,validation
2025,500,0.6,abs_regime,CALM_UPTREND,110,0.0026699590940031,-0.0052272133671953,1.1310541630784416,2.534719314017725,2.241023813677378,0.4818181818181818,0.3727272727272727,0.4818181818181818,0.1454545454545454,9.145454545454545,0.039814985779488,-0.0331112035220672,validation
2025,500,0.6,abs_regime,CALM_WEAK,2,0.0256311951102664,0.0256311951102664,,0.0512623902205329,-0.0,1.0,1.0,0.0,0.0,7.0,0.0435935681024446,-0.0029831199068684,validation
2025,500,0.6,abs_regime,STRESS_REVERSAL,221,0.0205621004631177,0.0275705143394269,2.6817303041519795,7.246336539344984,2.702112336995957,0.6515837104072398,0.5248868778280543,0.3257918552036199,0.1493212669683258,9.194570135746606,0.0483130357620097,-0.0262257014744297,validation
2025,500,0.6,abs_regime,VOLATILE_UPTREND,200,0.0310558676092449,-0.0176725495976351,2.300759486328881,10.986209635080582,4.775036113231595,0.345,0.24,0.6,0.16,9.12,0.0755239658998694,-0.0361782202355732,validation
2025,500,0.6,trend_x_vol,ABOVE_MA200|HIGH_GE_70PCT,216,0.0207195811227201,0.0223144737683678,2.676111541737504,7.145555830371423,2.6701263078638595,0.6296296296296297,0.5,0.3287037037037037,0.1712962962962963,9.319444444444445,0.0458961007246361,-0.025429389307012,validation
2025,500,0.6,trend_x_vol,ABOVE_MA200|LOW_LE_30PCT,135,0.0017413247759715,-0.0057577229627692,1.0839278038322024,3.0360438887855823,2.8009650440294247,0.4666666666666667,0.3481481481481481,0.4814814814814814,0.1703703703703703,9.607407407407408,0.0411409417789943,-0.0329474325592301,validation
2025,500,0.6,trend_x_vol,ABOVE_MA200|MID_30_TO_70PCT,158,0.0395723438352442,-0.0176134732033751,2.6992370894395883,9.931981793404285,3.679551467435693,0.360759493670886,0.2658227848101265,0.6139240506329114,0.120253164556962,8.481012658227849,0.0847820023119557,-0.0353366106079338,validation
2025,500,0.6,trend_x_vol,BELOW_MA200|HIGH_GE_70PCT,24,0.0057257050636074,0.0075399384548393,1.242131792173805,0.7049463661025339,0.567529444575954,0.5,0.4166666666666667,0.5,0.0833333333333333,9.416666666666666,0.0577361830563314,-0.0481619474308558,validation
2025,500,0.6,trend_x_dd,ABOVE_MA200|MEDIUM_-5_TO_-10PCT,7,-0.015287977962506,-0.0314029295616566,0.5711629125728114,0.1425331062422985,0.2495489519798408,0.2857142857142857,0.1428571428571428,0.7142857142857143,0.1428571428571428,9.857142857142858,0.0523500031925092,-0.0536477544483122,validation
2025,500,0.6,trend_x_dd,ABOVE_MA200|SHALLOW_GT_-5PCT,502,0.0220517022688642,0.0006910608951606,2.2436622626322933,19.97104840631899,8.901093867349136,0.5059760956175299,0.3904382470119522,0.4541832669322709,0.1553784860557769,9.125498007968128,0.0567663172104125,-0.0301758997624024,validation
2025,500,0.6,trend_x_dd,BELOW_MA200|DEEP_LE_-10PCT,11,0.0437059966621299,0.0530815915418538,9.612094434308592,0.5365904746088241,0.0558245113253947,0.9090909090909092,0.8181818181818182,0.0909090909090909,0.0909090909090909,11.727272727272728,0.0708555535342341,-0.0272784267287461,validation
2025,500,0.6,trend_x_dd,BELOW_MA200|MEDIUM_-5_TO_-10PCT,13,-0.0264114647505268,-0.0450500495644036,0.3290097096079262,0.1683558914937097,0.5117049332505592,0.1538461538461538,0.0769230769230769,0.8461538461538461,0.0769230769230769,7.461538461538462,0.0466351772673368,-0.0658326187941793,validation
2025,500,0.8,trend,ABOVE_MA200,511,0.0216591451877166,-0.0078305209401707,2.104520500165476,21.0883010265678,10.02047783564458,0.4598825831702544,0.1937377690802348,0.4794520547945205,0.3268101761252446,11.602739726027398,0.0637783300654492,-0.0321558346568038,validation
2025,500,0.8,trend,BELOW_MA200,24,0.021047300565345,0.0077828075729104,1.8900599226982997,1.0726646581442365,0.567529444575954,0.5,0.2916666666666667,0.5,0.2083333333333333,11.625,0.0726380829723234,-0.0481619474308558,validation
2025,500,0.8,vol_regime,HIGH_GE_70PCT,240,0.0216666387242755,0.011756259942786,2.370695803542389,8.99368207611278,3.7936887822866416,0.5583333333333333,0.2458333333333333,0.375,0.3791666666666666,12.6375,0.0577248303487648,-0.0297010454439186,validation
2025,500,0.8,vol_regime,LOW_LE_30PCT,135,-0.0003891581789755,-0.0128456027667982,0.9822225698964192,2.902691361857875,2.9552277160195786,0.4296296296296296,0.1407407407407407,0.4962962962962963,0.362962962962963,12.037037037037036,0.0449004920483315,-0.0340074131238142,validation
2025,500,0.8,vol_regime,MID_30_TO_70PCT,160,0.0401593841551691,-0.0181558965143605,2.6737039652974985,10.264592246741376,3.839090781914316,0.34375,0.175,0.625,0.2,9.6875,0.0901157184034501,-0.0366766660606995,validation
2025,500,0.8,dd_regime,DEEP_LE_-10PCT,11,0.0727577252825521,0.0895388070762399,15.336623090939591,0.8561594894334685,0.0558245113253947,0.9090909090909092,0.5454545454545454,0.0909090909090909,0.3636363636363636,16.363636363636363,0.0980816512783399,-0.0272784267287461,validation
2025,500,0.8,dd_regime,MEDIUM_-5_TO_-10PCT,20,-0.0227072971695446,-0.0429133825605667,0.4034238087948253,0.3071079418395068,0.7612538852304,0.2,0.05,0.8,0.15,8.45,0.0515432924810793,-0.0615679162731259,validation
2025,500,0.8,dd_regime,SHALLOW_GT_-5PCT,504,0.0222753360511395,-0.007083199929572,2.1489971427940167,20.99769825343906,9.77092888366474,0.4623015873015873,0.1964285714285714,0.4761904761904761,0.3273809523809524,11.625,0.0639370568275734,-0.0318573357708106,validation
2025,500,0.8,abs_regime,CALM_UPTREND,110,-0.000493761105772,-0.0107713419648219,0.9773247492690668,2.340972764032605,2.395286485667532,0.4363636363636363,0.1272727272727272,0.5,0.3727272727272727,11.99090909090909,0.0441023293728579,-0.0344081200864867,validation
2025,500,0.8,abs_regime,CALM_WEAK,2,0.0206760344937384,0.0206760344937384,,0.0413520689874769,-0.0,1.0,0.5,0.0,0.5,10.5,0.0435935681024446,-0.0032013969732246,validation
2025,500,0.8,abs_regime,STRESS_REVERSAL,221,0.023989325715058,0.0190628657708209,2.6496315494579177,8.515474390111958,3.213833407084136,0.5927601809954751,0.2850678733031674,0.3574660633484163,0.3574660633484163,12.380090497737555,0.0603590708511056,-0.0283068959855677,validation
2025,500,0.8,abs_regime,VOLATILE_UPTREND,202,0.0311102924460946,-0.0183354680606473,2.262185421170147,11.263166461579994,4.978887387468868,0.3267326732673267,0.1386138613861386,0.6089108910891089,0.2524752475247525,10.554455445544557,0.0794863496508254,-0.0373287041173111,validation
2025,500,0.8,trend_x_vol,ABOVE_MA200|HIGH_GE_70PCT,216,0.0217354540752678,0.011756259942786,2.4552468086059784,7.921017417968542,3.226159337710688,0.5648148148148148,0.2407407407407407,0.3611111111111111,0.3981481481481481,12.75,0.0560678022794805,-0.0276498341120366,validation
2025,500,0.8,trend_x_vol,ABOVE_MA200|LOW_LE_30PCT,135,-0.0003891581789755,-0.0128456027667982,0.9822225698964192,2.902691361857875,2.9552277160195786,0.4296296296296296,0.1407407407407407,0.4962962962962963,0.362962962962963,12.037037037037036,0.0449004920483315,-0.0340074131238142,validation
2025,500,0.8,trend_x_vol,ABOVE_MA200|MID_30_TO_70PCT,160,0.0401593841551691,-0.0181558965143605,2.6737039652974985,10.264592246741376,3.839090781914316,0.34375,0.175,0.625,0.2,9.6875,0.0901157184034501,-0.0366766660606995,validation
2025,500,0.8,trend_x_vol,BELOW_MA200|HIGH_GE_70PCT,24,0.021047300565345,0.0077828075729104,1.8900599226982997,1.0726646581442365,0.567529444575954,0.5,0.2916666666666667,0.5,0.2083333333333333,11.625,0.0726380829723234,-0.0481619474308558,validation
2025,500,0.8,trend_x_dd,ABOVE_MA200|MEDIUM_-5_TO_-10PCT,7,-0.0227065969787288,-0.0314029295616566,0.3630661335578689,0.0906027731287391,0.2495489519798408,0.2857142857142857,0.0,0.7142857142857143,0.2857142857142857,10.0,0.0523500031925092,-0.0536477544483122,validation
2025,500,0.8,trend_x_dd,ABOVE_MA200|SHALLOW_GT_-5PCT,504,0.0222753360511395,-0.007083199929572,2.1489971427940167,20.99769825343906,9.77092888366474,0.4623015873015873,0.1964285714285714,0.4761904761904761,0.3273809523809524,11.625,0.0639370568275734,-0.0318573357708106,validation
2025,500,0.8,trend_x_dd,BELOW_MA200|DEEP_LE_-10PCT,11,0.0727577252825521,0.0895388070762399,15.336623090939591,0.8561594894334685,0.0558245113253947,0.9090909090909092,0.5454545454545454,0.0909090909090909,0.3636363636363636,16.363636363636363,0.0980816512783399,-0.0272784267287461,validation
2025,500,0.8,trend_x_dd,BELOW_MA200|MEDIUM_-5_TO_-10PCT,13,-0.0227076741953685,-0.0450500495644036,0.4231054942844469,0.2165051687107677,0.5117049332505592,0.1538461538461538,0.0769230769230769,0.8461538461538461,0.0769230769230769,7.615384615384615,0.0511089097903094,-0.0658326187941793,validation
2026,300,0.6,trend,ABOVE_MA200,86,0.0024635093550876,-0.0088323787179742,1.1107104856506584,2.125517979852799,1.9136561753152648,0.3720930232558139,0.3372093023255814,0.6162790697674418,0.0465116279069767,7.034883720930233,0.0485271026173335,-0.0334917473324867,validation
2026,300,0.6,trend,BELOW_MA200,1,-0.0261655073361918,-0.0261655073361918,0.0,0.0,0.0261655073361918,0.0,0.0,1.0,0.0,1.0,0.0031488677475546,-0.0581535575505827,validation
2026,300,0.6,vol_regime,LOW_LE_30PCT,36,0.0006674962485503,-0.0067523031352316,1.0313459882664542,0.7906308329424308,0.7666009679946191,0.3611111111111111,0.3333333333333333,0.6111111111111112,0.0555555555555555,8.11111111111111,0.0378668524453963,-0.0288936894903853,validation
2026,300,0.6,vol_regime,MID_30_TO_70PCT,51,0.0031699300441868,-0.0137071895792563,1.1377971171441663,1.3348871469103685,1.1732207146568374,0.3725490196078431,0.3333333333333333,0.6274509803921569,0.0392156862745098,6.15686274509804,0.05516221578047,-0.0372210001272661,validation
2026,300,0.6,dd_regime,MEDIUM_-5_TO_-10PCT,1,-0.0261655073361918,-0.0261655073361918,0.0,0.0,0.0261655073361918,0.0,0.0,1.0,0.0,1.0,0.0031488677475546,-0.0581535575505827,validation
2026,300,0.6,dd_regime,SHALLOW_GT_-5PCT,86,0.0024635093550876,-0.0088323787179742,1.1107104856506584,2.125517979852799,1.9136561753152648,0.3720930232558139,0.3372093023255814,0.6162790697674418,0.0465116279069767,7.034883720930233,0.0485271026173335,-0.0334917473324867,validation
2026,300,0.6,abs_regime,CALM_UPTREND,40,0.0028544210859327,-0.0054360560561257,1.1417819543203598,0.9194756840734386,0.8052988406361283,0.4,0.375,0.575,0.05,7.875,0.0401775396828819,-0.0296450356150632,validation
2026,300,0.6,abs_regime,STRESS_REVERSAL,14,-0.0136558101150702,-0.0372940474202926,0.6523638952610193,0.3587653958101211,0.5499467374211051,0.2142857142857142,0.1428571428571428,0.7857142857142857,0.0714285714285714,4.857142857142857,0.0607190202813433,-0.0548787390642009,validation
2026,300,0.6,abs_regime,VOLATILE_UPTREND,33,0.0079606301628792,-0.0076844428745818,1.449386817747823,0.8472768999692395,0.584576104594223,0.3939393939393939,0.3636363636363636,0.6060606060606061,0.0303030303030303,6.757575757575758,0.0521003582298229,-0.0298284865649425,validation
2026,300,0.6,trend_x_vol,ABOVE_MA200|LOW_LE_30PCT,36,0.0006674962485503,-0.0067523031352316,1.0313459882664542,0.7906308329424308,0.7666009679946191,0.3611111111111111,0.3333333333333333,0.6111111111111112,0.0555555555555555,8.11111111111111,0.0378668524453963,-0.0288936894903853,validation
2026,300,0.6,trend_x_vol,ABOVE_MA200|MID_30_TO_70PCT,50,0.0037566387917944,-0.0119600404517026,1.16375143793512,1.3348871469103685,1.147055207320646,0.38,0.34,0.62,0.04,6.26,0.0562024827411283,-0.0368023489787998,validation
2026,300,0.6,trend_x_vol,BELOW_MA200|MID_30_TO_70PCT,1,-0.0261655073361918,-0.0261655073361918,0.0,0.0,0.0261655073361918,0.0,0.0,1.0,0.0,1.0,0.0031488677475546,-0.0581535575505827,validation
2026,300,0.6,trend_x_dd,ABOVE_MA200|SHALLOW_GT_-5PCT,86,0.0024635093550876,-0.0088323787179742,1.1107104856506584,2.125517979852799,1.9136561753152648,0.3720930232558139,0.3372093023255814,0.6162790697674418,0.0465116279069767,7.034883720930233,0.0485271026173335,-0.0334917473324867,validation
2026,300,0.6,trend_x_dd,BELOW_MA200|MEDIUM_-5_TO_-10PCT,1,-0.0261655073361918,-0.0261655073361918,0.0,0.0,0.0261655073361918,0.0,0.0,1.0,0.0,1.0,0.0031488677475546,-0.0581535575505827,validation
2026,300,0.8,trend,ABOVE_MA200,87,0.0086964803095338,-0.0098666161242602,1.391261433662279,2.6903233136236264,1.9337295266941807,0.367816091954023,0.3103448275862069,0.6091954022988506,0.0804597701149425,8.459770114942529,0.0565261904568802,-0.0341224285938907,validation
2026,300,0.8,trend,BELOW_MA200,1,-0.0261655073361918,-0.0261655073361918,0.0,0.0,0.0261655073361918,0.0,0.0,1.0,0.0,1.0,0.0031488677475546,-0.0581535575505827,validation
2026,300,0.8,vol_regime,LOW_LE_30PCT,36,0.0074589336003781,-0.0088323787179742,1.3413377086307443,1.0551959289871484,0.7866743193735354,0.3333333333333333,0.2777777777777778,0.6111111111111112,0.1111111111111111,9.88888888888889,0.048550188228536,-0.0308613012483599,validation
2026,300,0.8,vol_regime,MID_30_TO_70PCT,52,0.0088828205765315,-0.0119600404517026,1.393708246205614,1.635127384636478,1.1732207146568374,0.3846153846153846,0.3269230769230769,0.6153846153846154,0.0576923076923076,7.326923076923077,0.0610215511782468,-0.0368422692361176,validation
2026,300,0.8,dd_regime,MEDIUM_-5_TO_-10PCT,1,-0.0261655073361918,-0.0261655073361918,0.0,0.0,0.0261655073361918,0.0,0.0,1.0,0.0,1.0,0.0031488677475546,-0.0581535575505827,validation
2026,300,0.8,dd_regime,SHALLOW_GT_-5PCT,87,0.0086964803095338,-0.0098666161242602,1.391261433662279,2.6903233136236264,1.9337295266941807,0.367816091954023,0.3103448275862069,0.6091954022988506,0.0804597701149425,8.459770114942529,0.0565261904568802,-0.0341224285938907,validation
2026,300,0.8,abs_regime,CALM_UPTREND,40,0.0093347499206389,-0.0067523031352316,1.4523898435613287,1.1987621888406017,0.8253721920150446,0.375,0.3,0.575,0.125,10.1,0.0513770955892068,-0.0314158861972403,validation
2026,300,0.8,abs_regime,STRESS_REVERSAL,14,-0.0136558101150702,-0.0372940474202926,0.6523638952610193,0.3587653958101211,0.5499467374211051,0.2142857142857142,0.1428571428571428,0.7857142857142857,0.0714285714285714,4.857142857142857,0.0607190202813433,-0.0548787390642009,validation
2026,300,0.8,abs_regime,VOLATILE_UPTREND,34,0.0161241065993729,-0.0071110490870112,1.937807105131711,1.1327957289729036,0.584576104594223,0.4117647058823529,0.3823529411764705,0.5882352941176471,0.0294117647058823,7.794117647058823,0.0592875685290898,-0.0294666779538426,validation
2026,300,0.8,trend_x_vol,ABOVE_MA200|LOW_LE_30PCT,36,0.0074589336003781,-0.0088323787179742,1.3413377086307443,1.0551959289871484,0.7866743193735354,0.3333333333333333,0.2777777777777778,0.6111111111111112,0.1111111111111111,9.88888888888889,0.048550188228536,-0.0308613012483599,validation
2026,300,0.8,trend_x_vol,ABOVE_MA200|MID_30_TO_70PCT,51,0.0095700426924673,-0.0102128913241489,1.4255001626782189,1.635127384636478,1.147055207320646,0.392156862745098,0.3333333333333333,0.6078431372549019,0.0588235294117647,7.450980392156863,0.0621563096768878,-0.0364244008377948,validation
2026,300,0.8,trend_x_vol,BELOW_MA200|MID_30_TO_70PCT,1,-0.0261655073361918,-0.0261655073361918,0.0,0.0,0.0261655073361918,0.0,0.0,1.0,0.0,1.0,0.0031488677475546,-0.0581535575505827,validation
2026,300,0.8,trend_x_dd,ABOVE_MA200|SHALLOW_GT_-5PCT,87,0.0086964803095338,-0.0098666161242602,1.391261433662279,2.6903233136236264,1.9337295266941807,0.367816091954023,0.3103448275862069,0.6091954022988506,0.0804597701149425,8.459770114942529,0.0565261904568802,-0.0341224285938907,validation
2026,300,0.8,trend_x_dd,BELOW_MA200|MEDIUM_-5_TO_-10PCT,1,-0.0261655073361918,-0.0261655073361918,0.0,0.0,0.0261655073361918,0.0,0.0,1.0,0.0,1.0,0.0031488677475546,-0.0581535575505827,validation
2026,500,0.6,trend,ABOVE_MA200,174,-0.002071632058841,-0.0130807686964433,0.9096661596026362,3.629889765748633,3.990353743986976,0.3735632183908046,0.2988505747126437,0.6149425287356322,0.0862068965517241,7.482758620689655,0.0418105655626976,-0.0364102138961613,validation
2026,500,0.6,trend,BELOW_MA200,1,-0.0261655073361918,-0.0261655073361918,0.0,0.0,0.0261655073361918,0.0,0.0,1.0,0.0,1.0,0.0031488677475546,-0.0581535575505827,validation
2026,500,0.6,vol_regime,LOW_LE_30PCT,78,-0.003029635385677,-0.011178315855229,0.8530795430768816,1.372120410738444,1.6084319708212542,0.3717948717948718,0.2692307692307692,0.6025641025641025,0.1282051282051282,8.615384615384615,0.0362954347145431,-0.0305896667250231,validation
2026,500,0.6,vol_regime,MID_30_TO_70PCT,97,-0.0015496693349662,-0.0150083937322944,0.937577874893142,2.257769355010189,2.408087280501913,0.3711340206185567,0.3195876288659793,0.6288659793814433,0.0515463917525773,6.505154639175258,0.0458468388445626,-0.0413148120714521,validation
2026,500,0.6,dd_regime,MEDIUM_-5_TO_-10PCT,1,-0.0261655073361918,-0.0261655073361918,0.0,0.0,0.0261655073361918,0.0,0.0,1.0,0.0,1.0,0.0031488677475546,-0.0581535575505827,validation
2026,500,0.6,dd_regime,SHALLOW_GT_-5PCT,174,-0.002071632058841,-0.0130807686964433,0.9096661596026362,3.629889765748633,3.990353743986976,0.3735632183908046,0.2988505747126437,0.6149425287356322,0.0862068965517241,7.482758620689655,0.0418105655626976,-0.0364102138961613,validation
2026,500,0.6,abs_regime,CALM_UPTREND,86,-0.00094732395672,-0.0083324767879526,0.9521974348659364,1.6228290627911033,1.7042989230690249,0.4069767441860465,0.3023255813953488,0.5697674418604651,0.127906976744186,8.465116279069768,0.0389078612401316,-0.031580076793617,validation
2026,500,0.6,abs_regime,STRESS_REVERSAL,29,-0.020363132804863,-0.0261655073361918,0.4147372723123728,0.4184704456905039,1.0090012970315323,0.1379310344827586,0.1034482758620689,0.8620689655172413,0.0344827586206896,5.068965517241379,0.0392872375242442,-0.0508447707694242,validation
2026,500,0.6,abs_regime,VOLATILE_UPTREND,60,0.0047561871007402,-0.0089486670993653,1.218974108885362,1.5885902572670256,1.30321903122261,0.4333333333333333,0.3833333333333333,0.5666666666666667,0.05,7.133333333333334,0.0465463553467089,-0.0367190969819715,validation
2026,500,0.6,trend_x_vol,ABOVE_MA200|LOW_LE_30PCT,78,-0.003029635385677,-0.011178315855229,0.8530795430768816,1.372120410738444,1.6084319708212542,0.3717948717948718,0.2692307692307692,0.6025641025641025,0.1282051282051282,8.615384615384615,0.0362954347145431,-0.0305896667250231,validation
2026,500,0.6,trend_x_vol,ABOVE_MA200|MID_30_TO_70PCT,96,-0.0012932543557867,-0.0143577916557753,0.9478772058955884,2.257769355010189,2.381921773165721,0.375,0.3229166666666667,0.625,0.0520833333333333,6.5625,0.0462916093768231,-0.0411394084727112,validation
2026,500,0.6,trend_x_vol,BELOW_MA200|MID_30_TO_70PCT,1,-0.0261655073361918,-0.0261655073361918,0.0,0.0,0.0261655073361918,0.0,0.0,1.0,0.0,1.0,0.0031488677475546,-0.0581535575505827,validation
2026,500,0.6,trend_x_dd,ABOVE_MA200|SHALLOW_GT_-5PCT,174,-0.002071632058841,-0.0130807686964433,0.9096661596026362,3.629889765748633,3.990353743986976,0.3735632183908046,0.2988505747126437,0.6149425287356322,0.0862068965517241,7.482758620689655,0.0418105655626976,-0.0364102138961613,validation
2026,500,0.6,trend_x_dd,BELOW_MA200|MEDIUM_-5_TO_-10PCT,1,-0.0261655073361918,-0.0261655073361918,0.0,0.0,0.0261655073361918,0.0,0.0,1.0,0.0,1.0,0.0031488677475546,-0.0581535575505827,validation
2026,500,0.8,trend,ABOVE_MA200,175,-0.001711517216382,-0.0150083937322944,0.9307438060336634,4.025231426193191,4.324746939060054,0.3428571428571428,0.2228571428571428,0.64,0.1371428571428571,8.92,0.0489384706729262,-0.0385022863552601,validation
2026,500,0.8,trend,BELOW_MA200,1,-0.0261655073361918,-0.0261655073361918,0.0,0.0,0.0261655073361918,0.0,0.0,1.0,0.0,1.0,0.0031488677475546,-0.0581535575505827,validation
2026,500,0.8,vol_regime,LOW_LE_30PCT,78,0.001049123544204,-0.0137330085861889,1.0495312382880189,1.733953393874479,1.652121757426564,0.3461538461538461,0.2051282051282051,0.6153846153846154,0.1794871794871795,9.717948717948715,0.0444907561523039,-0.0318388982691101,validation
2026,500,0.8,vol_regime,MID_30_TO_70PCT,98,-0.0041582924148058,-0.0164633447017933,0.8490017553726823,2.2912780323187114,2.6987906889696838,0.336734693877551,0.2346938775510204,0.6632653061224489,0.1020408163265306,8.204081632653061,0.052011247506428,-0.0440063224972502,validation
2026,500,0.8,dd_regime,MEDIUM_-5_TO_-10PCT,1,-0.0261655073361918,-0.0261655073361918,0.0,0.0,0.0261655073361918,0.0,0.0,1.0,0.0,1.0,0.0031488677475546,-0.0581535575505827,validation
2026,500,0.8,dd_regime,SHALLOW_GT_-5PCT,175,-0.001711517216382,-0.0150083937322944,0.9307438060336634,4.025231426193191,4.324746939060054,0.3428571428571428,0.2228571428571428,0.64,0.1371428571428571,8.92,0.0489384706729262,-0.0385022863552601,validation
2026,500,0.8,abs_regime,CALM_UPTREND,86,0.0031289289289951,-0.011178315855229,1.153941433605551,2.017076597567918,1.7479887096743345,0.3837209302325581,0.2209302325581395,0.5813953488372093,0.1976744186046511,9.988372093023257,0.0475310299480901,-0.0327131007522076,validation
2026,500,0.8,abs_regime,STRESS_REVERSAL,29,-0.019110022443425,-0.0261655073361918,0.4507532819930484,0.4548106461722059,1.0090012970315323,0.1379310344827586,0.1034482758620689,0.8620689655172413,0.0344827586206896,5.206896551724138,0.0397643686728817,-0.0508447707694242,validation
2026,500,0.8,abs_regime,VOLATILE_UPTREND,61,-0.0006652173317592,-0.0165393771706543,0.9745418872167986,1.5533441824530667,1.59392243969038,0.3770491803278688,0.2786885245901639,0.6229508196721312,0.0983606557377049,9.049180327868852,0.0545335404665627,-0.041118502503573,validation
2026,500,0.8,trend_x_vol,ABOVE_MA200|LOW_LE_30PCT,78,0.001049123544204,-0.0137330085861889,1.0495312382880189,1.733953393874479,1.652121757426564,0.3461538461538461,0.2051282051282051,0.6153846153846154,0.1794871794871795,9.717948717948715,0.0444907561523039,-0.0318388982691101,validation
2026,500,0.8,trend_x_vol,ABOVE_MA200|MID_30_TO_70PCT,97,-0.0039314139104616,-0.0163873122329324,0.857313643553376,2.2912780323187114,2.6726251816334914,0.3402061855670103,0.2371134020618556,0.6597938144329897,0.1030927835051546,8.278350515463918,0.0525149833802308,-0.0438604747131952,validation
2026,500,0.8,trend_x_vol,BELOW_MA200|MID_30_TO_70PCT,1,-0.0261655073361918,-0.0261655073361918,0.0,0.0,0.0261655073361918,0.0,0.0,1.0,0.0,1.0,0.0031488677475546,-0.0581535575505827,validation
2026,500,0.8,trend_x_dd,ABOVE_MA200|SHALLOW_GT_-5PCT,175,-0.001711517216382,-0.0150083937322944,0.9307438060336634,4.025231426193191,4.324746939060054,0.3428571428571428,0.2228571428571428,0.64,0.1371428571428571,8.92,0.0489384706729262,-0.0385022863552601,validation
2026,500,0.8,trend_x_dd,BELOW_MA200|MEDIUM_-5_TO_-10PCT,1,-0.0261655073361918,-0.0261655073361918,0.0,0.0,0.0261655073361918,0.0,0.0,1.0,0.0,1.0,0.0031488677475546,-0.0581535575505827,validation
