rank_cap,target_fraction,state_dimension,state,portfolio_lane,period,segments,compounded_segment_return,positive_segments,avg_segment_return,avg_sharpe,worst_segment_mdd,avg_exposure,total_trades,avg_pf,yearly_return
300,0.6,ALL,ALL,baseline,discovery,4,-0.16039864888918542,2,-0.030051257687204222,-0.15074262504189045,-0.2720329161831671,0.4127338955628342,736,1.1009290798071818,"{'2019': 0.1490017230463298, '2020': -0.094937752527957, '2021': 0.073958124175897, '2022': -0.2482271254430867}"
300,0.6,ALL,ALL,baseline,validation,4,0.3459807454614483,2,0.08596258879488874,1.0250927931178906,-0.1027975480639838,0.42047249811919724,518,1.5441231592148879,"{'2023': -0.0003735549370942, '2024': -0.0328611320244912, '2025': 0.3313683032256924, '2026': 0.045716738915448}"
300,0.6,abs_regime,CALM_UPTREND,exclude,discovery,3,0.1939757985250774,2,0.06531190739301686,0.881776153825204,-0.1888225818770805,0.33162033629287113,404,1.5924822393020213,"{'2019': 0.1418253313185611, '2020': -0.0687022093121486, '2021': 0.1228126001726381}"
300,0.6,abs_regime,CALM_UPTREND,exclude,validation,4,0.38708660145651375,3,0.09227890716914465,0.8726067807807882,-0.0810367950866681,0.33643914561811783,435,1.545599287313009,"{'2023': -0.0012692725766272, '2024': 0.0275999441191827, '2025': 0.3149665898035743, '2026': 0.0278183673304488}"
300,0.6,abs_regime,CALM_UPTREND,include,discovery,3,-0.05854977590558308,0,-0.019904385391282035,-0.6149102886829769,-0.0737679185351489,0.12020216852603637,115,0.6860187195134776,"{'2019': -0.0210395773004044, '2020': -0.0234222693300596, '2021': -0.0152513095433821}"
300,0.6,abs_regime,CALM_UPTREND,include,validation,4,-0.023666001829349192,2,-0.004861733456714101,0.4610799078444766,-0.0975927050013568,0.1325171683077822,126,1.1591917889958272,"{'2023': -0.00759409618461, '2024': -0.0796449190949709, '2025': 0.0334381806550616, '2026': 0.0343539007976629}"
300,0.6,abs_regime,CALM_WEAK,exclude,discovery,2,0.2289405903245012,2,0.10914202961984751,1.1494403030125246,-0.0770696609249593,0.507823550090484,366,1.61131965654587,"{'2019': 0.1445743812879709, '2021': 0.0737096779517241}"
300,0.6,abs_regime,CALM_WEAK,exclude,validation,2,0.31828175229825817,1,0.16076945186532793,0.5272490948867106,-0.0777479863170204,0.42844012504290097,320,1.6832414431884466,"{'2023': -0.0098293994950365, '2025': 0.3313683032256924}"
300,0.6,abs_regime,CALM_WEAK,include,discovery,2,0.0011308061266990244,1,0.00057058033994735,0.26417330771142594,-0.0033098933868277,0.0023812512085328,2,0.0,"{'2019': 0.0038386248806629, '2021': -0.0026974642007682}"
300,0.6,abs_regime,CALM_WEAK,include,validation,2,0.004855748941395843,2,0.00242617361731755,0.5860513170909095,-0.0303118957837567,0.028995452652321403,16,0.9347812063339545,"{'2023': 0.0008499085188318, '2025': 0.0040024387158033}"
300,0.6,abs_regime,STRESS_REVERSAL,exclude,discovery,4,0.03991018625429543,2,0.015273818119048668,-0.12948073224522055,-0.1149466674039355,0.26111657424198553,385,1.1191109603559501,"{'2019': 0.1792748576513831, '2020': -0.0221350353727494, '2021': 0.0189021176014965, '2022': -0.1149466674039355}"
300,0.6,abs_regime,STRESS_REVERSAL,exclude,validation,4,0.10043826062559957,2,0.036080428592244335,0.4773176550904268,-0.1568610645210392,0.3317277772633484,347,1.5464426896401997,"{'2023': -0.0607227895027217, '2024': -0.1303075886295814, '2025': 0.2955336231677532, '2026': 0.0398184693335272}"
300,0.6,abs_regime,STRESS_REVERSAL,include,discovery,4,-0.19363217566868762,2,-0.04559739861874953,-0.15252677138866266,-0.259595375594855,0.19814023653838642,399,1.2483241682712138,"{'2019': 0.0308210603334897, '2020': -0.0766710517053724, '2021': 0.0763210539010375, '2022': -0.2128606570041529}"
300,0.6,abs_regime,STRESS_REVERSAL,include,validation,4,0.18165384905520932,4,0.0431160241061253,0.9145470191494705,-0.063314123952333,0.13833285666537892,217,1.7903640855710041,"{'2023': 0.0277647981899624, '2024': 0.095280627724515, '2025': 0.0424543200749998, '2026': 0.006964350435024}"
300,0.6,abs_regime,VOLATILE_UPTREND,exclude,discovery,4,-0.17721979453466585,2,-0.03921824429764073,-0.23547603802074155,-0.259595375594855,0.2980800566331213,549,1.0935744175265416,"{'2019': 0.1088301018880839, '2020': -0.0983192807036528, '2021': 0.0454768586291589, '2022': -0.2128606570041529}"
300,0.6,abs_regime,VOLATILE_UPTREND,exclude,validation,4,0.1717537501285773,4,0.040740838899689776,1.2284519266016085,-0.0672085163772799,0.2760049497312962,348,1.5282013498690294,"{'2023': 0.0295002964868715, '2024': 0.0105579462955525, '2025': 0.0813425051365572, '2026': 0.0415626076797779}"
300,0.6,abs_regime,VOLATILE_UPTREND,include,discovery,4,-0.009511096077628123,3,0.0001348370713074032,-0.11849205548310993,-0.1149466674039355,0.17221551275103839,244,1.0696201139725752,"{'2019': 0.0580596842387506, '2020': 0.0056370649849861, '2021': 0.0517892664654284, '2022': -0.1149466674039355}"
300,0.6,abs_regime,VOLATILE_UPTREND,include,validation,4,0.12250233138579447,2,0.038618130340286175,0.1565970255878772,-0.1056663013521989,0.23270638034632718,249,1.5636874789456783,"{'2023': -0.0693369141125064, '2024': -0.0775005183398506, '2025': 0.279287044976044, '2026': 0.0220229088374577}"
300,0.6,dd_regime,DEEP_LE_-10PCT,exclude,discovery,2,-0.27733505827777494,0,-0.14645407447006745,-1.5971128023148724,-0.2419151102560103,0.22207437343287817,277,0.5418290146510051,"{'2020': -0.0698009253728245, '2022': -0.2231072235673104}"
300,0.6,dd_regime,DEEP_LE_-10PCT,exclude,validation,1,0.3109471815121694,1,0.3109471815121694,1.051325032507964,-0.0681658567862734,0.3432648586535603,137,2.321089988551856,{'2025': 0.3109471815121694}
300,0.6,dd_regime,DEEP_LE_-10PCT,include,discovery,2,-0.07838981876734064,0,-0.03990822898847245,-0.6441600906150046,-0.1295287848840626,0.1023172626729142,98,0.511609902484927,"{'2020': -0.0270230618808202, '2022': -0.0527933960961247}"
300,0.6,dd_regime,DEEP_LE_-10PCT,include,validation,1,0.015587701393156905,1,0.0155877013931569,1.618791036200444,-0.0047632331270262,0.0168532902761334,4,,{'2025': 0.0155877013931569}
300,0.6,dd_regime,MEDIUM_-5_TO_-10PCT,exclude,discovery,4,0.03535349705265012,2,0.013818102160715894,0.1136211597726916,-0.1327291818960078,0.3650206844113798,579,1.0985943870249075,"{'2019': 0.128962599014885, '2020': -0.0593681040885043, '2021': 0.0965855495375846, '2022': -0.1109076358211017}"
300,0.6,dd_regime,MEDIUM_-5_TO_-10PCT,exclude,validation,4,0.30070385895131757,2,0.07921697019830073,0.8940193643406138,-0.0994852498805041,0.392058270172165,464,1.565389711020972,"{'2023': -0.0183230513826501, '2024': -0.0635106403546073, '2025': 0.3529848336150123, '2026': 0.045716738915448}"
300,0.6,dd_regime,MEDIUM_-5_TO_-10PCT,include,discovery,4,-0.19073544374242213,2,-0.046124775416027025,-0.21511076420036374,-0.2076363834435021,0.07240506486231277,198,3.6112807924774297,"{'2019': 0.0620940375395502, '2020': -0.0460556507898106, '2021': 0.0035485630738927, '2022': -0.2040860514877404}"
300,0.6,dd_regime,MEDIUM_-5_TO_-10PCT,include,validation,4,0.12648190924218272,2,0.030823982229459618,0.8952539442245558,-0.0439574682119183,0.052694380136904626,72,7.885238749946968,"{'2023': 0.0600295932777592, '2024': 0.0713556928582141, '2025': -0.0080893572181348, '2026': 0.0}"
300,0.6,dd_regime,SHALLOW_GT_-5PCT,exclude,discovery,4,-0.11312624440017915,2,-0.015464818704150826,0.22228312610785528,-0.2576370444490431,0.16796485707887232,357,2.0046221322327766,"{'2019': 0.2362435881568452, '2020': -0.0718341479693762, '2021': 0.0035485630738927, '2022': -0.229817278077965}"
300,0.6,dd_regime,SHALLOW_GT_-5PCT,exclude,validation,4,0.1440538983144659,3,0.03469218526775114,1.033231698060831,-0.0465946096493484,0.0568800005488882,76,8.019324604887743,"{'2023': 0.0600295932777592, '2024': 0.0713556928582141, '2025': 0.0073834549350313, '2026': 0.0}"
300,0.6,dd_regime,SHALLOW_GT_-5PCT,include,discovery,4,-0.039862171361900955,1,-0.008283695510387278,-0.28862231461050675,-0.084070189446604,0.26691394951144276,416,0.8831693531853307,"{'2019': -0.0351307396570309, '2020': -0.0332433801259545, '2021': 0.0965855495375846, '2022': -0.0613462117961483}"
300,0.6,dd_regime,SHALLOW_GT_-5PCT,include,validation,4,0.28076770828040054,2,0.07403260226689448,0.8808278746236199,-0.0994852498805041,0.3878450882055212,460,1.548016160870937,"{'2023': -0.0183230513826501, '2024': -0.0635106403546073, '2025': 0.3322473618893873, '2026': 0.045716738915448}"
300,0.6,trend,ABOVE_MA200,exclude,discovery,4,-0.10595747434664071,1,-0.019787339825792723,-0.37260533475656404,-0.214539585942194,0.21227950390622854,384,0.9287103579196465,"{'2019': 0.1462148090139114, '2020': -0.0270230618808202, '2021': 0.0, '2022': -0.1983411064362621}"
300,0.6,trend,ABOVE_MA200,exclude,validation,4,0.08243604013143724,2,0.02044355303142025,0.8927620051921336,-0.0329083199173984,0.035755123618100626,49,2.047372874834071,"{'2023': 0.0726664615698005, '2024': 0.0, '2025': 0.0091077505558805, '2026': 0.0}"
300,0.6,trend,ABOVE_MA200,include,discovery,4,-0.09230188651307036,2,-0.021626229086924048,-0.2625249959435024,-0.1693275108321126,0.20838872194120273,359,0.9183264188384072,"{'2019': 0.007407812233491, '2020': -0.0698009253728245, '2021': 0.073958124175897, '2022': -0.0980699273842597}"
300,0.6,trend,ABOVE_MA200,include,validation,4,0.2785850076941023,2,0.07178187122695932,0.9209565411977607,-0.1027975480639838,0.39462863005873283,483,1.5036935080723532,"{'2023': -0.0327061727059443, '2024': -0.0328611320244912, '2025': 0.3069780507228248, '2026': 0.045716738915448}"
300,0.6,trend,BELOW_MA200,exclude,discovery,2,-0.16102548107441705,0,-0.0839354263785421,-1.152005231037595,-0.1693275108321126,0.1603395133818678,190,0.5367076398082006,"{'2020': -0.0698009253728245, '2022': -0.0980699273842597}"
300,0.6,trend,BELOW_MA200,exclude,validation,3,0.32202835604212354,2,0.10666287231077616,1.3267741807613296,-0.0720089859766249,0.38525947034057384,334,1.6953940883803218,"{'2023': -0.0327061727059443, '2025': 0.3069780507228248, '2026': 0.045716738915448}"
300,0.6,trend,BELOW_MA200,include,discovery,2,-0.22000438432434488,0,-0.11268208415854115,-1.2672283944095133,-0.214539585942194,0.16625270251129515,184,0.4081536615170357,"{'2020': -0.0270230618808202, '2022': -0.1983411064362621}"
300,0.6,trend,BELOW_MA200,include,validation,3,0.08243604013143724,2,0.027258070708560334,0.8927620051921336,-0.0329083199173984,0.0476734981574675,49,2.047372874834071,"{'2023': 0.0726664615698005, '2025': 0.0091077505558805, '2026': 0.0}"
300,0.6,trend_x_dd,ABOVE_MA200|MEDIUM_-5_TO_-10PCT,exclude,discovery,3,-0.19591715240249374,1,-0.0610807477074975,-0.5318972588637831,-0.2451447685410515,0.3196085872287115,437,0.8303555061132785,"{'2020': -0.0593681040885043, '2021': 0.0965855495375846, '2022': -0.2204596885715728}"
300,0.6,trend_x_dd,ABOVE_MA200|MEDIUM_-5_TO_-10PCT,exclude,validation,3,0.2675986387756042,2,0.09589442488771677,0.19690239750953845,-0.0994852498805041,0.4148429238768447,446,1.4560008375959412,"{'2023': 0.0068846958315023, '2024': -0.0635106403546073, '2025': 0.3443092191862553}"
300,0.6,trend_x_dd,ABOVE_MA200|MEDIUM_-5_TO_-10PCT,include,discovery,3,-0.1200252359705325,1,-0.04110323124398094,-0.5974061845611521,-0.1103669598108419,0.046860075013231396,102,0.7887905579378081,"{'2020': -0.0460556507898106, '2021': 0.0035485630738927, '2022': -0.0808026060160249}"
300,0.6,trend_x_dd,ABOVE_MA200|MEDIUM_-5_TO_-10PCT,include,validation,3,0.07417999271366593,2,0.024715561923366935,0.5945853357125861,-0.0346595624315719,0.041378164866714466,45,7.690919827379215,"{'2023': 0.0139153930214734, '2024': 0.0713556928582141, '2025': -0.0111244001095867}"
300,0.6,trend_x_dd,ABOVE_MA200|SHALLOW_GT_-5PCT,exclude,discovery,4,-0.19166012487809447,2,-0.04123800370192885,-0.2726290215845738,-0.2559604288242069,0.24294229738885031,484,1.1101302795480608,"{'2019': 0.1462148090139114, '2020': -0.0718341479693762, '2021': 0.0035485630738927, '2022': -0.2428812389261433}"
300,0.6,trend_x_dd,ABOVE_MA200|SHALLOW_GT_-5PCT,exclude,validation,4,0.15254681153087635,3,0.0366594744303943,1.0496957391939328,-0.0465946096493484,0.06284555307957815,88,8.093511248566623,"{'2023': 0.0678987499283318, '2024': 0.0713556928582141, '2025': 0.0073834549350313, '2026': 0.0}"
300,0.6,trend_x_dd,ABOVE_MA200|SHALLOW_GT_-5PCT,include,discovery,4,0.023892666236319915,2,0.007366202570730349,-0.04020467571879893,-0.082607640936773,0.1828291001404079,279,0.9286369622912634,"{'2019': 0.007407812233491, '2020': -0.0332433801259545, '2021': 0.0965855495375846, '2022': -0.0412851713621997}"
300,0.6,trend_x_dd,ABOVE_MA200|SHALLOW_GT_-5PCT,include,validation,4,0.23869992796352757,2,0.06597162252217176,0.7782824400253694,-0.0994852498805041,0.37615230889661067,449,1.5198434462940797,"{'2023': -0.050566970361541, '2024': -0.0635106403546073, '2025': 0.3322473618893873, '2026': 0.045716738915448}"
300,0.6,trend_x_dd,BELOW_MA200|DEEP_LE_-10PCT,exclude,discovery,2,-0.27733505827777494,0,-0.14645407447006745,-1.5971128023148724,-0.2419151102560103,0.22207437343287817,277,0.5418290146510051,"{'2020': -0.0698009253728245, '2022': -0.2231072235673104}"
300,0.6,trend_x_dd,BELOW_MA200|DEEP_LE_-10PCT,exclude,validation,1,0.3109471815121694,1,0.3109471815121694,1.051325032507964,-0.0681658567862734,0.3432648586535603,137,2.321089988551856,{'2025': 0.3109471815121694}
300,0.6,trend_x_dd,BELOW_MA200|DEEP_LE_-10PCT,include,discovery,2,-0.07838981876734064,0,-0.03990822898847245,-0.6441600906150046,-0.1295287848840626,0.1023172626729142,98,0.511609902484927,"{'2020': -0.0270230618808202, '2022': -0.0527933960961247}"
300,0.6,trend_x_dd,BELOW_MA200|DEEP_LE_-10PCT,include,validation,1,0.015587701393156905,1,0.0155877013931569,1.618791036200444,-0.0047632331270262,0.0168532902761334,4,,{'2025': 0.0155877013931569}
300,0.6,trend_x_dd,BELOW_MA200|MEDIUM_-5_TO_-10PCT,exclude,discovery,1,-0.16356864770167223,0,-0.1635686477016722,-1.584260125201387,-0.1840977018562768,0.2988760838596963,168,0.4107053633257782,{'2022': -0.1635686477016722}
300,0.6,trend_x_dd,BELOW_MA200|MEDIUM_-5_TO_-10PCT,exclude,validation,3,0.3882719900791325,3,0.1244162932490898,1.4641556665099642,-0.0754926335602154,0.4064524661895956,349,1.7479565406243098,"{'2023': 0.0001443208777023, '2025': 0.3273878199541191, '2026': 0.045716738915448}"
300,0.6,trend_x_dd,BELOW_MA200|MEDIUM_-5_TO_-10PCT,include,discovery,1,-0.15726352069892102,0,-0.157263520698921,-2.2185389145350127,-0.163525194507455,0.1226848554629403,85,0.1811501132693901,{'2022': -0.157263520698921}
300,0.6,trend_x_dd,BELOW_MA200|MEDIUM_-5_TO_-10PCT,include,validation,3,0.058009523914871686,1,0.019473413721904365,0.5529406316460334,-0.0277572368072368,0.0341237445126965,33,1.5821275787626068,"{'2023': 0.0647621724970071, '2025': -0.006341931331294, '2026': 0.0}"
300,0.6,trend_x_dd,BELOW_MA200|SHALLOW_GT_-5PCT,exclude,discovery,1,-0.24006685420197726,0,-0.2400668542019773,-2.0992283299666035,-0.2784458285160714,0.3591951508341802,234,0.3556250216579617,{'2022': -0.2400668542019773}
300,0.6,trend_x_dd,BELOW_MA200|SHALLOW_GT_-5PCT,exclude,validation,1,-0.015334637444848642,0,-0.0153346374448486,-0.1017442134401622,-0.084354544911598,0.5066695478099489,176,0.896978036032005,{'2023': -0.0153346374448486}
300,0.6,trend_x_dd,BELOW_MA200|SHALLOW_GT_-5PCT,include,discovery,1,-0.027084855872162916,0,-0.0270848558721629,-1.118533538005181,-0.031384763368176,0.0291624480604201,10,0.3686924671437533,{'2022': -0.0270848558721629}
300,0.6,trend_x_dd,BELOW_MA200|SHALLOW_GT_-5PCT,include,validation,1,0.02622777737307791,1,0.0262277773730779,0.9184501054615836,-0.0146826768700299,0.0490145564268651,13,2.09331738712486,{'2023': 0.0262277773730779}
300,0.6,trend_x_vol,ABOVE_MA200|HIGH_GE_70PCT,exclude,discovery,4,-0.018109695012746285,3,0.006370598374384501,0.16369838949596727,-0.2399608685560001,0.38786044729594427,642,1.2309275847624959,"{'2019': 0.1504764082677683, '2020': 0.0250245918475102, '2021': 0.0765818218283256, '2022': -0.2266004284460661}"
300,0.6,trend_x_vol,ABOVE_MA200|HIGH_GE_70PCT,exclude,validation,3,0.1656871002214504,2,0.06277439892348378,-0.033278254670530916,-0.1052531631057243,0.36618572792427795,370,1.47335727941792,"{'2023': 0.0015867148534953, '2024': -0.0844341577668607, '2025': 0.2711706396838167}"
300,0.6,trend_x_vol,ABOVE_MA200|HIGH_GE_70PCT,include,discovery,4,-0.20400179714981925,1,-0.053636561779762074,-0.7424414373014379,-0.1444149142357434,0.043110506347453226,110,0.5755376485073628,"{'2019': 0.0003285709676428, '2020': -0.1397634832293808, '2021': -0.0018036739429615, '2022': -0.0733076609143488}"
300,0.6,trend_x_vol,ABOVE_MA200|HIGH_GE_70PCT,include,validation,3,0.06345458553488514,2,0.021042318651092063,0.2224243497988275,-0.0488325732064327,0.09135415989749923,129,1.0246468891657832,"{'2023': -0.0148410941878139, '2024': 0.0354307136706035, '2025': 0.0425373364704866}"
300,0.6,trend_x_vol,ABOVE_MA200|LOW_LE_30PCT,exclude,discovery,3,0.20456484220833637,2,0.06934291590193808,1.0036484330777462,-0.1888225818770805,0.3351496946314783,405,1.6404588472800636,"{'2019': 0.1427439309800997, '2020': -0.0780449314308481, '2021': 0.1433297481565627}"
300,0.6,trend_x_vol,ABOVE_MA200|LOW_LE_30PCT,exclude,validation,4,0.4961256661283291,4,0.11245730557934117,1.266264123241498,-0.075770287759659,0.255042964553857,320,1.7937022232696078,"{'2023': 0.0489673894814839, '2024': 0.0318546927207783, '2025': 0.3287107212580145, '2026': 0.040296418857088}"
300,0.6,trend_x_vol,ABOVE_MA200|LOW_LE_30PCT,include,discovery,3,-0.025559612353507122,1,-0.008530405752883266,-0.24888302753523192,-0.0714188286404503,0.11215588438772346,107,1.0120445457375826,"{'2019': 0.0064972850140248, '2020': -0.0203887680702981, '2021': -0.0116997342023765}"
300,0.6,trend_x_vol,ABOVE_MA200|LOW_LE_30PCT,include,validation,4,-0.11151895148060487,2,-0.027789547229235344,0.2566098458103473,-0.0986807494936576,0.22411408573795885,250,1.1966456101156426,"{'2023': -0.0850310052842653, '2024': -0.0720346215402463, '2025': 0.020784238799911, '2026': 0.0251231991076592}"
300,0.6,trend_x_vol,ABOVE_MA200|MID_30_TO_70PCT,exclude,discovery,4,-0.28395198558408696,1,-0.06877753405746935,-0.677329657670633,-0.2520197831092315,0.332008948381908,594,0.8523367568984324,"{'2019': 0.1459352557688777, '2020': -0.1800013645701459, '2021': -0.0134844993458287, '2022': -0.2275595280827805}"
300,0.6,trend_x_vol,ABOVE_MA200|MID_30_TO_70PCT,exclude,validation,4,0.03636697949140899,2,0.010145974979986299,0.8309134587148974,-0.091986799240271,0.3229095985884191,419,1.4046079878289426,"{'2023': -0.0354057794503127, '2024': -0.0331939929417108, '2025': 0.0840604732043095, '2026': 0.0251231991076592}"
300,0.6,trend_x_vol,ABOVE_MA200|MID_30_TO_70PCT,include,discovery,4,0.18285022441973564,2,0.04523681414832887,0.23471059528076665,-0.037509346454627,0.10844747432342372,167,1.2159874377382827,"{'2019': -0.0044491662201695, '2020': 0.0746906561052576, '2021': 0.1459529344136581, '2022': -0.0352471677054307}"
300,0.6,trend_x_vol,ABOVE_MA200|MID_30_TO_70PCT,include,validation,4,0.29633585330756307,3,0.07226383726647741,0.9169499647997603,-0.0727258430121641,0.17069080640274878,172,1.9538649437102058,"{'2023': 0.0156450893187107, '2024': -0.0240599793154089, '2025': 0.2571738202055198, '2026': 0.040296418857088}"
300,0.6,trend_x_vol,BELOW_MA200|HIGH_GE_70PCT,exclude,discovery,2,-0.1587220745387633,0,-0.08269730079957555,-0.9447511538963167,-0.1693275108321126,0.19713007005926042,221,0.608324116811087,"{'2020': -0.0698009253728245, '2022': -0.0955936762263266}"
300,0.6,trend_x_vol,BELOW_MA200|HIGH_GE_70PCT,exclude,validation,1,0.3069780507228248,1,0.3069780507228248,1.0443969473076882,-0.06823016458143,0.3274683392078911,132,2.3806896395067465,{'2025': 0.3069780507228248}
300,0.6,trend_x_vol,BELOW_MA200|HIGH_GE_70PCT,include,discovery,2,-0.20791975482879055,0,-0.1064719526425185,-1.2949236043877919,-0.1999551516950085,0.1358176510259104,155,0.3860047305631404,"{'2020': -0.0270230618808202, '2022': -0.1859208434042168}"
300,0.6,trend_x_vol,BELOW_MA200|HIGH_GE_70PCT,include,validation,1,0.009107750555880534,1,0.0091077505558805,0.3896321965475773,-0.0267114268783332,0.0342207919137261,11,1.4023069882298165,{'2025': 0.0091077505558805}
300,0.6,trend_x_vol,BELOW_MA200|LOW_LE_30PCT,exclude,discovery,1,-0.24822712544308667,0,-0.2482271254430867,-2.1433620225451384,-0.2720329161831671,0.3787813077847932,240,0.3641569471272334,{'2022': -0.2482271254430867}
300,0.6,trend_x_vol,BELOW_MA200|LOW_LE_30PCT,exclude,validation,1,-0.04548173608194306,0,-0.045481736081943,-0.4397343108786087,-0.0720089859766249,0.463946898327115,165,0.8116452999024865,{'2023': -0.045481736081943}
300,0.6,trend_x_vol,BELOW_MA200|LOW_LE_30PCT,include,discovery,1,0.0,0,0.0,,0.0,0.0,0,,{'2022': 0.0}
300,0.6,trend_x_vol,BELOW_MA200|LOW_LE_30PCT,include,validation,1,0.04863759445741844,1,0.0486375944574184,1.0945505236532658,-0.0329083199173984,0.0830330636524829,26,3.512281785251789,{'2023': 0.0486375944574184}
300,0.6,trend_x_vol,BELOW_MA200|MID_30_TO_70PCT,exclude,discovery,1,-0.2526777199403547,0,-0.2526777199403547,-2.344532701884701,-0.2736987396416409,0.3294373594452745,214,0.3220571803131018,{'2022': -0.2526777199403547}
300,0.6,trend_x_vol,BELOW_MA200|MID_30_TO_70PCT,exclude,validation,2,0.05931706948050475,2,0.02936124449975595,1.7115687000174962,-0.0777479863170204,0.446256607898383,223,1.4514122887751042,"{'2023': 0.0130057500840639, '2026': 0.045716738915448}"
300,0.6,trend_x_vol,BELOW_MA200|MID_30_TO_70PCT,include,discovery,1,-0.01907404077235353,0,-0.0190740407723535,-0.3620270926099228,-0.0484457505950821,0.0850999741727421,34,0.7677265180503856,{'2022': -0.0190740407723535}
300,0.6,trend_x_vol,BELOW_MA200|MID_30_TO_70PCT,include,validation,2,0.02291436740336894,1,0.01145718370168445,0.8891447038608516,-0.0133758297737358,0.0128833194530967,12,1.8231163819174645,"{'2023': 0.0229143674033689, '2026': 0.0}"
300,0.6,vol_regime,HIGH_GE_70PCT,exclude,discovery,4,0.17196908572474978,3,0.04208307276892565,0.4816373003822638,-0.0798688285758963,0.278709019154498,408,1.3003396310868525,"{'2019': 0.0919099942844892, '2020': 0.0534932038871762, '2021': 0.0765818218283256, '2022': -0.0536527289242884}"
300,0.6,vol_regime,HIGH_GE_70PCT,exclude,validation,3,0.15515760025926806,2,0.058946959238644604,-0.04300576696467876,-0.1052531631057243,0.35477252736926906,359,1.5460100849297511,"{'2023': 0.0015867148534953, '2024': -0.0844341577668607, '2025': 0.2596883206292992}"
300,0.6,vol_regime,HIGH_GE_70PCT,include,discovery,4,-0.3284507433230557,1,-0.08753908863119671,-0.8282712348178594,-0.2537583186572659,0.16260674884975007,355,0.8274942483535277,"{'2019': 0.046817199345569, '2020': -0.1630097078542149, '2021': -0.0018036739429615, '2022': -0.2321601720731794}"
300,0.6,vol_regime,HIGH_GE_70PCT,include,validation,3,0.08330030968624613,2,0.0275274438517078,0.27764004075559734,-0.0488325732064327,0.10220038346019474,138,1.0481449217300656,"{'2023': -0.0148410941878139, '2024': 0.0354307136706035, '2025': 0.0619927120723338}"
300,0.6,vol_regime,LOW_LE_30PCT,exclude,discovery,4,-0.09174357229848051,2,-0.009198664322140303,0.22790677814986415,-0.2720329161831671,0.33924781140658256,635,1.342661919010863,"{'2019': 0.1461476514288109, '2020': -0.0780449314308481, '2021': 0.1433297481565627, '2022': -0.2482271254430867}"
300,0.6,vol_regime,LOW_LE_30PCT,exclude,validation,4,0.4267328141162514,4,0.1002940828515084,1.1136478968648764,-0.075770287759659,0.23428469864073626,294,1.6776591012100415,"{'2023': 0.0003144985701528, '2024': 0.0318546927207783, '2025': 0.3287107212580145, '2026': 0.040296418857088}"
300,0.6,vol_regime,LOW_LE_30PCT,include,discovery,4,-0.06259329194155439,0,-0.01596080540533855,-0.6486241141013592,-0.0714188286404503,0.09626969703025459,123,0.6226494049040646,"{'2019': -0.0317547193486796, '2020': -0.0203887680702981, '2021': -0.0116997342023765, '2022': 0.0}"
300,0.6,vol_regime,LOW_LE_30PCT,include,validation,4,-0.06953152641461513,2,-0.01697975219552275,0.4223690317747013,-0.0986807494936576,0.24016487173369275,271,1.2578250020860016,"{'2023': -0.0417918251494149, '2024': -0.0720346215402463, '2025': 0.020784238799911, '2026': 0.0251231991076592}"
300,0.6,vol_regime,MID_30_TO_70PCT,exclude,discovery,4,-0.2724294309053842,1,-0.063573494648178,-0.652432725857183,-0.2537583186572659,0.31064456890810244,549,0.8992179826313902,"{'2019': 0.171352057396442, '2020': -0.1800013645701459, '2021': -0.0134844993458287, '2022': -0.2321601720731794}"
300,0.6,vol_regime,MID_30_TO_70PCT,exclude,validation,4,0.014226773947332072,2,0.004994249111588026,0.7659203478882601,-0.1041846363669734,0.31646010384158657,408,1.387107689806407,"{'2023': -0.0560126829239058, '2024': -0.0331939929417108, '2025': 0.0840604732043095, '2026': 0.0251231991076592}"
300,0.6,vol_regime,MID_30_TO_70PCT,include,discovery,4,0.10109487020914587,2,0.02793904989045655,0.3184806673327938,-0.0730721246746427,0.1500979958771228,231,1.2868073748184445,"{'2019': -0.0552346620328011, '2020': 0.0746906561052576, '2021': 0.1459529344136581, '2022': -0.0536527289242884}"
300,0.6,vol_regime,MID_30_TO_70PCT,include,validation,4,0.27927217283875927,3,0.06892160091051583,0.8625128071908186,-0.0727258430121641,0.17234698248152758,177,1.9196756939033368,"{'2023': 0.0022761438948644, '2024': -0.0240599793154089, '2025': 0.2571738202055198, '2026': 0.040296418857088}"
300,0.8,ALL,ALL,baseline,discovery,4,-0.1971922500111173,2,-0.03923857357687727,-0.16850471175725412,-0.3239775149382952,0.4793625366776878,711,1.0719179768946172,"{'2019': 0.1368335124445978, '2020': -0.0631851987467903, '2021': 0.0546499558494966, '2022': -0.2852525638548132}"
300,0.8,ALL,ALL,baseline,validation,4,0.4173335549523465,3,0.09788076970529952,1.1756069745074682,-0.1079530208899136,0.4788491454662095,512,1.5847746603659485,"{'2023': 0.0433972187577738, '2024': -0.0156914648310235, '2025': 0.3117923574433392, '2026': 0.0520249674511086}"
300,0.8,abs_regime,CALM_UPTREND,exclude,discovery,3,0.19896964872832856,2,0.06473312231562826,0.8363945759707873,-0.2004758446679453,0.39498471580356515,386,1.6144884895499156,"{'2019': 0.1215268635100694, '2020': -0.0339603925133593, '2021': 0.1066328959501747}"
300,0.8,abs_regime,CALM_UPTREND,exclude,validation,4,0.47886209745232877,4,0.10734322822485805,1.1733980205045453,-0.0740695577426142,0.37986678932813905,424,1.6590815416346005,"{'2023': 0.042524290977115, '2024': 0.0630720469713794, '2025': 0.2868147749688972, '2026': 0.0369617999820406}"
300,0.8,abs_regime,CALM_UPTREND,include,discovery,3,-0.0935881372497882,0,-0.03219990435968916,-0.7957235724590402,-0.0938951225268672,0.14316375170115758,114,0.6090218496015485,"{'2019': -0.0362921168904084, '2020': -0.022712216902417, '2021': -0.0375953792862421}"
300,0.8,abs_regime,CALM_UPTREND,include,validation,4,-0.03473824491929478,2,-0.007425601319153676,0.2937486634898838,-0.1126511581302501,0.158356637838448,125,1.2231784945527768,"{'2023': -0.00759409618461, '2024': -0.091373278522733, '2025': 0.032431915209234, '2026': 0.0368330542214943}"
300,0.8,abs_regime,CALM_WEAK,exclude,discovery,2,0.19312700367023616,2,0.092984627366894,0.9641436577031355,-0.070854271234805,0.5824874036216314,345,1.5880562012428836,"{'2019': 0.1315643110114259, '2021': 0.0544049437223621}"
300,0.8,abs_regime,CALM_WEAK,exclude,validation,2,0.34082727720967676,2,0.1669630673193918,0.6509591621106345,-0.0856336292099493,0.4911442533698913,304,1.7709947447722327,"{'2023': 0.0221337771954444, '2025': 0.3117923574433392}"
300,0.8,abs_regime,CALM_WEAK,include,discovery,2,0.004182473306518775,1,0.00210054094381485,0.11291354046602259,-0.003738122718137,0.0048406626849507,2,0.0,"{'2019': 0.0068985460883979, '2021': -0.0026974642007682}"
300,0.8,abs_regime,CALM_WEAK,include,validation,2,-0.011601821768000065,1,-0.0057989051284911,-0.11582335964311365,-0.0303118957837567,0.0364230876073775,16,0.5688785219065059,"{'2023': -0.0119339529447006, '2025': 0.0003361426877184}"
300,0.8,abs_regime,STRESS_REVERSAL,exclude,discovery,4,0.016902965497069822,2,0.009421495423449479,-0.1745345767833264,-0.1297770859633913,0.3104292634265353,374,1.1342180385425475,"{'2019': 0.1604687585550162, '2020': -0.0027338481218689, '2021': 0.0097281572240419, '2022': -0.1297770859633913}"
300,0.8,abs_regime,STRESS_REVERSAL,exclude,validation,4,0.13338573106002127,2,0.04520550895864628,0.5407870433971941,-0.1702992010360041,0.3741825360514085,345,1.599919125549588,"{'2023': -0.0503837741561559, '2024': -0.1370963776912328, '2025': 0.3222454546576236, '2026': 0.0460567330243502}"
300,0.8,abs_regime,STRESS_REVERSAL,include,discovery,4,-0.21082407169072637,2,-0.047872027537267076,-0.0705032529986499,-0.3072867225877019,0.22982618116146597,382,1.278752817166793,"{'2019': 0.0372791830317051, '2020': -0.0621634539069815, '2021': 0.0872626494261492, '2022': -0.2538664886999411}"
300,0.8,abs_regime,STRESS_REVERSAL,include,validation,4,0.25246228085752365,4,0.058615586013294974,1.0488526307371875,-0.0953953004601623,0.16834955439894567,209,1.933712433109844,"{'2023': 0.0438981847931749, '2024': 0.1148542017151963, '2025': 0.0687456071097847, '2026': 0.006964350435024}"
300,0.8,abs_regime,VOLATILE_UPTREND,exclude,discovery,4,-0.23041141991888803,2,-0.05353339940261177,-0.3264714642499351,-0.3072867225877019,0.3432161226939946,532,1.0908055013855456,"{'2019': 0.1019126677364468, '2020': -0.0834898839456055, '2021': 0.0213101072986527, '2022': -0.2538664886999411}"
300,0.8,abs_regime,VOLATILE_UPTREND,exclude,validation,4,0.23458110546521738,4,0.05462791249899415,1.2877353045929762,-0.0842076732973674,0.3312073805234304,342,1.6733310281974787,"{'2023': 0.0527895727078937, '2024': 0.0141624015890367, '2025': 0.1074374871401289, '2026': 0.0441221885589173}"
300,0.8,abs_regime,VOLATILE_UPTREND,include,discovery,4,-0.036293018124393006,3,-0.006490443165690623,-0.24208346964407268,-0.1297770859633913,0.2137700823571207,236,0.950195724746751,"{'2019': 0.0392603845861225, '2020': 0.0296682111877675, '2021': 0.0348867175267388, '2022': -0.1297770859633913}"
300,0.8,abs_regime,VOLATILE_UPTREND,include,validation,4,0.1781814605842189,2,0.05165907633496032,0.4209325577062166,-0.1030326415456703,0.2582068823306717,243,1.7528018290082243,"{'2023': -0.0558713443112034, '2024': -0.0701334567186764, '2025': 0.3015215951634384, '2026': 0.0311195112062827}"
300,0.8,dd_regime,DEEP_LE_-10PCT,exclude,discovery,2,-0.29396869086269184,0,-0.1539111642683518,-1.5858335787821771,-0.2709483829368697,0.2649605792625222,272,0.47495363219872827,"{'2020': -0.0547395513318479, '2022': -0.2530827772048557}"
300,0.8,dd_regime,DEEP_LE_-10PCT,exclude,validation,1,0.2802391537472251,1,0.2802391537472251,0.9679704864402195,-0.0701853458697122,0.3944311290389096,136,2.372682676324853,{'2025': 0.2802391537472251}
300,0.8,dd_regime,DEEP_LE_-10PCT,include,discovery,2,-0.0688866706551099,0,-0.03471357708037195,-0.37282003661281243,-0.1590639450706921,0.1194634053776491,95,0.7102368138921417,"{'2020': -0.0089347305568973, '2022': -0.0604924236038466}"
300,0.8,dd_regime,DEEP_LE_-10PCT,include,validation,1,0.024646122311191565,1,0.0246461223111915,1.944295038920713,-0.0055306367826093,0.0209943187415441,4,,{'2025': 0.0246461223111915}
300,0.8,dd_regime,MEDIUM_-5_TO_-10PCT,exclude,discovery,4,-0.002349729293921299,2,0.005971192404965249,0.09191204725722257,-0.1940567848257548,0.4303653925199801,566,1.1298358319089727,"{'2019': 0.1395626425123206, '2020': -0.0311072976379015, '2021': 0.0745136510064419, '2022': -0.159084226261}"
300,0.8,dd_regime,MEDIUM_-5_TO_-10PCT,exclude,validation,4,0.3582859072803064,3,0.08820829145297227,1.0617694935338016,-0.1079784318838514,0.4456033560890644,463,1.6054371584538938,"{'2023': 0.0163347470808365, '2024': -0.0430742674716027, '2025': 0.3275477187515467, '2026': 0.0520249674511086}"
300,0.8,dd_regime,MEDIUM_-5_TO_-10PCT,include,discovery,4,-0.17950061215598767,2,-0.04244229587964185,-0.03974160350952938,-0.2130983232148134,0.08731101634227229,197,4.085783988827911,"{'2019': 0.0693068369288298, '2020': -0.044798760218899, '2021': 0.01173101056589, '2022': -0.2060082707943882}"
300,0.8,dd_regime,MEDIUM_-5_TO_-10PCT,include,validation,4,0.15217385149258722,2,0.03689013127177415,0.8836689462395642,-0.0467297282714678,0.06979847672791142,66,7.593956115335978,"{'2023': 0.0885258465106484, '2024': 0.0673882724160357, '2025': -0.0083535938395875, '2026': 0.0}"
300,0.8,dd_regime,SHALLOW_GT_-5PCT,exclude,discovery,4,-0.09088370430959813,2,-0.008130679449689676,0.4816195003048229,-0.2848915119689346,0.19490856421129465,352,2.786249899258324,"{'2019': 0.2492868907574168, '2020': -0.0533332259239577, '2021': 0.01173101056589, '2022': -0.2402073931981078}"
300,0.8,dd_regime,SHALLOW_GT_-5PCT,exclude,validation,4,0.18060821191806586,3,0.043008311980976176,1.0970653854932018,-0.0467297282714678,0.07500590182778197,70,7.805391824107672,"{'2023': 0.0885258465106484, '2024': 0.0673882724160357, '2025': 0.0161191289972206, '2026': 0.0}"
300,0.8,dd_regime,SHALLOW_GT_-5PCT,include,discovery,4,-0.08086258010707725,1,-0.01880976957445822,-0.42989948631285135,-0.1263578512243481,0.32013887130616936,409,0.8215950101111308,"{'2019': -0.0224312546612115, '2020': -0.0223724589738303, '2021': 0.0745136510064419, '2022': -0.104949015669233}"
300,0.8,dd_regime,SHALLOW_GT_-5PCT,include,validation,4,0.32565789255184785,3,0.08023588183582336,1.0410638071681138,-0.1079784318838514,0.4403582445248013,459,1.5790893292797028,"{'2023': 0.0163347470808365, '2024': -0.0430742674716027, '2025': 0.2956580802829511, '2026': 0.0520249674511086}"
300,0.8,trend,ABOVE_MA200,exclude,discovery,4,-0.1260799703933413,1,-0.024139732254278103,-0.22610729088829737,-0.2576549097996801,0.23625562396069247,364,1.0538447679132772,"{'2019': 0.1364561412121365, '2020': -0.0089347305568973, '2021': 0.0, '2022': -0.2240803396723516}"
300,0.8,trend,ABOVE_MA200,exclude,validation,4,0.15401046003260865,2,0.037765693673957074,1.5050595406587344,-0.0237296653392614,0.044907223806393226,45,3.0094054299781146,"{'2023': 0.1280414353189496, '2024': 0.0, '2025': 0.0230213393768787, '2026': 0.0}"
300,0.8,trend,ABOVE_MA200,include,discovery,4,-0.11562174493810695,2,-0.028106054759971726,-0.3461748631885384,-0.1789000622685245,0.2519159532569287,353,0.8376160534566074,"{'2019': 0.0047309677530824, '2020': -0.0547395513318479, '2021': 0.0546499558494966, '2022': -0.117065591310618}"
300,0.8,trend,ABOVE_MA200,include,validation,4,0.30127296237957824,2,0.07396215854372873,1.0303380118199679,-0.1079530208899136,0.45125394482011577,481,1.5142160890646317,"{'2023': -0.0106400688155015, '2024': -0.0156914648310235, '2025': 0.2701552003703313, '2026': 0.0520249674511086}"
300,0.8,trend,BELOW_MA200,exclude,discovery,2,-0.16539702469772521,0,-0.08590257132123295,-1.1282914084114182,-0.1789000622685245,0.19536251354339879,185,0.4461168286299903,"{'2020': -0.0547395513318479, '2022': -0.117065591310618}"
300,0.8,trend,BELOW_MA200,exclude,validation,3,0.3220173511511697,2,0.10384669966864613,1.4050247019903142,-0.0770233195423157,0.43636852135451715,329,1.7015346106936386,"{'2023': -0.0106400688155015, '2025': 0.2701552003703313, '2026': 0.0520249674511086}"
300,0.8,trend,BELOW_MA200,include,discovery,2,-0.2310129727711785,0,-0.11650753511462446,-1.0147562112639614,-0.2576549097996801,0.19294058190471178,184,0.6009142722070308,"{'2020': -0.0089347305568973, '2022': -0.2240803396723516}"
300,0.8,trend,BELOW_MA200,include,validation,3,0.15401046003260865,2,0.05035425823194276,1.5050595406587344,-0.0237296653392614,0.0598762984085243,45,3.0094054299781146,"{'2023': 0.1280414353189496, '2025': 0.0230213393768787, '2026': 0.0}"
300,0.8,trend_x_dd,ABOVE_MA200|MEDIUM_-5_TO_-10PCT,exclude,discovery,3,-0.22172625045333683,1,-0.06967862532963867,-0.5014567303268356,-0.2929448413798784,0.38502510265549805,434,0.8104297489798317,"{'2020': -0.0311072976379015, '2021': 0.0745136510064419, '2022': -0.2524422293574564}"
300,0.8,trend_x_dd,ABOVE_MA200|MEDIUM_-5_TO_-10PCT,exclude,validation,3,0.3384280753651072,2,0.11253780638359497,0.4228062157249344,-0.1079784318838514,0.4746812129334798,444,1.5316636887911226,"{'2023': 0.0552753793779701, '2024': -0.0430742674716027, '2025': 0.3254123072444175}"
300,0.8,trend_x_dd,ABOVE_MA200|MEDIUM_-5_TO_-10PCT,include,discovery,3,-0.12295504071305607,1,-0.041845270631591165,-0.42335165352187404,-0.1195770955362279,0.057460740020117106,101,0.9803101940764347,"{'2020': -0.044798760218899, '2021': 0.01173101056589, '2022': -0.0924680622417645}"
300,0.8,trend_x_dd,ABOVE_MA200|MEDIUM_-5_TO_-10PCT,include,validation,3,0.057141446011869546,2,0.019298919426082268,0.3825955561591345,-0.0433537842338268,0.05326422918965363,39,7.201037114527079,"{'2023': 0.0066959839939846, '2024': 0.0673882724160357, '2025': -0.0161874981317735}"
300,0.8,trend_x_dd,ABOVE_MA200|SHALLOW_GT_-5PCT,exclude,discovery,4,-0.2080414145540188,2,-0.04438865265252796,-0.08321347952147162,-0.3018093669986511,0.2740449625541643,463,1.2805589094267025,"{'2019': 0.1364561412121365, '2020': -0.0533332259239577, '2021': 0.01173101056589, '2022': -0.2724085364641807}"
300,0.8,trend_x_dd,ABOVE_MA200|SHALLOW_GT_-5PCT,exclude,validation,4,0.1922273127906191,3,0.045686527218959445,1.1342667121678784,-0.0467297282714679,0.0775832280224914,78,7.926603752737779,"{'2023': 0.0992387074625815, '2024': 0.0673882724160357, '2025': 0.0161191289972206, '2026': 0.0}"
300,0.8,trend_x_dd,ABOVE_MA200|SHALLOW_GT_-5PCT,include,discovery,4,-0.0033759307453608,2,0.00028555415063447574,-0.1192173317792643,-0.0857266614455571,0.22352064836028532,276,0.8347306234606593,"{'2019': 0.0047309677530824, '2020': -0.0223724589738303, '2021': 0.0745136510064419, '2022': -0.0557299431831561}"
300,0.8,trend_x_dd,ABOVE_MA200|SHALLOW_GT_-5PCT,include,validation,4,0.2619238664806105,2,0.06802022920940096,0.9127452914092522,-0.1079784318838514,0.4279549622416561,450,1.5411475224809659,"{'2023': -0.0325278634248532, '2024': -0.0430742674716027, '2025': 0.2956580802829511, '2026': 0.0520249674511086}"
300,0.8,trend_x_dd,BELOW_MA200|DEEP_LE_-10PCT,exclude,discovery,2,-0.29396869086269184,0,-0.1539111642683518,-1.5858335787821771,-0.2709483829368697,0.2649605792625222,272,0.47495363219872827,"{'2020': -0.0547395513318479, '2022': -0.2530827772048557}"
300,0.8,trend_x_dd,BELOW_MA200|DEEP_LE_-10PCT,exclude,validation,1,0.2802391537472251,1,0.2802391537472251,0.9679704864402195,-0.0701853458697122,0.3944311290389096,136,2.372682676324853,{'2025': 0.2802391537472251}
300,0.8,trend_x_dd,BELOW_MA200|DEEP_LE_-10PCT,include,discovery,2,-0.0688866706551099,0,-0.03471357708037195,-0.37282003661281243,-0.1590639450706921,0.1194634053776491,95,0.7102368138921417,"{'2020': -0.0089347305568973, '2022': -0.0604924236038466}"
300,0.8,trend_x_dd,BELOW_MA200|DEEP_LE_-10PCT,include,validation,1,0.024646122311191565,1,0.0246461223111915,1.944295038920713,-0.0055306367826093,0.0209943187415441,4,,{'2025': 0.0246461223111915}
300,0.8,trend_x_dd,BELOW_MA200|MEDIUM_-5_TO_-10PCT,exclude,discovery,1,-0.21370643272676393,0,-0.2137064327267639,-1.844646476453562,-0.2464073270247559,0.3532381389187269,160,0.2866593671216189,{'2022': -0.2137064327267639}
300,0.8,trend_x_dd,BELOW_MA200|MEDIUM_-5_TO_-10PCT,exclude,validation,3,0.4231312109738845,3,0.13097306317322108,1.5846957090128384,-0.0701853458622253,0.45987556708605964,342,1.7767064265540518,"{'2023': 0.039327993981477, '2025': 0.3015662280870776, '2026': 0.0520249674511086}"
300,0.8,trend_x_dd,BELOW_MA200|MEDIUM_-5_TO_-10PCT,include,discovery,1,-0.1532694216059699,0,-0.1532694216059699,-2.0766230074758205,-0.1633334667035163,0.1322605186700651,85,0.2209171323080362,{'2022': -0.1532694216059699}
300,0.8,trend_x_dd,BELOW_MA200|MEDIUM_-5_TO_-10PCT,include,validation,3,0.11534923805518216,1,0.03850907543980627,0.9466576314912803,-0.0237296653392613,0.049473870703373425,33,2.244407424979774,"{'2023': 0.1170478713527691, '2025': -0.0015206450333503, '2026': 0.0}"
300,0.8,trend_x_dd,BELOW_MA200|SHALLOW_GT_-5PCT,exclude,discovery,1,-0.25831227353332387,0,-0.2583122735333238,-1.9967112316404536,-0.3121431878320495,0.4059536981572574,231,0.2948946133274727,{'2022': -0.2583122735333238}
300,0.8,trend_x_dd,BELOW_MA200|SHALLOW_GT_-5PCT,exclude,validation,1,0.028160848072239064,1,0.028160848072239,0.2996075098050949,-0.0708016513352556,0.5860038095541957,171,0.9226769190350506,{'2023': 0.028160848072239}
300,0.8,trend_x_dd,BELOW_MA200|SHALLOW_GT_-5PCT,include,discovery,1,-0.058087571682739925,0,-0.0580875716827399,-2.1183820485619798,-0.0587901807740903,0.0411604183630924,10,0.0,{'2022': -0.0580875716827399}
300,0.8,trend_x_dd,BELOW_MA200|SHALLOW_GT_-5PCT,include,validation,1,0.04323742571086031,1,0.0432374257108603,1.3590949027082562,-0.0155447902046048,0.0551489967757065,11,3.020693268055904,{'2023': 0.0432374257108603}
300,0.8,trend_x_vol,ABOVE_MA200|HIGH_GE_70PCT,exclude,discovery,4,-0.045374453121479696,3,0.0009799897884191777,0.15464519052133918,-0.2816760251131376,0.4547053688809536,621,1.192583628399363,"{'2019': 0.1398674347376256, '2020': 0.0519419531553146, '2021': 0.0635379501499779, '2022': -0.2514273788892414}"
300,0.8,trend_x_vol,ABOVE_MA200|HIGH_GE_70PCT,exclude,validation,3,0.21525464777854375,2,0.07681295980278596,0.13331042637859278,-0.1126937390597864,0.42066624694253263,364,1.467457505576977,"{'2023': 0.0453223002813585, '2024': -0.0838476850138851, '2025': 0.2689642641408845}"
300,0.8,trend_x_vol,ABOVE_MA200|HIGH_GE_70PCT,include,discovery,4,-0.23470829499629164,1,-0.06229675330738755,-0.7815655428101671,-0.1659474885001853,0.05262589142747067,108,0.4871539120660364,"{'2019': -0.0018371595944794, '2020': -0.1557356677004248, '2021': 0.0027304714765292, '2022': -0.0943446574111752}"
300,0.8,trend_x_vol,ABOVE_MA200|HIGH_GE_70PCT,include,validation,3,0.06216885332833244,2,0.020586941227529836,0.26453368843697983,-0.0576385242138329,0.11050041224542635,128,1.2072929126771035,"{'2023': -0.0115512967005224, '2024': 0.0452654830842018, '2025': 0.0280466372989101}"
300,0.8,trend_x_vol,ABOVE_MA200|LOW_LE_30PCT,exclude,discovery,3,0.24909568741169252,2,0.08097880373230619,1.0933697955265977,-0.2004758446679453,0.38884017001297594,385,1.7112440227625925,"{'2019': 0.1391788898113783, '2020': -0.0479269819284698, '2021': 0.1516845033140101}"
300,0.8,trend_x_vol,ABOVE_MA200|LOW_LE_30PCT,exclude,validation,4,0.58281304876734,4,0.12618827572650979,1.519777470574057,-0.0598660840209633,0.2961378422046908,308,1.969142885339177,"{'2023': 0.0813807705408564, '2024': 0.0699349827488324, '2025': 0.3057273264561049, '2026': 0.0477100231602454}"
300,0.8,trend_x_vol,ABOVE_MA200|LOW_LE_30PCT,include,discovery,3,-0.060422251637408775,0,-0.0204098347794941,-0.45020867462857056,-0.0698303743257023,0.13571678555396685,106,0.7401789234293951,"{'2019': -0.0009969225262639, '2020': -0.0175051908288541, '2021': -0.0427273909833643}"
300,0.8,trend_x_vol,ABOVE_MA200|LOW_LE_30PCT,include,validation,4,-0.1217126032896888,2,-0.030340723393524095,0.2367964968409466,-0.1092472845673243,0.25604833312036995,249,1.2828372249184183,"{'2023': -0.0908084628943234, '2024': -0.0801353532823335, '2025': 0.01922473145362, '2026': 0.0303561911489405}"
300,0.8,trend_x_vol,ABOVE_MA200|MID_30_TO_70PCT,exclude,discovery,4,-0.34353285776021714,1,-0.08801705546780272,-0.7565964731969836,-0.3065655575134363,0.3807581816277281,571,0.8056775006352224,"{'2019': 0.1276716294090873, '2020': -0.1728628234001281, '2021': -0.04003383975278, '2022': -0.2668431881273901}"
300,0.8,trend_x_vol,ABOVE_MA200|MID_30_TO_70PCT,exclude,validation,4,0.08150862914097257,3,0.02063622106241875,0.923417868298126,-0.1028978349062997,0.37489132558786,413,1.6093472917273672,"{'2023': 0.0026128959670788, '2024': -0.0324860991921456, '2025': 0.0820618963258013, '2026': 0.0303561911489405}"
300,0.8,trend_x_vol,ABOVE_MA200|MID_30_TO_70PCT,include,discovery,4,0.2122801438606332,3,0.051975917677049774,0.32100888293836594,-0.0617257020225796,0.13957329809902577,167,1.2993998856597704,"{'2019': 0.0023660778751675, '2020': 0.07947160700428, '2021': 0.1613131535341823, '2022': -0.0352471677054307}"
300,0.8,trend_x_vol,ABOVE_MA200|MID_30_TO_70PCT,include,validation,4,0.3118702786876444,3,0.07415967160968324,1.0972876810475531,-0.0653224392141518,0.20002429269494357,165,1.9551252357366842,"{'2023': 0.020103108153836, '2024': -0.0058387569408098, '2025': 0.2346643120654614, '2026': 0.0477100231602454}"
300,0.8,trend_x_vol,BELOW_MA200|HIGH_GE_70PCT,exclude,discovery,2,-0.1824728082214081,0,-0.0949348880481955,-1.0334036681747418,-0.1789000622685245,0.24052726979890654,216,0.5074349926813533,"{'2020': -0.0547395513318479, '2022': -0.1351302247645431}"
300,0.8,trend_x_vol,BELOW_MA200|HIGH_GE_70PCT,exclude,validation,1,0.27015520037033136,1,0.2701552003703313,0.9437887510735816,-0.0770233195423157,0.3778286891151626,131,2.4142353893677684,{'2025': 0.2701552003703313}
300,0.8,trend_x_vol,BELOW_MA200|HIGH_GE_70PCT,include,discovery,2,-0.18920833425424544,0,-0.0954167756026784,-0.8821248484696819,-0.2179830847891465,0.15529390006057775,155,0.6041879988240704,"{'2020': -0.0089347305568973, '2022': -0.1818988206484595}"
300,0.8,trend_x_vol,BELOW_MA200|HIGH_GE_70PCT,include,validation,1,0.02302133937687878,1,0.0230213393768787,0.93849230179874,-0.0154417385372139,0.0391799449029585,11,1.9990191939655957,{'2025': 0.0230213393768787}
300,0.8,trend_x_vol,BELOW_MA200|LOW_LE_30PCT,exclude,discovery,1,-0.2852525638548131,0,-0.2852525638548132,-2.212126326345423,-0.3239775149382952,0.4359625533585432,236,0.2819503708982038,{'2022': -0.2852525638548132}
300,0.8,trend_x_vol,BELOW_MA200|LOW_LE_30PCT,exclude,validation,1,-0.02725121918066542,0,-0.0272512191806654,-0.2040402438403541,-0.0725891575148671,0.5256630883931098,160,0.7840373644556047,{'2023': -0.0272512191806654}
300,0.8,trend_x_vol,BELOW_MA200|LOW_LE_30PCT,include,discovery,1,0.0,0,0.0,,0.0,0.0,0,,{'2022': 0.0}
300,0.8,trend_x_vol,BELOW_MA200|LOW_LE_30PCT,include,validation,1,0.080060053929637,1,0.080060053929637,1.6625977743461076,-0.017388211813955,0.0965331456919421,22,5.596405801557132,{'2023': 0.080060053929637}
300,0.8,trend_x_vol,BELOW_MA200|MID_30_TO_70PCT,exclude,discovery,1,-0.2632406900561407,0,-0.2632406900561407,-2.123485004401789,-0.3033334194930287,0.3752960087549915,209,0.2690603328226554,{'2022': -0.2632406900561407}
300,0.8,trend_x_vol,BELOW_MA200|MID_30_TO_70PCT,exclude,validation,2,0.11642446289885555,2,0.0566198825232162,1.9497573516684041,-0.0708016589636567,0.49977914686441405,215,1.484488161847477,"{'2023': 0.0612147975953238, '2026': 0.0520249674511086}"
300,0.8,trend_x_vol,BELOW_MA200|MID_30_TO_70PCT,include,discovery,1,-0.04248105393499724,0,-0.0424810539349972,-0.759813397859295,-0.0687739563171345,0.1048224872204373,33,0.5576603780416024,{'2022': -0.0424810539349972}
300,0.8,trend_x_vol,BELOW_MA200|MID_30_TO_70PCT,include,validation,2,0.04442473473094344,1,0.0222123673654717,1.2229517778971537,-0.0237296653392613,0.0219579023153361,12,2.59432502537087,"{'2023': 0.0444247347309434, '2026': 0.0}"
300,0.8,vol_regime,HIGH_GE_70PCT,exclude,discovery,4,0.11515481968177133,3,0.029526303152603222,0.2731317453527637,-0.1015947928016278,0.33502124238412206,402,1.2640940048731535,"{'2019': 0.0693703358194379, '2020': 0.0614255040401325, '2021': 0.0635379501499779, '2022': -0.0762285773991354}"
300,0.8,vol_regime,HIGH_GE_70PCT,exclude,validation,3,0.18789866417927015,2,0.0672912885872487,0.10783787680134564,-0.1126937390597864,0.4076000049367032,353,1.5006994723116671,"{'2023': 0.0453223002813585, '2024': -0.0838476850138851, '2025': 0.2403992504942727}"
300,0.8,vol_regime,HIGH_GE_70PCT,include,discovery,4,-0.3490783696320984,2,-0.09455589825234739,-0.7416216983891593,-0.2854073166066291,0.18853061176284908,339,0.776332570374066,"{'2019': 0.0266078286139115, '2020': -0.1632789420283205, '2021': 0.0027304714765292, '2022': -0.2442829510715098}"
300,0.8,vol_regime,HIGH_GE_70PCT,include,validation,3,0.09698767199625768,2,0.03182036214553024,0.422647237075386,-0.0576385242138329,0.1229734252158269,137,1.2550360818310382,"{'2023': -0.0115512967005224, '2024': 0.0452654830842018, '2025': 0.0617469000529113}"
300,0.8,vol_regime,LOW_LE_30PCT,exclude,discovery,4,-0.11387129955113395,2,-0.012703301067962199,0.2545977824348713,-0.3239775149382952,0.39389498893203195,613,1.3835094595780433,"{'2019': 0.1306818381974241, '2020': -0.0479269819284698, '2021': 0.1516845033140101, '2022': -0.2852525638548132}"
300,0.8,vol_regime,LOW_LE_30PCT,exclude,validation,4,0.4654861486715587,4,0.10614878753023269,1.2967618198683215,-0.0598660840209633,0.27200455578170524,286,1.7852756723215195,"{'2023': 0.001222817755748, '2024': 0.0699349827488324, '2025': 0.3057273264561049, '2026': 0.0477100231602454}"
300,0.8,vol_regime,LOW_LE_30PCT,include,discovery,4,-0.09548257630222068,0,-0.024626820989104098,-0.7460380415154003,-0.0698303743257023,0.11759175461375436,122,0.5743365662308122,"{'2019': -0.038274702144198, '2020': -0.0175051908288541, '2021': -0.0427273909833643, '2022': 0.0}"
300,0.8,vol_regime,LOW_LE_30PCT,include,validation,4,-0.05792467174755167,2,-0.013832616894212623,0.447575427478511,-0.1092472845673243,0.27311868781547977,266,1.369478687408296,"{'2023': -0.0247760368970775, '2024': -0.0801353532823335, '2025': 0.01922473145362, '2026': 0.0303561911489405}"
300,0.8,vol_regime,MID_30_TO_70PCT,exclude,discovery,4,-0.31028609391406714,1,-0.0769415261721633,-0.6767692958553111,-0.2854073166066291,0.3578699104336255,525,0.8572922167622631,"{'2019': 0.1494135095357647, '2020': -0.1728628234001281, '2021': -0.04003383975278, '2022': -0.2442829510715098}"
300,0.8,vol_regime,MID_30_TO_70PCT,exclude,validation,4,0.039829736909470004,2,0.010976613705860224,0.8237078521339132,-0.1028978349062997,0.3650033759530783,402,1.5805352046918482,"{'2023': -0.0360255334591553, '2024': -0.0324860991921456, '2025': 0.0820618963258013, '2026': 0.0303561911489405}"
300,0.8,vol_regime,MID_30_TO_70PCT,include,discovery,4,0.08133775454729086,2,0.02457958806887413,0.07386150886284759,-0.1015947928016278,0.18678982834083516,230,1.2287863113136768,"{'2019': -0.0662378308638304, '2020': 0.07947160700428, '2021': 0.1613131535341823, '2022': -0.0762285773991354}"
300,0.8,vol_regime,MID_30_TO_70PCT,include,validation,4,0.2899596238911655,3,0.06990027046639083,1.0367705068093604,-0.0653224392141518,0.20119285764271425,170,1.916668619265997,"{'2023': 0.0030655035806663, '2024': -0.0058387569408098, '2025': 0.2346643120654614, '2026': 0.0477100231602454}"
500,0.6,ALL,ALL,baseline,discovery,4,-0.11345328650211861,2,-0.022262881430326474,-0.08769214474037296,-0.2662971391238634,0.554659824380783,1190,0.9558322969766209,"{'2019': 0.1196176818236265, '2020': -0.057820884220136, '2021': 0.0446448428305228, '2022': -0.1954931661553192}"
500,0.6,ALL,ALL,baseline,validation,4,0.9826820252738073,4,0.19967576731561998,1.0342146096817233,-0.0913425269520015,0.5587773983215508,964,1.6932436217949005,"{'2023': 0.1479408120560392, '2024': 0.5039481210972423, '2025': 0.1349116395890177, '2026': 0.0119024965201806}"
500,0.6,abs_regime,CALM_UPTREND,exclude,discovery,3,0.21911142491094915,2,0.07114350697353627,0.7499016504864272,-0.1862094177486469,0.4423403058968615,633,1.319417693095278,"{'2019': 0.1407930372860826, '2020': -0.0365094983438619, '2021': 0.1091469819783881}"
500,0.6,abs_regime,CALM_UPTREND,exclude,validation,4,0.4372460244792049,4,0.09656514989973826,0.9969222684620324,-0.0850732274336177,0.4626946011190492,787,1.6241418649405697,"{'2023': 0.1619827657178605, '2024': 0.0638672085409586, '2025': 0.1450657392758318, '2026': 0.0153448860643021}"
500,0.6,abs_regime,CALM_UPTREND,include,discovery,3,-0.15127362047734572,0,-0.0528506598482005,-0.8545448778589252,-0.1207423451913208,0.1839916214552206,203,0.6755083820559675,"{'2019': -0.0749646062922564, '2020': -0.0162512891313248, '2021': -0.0673360841210203}"
500,0.6,abs_regime,CALM_UPTREND,include,validation,4,0.4334928653932697,3,0.10438049233718168,0.7358068780112641,-0.0560318789440339,0.18941262255357524,244,1.3453568280778914,"{'2023': -0.0089961108185683, '2024': 0.375454257283434, '2025': 0.0178557210860805, '2026': 0.0332081017977805}"
500,0.6,abs_regime,CALM_WEAK,exclude,discovery,2,0.167204231198548,2,0.08085658672847225,0.7275864300715753,-0.1211719828581039,0.6550591790879006,573,1.2741778393044552,"{'2019': 0.1132097917594352, '2021': 0.0485033816975093}"
500,0.6,abs_regime,CALM_WEAK,exclude,validation,2,0.32030782927855217,2,0.14913450878772044,1.1915971175234037,-0.0913425269520015,0.5901298326903992,602,1.9175306837129091,"{'2023': 0.1633573779864232, '2025': 0.1349116395890177}"
500,0.6,abs_regime,CALM_WEAK,include,discovery,2,-0.00100581071353123,1,-0.00048114949678064976,-0.05051426344721566,-0.0118315018073122,0.0090232478614563,6,1.7391087913862797,"{'2019': 0.0061327166046896, '2021': -0.0070950155982509}"
500,0.6,abs_regime,CALM_WEAK,include,validation,2,0.001922047312598929,1,0.0009651703788447501,0.5430257074177016,-0.0322357605619486,0.029791088177473203,18,0.8619323290615448,"{'2023': -0.0020720979581138, '2025': 0.0040024387158033}"
500,0.6,abs_regime,STRESS_REVERSAL,exclude,discovery,4,-0.0019076174349199615,2,0.0014968653384172474,-0.04124537802015918,-0.1351741536522702,0.39724858311787387,595,0.9299730504601857,"{'2019': 0.1007979445765367, '2020': 0.0135053734265249, '2021': -0.0535488083959219, '2022': -0.0547670482534707}"
500,0.6,abs_regime,STRESS_REVERSAL,exclude,validation,4,0.5911247299593745,4,0.12967643283637179,0.6806068533950842,-0.1050418560131372,0.4445476605624636,631,1.6277980508621939,"{'2023': 0.0237013056647501, '2024': 0.3099820444922305, '2025': 0.1766924536086407, '2026': 0.0083299275798658}"
500,0.6,abs_regime,STRESS_REVERSAL,include,discovery,4,-0.08442168116965587,2,-0.015587511882043176,0.15206315334759163,-0.2655345018970028,0.23142324986178806,657,1.3603097673588906,"{'2019': 0.0422473774000282, '2020': -0.0255719557644145, '2021': 0.1054587257389145, '2022': -0.1844841949027009}"
500,0.6,abs_regime,STRESS_REVERSAL,include,validation,4,0.3955056556725509,3,0.08832622745958216,1.0935369639883343,-0.0538328542058065,0.19945939775293592,404,1.7585757960440076,"{'2023': 0.1287128247113187, '2024': 0.1314615562094927, '2025': 0.097361373165455, '2026': -0.0042308442479378}"
500,0.6,abs_regime,VOLATILE_UPTREND,exclude,discovery,4,-0.1447006893725694,2,-0.03330366751422575,-0.21371048057136066,-0.2655345018970028,0.38180857652903316,881,0.9798006994690136,"{'2019': 0.0734874859344423, '2020': -0.0414160556381502, '2021': 0.0191980945495058, '2022': -0.1844841949027009}"
500,0.6,abs_regime,VOLATILE_UPTREND,exclude,validation,4,0.9398868004210739,4,0.19457946857347763,1.363133404233468,-0.0691220640935285,0.3783282621049705,648,1.6973989492164459,"{'2023': 0.0982375943618443, '2024': 0.5287383839595416, '2025': 0.1160353234415345, '2026': 0.03530657253099}"
500,0.6,abs_regime,VOLATILE_UPTREND,include,discovery,4,0.05815068267512502,3,0.015169551873861327,0.1813364195186279,-0.0964783101049148,0.27138952328074084,409,0.9601759240446657,"{'2019': 0.0610362354601663, '2020': 0.0364766831901171, '2021': 0.0179323370986326, '2022': -0.0547670482534707}"
500,0.6,abs_regime,VOLATILE_UPTREND,include,validation,4,0.13391558705374873,3,0.03551465840711992,0.30763600730916596,-0.1024741149010426,0.3300645874191648,436,1.5756622951018326,"{'2023': 0.0161538657597748, '2024': -0.0640350140507101, '2025': 0.1769739156368535, '2026': 0.0129658662825615}"
500,0.6,dd_regime,DEEP_LE_-10PCT,exclude,discovery,2,-0.25638992880410405,0,-0.13018741200949846,-1.3332548002974467,-0.2687068113363241,0.32596653707262135,452,0.5402875658411471,"{'2020': -0.0163284333084838, '2022': -0.2440463907105131}"
500,0.6,dd_regime,DEEP_LE_-10PCT,exclude,validation,1,0.10165737566573885,1,0.1016573756657388,0.7621410602921593,-0.1172599359312865,0.5365874411910078,293,2.665647809669806,{'2025': 0.1016573756657388}
500,0.6,dd_regime,DEEP_LE_-10PCT,include,discovery,2,-0.00542717396391057,1,-0.0017033590947489498,-0.21404280842364554,-0.0945624817934581,0.1413330414884627,176,0.5822901616156577,"{'2020': -0.0466851021314338, '2022': 0.0432783839419359}"
500,0.6,dd_regime,DEEP_LE_-10PCT,include,validation,1,0.03015795124547682,1,0.0301579512454768,1.4960452711094436,-0.0136401156992654,0.0329406359193704,8,6.345727794729958,{'2025': 0.0301579512454768}
500,0.6,dd_regime,MEDIUM_-5_TO_-10PCT,exclude,discovery,4,0.06864313514567244,2,0.0182546947731529,0.18259612152385934,-0.1349788728511582,0.4999573392978275,924,1.0010011161963541,"{'2019': 0.0905753635643384, '2020': -0.039617175745892, '2021': 0.0542865947786093, '2022': -0.0322260035044441}"
500,0.6,dd_regime,MEDIUM_-5_TO_-10PCT,exclude,validation,4,0.7467814765711869,4,0.16099846014260744,0.8376859267047908,-0.0913389636197743,0.5302130603388182,853,1.6762285321865638,"{'2023': 0.0342495871628416, '2024': 0.4335516196413724, '2025': 0.1642901372460352, '2026': 0.0119024965201806}"
500,0.6,dd_regime,MEDIUM_-5_TO_-10PCT,include,discovery,4,-0.1829401102091125,1,-0.043538124810389975,-0.22799944442170794,-0.2121410415517028,0.09436451700205137,317,2.8013500502263713,"{'2019': 0.0549196495511583, '2020': -0.0166486068076484, '2021': -0.000282500433367, '2022': -0.2121410415517028}"
500,0.6,dd_regime,MEDIUM_-5_TO_-10PCT,include,validation,4,0.24350844940182736,2,0.05821697640452667,1.1375561332486244,-0.0550047827055765,0.07602466325242573,135,5.8916377047144985,"{'2023': 0.1453217695101563, '2024': 0.10487748910431, '2025': -0.0173313529963596, '2026': 0.0}"
500,0.6,dd_regime,SHALLOW_GT_-5PCT,exclude,discovery,4,-0.08477762867066274,1,-0.015154555066559924,0.13774004084904568,-0.232418947143822,0.2121633341147275,543,1.3343899647075173,"{'2019': 0.1595609392087167, '2020': -0.0581275524156541, '2021': -0.000282500433367, '2022': -0.1617691066259353}"
500,0.6,dd_regime,SHALLOW_GT_-5PCT,exclude,validation,4,0.28108106421164347,3,0.06563981108194915,1.397699391534683,-0.0550047827055765,0.08424371726252847,143,6.090106395469257,"{'2023': 0.1453217695101563, '2024': 0.10487748910431, '2025': 0.0123599857133303, '2026': 0.0}"
500,0.6,dd_regime,SHALLOW_GT_-5PCT,include,discovery,4,-0.037285692073836474,2,-0.008287306038546598,-0.22829889790771613,-0.1263605448865958,0.378146477416396,688,0.8644040942118502,"{'2019': -0.0161738851167, '2020': 0.0074140521682237, '2021': 0.0542865947786093, '2022': -0.0786759859843194}"
500,0.6,dd_regime,SHALLOW_GT_-5PCT,include,validation,4,0.6956930362578075,4,0.15248540799756913,0.785539481578018,-0.0913390026385785,0.5219762922396448,845,1.666137385644704,"{'2023': 0.0342495871628416, '2024': 0.4335516196413724, '2025': 0.1302379286658819, '2026': 0.0119024965201806}"
500,0.6,trend,ABOVE_MA200,exclude,discovery,4,-0.10872568241267666,1,-0.024445751405889525,-0.3720869595829517,-0.2031949715848645,0.26787257349132076,594,0.7561096825725322,"{'2019': 0.0954206134093298, '2020': -0.0466851021314338, '2021': 0.0, '2022': -0.1465185169014541}"
500,0.6,trend,ABOVE_MA200,exclude,validation,4,0.1778084343189803,2,0.044088424363895574,1.527553093255461,-0.0422088904873975,0.04936501977283267,85,2.2485043374836216,"{'2023': 0.1676779165707196, '2024': 0.0, '2025': 0.0086757808848627, '2026': 0.0}"
500,0.6,trend,ABOVE_MA200,include,discovery,4,-0.0709468736240445,2,-0.016643795826443875,-0.258788056097215,-0.151553727996818,0.2986525914106117,608,0.8173994704776645,"{'2019': 0.0095496712719966, '2020': -0.0163284333084838, '2021': 0.0446448428305228, '2022': -0.1044412640998111}"
500,0.6,trend,ABOVE_MA200,include,validation,4,0.7655633331031813,4,0.16773721864158941,0.8001489825292135,-0.111641647549985,0.5330011711905452,897,1.6522781043738513,"{'2023': 0.0464292715400631, '2024': 0.5039481210972423, '2025': 0.1086689854088716, '2026': 0.0119024965201806}"
500,0.6,trend,BELOW_MA200,exclude,discovery,2,-0.11906433519278736,0,-0.06038484870414745,-0.8956698809207018,-0.151553727996818,0.24106796378826995,311,0.525121234439155,"{'2020': -0.0163284333084838, '2022': -0.1044412640998111}"
500,0.6,trend,BELOW_MA200,exclude,validation,3,0.17395228488006054,3,0.05566691782303843,0.680256739169964,-0.111641647549985,0.5053240163802682,642,1.6060958898698046,"{'2023': 0.0464292715400631, '2025': 0.1086689854088716, '2026': 0.0119024965201806}"
500,0.6,trend,BELOW_MA200,include,discovery,2,-0.18636338710719735,0,-0.09660180951644395,-0.9924167754743011,-0.2031949715848645,0.22756893574656856,312,0.4166603361565195,"{'2020': -0.0466851021314338, '2022': -0.1465185169014541}"
500,0.6,trend,BELOW_MA200,include,validation,3,0.1778084343189803,2,0.05878456581852743,1.527553093255461,-0.0422088904873975,0.06582002636377689,85,2.2485043374836216,"{'2023': 0.1676779165707196, '2025': 0.0086757808848627, '2026': 0.0}"
500,0.6,trend_x_dd,ABOVE_MA200|MEDIUM_-5_TO_-10PCT,exclude,discovery,3,-0.15244185832085944,1,-0.04941720371673356,-0.3350437996267162,-0.2365916495712277,0.46480980990224924,730,0.8373774952817055,"{'2020': -0.039617175745892, '2021': 0.0542865947786093, '2022': -0.162921030182918}"
500,0.6,trend_x_dd,ABOVE_MA200|MEDIUM_-5_TO_-10PCT,exclude,validation,3,0.8220772311724778,3,0.22949448084491567,1.0418338573834267,-0.091342526952001,0.5826581192351249,803,1.8599023802561856,"{'2023': 0.1149648636268987, '2024': 0.4335516196413724, '2025': 0.139966959266476}"
500,0.6,trend_x_dd,ABOVE_MA200|MEDIUM_-5_TO_-10PCT,include,discovery,3,-0.10414341055811938,0,-0.0352166007571352,-0.6566305320669242,-0.1001219942635754,0.05831975880495213,161,0.6564374409645112,"{'2020': -0.0166486068076484, '2021': -0.000282500433367, '2022': -0.0887186950303902}"
500,0.6,trend_x_dd,ABOVE_MA200|MEDIUM_-5_TO_-10PCT,include,validation,3,0.11445939910115555,2,0.03792418901750643,0.6382727426519966,-0.0495498048801494,0.0665347098837583,85,5.628134057308461,"{'2023': 0.020019478057796, '2024': 0.10487748910431, '2025': -0.0111244001095867}"
500,0.6,trend_x_dd,ABOVE_MA200|SHALLOW_GT_-5PCT,exclude,discovery,4,-0.17006126531154286,1,-0.039590083438003826,-0.29727210650727204,-0.2488032486733095,0.305851805674487,752,0.9099189971945949,"{'2019': 0.0954206134093298, '2020': -0.0581275524156541, '2021': -0.000282500433367, '2022': -0.195370894312324}"
500,0.6,trend_x_dd,ABOVE_MA200|SHALLOW_GT_-5PCT,exclude,validation,4,0.29143526814656395,3,0.06795404698471577,1.4102710330480805,-0.0550047827055767,0.0908990239310338,161,6.1073270911584485,"{'2023': 0.1545787131212228, '2024': 0.10487748910431, '2025': 0.0123599857133303, '2026': 0.0}"
500,0.6,trend_x_dd,ABOVE_MA200|SHALLOW_GT_-5PCT,include,discovery,4,0.014675468269663483,3,0.00438972573826805,-0.07298154907532994,-0.1263605448865958,0.27087974434383777,473,0.8493686596709483,"{'2019': 0.0095496712719966, '2020': 0.0074140521682237, '2021': 0.0542865947786093, '2022': -0.0536914152657574}"
500,0.6,trend_x_dd,ABOVE_MA200|SHALLOW_GT_-5PCT,include,validation,4,0.6335183726627671,3,0.14300490079782996,0.6929237494124524,-0.0913390026385785,0.5119350532200991,826,1.641680999003775,"{'2023': -0.0036724416361151, '2024': 0.4335516196413724, '2025': 0.1302379286658819, '2026': 0.0119024965201806}"
500,0.6,trend_x_dd,BELOW_MA200|DEEP_LE_-10PCT,exclude,discovery,2,-0.25638992880410405,0,-0.13018741200949846,-1.3332548002974467,-0.2687068113363241,0.32596653707262135,452,0.5402875658411471,"{'2020': -0.0163284333084838, '2022': -0.2440463907105131}"
500,0.6,trend_x_dd,BELOW_MA200|DEEP_LE_-10PCT,exclude,validation,1,0.10165737566573885,1,0.1016573756657388,0.7621410602921593,-0.1172599359312865,0.5365874411910078,293,2.665647809669806,{'2025': 0.1016573756657388}
500,0.6,trend_x_dd,BELOW_MA200|DEEP_LE_-10PCT,include,discovery,2,-0.00542717396391057,1,-0.0017033590947489498,-0.21404280842364554,-0.0945624817934581,0.1413330414884627,176,0.5822901616156577,"{'2020': -0.0466851021314338, '2022': 0.0432783839419359}"
500,0.6,trend_x_dd,BELOW_MA200|DEEP_LE_-10PCT,include,validation,1,0.03015795124547682,1,0.0301579512454768,1.4960452711094436,-0.0136401156992654,0.0329406359193704,8,6.345727794729958,{'2025': 0.0301579512454768}
500,0.6,trend_x_dd,BELOW_MA200|MEDIUM_-5_TO_-10PCT,exclude,discovery,1,-0.08412702693378504,0,-0.084127026933785,-0.6445964987483346,-0.1813693337951381,0.3987273770665684,284,0.5720717568447138,{'2022': -0.084127026933785}
500,0.6,trend_x_dd,BELOW_MA200|MEDIUM_-5_TO_-10PCT,exclude,validation,3,0.2554370658695373,3,0.08010326456820467,0.8567811751849131,-0.0913389636197739,0.5296750356394372,669,1.6454363608284819,"{'2023': 0.0862791974504084, '2025': 0.142128099734025, '2026': 0.0119024965201806}"
500,0.6,trend_x_dd,BELOW_MA200|MEDIUM_-5_TO_-10PCT,include,discovery,1,-0.16430671237878336,0,-0.1643067123787833,-2.0088174447925264,-0.1643067123787833,0.1729638085786495,137,0.2415063724637815,{'2022': -0.1643067123787833}
500,0.6,trend_x_dd,BELOW_MA200|MEDIUM_-5_TO_-10PCT,include,validation,3,0.13409886452584607,1,0.045802933228556726,1.1202605563787191,-0.0425939323390471,0.04598761404923566,59,2.155753901551096,"{'2023': 0.1583159488618555, '2025': -0.0209071491761853, '2026': 0.0}"
500,0.6,trend_x_dd,BELOW_MA200|SHALLOW_GT_-5PCT,exclude,discovery,1,-0.16834415521715806,0,-0.168344155217158,-1.2027793555259148,-0.2562707066542383,0.4739187898667474,388,0.4726599988098724,{'2022': -0.168344155217158}
500,0.6,trend_x_dd,BELOW_MA200|SHALLOW_GT_-5PCT,exclude,validation,1,0.12975829046048948,1,0.1297582904604894,1.15130766782241,-0.0706465864700102,0.6257904565483977,292,1.0660655062638718,{'2023': 0.1297582904604894}
500,0.6,trend_x_dd,BELOW_MA200|SHALLOW_GT_-5PCT,include,discovery,1,-0.03558431832230646,0,-0.0355843183223065,-1.056818734596886,-0.0430391284753839,0.0528563258077062,18,0.4933846656020176,{'2022': -0.0355843183223065}
500,0.6,trend_x_dd,BELOW_MA200|SHALLOW_GT_-5PCT,include,validation,1,0.03153836483213124,1,0.0315383648321312,0.9798845620998804,-0.0166180060004108,0.0631656048525022,19,2.404986459888068,{'2023': 0.0315383648321312}
500,0.6,trend_x_vol,ABOVE_MA200|HIGH_GE_70PCT,exclude,discovery,4,-0.018692781415791893,3,0.001783783420788651,0.10061007735929733,-0.2374156340811756,0.5282175106837341,1036,1.091823670629971,"{'2019': 0.1035251214130443, '2020': 0.0412226720530899, '2021': 0.0455606230127851, '2022': -0.1831732827957647}"
500,0.6,trend_x_vol,ABOVE_MA200|HIGH_GE_70PCT,exclude,validation,3,0.923391997483183,3,0.24564984137167442,0.9966394992293887,-0.1027844564219715,0.5187305410506535,658,1.8334417941913508,"{'2023': 0.1483505442243962, '2024': 0.3114470821730726, '2025': 0.2771518977175544}"
500,0.6,trend_x_vol,ABOVE_MA200|HIGH_GE_70PCT,include,discovery,4,-0.1791537259342304,2,-0.04632801690504587,-0.5258291427517072,-0.1455280916337474,0.05717532835705147,191,0.8357555977267632,"{'2019': 0.0102476982028389, '2020': -0.1310702336540097, '2021': 0.0060837627231395, '2022': -0.0705732948921522}"
500,0.6,trend_x_vol,ABOVE_MA200|HIGH_GE_70PCT,include,validation,3,0.18238024017365095,2,0.0590401591096821,0.631808830076793,-0.0580128862830037,0.14238873830434817,247,1.4175525460497418,"{'2023': -0.0148410941878139, '2024': 0.1273092711379617, '2025': 0.0646523003788985}"
500,0.6,trend_x_vol,ABOVE_MA200|LOW_LE_30PCT,exclude,discovery,3,0.1923704894697793,2,0.06292978043212834,0.7139564366232986,-0.1862094177486469,0.4363512592968824,627,1.3083704377413383,"{'2019': 0.1106650165089069, '2020': -0.0389488407764393, '2021': 0.1170731655639174}"
500,0.6,trend_x_vol,ABOVE_MA200|LOW_LE_30PCT,exclude,validation,4,0.3741562495627828,4,0.08411326213335524,1.0075514450509238,-0.0771562125806186,0.3503648215462761,604,1.77322245076558,"{'2023': 0.0852798945958328, '2024': 0.0636231353769181, '2025': 0.1706275373977306, '2026': 0.0169224811629395}"
500,0.6,trend_x_vol,ABOVE_MA200|LOW_LE_30PCT,include,discovery,3,-0.09247503979830496,1,-0.031197978512269565,-0.36903564780565956,-0.1309765339332507,0.18022731818127355,184,1.038362656398767,"{'2019': 0.0053439117042253, '2020': -0.0210379294171947, '2021': -0.0778999178238393}"
500,0.6,trend_x_vol,ABOVE_MA200|LOW_LE_30PCT,include,validation,4,0.3646386259968697,2,0.09087519942641202,0.7759185544644861,-0.0745268936791619,0.2974337596493047,418,1.3050928567621287,"{'2023': -0.0055477445464862, '2024': 0.3594007045238565, '2025': -0.0099344051958079, '2026': 0.0195822429240857}"
500,0.6,trend_x_vol,ABOVE_MA200|MID_30_TO_70PCT,exclude,discovery,4,-0.2938080603407103,1,-0.07587151788385114,-0.704731061043123,-0.2385747917669058,0.4467643298277496,960,0.7365949786708832,"{'2019': 0.1196461617147419, '2020': -0.1852321275994286, '2021': -0.0728045555988113, '2022': -0.1650955500519066}"
500,0.6,trend_x_vol,ABOVE_MA200|MID_30_TO_70PCT,exclude,validation,4,0.9427767440629666,4,0.196419915189912,1.4714477188727746,-0.0794676314321908,0.43511481189052265,739,1.5779404179694785,"{'2023': 0.1455544762700187, '2024': 0.5414782258481796, '2025': 0.079064715717364, '2026': 0.0195822429240857}"
500,0.6,trend_x_vol,ABOVE_MA200|MID_30_TO_70PCT,include,discovery,4,0.193311587608765,3,0.047558797066867976,0.18239982087818907,-0.0551119551446372,0.16037151074995487,277,1.0879458319722177,"{'2019': 0.0007027315076248, '2020': 0.1138279860274447, '2021': 0.1186536072478989, '2022': -0.0429491365154965}"
500,0.6,trend_x_vol,ABOVE_MA200|MID_30_TO_70PCT,include,validation,4,0.23988432061306342,2,0.06409972327749072,0.24080885127737767,-0.0848509025360929,0.24326709362644888,323,1.7349345664115305,"{'2023': -0.0080076452528103, '2024': -0.0598402183478331, '2025': 0.3073242755476668, '2026': 0.0169224811629395}"
500,0.6,trend_x_vol,BELOW_MA200|HIGH_GE_70PCT,exclude,discovery,2,-0.11514561464070361,0,-0.0583929640727435,-0.6163614055076423,-0.151553727996818,0.30396470929074665,366,0.6035165753197524,"{'2020': -0.0163284333084838, '2022': -0.1004574948370032}"
500,0.6,trend_x_vol,BELOW_MA200|HIGH_GE_70PCT,exclude,validation,1,0.1086689854088716,1,0.1086689854088716,0.8208332684826795,-0.111641647549985,0.5180735401810921,286,2.754253720746933,{'2025': 0.1086689854088716}
500,0.6,trend_x_vol,BELOW_MA200|HIGH_GE_70PCT,include,discovery,2,-0.19475287584782475,0,-0.10100197611374814,-1.1185661757775476,-0.1973026780257359,0.18076751498233645,263,0.406270574839858,"{'2020': -0.0466851021314338, '2022': -0.1553188500960625}"
500,0.6,trend_x_vol,BELOW_MA200|HIGH_GE_70PCT,include,validation,1,0.00867578088486276,1,0.0086757808848627,0.2399165571686525,-0.0422088904873975,0.0593983145764586,18,1.21299242050263,{'2025': 0.0086757808848627}
500,0.6,trend_x_vol,BELOW_MA200|LOW_LE_30PCT,exclude,discovery,1,-0.1954931661553192,0,-0.1954931661553192,-1.4066447873933403,-0.2662971391238634,0.4985221227264809,398,0.465630212494298,{'2022': -0.1954931661553192}
500,0.6,trend_x_vol,BELOW_MA200|LOW_LE_30PCT,exclude,validation,1,0.041848734956051015,1,0.041848734956051,0.4335510656633921,-0.0706465864652611,0.591590984902991,271,0.916155988416227,{'2023': 0.041848734956051}
500,0.6,trend_x_vol,BELOW_MA200|LOW_LE_30PCT,include,discovery,1,0.0,0,0.0,,0.0,0.0,0,,{'2022': 0.0}
500,0.6,trend_x_vol,BELOW_MA200|LOW_LE_30PCT,include,validation,1,0.09922419174513153,1,0.0992241917451315,2.1100542187247164,-0.0149849763234919,0.0940796975172809,42,3.5340510182351563,{'2023': 0.0992241917451315}
500,0.6,trend_x_vol,BELOW_MA200|MID_30_TO_70PCT,exclude,discovery,1,-0.2157261940542642,0,-0.2157261940542642,-1.7557999013673091,-0.2659100876558971,0.4134315071619106,352,0.4322361517970816,{'2022': -0.2157261940542642}
500,0.6,trend_x_vol,BELOW_MA200|MID_30_TO_70PCT,exclude,validation,2,0.16671122053553988,2,0.0824451419641424,1.0352145005762,-0.0653167997926523,0.5214842284205755,395,1.1355292479867234,"{'2023': 0.1529877874081042, '2026': 0.0119024965201806}"
500,0.6,trend_x_vol,BELOW_MA200|MID_30_TO_70PCT,include,discovery,1,-0.01120490994751,0,-0.01120490994751,-0.1461391331824634,-0.0602896427034532,0.1343421405126266,58,0.7046959145972753,{'2022': -0.01120490994751}
500,0.6,trend_x_vol,BELOW_MA200|MID_30_TO_70PCT,include,validation,2,0.06227457996253771,1,0.03113728998126885,1.8495282666477904,-0.0122387401148726,0.02199103349879555,25,2.961635019612178,"{'2023': 0.0622745799625377, '2026': 0.0}"
500,0.6,vol_regime,HIGH_GE_70PCT,exclude,discovery,4,0.11561723491098541,3,0.0291069381136881,0.27566264197368184,-0.1263605448865958,0.39634076958185066,647,1.0921845777627048,"{'2019': 0.03232539040607, '2020': 0.0922127351424688, '2021': 0.0455606230127851, '2022': -0.0536709961065715}"
500,0.6,vol_regime,HIGH_GE_70PCT,exclude,validation,3,0.9070361646014031,3,0.24202969477111144,0.9892747187114187,-0.1027660525664364,0.49895063291142305,640,1.896086541790093,"{'2023': 0.1483505442243962, '2024': 0.3114470821730726, '2025': 0.2662914579158655}"
500,0.6,vol_regime,HIGH_GE_70PCT,include,discovery,4,-0.2872438645839025,2,-0.07547560737667475,-0.6204865907513339,-0.2381484975442988,0.2061350922990745,596,0.8818864423897789,"{'2019': 0.0458033097052201, '2020': -0.16772273729102, '2021': 0.0060837627231395, '2022': -0.1860667646440386}"
500,0.6,vol_regime,HIGH_GE_70PCT,include,validation,3,0.21045119552963398,2,0.06746548236248823,0.6853751230019487,-0.0580128862830037,0.15953284720715918,262,1.3899602463965968,"{'2023': -0.0148410941878139, '2024': 0.1273092711379617, '2025': 0.0899282701373169}"
500,0.6,vol_regime,LOW_LE_30PCT,exclude,discovery,4,-0.015088563923770892,2,0.005746044285945426,0.2517767298805128,-0.2662971391238634,0.4427190979184972,1006,1.1274706070879954,"{'2019': 0.1403530185116228, '2020': -0.0389488407764393, '2021': 0.1170731655639174, '2022': -0.1954931661553192}"
500,0.6,vol_regime,LOW_LE_30PCT,exclude,validation,4,0.2501146352876107,3,0.059621893319057775,0.7137099429911775,-0.0771562125806186,0.32684489716695586,562,1.656989591582767,"{'2023': -0.0126855806613571, '2024': 0.0636231353769181, '2025': 0.1706275373977306, '2026': 0.0169224811629395}"
500,0.6,vol_regime,LOW_LE_30PCT,include,discovery,4,-0.15294634070375202,0,-0.04014580678555077,-0.8529001108605883,-0.1309765339332507,0.15429697423028949,210,0.6416460707785032,"{'2019': -0.0616453799011691, '2020': -0.0210379294171947, '2021': -0.0778999178238393, '2022': 0.0}"
500,0.6,vol_regime,LOW_LE_30PCT,include,validation,4,0.5036005899224578,3,0.11619161576833956,1.0266525986473218,-0.0745268936842654,0.3087012466196643,457,1.3711726370450743,"{'2023': 0.0957179208212239, '2024': 0.3594007045238565, '2025': -0.0099344051958079, '2026': 0.0195822429240857}"
500,0.6,vol_regime,MID_30_TO_70PCT,exclude,discovery,4,-0.33719409425825886,1,-0.09154221827303421,-0.8602740215218856,-0.2381484975442988,0.41831555449771907,881,0.74159823160112,"{'2019': 0.0779345747501416, '2020': -0.1852321275994286, '2021': -0.0728045555988113, '2022': -0.1860667646440386}"
500,0.6,vol_regime,MID_30_TO_70PCT,exclude,validation,4,0.8306790092117258,4,0.17989536311116744,1.3378666468435534,-0.088261927223386,0.42410043738097186,715,1.5449544203025412,"{'2023': 0.0794562679550405, '2024': 0.5414782258481796, '2025': 0.079064715717364, '2026': 0.0195822429240857}"
500,0.6,vol_regime,MID_30_TO_70PCT,include,discovery,4,0.15827070517148667,2,0.04028331762382997,0.4820761159802507,-0.0812680244335739,0.22222004988749192,388,1.2062260305686079,"{'2019': -0.0176773266734522, '2020': 0.1138279860274447, '2021': 0.1186536072478989, '2022': -0.0536709961065715}"
500,0.6,vol_regime,MID_30_TO_70PCT,include,validation,4,0.23447787618490334,2,0.06301834184336462,0.2266197413973426,-0.0848509025360929,0.24492668831168618,336,1.7478383748733042,"{'2023': -0.0123331709893147, '2024': -0.0598402183478331, '2025': 0.3073242755476668, '2026': 0.0169224811629395}"
500,0.8,ALL,ALL,baseline,discovery,4,-0.1651330045646786,2,-0.03644581717379937,-0.15831621230477008,-0.3043343799904534,0.61329787323261,1122,0.9654258402280528,"{'2019': 0.1000352249157083, '2020': 0.0055361547865524, '2021': -0.0273261321184135, '2022': -0.2240285162790447}"
500,0.8,ALL,ALL,baseline,validation,4,0.9454397697817034,3,0.19389516233941223,0.7567247217425348,-0.0894626118040764,0.6237977125939365,911,1.6778752428037889,"{'2023': 0.1960991569797654, '2024': 0.4790940663610494, '2025': 0.1072550315772014, '2026': -0.0068676055603673}"
500,0.8,abs_regime,CALM_UPTREND,exclude,discovery,3,0.2510717755719156,3,0.07929454791782,0.7794675733188647,-0.2049644245867263,0.5006108347110093,587,1.4644526945614234,"{'2019': 0.1552296411864437, '2020': 0.0039342772737227, '2021': 0.0787197252932936}"
500,0.8,abs_regime,CALM_UPTREND,exclude,validation,4,0.4657573748170971,3,0.10311199298447304,0.8094260502323865,-0.0799076606001877,0.5128268441153836,734,1.5956130431314002,"{'2023': 0.2163487397102916, '2024': 0.0788092976218834, '2025': 0.1195827567521075, '2026': -0.0022928221463903}"
500,0.8,abs_regime,CALM_UPTREND,include,discovery,3,-0.18796338842814164,1,-0.06568391927599493,-0.8475216681340344,-0.1574598185220859,0.21924658491277713,200,0.6830397125212769,"{'2019': -0.1206582028868876, '2020': 0.0018763214584696, '2021': -0.0782698763995668}"
500,0.8,abs_regime,CALM_UPTREND,include,validation,4,0.374214912536075,3,0.09159985324286023,0.42323126385201904,-0.0533665859491143,0.22091817367379205,242,1.294485442797504,"{'2023': -0.0138719578703354, '2024': 0.3427080947909264, '2025': 0.011452558484883, '2026': 0.0261107175659669}"
500,0.8,abs_regime,CALM_WEAK,exclude,discovery,2,0.06925446389090761,1,0.0356477858585316,0.3616774120159157,-0.1192636865014548,0.7048112953186139,533,1.317334960392678,"{'2019': 0.0931966560713464, '2021': -0.0219010843542832}"
500,0.8,abs_regime,CALM_WEAK,exclude,validation,2,0.33162709096267196,2,0.15494656740124918,1.1814261278887745,-0.0894626118040764,0.6555777622784091,563,1.9406484135626965,"{'2023': 0.202638103225297, '2025': 0.1072550315772014}"
500,0.8,abs_regime,CALM_WEAK,include,discovery,2,0.004142424309908854,1,0.0021113619239077498,0.06514369467951359,-0.0118315018073122,0.01210558446815665,6,2.783789363383205,"{'2019': 0.0113177394460664, '2021': -0.0070950155982509}"
500,0.8,abs_regime,CALM_WEAK,include,validation,2,-0.014485659367145853,1,-0.0072403394004736,-0.15600952599884538,-0.0322357605619486,0.0372199780635816,18,0.5253053533765111,"{'2023': -0.0148168214886656, '2025': 0.0003361426877184}"
500,0.8,abs_regime,STRESS_REVERSAL,exclude,discovery,4,0.05773530378798242,2,0.017437947028812174,0.11943205755397346,-0.1108103257104234,0.43892985973607906,554,0.8785549785651559,"{'2019': 0.1350793695980863, '2020': 0.0543647137634131, '2021': -0.051057498252119, '2022': -0.0686347969941317}"
500,0.8,abs_regime,STRESS_REVERSAL,exclude,validation,4,0.6141486934634144,3,0.1325507699490141,0.33552446018472215,-0.1070945681112297,0.4927729426699578,615,1.5865743853847094,"{'2023': 0.0821124323352524, '2024': 0.2821813732457681, '2025': 0.1799623197330875, '2026': -0.0140530455180515}"
500,0.8,abs_regime,STRESS_REVERSAL,include,discovery,4,-0.058117172291472285,3,-0.007926817896646968,0.2211853601551394,-0.2810933610703889,0.27095715971976186,632,1.558268727501001,"{'2019': 0.0656279857732937, '2020': 0.0041884131399074, '2021': 0.0936814156751788, '2022': -0.1952050861749678}"
500,0.8,abs_regime,STRESS_REVERSAL,include,validation,4,0.4305640285278298,3,0.09517914778840884,1.118780481446032,-0.0689556384641284,0.23228076392899893,377,1.8497622111089278,"{'2023': 0.1331456977893061, '2024': 0.142517599339657, '2025': 0.1056451904274851, '2026': -0.0005918964028128}"
500,0.8,abs_regime,VOLATILE_UPTREND,exclude,discovery,4,-0.15762064329720094,2,-0.036818812756626,-0.21132391364572078,-0.2810933610703889,0.4418999989056295,841,1.0162284908556878,"{'2019': 0.064676105319273, '2020': 0.0060261325558788, '2021': -0.022772402726688, '2022': -0.1952050861749678}"
500,0.8,abs_regime,VOLATILE_UPTREND,exclude,validation,4,0.9280567265044168,4,0.19210474724631613,1.2540320285033886,-0.0916006057080917,0.43811402026115587,621,1.7631087162461951,"{'2023': 0.1054209261592711, '2024': 0.5165846546765018, '2025': 0.1144313231413469, '2026': 0.0319820850081447}"
500,0.8,abs_regime,VOLATILE_UPTREND,include,discovery,4,0.05640961224966312,3,0.015274541973047746,0.17204314044596913,-0.0952247211183907,0.31552825497843967,384,0.9354349089757228,"{'2019': 0.0711185232715856, '2020': 0.0522186987706734, '2021': 0.0063957428440637, '2022': -0.0686347969941317}"
500,0.8,abs_regime,VOLATILE_UPTREND,include,validation,4,0.19847178169150315,2,0.04992230725360555,0.12219025978756284,-0.1166050648129264,0.36564872477010474,421,1.5321818312131834,"{'2023': 0.0723196122550646, '2024': -0.0466487436280398, '2025': 0.1832222529955567, '2026': -0.0092038926081593}"
500,0.8,dd_regime,DEEP_LE_-10PCT,exclude,discovery,2,-0.22323026235518162,1,-0.10783903055164684,-1.0170308364002567,-0.271345274105355,0.3720765695910383,435,0.4772488593463671,"{'2020': 0.0306581093545872, '2022': -0.2463361704578809}"
500,0.8,dd_regime,DEEP_LE_-10PCT,exclude,validation,1,0.05348276549262443,1,0.0534827654926244,0.4362059635952005,-0.1184822236604844,0.5901816697872709,290,2.411877722492802,{'2025': 0.0534827654926244}
500,0.8,dd_regime,DEEP_LE_-10PCT,include,discovery,2,0.012578631681907204,1,0.00690881860325325,-0.044740138605279034,-0.115330001676199,0.1687781599405284,167,0.7601513294665163,"{'2020': -0.0289623020802713, '2022': 0.0427799392867778}"
500,0.8,dd_regime,DEEP_LE_-10PCT,include,validation,1,0.050983485131840034,1,0.05098348513184,2.0658537676485524,-0.0134676095166401,0.0470921518972414,8,9.994237222785928,{'2025': 0.05098348513184}
500,0.8,dd_regime,MEDIUM_-5_TO_-10PCT,exclude,discovery,4,-0.006185526215409354,1,4.177139230039997e-05,0.07198769958123978,-0.1717798216335258,0.5614885923096802,869,0.9774526938147128,"{'2019': 0.0848757658031151, '2020': -0.0100937194366839, '2021': -0.0002508881656166, '2022': -0.074364072631613}"
500,0.8,dd_regime,MEDIUM_-5_TO_-10PCT,exclude,validation,4,0.773444523971105,3,0.16368568818031193,0.6516672067192585,-0.089461383968587,0.5910217786554677,833,1.6372674782822845,"{'2023': 0.1146251917568261, '2024': 0.4138953165732089, '2025': 0.13308984995158, '2026': -0.0068676055603673}"
500,0.8,dd_regime,MEDIUM_-5_TO_-10PCT,include,discovery,4,-0.14412887975015876,2,-0.032362369882889624,0.09924944038660266,-0.2047818281551349,0.10904294034599675,314,3.3012813988737886,"{'2019': 0.0652145259134147, '2020': -0.0027148741082158, '2021': 0.0117366724024694, '2022': -0.2036858037392268}"
500,0.8,dd_regime,MEDIUM_-5_TO_-10PCT,include,validation,4,0.31904681238840693,2,0.07549720626219181,1.185912948285017,-0.0644057863215622,0.09508432527876874,130,6.539066269713669,"{'2023': 0.2092940286831284, '2024': 0.1102625403800554, '2025': -0.0175677440144166, '2026': 0.0}"
500,0.8,dd_regime,SHALLOW_GT_-5PCT,exclude,discovery,4,-0.03286158994615285,2,0.000739850744262846,0.5233561606879074,-0.2617008060087571,0.2411113093723983,526,1.5835154623326804,"{'2019': 0.1984920415381579, '2020': -0.0270233731115557, '2021': 0.0117366724024694, '2022': -0.1802459378520202}"
500,0.8,dd_regime,SHALLOW_GT_-5PCT,exclude,validation,4,0.38644274837839543,3,0.08804640861366368,1.596227944027233,-0.0644057863215622,0.10682740250170832,138,6.864946647009866,"{'2023': 0.2092940286831284, '2024': 0.1102625403800554, '2025': 0.0326290653914709, '2026': 0.0}"
500,0.8,dd_regime,SHALLOW_GT_-5PCT,include,discovery,4,-0.14520897591191106,1,-0.03696889270341032,-0.45967866017790177,-0.1476064687208432,0.42513924190675756,650,0.8014938868540723,"{'2019': -0.0487056771071292, '2020': 0.0194313595486661, '2021': -0.0002508881656166, '2022': -0.1183503650895616}"
500,0.8,dd_regime,SHALLOW_GT_-5PCT,include,validation,4,0.6874998730035828,3,0.14995774090699238,0.5644862110296521,-0.0943850373251319,0.5792497903488683,825,1.6181153515666913,"{'2023': 0.1146251917568261, '2024': 0.4138953165732089, '2025': 0.0781780608583018, '2026': -0.0068676055603673}"
500,0.8,trend,ABOVE_MA200,exclude,discovery,4,-0.15275268400786846,1,-0.03573203238565535,-0.3705308768472624,-0.2529556956102917,0.2936661589764076,560,0.8834876939993999,"{'2019': 0.0724921635757671, '2020': -0.0289623020802713, '2021': 0.0, '2022': -0.1864579910381172}"
500,0.8,trend,ABOVE_MA200,exclude,validation,4,0.2626798169910658,2,0.06378315607206977,1.929701829870837,-0.0320772983087668,0.05922052870836497,75,3.9337050111517105,"{'2023': 0.2209792196637616, '2024': 0.0, '2025': 0.0341534046245175, '2026': 0.0}"
500,0.8,trend,ABOVE_MA200,include,discovery,4,-0.08170845752229772,2,-0.01944803075832675,-0.12419893886549815,-0.1517125619683446,0.3334953913963263,571,0.854745551525826,"{'2019': 0.0266268646753873, '2020': 0.0306581093545872, '2021': -0.0273261321184135, '2022': -0.107750964944868}"
500,0.8,trend,ABOVE_MA200,include,validation,4,0.6551809047521164,3,0.14881789288638078,0.4544196736678245,-0.1171341143496476,0.5934770181625136,854,1.5801674346382792,"{'2023': 0.0679512507875292, '2024': 0.4790940663610494, '2025': 0.0550938599573118, '2026': -0.0068676055603673}"
500,0.8,trend,BELOW_MA200,exclude,discovery,2,-0.08039629645662283,1,-0.0385464277951404,-0.6225993781181374,-0.1517125619683446,0.27640145224651436,296,0.4331685446936513,"{'2020': 0.0306581093545872, '2022': -0.107750964944868}"
500,0.8,trend,BELOW_MA200,exclude,validation,3,0.11905046636032135,2,0.038725835061491236,0.234037201100228,-0.1171341143496476,0.5623738851965872,607,1.540448870035097,"{'2023': 0.0679512507875292, '2025': 0.0550938599573118, '2026': -0.0068676055603673}"
500,0.8,trend,BELOW_MA200,include,discovery,2,-0.210020040456662,0,-0.10771014655919425,-0.9037764368524612,-0.2529556956102917,0.26247496105997214,305,0.5598844594977384,"{'2020': -0.0289623020802713, '2022': -0.1864579910381172}"
500,0.8,trend,BELOW_MA200,include,validation,3,0.2626798169910658,2,0.08504420809609303,1.929701829870837,-0.0320772983087668,0.07896070494448663,75,3.9337050111517105,"{'2023': 0.2209792196637616, '2025': 0.0341534046245175, '2026': 0.0}"
500,0.8,trend_x_dd,ABOVE_MA200|MEDIUM_-5_TO_-10PCT,exclude,discovery,3,-0.19875692581652438,0,-0.06690947397914386,-0.4117662742766206,-0.2741715931756406,0.5275360618047545,703,0.808240541567477,"{'2020': -0.0100937194366839, '2021': -0.0002508881656166, '2022': -0.1903838143351311}"
500,0.8,trend_x_dd,ABOVE_MA200|MEDIUM_-5_TO_-10PCT,exclude,validation,3,0.8816662363449455,3,0.24082842369318783,1.134868919808357,-0.0894626118040765,0.6475162270192455,777,1.8634581836425055,"{'2023': 0.193772252747614, '2024': 0.4138953165732089, '2025': 0.1148177017587406}"
500,0.8,trend_x_dd,ABOVE_MA200|MEDIUM_-5_TO_-10PCT,include,discovery,3,-0.09381736975157884,1,-0.03095650331842043,-0.37059921059940043,-0.1097226601527388,0.0678891874299974,158,0.8423793168895083,"{'2020': -0.0027148741082158, '2021': 0.0117366724024694, '2022': -0.1018913082495149}"
500,0.8,trend_x_dd,ABOVE_MA200|MEDIUM_-5_TO_-10PCT,include,validation,3,0.12010751385881635,2,0.03984734515147393,0.5058493200736752,-0.0581592709570748,0.0815089547323144,80,6.1089746827490075,"{'2023': 0.0254669932061399, '2024': 0.1102625403800554, '2025': -0.0161874981317735}"
500,0.8,trend_x_dd,ABOVE_MA200|SHALLOW_GT_-5PCT,exclude,discovery,4,-0.19047659279015727,2,-0.04400601478773147,-0.09115643301795945,-0.2959041917431464,0.3374703026521532,715,1.1029433704945935,"{'2019': 0.0724921635757671, '2020': -0.0270233731115557, '2021': 0.0117366724024694, '2022': -0.2332295220176067}"
500,0.8,trend_x_dd,ABOVE_MA200|SHALLOW_GT_-5PCT,exclude,validation,4,0.3933437618381497,3,0.08955122271047786,1.6098707594923125,-0.064405786321562,0.10729140998515084,146,6.972317832592183,"{'2023': 0.2153132850703851, '2024': 0.1102625403800554, '2025': 0.0326290653914709, '2026': 0.0}"
500,0.8,trend_x_dd,ABOVE_MA200|SHALLOW_GT_-5PCT,include,discovery,4,-0.019513998021536083,2,-0.004276500153626701,0.03153714306428479,-0.1033415642895617,0.3052394167867351,450,0.8676405925003664,"{'2019': 0.0266268646753873, '2020': 0.0194313595486661, '2021': -0.0002508881656166, '2022': -0.0629133366729436}"
500,0.8,trend_x_dd,ABOVE_MA200|SHALLOW_GT_-5PCT,include,validation,4,0.5839781905069916,3,0.13286323959032365,0.42918250866551383,-0.0943850373251319,0.5689755643627395,804,1.5649593902484307,"{'2023': 0.0462471864901512, '2024': 0.4138953165732089, '2025': 0.0781780608583018, '2026': -0.0068676055603673}"
500,0.8,trend_x_dd,BELOW_MA200|DEEP_LE_-10PCT,exclude,discovery,2,-0.22323026235518162,1,-0.10783903055164684,-1.0170308364002567,-0.271345274105355,0.3720765695910383,435,0.4772488593463671,"{'2020': 0.0306581093545872, '2022': -0.2463361704578809}"
500,0.8,trend_x_dd,BELOW_MA200|DEEP_LE_-10PCT,exclude,validation,1,0.05348276549262443,1,0.0534827654926244,0.4362059635952005,-0.1184822236604844,0.5901816697872709,290,2.411877722492802,{'2025': 0.0534827654926244}
500,0.8,trend_x_dd,BELOW_MA200|DEEP_LE_-10PCT,include,discovery,2,0.012578631681907204,1,0.00690881860325325,-0.044740138605279034,-0.115330001676199,0.1687781599405284,167,0.7601513294665163,"{'2020': -0.0289623020802713, '2022': 0.0427799392867778}"
500,0.8,trend_x_dd,BELOW_MA200|DEEP_LE_-10PCT,include,validation,1,0.050983485131840034,1,0.05098348513184,2.0658537676485524,-0.0134676095166401,0.0470921518972414,8,9.994237222785928,{'2025': 0.05098348513184}
500,0.8,trend_x_dd,BELOW_MA200|MEDIUM_-5_TO_-10PCT,exclude,discovery,1,-0.11865380724284758,0,-0.1186538072428476,-0.8107737578780708,-0.2114084172994348,0.4790586904988382,267,0.4948896802425243,{'2022': -0.1186538072428476}
500,0.8,trend_x_dd,BELOW_MA200|MEDIUM_-5_TO_-10PCT,exclude,validation,3,0.2529347185506958,2,0.07991131011576794,0.5189964415085244,-0.089461383968587,0.5917315711400221,636,1.6256173942558148,"{'2023': 0.137644171931796, '2025': 0.1089573639758751, '2026': -0.0068676055603673}"
500,0.8,trend_x_dd,BELOW_MA200|MEDIUM_-5_TO_-10PCT,include,discovery,1,-0.15511199318077695,0,-0.1551119931807769,-1.7629956045653354,-0.1562748732205023,0.1902190318218277,137,0.2652990077267335,{'2022': -0.1551119931807769}
500,0.8,trend_x_dd,BELOW_MA200|MEDIUM_-5_TO_-10PCT,include,validation,3,0.195364979493591,1,0.0662755120441066,1.2476512128183064,-0.0375653454112061,0.06268418428640589,59,2.855327530882562,"{'2023': 0.2149319007897294, '2025': -0.0161053646574096, '2026': 0.0}"
500,0.8,trend_x_dd,BELOW_MA200|SHALLOW_GT_-5PCT,exclude,discovery,1,-0.17678578608562057,0,-0.1767857860856205,-1.138472741713812,-0.2763504923441385,0.5362797110424071,376,0.4305567156494123,{'2022': -0.1767857860856205}
500,0.8,trend_x_dd,BELOW_MA200|SHALLOW_GT_-5PCT,exclude,validation,1,0.18712611259798395,1,0.1871261125979839,1.4545828892206007,-0.0773447642643599,0.6957851504251454,270,1.2713165832390916,{'2023': 0.1871261125979839}
500,0.8,trend_x_dd,BELOW_MA200|SHALLOW_GT_-5PCT,include,discovery,1,-0.0680323549564914,0,-0.0680323549564914,-1.5867430626337222,-0.082157667705971,0.0695321996532895,19,0.1976911335556069,{'2022': -0.0680323549564914}
500,0.8,trend_x_dd,BELOW_MA200|SHALLOW_GT_-5PCT,include,validation,1,0.05351459125050084,1,0.0535145912505008,1.4856313469778624,-0.015472741732087,0.0600073999369263,22,4.089197388747394,{'2023': 0.0535145912505008}
500,0.8,trend_x_vol,ABOVE_MA200|HIGH_GE_70PCT,exclude,discovery,4,-0.07031702755902558,2,-0.0081190757270235,0.04949383928063272,-0.2850306177510702,0.585279104412713,976,1.0910647854218396,"{'2019': 0.102995146973652, '2020': 0.115286342931314, '2021': -0.0293697495111453, '2022': -0.2213880433019147}"
500,0.8,trend_x_vol,ABOVE_MA200|HIGH_GE_70PCT,exclude,validation,3,1.0391749487988724,3,0.2692357459007786,1.0904457864520405,-0.1023173407725775,0.5740153007393607,625,1.8659270614115904,"{'2023': 0.1956723018958037, '2024': 0.291233645386747, '2025': 0.320801290419785}"
500,0.8,trend_x_vol,ABOVE_MA200|HIGH_GE_70PCT,include,discovery,4,-0.18716542302871575,2,-0.0478488512666114,-0.2972501041424904,-0.1593193671822742,0.07068174515077777,183,1.062996194288329,"{'2019': 0.0183454975439372, '2020': -0.1429183858064764, '2021': 0.0213975187659762, '2022': -0.0882200355698826}"
500,0.8,trend_x_vol,ABOVE_MA200|HIGH_GE_70PCT,include,validation,3,0.14311004477433453,2,0.047727191181426896,0.41196990243873716,-0.0668129414171723,0.16237957812137538,245,1.350328885127191,"{'2023': -0.0115512967005224, '2024': 0.142555981825569, '2025': 0.0121768884192341}"
500,0.8,trend_x_vol,ABOVE_MA200|LOW_LE_30PCT,exclude,discovery,3,0.1918752912821695,2,0.06146137755541087,0.6620183628962462,-0.2049644245867263,0.4858213750766463,581,1.4113795735012447,"{'2019': 0.0899460208414109, '2020': -0.0089060518253784, '2021': 0.1033441636502001}"
500,0.8,trend_x_vol,ABOVE_MA200|LOW_LE_30PCT,exclude,validation,4,0.3728029389632257,3,0.08402229894834873,0.7180910647273693,-0.0879864501934684,0.39640093618764966,573,1.767096906181549,"{'2023': 0.1208136572648288, '2024': 0.070065349871228, '2025': 0.1491124399793031, '2026': -0.003902251321965}"
500,0.8,trend_x_vol,ABOVE_MA200|LOW_LE_30PCT,include,discovery,3,-0.07863179714718116,2,-0.026037222367768367,-0.24720925618045153,-0.1108355793696668,0.20591268466119397,170,0.9802899535274182,"{'2019': 0.0007697586774406, '2020': 0.0054438819286719, '2021': -0.0843253077094176}"
500,0.8,trend_x_vol,ABOVE_MA200|LOW_LE_30PCT,include,validation,4,0.3502838335064242,2,0.08772027791573728,0.5374975244213639,-0.0814425048567294,0.3208715195477638,412,1.31529334628851,"{'2023': -0.0020081614758191, '2024': 0.3519766778627942, '2025': -0.0120034825910745, '2026': 0.0129160778670485}"
500,0.8,trend_x_vol,ABOVE_MA200|MID_30_TO_70PCT,exclude,discovery,4,-0.3152035545399481,1,-0.08344203712308425,-0.6396486860970734,-0.2892313353102848,0.501253795626099,904,0.7650983506576554,"{'2019': 0.0942105525014618, '2020': -0.1552237307901143, '2021': -0.0655729555370284, '2022': -0.2071820146666561}"
500,0.8,trend_x_vol,ABOVE_MA200|MID_30_TO_70PCT,exclude,validation,4,0.9691222329506517,4,0.20295612071698005,1.1961786095070068,-0.0889894090571294,0.4841273544091076,720,1.6546604113990449,"{'2023': 0.1810605222561503, '2024': 0.5683317169647955, '2025': 0.0495161657799259, '2026': 0.0129160778670485}"
500,0.8,trend_x_vol,ABOVE_MA200|MID_30_TO_70PCT,include,discovery,4,0.20636006237486426,3,0.050265424380511826,0.21778483389331882,-0.0688389659679055,0.19200697106870795,258,1.2647219169866821,"{'2019': 0.014047728743574, '2020': 0.1271616150119505, '2021': 0.1028014902820193, '2022': -0.0429491365154965}"
500,0.8,trend_x_vol,ABOVE_MA200|MID_30_TO_70PCT,include,validation,4,0.21489789346528165,1,0.059333654301515576,-0.0636212915266487,-0.0793815097068691,0.28230783991941943,315,1.662221678617825,"{'2023': -0.0144876632859236, '2024': -0.0578424557409267, '2025': 0.3135669875548776, '2026': -0.003902251321965}"
500,0.8,trend_x_vol,BELOW_MA200|HIGH_GE_70PCT,exclude,discovery,2,-0.09463145516187954,1,-0.045452286574135005,-0.46128566645229874,-0.1734727340087017,0.3530562862542467,347,0.5071622616233892,"{'2020': 0.0306581093545872, '2022': -0.1215626825028572}"
500,0.8,trend_x_vol,BELOW_MA200|HIGH_GE_70PCT,exclude,validation,1,0.055093859957311864,1,0.0550938599573118,0.4524857362103966,-0.1171341143496476,0.5708750885748095,283,2.4716988862673737,{'2025': 0.0550938599573118}
500,0.8,trend_x_vol,BELOW_MA200|HIGH_GE_70PCT,include,discovery,2,-0.15672285419894671,0,-0.08026672887731906,-0.7560488866354937,-0.2057197399409941,0.207990672373261,257,0.577408193330168,"{'2020': -0.0289623020802713, '2022': -0.1315711556743668}"
500,0.8,trend_x_vol,BELOW_MA200|HIGH_GE_70PCT,include,validation,1,0.03415340462451755,1,0.0341534046245175,0.8352311013641438,-0.0320772983087668,0.0743213145563794,18,1.797494302147712,{'2025': 0.0341534046245175}
500,0.8,trend_x_vol,BELOW_MA200|LOW_LE_30PCT,exclude,discovery,1,-0.22402851627904474,0,-0.2240285162790447,-1.4707572154963615,-0.3043343799904534,0.5711028952510729,383,0.4154934510902168,{'2022': -0.2240285162790447}
500,0.8,trend_x_vol,BELOW_MA200|LOW_LE_30PCT,exclude,validation,1,0.06428905956295683,1,0.0642890595629568,0.5866302592344067,-0.0773450346123586,0.6464057607769199,247,1.038119839536653,{'2023': 0.0642890595629568}
500,0.8,trend_x_vol,BELOW_MA200|LOW_LE_30PCT,include,discovery,1,0.0,0,0.0,,0.0,0.0,0,,{'2022': 0.0}
500,0.8,trend_x_vol,BELOW_MA200|LOW_LE_30PCT,include,validation,1,0.14119595887887804,1,0.141195958878878,2.5684379583695334,-0.0173267793549533,0.1040897027086025,32,9.359004710590094,{'2023': 0.141195958878878}
500,0.8,trend_x_vol,BELOW_MA200|MID_30_TO_70PCT,exclude,discovery,1,-0.19459296194614184,0,-0.1945929619461418,-1.3703251877411025,-0.2748548205834799,0.4755965555637781,338,0.4091204850745693,{'2022': -0.1945929619461418}
500,0.8,trend_x_vol,BELOW_MA200|MID_30_TO_70PCT,exclude,validation,2,0.1919723008095109,1,0.09667364889652455,0.5928535367734915,-0.0712463919888642,0.5835701491116467,353,1.2690678647050264,"{'2023': 0.2002149033534164, '2026': -0.0068676055603673}"
500,0.8,trend_x_vol,BELOW_MA200|MID_30_TO_70PCT,include,discovery,1,-0.04282277558794556,0,-0.0428227755879456,-0.5610101675754232,-0.0873356398711233,0.1666455103333807,54,0.5695633954647147,{'2022': -0.0428227755879456}
500,0.8,trend_x_vol,BELOW_MA200|MID_30_TO_70PCT,include,validation,2,0.06991197275467353,1,0.03495598637733675,1.600105907880341,-0.01605814669394,0.02923554878423895,25,3.936865799909465,"{'2023': 0.0699119727546735, '2026': 0.0}"
500,0.8,vol_regime,HIGH_GE_70PCT,exclude,discovery,4,0.055616535828772795,2,0.017224940130580402,0.14999721811480482,-0.126101894263787,0.44470743997378925,605,0.9737571699406342,"{'2019': 0.0336385583794422, '2020': 0.1485510246621846, '2021': -0.0293697495111453, '2022': -0.0839200730081599}"
500,0.8,vol_regime,HIGH_GE_70PCT,exclude,validation,3,0.9720100884794605,3,0.25473454869959394,1.0585231891730742,-0.1023172242524693,0.5492642735768579,607,1.8964618552955042,"{'2023': 0.1956723018958037, '2024': 0.291233645386747, '2025': 0.2772976988162312}"
500,0.8,vol_regime,HIGH_GE_70PCT,include,discovery,4,-0.2683974431748998,2,-0.06965366323224616,-0.3575877720889108,-0.258940187293818,0.2335395170064823,571,1.110311904496779,"{'2019': 0.0407141341479859, '2020': -0.1638094700345437, '2021': 0.0213975187659762, '2022': -0.176916835808403}"
500,0.8,vol_regime,HIGH_GE_70PCT,include,validation,3,0.19982042618928997,2,0.06446542726641356,0.6520552744132281,-0.0668129414171723,0.1844928416285565,260,1.3728871685511326,"{'2023': -0.0115512967005224, '2024': 0.142555981825569, '2025': 0.0623915966741941}"
500,0.8,vol_regime,LOW_LE_30PCT,exclude,discovery,4,-0.05045766431403276,2,-0.002639447222636468,0.20042124455027854,-0.3043343799904534,0.4979370589641958,952,1.1838685853554456,"{'2019': 0.1190326155636771, '2020': -0.0089060518253784, '2021': 0.1033441636502001, '2022': -0.2240285162790447}"
500,0.8,vol_regime,LOW_LE_30PCT,exclude,validation,4,0.2029511043062937,2,0.04935376594339488,0.34763357917185583,-0.0861840920539773,0.370378510510499,541,1.5676685838880227,"{'2023': -0.0178604747549866, '2024': 0.070065349871228, '2025': 0.1491124399793031, '2026': -0.003902251321965}"
500,0.8,vol_regime,LOW_LE_30PCT,include,discovery,4,-0.13916814277645395,1,-0.03596622662281232,-0.6536508119592123,-0.1108355793696668,0.17827352002778096,196,0.7273243708176516,"{'2019': -0.0649834807105036, '2020': 0.0054438819286719, '2021': -0.0843253077094176, '2022': 0.0}"
500,0.8,vol_regime,LOW_LE_30PCT,include,validation,4,0.5175138186391717,3,0.11862010730301696,0.817001902011723,-0.0814422357242988,0.33359495235094877,441,1.432403859370161,"{'2023': 0.1215911560732996, '2024': 0.3519766778627942, '2025': -0.0120034825910745, '2026': 0.0129160778670485}"
500,0.8,vol_regime,MID_30_TO_70PCT,exclude,discovery,4,-0.29577548856167823,1,-0.07845893514149335,-0.6281121889828711,-0.258940187293818,0.4696616250584545,835,0.7815159149473415,"{'2019': 0.0838777815695723, '2020': -0.1552237307901143, '2021': -0.0655729555370284, '2022': -0.176916835808403}"
500,0.8,vol_regime,MID_30_TO_70PCT,exclude,validation,4,0.8484012993556562,4,0.18485430782630607,1.0763529555283977,-0.0938077002616671,0.47058772100019264,696,1.6048219621771722,"{'2023': 0.1086532706934544, '2024': 0.5683317169647955, '2025': 0.0495161657799259, '2026': 0.0129160778670485}"
500,0.8,vol_regime,MID_30_TO_70PCT,include,discovery,4,0.08615285376157522,2,0.02496994249913175,0.13082787729412249,-0.116940948085172,0.2649998573921169,363,1.1037658094405887,"{'2019': -0.0461632622892829, '2020': 0.1271616150119505, '2021': 0.1028014902820193, '2022': -0.0839200730081599}"
500,0.8,vol_regime,MID_30_TO_70PCT,include,validation,4,0.2103104056500571,1,0.058403323888411074,-0.07339591133154222,-0.0854196181101281,0.28337575392709535,328,1.6702203911306077,"{'2023': -0.0182089849383416, '2024': -0.0578424557409267, '2025': 0.3135669875548776, '2026': -0.003902251321965}"
