rank_cap,period,sleeve,scale,dimension,level,n,mean_fwd5,median_fwd5,mean_fwd10,median_fwd10,target_rate20,stop_rate20,unresolved_rate20,mean_mfe20,mean_mae20,mean_age,mean_width
300,discovery,all,all,episode,0,791,7.915609200311555e-05,0.0007110430454519,0.0035937809905626818,0.0036753548909196,0.10366624525916561,0.683944374209861,0.21238938053097345,0.06444944611017148,-0.06856247823632211,13.446270543615677,0.1647617283932131
300,discovery,all,all,episode,1,2599,4.502359970178469e-05,0.0025211939053589,-0.0006573795762180575,0.0023801129484155503,0.11004232397075799,0.7679876875721431,0.12196998845709889,0.06654206369964583,-0.07194538902655917,10.875336667949211,0.13581245015184124
300,discovery,all,all,episode,2,1281,-0.003101776953246963,2.0224082837860813e-05,-0.0016263921716058692,0.00024997416820785,0.1014832162373146,0.7580015612802498,0.1405152224824356,0.06455848558620936,-0.06563408555025255,20.90632318501171,0.13833881611802937
300,discovery,all,all,episode,3+,1191,0.003644301986406809,0.00369207933928145,0.006629799825585259,0.0065476015687040996,0.08648194794290512,0.7187237615449202,0.19479429051217464,0.05828394342919316,-0.05137803638324612,48.6801007556675,0.1373474754963738
300,discovery,all,all,touch_last10,0,835,-0.0005930035833621985,0.0004100881689561,0.002236414056447349,0.00283687118433835,0.10538922155688622,0.6826347305389222,0.2119760479041916,0.06375060377725567,-0.06926424947660048,14.919760479041916,0.1647870036727602
300,discovery,all,all,touch_last10,1,2491,-0.0011233672364881723,0.0009140767824498,-0.0009961673576565373,0.0019447518409132,0.09995985547972702,0.7599357687675632,0.14010437575270976,0.06543095699728335,-0.07098664213736817,18.48655158570855,0.1448145339561411
300,discovery,all,all,touch_last10,2,873,0.0024706482537418958,0.0040830611292579,0.002506476178248607,0.00238044352272,0.10652920962199312,0.7468499427262314,0.1466208476517755,0.06613590389749285,-0.06709680110596507,20.331042382588773,0.13290531632820662
300,discovery,all,all,touch_last10,3+,1663,0.0010219856561982188,0.0028556533963411497,0.003240939018167173,0.0060688684638727,0.10282621767889356,0.751052315093205,0.14612146722790137,0.06138365601435709,-0.05607252558305757,28.50450992182802,0.12612114164823637
300,discovery,all,all,bottom_streak,1,4179,-0.0006026065957068457,0.0013605442176869,0.0007440330607804294,0.0026246719160105,0.11366355587461115,0.7432400095716679,0.14309643455372098,0.06504670262333857,-0.06765875151358584,17.635319454414933,0.13578148232109777
300,discovery,all,all,bottom_streak,2,941,0.001876940022894148,0.0036794943941822,0.0018181261480168802,0.0063371606491828495,0.07863974495217853,0.7438894792773645,0.17747077577045697,0.06640579813736339,-0.0675455344520691,24.414452709883104,0.15653280897806476
300,discovery,all,all,bottom_streak,3+,742,0.0017578858017263481,0.0023185304084181,0.002867004265060772,0.0029349091252758,0.07008086253369272,0.7520215633423181,0.1778975741239892,0.05622628811110178,-0.05415258866927967,36.37196765498652,0.1473959083542011
300,discovery,all,all,touch_accel10,+1,2364,0.0001858707874854306,0.00205720197731815,0.0006005211596512688,0.0028163725122043,0.10194585448392555,0.7525380710659898,0.1455160744500846,0.06638061576376064,-0.06945830389131012,17.495346869712353,0.14410760120748123
300,discovery,all,all,touch_accel10,+2+,2065,0.0008536963508260802,0.0030527180932253,0.0027266577057965995,0.004717965364739099,0.10217917675544794,0.7627118644067796,0.1351089588377724,0.06512688660379398,-0.06117762702221384,22.13317191283293,0.12855166411310687
300,discovery,all,all,touch_accel10,<=0,1433,-0.0011535096899412327,0.0003582620908635,-7.916846060983077e-05,0.0019578649926408,0.10397766922540126,0.7048150732728542,0.19120725750174458,0.05905592155356854,-0.06696180117749408,25.538032100488486,0.15210495200208826
300,discovery,all,small,episode,0,318,0.0008871659970269417,0.0033022028214335503,0.0020544586254813714,0.0033507073715561,0.18553459119496854,0.7232704402515723,0.09119496855345911,0.06390222219134342,-0.06606084589440814,7.047169811320755,0.10020573217943453
300,discovery,all,small,episode,1,1623,0.001876206188703841,0.0039682539682539,0.002002450376106741,0.0041487839771099,0.14910659272951324,0.7714109673444239,0.07948243992606285,0.06765542606442723,-0.06480341720330504,6.897104128157733,0.09735826440800129
300,discovery,all,small,episode,2,781,-0.0005548787260911425,0.00053550213076195,0.00025970465134856133,0.00192858261294685,0.14084507042253522,0.7669654289372599,0.09218950064020487,0.06358306106978132,-0.05976429706306087,14.988476312419975,0.09819824675175017
300,discovery,all,small,episode,3+,648,0.0034015810807444384,0.00417801583679605,0.006868427620351865,0.0078088329421805,0.12654320987654322,0.7669753086419753,0.10648148148148148,0.05444900240496425,-0.046598434660037574,38.351851851851855,0.08763605890471825
300,discovery,all,small,touch_last10,0,340,0.00027763813900815126,0.00248536506836945,0.00039558670494799594,0.0022570681872178,0.18529411764705883,0.7264705882352941,0.08823529411764706,0.06261257767586922,-0.06619324837706336,8.691176470588236,0.1001893719837379
300,discovery,all,small,touch_last10,1,1414,0.0009825656591774799,0.0027608420568272,0.0010312623169946714,0.00345451554532,0.14214992927864215,0.772984441301273,0.08486562942008487,0.06660598585842477,-0.06499779215341062,11.364214992927865,0.09791633005025122
300,discovery,all,small,touch_last10,2,554,0.0028963513566518553,0.0039947894051237,0.0021957467662688172,0.0027192914303473,0.1444043321299639,0.7815884476534296,0.0740072202166065,0.06453488102723906,-0.06442073113790506,13.402527075812275,0.09979584365874612
300,discovery,all,small,touch_last10,3+,1062,0.0019003471186438575,0.0035215991414003,0.005474118638736131,0.00755079942654555,0.14030131826741996,0.7580037664783428,0.1016949152542373,0.06011819483110173,-0.0498618918811838,22.16949152542373,0.08997543154251327
300,discovery,all,small,bottom_streak,1,2567,0.0012081236316000554,0.0027805595367391,0.001992408708867077,0.0039530731956134,0.15075964160498637,0.7615894039735099,0.0876509544215037,0.06491516660467964,-0.06245674202746492,13.208024931827035,0.09700825128678807
300,discovery,all,small,bottom_streak,2,449,0.003274016688041434,0.0062939863821021,0.003162939014622527,0.011376400803444101,0.1403118040089087,0.7706013363028953,0.08908685968819599,0.06648413733063695,-0.06053742301129807,16.100222717149222,0.09836078245959247
300,discovery,all,small,bottom_streak,3+,354,0.0015049414648310002,0.00247082552553815,0.00586569655010117,0.00348829179778455,0.12146892655367232,0.7824858757062146,0.096045197740113,0.05248129117983072,-0.04391874877052385,25.02542372881356,0.08523929512169079
300,discovery,all,small,touch_accel10,+1,1359,0.0016673142722966703,0.00369375459896965,0.0022344255062546315,0.0037023646851009,0.1434878587196468,0.7674760853568801,0.08903605592347315,0.06703076638589436,-0.06423087283342904,10.526122148638706,0.09782257589320385
300,discovery,all,small,touch_accel10,+2+,1342,0.0018536078153208874,0.0032961812963077,0.004395710943738327,0.0070128625868367996,0.13859910581222057,0.7727272727272727,0.08867362146050671,0.06412736548032036,-0.05576226724760667,15.99478390461997,0.09493289502974454
300,discovery,all,small,touch_accel10,<=0,669,0.0005211994362135336,0.0015612802498048,-0.0005016130618100459,0.0020746887966804,0.16741405082212257,0.7443946188340808,0.08819133034379671,0.056671526786708955,-0.06118427197970482,21.260089686098656,0.09419739474116492
300,discovery,all,large,episode,0,473,-0.00046181429217061925,-0.0005980145915559,0.004610000300843635,0.0041070984076735,0.048625792811839326,0.6575052854122622,0.2938689217758985,0.06481734718033497,-0.07024433676640382,17.748414376321353,0.20816301125998177
300,discovery,all,large,episode,1,976,-0.002996889393151271,-0.0005777007510108,-0.005027299152341207,0.0003675119441381,0.045081967213114756,0.7622950819672131,0.19262295081967212,0.0646906424721456,-0.08382184422035167,17.49077868852459,0.1997582938631653
300,discovery,all,large,episode,2,500,-0.007045361304972106,-0.0013723229116482999,-0.0044862056470611625,-0.001438749832487,0.04,0.744,0.216,0.06608209868086999,-0.07480269516724596,30.15,0.20103838546815742
300,discovery,all,large,episode,3+,543,0.0039312359938441085,0.00353378736558855,0.006343720232241738,0.004157401140868,0.03867403314917127,0.6611418047882136,0.3001841620626151,0.0628604476349028,-0.05708187048387068,61.005524861878456,0.1966715969538191
300,discovery,all,large,touch_last10,0,495,-0.0011887991408294856,-0.0008992805755395,0.0034826884745431832,0.0036015177824939,0.050505050505050504,0.6525252525252525,0.296969696969697,0.06453227827113726,-0.07137362396921183,19.197979797979798,0.20915709412582603
300,discovery,all,large,touch_last10,1,1077,-0.003883475182766382,-0.0009607096512949,-0.003640892461316675,0.0004084252290099,0.04456824512534819,0.7428040854224698,0.21262766945218198,0.0638882542956548,-0.07884944053784726,27.837511606313836,0.20638747761717025
300,discovery,all,large,touch_last10,2,319,0.0017310564705217454,0.00427701585637255,0.003041010697249211,0.0011682242990653,0.04075235109717868,0.6865203761755486,0.2727272727272727,0.06891636367843518,-0.07174427058027617,32.36363636363637,0.19040577983567092
300,discovery,all,large,touch_last10,3+,601,-0.0005147778436436463,0.0013461969934933,-0.0006167170895959005,0.0023847376788552,0.036605657237936774,0.7387687188019967,0.22462562396006655,0.06361979540972676,-0.06704705635076133,39.69883527454243,0.1899925961112612
300,discovery,all,large,bottom_streak,1,1612,-0.003477607368857466,-0.0006976744186046,-0.0012187172452417332,0.00036296744160315,0.05459057071960298,0.7140198511166254,0.2313895781637717,0.06525616475727007,-0.07594259664439997,24.68548387096774,0.19752520692722245
300,discovery,all,large,bottom_streak,2,492,0.0006138686705262943,0.0015547660474241,0.0006077945680717956,0.0039642912062701,0.022357723577235773,0.7195121951219512,0.258130081300813,0.06633430566220112,-0.07394114834821991,32.0020325203252,0.2096206949674836
300,discovery,all,large,bottom_streak,3+,388,0.0019863942627336333,0.0018497109826589,0.00018902773243111395,0.00142163498646505,0.023195876288659795,0.7242268041237113,0.25257731958762886,0.0596431152081893,-0.06348964878309296,46.72422680412371,0.20410580805602752
300,discovery,all,large,touch_accel10,+1,1005,-0.0018140779170097434,-0.00047088057048499997,-0.0015891443181256595,0.0016618509661316,0.045771144278606964,0.7323383084577114,0.2218905472636816,0.06550145686278577,-0.07652703902331053,26.919402985074626,0.20669600857275777
300,discovery,all,large,touch_accel10,+2+,723,-0.0009922940451643335,0.002415458937198,-0.0003096990321538873,0.0009330362787712499,0.034578146611341634,0.7441217150760719,0.22130013831258644,0.06698215264487503,-0.07122937365779172,33.52697095435685,0.190953307418601
300,discovery,all,large,touch_accel10,<=0,764,-0.0026119849631801,-0.0010149708195889,0.0002877062467412295,0.0017336152219873,0.04842931937172775,0.6701570680628273,0.281413612565445,0.06114382744235003,-0.07202092033105564,29.284031413612567,0.20281196222140463
300,discovery,fresh,all,episode,0,565,-0.00015138952722149005,0.000187919349553,0.004090911672158907,0.00357191976097235,0.09911504424778761,0.7132743362831858,0.18761061946902655,0.06525512923486133,-0.0693124767926814,4.7752212389380535,0.16131899862474264
300,discovery,fresh,all,episode,1,1854,0.000553497857721692,0.0019964064683568,0.0010412269862439883,0.0026246719160105,0.11380798274002157,0.7804746494066882,0.10571736785329018,0.06910912909206283,-0.06909787822754558,3.7588996763754046,0.13333155395009869
300,discovery,fresh,all,episode,2,498,-0.0010638357371428786,0.00173221864327515,0.001145467954755283,0.0014107396634851,0.09839357429718876,0.7931726907630522,0.10843373493975904,0.07137405848115935,-0.06436099471980372,7.453815261044177,0.14327162243553204
300,discovery,fresh,all,episode,3+,84,0.004069770037906176,0.0020396600566572,0.012727707022986982,0.0100730294636111,0.08333333333333333,0.7142857142857143,0.20238095238095238,0.07489039297067769,-0.053994215428293954,11.904761904761905,0.17030055195352173
300,discovery,fresh,all,touch_last10,0,568,-0.00014971006515548027,0.000254582484725,0.004386637305262682,0.0036753548909196,0.10035211267605634,0.7112676056338029,0.18838028169014084,0.06542648996433623,-0.06915364232930293,4.816901408450704,0.16125762998360882
300,discovery,fresh,all,touch_last10,1,1502,-0.00022581949560900676,0.0008962368540302501,0.0012462879438310732,0.0023679981958109,0.10719041278295606,0.7789613848202397,0.11384820239680427,0.06969812768924022,-0.06968366052034002,3.727030625832224,0.13983080541015175
300,discovery,fresh,all,touch_last10,2,450,0.004378740846177352,0.0059586466165414,0.00287116108490442,0.0041898505061339,0.12666666666666668,0.7644444444444445,0.10888888888888888,0.06949516789730084,-0.06560492080537955,4.855555555555555,0.1250742690903864
300,discovery,fresh,all,touch_last10,3+,481,-0.0016589867791175607,0.0013461969934933,0.0004907957041733271,0.0018834810153673,0.0997920997920998,0.8045738045738046,0.09563409563409564,0.0700850059142792,-0.06318079788182512,8.024948024948024,0.13740712044915104
300,discovery,fresh,all,bottom_streak,1,2357,0.00032641630466452787,0.0016494845360826,0.0027919910231927517,0.0029879415217159,0.11709800593975392,0.7577428935086975,0.12515910055154858,0.06917809960966285,-0.06780636971366263,4.257530759439966,0.13790301921602435
300,discovery,fresh,all,bottom_streak,2,415,-3.469292258515201e-05,0.0006470670436824,-0.0014105963293043564,0.0033740436249583,0.06987951807228916,0.8168674698795181,0.11325301204819277,0.06939384945398634,-0.07146242451669989,6.067469879518073,0.15113953019514612
300,discovery,fresh,all,bottom_streak,3+,229,-9.038941335078141e-06,0.0018497109826589,-0.0004647801266383342,0.00084932375467535,0.07860262008733625,0.7860262008733624,0.13537117903930132,0.06542060779107321,-0.06279382313816663,7.973799126637554,0.15823636794890084
300,discovery,fresh,all,touch_accel10,+1,1485,0.00014919618094956814,0.0009878982464806,0.0013982148977721566,0.0023617292906249,0.10707070707070707,0.7771043771043771,0.11582491582491583,0.06991133331856175,-0.06958527252072669,3.6,0.13913171375979835
300,discovery,fresh,all,touch_accel10,+2+,911,0.0011359216460061535,0.0029370300751878,0.0016111998781801174,0.0031116679501884,0.1141602634467618,0.7892425905598244,0.09659714599341383,0.07031050851122142,-0.06453859494050675,6.2864983534577386,0.12988977113986155
300,discovery,fresh,all,touch_accel10,<=0,605,-0.0008305534164491832,0.000187919349553,0.003876548507322921,0.00386968150946795,0.09917355371900827,0.7140495867768595,0.18677685950413223,0.0643989161252042,-0.06897109984147552,5.464462809917356,0.16372937709378324
300,discovery,fresh,small,episode,0,235,0.0024835859025903627,0.00342916028803795,0.0020873193822541045,0.0040640081280163,0.1702127659574468,0.7319148936170212,0.09787234042553192,0.06734393657425683,-0.06792139189003801,2.651063829787234,0.10075372323024254
300,discovery,fresh,small,episode,1,1180,0.0018082114484498594,0.0034153691612255,0.0021936370886570795,0.0033740436249583,0.15,0.7822033898305085,0.06779661016949153,0.07071068632339227,-0.06495288076192926,2.471186440677966,0.09735387921148893
300,discovery,fresh,small,episode,2,276,0.002232387571736204,0.0022763514628726,0.003661993144770174,0.0029879415217159,0.13768115942028986,0.7934782608695652,0.06884057971014493,0.07284417813471,-0.05896435997311176,5.076086956521739,0.10176563913359979
300,discovery,fresh,small,episode,3+,21,-0.006903931269286843,-0.012269207040035401,0.021804243360485354,0.028026739581665648,0.047619047619047616,0.8571428571428571,0.09523809523809523,0.0694796291692062,-0.03601633869884159,7.0476190476190474,0.0843920405806686
300,discovery,fresh,small,touch_last10,0,235,0.0024835859025903627,0.00342916028803795,0.0020873193822541045,0.0040640081280163,0.1702127659574468,0.7319148936170212,0.09787234042553192,0.06734393657425683,-0.06792139189003801,2.651063829787234,0.10075372323024254
300,discovery,fresh,small,touch_last10,1,904,0.001465266135621973,0.0027966834723410503,0.0026632004910900585,0.0029554293774571496,0.14491150442477876,0.7809734513274337,0.07411504424778761,0.07170599573335269,-0.06579837384521013,2.149336283185841,0.09861715661791522
300,discovery,fresh,small,touch_last10,2,306,0.004374848127425627,0.0051559378039365,0.00035039349499393354,0.0023094988579621,0.1568627450980392,0.7875816993464052,0.05555555555555555,0.06959608186201899,-0.06559081583527068,3.503267973856209,0.10023472284178603
300,discovery,fresh,small,touch_last10,3+,267,-0.00020879888495084,0.0019964064683568,0.0057608230932669905,0.0076778878556732,0.13857677902621723,0.797752808988764,0.06367041198501873,0.07072679418205056,-0.05289283206991855,5.430711610486892,0.09331607472075892
300,discovery,fresh,small,bottom_streak,1,1422,0.0019200935456365799,0.0031966904851448,0.0026745436722946524,0.00346840693110455,0.15541490857946555,0.770042194092827,0.07454289732770746,0.07049249167657874,-0.06498582463238946,2.717299578059072,0.09852668428663397
300,discovery,fresh,small,bottom_streak,2,199,0.002948387325778496,0.0027404768429706,0.001577306042880866,0.0106226850234119,0.11557788944723618,0.8241206030150754,0.06030150753768844,0.07474531215676186,-0.06447494636851776,3.8442211055276383,0.10176802554753082
300,discovery,fresh,small,bottom_streak,3+,91,-0.0014031787702603125,0.0001611084259707,0.004630774205849907,0.0028797944646674,0.13186813186813187,0.8021978021978022,0.06593406593406594,0.06278967089006507,-0.04830852641645205,5.043956043956044,0.08854362134263061
300,discovery,fresh,small,touch_accel10,+1,904,0.001465266135621973,0.0027966834723410503,0.0026632004910900585,0.0029554293774571496,0.14491150442477876,0.7809734513274337,0.07411504424778761,0.07170599573335269,-0.06579837384521013,2.149336283185841,0.09861715661791522
300,discovery,fresh,small,touch_accel10,+2+,573,0.002248747308633721,0.0026833631484795,0.0028609885244084104,0.0050685754517520495,0.14834205933682373,0.7923211169284468,0.059336823734729496,0.07012295828339497,-0.05967395429015897,4.401396160558464,0.09701085015711895
300,discovery,fresh,small,touch_accel10,<=0,235,0.0024835859025903627,0.00342916028803795,0.0020873193822541045,0.0040640081280163,0.1702127659574468,0.7319148936170212,0.09787234042553192,0.06734393657425683,-0.06792139189003801,2.651063829787234,0.10075372323024254
300,discovery,fresh,large,episode,0,330,-0.002031219559465313,-0.0023503876530573,0.005499009039986742,0.0020533880903488,0.048484848484848485,0.7,0.2515151515151515,0.06376764522044336,-0.07030309785971532,6.287878787878788,0.20444881595112907
300,discovery,fresh,large,episode,1,674,-0.0016469326931821844,-0.00025809553688405,-0.0009650142375024374,0.0020833015752974,0.050445103857566766,0.7774480712166172,0.17210682492581603,0.06630521583840006,-0.07635469871631008,6.013353115727003,0.19631917441235308
300,discovery,fresh,large,episode,2,222,-0.005102451683156889,0.0011954703261947502,-0.001894858858520624,-0.0004854368932039,0.04954954954954955,0.7927927927927928,0.15765765765765766,0.06954634215512341,-0.0710703244048802,10.40990990990991,0.1948736557298262
300,discovery,fresh,large,episode,3+,63,0.007553484738602371,0.0060801344914542,0.009846266915844644,0.0018017368743468,0.09523809523809523,0.6666666666666666,0.23809523809523808,0.07669398090450151,-0.05998684100477809,13.523809523809524,0.1989367224111394
300,discovery,fresh,large,touch_last10,0,333,-0.0020113150695437814,-0.002177700348432,0.00598769610441283,0.0027609363606869502,0.05105105105105105,0.6966966966966966,0.25225225225225223,0.06407333695132918,-0.07002324849515056,6.345345345345345,0.2039555821969454
300,discovery,fresh,large,touch_last10,1,598,-0.002788070452019582,-0.0008832088466388,-0.0008851360588832977,0.0022845275181724,0.05016722408026756,0.7759197324414716,0.17391304347826086,0.06666282215098321,-0.07555707047739253,6.1120401337792645,0.2021337126144692
300,discovery,fresh,large,touch_last10,2,144,0.004386958807986549,0.00853697740106135,0.008124229209333264,0.0047257383966246,0.0625,0.7152777777777778,0.2222222222222222,0.06928072572227476,-0.0656348938668609,7.729166666666667,0.17785830486866228
300,discovery,fresh,large,touch_last10,3+,214,-0.0034412270415747907,0.00098026528392195,-0.005892617753038715,-0.0017218816722914,0.0514018691588785,0.8130841121495327,0.13551401869158877,0.06928427008486351,-0.07601671784340946,11.261682242990654,0.192417911147659
300,discovery,fresh,large,bottom_streak,1,935,-0.0020949449227478465,-0.00033823987664095,0.0029686093463061084,0.0022845275181724,0.058823529411764705,0.7390374331550802,0.2021390374331551,0.0671790990544175,-0.07209601153780218,6.6,0.19778873929045546
300,discovery,fresh,large,bottom_streak,2,216,-0.0027957765013031334,-0.0020646531382728,-0.004130714998322036,-0.00110365928274765,0.027777777777777776,0.8101851851851852,0.16203703703703703,0.0644635666861515,-0.07789996225507138,8.11574074074074,0.19662531456956944
300,discovery,fresh,large,bottom_streak,3+,138,0.0008900802236964133,0.0036356043085100003,-0.0037619035182483752,0.00055300435561185,0.043478260869565216,0.7753623188405797,0.18115942028985507,0.0671555009649264,-0.07234572170103641,9.905797101449275,0.2041931791168037
300,discovery,fresh,large,touch_accel10,+1,581,-0.0019035992422829495,-0.0006575857209958,-0.0005616219369457178,0.0022778899758285,0.04819277108433735,0.7710843373493976,0.18072289156626506,0.06711894980226052,-0.0754774522155063,5.857142857142857,0.20216985430413975
300,discovery,fresh,large,touch_accel10,+2+,338,-0.000730859864969677,0.0036532450456621497,-0.00045690276260241353,0.0006272655185825501,0.05621301775147929,0.7840236686390533,0.15976331360946747,0.07062845608679702,-0.0727854561613626,9.482248520710058,0.18562829694788383
300,discovery,fresh,large,touch_accel10,<=0,370,-0.00293791374431672,-0.0023503876530573,0.004995432836222707,0.0034684846310251,0.05405405405405406,0.7027027027027027,0.24324324324324326,0.06252843016431942,-0.06963780624306422,7.251351351351351,0.2037274275206266
300,discovery,wide_fresh,all,episode,0,307,0.00237580736016335,0.0036539448645596002,0.007695188656661341,0.0105078809106828,0.08143322475570032,0.6905537459283387,0.2280130293159609,0.0817004167146575,-0.07962161928592702,4.990228013029316,0.20420732716339585
300,discovery,wide_fresh,all,episode,1,918,-5.723626908041452e-05,0.001682471703885,0.0033300648771462118,0.0038745521851306503,0.09586056644880174,0.7821350762527233,0.12200435729847495,0.08942722997016382,-0.08247516487633265,3.809368191721133,0.17408100438184324
300,discovery,wide_fresh,all,episode,2,254,0.000972092449312527,0.0036192544335866,0.0016748858126205076,-0.00119680209987105,0.09448818897637795,0.7874015748031497,0.11811023622047244,0.08883661612582068,-0.0797179409844292,7.346456692913386,0.18228838692379712
300,discovery,wide_fresh,all,episode,3+,36,0.010101354737092522,0.0146036161335187,0.015296394651305275,0.0114321721127013,0.1388888888888889,0.5555555555555556,0.3055555555555556,0.10916989687912174,-0.07188658924921106,12.86111111111111,0.23348489824120447
300,discovery,wide_fresh,all,touch_last10,0,308,0.002396313859088367,0.0037779715199071,0.008294122979714501,0.01051709835007825,0.08441558441558442,0.6883116883116883,0.22727272727272727,0.08215798078485041,-0.07945383494511642,5.016233766233766,0.2042431320914006
300,discovery,wide_fresh,all,touch_last10,1,780,-0.0008472837933313583,0.0009438059903381,0.0038527955796767398,0.0042183921899481,0.09102564102564102,0.7833333333333333,0.12564102564102564,0.08886539893419833,-0.0828030317740656,3.933333333333333,0.1798619492034687
300,discovery,wide_fresh,all,touch_last10,2,221,0.004186918300009796,0.00593812116498135,0.0012095318566706303,0.0012727272727273,0.1085972850678733,0.7601809954751131,0.13122171945701358,0.08785075571584627,-0.0807594025609923,4.719457013574661,0.1598138024233239
300,discovery,wide_fresh,all,touch_last10,3+,206,0.0013401465923827038,0.0038430584986598,0.0027797554055033445,-0.00065834604427435,0.10194174757281553,0.7718446601941747,0.1262135922330097,0.09532114351459421,-0.0780890232399187,8.262135922330097,0.18779933339131505
300,discovery,wide_fresh,all,bottom_streak,1,1196,0.0012934565849519481,0.00344750996599145,0.005501797518212601,0.0067296206184407,0.09949832775919733,0.754180602006689,0.14632107023411373,0.08863502394678247,-0.08164203578495959,4.316053511705686,0.17777341148103365
300,discovery,wide_fresh,all,bottom_streak,2,210,-0.0010329898821786379,0.0024231934227607,-0.00012328730862765092,0.00270609450985365,0.08095238095238096,0.7857142857142857,0.13333333333333333,0.08831303264578147,-0.0806473258256196,6.133333333333334,0.19309289853615746
300,discovery,wide_fresh,all,bottom_streak,3+,109,-0.00044957983838859105,0.0031594013474124,-0.001627866783851636,-0.0009608590938785001,0.05504587155963303,0.7614678899082569,0.1834862385321101,0.08364785625368028,-0.07717889429429177,8.330275229357799,0.22053402984507478
300,discovery,wide_fresh,all,touch_accel10,+1,769,-0.00033193791218506276,0.0015665796344646,0.004187858326900067,0.00536639691563775,0.08972691807542263,0.7815344603381015,0.12873862158647595,0.08923229014962042,-0.0827406339674302,3.7724317295188556,0.17876893988454964
300,discovery,wide_fresh,all,touch_accel10,+2+,416,0.002528476219181879,0.0043278228321894,0.0016791713419432655,-0.0004925435690162,0.10817307692307693,0.7716346153846154,0.1201923076923077,0.09235916491794148,-0.0799855869429743,6.180288461538462,0.1713447437452489
300,discovery,wide_fresh,all,touch_accel10,<=0,330,0.00146360229451619,0.0037779715199071,0.007502339122099981,0.01007100390387165,0.08484848484848485,0.6909090909090909,0.22424242424242424,0.08069635786877367,-0.07906291215466198,5.715151515151515,0.2074302724478189
300,discovery,wide_fresh,small,episode,0,130,0.004919061820125677,0.0075768406004288,0.006944017213825771,0.0105263157894737,0.12307692307692308,0.7692307692307693,0.1076923076923077,0.08584673570569373,-0.07778942806427934,2.753846153846154,0.12582247145126965
300,discovery,wide_fresh,small,episode,1,593,0.002561554362956429,0.0050894509561998,0.005484812243230344,0.006362480145288649,0.12647554806070826,0.7858347386172007,0.08768971332209106,0.09313462771156027,-0.07484559674019321,2.5531197301854975,0.12513803334174084
300,discovery,wide_fresh,small,episode,2,150,0.0050404675629411476,0.0041044776119403,0.005842589606033143,0.0044313146233383,0.10666666666666667,0.8,0.09333333333333334,0.08938563089384893,-0.07192432220526529,5.026666666666666,0.12645998370833691
300,discovery,wide_fresh,small,episode,3+,6,0.007315318691531141,0.0102165917449938,0.037580084761298635,0.0296281160604823,0.0,0.6666666666666666,0.3333333333333333,0.09438772932247512,-0.025987330038613754,7.0,0.12186234423273733
300,discovery,wide_fresh,small,touch_last10,0,130,0.004919061820125677,0.0075768406004288,0.006944017213825771,0.0105263157894737,0.12307692307692308,0.7692307692307693,0.1076923076923077,0.08584673570569373,-0.07778942806427934,2.753846153846154,0.12582247145126965
300,discovery,wide_fresh,small,touch_last10,1,473,0.002120450144123478,0.0047030987556271,0.006992733413710716,0.00685585831130845,0.1226215644820296,0.7864693446088795,0.09090909090909091,0.09358467434330366,-0.07509395192975692,2.3847780126849893,0.12521774349905224
300,discovery,wide_fresh,small,touch_last10,2,163,0.004353938339172676,0.0038444151800135,-0.0031169829381337997,-0.0021675019938614,0.1165644171779141,0.803680981595092,0.07975460122699386,0.08599829636664964,-0.08154361811497436,3.441717791411043,0.12700674711849552
300,discovery,wide_fresh,small,touch_last10,3+,113,0.005355064877776717,0.0065304148022735,0.013771826787619589,0.01097527742393405,0.12389380530973451,0.7699115044247787,0.10619469026548672,0.09663479620195499,-0.05767223152601948,5.495575221238938,0.1236896720171044
300,discovery,wide_fresh,small,bottom_streak,1,738,0.0034589296416584515,0.005148958088731,0.006700748128637342,0.007754884817152,0.12330623306233063,0.7818428184281843,0.0948509485094851,0.09112719404988161,-0.07556180298199888,2.8360433604336044,0.1255248661521243
300,discovery,wide_fresh,small,bottom_streak,2,108,0.0020569549649618077,0.0056857699577087,-0.0007813491949623314,0.0036854991630691503,0.1111111111111111,0.8055555555555556,0.08333333333333333,0.0920834909105273,-0.07406704705267277,3.8518518518518516,0.1262008588011984
300,discovery,wide_fresh,small,bottom_streak,3+,33,0.005526035031361706,0.0054278519228118,0.010941357907492712,0.00032452748174005,0.12121212121212122,0.7878787878787878,0.09090909090909091,0.09594529265327453,-0.05081167102753123,4.818181818181818,0.12111826397476275
300,discovery,wide_fresh,small,touch_accel10,+1,473,0.002120450144123478,0.0047030987556271,0.006992733413710716,0.00685585831130845,0.1226215644820296,0.7864693446088795,0.09090909090909091,0.09358467434330366,-0.07509395192975692,2.3847780126849893,0.12521774349905224
300,discovery,wide_fresh,small,touch_accel10,+2+,276,0.004760989788934758,0.0050894509561998,0.0036889553095578623,0.0059074493903821,0.11956521739130435,0.7898550724637681,0.09057971014492754,0.09035309521226377,-0.07177018809848197,4.282608695652174,0.1256486692690129
300,discovery,wide_fresh,small,touch_accel10,<=0,130,0.004919061820125677,0.0075768406004288,0.006944017213825771,0.0105263157894737,0.12307692307692308,0.7692307692307693,0.1076923076923077,0.08584673570569373,-0.07778942806427934,2.753846153846154,0.12582247145126965
300,discovery,wide_fresh,large,episode,0,177,0.0005010655011054053,0.000121256214381,0.008241098135466259,0.01007100390387165,0.05084745762711865,0.632768361581921,0.3163841807909605,0.07865509768169303,-0.08096729645436884,6.632768361581921,0.2617781251440535
300,discovery,wide_fresh,large,episode,1,325,-0.004847508574265825,-0.00318755068709915,-0.0006363172171105654,0.000390779778684,0.04,0.7753846153846153,0.18461538461538463,0.08266265501432352,-0.096396192275504,6.101538461538461,0.2633831023103994
300,discovery,wide_fresh,large,episode,2,104,-0.004856637280790018,0.00302838707086245,-0.00419227001305747,-0.0027421300866513,0.07692307692307693,0.7692307692307693,0.15384615384615385,0.088044767902703,-0.09095873730053101,10.692307692307692,0.2628101223307108
300,discovery,wide_fresh,large,episode,3+,30,0.01056569407801942,0.015434934504771,0.011582446299639717,-0.00212849158100635,0.16666666666666666,0.5333333333333333,0.3,0.11212633039045107,-0.08106644109133053,14.033333333333333,0.255809409042898
300,discovery,wide_fresh,large,touch_last10,0,178,0.0005472542740098844,0.00080951647601795,0.009269632926165899,0.0103181595692609,0.056179775280898875,0.6292134831460674,0.3146067415730337,0.07946394629209967,-0.08066941300415474,6.668539325842697,0.26151664828924903
300,discovery,wide_fresh,large,touch_last10,1,307,-0.005435556657159561,-0.0038421072401145003,-0.0010104077996351424,0.0023366508005191,0.04234527687296417,0.7785016286644951,0.1791530944625407,0.08159433291300353,-0.09468053915633926,6.319218241042345,0.2640531847024556
300,discovery,wide_fresh,large,touch_last10,2,58,0.0037204140526927868,0.012706533805384949,0.013354134789454996,0.0044867072925733,0.08620689655172414,0.6379310344827587,0.27586206896551724,0.09305680526617474,-0.07855548643514619,8.310344827586206,0.252012940607583
300,discovery,wide_fresh,large,touch_last10,3+,93,-0.003451852651474664,0.0018497109826589,-0.010123980564807029,-0.0091071307928519,0.07526881720430108,0.7741935483870968,0.15053763440860216,0.09372498487296232,-0.10289652284928016,11.623655913978494,0.26569601871696885
300,discovery,wide_fresh,large,bottom_streak,1,458,-0.0021980109866541323,-0.0008222099903673499,0.0035786485524977505,0.0021709415453887,0.0611353711790393,0.7096069868995634,0.2292576419213974,0.08461925640074061,-0.09143944148056003,6.700873362445415,0.26196429893242035
300,discovery,wide_fresh,large,bottom_streak,2,102,-0.004337089322685245,-0.0009642039291309,0.0005750640809520076,0.0013548925644386,0.049019607843137254,0.7647058823529411,0.18627450980392157,0.08432078271840354,-0.08761467982050451,8.549019607843137,0.26391976413787877
300,discovery,wide_fresh,large,bottom_streak,3+,76,-0.0029656282045992443,0.0031594013474124,-0.007063207190919463,-0.0009608590938785001,0.02631578947368421,0.75,0.2236842105263158,0.07830817992227752,-0.08862782018643778,9.855263157894736,0.26370140186771024
300,discovery,wide_fresh,large,touch_accel10,+1,296,-0.004265802712406955,-0.0024071526822557,-0.0003234792253128642,0.00313191764672845,0.037162162162162164,0.7736486486486487,0.1891891891891892,0.08227729784011986,-0.09495982519655,5.989864864864865,0.26434230437894246
300,discovery,wide_fresh,large,touch_accel10,+2+,140,-0.0018249252418362338,0.00375515250862205,-0.002223887377772041,-0.0046304915908149495,0.08571428571428572,0.7357142857142858,0.17857142857142858,0.09631398805199178,-0.09618165895068777,9.92142857142857,0.26143129056982845
300,discovery,wide_fresh,large,touch_accel10,<=0,200,-0.0007876819418657511,0.00115396533345075,0.007860237781250112,0.0098217533648599,0.06,0.64,0.3,0.07734861227477563,-0.07989067681341071,7.64,0.26047534309557585
300,validation,all,all,episode,0,713,0.002935604188810261,0.0031276486037930496,0.004235395698979334,0.0048461935643646994,0.10659186535764376,0.6507713884992987,0.2426367461430575,0.06526667209777223,-0.0562587943408697,18.8218793828892,0.15952543730441535
300,validation,all,all,episode,1,2359,0.0013019679297704742,0.00223210781396905,0.007661963424833104,0.00635549814208685,0.12293344637558287,0.7490462060194998,0.12802034760491734,0.0680084912847589,-0.055678784106848976,12.974989402289106,0.12887192448180462
300,validation,all,all,episode,2,1196,0.0014086927635115138,0.0013036670805650998,0.005431709097020741,0.0029479200786111,0.09197324414715718,0.7667224080267558,0.14130434782608695,0.05997993796317072,-0.055654350520256676,26.720735785953178,0.13153182888167264
300,validation,all,all,episode,3+,1207,-0.001970168274018576,4.672460517707311e-05,-0.0033948389736768465,-0.0011930010604453,0.06379453189726594,0.7638773819386909,0.17232808616404308,0.04656806770070401,-0.051491589420718825,56.34714167357084,0.12771413608059856
300,validation,all,all,touch_last10,0,746,0.002509075606600452,0.0027472527472527,0.0037910318342988117,0.0045363575717145,0.10455764075067024,0.6528150134048257,0.24262734584450402,0.06414531076877367,-0.05614856426045511,20.28686327077748,0.1582693840532772
300,validation,all,all,touch_last10,1,2354,0.0012887669428064436,0.0019656439620543,0.0063773649303441446,0.0037333333333333,0.11342395921835174,0.735768903993203,0.1508071367884452,0.06531336221670846,-0.05314417369408568,23.401869158878505,0.1357229398659205
300,validation,all,all,touch_last10,2,758,-0.001178727751999617,-0.0011094108645752,0.00792159462293266,0.0017318663406682,0.10026385224274406,0.7796833773087071,0.12005277044854881,0.06585817939185575,-0.05810015490686743,23.79419525065963,0.12316558337712488
300,validation,all,all,touch_last10,3+,1617,0.00029273426536501523,0.0006558810668999,-0.0003124619574270418,0.0012571053782246,0.08163265306122448,0.7792207792207793,0.1391465677179963,0.051570980330548105,-0.055128999686177335,34.47062461348175,0.12263034204972537
300,validation,all,all,bottom_streak,1,3775,0.0014234188954161623,0.0017683465959326,0.005330197272362907,0.0029486549432704,0.1157615894039735,0.7321854304635762,0.15205298013245033,0.06376583799203868,-0.05553795133246782,21.087682119205297,0.12912463779847919
300,validation,all,all,bottom_streak,2,923,-0.000118636046147299,0.00064547162261185,0.004121180242863846,0.0016739917247374,0.07583965330444203,0.7735644637053087,0.15059588299024917,0.06196309087962306,-0.05586017080714666,32.50270855904659,0.14313625582895803
300,validation,all,all,bottom_streak,3+,777,-0.0010062369451113017,0.0002722570106179,-0.0007150095142349927,0.001639344262295,0.059202059202059204,0.7619047619047619,0.1788931788931789,0.0476227289103239,-0.05013773460884052,44.26126126126126,0.14112389243629475
300,validation,all,all,touch_accel10,+1,2195,0.001113107030610507,0.0021777441656076002,0.0070424131971345725,0.00475806418801665,0.11845102505694761,0.7334851936218679,0.1480637813211845,0.06620929307727662,-0.053941727654792306,20.539407744874715,0.13554891677549222
300,validation,all,all,touch_accel10,+2+,1904,0.0009874971217069689,0.0007550969041028,0.004503267416973019,0.0023217047889592998,0.09191176470588236,0.7815126050420168,0.12657563025210083,0.0587820573868052,-0.05638937545324037,26.769432773109244,0.12160141857301329
300,validation,all,all,touch_accel10,<=0,1376,0.00013387670001519775,0.0006879527336003,-0.00040921453735614886,0.0014140919053580998,0.08575581395348837,0.7063953488372093,0.20784883720930233,0.0564392413488812,-0.05407286385239293,34.843023255813954,0.14546116493980052
300,validation,all,small,episode,0,310,0.002292401542970018,0.0027472527472527,0.007313433210099945,0.0070425361155699,0.16774193548387098,0.7322580645161291,0.1,0.06232090067869333,-0.05025876188713861,10.412903225806451,0.09824838607421796
300,validation,all,small,episode,1,1567,0.0021122135541269725,0.0023929039075095,0.005482261893622194,0.0053401687493324,0.16081684747925973,0.768985322271857,0.07019783024888322,0.06631431298808878,-0.05381541356182033,7.744097000638162,0.09410594954618902
300,validation,all,small,episode,2,736,0.002180409108372299,0.00118008330204285,0.008563225729673307,0.00427102679166275,0.12364130434782608,0.7907608695652174,0.08559782608695653,0.06146112691957449,-0.05296259488339433,18.527173913043477,0.09265443621134904
300,validation,all,small,episode,3+,696,-0.0008783417163093682,0.0004982561036372,-0.0026978629206931763,0.0009889974038816,0.10057471264367816,0.7758620689655172,0.1235632183908046,0.042793933758910205,-0.04519565651718484,49.26724137931034,0.07963053424827223
300,validation,all,small,touch_last10,0,330,0.002223738846486306,0.0025073320467428,0.006314541651968054,0.0050606096269272,0.1606060606060606,0.7363636363636363,0.10303030303030303,0.0606672453535084,-0.05023808438510964,12.648484848484848,0.09720471446108168
300,validation,all,small,touch_last10,1,1425,0.002898433316247203,0.0024152009783369004,0.006314069784169935,0.0039780521262,0.16210526315789472,0.7459649122807017,0.09192982456140351,0.06475420059590169,-0.04890520230612009,15.83719298245614,0.09345337234648211
300,validation,all,small,touch_last10,2,519,-0.0016858877381158205,-0.0023308531878277004,0.006710513400648644,0.00058513987938055,0.12138728323699421,0.8131021194605009,0.06551059730250482,0.06627153729992022,-0.05878117724054166,16.78034682080925,0.0930359764750031
300,validation,all,small,touch_last10,3+,1035,0.0009927196472865056,0.0006558810668999,0.0006044191737939881,0.001639344262295,0.11400966183574879,0.7980676328502415,0.08792270531400966,0.049820406084311215,-0.051758168005194075,26.896618357487924,0.08502730082494261
300,validation,all,small,bottom_streak,1,2437,0.0018909103043974224,0.0013778100072516,0.00558019748312697,0.0031746031746031,0.15346737792367665,0.7603610997127616,0.08617152236356175,0.06311229080236293,-0.05228647186942381,16.529749692244565,0.09332932054411572
300,validation,all,small,bottom_streak,2,494,0.0006199039154854083,0.0008747471460185,0.004998119922919512,0.0016952860111558,0.10526315789473684,0.805668016194332,0.08906882591093117,0.05899406552908308,-0.05207097903346129,22.722672064777328,0.09063506103582404
300,validation,all,small,bottom_streak,3+,378,0.0002674598111943275,0.0003278330237133,-0.0022676998522311756,0.0015850459116746,0.10317460317460317,0.8015873015873016,0.09523809523809523,0.0404927352249017,-0.045503757720128546,31.166666666666668,0.07756683913367486
300,validation,all,small,touch_accel10,+1,1335,0.0029319379085925184,0.0027469783238438,0.006626271152295382,0.004724889498552,0.16928838951310862,0.7445692883895131,0.08614232209737828,0.06616430936025769,-0.050101950680760225,12.896629213483147,0.09457883700813942
300,validation,all,small,touch_accel10,+2+,1277,0.0006843175137991362,0.0003914869159877,0.00496605462852457,0.0022241191371335503,0.11981205951448708,0.8057948316366484,0.07439310884886452,0.058204404191343984,-0.05463240181795362,19.99451840250587,0.08914621455869082
300,validation,all,small,touch_accel10,<=0,697,0.00031095450326446456,0.0007651945780497,5.578926069523773e-05,0.0015125042631832998,0.12338593974175036,0.7618364418938307,0.11477761836441894,0.05107259372087241,-0.0483413697649679,29.467718794835008,0.08814214650347471
300,validation,all,large,episode,0,403,0.0034280311520844624,0.0040086206896552,0.001952716717864047,0.0040266106442576,0.05955334987593052,0.5880893300248139,0.3523573200992556,0.06753265011244833,-0.06087420392066284,25.29032258064516,0.20666163055841338
300,validation,all,large,episode,1,792,-0.00029578683458558025,0.0018789810659027499,0.01199510502302347,0.0089613633024829,0.047979797979797977,0.7095959595959596,0.24242424242424243,0.07136048293991307,-0.0593655286069246,23.324494949494948,0.19765763499204408
300,validation,all,large,episode,2,460,0.0001896541125588576,0.0014885542856727,0.0004669355746376288,0.000751879699248,0.041304347826086954,0.7282608695652174,0.23043478260869565,0.05761003563292469,-0.05996115953923643,39.8304347826087,0.1937356571541904
300,validation,all,large,episode,3+,511,-0.0034645921997007176,-0.0018549883055084,-0.004337890245366998,-0.00467372719381,0.0136986301369863,0.7475538160469667,0.23874755381604695,0.05170857107347994,-0.06006687180987669,65.99021526418787,0.19320569552345399
300,validation,all,large,touch_last10,0,416,0.0027344502939369883,0.00315900035044855,0.0018542380492376687,0.0040440407776721,0.06009615384615385,0.5865384615384616,0.35336538461538464,0.0669043530453062,-0.060837166084647405,26.346153846153847,0.20671010752785537
300,validation,all,large,touch_last10,1,929,-0.0011685521897209258,0.000785810507409,0.006473804494278497,0.0029796928486812,0.038751345532831,0.7201291711517761,0.2411194833153929,0.06617106437994812,-0.05964636339037304,35.005382131324005,0.20056054343448856
300,validation,all,large,touch_last10,2,239,-8.377146398304496e-05,0.0013157894736841,0.010626161657450329,0.0056106227791286,0.05439330543933055,0.7071129707112971,0.2384937238493724,0.06496055280488731,-0.056621282140436796,39.02510460251046,0.18859347451604205
300,validation,all,large,touch_last10,3+,582,-0.000954036850833226,0.0005146244600521,-0.0019286310528583122,-0.00133129567568665,0.024054982817869417,0.7457044673539519,0.23024054982817868,0.05468411494370133,-0.06112351994359602,47.939862542955325,0.18950172979482868
300,validation,all,large,bottom_streak,1,1338,0.000579748501983164,0.0024866264695133002,0.004880703913695853,0.0024430388629186,0.04708520179372197,0.6808669656203289,0.27204783258594917,0.06495619262674707,-0.06146011534699564,29.389387144992526,0.19432134045085872
300,validation,all,large,bottom_streak,2,429,-0.0009686537378377739,-0.00069065315860185,0.003101331874206514,0.001652697438319,0.04195804195804196,0.7365967365967366,0.22144522144522144,0.06538196855600241,-0.060223482546541925,43.764568764568764,0.20359217710590016
300,validation,all,large,bottom_streak,3+,399,-0.002223838248419015,-5.3569158466400004e-05,0.0007509614165858702,0.00190110497935555,0.017543859649122806,0.7243107769423559,0.2581453634085213,0.05437745977019756,-0.05452781797709397,56.666666666666664,0.2013358376703557
300,validation,all,large,touch_accel10,+1,860,-0.001701699392776459,0.001157922864523,0.007687764446597554,0.0047912388774813,0.03953488372093023,0.7162790697674418,0.2441860465116279,0.06627912245195132,-0.059902311678435134,32.40348837209302,0.19914781967016199
300,validation,all,large,touch_accel10,+2+,627,0.0016037803836079967,0.0017001983564748,0.0035556555076055583,0.0023917995213843003,0.03508771929824561,0.7320574162679426,0.23285486443381181,0.05995855360786415,-0.05996777311234909,40.567783094098885,0.18770236837570828
300,validation,all,large,touch_accel10,<=0,679,-4.766745732195833e-05,0.0005321154744163999,-0.0008756317208119481,0.00061454181973285,0.047128129602356406,0.6494845360824743,0.30338733431516934,0.0619481565134204,-0.05995629740016208,40.36082474226804,0.20429968607399648
300,validation,fresh,all,episode,0,430,0.002105305500041213,0.0028877545128718997,0.004840293467617571,0.0048142868669482,0.10697674418604651,0.6697674418604651,0.22325581395348837,0.0690512875095739,-0.0564969303397684,4.579069767441861,0.1580541968575567
300,validation,fresh,all,episode,1,1617,0.0018669853027395086,0.0029710144927534,0.009766323410396134,0.00724762908571635,0.14285714285714285,0.743351886209029,0.11379097093382808,0.07356214206876405,-0.056307621632130586,3.198515769944341,0.1253387041186521
300,validation,fresh,all,episode,2,405,0.001585707380971935,0.0014559068219635,0.010481269828763521,-0.0009537434430137,0.11604938271604938,0.7679012345679013,0.11604938271604938,0.07277288992416861,-0.06447596538442689,6.74320987654321,0.13510022515647696
300,validation,fresh,all,episode,3+,79,-0.00629751786524592,-0.0038906341840742502,-0.007543180499016647,-0.0101299066735449,0.05063291139240506,0.8481012658227848,0.10126582278481013,0.06616537166891574,-0.06873195300449042,11.49367088607595,0.1668335203706297
300,validation,fresh,all,touch_last10,0,431,0.002052293616701186,0.0028473388333212,0.004946879127149717,0.00483942646277205,0.10672853828306264,0.6705336426914154,0.22273781902552203,0.06908090670520503,-0.056465908888019785,4.603248259860789,0.15815176645561538
300,validation,fresh,all,touch_last10,1,1337,0.0030046016086468447,0.0037412249358947,0.01064893412625764,0.0073107049608356,0.14659685863874344,0.7284966342557966,0.12490650710545999,0.075218318640412,-0.054426042099256916,3.1735228122662678,0.1303348856151899
300,validation,fresh,all,touch_last10,2,366,-0.002624692141071873,-0.0024903044539779503,0.013632021804323342,0.00123019402303965,0.1284153005464481,0.8032786885245902,0.06830601092896176,0.08066703816496448,-0.06302077316953596,4.33879781420765,0.12026671666419449
300,validation,fresh,all,touch_last10,3+,397,0.0003533338931174604,0.0011417642986112,0.00035173131912795354,-0.00071890287203075,0.0982367758186398,0.783375314861461,0.11838790931989925,0.05913658275790845,-0.06729387026652398,7.468513853904282,0.13121576019468126
300,validation,fresh,all,bottom_streak,1,1986,0.003167723116653648,0.0033898305084745,0.010684851293129113,0.006394071548021,0.1445115810674723,0.7215508559919436,0.1339375629405841,0.07469002360102915,-0.05694990040267805,3.7079556898288017,0.1306992455355622
300,validation,fresh,all,bottom_streak,2,341,-0.002384993863123386,0.0001621621621621,0.004588549313296791,-0.00116993654048085,0.08504398826979472,0.7800586510263929,0.1348973607038123,0.07304231924668869,-0.06313765893501408,5.803519061583578,0.1465465996675481
300,validation,fresh,all,bottom_streak,3+,204,-0.006877402477327747,-0.00347074506265935,-0.006339354905482929,-0.0011318403439403,0.058823529411764705,0.8284313725490197,0.11274509803921569,0.04951129608174568,-0.06006495390561178,7.044117647058823,0.14210949208824672
300,validation,fresh,all,touch_accel10,+1,1332,0.002832067453126128,0.0035805972165923,0.010710849398928277,0.0071845532105971,0.1463963963963964,0.7304804804804805,0.12312312312312312,0.07510135692181656,-0.05450410907872676,3.1253753753753752,0.13029367202138203
300,validation,fresh,all,touch_accel10,+2+,744,-0.00036989851205113653,0.0008744125040986,0.007442800760897373,0.0008908119114279,0.11424731182795698,0.7916666666666666,0.09408602150537634,0.06949308590050333,-0.06507658538824374,5.712365591397849,0.12440878085249406
300,validation,fresh,all,touch_accel10,<=0,455,0.0012534624320015438,0.0025604273333216998,0.0038364043514855168,0.0040710584752037,0.1054945054945055,0.6725274725274726,0.22197802197802197,0.06945990946287187,-0.056855476201287496,5.202197802197802,0.15916510861434352
300,validation,fresh,small,episode,0,186,0.0024134727341329535,0.0029440389294403,0.00965988996859764,0.0084312724334154,0.15591397849462366,0.7526881720430108,0.0913978494623656,0.06837363902546262,-0.05104995985673837,2.71505376344086,0.09907794168193229
300,validation,fresh,small,episode,1,1127,0.003467971615465784,0.0035261220881221,0.00814971832745635,0.0076656324146742,0.1836734693877551,0.7524401064773736,0.06388642413487133,0.07157976668269068,-0.05446499205421696,2.2448979591836733,0.0948302330763856
300,validation,fresh,small,episode,2,244,0.0007469937689513448,-0.0014109256672303,0.015216875911831096,-0.0011155082202332,0.14754098360655737,0.8073770491803278,0.045081967213114756,0.07747807904860267,-0.06421124985216801,4.827868852459017,0.09621870844076812
300,validation,fresh,small,episode,3+,23,-0.000984831940977261,0.0025938874478403,0.015078304888957873,-0.00391350462718555,0.08695652173913043,0.9130434782608695,0.0,0.09442723977084044,-0.06274384980427743,6.695652173913044,0.11593001928503924
300,validation,fresh,small,touch_last10,0,186,0.0024134727341329535,0.0029440389294403,0.00965988996859764,0.0084312724334154,0.15591397849462366,0.7526881720430108,0.0913978494623656,0.06837363902546262,-0.05104995985673837,2.71505376344086,0.09907794168193229
300,validation,fresh,small,touch_last10,1,887,0.005548088403231961,0.0055979057246817,0.010208158602416558,0.0092949254641033,0.19616685456595265,0.7328072153325818,0.07102593010146561,0.07441675275095498,-0.05106581990204354,1.9447576099210824,0.09701478856833204
300,validation,fresh,small,touch_last10,2,272,-0.003171349578847793,-0.0032330744705732,0.012353154902786762,0.0008908119114279,0.14338235294117646,0.8272058823529411,0.029411764705882353,0.08125364078227108,-0.06528068724842147,3.235294117647059,0.09487622382051832
300,validation,fresh,small,touch_last10,3+,235,0.00014895938780112752,-0.0006896551724138,0.0034307462419521212,-0.0007617435463393,0.13617021276595745,0.8127659574468085,0.05106382978723404,0.058034999451514746,-0.06570625689296435,5.348936170212766,0.09003820272722723
300,validation,fresh,small,bottom_streak,1,1296,0.0038662319797304026,0.00398909566150855,0.011407367421469815,0.008703889233975099,0.18904320987654322,0.7469135802469136,0.06404320987654322,0.07483377850827626,-0.05499909562162966,2.4637345679012346,0.096716216190455
300,validation,fresh,small,bottom_streak,2,183,0.0005421139510773555,0.0042326620782815,0.006259610261576247,-0.0021641040792532004,0.12021857923497267,0.8142076502732241,0.06557377049180328,0.07512357746838484,-0.059984160917543064,3.66120218579235,0.09805551463805905
300,validation,fresh,small,bottom_streak,3+,101,-0.0056484999904565965,-0.0047544061534735,-0.00857233436348815,-0.0014785685026371,0.06930693069306931,0.8811881188118812,0.04950495049504951,0.036952278111647044,-0.056753096181592036,4.99009900990099,0.08076781951915665
300,validation,fresh,small,touch_accel10,+1,887,0.005548088403231961,0.0055979057246817,0.010208158602416558,0.0092949254641033,0.19616685456595265,0.7328072153325818,0.07102593010146561,0.07441675275095498,-0.05106581990204354,1.9447576099210824,0.09701478856833204
300,validation,fresh,small,touch_accel10,+2+,507,-0.001653683404471341,-0.0025241237872373,0.008292548512243647,0.0005528994496572499,0.14003944773175542,0.8205128205128205,0.03944773175542406,0.0704915486467134,-0.06547794339530034,4.214990138067061,0.09263374856031435
300,validation,fresh,small,touch_accel10,<=0,186,0.0024134727341329535,0.0029440389294403,0.00965988996859764,0.0084312724334154,0.15591397849462366,0.7526881720430108,0.0913978494623656,0.06837363902546262,-0.05104995985673837,2.71505376344086,0.09907794168193229
300,validation,fresh,large,episode,0,244,0.001870692585197705,0.0028473388333212,0.0011897054796411804,0.0022673166307676,0.06967213114754098,0.6065573770491803,0.3237704918032787,0.06956785561631446,-0.060649129150602776,6.0,0.20301150613077862
300,validation,fresh,large,episode,1,490,-0.0017844445457530001,0.00048343471107345,0.013471761500290088,0.0066171923314781,0.04897959183673469,0.7224489795918367,0.22857142857142856,0.07812160545673275,-0.060545669661331916,5.391836734693878,0.19550818751586505
300,validation,fresh,large,episode,2,161,0.0028571331112961433,0.0035752246593874,0.0033163593264599776,0.00041794145590720003,0.06832298136645963,0.7080745341614907,0.2236024844720497,0.06564204429459156,-0.06487714917244658,9.645962732919255,0.1940262504896009
300,validation,fresh,large,episode,3+,56,-0.008519186524485542,-0.0043233244429149,-0.01693323103742116,-0.014889731703891,0.03571428571428571,0.8214285714285714,0.14285714285714285,0.0545578186984824,-0.07119135253314933,13.464285714285714,0.18774031545935438
300,validation,fresh,large,touch_last10,0,245,0.0017784487940582466,0.00277829242795875,0.0013921506111423882,0.0025202129372325502,0.06938775510204082,0.6081632653061224,0.3224489795918367,0.06961785278043803,-0.060577608968911,6.036734693877551,0.20299964975318704
300,validation,fresh,large,touch_last10,1,450,-0.0019517911852656698,0.00018026775039275,0.011507986191284342,0.0054017555705603,0.04888888888888889,0.72,0.2311111111111111,0.07679829407140833,-0.061049413407986385,5.595555555555555,0.19601249912755192
300,validation,fresh,large,touch_last10,2,94,-0.0010428748743160185,-0.00083617991242215,0.017468622508933093,0.0057010339163203,0.0851063829787234,0.7340425531914894,0.18085106382978725,0.07896963484680075,-0.056481447324250186,7.531914893617022,0.19373707893525746
300,validation,fresh,large,touch_last10,3+,162,0.000651434286222176,0.0037813681677552,-0.004078077247257784,-0.0004162330905306,0.043209876543209874,0.7407407407407407,0.21604938271604937,0.060734558541874636,-0.0695968896664407,10.54320987654321,0.1909486367678398
300,validation,fresh,large,bottom_streak,1,690,0.0018703471206042454,0.0028473388333212,0.009354298423000949,0.0032948929159801,0.06086956521739131,0.6739130434782609,0.26521739130434785,0.07442001438393889,-0.060614020687081945,6.044927536231884,0.19452823978376352
300,validation,fresh,large,bottom_streak,2,158,-0.005821984973991354,-0.0016806722689075,0.002499723127947474,0.0019091417255873502,0.04430379746835443,0.740506329113924,0.21518987341772153,0.0706317480152305,-0.06679012815778114,8.284810126582279,0.20271032473334877
300,validation,fresh,large,bottom_streak,3+,103,-0.008106304964198898,0.0004838709677419,-0.0041519464568247535,3.4926351806000006e-05,0.04854368932038835,0.7766990291262136,0.17475728155339806,0.06182644962524048,-0.06331250371266026,9.058252427184467,0.202260064219102
300,validation,fresh,large,touch_accel10,+1,445,-0.0025082169825549365,0.00013593571629775002,0.011699749326492316,0.0053583617747439,0.04719101123595506,0.7258426966292135,0.22696629213483147,0.07646594995452269,-0.06135750795449759,5.478651685393259,0.19662708690420297
300,validation,fresh,large,touch_accel10,+2+,237,0.002402412828908009,0.00494772502294455,0.005592238991298821,0.0032948929159801,0.05907172995780591,0.729957805907173,0.2109704641350211,0.06735713394975011,-0.06421798408200877,8.915611814345992,0.19238321702184055
300,validation,fresh,large,touch_accel10,<=0,269,0.00044970997546854477,0.0006701664246622,-0.0001658367290008083,0.001790332206087,0.07063197026022305,0.6171003717472119,0.31226765799256506,0.07021101095490949,-0.060869699398633736,6.921933085501859,0.2007123690211409
300,validation,wide_fresh,all,episode,0,212,0.0017623569373632342,0.0006709217044379,0.0029608038812043813,0.00318435980794535,0.09433962264150944,0.6698113207547169,0.2358490566037736,0.08418873852520949,-0.07012714118342869,4.476415094339623,0.20594210356052933
300,validation,wide_fresh,all,episode,1,747,0.002931217933612397,0.00565982278058525,0.01402069107158727,0.0091467576791808,0.12315930388219545,0.7362784471218207,0.14056224899598393,0.09710323446749396,-0.06742599723811364,3.2248995983935744,0.1666526190599486
300,validation,wide_fresh,all,episode,2,185,-0.0020113567786672316,-0.0024564851207186,0.01789810494155813,-0.00633893919793,0.08648648648648649,0.8108108108108109,0.10270270270270271,0.09520641927687258,-0.08441058145093062,6.794594594594595,0.17940223839014863
300,validation,wide_fresh,all,episode,3+,38,-0.009929741264480868,-0.0105946684894053,-0.015846555650921877,-0.0293784325690872,0.0,0.9473684210526315,0.05263157894736842,0.06945010316580112,-0.08997237050884788,11.236842105263158,0.20963472218855528
300,validation,wide_fresh,all,touch_last10,0,212,0.0017623569373632342,0.0006709217044379,0.0029608038812043813,0.00318435980794535,0.09433962264150944,0.6698113207547169,0.2358490566037736,0.08418873852520949,-0.07012714118342869,4.476415094339623,0.20594210356052933
300,validation,wide_fresh,all,touch_last10,1,639,0.004384793337998819,0.00595086228593095,0.015910952123061636,0.0105343076777071,0.1267605633802817,0.7230046948356808,0.15023474178403756,0.09916163533829857,-0.0656335971078868,3.2582159624413145,0.17002784046766645
300,validation,wide_fresh,all,touch_last10,2,166,-0.006670499915909639,-0.00776617898714245,0.022962513023227157,-0.006586375804946301,0.0963855421686747,0.8253012048192772,0.0783132530120482,0.10735288954608771,-0.07899791120544034,4.174698795180723,0.16253620961458673
300,validation,wide_fresh,all,touch_last10,3+,165,-0.0013776677175505938,-0.00045390262983695,-0.004716669370784342,-0.0059323775595935,0.06666666666666667,0.8303030303030303,0.10303030303030303,0.07032450295706968,-0.08696124710658493,7.987878787878788,0.18191660077735713
300,validation,wide_fresh,all,bottom_streak,1,930,0.0041066710447426776,0.0043691017126878,0.015195806241461435,0.0066036734260537,0.12365591397849462,0.7236559139784946,0.15268817204301074,0.09703458536184896,-0.06931380611165243,3.7010752688172044,0.17237297899606616
300,validation,wide_fresh,all,bottom_streak,2,164,-0.005762967252898188,-0.0004836525440123,0.005487923618058043,-0.002301495972382,0.06707317073170732,0.7865853658536586,0.14634146341463414,0.09162298811640787,-0.07784608021844153,5.762195121951219,0.189067312817706
300,validation,wide_fresh,all,bottom_streak,3+,88,-0.011522859651900213,-0.008443695559362599,-0.013906429803296873,-0.0043914680050188,0.022727272727272728,0.8636363636363636,0.11363636363636363,0.061000974584930014,-0.08000550768017031,7.443181818181818,0.2044415473808076
300,validation,wide_fresh,all,touch_accel10,+1,638,0.0043668597313019355,0.0060431387132762,0.015803717930757643,0.01050434548970745,0.12695924764890282,0.7241379310344828,0.14890282131661442,0.09892767969063274,-0.06566360114317829,3.2366771159874608,0.16978383541765846
300,validation,wide_fresh,all,touch_accel10,+2+,323,-0.002938285155774942,-0.00242605688568025,0.010631673364652436,-0.00408710024384255,0.08359133126934984,0.8235294117647058,0.09287925696594428,0.08969603482398954,-0.08241523087273323,5.826625386996904,0.17025404330333424
300,validation,wide_fresh,all,touch_accel10,<=0,221,-3.4844838947214095e-05,-0.0012371452872498,0.0015215864744294442,0.0026775648252539,0.09049773755656108,0.6787330316742082,0.23076923076923078,0.0839309561552577,-0.07129223716866774,4.95475113122172,0.2081023663100152
300,validation,wide_fresh,small,episode,0,90,0.0038305248919315135,0.0025690684162682,0.010680384229080315,0.0069953932775976,0.14444444444444443,0.7333333333333333,0.12222222222222222,0.0831197020161353,-0.05991608043997816,2.6222222222222222,0.12600879484486227
300,validation,wide_fresh,small,episode,1,523,0.006128518255330215,0.00713326340960935,0.011213161507515359,0.011088759776531,0.16061185468451242,0.745697896749522,0.09369024856596558,0.09371419069648318,-0.0620740952164985,2.1051625239005736,0.12501100275967175
300,validation,wide_fresh,small,episode,2,112,-0.0035652508370673827,-0.0071530758226036,0.028746932659834232,-0.00633893919793,0.10714285714285714,0.8392857142857143,0.05357142857142857,0.10441986423079662,-0.08208644593324992,4.669642857142857,0.12675611188995414
300,validation,wide_fresh,small,episode,3+,15,-0.000980923008419814,-0.0084081788648958,0.015370131114033328,-0.00391350462718555,0.0,1.0,0.0,0.09516508473890069,-0.07362638235123997,6.933333333333334,0.13389633305675866
300,validation,wide_fresh,small,touch_last10,0,90,0.0038305248919315135,0.0025690684162682,0.010680384229080315,0.0069953932775976,0.14444444444444443,0.7333333333333333,0.12222222222222222,0.0831197020161353,-0.05991608043997816,2.6222222222222222,0.12600879484486227
300,validation,wide_fresh,small,touch_last10,1,431,0.008952589364529617,0.0088525748383723,0.014042104325774303,0.01183511557746195,0.16937354988399073,0.7308584686774942,0.09976798143851508,0.09687183118282695,-0.05898418192050591,1.9048723897911832,0.12534435589217152
300,validation,wide_fresh,small,touch_last10,2,124,-0.007852706169058565,-0.0084944812361054,0.022954238043729813,-0.014254509582863551,0.11290322580645161,0.8387096774193549,0.04838709677419355,0.11163709660952122,-0.08216265690006004,3.0806451612903225,0.12546897696847253
300,validation,wide_fresh,small,touch_last10,3+,95,-0.0005638783453994411,-0.00423315875540705,0.004211263970779452,0.0016331715283763,0.09473684210526316,0.8421052631578947,0.06315789473684211,0.06884487978751974,-0.07528923804921904,5.526315789473684,0.1263611940759794
300,validation,wide_fresh,small,bottom_streak,1,613,0.005362953697883564,0.00572795779007775,0.01605896671642122,0.0100463678516229,0.16150081566068517,0.7520391517128875,0.0864600326264274,0.09693919956095975,-0.06415440627400637,2.365415986949429,0.12567912854144198
300,validation,wide_fresh,small,bottom_streak,2,93,-0.0015375942391113902,0.006498731200099,0.007262464632343886,-0.00281106037089145,0.08602150537634409,0.8172043010752689,0.0967741935483871,0.09101217005811688,-0.06965248356129143,3.817204301075269,0.12535990768470098
300,validation,wide_fresh,small,bottom_streak,3+,34,0.0003335831955094651,-0.0063479004979068495,-0.006320402166694759,0.0016411378555798,0.058823529411764705,0.8235294117647058,0.11764705882352941,0.05082161277565894,-0.06914543236627457,4.676470588235294,0.1243205381262077
300,validation,wide_fresh,small,touch_accel10,+1,431,0.008952589364529617,0.0088525748383723,0.014042104325774303,0.01183511557746195,0.16937354988399073,0.7308584686774942,0.09976798143851508,0.09687183118282695,-0.05898418192050591,1.9048723897911832,0.12534435589217152
300,validation,wide_fresh,small,touch_accel10,+2+,219,-0.0047482054293519005,-0.0067650935817602995,0.01497278018491363,-0.0031813361611876,0.1050228310502283,0.8401826484018264,0.0547945205479452,0.0930742628282877,-0.07918103685060847,4.141552511415525,0.12585601178679742
300,validation,wide_fresh,small,touch_accel10,<=0,90,0.0038305248919315135,0.0025690684162682,0.010680384229080315,0.0069953932775976,0.14444444444444443,0.7333333333333333,0.12222222222222222,0.0831197020161353,-0.05991608043997816,2.6222222222222222,0.12600879484486227
300,validation,wide_fresh,large,episode,0,122,0.00024114249144111126,-0.0026648900732844,-0.0025531820815641432,0.0020552637588491,0.05737704918032787,0.6229508196721312,0.319672131147541,0.08497737201551014,-0.07765989091220368,5.844262295081967,0.26490929851470996
300,validation,wide_fresh,large,episode,1,224,-0.004376897087456902,-0.001603597187396,0.020412025655234835,0.006016,0.03571428571428571,0.7142857142857143,0.25,0.10501604648641642,-0.0799217327617954,5.839285714285714,0.26387835711818425
300,validation,wide_fresh,large,episode,2,73,0.0003410661708552184,0.00034209452671765,0.0013148968579075417,-0.006384031880281251,0.0547945205479452,0.7671232876712328,0.1780821917808219,0.08107072290920832,-0.087976378409564,10.054794520547945,0.2601743776781183
300,validation,wide_fresh,large,episode,3+,23,-0.01603120825724977,-0.0123351632603367,-0.03665768016089201,-0.037739965095986,0.0,0.9130434782608695,0.08695652173913043,0.05267946300943187,-0.10063279756815739,14.043478260869565,0.2590293237962486
300,validation,wide_fresh,large,touch_last10,0,122,0.00024114249144111126,-0.0026648900732844,-0.0025531820815641432,0.0020552637588491,0.05737704918032787,0.6229508196721312,0.319672131147541,0.08497737201551014,-0.07765989091220368,5.844262295081967,0.26490929851470996
300,validation,wide_fresh,large,touch_last10,1,208,-0.004838640946342216,-0.0025444390889639,0.019648647717636306,0.0022492127755286,0.038461538461538464,0.7067307692307693,0.2548076923076923,0.10390637375660755,-0.0794119526163539,6.0625,0.2626171762947737
300,validation,wide_fresh,large,touch_last10,2,42,-0.003180176692327099,-0.00083617991242215,0.022988644537429315,0.0014945063596388001,0.047619047619047616,0.7857142857142857,0.16666666666666666,0.09470427821595072,-0.06965437629751543,7.404761904761905,0.2719728012364476
300,validation,wide_fresh,large,touch_last10,3+,70,-0.0024786768681080333,0.00095007672610175,-0.016576162914055646,-0.0188902007083826,0.02857142857142857,0.8142857142857143,0.15714285714285714,0.07233256297288747,-0.10280183082729578,11.32857142857143,0.25731322415779834
300,validation,wide_fresh,large,bottom_streak,1,317,0.0017217281032244286,0.0003663003663003,0.013589214002584676,0.00176220582653515,0.050473186119873815,0.668769716088328,0.2807570977917981,0.09721903803044543,-0.07929081589233705,6.28391167192429,0.2626673964367118
300,validation,wide_fresh,large,bottom_streak,2,71,-0.011376677114072076,-0.00589194804764785,0.002976265567068852,0.0084745762711864,0.04225352112676056,0.7464788732394366,0.2112676056338028,0.0924230737420566,-0.08857853781161,8.309859154929578,0.27251504066798027
300,validation,wide_fresh,large,bottom_streak,3+,54,-0.018988027370639635,-0.01001493351085385,-0.0184288693558866,-0.0159010146801649,0.0,0.8888888888888888,0.1111111111111111,0.06741020239076735,-0.08684333287780838,9.185185185185185,0.2548881087633334
300,validation,wide_fresh,large,touch_accel10,+1,207,-0.0049375192346672704,-0.0026049204052099,0.01934438685958554,0.0018591803348749002,0.03864734299516908,0.7101449275362319,0.25120772946859904,0.10320821450640225,-0.07957099092565073,6.009661835748792,0.26231241356009743
300,validation,wide_fresh,large,touch_accel10,+2+,104,0.000894487188270381,0.0011417642986112,0.0012781545457391484,-0.0068644599188144,0.038461538461538464,0.7884615384615384,0.17307692307692307,0.08258226623801554,-0.08922569713086134,9.375,0.26374605197757994
300,validation,wide_fresh,large,touch_accel10,<=0,131,-0.00268113642393342,-0.00598101532254905,-0.0045604276595184005,-0.0023283288561107,0.05343511450381679,0.6412213740458015,0.3053435114503817,0.08448830632717383,-0.07910791736395066,6.557251908396947,0.26450252991202855
500,discovery,all,all,episode,0,1334,0.0006861358345254622,0.0008669183666769,0.00315557959832167,0.00296364379084965,0.10194902548725637,0.6746626686656672,0.22338830584707647,0.06620049460285773,-0.06961408406499871,13.553973013493254,0.16378388532880497
500,discovery,all,all,episode,1,4544,0.0007061042344718873,0.00168448004231855,-0.0003626414325186484,0.0020382742611255,0.10673415492957747,0.7702464788732394,0.1230193661971831,0.06679832957560548,-0.07249112675785296,11.196963028169014,0.13660847109553945
500,discovery,all,all,episode,2,2186,-0.0012928027873813058,0.0005984440454815,0.0006887406391102529,0.0019162636874135502,0.09926806953339433,0.7543458371454712,0.1463860933211345,0.06485202902684344,-0.06382586327806665,21.16651418115279,0.13731204478012318
500,discovery,all,all,episode,3+,2073,0.002473116837102625,0.0034472852628555,0.005881602919728466,0.00643109059897355,0.08297153883260974,0.7255185721177038,0.19150988904968644,0.06010973696408796,-0.052069866582650115,47.400385914134105,0.13745464032208576
500,discovery,all,all,touch_last10,0,1417,0.00036104984419519525,0.0005561735261401,0.0022290483751685962,0.0020995800839829,0.10162314749470713,0.6718419195483416,0.22653493295695132,0.06529534289277235,-0.06941974275107897,15.520818630910375,0.16352880298280836
500,discovery,all,all,touch_last10,1,4233,-2.3415347933908236e-05,0.0007655293088364,6.0747365144735154e-05,0.0022108970996026,0.09733049846444602,0.7616347743916844,0.1410347271438696,0.06632964133075808,-0.07138816186726926,18.108906213087646,0.14459189835607564
500,discovery,all,all,touch_last10,2,1506,0.0031549153605531554,0.0039947894051237,0.0035213970407534214,0.0026231581056562,0.11288180610889774,0.751660026560425,0.13545816733067728,0.06811963729996487,-0.06409004290562133,20.143426294820717,0.13336237455818747
500,discovery,all,all,touch_last10,3+,2981,0.0004206229359320413,0.0023122249571119,0.002522503751338548,0.0048497752543175,0.09527004360952701,0.7531029855753103,0.1516269708151627,0.061164724308987985,-0.057918674741289526,28.348540758134853,0.1273809591785482
500,discovery,all,all,bottom_streak,1,7150,0.00017605399532078382,0.0014713455455013,0.0013112500914697293,0.00308197479759545,0.10909090909090909,0.7418181818181818,0.14909090909090908,0.06567915977198209,-0.06795998388593591,17.661678321678323,0.13664619802109607
500,discovery,all,all,bottom_streak,2,1633,0.001928970733212317,0.0029118249229386,0.0017354929563307346,0.00418936546631905,0.07899571341090018,0.7526025719534599,0.16840171463563994,0.0667881764012292,-0.06665361837206367,24.46295162278016,0.15304706629369566
500,discovery,all,all,bottom_streak,3+,1354,0.0014881286485902035,0.001682471703885,0.002967266841984537,0.0020378457059679,0.07459379615952733,0.7533234859675036,0.17208271787296897,0.05874889596611406,-0.05536912488630561,34.90546528803545,0.14578878866717007
500,discovery,all,all,touch_accel10,+1,4014,0.0008627864369913623,0.00107563880009745,0.0012451450811387355,0.00286634556916215,0.0981564524165421,0.7573492775286498,0.14449427005480817,0.06693973862305953,-0.07048480451015267,16.977827603388143,0.14431846611478033
500,discovery,all,all,touch_accel10,+2+,3677,0.001030166563397627,0.00297639174497095,0.0024412450647109344,0.0043017031646468,0.103073157465325,0.7631221104161001,0.13380473211857494,0.06493126100781069,-0.06145660590852858,22.195267881425075,0.1290621717087722
500,discovery,all,all,touch_accel10,<=0,2446,-0.0003393286071940164,0.0008345564355045,0.0009162842912907331,0.0020746887966804,0.09689288634505315,0.6978740801308259,0.205233033524121,0.06163889289138053,-0.0657510602831836,26.054783319705642,0.15146699370642128
500,discovery,all,small,episode,0,554,0.00012353261017216866,0.0024026149501098,-0.0003265120893140557,0.0022122512434328,0.16967509025270758,0.7310469314079422,0.09927797833935018,0.06571094051691553,-0.06989460488863053,6.889891696750903,0.10244914594418719
500,discovery,all,small,episode,1,2805,0.0025117280842239884,0.0033687756605957,0.0027921128543978053,0.00409230747003505,0.1450980392156863,0.7754010695187166,0.07950089126559715,0.06782784556719429,-0.06534631746376846,6.943672014260249,0.09821604678557572
500,discovery,all,small,episode,2,1340,0.0002450305042405744,0.0013153174698075,0.002652204214102026,0.004403866809882,0.1373134328358209,0.7649253731343284,0.09776119402985074,0.06408150827438952,-0.058075391105123185,15.147014925373135,0.09801844868673341
500,discovery,all,small,episode,3+,1145,0.002058977094231484,0.0032207534141857497,0.006148962944819553,0.00722099382400075,0.11790393013100436,0.7694323144104803,0.11266375545851529,0.056745218808378704,-0.04826325063364362,37.41397379912664,0.08993551765583159
500,discovery,all,small,touch_last10,0,589,-6.072091141800575e-05,0.0013406710953456,-0.000979770358069759,0.0010500436173024501,0.16808149405772496,0.7283531409168081,0.1035653650254669,0.06454468102670997,-0.0690620612881231,8.555178268251273,0.10227491594227375
500,discovery,all,small,touch_last10,1,2410,0.0018105655401629288,0.00210052257031055,0.0024389658106192423,0.0037624093600855998,0.13734439834024897,0.7763485477178423,0.08630705394190871,0.06766319607667122,-0.0655367966233167,11.327385892116183,0.09981364522045527
500,discovery,all,small,touch_last10,2,952,0.0036866191215124077,0.0049349199704996505,0.004243568146946599,0.0041703582433022,0.15231092436974789,0.7710084033613446,0.07668067226890757,0.06710325668636899,-0.06018969798555375,13.702731092436975,0.09799334820311807
500,discovery,all,small,touch_last10,3+,1893,0.0010347525599989711,0.0028321194152467997,0.004729080813446348,0.0065389574507277,0.1294241944004226,0.7670364500792393,0.10353935552033809,0.05944851793486196,-0.0523923144254696,21.683571051241415,0.09112163184474627
500,discovery,all,small,bottom_streak,1,4387,0.0015145728997613113,0.0023709451449509,0.0027836394281333505,0.0045845596558751,0.1447458399817643,0.7617962160930021,0.09345794392523364,0.06517495983988886,-0.06303600378991188,13.234100752222476,0.09816288693515474
500,discovery,all,small,bottom_streak,2,802,0.003431800999310091,0.0057894736842105,0.0032570092054057982,0.00619100393066855,0.12967581047381546,0.78428927680798,0.08603491271820449,0.0687335414440913,-0.05941152983094912,15.972568578553616,0.09858632486799376
500,discovery,all,small,bottom_streak,3+,655,0.0006355698015561172,0.0014742409139254999,0.005320974897811029,0.0031776522154803,0.12366412213740458,0.7862595419847328,0.0900763358778626,0.055658954854768065,-0.04719615587754846,23.7587786259542,0.08681970918185451
500,discovery,all,small,touch_accel10,+1,2303,0.0022987956553716916,0.00268120387898,0.0033098207898265763,0.0039943442912688,0.13721233174120712,0.7737733391228832,0.08901432913590969,0.06779074771022732,-0.06506518584698377,10.409900130264871,0.0997698197489714
500,discovery,all,small,touch_accel10,+2+,2388,0.0019502700080871597,0.00323662648563745,0.004511324897260183,0.00643210232370345,0.13777219430485763,0.7721943048576214,0.09003350083752094,0.0635445842237619,-0.055846927162813455,16.131909547738694,0.09477230631480302
500,discovery,all,small,touch_accel10,<=0,1153,-0.00012053595166110349,0.0015566159144577,-8.290098906273206e-05,0.0024080076816184,0.15177797051170858,0.7458803122289679,0.1023417172593235,0.06039627526680821,-0.06235289902875692,20.757155247181267,0.09582616190905362
500,discovery,all,large,episode,0,780,0.0010840391512312879,8.016466738524357e-05,0.00557750688762211,0.0041070984076735,0.05384615384615385,0.6346153846153846,0.31153846153846154,0.0665482035305654,-0.0694148423518038,18.287179487179486,0.207347277148136
500,discovery,all,large,episode,1,1739,-0.002198957823043769,-0.0010407993338883,-0.005346747093533523,0.0,0.044853364002300174,0.7619321449108684,0.1932144910868315,0.06513772442528543,-0.08401567538919687,18.05750431282346,0.1985352969664125
500,discovery,all,large,episode,2,846,-0.0037075672060113774,-1.1763374688910462e-05,-0.0023332448150587925,-0.0014361300075586,0.03900709219858156,0.7375886524822695,0.22340425531914893,0.06607247560874444,-0.07293417617610945,30.70094562647754,0.19955012842686354
500,discovery,all,large,episode,3+,928,0.002980539416507308,0.0038872691933915,0.005549355517761338,0.004723060194349151,0.03987068965517242,0.6713362068965517,0.28879310344827586,0.06426100128336285,-0.05676660716628421,59.72198275862069,0.19608545438766883
500,discovery,all,large,touch_last10,0,828,0.0006597397565952643,0.0001150681778954,0.004471642880182764,0.0026977810750656,0.05434782608695652,0.6316425120772947,0.3140096618357488,0.06582932820570801,-0.06967418041011403,20.47584541062802,0.20710191828096647
500,discovery,all,large,touch_last10,1,1823,-0.0024384094650421392,-0.0009642039291309,-0.0030347960619250473,0.0006741573033708,0.044432254525507406,0.7421832144816237,0.2133845309928689,0.06456668634576045,-0.0791236474613042,27.07405375754251,0.20378860162368126
500,discovery,all,large,touch_last10,2,554,0.0022387190802845686,0.0028256774380523,0.002281088300748784,0.00061410724843465,0.04512635379061372,0.7184115523465704,0.2364620938628159,0.06986619748794912,-0.07079244067440174,31.21119133574007,0.19414091804198902
500,discovery,all,large,touch_last10,3+,1088,-0.0006380249795123425,0.00161648817943,-0.0012265955777710233,0.00143387885514085,0.035845588235294115,0.7288602941176471,0.23529411764705882,0.06415073411249957,-0.0675339321657814,39.94485294117647,0.19046818954884887
500,discovery,all,large,bottom_streak,1,2763,-0.001943023526260664,-5.79911853398e-05,-0.0009930037871223195,0.0006741573033708,0.05247918928700688,0.7100977198697068,0.23742309084328628,0.06647971174523325,-0.07577811659721256,24.691639522258416,0.19774872633598006
500,discovery,all,large,bottom_streak,2,831,0.0004914020950753622,0.000406126711534,0.00029601925009795516,0.00317466339720245,0.030084235860409144,0.7220216606498195,0.24789410348977137,0.0649107001504766,-0.07364297458141852,32.65703971119134,0.20560725236278463
500,discovery,all,large,bottom_streak,3+,699,0.002280231079553855,0.0025839793281654,0.0008192903051117685,0.000108377587515,0.02861230329041488,0.7224606580829757,0.24892703862660945,0.06164433434655987,-0.06302762946532697,45.35050071530758,0.2010459375411067
500,discovery,all,large,touch_accel10,+1,1711,-0.0010642670617046865,-0.0006838684894442,-0.0014843635927795373,0.0016618509661316,0.04558737580362361,0.7352425482174167,0.21917007597895968,0.06579428337598334,-0.07777959222568624,25.81823495032145,0.20428078790347587
500,discovery,all,large,touch_accel10,+2+,1289,-0.0006646092650837178,0.0021917159083566003,-0.0013204421349771304,0.0004048601133167,0.038789759503491075,0.7463149728471683,0.21489526764934058,0.0675002169118514,-0.07184909066009393,33.42823894491854,0.19258753909496185
500,discovery,all,large,touch_accel10,<=0,1293,-0.0005335454886265087,0.00026115665084055,0.0018002095353265746,0.0016899028305872,0.04795050270688322,0.6550657385924207,0.29698375870069604,0.06274696568421263,-0.06878128451083557,30.77880897138438,0.20108329615217918
500,discovery,fresh,all,episode,0,937,-0.00043515169215880775,-0.00015639793111489999,0.0038065216500855286,0.00296364379084965,0.10458911419423693,0.7033084311632871,0.192102454642476,0.0683948340797259,-0.07046095203093256,4.626467449306297,0.15844227399272845
500,discovery,fresh,all,episode,1,3195,0.0008959691914655296,0.00107016564303,0.0011777096896378751,0.0021709415453887,0.1107981220657277,0.7846635367762128,0.10453834115805946,0.06937644494719006,-0.07052735444971116,3.756494522691706,0.13420266051917107
500,discovery,fresh,all,episode,2,824,-0.0006687480849313579,0.001219127947728,0.0019277872982748742,0.0021284682630178,0.10315533980582524,0.7779126213592233,0.11893203883495146,0.06852499027613745,-0.06361393323745419,7.128640776699029,0.14075436331743005
500,discovery,fresh,all,episode,3+,163,0.0008837901283657245,0.00206030837174315,0.003794601374197655,0.0047073956787573,0.06134969325153374,0.7668711656441718,0.17177914110429449,0.06634608329511398,-0.057540349376647065,11.558282208588958,0.16541476964296764
500,discovery,fresh,all,touch_last10,0,942,-0.0003906060494909084,-0.0001310272536686,0.003991910787349078,0.0029861111111111,0.10509554140127389,0.70276008492569,0.1921443736730361,0.06842221221509241,-0.07033963266447582,4.669851380042463,0.15835697793774353
500,discovery,fresh,all,touch_last10,1,2540,0.0007259387552693881,0.0004755111745124,0.0020408038597778304,0.0024131921169057,0.10511811023622047,0.778740157480315,0.11614173228346457,0.06980073758417767,-0.07082417027787452,3.6681102362204725,0.1402365705335352
500,discovery,fresh,all,touch_last10,2,778,0.0027039621070545014,0.0039976342712797,0.001866275393600388,0.0008596604341286,0.12210796915167095,0.7802056555269923,0.09768637532133675,0.07017822963287661,-0.06572890696418389,4.861182519280206,0.1281895714199731
500,discovery,fresh,all,touch_last10,3+,859,-0.0017897541658209448,0.0018497109826589,-0.001006319786562872,0.0029112081513826,0.10011641443538999,0.7974388824214202,0.10244470314318975,0.0659795630719556,-0.06503300507799081,7.679860302677532,0.13396678111528676
500,discovery,fresh,all,bottom_streak,1,3992,0.00047459077318171504,0.0010706638115631,0.00247103493834494,0.0026977810750656,0.11422845691382766,0.7577655310621243,0.1280060120240481,0.06913652397907323,-0.06939179269267694,4.212424849699399,0.13852423927266116
500,discovery,fresh,all,bottom_streak,2,718,0.0001436680342362818,-8.503401360537843e-05,-2.823021509249001e-06,0.0021284682630178,0.07381615598885793,0.8147632311977716,0.11142061281337047,0.07100140491472069,-0.06966464078117059,5.910863509749303,0.14740197533094415
500,discovery,fresh,all,bottom_streak,3+,409,0.00013299238386521502,0.0018497109826589,-0.0007815327216478804,0.0015946529351970502,0.09290953545232274,0.7872860635696821,0.1198044009779951,0.06369362408407454,-0.0638692394763321,7.420537897310513,0.1500213507364865
500,discovery,fresh,all,touch_accel10,+1,2522,0.0009480075766582033,0.0005473453749316,0.002110339943362739,0.0023922277010202,0.10547184773988898,0.7779540047581285,0.11657414750198256,0.06990681684290533,-0.07080672140530293,3.5868358445678035,0.13992732618887632
500,discovery,fresh,all,touch_accel10,+2+,1596,0.0003787658235786218,0.0025229709875480002,0.0003508043486426374,0.0019932230416583,0.11215538847117794,0.7926065162907269,0.09523809523809523,0.0684415740481264,-0.06550440702767892,6.111528822055138,0.12934417329686812
500,discovery,fresh,all,touch_accel10,<=0,1001,-0.0009439617630502595,-0.00019484161247935002,0.0036515934803355516,0.00296364379084965,0.1018981018981019,0.7042957042957043,0.1938061938061938,0.06741754290209716,-0.06996421823727984,5.28971028971029,0.16069140527987671
500,discovery,fresh,small,episode,0,414,0.00017377333037827794,0.0010227936879019,-0.00021261676177706523,0.0027048079933891,0.16908212560386474,0.7367149758454107,0.09420289855072464,0.07033160279761616,-0.07186822386229805,2.741545893719807,0.10255827639620928
500,discovery,fresh,small,episode,1,2027,0.002146303606454911,0.0025241452768047,0.0027031985677185666,0.00337194177878075,0.14701529353724715,0.7858904785397138,0.06709422792303897,0.07098827125824984,-0.06712999293450195,2.474592994573261,0.09830988099207828
500,discovery,fresh,small,episode,2,470,0.0018772021188842635,0.0020911884089912,0.0047365301713625805,0.0052126614791871,0.14893617021276595,0.7851063829787234,0.06595744680851064,0.06997917899068122,-0.05811117767828234,5.025531914893617,0.10111870238579422
500,discovery,fresh,small,episode,3+,43,-0.0009661285984294285,0.0019028478299675002,0.018551099524232697,0.026425363102849,0.046511627906976744,0.8837209302325582,0.06976744186046512,0.06259247717466464,-0.042478519939488354,6.906976744186046,0.08638674581858444
500,discovery,fresh,small,touch_last10,0,414,0.00017377333037827794,0.0010227936879019,-0.00021261676177706523,0.0027048079933891,0.16908212560386474,0.7367149758454107,0.09420289855072464,0.07033160279761616,-0.07186822386229805,2.741545893719807,0.10255827639620928
500,discovery,fresh,small,touch_last10,1,1530,0.0022068296542974587,0.0014723424170130501,0.003219857429034638,0.0036249943359463,0.14183006535947712,0.7816993464052288,0.07647058823529412,0.07175544333795215,-0.06843077132877504,2.1333333333333333,0.10032758254730793
500,discovery,fresh,small,touch_last10,2,517,0.002258567997606206,0.0031966904851448,0.00012188110269884066,0.0008596604341286,0.15473887814313347,0.7949709864603481,0.05029013539651837,0.06988317957410779,-0.06467395727716882,3.4564796905222437,0.09882651891975648
500,discovery,fresh,small,touch_last10,3+,493,0.001313858027396365,0.0028812908182864,0.007161157722302798,0.00725027142037265,0.14807302231237324,0.7971602434077079,0.05476673427991886,0.06807197634426503,-0.05492050608337539,5.322515212981744,0.09314409205592264
500,discovery,fresh,small,bottom_streak,1,2411,0.0017976904697419931,0.00238405950156955,0.002616493116816169,0.0037839248434239,0.15263376192451264,0.7718788884280382,0.07548734964744919,0.06994339752146542,-0.0671447854856509,2.6976358357528,0.09975792149415069
500,discovery,fresh,small,bottom_streak,2,365,0.0027359321414304138,0.0019964064683568,0.0026225292529376302,0.0033740436249583,0.11506849315068493,0.8328767123287671,0.052054794520547946,0.07783630905796028,-0.06497180886307642,3.926027397260274,0.09994185055377922
500,discovery,fresh,small,bottom_streak,3+,178,-0.00039703149896654614,0.00129688446637625,0.006374151222585093,0.0042407891056216,0.16853932584269662,0.7865168539325843,0.0449438202247191,0.06487874051914405,-0.052606641474664866,4.904494382022472,0.08976714166274712
500,discovery,fresh,small,touch_accel10,+1,1530,0.0022068296542974587,0.0014723424170130501,0.003219857429034638,0.0036249943359463,0.14183006535947712,0.7816993464052288,0.07647058823529412,0.07175544333795215,-0.06843077132877504,2.1333333333333333,0.10032758254730793
500,discovery,fresh,small,touch_accel10,+2+,1010,0.001799412553003219,0.00292950987314705,0.0035226370540325847,0.0049947151354376,0.15148514851485148,0.7960396039603961,0.05247524752475247,0.06899909720548156,-0.059913114268713215,4.367326732673267,0.09605281947038015
500,discovery,fresh,small,touch_accel10,<=0,414,0.00017377333037827794,0.0010227936879019,-0.00021261676177706523,0.0027048079933891,0.16908212560386474,0.7367149758454107,0.09420289855072464,0.07033160279761616,-0.07186822386229805,2.741545893719807,0.10255827639620928
500,discovery,fresh,large,episode,0,523,-0.0009173639932430899,-0.0012750019921905,0.00694647353435318,0.0041070984076735,0.05353728489483748,0.6768642447418738,0.2695984703632887,0.06686171314434047,-0.0693469739464482,6.118546845124283,0.20267931989131147
500,discovery,fresh,large,episode,1,1168,-0.0012751541337873494,-0.0006782006920414,-0.0014396940697891515,0.0008181074447777,0.04794520547945205,0.7825342465753424,0.1695205479452055,0.06657920870359574,-0.07642328920256138,5.9811643835616435,0.19649261266079532
500,discovery,fresh,large,episode,2,354,-0.004005812758859178,0.0006984121136652,-0.0016709145078687496,-0.0011876646608616,0.0423728813559322,0.768361581920904,0.18926553672316385,0.06659428774552849,-0.07091985163522471,9.92090395480226,0.1933779809385285
500,discovery,fresh,large,episode,3+,120,0.001531261682744029,0.00215534315708615,-0.001289570257327022,0.0013198494658177,0.06666666666666667,0.725,0.20833333333333334,0.067691125488275,-0.06293750492496226,13.225,0.19373314484670492
500,discovery,fresh,large,touch_last10,0,528,-0.0008332776623272346,-0.0011858403630891,0.007244930167717467,0.0041230220637398,0.054924242424242424,0.6761363636363636,0.2689393939393939,0.06692507641743177,-0.06914107820254702,6.181818181818182,0.20210823255553748
500,discovery,fresh,large,touch_last10,1,1010,-0.001518282746747231,-0.0013137151865476,0.00027816631622153636,0.0020356407431393,0.04950495049504951,0.7742574257425743,0.17623762376237623,0.06683964867004409,-0.07444981423047077,5.9930693069306935,0.20069276025524588
500,discovery,fresh,large,touch_last10,2,261,0.0035828048900655054,0.0043163914967085,0.005280690575403805,0.0008780528781903,0.05747126436781609,0.7509578544061303,0.19157088122605365,0.07076267745043784,-0.06781859657409495,7.64367816091954,0.18635316583611103
500,discovery,fresh,large,touch_last10,3+,366,-0.005919423942041792,0.0003554485598417,-0.011626290541892341,-0.0019417475728155,0.03551912568306011,0.7978142076502732,0.16666666666666666,0.0631610938281071,-0.0786544859641804,10.8551912568306,0.18895472020344664
500,discovery,fresh,large,bottom_streak,1,1581,-0.0015399569506707254,-0.0003980574795,0.002252473260912299,0.0014789495187511,0.055660974067046176,0.7362428842504743,0.20809614168247945,0.06790605458583628,-0.0728184431519684,6.522454142947502,0.19764226088176223
500,discovery,fresh,large,bottom_streak,2,353,-0.0025443330996439985,-0.00206616763330345,-0.002665895874611973,0.0009354449314551,0.031161473087818695,0.7960339943342776,0.17280453257790368,0.06393415275528035,-0.07451700239619714,7.963172804532578,0.19647547545464156
500,discovery,fresh,large,bottom_streak,3+,231,0.0005368201041179859,0.0033801580333625,-0.006179680258525386,-0.00108923536467805,0.03463203463203463,0.7878787878787878,0.1774891774891775,0.06278041748042791,-0.07254777819623152,9.35930735930736,0.19645100101841553
500,discovery,fresh,large,touch_accel10,+1,992,-0.0009945401979729325,-0.0010307153164295,0.00042100274495265183,0.0018780376924676999,0.04939516129032258,0.7721774193548387,0.17842741935483872,0.06705560863985933,-0.0744712411805929,5.828629032258065,0.20100354370056955
500,discovery,fresh,large,touch_accel10,+2+,586,-0.002050394625027942,0.00183867525795395,-0.004992093156815949,-0.0012083934031062,0.04436860068259386,0.7866894197952219,0.1689419795221843,0.06748065529568828,-0.07514127679995769,9.117747440273037,0.18672346914115623
500,discovery,fresh,large,touch_accel10,<=0,587,-0.0017319362457245788,-0.0012710517953606,0.00633507281513598,0.0041070984076735,0.054514480408858604,0.6814310051107325,0.26405451448040884,0.06536231156181631,-0.06862135907414947,7.086882453151619,0.20169160180089601
500,discovery,wide_fresh,all,episode,0,509,0.002293526332613833,0.0046742994156232995,0.009367830667777008,0.01099225012535735,0.09430255402750491,0.6797642436149313,0.22593320235756384,0.08323623484451545,-0.07790210532405695,4.6895874263261295,0.1985372517315349
500,discovery,wide_fresh,all,episode,1,1595,0.0022105212987538845,0.00252223341154395,0.004658861515618942,0.0048504446240904,0.09968652037617555,0.7818181818181819,0.11849529780564264,0.08771738583403581,-0.08358108525580016,3.729153605015674,0.17374122699633832
500,discovery,wide_fresh,all,episode,2,404,0.00042172682131155726,0.0025540211458915,0.0045743043632128985,0.0035631081266274,0.09158415841584158,0.7772277227722773,0.1311881188118812,0.08520374608668133,-0.07622677573755267,7.022277227722772,0.18085819439835887
500,discovery,wide_fresh,all,episode,3+,71,0.00044016834830979166,0.0040670364568685,-0.0019505779834597071,0.0013198494658177,0.07042253521126761,0.7183098591549296,0.2112676056338028,0.08673484113236446,-0.08124861207458536,11.971830985915492,0.22616762384427172
500,discovery,wide_fresh,all,touch_last10,0,510,0.0023060743785537925,0.0046822229045131,0.009726471207855558,0.0110681919477046,0.09607843137254903,0.6784313725490196,0.22549019607843138,0.08350955624743614,-0.07780414833776715,4.705882352941177,0.19856999289478452
500,discovery,wide_fresh,all,touch_last10,1,1337,0.0016069730343112078,0.0009143553794574,0.005437028146719647,0.00573230151906,0.09424083769633508,0.7786088257292446,0.12715033657442035,0.08663783412511919,-0.08356267450043729,3.7352281226626776,0.1779705967892798
500,discovery,wide_fresh,all,touch_last10,2,372,0.004503896952202353,0.0059125253393943,0.0034803115149088706,0.0007446632467318,0.11021505376344086,0.771505376344086,0.11827956989247312,0.0898667512409315,-0.07948318608732845,4.881720430107527,0.16757312764769083
500,discovery,wide_fresh,all,touch_last10,3+,360,-0.0003121139162020743,0.0033064761325631,0.0010876831955580128,0.0051775486236268,0.09166666666666666,0.7888888888888889,0.11944444444444445,0.086116310298498,-0.07932531878994714,7.811111111111111,0.1826187284773415
500,discovery,wide_fresh,all,bottom_streak,1,2042,0.0021749005190301626,0.0033064761325631,0.006227839630623858,0.007591354508367201,0.10284035259549461,0.752203721841332,0.14495592556317335,0.08727443636047964,-0.08207244012471351,4.17384916748286,0.17695261171977883
500,discovery,wide_fresh,all,bottom_streak,2,354,0.0011273194237444734,0.0024231934227607,0.003784941543429207,0.0025332488917035,0.07627118644067797,0.7853107344632768,0.1384180790960452,0.08515006642324777,-0.07835497621314969,5.9858757062146895,0.1911271048373814
500,discovery,wide_fresh,all,bottom_streak,3+,183,0.00030527706722598396,0.00176609134327195,-0.000799080356319366,-0.0009608590938785001,0.06557377049180328,0.7868852459016393,0.14754098360655737,0.07923190447340692,-0.07758845428466177,7.540983606557377,0.20929563812114577
500,discovery,wide_fresh,all,touch_accel10,+1,1327,0.0019172215105698243,0.0009732566012188,0.005530883884463325,0.0056637442780667,0.0934438583270535,0.7776940467219292,0.12886209495101733,0.08657612050136118,-0.08352656716151056,3.6495855312735492,0.1773632342865625
500,discovery,wide_fresh,all,touch_accel10,+2+,710,0.002269685404210825,0.00421615022206485,0.0024913724272254663,0.0029952489155133,0.10422535211267606,0.7830985915492957,0.11267605633802817,0.08918745440647305,-0.07973033655849537,6.050704225352113,0.1724144601854948
500,discovery,wide_fresh,all,touch_accel10,<=0,542,0.001359001398589919,0.004258943781942,0.008863257108159375,0.0105263157894737,0.0940959409594096,0.6826568265682657,0.22324723247232472,0.08237519658055431,-0.07763833555047386,5.319188191881919,0.20207020551738258
500,discovery,wide_fresh,small,episode,0,236,0.002352173606838315,0.00711906585455175,0.005494081997363135,0.0064035394108743,0.1440677966101695,0.7584745762711864,0.09745762711864407,0.08136460344244838,-0.07787649753194867,2.7966101694915255,0.12657154653382965
500,discovery,wide_fresh,small,episode,1,1040,0.0043337430184828005,0.004054467933569599,0.0063893157106229845,0.0059129304743339,0.12980769230769232,0.7894230769230769,0.08076923076923077,0.0895962144444592,-0.0775023491413007,2.4990384615384613,0.1257771253230523
500,discovery,wide_fresh,small,episode,2,245,0.0028760135909306045,0.0026833631484795,0.008833973135250764,0.0071017274472169,0.11428571428571428,0.8040816326530612,0.08163265306122448,0.08398086645204478,-0.06850486431123586,4.987755102040817,0.12718432008494154
500,discovery,wide_fresh,small,episode,3+,16,0.0114182096049822,0.013452914798206,0.030623307419768327,0.0290928254898924,0.0,0.8125,0.1875,0.07597619251591017,-0.05008568902368772,7.1875,0.12249017356609075
500,discovery,wide_fresh,small,touch_last10,0,236,0.002352173606838315,0.00711906585455175,0.005494081997363135,0.0064035394108743,0.1440677966101695,0.7584745762711864,0.09745762711864407,0.08136460344244838,-0.07787649753194867,2.7966101694915255,0.12657154653382965
500,discovery,wide_fresh,small,touch_last10,1,834,0.0038624156281107996,0.0033046926635822,0.007448927132258267,0.0063194814917163,0.12350119904076738,0.7877697841726619,0.08872901678657075,0.08884640996551847,-0.0778991234624459,2.262589928057554,0.12593320951140483
500,discovery,wide_fresh,small,touch_last10,2,256,0.00436660172176386,0.0047904748616343,-0.00016761729900854582,0.00123440505073155,0.1328125,0.80078125,0.06640625,0.08816764976734016,-0.07833809871362682,3.45703125,0.1276143092701934
500,discovery,wide_fresh,small,touch_last10,3+,211,0.004975317683883193,0.0067442810328741006,0.014789501861326637,0.01685368454165865,0.12322274881516587,0.8009478672985783,0.07582938388625593,0.08674014280360946,-0.06239376137069283,5.516587677725118,0.12431588449365587
500,discovery,wide_fresh,small,bottom_streak,1,1281,0.003876471173680059,0.0043509789702682,0.007031184257129856,0.007805325987144,0.13114754098360656,0.78064012490242,0.08821233411397346,0.08741735097834338,-0.07705252850774838,2.7462919594067134,0.1261542175706208
500,discovery,wide_fresh,small,bottom_streak,2,186,0.004511305469419398,0.0062966463678747996,0.004643766160564705,0.0022643901997192,0.10215053763440861,0.8279569892473119,0.06989247311827956,0.0872292199938519,-0.07367824921637711,3.9946236559139785,0.12639235652037487
500,discovery,wide_fresh,small,bottom_streak,3+,70,0.0019511757830910697,0.0014511956590319,0.009689758698217083,0.0029952489155133,0.14285714285714285,0.8,0.05714285714285714,0.0852397039078082,-0.05939879903503734,4.785714285714286,0.12409379278673323
500,discovery,wide_fresh,small,touch_accel10,+1,834,0.0038624156281107996,0.0033046926635822,0.007448927132258267,0.0063194814917163,0.12350119904076738,0.7877697841726619,0.08872901678657075,0.08884640996551847,-0.0778991234624459,2.262589928057554,0.12593320951140483
500,discovery,wide_fresh,small,touch_accel10,+2+,467,0.004640063752262393,0.0051572364326151,0.00651675896291116,0.007201323729803449,0.1284796573875803,0.8008565310492506,0.07066381156316917,0.08752267338758174,-0.07113412616681938,4.387580299785867,0.12612401456387773
500,discovery,wide_fresh,small,touch_accel10,<=0,236,0.002352173606838315,0.00711906585455175,0.005494081997363135,0.0064035394108743,0.1440677966101695,0.7584745762711864,0.09745762711864407,0.08136460344244838,-0.07787649753194867,2.7966101694915255,0.12657154653382965
500,discovery,wide_fresh,large,episode,0,273,0.002242698694952613,0.0022504227563715003,0.012686098396773041,0.0127659574468084,0.05128205128205128,0.6117216117216118,0.336996336996337,0.08485420191736463,-0.07792424246302235,6.326007326007326,0.26074936318449615
500,discovery,wide_fresh,large,episode,1,555,-0.0017734147280829176,-0.0008222099903673499,0.0014190667171947078,0.003470223371675,0.043243243243243246,0.7675675675675676,0.1891891891891892,0.08419669798747668,-0.09497187004693423,6.034234234234234,0.2636199040057391
500,discovery,wide_fresh,large,episode,2,159,-0.0033291642794269897,0.0018497109826589,-0.0017612789369700003,-0.0027147432540664002,0.05660377358490566,0.7358490566037735,0.20754716981132076,0.08708805747338541,-0.08812531850137416,10.157232704402515,0.26356322085614026
500,discovery,wide_fresh,large,episode,3+,55,-0.002553842903509956,-0.0015255530129671,-0.010242112449735935,-0.0122564247387744,0.09090909090909091,0.6909090909090909,0.21818181818181817,0.08986462982078754,-0.09031418968939195,13.363636363636363,0.25632833665246985
500,discovery,wide_fresh,large,touch_last10,0,274,0.0022662691408468602,0.0022949631598019,0.013338322150644207,0.01289875375769775,0.05474452554744526,0.6094890510948905,0.3357664233576642,0.08535703384589279,-0.0777418329734356,6.350364963503649,0.2605832532640741
500,discovery,wide_fresh,large,touch_last10,1,503,-0.002138510951777674,-0.0012218218051592501,0.0021126633607989856,0.0043834145905086,0.04572564612326044,0.7634194831013916,0.1908548707753479,0.08297590122075936,-0.09295313486959203,6.176938369781312,0.26425127470130305
500,discovery,wide_fresh,large,touch_last10,2,116,0.004805709743252485,0.00874881322998295,0.011410591545164125,-0.0010904629924122,0.0603448275862069,0.7068965517241379,0.23275862068965517,0.09361649242402965,-0.08201027546377344,8.025862068965518,0.25575810613596106
500,discovery,wide_fresh,large,touch_last10,3+,149,-0.0076932264854486215,-0.0028155339805825,-0.01761344768609916,-0.0123436819826468,0.04697986577181208,0.7718120805369127,0.18120805369127516,0.08523289648253476,-0.1033022222494281,11.060402684563758,0.2651818162663191
500,discovery,wide_fresh,large,bottom_streak,1,761,-0.0006888835137957229,0.00022460733648815002,0.004888211108092315,0.0066833751044279,0.05519053876478318,0.7043363994743759,0.240473061760841,0.08703386655038313,-0.09052251473881645,6.576872536136662,0.262462129334853
500,discovery,wide_fresh,large,bottom_streak,2,168,-0.0026416710223365765,-0.001412928293889,0.002847565894238628,0.0028043935554458504,0.047619047619047616,0.7380952380952381,0.21428571428571427,0.08284814639865032,-0.08353278110243362,8.19047619047619,0.2627977190454958
500,discovery,wide_fresh,large,bottom_streak,3+,113,-0.0006997407327270336,0.0029386446614623,-0.007319169498328512,-0.0059578368469294,0.017699115044247787,0.7787610619469026,0.20353982300884957,0.07551025880607866,-0.08885638231540258,9.247787610619469,0.2620755423106048
500,discovery,wide_fresh,large,touch_accel10,+1,493,-0.0013792447500990028,-0.0009974596227802,0.0022954372368259282,0.0043338683788123,0.04259634888438134,0.7606490872210954,0.19675456389452334,0.08273550911574827,-0.09304642120820415,5.995943204868154,0.2643665622023464
500,discovery,wide_fresh,large,touch_accel10,+2+,243,-0.0022467144935170596,0.0026766161083624,-0.005058315183272189,-0.0059114874580602,0.05761316872427984,0.7489711934156379,0.1934156378600823,0.09238684838105014,-0.09625062566513194,9.246913580246913,0.26137593386983715
500,discovery,wide_fresh,large,touch_accel10,<=0,306,0.0005919971189525458,0.0015124234785741,0.011429709289873283,0.0114372399025044,0.05555555555555555,0.6241830065359477,0.3202614379084967,0.08315460828183861,-0.07745465506802925,7.264705882352941,0.26029792943933844
500,validation,all,all,episode,0,1212,0.0020064646636651236,0.0023492907801418,0.006969689311198981,0.00451033125222495,0.11386138613861387,0.6435643564356436,0.24257425742574257,0.06885652899100353,-0.05748712866181712,18.575082508250826,0.15850495169476547
500,validation,all,all,episode,1,4164,0.001571582407949283,0.0021132713440406,0.00800978539174498,0.0057996538426503,0.11935638808837656,0.7485590778097982,0.13208453410182516,0.0694953742253345,-0.05549393769232314,13.118635926993276,0.1290365410253372
500,validation,all,all,episode,2,2117,0.002208580182748208,0.0020212765957445,0.0074734717767782665,0.0028311270946514,0.10061407652338214,0.7505904581955598,0.1487954652810581,0.06280153420863013,-0.054911706872084916,25.84931506849315,0.13282018441173468
500,validation,all,all,episode,3+,2232,-0.000947680176994517,0.0005792624058698,0.0005862830207832147,0.00036968519490885,0.07347670250896057,0.7661290322580645,0.1603942652329749,0.050709329895745996,-0.05050295821748117,56.193996415770606,0.12799892854670458
500,validation,all,all,touch_last10,0,1298,0.001894503892808683,0.002320230853221,0.006233862253786759,0.0039186171004199,0.1086286594761171,0.6456086286594761,0.2457627118644068,0.06729861901879222,-0.05749060010286657,21.80893682588598,0.15817904000907596
500,validation,all,all,touch_last10,1,4080,0.0012960551619310174,0.001916626736943,0.007044542684880055,0.0037719103616595,0.11225490196078432,0.7348039215686275,0.15294117647058825,0.06713564212565117,-0.053651671977017236,23.080392156862747,0.13517626615441208
500,validation,all,all,touch_last10,2,1374,0.0005432221432300038,0.0006516618343115,0.00929576671779979,0.00225006988973225,0.10334788937409024,0.777292576419214,0.11935953420669577,0.06842538609891138,-0.057120194285543706,23.195778748180494,0.12624831447496296
500,validation,all,all,touch_last10,3+,2973,0.0010286483693830088,0.0008969105946077,0.003080965028100366,0.0015300546448087,0.09115371678439287,0.7709384460141272,0.13790783720147998,0.055056648435725164,-0.05304980663655885,34.62495795492768,0.12310439060513484
500,validation,all,all,bottom_streak,1,6606,0.0015831069113080732,0.0017202593621807,0.005757573104011344,0.0029878993720843,0.11837723281864972,0.7313048743566455,0.1503178928247048,0.06534399838808694,-0.055579001744417926,21.123069936421434,0.1285706204709541
500,validation,all,all,bottom_streak,2,1601,0.0002269080786330988,0.0009986382206081,0.009168745419772814,0.00176776963732135,0.08369768894440974,0.7545284197376639,0.1617738913179263,0.06674073352975385,-0.05516389198363721,32.09556527170518,0.14504401236674824
500,validation,all,all,bottom_streak,3+,1518,0.0004819993504241052,0.00071374157432065,0.004035445189675484,0.00159565336312945,0.06324110671936758,0.7621870882740448,0.17457180500658762,0.05299904869929244,-0.04891275763448596,43.71739130434783,0.14146054978205533
500,validation,all,all,touch_accel10,+1,3801,0.0012786221696091935,0.00211662933187125,0.007442357853664633,0.0041139008354227,0.11444356748224152,0.7369113391212839,0.1486450933964746,0.0680285902493847,-0.05421990603138007,20.478558274138386,0.134793162543451
500,validation,all,all,touch_accel10,+2+,3483,0.001698780391327425,0.00109851880667995,0.00680761173472319,0.00210487776185425,0.09847832328452484,0.7723227103072065,0.12919896640826872,0.06192760995032832,-0.055381334022625905,26.405971863336205,0.12363446566969823
500,validation,all,all,touch_accel10,<=0,2441,0.00033429216897389947,0.0006985346456532999,0.002840786308849553,0.0016432120948763,0.09586235149528882,0.6984842277755019,0.20565342072920934,0.05927750375397763,-0.05355952210262024,35.83613273248669,0.14474495798616574
500,validation,all,small,episode,0,537,0.0032233444987918368,0.0025382002315054997,0.006064133627836007,0.005031074282332,0.18063314711359404,0.7243947858472998,0.09497206703910614,0.0644451033587959,-0.052910486310753534,9.761638733705773,0.09837739218349685
500,validation,all,small,episode,1,2709,0.002129229173489557,0.0019674373656425,0.005567141440090101,0.00488624998520885,0.1583610188261351,0.7759320782576596,0.06570690291620525,0.0665723910319487,-0.05381829521344123,7.571428571428571,0.09308284510792948
500,validation,all,small,episode,2,1277,0.0016139810825841015,0.00113635167992715,0.006257270307667026,0.0032715376226826,0.13547376664056382,0.7815191855912295,0.08300704776820673,0.059859656725778615,-0.05254369652597196,17.447141738449492,0.09216420472147485
500,validation,all,small,episode,3+,1273,0.000262905438480345,0.0006974195476734,-0.0006518734062652559,0.00131605823373275,0.11154752553024352,0.7808326787117046,0.10761979575805185,0.04461448201514809,-0.043761978998813386,48.32364493322859,0.07963786692284154
500,validation,all,small,touch_last10,0,574,0.0027319883398115082,0.0019920318725099,0.004538748129214392,0.00246591591532845,0.17247386759581881,0.7334494773519163,0.09407665505226481,0.06262474379766653,-0.05355725865300022,12.130662020905923,0.09808547912092422
500,validation,all,small,touch_last10,1,2434,0.002427939818598184,0.0019374838543011,0.005833628475028559,0.0036658405617513,0.16105176663927692,0.7588331963845522,0.08011503697617091,0.0645146930683914,-0.050179162280999286,14.79580936729663,0.09221640653421578
500,validation,all,small,touch_last10,2,914,3.99943566550219e-05,0.0004536793394429,0.004618345524386886,0.0016103978609477,0.13129102844638948,0.8052516411378556,0.06345733041575492,0.06422425296703944,-0.057128385117769534,16.687089715536104,0.09169851056042715
500,validation,all,small,touch_last10,3+,1874,0.0012751486997205335,0.00087554640400725,0.0023321109415103554,0.001910292656835,0.12273212379935966,0.7892209178228389,0.08804695837780149,0.051499632856523966,-0.04905053423416586,27.385805763073638,0.08510914826579363
500,validation,all,small,bottom_streak,1,4238,0.0019021498687675656,0.001223802967722,0.00480854262208419,0.0027614771261917003,0.15502595563945257,0.7673430863614913,0.07763095799905616,0.06299670880628237,-0.05285468966132502,16.179801793298726,0.09236909510863074
500,validation,all,small,bottom_streak,2,828,0.0014178574509828878,0.0016879050218522001,0.00474488606027167,0.00176776963732135,0.12681159420289856,0.782608695652174,0.09057971014492754,0.0596287719111353,-0.05045529780918624,21.847826086956523,0.09084267962425258
500,validation,all,small,bottom_streak,3+,730,0.0009262742103695125,0.0006765766461033,0.0015230325057209982,0.0019063180984975501,0.10821917808219178,0.7986301369863014,0.09315068493150686,0.04360817806832945,-0.0427929195075903,31.354794520547944,0.0786093386613167
500,validation,all,small,touch_accel10,+1,2292,0.002510721880992461,0.0021355516055353,0.0060934556671927665,0.0037499999999999,0.16273996509598604,0.7626527050610821,0.07460732984293193,0.06558753804953585,-0.05101190362506406,12.320244328097731,0.0929702927188938
500,validation,all,small,touch_accel10,+2+,2277,0.0010842844317638907,0.0008056665448008,0.004236956082100429,0.00217714056272095,0.12692138779095302,0.7949055775142732,0.07817303469477382,0.05797676661563274,-0.053191425884762576,19.842775581906018,0.08917971576902302
500,validation,all,small,touch_accel10,<=0,1227,0.0013634484816177131,0.0008170676350429,0.00149246861320472,0.0015942606616181,0.1458842705786471,0.7538712306438468,0.10024449877750612,0.05366496353707691,-0.04806669336837115,29.444987775061126,0.08794837596108344
500,validation,all,large,episode,0,675,0.0010416657481846297,0.0015839873281016,0.007675882347992122,0.0040614709110866,0.06074074074074074,0.5792592592592593,0.36,0.07236606316062649,-0.061128101909996575,25.586666666666666,0.20633976570595247
500,validation,all,large,episode,1,1455,0.0005367819561417232,0.0021547216124877,0.012555473267018726,0.0080287144611315,0.04673539518900344,0.697594501718213,0.2556701030927835,0.07493754705755587,-0.058613742142695026,23.446735395189002,0.19597713363032518
500,validation,all,large,episode,2,840,0.003101557307783058,0.0033074489502442,0.009285702501843527,0.0024303422969933,0.047619047619047616,0.7035714285714286,0.2488095238095238,0.06727388842958416,-0.05851164641016379,38.62261904761905,0.194626953536094
500,validation,all,large,episode,3+,959,-0.002557062119955234,-0.0006703566388988,0.0022209732055138757,-0.0025977962453405997,0.022940563086548488,0.7466110531803962,0.23044838373305526,0.0587997796892821,-0.05945109851504541,66.64129301355578,0.19219458177629545
500,validation,all,large,touch_last10,0,724,0.001232658545107839,0.00235532276154575,0.0075566391718056595,0.004272887921911,0.058011049723756904,0.5759668508287292,0.3660220994475138,0.07100414992614881,-0.060609022744058945,29.48204419889503,0.20582227750879847
500,validation,all,large,touch_last10,1,1646,-0.0003685218453952995,0.0018789810659027499,0.008821728324084696,0.0043338133621785,0.040097205346294046,0.6992709599027946,0.2606318347509113,0.07101133471700607,-0.05878659822252616,35.33110571081409,0.19870257132789798
500,validation,all,large,touch_last10,2,460,0.0015419696321217076,0.0015896764540863,0.018672065165145843,0.0049098695365731,0.04782608695652174,0.7217391304347827,0.23043478260869565,0.07677285497397868,-0.057103919458034114,36.12826086956522,0.19489727268775803
500,validation,all,large,touch_last10,3+,1099,0.0006087191011907536,0.00098677753161885,0.004340271278876492,-0.00011813713494225,0.0373066424021838,0.7397634212920837,0.2229299363057325,0.06112202349980437,-0.05986931207976583,46.96906278434941,0.1878933661683063
500,validation,all,large,bottom_streak,1,2368,0.0010166900665430313,0.0025135330419434002,0.0074405539674641695,0.0036265073282819,0.052787162162162164,0.6668074324324325,0.28040540540540543,0.06954493303660372,-0.06045469203502084,29.97001689189189,0.19336034364896362
500,validation,all,large,bottom_streak,2,773,-0.001043437918540009,0.0001621621621621,0.013844369133066707,0.0017855156141992,0.037516170763260026,0.7244501940491591,0.23803363518758086,0.07435872087802829,-0.06020750902949154,43.07244501940492,0.20310184355793376
500,validation,all,large,bottom_streak,3+,788,6.788414154549022e-05,0.00085818819495185,0.00634524394750461,0.0007730058657736,0.021573604060913704,0.7284263959390863,0.25,0.0616987131163013,-0.05458215082310755,55.17005076142132,0.19968565653096296
500,validation,all,large,touch_accel10,+1,1509,-0.0005843521266133674,0.0020593094688117,0.00948305282235765,0.0050375133976419,0.04108681245858184,0.6978131212723658,0.26110006626905236,0.07173627192072571,-0.0590924981554863,32.870112657389,0.19831736243601897
500,validation,all,large,touch_accel10,+2+,1206,0.0028577532130212337,0.00188969316307135,0.011637738408335433,0.0019529510522865,0.04477611940298507,0.7296849087893864,0.22553897180762852,0.06938703803747744,-0.05951601132769624,38.79767827529022,0.18868709048216714
500,validation,all,large,touch_accel10,<=0,1214,-0.0007034048599574144,0.0002997901468972,0.0041844983078397485,0.0018778414706464,0.045304777594728174,0.642504118616145,0.31219110378912684,0.06495014530763266,-0.05911117025494613,42.295716639209225,0.2021497406424886
500,validation,fresh,all,episode,0,749,0.0028731678421953337,0.0025690684162682,0.011381813149210532,0.0051319648093841,0.1321762349799733,0.6475300400534045,0.22029372496662217,0.07610278412614312,-0.05610992756118724,4.453938584779706,0.15475730284724692
500,validation,fresh,all,episode,1,2831,0.002182166444863937,0.0025441342248575,0.009445918839363963,0.0062393251657443995,0.13846697280113035,0.7453196750264924,0.11621335217237726,0.07529234105962795,-0.0565883643044705,3.2112327799364184,0.12511675085413237
500,validation,fresh,all,episode,2,759,0.0023613458835861183,0.0030180180180179,0.01318848167781536,0.0014893617021276,0.12911725955204217,0.7417654808959157,0.12911725955204217,0.07632220709607938,-0.06245624319487384,6.849802371541502,0.1364073278043085
500,validation,fresh,all,episode,3+,161,-0.0071057307929614675,-0.00548004736268125,-0.005253933091714814,-0.0101299066735449,0.06832298136645963,0.8136645962732919,0.11801242236024845,0.06493877772817717,-0.0681945796899929,11.186335403726709,0.16180972373508803
500,validation,fresh,all,touch_last10,0,752,0.002869459157837527,0.0025604273333216998,0.011371138960605404,0.0051127244383587,0.13164893617021275,0.648936170212766,0.21941489361702127,0.07605015194519214,-0.05613321122481459,4.5,0.15474076118045885
500,validation,fresh,all,touch_last10,1,2307,0.0027353605715464886,0.0031580609505763,0.010361581115264931,0.00639344991171345,0.14044213263979194,0.7347204161248374,0.12483745123537061,0.07715943511822201,-0.05554592616748753,3.126137841352406,0.12937629629896874
500,validation,fresh,all,touch_last10,2,681,0.0007129554318801496,0.00072615049469,0.00967763914845906,0.0031612664141307,0.12922173274596183,0.7723935389133627,0.09838472834067548,0.07600172675245134,-0.06140869791387,4.621145374449339,0.12447000691171484
500,validation,fresh,all,touch_last10,3+,760,-7.196809597690093e-06,0.0012544031311154,0.007006714780863047,0.0010739856801909,0.11710526315789474,0.7631578947368421,0.11973684210526316,0.0678731503309298,-0.06373113317826781,7.478947368421053,0.13171450809098986
500,validation,fresh,all,bottom_streak,1,3484,0.0030399229277113487,0.0030180180180179,0.009629020485761263,0.00582078912063785,0.1452353616532721,0.7198622273249139,0.134902411021814,0.0755985080906854,-0.05745423346917314,3.7181400688863375,0.1299018961468843
500,validation,fresh,all,bottom_streak,2,593,-0.0011292697900518833,0.00108771292850435,0.010879897565679203,-0.0001689736064755,0.09612141652613827,0.760539629005059,0.1433389544688027,0.07755433960042032,-0.06137204343329624,5.763912310286678,0.14332199584460312
500,validation,fresh,all,bottom_streak,3+,423,-0.0022581401465208324,0.0001497454327643,0.010361410301690594,0.0010739856801909,0.08747044917257683,0.7801418439716312,0.13238770685579196,0.06894178647624469,-0.05684973957858021,7.222222222222222,0.14689153454813586
500,validation,fresh,all,touch_accel10,+1,2294,0.0026479805497477706,0.0032360589425022,0.010515725416728178,0.00656316554711595,0.14036617262423715,0.7362685265911072,0.12336530078465563,0.07718742373387144,-0.055489303593098394,3.0588491717523976,0.12896776659747927
500,validation,fresh,all,touch_accel10,+2+,1404,0.0005291067855516772,0.00104602245463455,0.008494089903386532,0.0017445064323109,0.12464387464387465,0.7663817663817664,0.10897435897435898,0.07166420982004568,-0.06265495729936287,5.8739316239316235,0.126523933835237
500,validation,fresh,all,touch_accel10,<=0,802,0.002665775245422304,0.0023613547429497,0.010385338975523947,0.0045363575717145,0.128428927680798,0.6533665835411472,0.21820448877805487,0.07587630999701184,-0.05654811535337922,5.190773067331671,0.15737108372339878
500,validation,fresh,small,episode,0,341,0.004576876703043116,0.0034666666666667,0.010864120088541278,0.0092793080505655,0.19941348973607037,0.7096774193548387,0.09090909090909091,0.0723250998314414,-0.05139159437525419,2.730205278592375,0.09938347709908578
500,validation,fresh,small,episode,1,1944,0.0030273450651953785,0.0031410480131623,0.007060550328967095,0.00656316554711595,0.17849794238683128,0.7623456790123457,0.05915637860082305,0.07152823229140119,-0.05508446782572707,2.259259259259259,0.09385261018897369
500,validation,fresh,small,episode,2,452,0.00021611759766038518,-0.00014932030586225,0.00843871265052268,0.0004985044865404,0.16371681415929204,0.7853982300884956,0.05088495575221239,0.06911502025320834,-0.0624855635201198,4.913716814159292,0.09695671259613947
500,validation,fresh,small,episode,3+,49,-0.0067410732440829685,-0.0049522461973824,0.0035766164062407475,-0.006358353729321401,0.12244897959183673,0.8571428571428571,0.02040816326530612,0.07658139187394325,-0.07281674211744019,6.6938775510204085,0.10504500271096276
500,validation,fresh,small,touch_last10,0,341,0.004576876703043116,0.0034666666666667,0.010864120088541278,0.0092793080505655,0.19941348973607037,0.7096774193548387,0.09090909090909091,0.0723250998314414,-0.05139159437525419,2.730205278592375,0.09938347709908578
500,validation,fresh,small,touch_last10,1,1519,0.004100145160193697,0.00451243487136095,0.008535389783328587,0.0073107049608356,0.18762343647136273,0.749177090190915,0.06319947333772219,0.07348886519582776,-0.0529370726336559,1.9269256089532587,0.0952767651059207
500,validation,fresh,small,touch_last10,2,488,-0.0004616834486880361,-0.0001818181818181,0.007499111872301378,0.0014147606696535,0.14959016393442623,0.805327868852459,0.045081967213114756,0.07430268128429973,-0.06304823059585671,3.42827868852459,0.09505691812499435
500,validation,fresh,small,touch_last10,3+,438,-0.0007907731484963773,-0.0006896551724138,0.002449684457784659,0.0004985044865404,0.15753424657534246,0.7945205479452054,0.04794520547945205,0.059712479980722974,-0.06328025266383731,5.344748858447488,0.09202724016613308
500,validation,fresh,small,bottom_streak,1,2265,0.003108963279128601,0.00288232379414885,0.008565158263622108,0.0066036734260537,0.18763796909492272,0.7527593818984547,0.059602649006622516,0.07282803289166938,-0.0559847011691655,2.5112582781456956,0.09569013896931178
500,validation,fresh,small,bottom_streak,2,323,0.0019914576498323393,0.0058221024258759,0.006547801957154714,0.0,0.1393188854489164,0.7770897832817337,0.08359133126934984,0.07386566193729505,-0.05764214847429774,3.78328173374613,0.09714327867182469
500,validation,fresh,small,bottom_streak,3+,198,-0.0022595908239620766,-0.0012514077081816999,-0.00048331127699208427,0.0017488250081978,0.12626262626262627,0.8333333333333334,0.04040404040404041,0.04996018519142105,-0.05553773790235255,4.858585858585859,0.08684563307047875
500,validation,fresh,small,touch_accel10,+1,1519,0.004100145160193697,0.00451243487136095,0.008535389783328587,0.0073107049608356,0.18762343647136273,0.749177090190915,0.06319947333772219,0.07348886519582776,-0.0529370726336559,1.9269256089532587,0.0952767651059207
500,validation,fresh,small,touch_accel10,+2+,926,-0.0006153791876095142,-0.00035862406494045003,0.005133973749248964,0.00096821964392685,0.15334773218142547,0.8002159827213823,0.04643628509719223,0.06740148455539409,-0.0631579775351391,4.334773218142549,0.09362387390687206
500,validation,fresh,small,touch_accel10,<=0,341,0.004576876703043116,0.0034666666666667,0.010864120088541278,0.0092793080505655,0.19941348973607037,0.7096774193548387,0.09090909090909091,0.0723250998314414,-0.05139159437525419,2.730205278592375,0.09938347709908578
500,validation,fresh,large,episode,0,408,0.0014506129066598696,0.0017907452246002,0.011813444703630422,0.0022673166307676,0.07598039215686274,0.5955882352941176,0.3284313725490196,0.07926011340186193,-0.06005343642492048,5.894607843137255,0.2010378777985286
500,validation,fresh,large,episode,1,887,0.0003453626255932292,0.0017001983564748,0.014636615104945884,0.006025241379310349,0.05073280721533258,0.7080045095828635,0.24126268320180383,0.0835419774129908,-0.05988438995799614,5.297632468996618,0.19363703208645303
500,validation,fresh,large,episode,2,307,0.00548297375480031,0.004930734914299,0.02004034443002474,0.00516197453611515,0.0781758957654723,0.6775244299674267,0.24429967426710097,0.08693343984193512,-0.062413074507541,9.700325732899023,0.1944909697394629
500,validation,fresh,large,episode,3+,112,-0.007266705746970896,-0.0057852476185725,-0.009142615439438367,-0.0113219895287959,0.044642857142857144,0.7946428571428571,0.16071428571428573,0.059845134039404516,-0.06617238362798471,13.151785714285714,0.18664428918314283
500,validation,fresh,large,touch_last10,0,411,0.0014542646643786155,0.0015839873281016,0.011790652037490943,0.00216129019480835,0.07542579075425791,0.5985401459854015,0.3260340632603406,0.07914076695927728,-0.060067253428464445,5.968369829683699,0.20066979736476107
500,validation,fresh,large,touch_last10,1,788,0.00013444624719461095,0.0007794232268121,0.013833510090211101,0.0051995974505198,0.04949238578680203,0.7068527918781726,0.2436548223350254,0.08423506419451247,-0.06057492174856656,5.437817258883249,0.19510876823074527
500,validation,fresh,large,touch_last10,2,193,0.003680142187482077,0.00323247820186915,0.015224051835325377,0.0096855512803502,0.07772020725388601,0.689119170984456,0.23316062176165803,0.0802977588170005,-0.05726314377496059,7.637305699481865,0.1988409257092258
500,validation,fresh,large,touch_last10,3+,322,0.0010500093619322855,0.0035228597331953,0.01310725537466154,0.0017166192451225,0.062111801242236024,0.7204968944099379,0.21739130434782608,0.07897368950295026,-0.06434444269789687,10.381987577639752,0.18569905265958378
500,validation,fresh,large,bottom_streak,1,1219,0.00291299796179175,0.0031580609505763,0.01157207790587486,0.0049130763416478,0.06644790812141099,0.6587366694011485,0.2748154224774405,0.08074627373939032,-0.0601847426238223,5.960623461853979,0.19347009139479385
500,validation,fresh,large,bottom_streak,2,270,-0.004857779353059625,-0.0016806722689075,0.01617087599664389,-0.0015231647979691,0.044444444444444446,0.7407407407407407,0.21481481481481482,0.08196709102704794,-0.0658341029583204,8.133333333333333,0.19856542416611211
500,validation,fresh,large,bottom_streak,3+,225,-0.0022568535728625335,0.0009023391406954,0.019939225153891665,-0.0017974016181772,0.05333333333333334,0.7333333333333333,0.21333333333333335,0.0856455956068895,-0.058004301053660536,9.302222222222222,0.19973192784847413
500,validation,fresh,large,touch_accel10,+1,775,-0.0001624182306236477,0.000482998454405,0.014341193045905695,0.0053583617747439,0.04774193548387097,0.7109677419354838,0.24129032258064517,0.08443659846843704,-0.06049167627360569,5.27741935483871,0.19500212952093401
500,validation,fresh,large,touch_accel10,+2+,478,0.0027450264357148355,0.00356556570780505,0.014994227267067502,0.00445061542528675,0.06903765690376569,0.700836820083682,0.2301255230125523,0.07992212529089793,-0.0616804871354951,8.855648535564853,0.19025919637428704
500,validation,fresh,large,touch_accel10,<=0,461,0.0012512263499344096,0.0007548984936072999,0.01003300795330351,0.001250875612929,0.07592190889370933,0.6117136659436009,0.3123644251626898,0.07850312706091536,-0.0603623749055281,7.010845986984815,0.20026430250624203
500,validation,wide_fresh,all,episode,0,369,0.0033419560636232834,-6.282202199065003e-05,0.006875991422373339,0.0074849412461734,0.11382113821138211,0.6504065040650406,0.23577235772357724,0.08759397626140551,-0.06773494143507847,4.3956639566395665,0.19962538658083637
500,validation,wide_fresh,all,episode,1,1249,0.0031057696081085934,0.0049205147615443,0.010192393764105143,0.0066496163682865,0.1176941553242594,0.7469975980784628,0.13530824659727783,0.09902554143698508,-0.07036744318616606,3.287429943955164,0.16858947903457855
500,validation,wide_fresh,all,episode,2,352,-0.0001879331239418059,0.00023790621938175,0.023637217943282513,-0.001709415966641,0.11079545454545454,0.7670454545454546,0.12215909090909091,0.10261383165035008,-0.08003531730474708,7.122159090909091,0.18076125655570766
500,validation,wide_fresh,all,episode,3+,71,-0.010780792777717865,-0.0109796152096276,-0.011704269349364423,-0.0237368960398521,0.014084507042253521,0.8591549295774648,0.1267605633802817,0.07011517119183629,-0.08709939432105893,11.19718309859155,0.21506019647986302
500,validation,wide_fresh,all,touch_last10,0,369,0.0033419560636232834,-6.282202199065003e-05,0.006875991422373339,0.0074849412461734,0.11382113821138211,0.6504065040650406,0.23577235772357724,0.08759397626140551,-0.06773494143507847,4.3956639566395665,0.19962538658083637
500,validation,wide_fresh,all,touch_last10,1,1049,0.004036750935116699,0.0057099614749585,0.01102994400648199,0.007519927808693,0.11630123927550047,0.7407054337464252,0.14299332697807435,0.10113534233983623,-0.06911090838175092,3.298379408960915,0.1723444166187737
500,validation,wide_fresh,all,touch_last10,2,313,-0.002117020279257552,-0.0014159292035398,0.01527461936293658,-0.0038383838383837,0.11182108626198083,0.7699680511182109,0.1182108626198083,0.09837901027560801,-0.0772314820734799,4.862619808306709,0.1675152515818316
500,validation,wide_fresh,all,touch_last10,3+,310,-0.0016804337141760387,-0.0002555583950933,0.012459646256759691,-0.0028441410693968,0.0967741935483871,0.7935483870967742,0.10967741935483871,0.08999207361156279,-0.08249880143913428,7.825806451612904,0.18143202836664865
500,validation,wide_fresh,all,bottom_streak,1,1583,0.0037938532588519683,0.0041098953491096,0.011140065442718259,0.0062393251657443995,0.12571067593177512,0.7245735944409349,0.14971572962728996,0.09795188661267744,-0.0711708809244311,3.7984838913455463,0.17273781619526649
500,validation,wide_fresh,all,bottom_streak,2,273,-0.0035283044953266724,-0.00027796388403279325,0.004985095667376158,-0.0021258503401361,0.08058608058608059,0.7619047619047619,0.1575091575091575,0.0901767214536762,-0.0763677351907088,5.831501831501831,0.1890539810565772
500,validation,wide_fresh,all,bottom_streak,3+,185,-0.003987711357705518,-0.0047528517110265,0.020271619928170535,-0.0035577714313375,0.043243243243243246,0.8054054054054054,0.15135135135135136,0.09420131311391679,-0.07420390490104631,7.702702702702703,0.20579223434942764
500,validation,wide_fresh,all,touch_accel10,+1,1039,0.00403638230877657,0.0058462314939435,0.010966836864223409,0.007550482879719,0.11645813282001925,0.7401347449470644,0.14340712223291627,0.10118298931085595,-0.06900431218505385,3.186717998075072,0.17146516212322094
500,validation,wide_fresh,all,touch_accel10,+2+,608,-0.001624805131861206,-0.0010146561443067,0.014703209618424775,-0.0028441410693968,0.1069078947368421,0.7796052631578947,0.11348684210526316,0.09489313826929147,-0.07978441680911438,6.098684210526316,0.1722079873446373
500,validation,wide_fresh,all,touch_accel10,<=0,394,0.0027358174041831546,-0.000639795265515,0.006163328758252868,0.00679953335182565,0.10913705583756345,0.6624365482233503,0.22842639593908629,0.08700297063220322,-0.0686172914642615,5.104060913705584,0.20373731844830095
500,validation,wide_fresh,small,episode,0,170,0.00835068973263563,0.00666954339742885,0.017772403653388908,0.01688597448012125,0.19411764705882353,0.6941176470588235,0.11176470588235295,0.09266261876676324,-0.05826442509679438,2.7058823529411766,0.12589678769425358
500,validation,wide_fresh,small,episode,1,854,0.004821774177199915,0.00595086228593095,0.008702623961541665,0.0077040136960244,0.15690866510538642,0.7634660421545667,0.07962529274004684,0.09499846778550532,-0.0660638312764806,2.1475409836065573,0.12497053847460605
500,validation,wide_fresh,small,episode,2,210,-0.003674669275222894,-0.0067650935817602995,0.01424790675602195,-0.00680404348303725,0.14285714285714285,0.8,0.05714285714285714,0.088774803154284,-0.08076148151954606,4.814285714285714,0.1270660891494414
500,validation,wide_fresh,small,episode,3+,25,-0.010390647876853261,-0.0084081788648958,0.0034158246620109487,-0.00391350462718555,0.04,0.92,0.04,0.07740851548341605,-0.08603016451303201,6.88,0.13140734777397278
500,validation,wide_fresh,small,touch_last10,0,170,0.00835068973263563,0.00666954339742885,0.017772403653388908,0.01688597448012125,0.19411764705882353,0.6941176470588235,0.11176470588235295,0.09266261876676324,-0.05826442509679438,2.7058823529411766,0.12589678769425358
500,validation,wide_fresh,small,touch_last10,1,688,0.006907727430682677,0.0078257910854031,0.01041622591090656,0.0104743833017078,0.15843023255813954,0.7587209302325582,0.08284883720930232,0.09757747853696375,-0.06352572678671713,1.8924418604651163,0.12517061237870183
500,validation,wide_fresh,small,touch_last10,2,222,-0.0051636105403075954,-0.0059938441600517,0.01204074324205387,-0.0059582919563059,0.13963963963963963,0.8018018018018018,0.05855855855855856,0.09808557795427744,-0.08127846835602605,3.355855855855856,0.12614539056711324
500,validation,wide_fresh,small,touch_last10,3+,179,-0.0027301889798137012,-0.0049522461973824,0.003660823596047238,0.0016331715283763,0.13966480446927373,0.7988826815642458,0.061452513966480445,0.0714989357487483,-0.07698132479187562,5.418994413407821,0.12610192318770724
500,validation,wide_fresh,small,bottom_streak,1,1033,0.004592109054498923,0.0049205147615443,0.011960588412556629,0.0085567506777286,0.1665053242981607,0.7579864472410455,0.0755082284607938,0.09538645262270509,-0.06705543558149556,2.474346563407551,0.12548759090404518
500,validation,wide_fresh,small,bottom_streak,2,153,0.00022640139007490528,0.0069958847736624,0.007881153365274986,-0.002301495972382,0.12418300653594772,0.7647058823529411,0.1111111111111111,0.09490121647094002,-0.06960923778315062,3.816993464052288,0.1266064482244818
500,validation,wide_fresh,small,bottom_streak,3+,73,-0.0033301957224056255,-0.0047544061534735,-0.0003009994216505271,0.0036084065968489,0.0958904109589041,0.8356164383561644,0.0684931506849315,0.060344747251344574,-0.0755568639999039,4.616438356164384,0.12461490683348363
500,validation,wide_fresh,small,touch_accel10,+1,688,0.006907727430682677,0.0078257910854031,0.01041622591090656,0.0104743833017078,0.15843023255813954,0.7587209302325582,0.08284883720930232,0.09757747853696375,-0.06352572678671713,1.8924418604651163,0.12517061237870183
500,validation,wide_fresh,small,touch_accel10,+2+,401,-0.004095128484557738,-0.0054253373358893,0.008333396592380781,-0.0030383698540284,0.1396508728179551,0.800498753117207,0.059850374064837904,0.08621772519919087,-0.0793602920518292,4.276807980049876,0.1261259874226901
500,validation,wide_fresh,small,touch_accel10,<=0,170,0.00835068973263563,0.00666954339742885,0.017772403653388908,0.01688597448012125,0.19411764705882353,0.6941176470588235,0.11176470588235295,0.09266261876676324,-0.05826442509679438,2.7058823529411766,0.12589678769425358
500,validation,wide_fresh,large,episode,0,199,-0.000907878564629618,-0.00598101532254905,-0.002157303691421953,0.0020552637588491,0.04522613065326633,0.6130653266331658,0.3417085427135678,0.08326398015130092,-0.07582533227682872,5.839195979899498,0.2626096167854548
500,validation,wide_fresh,large,episode,1,395,-0.0005445607220704026,0.0026979472140762,0.013330997332526637,0.0018591803348749002,0.03291139240506329,0.7113924050632912,0.25569620253164554,0.10773217662271602,-0.07967196108710627,5.751898734177215,0.26289473280221526
500,validation,wide_fresh,large,episode,2,142,0.0048927395536392075,0.0048415224360638005,0.03710883834239552,0.0003461270855106,0.06338028169014084,0.7183098591549296,0.21830985915492956,0.12308000055298297,-0.07896141248004437,10.535211267605634,0.2601696027199043
500,validation,wide_fresh,large,episode,3+,46,-0.01099753994486486,-0.0178271541144554,-0.019951593355569168,-0.0301679779836076,0.0,0.8260869565217391,0.17391304347826086,0.06615139712032557,-0.0876804974775953,13.543478260869565,0.2605237012113251
500,validation,wide_fresh,large,touch_last10,0,199,-0.000907878564629618,-0.00598101532254905,-0.002157303691421953,0.0020552637588491,0.04522613065326633,0.6130653266331658,0.3417085427135678,0.08326398015130092,-0.07582533227682872,5.839195979899498,0.2626096167854548
500,validation,wide_fresh,large,touch_last10,1,361,-0.001314430255229891,-0.00040432704752635,0.012155093848370277,0.00079421322389455,0.036011080332409975,0.7063711911357341,0.25761772853185594,0.10791598027993674,-0.07975524338835276,5.977839335180056,0.26224906292672234
500,validation,wide_fresh,large,touch_last10,2,91,0.005364051361765333,0.0043075081921133,0.023284103243727473,0.00905667138355255,0.04395604395604396,0.6923076923076923,0.26373626373626374,0.0990948561584144,-0.06735861443913664,8.538461538461538,0.26843952790345216
500,validation,wide_fresh,large,touch_last10,3+,131,-0.0002616238629626359,0.0024216481729092,0.024261241730254977,-0.010682778965995999,0.03816793893129771,0.7862595419847328,0.17557251908396945,0.11526132305769864,-0.09003794891897626,11.114503816793894,0.2570357598706985
500,validation,wide_fresh,large,bottom_streak,1,550,0.0023213850727317165,0.0025348542458807,0.009654583337471849,0.0023755961054968003,0.04909090909090909,0.6618181818181819,0.28909090909090907,0.10277023808838917,-0.07890043554125371,6.285454545454545,0.2614823302422331
500,validation,wide_fresh,large,bottom_streak,2,120,-0.008292679190248004,-0.0034579439252336,0.0012507054779803003,0.00167908709827665,0.025,0.7583333333333333,0.21666666666666667,0.08415299030666483,-0.08498481938534547,8.4,0.26867458541749883
500,validation,wide_fresh,large,bottom_streak,3+,112,-0.004424062642949992,-0.0036184047418721995,0.03373034286730581,-0.0118380062305294,0.008928571428571428,0.7857142857142857,0.20535714285714285,0.11626853907791476,-0.07332206548839805,9.714285714285714,0.2587024567482126
500,validation,wide_fresh,large,touch_accel10,+1,351,-0.0014683964820777103,-0.00023454156246974323,0.012005634854638042,0.00079421322389455,0.03418803418803419,0.7037037037037037,0.2621082621082621,0.10825020131210335,-0.07974296390601014,5.7236467236467234,0.262207755354643
500,validation,wide_fresh,large,touch_accel10,+2+,207,0.0031698126068699945,0.0034865983874481,0.027054826755220737,-0.0023942537909017,0.043478260869565216,0.7391304347826086,0.21739130434782608,0.1116991317046071,-0.08060603046936245,9.628019323671497,0.2614779485460905
500,validation,wide_fresh,large,touch_accel10,<=0,224,-0.0014942209419155725,-0.007580413849621,-0.0023570931831313827,-0.00130067567567555,0.044642857142857144,0.6383928571428571,0.3169642857142857,0.08270770195865325,-0.07647437754671424,6.924107142857143,0.26281272125271193
