rank_cap,target_fraction,feature,period,quintile,n,mean_feature,mean_trade,median_trade,profit_factor,win_rate,target_share,stop_share,max_hold_share,mean_holding_sessions,mean_mfe_return,mean_mae_return,yearly_mean_trade,yearly_pf,yearly_n
300,0.6,pct_up_1d,discovery,1,252,0.3226851851851852,0.0017218001826688253,-0.0158308082274964,1.0843452750809681,0.36507936507936506,0.24206349206349206,0.5753968253968254,0.18253968253968253,9.015873015873016,0.04036605939990433,-0.034414132687217804,"{""2019"": 0.0055225305020665015, ""2020"": 0.017256322242512417, ""2021"": 0.0031600150571589195, ""2022"": -0.00879127186956866}","{""2019"": 1.3376321355019802, ""2020"": 2.195110517949592, ""2021"": 1.155521196177651, ""2022"": 0.6577760636213933}","{""2019"": 54, ""2020"": 39, ""2021"": 72, ""2022"": 87}"
300,0.6,pct_up_1d,discovery,2,254,0.5733595800524934,-0.00010718975524491002,-0.01618517612770785,0.9951715491939432,0.3779527559055118,0.2637795275590551,0.5748031496062992,0.16141732283464566,8.988188976377952,0.0395993979524843,-0.03350369909627913,"{""2019"": 0.002981960096748307, ""2020"": 0.013096861999103935, ""2021"": 0.005532135811111484, ""2022"": -0.016268845521654602}","{""2019"": 1.1565415277646365, ""2020"": 1.7497638974692094, ""2021"": 1.2726817476865886, ""2022"": 0.47299719190182943}","{""2019"": 95, ""2020"": 30, ""2021"": 64, ""2022"": 65}"
300,0.6,pct_up_1d,discovery,3,249,0.7101338688085675,0.003322311177229862,-0.0129722591646103,1.1477639747668973,0.43373493975903615,0.3373493975903614,0.4939759036144578,0.1686746987951807,9.891566265060241,0.044023600706178695,-0.03508777953610201,"{""2019"": -0.0016749001731765128, ""2020"": -0.0030462902585006494, ""2021"": 0.030347241642993416, ""2022"": -0.00969209139538462}","{""2019"": 0.9318611774686343, ""2020"": 0.8753813169317269, ""2021"": 3.595886704312906, ""2022"": 0.6595309259767874}","{""2019"": 79, ""2020"": 73, ""2021"": 53, ""2022"": 44}"
300,0.6,pct_up_1d,discovery,4,247,0.8122267206477733,-0.011185841537951003,-0.026766646692073,0.6173108994710276,0.31983805668016196,0.242914979757085,0.6558704453441295,0.10121457489878542,9.129554655870445,0.038179777107050915,-0.04193530411852885,"{""2019"": 0.002313847728028816, ""2020"": 0.004211247029661892, ""2021"": 0.0025261095835523795, ""2022"": -0.03301789702036211}","{""2019"": 1.1041577304020553, ""2020"": 1.1592537009082349, ""2021"": 1.1235699734206621, ""2022"": 0.17946960000470777}","{""2019"": 71, ""2020"": 24, ""2021"": 56, ""2022"": 96}"
300,0.6,pct_up_1d,discovery,5,263,0.8899112801013942,-0.006135631841724631,-0.0224697495008807,0.7837779488989304,0.3688212927756654,0.30798479087452474,0.6007604562737643,0.09125475285171103,7.623574144486692,0.04012273494984786,-0.04348428395538482,"{""2019"": 0.020815505033008896, ""2020"": -0.028207331043734518, ""2021"": 0.020592610719102778, ""2022"": -0.015857501745340077}","{""2019"": 2.774662364415924, ""2020"": 0.4129687652824185, ""2021"": 2.3708301130637057, ""2022"": 0.49927466312673874}","{""2019"": 67, ""2020"": 48, ""2021"": 19, ""2022"": 129}"
300,0.6,pct_up_1d,validation,1,223,0.3323019431988042,0.009899774948185013,-0.01759578332658,1.442401666996153,0.3452914798206278,0.21973094170403587,0.6053811659192825,0.17488789237668162,9.340807174887892,0.05740076830228356,-0.03402462083440871,"{""2023"": -0.013150109871212711, ""2024"": -0.002415743458011785, ""2025"": 0.09142501380367307, ""2026"": 0.0024610576941006754}","{""2023"": 0.5076053420466359, ""2024"": 0.8816428402085827, ""2025"": 7.026147745268337, ""2026"": 1.095410379079885}","{""2023"": 91, ""2024"": 80, ""2025"": 39, ""2026"": 13}"
300,0.6,pct_up_1d,validation,2,326,0.5572188139059304,-0.0005538093688119052,-0.01892502344624835,0.9767795194974955,0.38650306748466257,0.2791411042944785,0.5797546012269938,0.1411042944785276,8.60122699386503,0.04274084969006849,-0.03692200007570638,"{""2023"": -0.0007319883983589544, ""2024"": -0.005555886738817004, ""2025"": 0.007863793380665476, ""2026"": -0.00815675550456126}","{""2023"": 0.9697063263438231, ""2024"": 0.7904709164511813, ""2025"": 1.3966047651091005, ""2026"": 0.6847691327876086}","{""2023"": 71, ""2024"": 122, ""2025"": 102, ""2026"": 31}"
300,0.6,pct_up_1d,validation,3,244,0.7182650273224044,0.005512386305597732,-0.0101315016506169,1.263508528996569,0.4262295081967213,0.3401639344262295,0.5286885245901639,0.13114754098360656,8.848360655737705,0.04354120617094229,-0.032744971553279614,"{""2023"": 0.007880118641387764, ""2024"": -0.0044283899117214505, ""2025"": 0.009230495951894426, ""2026"": 0.012709674021035185}","{""2023"": 1.381579930207358, ""2024"": 0.8322579808836117, ""2025"": 1.5381814327644376, ""2026"": 1.6883342755630912}","{""2023"": 74, ""2024"": 67, ""2025"": 72, ""2026"": 31}"
300,0.6,pct_up_1d,validation,4,144,0.803587962962963,0.0056135471111847255,-0.0059672681946537996,1.2805502198178957,0.4375,0.3333333333333333,0.5208333333333334,0.14583333333333334,9.104166666666666,0.04267448103499013,-0.03468291532141658,"{""2023"": 0.0025751623709311406, ""2024"": 0.006866399755105801, ""2025"": 0.007237142867141855, ""2026"": 0.0051986522024634555}","{""2023"": 1.1168404319703773, ""2024"": 1.2976758501290597, ""2025"": 1.4424510865696483, ""2026"": 1.3085516080090145}","{""2023"": 42, ""2024"": 42, ""2025"": 49, ""2026"": 11}"
300,0.6,pct_up_1d,validation,5,76,0.8765789473684211,-0.0002659137176204474,-0.02094840398760545,0.9899714882873473,0.3684210526315789,0.32894736842105265,0.6052631578947368,0.06578947368421052,8.868421052631579,0.047063444756265276,-0.04155542346371409,"{""2023"": -0.004043939289383043, ""2024"": 0.012790894536074467, ""2025"": -0.010654169596182391, ""2026"": -0.0446231010597545}","{""2023"": 0.8487215949317815, ""2024"": 1.5853401386784998, ""2025"": 0.6989514080686324, ""2026"": 0.0}","{""2023"": 43, ""2024"": 23, ""2025"": 9, ""2026"": 1}"
300,0.6,new_low_relief_1d,discovery,1,235,-0.0929929078014184,0.001563099071555552,-0.0177268299271151,1.0765499535723468,0.3659574468085106,0.2553191489361702,0.5829787234042553,0.16170212765957448,8.838297872340426,0.038324191561978874,-0.03219900080458201,"{""2019"": 0.0024551343667493044, ""2020"": 0.012600749981825716, ""2021"": 0.010923914599073346, ""2022"": -0.008938636318357774}","{""2019"": 1.1418659974369603, ""2020"": 1.7713662164973205, ""2021"": 1.6413515039819218, ""2022"": 0.6599899974351798}","{""2019"": 63, ""2020"": 25, ""2021"": 61, ""2022"": 86}"
300,0.6,new_low_relief_1d,discovery,2,251,-0.0037981407702523135,-0.006729004851772425,-0.0197007022186271,0.750444065733175,0.3386454183266932,0.22310756972111553,0.5976095617529881,0.17928286852589642,10.163346613545817,0.04139289222383212,-0.041217156623401335,"{""2019"": 0.0002809540727959596, ""2020"": 0.002787452035462035, ""2021"": 0.0023459515387223447, ""2022"": -0.03875004513228156}","{""2019"": 1.0112335943985569, ""2020"": 1.113806579941848, ""2021"": 1.1242813577592308, ""2022"": 0.05847549843731373}","{""2019"": 99, ""2020"": 51, ""2021"": 50, ""2022"": 51}"
300,0.6,new_low_relief_1d,discovery,3,256,0.028932291666666627,-0.0003836694746243615,-0.0164922517408073,0.9830734671199164,0.3984375,0.30859375,0.5546875,0.13671875,9.12890625,0.04028890691839491,-0.035522107685930476,"{""2019"": 0.0049282077827137935, ""2020"": 0.004912553989614847, ""2021"": 0.002285862749109817, ""2022"": -0.0188682437318497}","{""2019"": 1.251261915381891, ""2020"": 1.2507476946876936, ""2021"": 1.1061430517271242, ""2022"": 0.42493407099924596}","{""2019"": 84, ""2020"": 58, ""2021"": 64, ""2022"": 50}"
300,0.6,new_low_relief_1d,discovery,4,266,0.11359649122807014,-0.007985947371389903,-0.0241105008916048,0.7174338899180315,0.3308270676691729,0.2556390977443609,0.6240601503759399,0.12030075187969924,7.69172932330827,0.03802828096159447,-0.0410137507144279,"{""2019"": 0.006951986091619135, ""2020"": 0.0017174596103716959, ""2021"": 0.013631445754069809, ""2022"": -0.023306001926682092}","{""2019"": 1.431266008618793, ""2020"": 1.053474686835847, ""2021"": 1.8207402079623, ""2022"": 0.35520877734690937}","{""2019"": 61, ""2020"": 33, ""2021"": 38, ""2022"": 134}"
300,0.6,new_low_relief_1d,discovery,5,253,0.3106851119894598,0.0007144425454847758,-0.014537367369554,1.0292730121558504,0.4268774703557312,0.35177865612648224,0.549407114624506,0.09881422924901186,8.66798418972332,0.04379725072756757,-0.03833240387274617,"{""2019"": 0.013942745264114948, ""2020"": -0.025705145206828726, ""2021"": 0.024995231399408662, ""2022"": -0.00652712002167565}","{""2019"": 1.96066729742943, ""2020"": 0.38329178289253035, ""2021"": 2.5565195229836566, ""2022"": 0.7488139980218825}","{""2019"": 55, ""2020"": 47, ""2021"": 51, ""2022"": 100}"
300,0.6,new_low_relief_1d,validation,1,220,-0.06134848484848481,0.008609071612147906,-0.019087693589869448,1.3546061421262727,0.35454545454545455,0.2318181818181818,0.6136363636363636,0.15454545454545454,9.031818181818181,0.05647831973645319,-0.03546198504466071,"{""2023"": -0.018684895160701993, ""2024"": -0.008323015487980333, ""2025"": 0.0729859631733855, ""2026"": 0.009645333863072354}","{""2023"": 0.3648749517705874, ""2024"": 0.6626202724670275, ""2025"": 4.92898052706965, ""2026"": 1.5004818359196745}","{""2023"": 71, ""2024"": 77, ""2025"": 50, ""2026"": 22}"
300,0.6,new_low_relief_1d,validation,2,250,-0.004453333333333316,-0.005164704197453972,-0.02042206609549785,0.7877877216896726,0.332,0.232,0.624,0.144,8.412,0.03784655460574728,-0.03695904391645718,"{""2023"": -0.010487481569152829, ""2024"": -0.007190797896902916, ""2025"": 0.004480149107765659, ""2026"": -0.011064252467083159}","{""2023"": 0.5849667910104623, ""2024"": 0.7434792956610697, ""2025"": 1.245312891699198, ""2026"": 0.5866625395237249}","{""2023"": 66, ""2024"": 82, ""2025"": 72, ""2026"": 30}"
300,0.6,new_low_relief_1d,validation,3,265,0.03314465408805027,0.0003859229723053238,-0.0155700744009433,1.016065354300898,0.39622641509433965,0.32452830188679244,0.5622641509433962,0.11320754716981132,8.988679245283018,0.042333277887660004,-0.03624587794294995,"{""2023"": 0.007299678374290901, ""2024"": -0.009071918913099032, ""2025"": 0.006289345997181894, ""2026"": 0.003138175697078099}","{""2023"": 1.3272257872458355, ""2024"": 0.6622300441130455, ""2025"": 1.2795869808558047, ""2026"": 1.1493926343891148}","{""2023"": 80, ""2024"": 103, ""2025"": 62, ""2026"": 20}"
300,0.6,new_low_relief_1d,validation,4,185,0.1132432432432432,0.008505720107322118,-0.0064509969157767,1.4831983082979372,0.4486486486486487,0.34054054054054056,0.4972972972972973,0.16216216216216217,9.221621621621622,0.04566589890353674,-0.03210459981926992,"{""2023"": -0.00510798655399124, ""2024"": 0.0055348109257092265, ""2025"": 0.014435903064780539, ""2026"": 0.032357677218793714}","{""2023"": 0.8023182849237247, ""2024"": 1.2901265045605332, ""2025"": 2.125841943526125, ""2026"": 3.6407362623469774}","{""2023"": 43, ""2024"": 53, ""2025"": 77, ""2026"": 12}"
300,0.6,new_low_relief_1d,validation,5,93,0.263010752688172,0.02023251662822926,0.0081624913820368,2.0951340181747167,0.5268817204301075,0.40860215053763443,0.45161290322580644,0.13978494623655913,9.172043010752688,0.05942484705113445,-0.03419872267627512,"{""2023"": 0.01513500863748801, ""2024"": 0.06770420369943884, ""2025"": -0.01823622364099456, ""2026"": -0.04854303811361327}","{""2023"": 1.8416255712465206, ""2024"": 10.721092966311287, ""2025"": 0.4687079687835603, ""2026"": 0.0}","{""2023"": 61, ""2024"": 19, ""2025"": 10, ""2026"": 3}"
300,0.6,new_low_relief_3d,discovery,1,239,-0.1024128312412831,-0.0026232145903394267,-0.0182046301722209,0.8835353366377383,0.32217573221757323,0.2301255230125523,0.6192468619246861,0.1506276150627615,7.891213389121339,0.036353160721391095,-0.035607952852907764,"{""2019"": 0.0042796235464331095, ""2020"": 0.002721537111312186, ""2021"": 0.007154006058228174, ""2022"": -0.015657726640358863}","{""2019"": 1.2174060277764733, ""2020"": 1.1241499326279913, ""2021"": 1.3991462654948408, ""2022"": 0.4363203466071597}","{""2019"": 65, ""2020"": 27, ""2021"": 58, ""2022"": 89}"
300,0.6,new_low_relief_3d,discovery,2,241,-0.011964038727524173,-0.006385150449662771,-0.0185601163768596,0.7378985743343192,0.36099585062240663,0.24066390041493776,0.5684647302904564,0.1908713692946058,10.240663900414937,0.038784255096304815,-0.036278324967098506,"{""2019"": 0.0021925683165319554, ""2020"": -0.0066942276036676416, ""2021"": -0.004546262277208425, ""2022"": -0.03807795498348781}","{""2019"": 1.0994486619925337, ""2020"": 0.7073287918144736, ""2021"": 0.7817562315936928, ""2022"": 0.07372398141152445}","{""2019"": 102, ""2020"": 58, ""2021"": 51, ""2022"": 30}"
300,0.6,new_low_relief_3d,discovery,3,261,0.024559386973180032,-0.0012467107312732104,-0.0182164010411002,0.9487818777814984,0.3716475095785441,0.2835249042145594,0.5708812260536399,0.14559386973180077,9.659003831417625,0.04238295712427397,-0.03743849666429241,"{""2019"": -0.004657892056963677, ""2020"": 0.020485288022464944, ""2021"": 0.011620351293690214, ""2022"": -0.023252904279374563}","{""2019"": 0.7882749304309823, ""2020"": 2.0329125733173172, ""2021"": 1.5706962554293846, ""2022"": 0.3172658069722537}","{""2019"": 90, ""2020"": 50, ""2021"": 54, ""2022"": 67}"
300,0.6,new_low_relief_3d,discovery,4,261,0.13441890166028095,0.004467081384329394,-0.0150076194425443,1.1903243400617163,0.4329501915708812,0.31417624521072796,0.5478927203065134,0.13793103448275862,8.816091954022989,0.044902474704129204,-0.037289377828578135,"{""2019"": 0.021453437073695715, ""2020"": -0.0070425705412910265, ""2021"": 0.018421938292323883, ""2022"": -0.011998144079727982}","{""2019"": 2.6125843680227776, ""2020"": 0.7899273975564293, ""2021"": 2.135321907007121, ""2022"": 0.6160022304101253}","{""2019"": 61, ""2020"": 38, ""2021"": 68, ""2022"": 94}"
300,0.6,new_low_relief_3d,discovery,5,255,0.39662745098039215,-0.008186842662246847,-0.0261484913591413,0.7121676974659298,0.36470588235294116,0.3215686274509804,0.611764705882353,0.06666666666666667,7.698039215686275,0.03852071355129826,-0.042038874650018,"{""2019"": 0.008664857809550702, ""2020"": -0.020761505960334405, ""2021"": 0.01998301740818832, ""2022"": -0.015903950506038853}","{""2019"": 1.5775820935784126, ""2020"": 0.47735104753093416, ""2021"": 2.3023579924736293, ""2022"": 0.5036507178516269}","{""2019"": 40, ""2020"": 41, ""2021"": 33, ""2022"": 141}"
300,0.6,new_low_relief_3d,validation,1,211,-0.0923380726698262,0.017960031294253914,-0.0100433312105262,1.8875708806549487,0.43601895734597157,0.3222748815165877,0.5213270142180095,0.15639810426540285,9.071090047393366,0.06395951936855977,-0.033351689472322754,"{""2023"": -0.003321323704833282, ""2024"": -0.0015924980047694385, ""2025"": 0.09986476026639163, ""2026"": 0.00425263103637193}","{""2023"": 0.8666504982625831, ""2024"": 0.918066186056045, ""2025"": 9.439566723935203, ""2026"": 1.2071664148739458}","{""2023"": 84, ""2024"": 67, ""2025"": 41, ""2026"": 19}"
300,0.6,new_low_relief_3d,validation,2,220,-0.011045454545454515,0.00020635951817476965,-0.0163117097286668,1.0089795695889434,0.37272727272727274,0.2818181818181818,0.5818181818181818,0.13636363636363635,8.75909090909091,0.03973176860092771,-0.034559303192663364,"{""2023"": -0.002909493522327489, ""2024"": -0.012218727174054134, ""2025"": 0.008480316522066718, ""2026"": 0.017414170147315597}","{""2023"": 0.8770545053570314, ""2024"": 0.5925051156992007, ""2025"": 1.4762200003081676, ""2026"": 1.9738191107340461}","{""2023"": 34, ""2024"": 77, ""2025"": 91, ""2026"": 18}"
300,0.6,new_low_relief_3d,validation,3,230,0.028637681159420236,-0.003291558390834949,-0.021189710600678452,0.8580671439554416,0.36086956521739133,0.24782608695652175,0.6043478260869565,0.14782608695652175,9.1,0.03986961246082946,-0.03499605024504441,"{""2023"": -0.006491120299945709, ""2024"": -0.00482714902866685, ""2025"": -0.0012144959338069481, ""2026"": 0.005020650728403584}","{""2023"": 0.7303309130704663, ""2024"": 0.7996241330648844, ""2025"": 0.945304319479487, ""2026"": 1.2463067352686057}","{""2023"": 77, ""2024"": 75, ""2025"": 46, ""2026"": 32}"
300,0.6,new_low_relief_3d,validation,4,260,0.13297435897435894,-0.0017052759095235225,-0.02057054672055025,0.9299916520759501,0.35384615384615387,0.24615384615384617,0.6,0.15384615384615385,9.103846153846154,0.04206005840799332,-0.03912187086406967,"{""2023"": -0.003652920375219671, ""2024"": -0.003238958044622265, ""2025"": 0.004455668262751562, ""2026"": -0.0179122302379771}","{""2023"": 0.8507193364169721, ""2024"": 0.8800869920374627, ""2025"": 1.2161406265246413, ""2026"": 0.4344688697217534}","{""2023"": 85, ""2024"": 75, ""2025"": 85, ""2026"": 15}"
300,0.6,new_low_relief_3d,validation,5,92,0.33826086956521734,0.016584087266652173,0.0178024654191792,1.860253940083103,0.532608695652174,0.4891304347826087,0.44565217391304346,0.06521739130434782,7.934782608695652,0.05149799973431499,-0.03157996040451672,"{""2023"": 0.011146182950953919, ""2024"": 0.02668242426001515, ""2025"": 0.012747710252868062, ""2026"": -0.033512041626887264}","{""2023"": 1.4972652963081219, ""2024"": 2.6065904391790973, ""2025"": 2.136740429538338, ""2026"": 0.0}","{""2023"": 41, ""2024"": 40, ""2025"": 8, ""2026"": 3}"
300,0.6,ma50_recovery_3d,discovery,1,244,-0.10974043715846993,-0.00274336223973743,-0.01911999256590825,0.8823466776712167,0.35655737704918034,0.2581967213114754,0.6065573770491803,0.13524590163934427,8.209016393442623,0.036430806743274834,-0.03649891236915134,"{""2019"": -0.003675276975810938, ""2020"": -0.008483380943055249, ""2021"": 0.003536533853739448, ""2022"": -0.003039884750453877}","{""2019"": 0.8203910479026066, ""2020"": 0.7007950393053363, ""2021"": 1.1604689247287194, ""2022"": 0.8716517881957445}","{""2019"": 72, ""2020"": 52, ""2021"": 61, ""2022"": 59}"
300,0.6,ma50_recovery_3d,discovery,2,235,-0.024907801418439676,-0.0039834751130577,-0.0175206254847171,0.845380335154706,0.32340425531914896,0.23404255319148937,0.5957446808510638,0.1702127659574468,8.795744680851064,0.04184669366615666,-0.03692721484597453,"{""2019"": -0.00427997665634688, ""2020"": -0.0180654871409775, ""2021"": 0.008503733719628004, ""2022"": -0.0034892823638664303}","{""2019"": 0.8254047428900126, ""2020"": 0.518144732378242, ""2021"": 1.435092565042267, ""2022"": 0.8531163227765907}","{""2019"": 54, ""2020"": 47, ""2021"": 51, ""2022"": 83}"
300,0.6,ma50_recovery_3d,discovery,3,274,0.013369829683698264,0.0034845322776610134,-0.016347226966461452,1.1641610794909323,0.42700729927007297,0.29927007299270075,0.5291970802919708,0.17153284671532848,9.627737226277372,0.04458099165752435,-0.03418986449473325,"{""2019"": 0.00889931049972592, ""2020"": 0.012785697276861116, ""2021"": 0.022712102973834542, ""2022"": -0.022061016194464704}","{""2019"": 1.5100746451547733, ""2020"": 1.8292023735956797, ""2021"": 2.6211235217374678, ""2022"": 0.354746453143078}","{""2019"": 93, ""2020"": 45, ""2021"": 57, ""2022"": 79}"
300,0.6,ma50_recovery_3d,discovery,4,254,0.05036745406824142,-0.0012573064821748932,-0.01329528521944175,0.950433405473093,0.4409448818897638,0.35826771653543305,0.5275590551181102,0.1141732283464567,9.401574803149606,0.04353669578420322,-0.040555208899050565,"{""2019"": 0.012172927367248806, ""2020"": 0.02373762206774004, ""2021"": 0.015375156142252586, ""2022"": -0.02312637995494316}","{""2019"": 1.6314298296540914, ""2020"": 2.357108818980264, ""2021"": 2.1285064996866825, ""2022"": 0.3693593021256489}","{""2019"": 62, ""2020"": 25, ""2021"": 57, ""2022"": 110}"
300,0.6,ma50_recovery_3d,discovery,5,250,0.16213333333333332,-0.009771226573709343,-0.02618454397771195,0.6502021100893837,0.3,0.24,0.664,0.096,8.172,0.0345723530126442,-0.04089835715406721,"{""2019"": 0.008457694753406877, ""2020"": -0.00639870994031673, ""2021"": -0.0025707744986575467, ""2022"": -0.03009353067973808}","{""2019"": 1.4990235022962735, ""2020"": 0.8007482693247071, ""2021"": 0.8908361622337839, ""2022"": 0.18871801175289712}","{""2019"": 77, ""2020"": 45, ""2021"": 38, ""2022"": 90}"
300,0.6,ma50_recovery_3d,validation,1,251,-0.08555112881806104,0.01869532806249874,-0.009602550861141,1.9018388263879948,0.44621513944223107,0.3545816733067729,0.5179282868525896,0.12749003984063745,9.151394422310757,0.06353063637560455,-0.03368208521536349,"{""2023"": 0.004704175815478089, ""2024"": 0.0023497999216291676, ""2025"": 0.05923965879384138, ""2026"": 0.02004671677894772}","{""2023"": 1.2179553936479606, ""2024"": 1.0985118449068358, ""2025"": 4.595892861027173, ""2026"": 2.1895772106547313}","{""2023"": 85, ""2024"": 85, ""2025"": 63, ""2026"": 18}"
300,0.6,ma50_recovery_3d,validation,2,182,-0.021428571428571398,0.004123114309843321,-0.0134186705004305,1.205394664408001,0.4175824175824176,0.25274725274725274,0.5164835164835165,0.23076923076923078,10.31868131868132,0.04677484098376153,-0.03355013384945683,"{""2023"": -0.0004478249518905247, ""2024"": 0.0025777243520726492, ""2025"": 0.013110617925426756, ""2026"": -0.005025425499388538}","{""2023"": 0.9805588491928313, ""2024"": 1.1314835901158184, ""2025"": 1.8054252888052034, ""2026"": 0.7983324432916231}","{""2023"": 61, ""2024"": 63, ""2025"": 50, ""2026"": 8}"
300,0.6,ma50_recovery_3d,validation,3,213,0.018043818466353646,-0.0007184813215787184,-0.0158049760056455,0.9689505265132199,0.352112676056338,0.27699530516431925,0.6009389671361502,0.12206572769953052,8.380281690140846,0.041248900898147534,-0.033655181468480386,"{""2023"": -0.009843070382975667, ""2024"": 0.005087054787436299, ""2025"": 0.0014197470710818286, ""2026"": 0.010159453298192412}","{""2023"": 0.6418037256955514, ""2024"": 1.2638037660970074, ""2025"": 1.0658534376732671, ""2026"": 1.4972867878041445}","{""2023"": 82, ""2024"": 49, ""2025"": 49, ""2026"": 33}"
300,0.6,ma50_recovery_3d,validation,4,211,0.05797788309636646,-0.005121452661261278,-0.0220297035075305,0.7933052719487099,0.3459715639810427,0.24170616113744076,0.6398104265402843,0.11848341232227488,8.118483412322275,0.03542597300878137,-0.038346079034656165,"{""2023"": -0.0057435535691073274, ""2024"": -0.010498266558187315, ""2025"": 0.005328383352042592, ""2026"": -0.010176480169545652}","{""2023"": 0.755142870617557, ""2024"": 0.6435567394964811, ""2025"": 1.2864085292352505, ""2026"": 0.5736537548322899}","{""2023"": 41, ""2024"": 93, ""2025"": 59, ""2026"": 18}"
300,0.6,ma50_recovery_3d,validation,5,156,0.14758547008547004,-0.00031409971670769377,-0.0169449316590683,0.9869416295425956,0.3974358974358974,0.3269230769230769,0.5576923076923077,0.11538461538461539,8.705128205128204,0.04076783795587556,-0.03811848359310101,"{""2023"": -0.0011760599899696437, ""2024"": -0.005005839568404836, ""2025"": 0.010388780425899375, ""2026"": -0.02870265166131348}","{""2023"": 0.9527561031531756, ""2024"": 0.8103509955770615, ""2025"": 1.5392879237420707, ""2026"": 0.13885032684934126}","{""2023"": 52, ""2024"": 44, ""2025"": 50, ""2026"": 10}"
300,0.6,ret20_recovery_3d,discovery,1,252,-0.15694444444444444,-0.001003083813097134,-0.01834730041051815,0.9580684262631725,0.35714285714285715,0.27380952380952384,0.5714285714285714,0.15476190476190477,8.714285714285714,0.03958604070247835,-0.03707898158954724,"{""2019"": -0.006544251880768901, ""2020"": -0.002361985191899946, ""2021"": 0.004565042686751609, ""2022"": 0.0008647279259174131}","{""2019"": 0.7252164839821766, ""2020"": 0.9125895573534318, ""2021"": 1.228422968609234, ""2022"": 1.0360128964779567}","{""2019"": 61, ""2020"": 62, ""2021"": 49, ""2022"": 80}"
300,0.6,ret20_recovery_3d,discovery,2,245,-0.03921088435374146,-0.003930841068899074,-0.0193424532963647,0.8353466691644973,0.3510204081632653,0.2163265306122449,0.6040816326530613,0.17959183673469387,8.906122448979591,0.0384435571777075,-0.03676470962665325,"{""2019"": -0.010123964386523094, ""2020"": -1.6327075410091374e-05, ""2021"": 0.018657596183338003, ""2022"": -0.017324896630800456}","{""2019"": 0.6118056681343368, ""2020"": 0.999273578132023, ""2021"": 2.2092767302845635, ""2022"": 0.4023399565698119}","{""2019"": 86, ""2020"": 27, ""2021"": 61, ""2022"": 71}"
300,0.6,ret20_recovery_3d,discovery,3,256,0.010963541666666644,0.00378158617057994,-0.01080049321770925,1.1721418693619459,0.4453125,0.34765625,0.515625,0.13671875,9.1640625,0.04456336116519534,-0.034603212625304025,"{""2019"": 0.02169784135127024, ""2020"": -0.007896313876952988, ""2021"": 0.006137195619919822, ""2022"": -0.012087625762719253}","{""2019"": 3.028856526165182, ""2020"": 0.7445156398508709, ""2021"": 1.281783661672335, ""2022"": 0.5810034446661614}","{""2019"": 74, ""2020"": 51, ""2021"": 74, ""2022"": 57}"
300,0.6,ret20_recovery_3d,discovery,4,244,0.0638387978142076,-0.0009475154656485533,-0.015591907525089748,0.9603634728630427,0.4098360655737705,0.319672131147541,0.5450819672131147,0.13524590163934427,9.434426229508198,0.04117652086896157,-0.03818873789417909,"{""2019"": 0.0069271757081156345, ""2020"": 0.027306947927026905, ""2021"": 0.010874941730998636, ""2022"": -0.023149105732372298}","{""2019"": 1.3872338418400312, ""2020"": 3.115999975486987, ""2021"": 1.6639346055031599, ""2022"": 0.363727714374678}","{""2019"": 71, ""2020"": 32, ""2021"": 49, ""2022"": 92}"
300,0.6,ret20_recovery_3d,discovery,5,260,0.17148717948717945,-0.011284449181363848,-0.0250492457961526,0.6165899369941833,0.29615384615384616,0.23846153846153847,0.676923076923077,0.08461538461538462,8.126923076923077,0.03765402014437194,-0.042113590884446224,"{""2019"": 0.013791693246254975, ""2020"": -0.017466312757933485, ""2021"": 0.012060588513537661, ""2022"": -0.028797534293337933}","{""2019"": 1.7828209940667021, ""2020"": 0.5240469355719457, ""2021"": 1.7846846655842372, ""2022"": 0.22076890726680007}","{""2019"": 66, ""2020"": 42, ""2021"": 31, ""2022"": 121}"
300,0.6,ret20_recovery_3d,validation,1,159,-0.1342348008385744,0.0005261709928645221,-0.0205543565418955,1.0216602403064918,0.3710691823899371,0.2641509433962264,0.5911949685534591,0.14465408805031446,9.9874213836478,0.04788556470708395,-0.037176349981967394,"{""2023"": -0.004608613545787728, ""2024"": -0.00033750171863058796, ""2025"": 0.01099410955677545, ""2026"": -0.014571668745612752}","{""2023"": 0.8269984576187028, ""2024"": 0.9844393390026478, ""2025"": 1.4480397646599203, ""2026"": 0.3069986079917757}","{""2023"": 62, ""2024"": 57, ""2025"": 38, ""2026"": 2}"
300,0.6,ret20_recovery_3d,validation,2,284,-0.04146713615023471,0.013921370195720964,-0.0126799078834442,1.6756510381666023,0.3873239436619718,0.29577464788732394,0.5845070422535211,0.11971830985915492,8.556338028169014,0.05685446449294188,-0.033546805957790526,"{""2023"": -0.007872353103422174, ""2024"": 0.0023135267528286052, ""2025"": 0.04931002515330538, ""2026"": 0.010771477070007036}","{""2023"": 0.6714304794422532, ""2024"": 1.10300901954027, ""2025"": 4.0750535327428965, ""2026"": 1.5560848830851484}","{""2023"": 82, ""2024"": 78, ""2025"": 80, ""2026"": 44}"
300,0.6,ret20_recovery_3d,validation,3,159,0.009433962264150933,0.008099637586543822,-0.0092408153070576,1.4860443870554596,0.4528301886792453,0.33962264150943394,0.5031446540880503,0.15723270440251572,8.220125786163521,0.042964728358258694,-0.029486589199397308,"{""2023"": 0.009253525445005906, ""2024"": 0.013886369248637247, ""2025"": 0.005410547920370649, ""2026"": -0.0049795661340005905}","{""2023"": 1.5655288897716453, ""2024"": 1.932601906714085, ""2025"": 1.3465449152933284, ""2026"": 0.8000527078038835}","{""2023"": 33, ""2024"": 60, ""2025"": 46, ""2026"": 20}"
300,0.6,ret20_recovery_3d,validation,4,237,0.06457102672292542,-0.00297054455149385,-0.0212402766298895,0.8790186087666434,0.37130801687763715,0.25316455696202533,0.5949367088607594,0.1518987341772152,8.848101265822784,0.03804081014541517,-0.035725403150725935,"{""2023"": -0.0067692909903124335, ""2024"": -0.002641291599158632, ""2025"": 0.001663179494662141, ""2026"": -0.002411518072977769}","{""2023"": 0.7348639720886168, ""2024"": 0.8974031671257555, ""2025"": 1.079389749317708, ""2026"": 0.8993533539351215}","{""2023"": 71, ""2024"": 99, ""2025"": 49, ""2026"": 18}"
300,0.6,ret20_recovery_3d,validation,5,174,0.18446360153256702,-0.002648747596303258,-0.0186880004519311,0.8994387785445769,0.39655172413793105,0.3218390804597701,0.5344827586206896,0.14367816091954022,9.24712643678161,0.04294455855602217,-0.04122279741786415,"{""2023"": 0.005140895205218275, ""2024"": -0.03295280485445041, ""2025"": 0.010311232255766278, ""2026"": -0.03870223613137623}","{""2023"": 1.2108098727769516, ""2024"": 0.21437394883271668, ""2025"": 1.5927173922853968, ""2026"": 0.0}","{""2023"": 73, ""2024"": 40, ""2025"": 58, ""2026"": 3}"
300,0.6,median_ret20_recovery_3d,discovery,1,246,-0.032030157432815655,-0.010439745897279919,-0.02296168971267875,0.6157588836801128,0.3048780487804878,0.2073170731707317,0.6219512195121951,0.17073170731707318,8.75609756097561,0.03498131141972265,-0.04052991855745715,"{""2019"": -0.01241418920292734, ""2020"": -0.008332403647397778, ""2021"": -0.0003859447374943406, ""2022"": -0.016953217538016114}","{""2019"": 0.5589106890097673, ""2020"": 0.7020833228103585, ""2021"": 0.9817705989202864, ""2022"": 0.43191886274449987}","{""2019"": 57, ""2020"": 54, ""2021"": 53, ""2022"": 82}"
300,0.6,median_ret20_recovery_3d,discovery,2,256,-0.009879891573024446,0.004928568620546322,-0.0112898541259934,1.2455701636033847,0.41015625,0.2890625,0.5390625,0.171875,9.015625,0.0422493816363005,-0.0330534266734548,"{""2019"": 0.0009530956974831162, ""2020"": 0.01614959940380966, ""2021"": 0.010235792058435837, ""2022"": 0.0008132669097872196}","{""2019"": 1.049697857440623, ""2020"": 1.860679892013938, ""2021"": 1.5280468559405609, ""2022"": 1.0360229994378694}","{""2019"": 99, ""2020"": 34, ""2021"": 55, ""2022"": 68}"
300,0.6,median_ret20_recovery_3d,discovery,3,252,0.003326788083018963,0.009728275716418468,-0.004974041152503401,1.5026500463870545,0.47619047619047616,0.3888888888888889,0.49206349206349204,0.11904761904761904,9.321428571428571,0.045100941940903624,-0.031891291820941824,"{""2019"": 0.012340701740429881, ""2020"": 0.00044000466119486586, ""2021"": 0.01830301740867269, ""2022"": -0.007895409855270721}","{""2019"": 1.6886533027695283, ""2020"": 1.0207190933702703, ""2021"": 2.135890761452257, ""2022"": 0.7327612935017078}","{""2019"": 78, ""2020"": 48, ""2021"": 94, ""2022"": 32}"
300,0.6,median_ret20_recovery_3d,discovery,4,249,0.017135532234986848,-0.006953286912379534,-0.0197089114956415,0.7365411983069778,0.3654618473895582,0.25301204819277107,0.5863453815261044,0.1606425702811245,8.927710843373495,0.03852880519629382,-0.03946649101859576,"{""2019"": 0.003641718566466037, ""2020"": 0.0021978265013142873, ""2021"": 0.004164735907514209, ""2022"": -0.02524302769228137}","{""2019"": 1.2018820517078648, ""2020"": 1.0701379619439941, ""2021"": 1.209709282135236, ""2022"": 0.27254108826178836}","{""2019"": 86, ""2020"": 39, ""2021"": 34, ""2022"": 90}"
300,0.6,median_ret20_recovery_3d,discovery,5,254,0.04194491958371572,-0.011128310233736543,-0.027707462712658802,0.6336550276017976,0.2992125984251969,0.2559055118110236,0.6771653543307087,0.06692913385826772,8.28740157480315,0.040391088119238756,-0.044021520989224114,"{""2019"": 0.02829870962109388, ""2020"": -0.01577771186885835, ""2021"": 0.011360899073200977, ""2022"": -0.024192726014327526}","{""2019"": 3.297836103693276, ""2020"": 0.5675771183453959, ""2021"": 1.73451001956522, ""2022"": 0.3314200082817036}","{""2019"": 38, ""2020"": 39, ""2021"": 28, ""2022"": 149}"
300,0.6,median_ret20_recovery_3d,validation,1,145,-0.024846789647960395,0.0016102455707073424,-0.0208796852137553,1.0663551501442103,0.38620689655172413,0.2620689655172414,0.593103448275862,0.14482758620689656,10.013793103448275,0.04925344267777129,-0.037528600500872596,"{""2023"": -0.007200869613334055, ""2024"": 0.005404719628225026, ""2025"": 0.007058393435065422, ""2026"": 0.01867252741784067}","{""2023"": 0.7374091308352587, ""2024"": 1.2553960283303418, ""2025"": 1.2784316243842526, ""2026"": 2.474946023297584}","{""2023"": 56, ""2024"": 44, ""2025"": 38, ""2026"": 7}"
300,0.6,median_ret20_recovery_3d,validation,2,242,-0.009236536894223822,0.018897045473639688,-0.01136610304121485,1.9580480394233493,0.4297520661157025,0.3140495867768595,0.5289256198347108,0.15702479338842976,9.433884297520661,0.06219888238648073,-0.033382456492341964,"{""2023"": -0.0006789095777525966, ""2024"": 0.0007665412041745858, ""2025"": 0.08091431378727691, ""2026"": 0.01705328162750711}","{""2023"": 0.9678719007885224, ""2024"": 1.034403338108623, ""2025"": 6.5562969294543985, ""2026"": 1.9802500791410733}","{""2023"": 75, ""2024"": 87, ""2025"": 50, ""2026"": 30}"
300,0.6,median_ret20_recovery_3d,validation,3,287,0.0029090349255489587,0.0024201105092394623,-0.0152722783431904,1.113644951228422,0.3902439024390244,0.26480836236933797,0.5644599303135889,0.17073170731707318,8.637630662020905,0.042130679332994074,-0.03302956775584955,"{""2023"": -0.007625695580374955, ""2024"": 0.006157975425986154, ""2025"": 0.008105578098260145, ""2026"": -0.0022118096475277384}","{""2023"": 0.706059258170564, ""2024"": 1.299191476777547, ""2025"": 1.499037051122599, ""2026"": 0.9131217735924958}","{""2023"": 71, ""2024"": 116, ""2025"": 72, ""2026"": 28}"
300,0.6,median_ret20_recovery_3d,validation,4,229,0.01679283165215977,-0.004801748964897606,-0.0198048262678903,0.7972133811120459,0.3537117903930131,0.3056768558951965,0.6157205240174672,0.07860262008733625,7.77292576419214,0.03486364158762955,-0.036195419461011784,"{""2023"": 0.00098796398195899, ""2024"": -0.010341356209677256, ""2025"": -0.0014996475743655202, ""2026"": -0.017939962428089883}","{""2023"": 1.0458138111018205, ""2024"": 0.6345203082025315, ""2025"": 0.924993794215645, ""2026"": 0.35975731667214017}","{""2023"": 76, ""2024"": 66, ""2025"": 65, ""2026"": 22}"
300,0.6,median_ret20_recovery_3d,validation,5,110,0.0366275888578851,-0.002193365966487916,-0.020116492486286747,0.9179287484043844,0.4090909090909091,0.32727272727272727,0.5181818181818182,0.15454545454545454,9.427272727272728,0.04373392807867803,-0.04070862702732823,"{""2023"": 0.004401652913729755, ""2024"": -0.04388060984755157, ""2025"": 0.01067285815640289}","{""2023"": 1.1648947626914141, ""2024"": 0.06297136691226218, ""2025"": 1.6072253222415753}","{""2023"": 43, ""2024"": 21, ""2025"": 46}"
300,0.8,pct_up_1d,discovery,1,254,0.3229133858267717,-0.0029445782677230688,-0.018382373274540252,0.8681978695539511,0.3188976377952756,0.09055118110236221,0.6141732283464567,0.2952755905511811,10.582677165354331,0.04411871673232447,-0.03632490397133412,"{""2019"": -0.00483019133084053, ""2020"": 0.02097885219955132, ""2021"": -0.0013063821936968856, ""2022"": -0.014002126342865321}","{""2019"": 0.7534617014004028, ""2020"": 2.3814810468791037, ""2021"": 0.9406926909118569, ""2022"": 0.4915080833352939}","{""2019"": 54, ""2020"": 40, ""2021"": 72, ""2022"": 88}"
300,0.8,pct_up_1d,discovery,2,254,0.5733595800524934,0.0013175914034528453,-0.0165235261813727,1.0572221267782018,0.36220472440944884,0.1141732283464567,0.5905511811023622,0.2952755905511811,10.716535433070867,0.04479034001472688,-0.0349289990312854,"{""2019"": 0.0036695678958894545, ""2020"": 0.021759352201302727, ""2021"": 0.005438301680641125, ""2022"": -0.015611886265116755}","{""2019"": 1.1849929353077104, ""2020"": 2.245670658663896, ""2021"": 1.2427960161353793, ""2022"": 0.49427831922833193}","{""2019"": 95, ""2020"": 30, ""2021"": 64, ""2022"": 65}"
300,0.8,pct_up_1d,discovery,3,250,0.7103066666666666,0.00020897505789773963,-0.01874220211572515,1.0079579273620451,0.368,0.176,0.552,0.272,11.872,0.05038289843721947,-0.039573521728555175,"{""2019"": -0.0007721111685891117, ""2020"": -0.008647494858932202, ""2021"": 0.028465281434007676, ""2022"": -0.0171705624920102}","{""2019"": 0.9685887274157954, ""2020"": 0.7277588659486702, ""2021"": 2.758787976826232, ""2022"": 0.4659964628991066}","{""2019"": 79, ""2020"": 74, ""2021"": 53, ""2022"": 44}"
300,0.8,pct_up_1d,discovery,4,249,0.8119277108433736,-0.012644160586497748,-0.0281413201858912,0.5911090901592216,0.285140562248996,0.10441767068273092,0.678714859437751,0.21686746987951808,10.82730923694779,0.043349126701162116,-0.04382154736250701,"{""2019"": 0.001908244572077584, ""2020"": 0.011931396383574981, ""2021"": 0.003104893950165049, ""2022"": -0.03914529756277232}","{""2019"": 1.0871093787443713, ""2020"": 1.4530391780736476, ""2021"": 1.1428005547400506, ""2022"": 0.11506472202005444}","{""2019"": 72, ""2020"": 25, ""2021"": 56, ""2022"": 96}"
300,0.8,pct_up_1d,discovery,5,263,0.8899112801013942,-0.003947974561634372,-0.0243841927983973,0.872419362386928,0.3269961977186312,0.17870722433460076,0.6273764258555133,0.19391634980988592,9.32319391634981,0.04792994071913564,-0.04620368880447752,"{""2019"": 0.026286165278425547, ""2020"": -0.031080190809431873, ""2021"": 0.021017463714611398, ""2022"": -0.013232349109218897}","{""2019"": 3.217846829365288, ""2020"": 0.43498751529916957, ""2021"": 2.0818916015510074, ""2022"": 0.6062290278020379}","{""2019"": 67, ""2020"": 48, ""2021"": 19, ""2022"": 129}"
300,0.8,pct_up_1d,validation,1,223,0.3323019431988042,0.010023604071605513,-0.0183726774245013,1.4402966634087553,0.32286995515695066,0.1031390134529148,0.6143497757847534,0.2825112107623318,10.600896860986547,0.06042139298125651,-0.03449246861897434,"{""2023"": -0.013194357085205435, ""2024"": -0.0013396389359628974, ""2025"": 0.08912528249449461, ""2026"": 0.005171946177958861}","{""2023"": 0.5171536243571836, ""2024"": 0.9344774503229933, ""2025"": 6.6146653082190126, ""2026"": 1.2005062077994635}","{""2023"": 91, ""2024"": 80, ""2025"": 39, ""2026"": 13}"
300,0.8,pct_up_1d,validation,2,327,0.5569520897043833,0.0004938307389149118,-0.0198195111773193,1.019890061376027,0.363914373088685,0.1620795107033639,0.5932721712538226,0.24464831804281345,10.382262996941895,0.049693064685737885,-0.03823674974442965,"{""2023"": -0.005194968534169443, ""2024"": -0.006932721462685066, ""2025"": 0.012498789254986521, ""2026"": 0.003163779124692491}","{""2023"": 0.7909698595789686, ""2024"": 0.7603746322101065, ""2025"": 1.6303674494818152, ""2026"": 1.1262134774638635}","{""2023"": 71, ""2024"": 122, ""2025"": 102, ""2026"": 32}"
300,0.8,pct_up_1d,validation,3,244,0.7182650273224044,0.008263452531025289,-0.0147091171187691,1.3715981803102892,0.38524590163934425,0.20081967213114754,0.5491803278688525,0.25,11.086065573770492,0.0522662967488899,-0.03410750701695164,"{""2023"": 0.01266960479984842, ""2024"": -0.006781507108293943, ""2025"": 0.013586759407593775, ""2026"": 0.017898256815817092}","{""2023"": 1.5491884390514645, ""2024"": 0.7553830026174212, ""2025"": 1.770934401800061, ""2026"": 1.9364970730864084}","{""2023"": 74, ""2024"": 67, ""2025"": 72, ""2026"": 31}"
300,0.8,pct_up_1d,validation,4,146,0.8036986301369863,0.008508995351151896,-0.015061252500672001,1.4055808483459955,0.410958904109589,0.22602739726027396,0.547945205479452,0.22602739726027396,10.856164383561644,0.04906732489294339,-0.03602757237619052,"{""2023"": 0.006790829474650724, ""2024"": 0.012311244705378883, ""2025"": 0.007519715478850002, ""2026"": 0.004702653369004928}","{""2023"": 1.3027605231653072, ""2024"": 1.5180317184350263, ""2025"": 1.4114745999634528, ""2026"": 1.279112970517223}","{""2023"": 42, ""2024"": 43, ""2025"": 50, ""2026"": 11}"
300,0.8,pct_up_1d,validation,5,76,0.8765789473684211,0.00308744114298465,-0.02348567654450855,1.1124130509982761,0.34210526315789475,0.21052631578947367,0.618421052631579,0.17105263157894737,10.789473684210526,0.05822496669797258,-0.043040503920423356,"{""2023"": 0.0002366540799920794, ""2024"": 0.015190099148159794, ""2025"": -0.008919975324527409, ""2026"": -0.0446231010597545}","{""2023"": 1.0083592614182324, ""2024"": 1.6892753487125447, ""2025"": 0.7479535136671996, ""2026"": 0.0}","{""2023"": 43, ""2024"": 23, ""2025"": 9, ""2026"": 1}"
300,0.8,new_low_relief_1d,discovery,1,238,-0.09225490196078427,-0.0014944886199961972,-0.0190147400358397,0.9330982027727537,0.3235294117647059,0.10504201680672269,0.6218487394957983,0.27310924369747897,10.483193277310924,0.04308976244012676,-0.0349095839296376,"{""2019"": -0.0034131697199387334, ""2020"": 0.018202614037625766, ""2021"": 0.003245016779123604, ""2022"": -0.00961234920959827}","{""2019"": 0.8239382515696213, ""2020"": 2.0856515006898775, ""2021"": 1.1526077894973346, ""2022"": 0.6446098954755882}","{""2019"": 64, ""2020"": 27, ""2021"": 61, ""2022"": 86}"
300,0.8,new_low_relief_1d,discovery,2,251,-0.0037981407702523135,-0.0066705423770299765,-0.0217909795483733,0.7624015451691546,0.32270916334661354,0.099601593625498,0.6135458167330677,0.2868525896414343,11.402390438247012,0.04520967758786794,-0.04237726195134121,"{""2019"": -3.72626529296764e-05, ""2020"": 0.004932462374925779, ""2021"": 0.005981377343436227, ""2022"": -0.04355375651544142}","{""2019"": 0.998535829395726, ""2020"": 1.19317860160497, ""2021"": 1.3168751294485015, ""2022"": 0.026315067528627514}","{""2019"": 99, ""2020"": 51, ""2021"": 50, ""2022"": 51}"
300,0.8,new_low_relief_1d,discovery,3,256,0.028932291666666627,0.0011386226436876706,-0.0184386048070946,1.047284618589932,0.375,0.1796875,0.5703125,0.25,11.078125,0.04685071120843394,-0.037178592832619047,"{""2019"": 0.004483441968541936, ""2020"": 0.010106390142394187, ""2021"": 0.006245071071935146, ""2022"": -0.021419538108723827}","{""2019"": 1.228585779290959, ""2020"": 1.4666043959407888, ""2021"": 1.2746394647186456, ""2022"": 0.4067968979518913}","{""2019"": 84, ""2020"": 58, ""2021"": 64, ""2022"": 50}"
300,0.8,new_low_relief_1d,discovery,4,267,0.1138202247191011,-0.012709962914571764,-0.0283051291234683,0.6011571659290599,0.26217228464419473,0.09363295880149813,0.6816479400749064,0.2247191011235955,9.460674157303371,0.04251969884235665,-0.044696659318386484,"{""2019"": 0.007349043151273353, ""2020"": 0.0023200154619837836, ""2021"": 0.003198151685966689, ""2022"": -0.02992549633133729}","{""2019"": 1.4315189620720654, ""2020"": 1.0608026039593896, ""2021"": 1.1343377608338883, ""2022"": 0.23858327295563267}","{""2019"": 61, ""2020"": 33, ""2021"": 38, ""2022"": 135}"
300,0.8,new_low_relief_1d,discovery,5,254,0.31177165354330705,0.0013742500827792457,-0.02002941361300615,1.050679206183351,0.37401574803149606,0.1889763779527559,0.5826771653543307,0.2283464566929134,10.736220472440944,0.052553530850331515,-0.0415679045069733,"{""2019"": 0.01976902203862293, ""2020"": -0.036402114863430035, ""2021"": 0.025835850471278184, ""2022"": -0.003085635516888777}","{""2019"": 2.348202962249137, ""2020"": 0.30400375697967164, ""2021"": 2.5266049169009914, ""2022"": 0.8860352658553239}","{""2019"": 55, ""2020"": 48, ""2021"": 51, ""2022"": 100}"
300,0.8,new_low_relief_1d,validation,1,221,-0.06122171945701354,0.010292152728730122,-0.019193926590081,1.4211969037869479,0.34841628959276016,0.13122171945701358,0.6153846153846154,0.25339366515837103,10.375565610859729,0.06107920754824624,-0.03595021826802245,"{""2023"": -0.01767868745286379, ""2024"": -0.005713352914843548, ""2025"": 0.07168286884442598, ""2026"": 0.016762491061927818}","{""2023"": 0.4098759971461926, ""2024"": 0.7684049185666749, ""2025"": 4.773928856819651, ""2026"": 1.9093158679260605}","{""2023"": 71, ""2024"": 77, ""2025"": 50, ""2026"": 23}"
300,0.8,new_low_relief_1d,validation,2,250,-0.004453333333333316,-0.0027686211497879396,-0.0216552726041149,0.8901051362656933,0.308,0.148,0.632,0.22,9.648,0.044268739287854755,-0.037980240519356744,"{""2023"": -0.0077797493294336295, ""2024"": -0.006304530938924746, ""2025"": 0.006191630025136672, ""2026"": -0.003583921884079209}","{""2023"": 0.701841504930965, ""2024"": 0.7828770016101371, ""2025"": 1.3249012245628675, ""2026"": 0.869377259596179}","{""2023"": 66, ""2024"": 82, ""2025"": 72, ""2026"": 30}"
300,0.8,new_low_relief_1d,validation,3,265,0.03314465408805027,0.0007243421866567511,-0.0195018566640153,1.028272568512989,0.35094339622641507,0.16981132075471697,0.6,0.23018867924528302,11.275471698113208,0.04955284299715416,-0.038537576812582575,"{""2023"": 0.007987920020799734, ""2024"": -0.011407003674603757, ""2025"": 0.010028455914269629, ""2026"": 0.005303709479976503}","{""2023"": 1.336755778286665, ""2024"": 0.6163363848195919, ""2025"": 1.441225782327876, ""2026"": 1.252482718538016}","{""2023"": 80, ""2024"": 103, ""2025"": 62, ""2026"": 20}"
300,0.8,new_low_relief_1d,validation,4,186,0.11327956989247308,0.012521418190368162,-0.00826382825617835,1.6852879144271729,0.43010752688172044,0.21505376344086022,0.5053763440860215,0.27956989247311825,11.193548387096774,0.05374610236462084,-0.032558291085747516,"{""2023"": -0.0017490271161380807, ""2024"": 0.005852407684004563, ""2025"": 0.020729848935500887, ""2026"": 0.040996963869383396}","{""2023"": 0.9323117482047937, ""2024"": 1.2948146328188168, ""2025"": 2.4939376448377875, ""2026"": 4.345795447676005}","{""2023"": 43, ""2024"": 54, ""2025"": 77, ""2026"": 12}"
300,0.8,new_low_relief_1d,validation,5,94,0.26340425531914885,0.01900683720024997,-0.0090582256305917,1.947602879317657,0.46808510638297873,0.24468085106382978,0.4787234042553192,0.2765957446808511,11.638297872340425,0.06778231886180681,-0.03553420086294039,"{""2023"": 0.01423339814934353, ""2024"": 0.06774856674428349, ""2025"": -0.02028984037154586, ""2026"": -0.04854303811361327}","{""2023"": 1.6890980415350898, ""2024"": 10.423296692834356, ""2025"": 0.34976595001799293, ""2026"": 0.0}","{""2023"": 61, ""2024"": 19, ""2025"": 11, ""2026"": 3}"
300,0.8,new_low_relief_3d,discovery,1,241,-0.10325034578146607,-0.005758628638264934,-0.0207305241683991,0.7599915453333472,0.2821576763485477,0.1078838174273859,0.6514522821576764,0.24066390041493776,9.261410788381744,0.0403358659497281,-0.03729444597572733,"{""2019"": 0.0017472221852472408, ""2020"": 0.0008997760826906152, ""2021"": 0.0010786905215159075, ""2022"": -0.01765729693806866}","{""2019"": 1.0809468230122767, ""2020"": 1.0353752998991952, ""2021"": 1.0533028458902438, ""2022"": 0.36267392437611695}","{""2019"": 65, ""2020"": 28, ""2021"": 58, ""2022"": 90}"
300,0.8,new_low_relief_3d,discovery,2,243,-0.012043895747599419,-0.0077976458343211085,-0.020550961386634,0.7050528805385654,0.32510288065843623,0.102880658436214,0.6008230452674898,0.2962962962962963,11.818930041152264,0.0425168197746887,-0.03902140058021363,"{""2019"": 0.0006905876652704914, ""2020"": -0.010557304760851437, ""2021"": -0.0047628159972328, ""2022"": -0.036672462350459414}","{""2019"": 1.030560848308675, ""2020"": 0.6286283700770827, ""2021"": 0.795240644281186, ""2022"": 0.10791368831257851}","{""2019"": 103, ""2020"": 59, ""2021"": 51, ""2022"": 30}"
300,0.8,new_low_relief_3d,discovery,3,261,0.024559386973180032,-0.0014052347882812341,-0.019098956353731,0.9458092894113781,0.3486590038314176,0.12643678160919541,0.5862068965517241,0.28735632183908044,11.482758620689655,0.048103786552786285,-0.0389963241602676,"{""2019"": -0.0052671922947800705, ""2020"": 0.026805421114613547, ""2021"": 0.010601301072309279, ""2022"": -0.026947168460396624}","{""2019"": 0.7662278304166045, ""2020"": 2.3199585447459707, ""2021"": 1.5032971759940539, ""2022"": 0.3022158315041946}","{""2019"": 90, ""2020"": 50, ""2021"": 54, ""2022"": 67}"
300,0.8,new_low_relief_3d,discovery,4,261,0.13441890166028095,0.0024960496476050856,-0.0194466666562694,1.0945754263036434,0.37547892720306514,0.12643678160919541,0.5977011494252874,0.27586206896551724,10.919540229885058,0.051960944480462345,-0.04049936003919986,"{""2019"": 0.0206271766212473, ""2020"": -0.0036402137607427863, ""2021"": 0.013853088791754245, ""2022"": -0.015005007774491711}","{""2019"": 2.5358868035418545, ""2020"": 0.9046196096447385, ""2021"": 1.6451444515023785, ""2022"": 0.5534623522966869}","{""2019"": 61, ""2020"": 38, ""2021"": 68, ""2022"": 94}"
300,0.8,new_low_relief_3d,discovery,5,256,0.39799479166666657,-0.007247555788903574,-0.02876424689851375,0.7676544037712153,0.31640625,0.203125,0.64453125,0.15234375,9.46484375,0.04629178768620082,-0.04531325103158694,"{""2019"": 0.016270830785004246, ""2020"": -0.022519045167875177, ""2021"": 0.03035505597791159, ""2022"": -0.018171095486381624}","{""2019"": 2.0845810416766826, ""2020"": 0.508856319223314, ""2021"": 2.9783373530274924, ""2022"": 0.48274159506203274}","{""2019"": 40, ""2020"": 42, ""2021"": 33, ""2022"": 141}"
300,0.8,new_low_relief_3d,validation,1,212,-0.09231132075471694,0.021814215824721206,-0.0100957175741275,2.0685208112926197,0.42452830188679247,0.2028301886792453,0.5283018867924528,0.2688679245283019,10.915094339622641,0.0714133485454736,-0.03390440061618269,"{""2023"": -0.0006342195343561148, ""2024"": 0.0007237008304502639, ""2025"": 0.10671366587704455, ""2026"": 0.012706996956390737}","{""2023"": 0.9751964087261605, ""2024"": 1.0371547893531463, ""2025"": 10.0183674513675, ""2026"": 1.6515998364194486}","{""2023"": 84, ""2024"": 67, ""2025"": 41, ""2026"": 20}"
300,0.8,new_low_relief_3d,validation,2,221,-0.011040723981900421,0.0005226353364578057,-0.0171914971712539,1.0223059586882492,0.35294117647058826,0.12669683257918551,0.583710407239819,0.2895927601809955,10.828054298642535,0.04462589100447884,-0.03521105650977178,"{""2023"": -0.003820132966944956, ""2024"": -0.012165737951398359, ""2025"": 0.008610965473860428, ""2026"": 0.022817590684504254}","{""2023"": 0.8385739189248164, ""2024"": 0.5995599817537561, ""2025"": 1.4659016322738558, ""2026"": 2.275984194567126}","{""2023"": 34, ""2024"": 78, ""2025"": 91, ""2026"": 18}"
300,0.8,new_low_relief_3d,validation,3,231,0.02871572871572866,-0.0019097449945955855,-0.0227769742783564,0.9224391589203836,0.3246753246753247,0.1645021645021645,0.6277056277056277,0.2077922077922078,10.658008658008658,0.045869356519424316,-0.03701418416682565,"{""2023"": -0.003922089175262793, ""2024"": -0.008367743874963994, ""2025"": 0.001579354218231612, ""2026"": 0.012943778597158395}","{""2023"": 0.8404367638221864, ""2024"": 0.6917914482004329, ""2025"": 1.0683161361821445, ""2026"": 1.6160469778907103}","{""2023"": 77, ""2024"": 75, ""2025"": 47, ""2026"": 32}"
300,0.8,new_low_relief_3d,validation,4,260,0.13297435897435894,3.363768613512397e-05,-0.0221703685079453,1.0013323455057836,0.3346153846153846,0.15,0.6153846153846154,0.23461538461538461,10.407692307692308,0.04763309711691408,-0.03989708825099508,"{""2023"": -0.0005257899938778933, ""2024"": -0.004726495885324688, ""2025"": 0.007717861427742926, ""2026"": -0.016539538805602914}","{""2023"": 0.9794132493485701, ""2024"": 0.8326970660632675, ""2025"": 1.3645841286540752, ""2026"": 0.4778079585431972}","{""2023"": 85, ""2024"": 75, ""2025"": 85, ""2026"": 15}"
300,0.8,new_low_relief_3d,validation,5,92,0.33826086956521734,0.017198660396269164,-0.010291042618581749,1.7857604284619535,0.44565217391304346,0.2826086956521739,0.5,0.21739130434782608,10.804347826086957,0.06612095312159104,-0.03430084063463284,"{""2023"": 0.004713766722462095, ""2024"": 0.03384848199373046, ""2025"": 0.016951145745907538, ""2026"": -0.033512041626887264}","{""2023"": 1.1754189274697249, ""2024"": 2.87602227904361, ""2025"": 2.511569710492488, ""2026"": 0.0}","{""2023"": 41, ""2024"": 40, ""2025"": 8, ""2026"": 3}"
300,0.8,ma50_recovery_3d,discovery,1,245,-0.10978231292517004,-0.008112117961646596,-0.0239354714513875,0.6943071247304584,0.2938775510204082,0.09387755102040816,0.6571428571428571,0.24897959183673468,9.751020408163265,0.04099792808300988,-0.03972001311404331,"{""2019"": -0.007952802599967767, ""2020"": -0.016270692860427777, ""2021"": 0.0016742829632987555, ""2022"": -0.011182039090411941}","{""2019"": 0.6534657563474752, ""2020"": 0.5528685767840885, ""2021"": 1.0738865667944704, ""2022"": 0.5739235474834256}","{""2019"": 72, ""2020"": 52, ""2021"": 61, ""2022"": 60}"
300,0.8,ma50_recovery_3d,discovery,2,235,-0.024907801418439676,-0.0030844680573448753,-0.0184899706488154,0.8862571484349999,0.2978723404255319,0.1148936170212766,0.6170212765957447,0.2680851063829787,10.361702127659575,0.047083790896152784,-0.038491119937694905,"{""2019"": -0.001174255224894716, ""2020"": -0.0163729539021071, ""2021"": 0.0018535501004277068, ""2022"": 0.0001633441800661428}","{""2019"": 0.9520980114227465, ""2020"": 0.6061766855388654, ""2021"": 1.084156744262238, ""2022"": 1.0068760826207748}","{""2019"": 54, ""2020"": 47, ""2021"": 51, ""2022"": 83}"
300,0.8,ma50_recovery_3d,discovery,3,276,0.013405797101449244,0.0028373163379932756,-0.0184386048070946,1.1231487011327075,0.38768115942028986,0.13405797101449277,0.5615942028985508,0.30434782608695654,11.528985507246377,0.05064615491735989,-0.03629061556295121,"{""2019"": 0.009452939964333964, ""2020"": 0.013356533626261614, ""2021"": 0.02062559817028352, ""2022"": -0.024043547892878114}","{""2019"": 1.5252268520519794, ""2020"": 1.6854523900518354, ""2021"": 2.271574925129607, ""2022"": 0.3323062483933125}","{""2019"": 93, ""2020"": 47, ""2021"": 57, ""2022"": 79}"
300,0.8,ma50_recovery_3d,discovery,4,254,0.05036745406824142,-0.003062784801700396,-0.0190773088856327,0.8926228619852621,0.3858267716535433,0.1732283464566929,0.5708661417322834,0.2559055118110236,11.834645669291339,0.05102254519473485,-0.04428447292485693,"{""2019"": 0.015233098230389293, ""2020"": 0.02952888814321598, ""2021"": 0.014916361922808838, ""2022"": -0.030098675119059462}","{""2019"": 1.790165942055781, ""2020"": 2.546140568143778, ""2021"": 1.8036079256467084, ""2022"": 0.26657896479136867}","{""2019"": 62, ""2020"": 25, ""2021"": 57, ""2022"": 110}"
300,0.8,ma50_recovery_3d,discovery,5,252,0.1622486772486772,-0.008516516344493845,-0.026860230449376653,0.7088109660575584,0.2777777777777778,0.15079365079365079,0.6785714285714286,0.17063492063492064,9.373015873015873,0.03957490027338026,-0.04276763985992998,"{""2019"": 0.00554076580390743, ""2020"": -0.0019982312321004544, ""2021"": 0.0029816720056531714, ""2022"": -0.02888585278950476}","{""2019"": 1.3243400523678992, ""2020"": 0.9403624734280422, ""2021"": 1.1161089313221302, ""2022"": 0.2615930195064396}","{""2019"": 78, ""2020"": 46, ""2021"": 38, ""2022"": 90}"
300,0.8,ma50_recovery_3d,validation,1,253,-0.0855599472990777,0.019788320513452168,-0.0120140207829725,1.9339790369451648,0.4268774703557312,0.20553359683794467,0.5217391304347826,0.2727272727272727,11.051383399209486,0.07000840530473028,-0.034372699328617036,"{""2023"": 0.00438692334810346, ""2024"": 0.0020058420784984723, ""2025"": 0.062215944312705544, ""2026"": 0.026624097252810026}","{""2023"": 1.1972700210362037, ""2024"": 1.08260143477949, ""2025"": 4.692376223881463, ""2026"": 2.579880620624029}","{""2023"": 85, ""2024"": 86, ""2025"": 64, ""2026"": 18}"
300,0.8,ma50_recovery_3d,validation,2,183,-0.021493624772313265,0.005482052669416352,-0.01376070209854,1.271552220340986,0.3989071038251366,0.13114754098360656,0.5245901639344263,0.3442622950819672,11.956284153005464,0.051406909758947225,-0.033851540156762144,"{""2023"": -0.0009460744485044014, ""2024"": 0.0050492289106466096, ""2025"": 0.014150214031438893, ""2026"": 0.0039237841021421424}","{""2023"": 0.9591197337569366, ""2024"": 1.2547801513187609, ""2025"": 1.8475313380404785, ""2026"": 1.1771417061410552}","{""2023"": 61, ""2024"": 63, ""2025"": 50, ""2026"": 9}"
300,0.8,ma50_recovery_3d,validation,3,213,0.018043818466353646,0.0017166458482432425,-0.0181756615563394,1.0708002678712745,0.3192488262910798,0.1596244131455399,0.6197183098591549,0.22065727699530516,10.422535211267606,0.049549269605377255,-0.03535544527103617,"{""2023"": -0.007369553850774641, ""2024"": 0.004997416164433182, ""2025"": 0.003854298154833308, ""2026"": 0.016248938781674944}","{""2023"": 0.7485965804926259, ""2024"": 1.2377035284935802, ""2025"": 1.1787774657073928, ""2026"": 1.7953560427708246}","{""2023"": 82, ""2024"": 49, ""2025"": 49, ""2026"": 33}"
300,0.8,ma50_recovery_3d,validation,4,211,0.05797788309636646,-0.0023682768896920534,-0.022994905718884,0.9081276613632606,0.3222748815165877,0.16113744075829384,0.6635071090047393,0.17535545023696683,9.445497630331754,0.041551389785281015,-0.03940926171901475,"{""2023"": -0.0020564816800271494, ""2024"": -0.008036837193654745, ""2025"": 0.005548918052088726, ""2026"": 0.00025827883848591045}","{""2023"": 0.9137959381162521, ""2024"": 0.7350957936058924, ""2025"": 1.270588008174754, ""2026"": 1.01082065814114}","{""2023"": 41, ""2024"": 93, ""2025"": 59, ""2026"": 18}"
300,0.8,ma50_recovery_3d,validation,5,156,0.14758547008547004,9.222919833979503e-05,-0.0231811053837491,1.003497660405572,0.34615384615384615,0.19230769230769232,0.5897435897435898,0.21794871794871795,10.717948717948717,0.04887549614472774,-0.04045759231539462,"{""2023"": 0.0007087246018972296, ""2024"": -0.011741356363869917, ""2025"": 0.016382745648345073, ""2026"": -0.0324983526764625}","{""2023"": 1.0256994872921543, ""2024"": 0.6209517645089901, ""2025"": 1.8504383116871577, ""2026"": 0.08035557050486133}","{""2023"": 52, ""2024"": 44, ""2025"": 50, ""2026"": 10}"
300,0.8,ret20_recovery_3d,discovery,1,253,-0.15815546772068506,-0.0038792429001603206,-0.0229469562538903,0.854629280920893,0.308300395256917,0.11462450592885376,0.616600790513834,0.26877470355731226,10.553359683794467,0.04561527730832614,-0.04007985606897527,"{""2019"": -0.011004387080699085, ""2020"": -0.008538055003716075, ""2021"": 0.006257078364884425, ""2022"": -0.001079237919343916}","{""2019"": 0.574004053222043, ""2020"": 0.754386167085649, ""2021"": 1.3130880723361966, ""2022"": 0.957170381837007}","{""2019"": 61, ""2020"": 62, ""2021"": 49, ""2022"": 81}"
300,0.8,ret20_recovery_3d,discovery,2,246,-0.039119241192411884,-0.005967208395712887,-0.022269687662281802,0.7628441469655024,0.3048780487804878,0.08943089430894309,0.6300813008130082,0.2804878048780488,10.223577235772357,0.04231418207261638,-0.038435563885308326,"{""2019"": -0.010588138392752362, ""2020"": 0.0018460712016902779, ""2021"": 0.007558424340973772, ""2022"": -0.015071932986132323}","{""2019"": 0.603250057326433, ""2020"": 1.0783292078849078, ""2021"": 1.41185515563102, ""2022"": 0.49410021747150634}","{""2019"": 86, ""2020"": 28, ""2021"": 61, ""2022"": 71}"
300,0.8,ret20_recovery_3d,discovery,3,258,0.010956072351421167,0.004106782023365136,-0.0156650092866503,1.167890200191354,0.4108527131782946,0.1744186046511628,0.5426356589147286,0.28294573643410853,11.294573643410853,0.05159421984360962,-0.03740928470982529,"{""2019"": 0.025879312634407226, ""2020"": -0.007562874929456046, ""2021"": 0.008816169248615363, ""2022"": -0.01942251800095256}","{""2019"": 3.2818968186744746, ""2020"": 0.7862272945536111, ""2021"": 1.3758894814034097, ""2022"": 0.4051381833404855}","{""2019"": 74, ""2020"": 53, ""2021"": 74, ""2022"": 57}"
300,0.8,ret20_recovery_3d,discovery,4,245,0.06391836734693875,-0.0025816442845276915,-0.0187551826565787,0.9032090851926129,0.3551020408163265,0.15918367346938775,0.5877551020408164,0.2530612244897959,11.43673469387755,0.0471090849193332,-0.041062903802203836,"{""2019"": 0.006686737591482077, ""2020"": 0.03246143806321272, ""2021"": 0.005685595273436325, ""2022"": -0.026427262420838912}","{""2019"": 1.3767709918441355, ""2020"": 3.2012744960540362, ""2021"": 1.2415946718509614, ""2022"": 0.3305638794546895}","{""2019"": 72, ""2020"": 32, ""2021"": 49, ""2022"": 92}"
300,0.8,ret20_recovery_3d,discovery,5,260,0.17148717948717945,-0.010888439371040988,-0.02755970924329965,0.6488363046451555,0.27307692307692305,0.13076923076923078,0.7,0.16923076923076924,9.511538461538462,0.04314282643354258,-0.04427449412837696,"{""2019"": 0.012198135492370962, ""2020"": -0.011947820118613601, ""2021"": 0.020555037417079626, ""2022"": -0.03116916441251932}","{""2019"": 1.6766884659884007, ""2020"": 0.6899956428941798, ""2021"": 2.337349553347917, ""2022"": 0.21046728587904057}","{""2019"": 66, ""2020"": 42, ""2021"": 31, ""2022"": 121}"
300,0.8,ret20_recovery_3d,validation,1,160,-0.13406249999999997,0.002004933995713624,-0.0201869338596074,1.0827814673977643,0.3625,0.15625,0.5875,0.25625,11.53125,0.053732056275502746,-0.037707961889622645,"{""2023"": -0.0063446209231786685, ""2024"": 0.0026664180841038418, ""2025"": 0.015161883160219583, ""2026"": -0.014571668745612752}","{""2023"": 0.7627233610703159, ""2024"": 1.1229363454867725, ""2025"": 1.6297629614188325, ""2026"": 0.3069986079917757}","{""2023"": 62, ""2024"": 57, ""2025"": 39, ""2026"": 2}"
300,0.8,ret20_recovery_3d,validation,2,284,-0.04146713615023471,0.01488243304037278,-0.0154521325371162,1.6920448582250582,0.3591549295774648,0.1619718309859155,0.602112676056338,0.23591549295774647,10.32394366197183,0.0635762490467515,-0.034498659398982126,"{""2023"": -0.008969081405139741, ""2024"": 0.003973274167398439, ""2025"": 0.04948685616132829, ""2026"": 0.015754813198272443}","{""2023"": 0.6459179696531316, ""2024"": 1.1709683533875357, ""2025"": 3.8996363912568204, ""2026"": 1.8133530247011853}","{""2023"": 82, ""2024"": 78, ""2025"": 80, ""2026"": 44}"
300,0.8,ret20_recovery_3d,validation,3,161,0.0095031055900621,0.010417574753086743,-0.0106362313002974,1.5894240144612288,0.4161490683229814,0.2236024844720497,0.5217391304347826,0.2546583850931677,10.422360248447205,0.04898422920398063,-0.03059900192587979,"{""2023"": 0.006805088862861251, ""2024"": 0.015365165291398496, ""2025"": 0.009064846372274917, ""2026"": 0.004685885089170942}","{""2023"": 1.3559365756190314, ""2024"": 1.9719527718592387, ""2025"": 1.5543443972883308, ""2026"": 1.197562701328683}","{""2023"": 33, ""2024"": 61, ""2025"": 46, ""2026"": 21}"
300,0.8,ret20_recovery_3d,validation,4,237,0.06457102672292542,-0.003729301823102552,-0.0231427793397107,0.8558080063776002,0.3333333333333333,0.1350210970464135,0.620253164556962,0.24472573839662448,10.286919831223628,0.04254863884682783,-0.037290078723517105,"{""2023"": -0.01071261672430307, ""2024"": -0.0046272602015493235, ""2025"": 0.005118103212684996, ""2026"": 0.004670164326779514}","{""2023"": 0.6070336793309464, ""2024"": 0.8313473892422669, ""2025"": 1.2443061211019553, ""2026"": 1.1862446435509544}","{""2023"": 71, ""2024"": 99, ""2025"": 49, ""2026"": 18}"
300,0.8,ret20_recovery_3d,validation,5,174,0.18446360153256702,0.0031563344790038767,-0.023184778001432302,1.1140815265625004,0.3735632183908046,0.20114942528735633,0.5517241379310345,0.2471264367816092,11.35632183908046,0.05426571296151916,-0.042836161530351816,"{""2023"": 0.01819549979854357, ""2024"": -0.036741146137856485, ""2025"": 0.013908332206230728, ""2026"": -0.03870223613137623}","{""2023"": 1.7312689287281307, ""2024"": 0.193366145863418, ""2025"": 1.7612575799146555, ""2026"": 0.0}","{""2023"": 73, ""2024"": 40, ""2025"": 58, ""2026"": 3}"
300,0.8,median_ret20_recovery_3d,discovery,1,247,-0.03227098595091353,-0.01485775939729489,-0.0256964831998606,0.5011021710041524,0.2550607287449393,0.06882591093117409,0.6680161943319838,0.2631578947368421,10.121457489878543,0.03868272944847043,-0.04317296372663422,"{""2019"": -0.01848106561889581, ""2020"": -0.016893653830902397, ""2021"": 0.000496806975510304, ""2022"": -0.020849630044434856}","{""2019"": 0.3901037587725507, ""2020"": 0.5268846602231564, ""2021"": 1.0232341277743364, ""2022"": 0.3259283274919509}","{""2019"": 57, ""2020"": 54, ""2021"": 53, ""2022"": 83}"
300,0.8,median_ret20_recovery_3d,discovery,2,258,-0.009900147036586348,0.005616922721860364,-0.01408181147412075,1.26203751365168,0.375968992248062,0.13953488372093023,0.5542635658914729,0.3062015503875969,10.775193798449612,0.04814512725541354,-0.03504295120329487,"{""2019"": 0.001768658487705756, ""2020"": 0.018735430135276718, ""2021"": 0.004459346388533796, ""2022"": 0.005210725525261521}","{""2019"": 1.089754212447047, ""2020"": 1.895655780007287, ""2021"": 1.1987285628720108, ""2022"": 1.2225258971028545}","{""2019"": 99, ""2020"": 36, ""2021"": 55, ""2022"": 68}"
300,0.8,median_ret20_recovery_3d,discovery,3,253,0.0033153721834008687,0.011122767270126933,-0.0092297900823825,1.5272606072538921,0.4426877470355731,0.20948616600790515,0.5217391304347826,0.26877470355731226,11.782608695652174,0.05356226837204587,-0.03376189073230874,"{""2019"": 0.017675411625997214, ""2020"": 0.00350080638314987, ""2021"": 0.017838836239006544, ""2022"": -0.012906628335207102}","{""2019"": 1.9863483333509269, ""2020"": 1.145459690223473, ""2021"": 1.9823458578046609, ""2022"": 0.6078096402420562}","{""2019"": 78, ""2020"": 49, ""2021"": 94, ""2022"": 32}"
300,0.8,median_ret20_recovery_3d,discovery,4,250,0.017133909308039107,-0.010139917482891071,-0.02363978222297075,0.6563068175945038,0.312,0.108,0.632,0.26,10.472,0.0427769770680099,-0.043244918188488385,"{""2019"": 0.0011608531894819123, ""2020"": 0.0012054720312615445, ""2021"": -0.00699826844119156, ""2022"": -0.027167176449182023}","{""2019"": 1.0618140633859796, ""2020"": 1.0313991179106214, ""2021"": 0.7512259112098821, ""2022"": 0.25640152493294177}","{""2019"": 87, ""2020"": 39, ""2021"": 34, ""2022"": 90}"
300,0.8,median_ret20_recovery_3d,discovery,5,254,0.04194491958371572,-0.011463422373878544,-0.02898190223904765,0.6470390389088947,0.2637795275590551,0.14173228346456693,0.7047244094488189,0.15354330708661418,9.82283464566929,0.04645097706960691,-0.046302898850254036,"{""2019"": 0.026799760158196396, ""2020"": -0.008264495251230257, ""2021"": 0.022334045602379112, ""2022"": -0.028410323027149315}","{""2019"": 3.1761224199396505, ""2020"": 0.7734933378387033, ""2021"": 2.443950885108245, ""2022"": 0.2855858155148394}","{""2019"": 38, ""2020"": 39, ""2021"": 28, ""2022"": 149}"
300,0.8,median_ret20_recovery_3d,validation,1,146,-0.024901168897307712,0.0007995901159603509,-0.020349598195537298,1.0330313948292875,0.3698630136986301,0.136986301369863,0.5958904109589042,0.2671232876712329,11.335616438356164,0.05379967254534498,-0.03767289208336733,"{""2023"": -0.01109774436444302, ""2024"": 0.004774816226069162, ""2025"": 0.00966215035849948, ""2026"": 0.0216140090586425}","{""2023"": 0.5969340319076583, ""2024"": 1.2249570293382062, ""2025"": 1.388552938564954, ""2026"": 2.707294143700303}","{""2023"": 56, ""2024"": 44, ""2025"": 39, ""2026"": 7}"
300,0.8,median_ret20_recovery_3d,validation,2,242,-0.009236536894223822,0.022789110562441494,-0.01359080014412185,2.111891128786836,0.4049586776859504,0.2024793388429752,0.5454545454545454,0.25206611570247933,11.231404958677686,0.07081115181194528,-0.03440768546594409,"{""2023"": 2.495911438346452e-05, ""2024"": 0.004230182256819186, ""2025"": 0.08534860299829827, ""2026"": 0.029254560542463268}","{""2023"": 1.0011148434561061, ""2024"": 1.1831017468649623, ""2025"": 6.697293837028459, ""2026"": 2.6815992319467132}","{""2023"": 75, ""2024"": 87, ""2025"": 50, ""2026"": 30}"
300,0.8,median_ret20_recovery_3d,validation,3,288,0.002923718620569924,0.0031354299097940564,-0.0170884560097748,1.1408900726633842,0.3645833333333333,0.15625,0.5763888888888888,0.2673611111111111,10.440972222222221,0.04656344551331333,-0.03413471443213577,"{""2023"": -0.008506938562381473, ""2024"": 0.0063714409352448025, ""2025"": 0.010073656923018412, ""2026"": 0.0012940915738859121}","{""2023"": 0.6904319131182143, ""2024"": 1.294950548262159, ""2025"": 1.5955110707879048, ""2026"": 1.0508309478050117}","{""2023"": 71, ""2024"": 117, ""2025"": 72, ""2026"": 28}"
300,0.8,median_ret20_recovery_3d,validation,4,230,0.016785779157574263,-0.0056607191806476685,-0.02217192821179865,0.7771274755669535,0.30869565217391304,0.1565217391304348,0.6478260869565218,0.1956521739130435,9.708695652173914,0.04079895960893571,-0.03827322885730688,"{""2023"": 0.0016712475340097891, ""2024"": -0.014715292099152772, ""2025"": -0.0018927658681489033, ""2026"": -0.014553963659128108}","{""2023"": 1.0720971508411723, ""2024"": 0.5368148615424347, ""2025"": 0.9086435259609837, ""2026"": 0.4741121864524763}","{""2023"": 76, ""2024"": 66, ""2025"": 65, ""2026"": 23}"
300,0.8,median_ret20_recovery_3d,validation,5,110,0.0366275888578851,0.005974948270778274,-0.024026462953170097,1.2171543169860746,0.39090909090909093,0.21818181818181817,0.5272727272727272,0.2545454545454545,11.418181818181818,0.05709474681091543,-0.04170937022641978,"{""2023"": 0.017674233350196234, ""2024"": -0.04194930419100989, ""2025"": 0.016917123124747392}","{""2023"": 1.6418773164557037, ""2024"": 0.10421255990641215, ""2025"": 1.9057238292410288}","{""2023"": 43, ""2024"": 21, ""2025"": 46}"
500,0.6,pct_up_1d,discovery,1,425,0.3208047058823529,0.0016587457415241245,-0.0152872535754503,1.0762563933822855,0.36941176470588233,0.27294117647058824,0.5788235294117647,0.14823529411764705,8.416470588235294,0.04244294943394635,-0.03633608479125328,"{""2019"": 0.005805292593417551, ""2020"": 0.01867899754735708, ""2021"": -0.0024450795306646374, ""2022"": -0.005677695110615552}","{""2019"": 1.345458787420121, ""2020"": 2.208660640716663, ""2021"": 0.8939540996787849, ""2022"": 0.786277941409917}","{""2019"": 87, ""2020"": 72, ""2021"": 113, ""2022"": 153}"
500,0.6,pct_up_1d,discovery,2,425,0.5560988235294118,-0.00047745422918245604,-0.0157783934241384,0.978204999156375,0.3952941176470588,0.2611764705882353,0.5411764705882353,0.1976470588235294,9.745882352941177,0.03926511065823494,-0.03437389857000119,"{""2019"": 0.0007604875730659944, ""2020"": 0.017065920499817935, ""2021"": -0.0058807697443544055, ""2022"": -0.00742807824595604}","{""2019"": 1.0392758985464967, ""2020"": 2.0679428619275324, ""2021"": 0.7547792027282423, ""2022"": 0.7404521651320921}","{""2019"": 158, ""2020"": 59, ""2021"": 139, ""2022"": 69}"
500,0.6,pct_up_1d,discovery,3,424,0.7029056603773585,0.0010288700141454989,-0.01375507219237815,1.044986894429745,0.41273584905660377,0.3231132075471698,0.5212264150943396,0.15566037735849056,9.464622641509434,0.044021258009988434,-0.036135084026132025,"{""2019"": -0.0007427796950045166, ""2020"": -0.002821065865735015, ""2021"": 0.01750737944326057, ""2022"": -0.011153327330987992}","{""2019"": 0.9690806165058226, ""2020"": 0.8884120530099907, ""2021"": 2.0988886565504643, ""2022"": 0.5789347530682453}","{""2019"": 125, ""2020"": 106, ""2021"": 104, ""2022"": 89}"
500,0.6,pct_up_1d,discovery,4,428,0.8019906542056073,-0.008380178566406243,-0.023474371014385098,0.6859629556859479,0.3411214953271028,0.24299065420560748,0.616822429906542,0.14018691588785046,9.450934579439252,0.03937537985269538,-0.04027367544088512,"{""2019"": 0.0006319444056885247, ""2020"": 0.002352317660243086, ""2021"": -0.0019294175816604907, ""2022"": -0.02596151093022674}","{""2019"": 1.030693975709549, ""2020"": 1.0996657234919816, ""2021"": 0.9191394602328467, ""2022"": 0.272693749601135}","{""2019"": 132, ""2020"": 62, ""2021"": 94, ""2022"": 140}"
500,0.6,pct_up_1d,discovery,5,443,0.884920993227991,-0.010476673359097502,-0.0258858772241991,0.6497036791441336,0.3363431151241535,0.2866817155756208,0.6433408577878104,0.06997742663656885,7.1038374717832955,0.036289019073413774,-0.04458734591018744,"{""2019"": 0.015518517369088746, ""2020"": -0.027950295183178084, ""2021"": 0.004065449148421678, ""2022"": -0.018851422298542902}","{""2019"": 2.179382623053528, ""2020"": 0.39114587332517153, ""2021"": 1.1823766793451098, ""2022"": 0.43727799344433244}","{""2019"": 99, ""2020"": 72, ""2021"": 42, ""2022"": 230}"
500,0.6,pct_up_1d,validation,1,409,0.33404889975550117,0.017720596313941045,-0.0143243381378537,1.8419868891863915,0.3691931540342298,0.27383863080684595,0.58679706601467,0.1393643031784841,8.80440097799511,0.06048726000889757,-0.033250037639065075,"{""2023"": -0.0006561369182786654, ""2024"": -0.0037116088211367145, ""2025"": 0.1000000965915451, ""2026"": -0.016919187324002473}","{""2023"": 0.9695884222530285, ""2024"": 0.8401873453115781, ""2025"": 8.595643230261558, ""2026"": 0.4623873784564958}","{""2023"": 164, ""2024"": 136, ""2025"": 83, ""2026"": 26}"
500,0.6,pct_up_1d,validation,2,576,0.5553368055555556,0.007524796086398006,-0.01613996857867475,1.3353352256558582,0.3958333333333333,0.2951388888888889,0.5763888888888888,0.1284722222222222,8.416666666666666,0.04857861826715331,-0.03478016961215957,"{""2023"": 0.0006053684315469639, ""2024"": 0.020922020125719924, ""2025"": 0.00045036716031960527, ""2026"": -0.0011899057851842327}","{""2023"": 1.0242738472813502, ""2024"": 1.967668946234548, ""2025"": 1.020756311291782, ""2026"": 0.9482589381046552}","{""2023"": 103, ""2024"": 205, ""2025"": 184, ""2026"": 84}"
500,0.6,pct_up_1d,validation,3,475,0.7111747368421052,0.0057108452038286996,-0.0064509969157767,1.276499312762484,0.4631578947368421,0.35578947368421054,0.4926315789473684,0.15157894736842106,9.381052631578948,0.044183804058934295,-0.03323344319441231,"{""2023"": 0.006389719963788131, ""2024"": 0.0011631681216898076, ""2025"": 0.009457138921646598, ""2026"": 0.004250208140708939}","{""2023"": 1.3138540163698484, ""2024"": 1.043932278080683, ""2025"": 1.555734711233001, ""2026"": 1.2313048442894454}","{""2023"": 144, ""2024"": 123, ""2025"": 147, ""2026"": 61}"
500,0.6,pct_up_1d,validation,4,295,0.7936135593220338,0.0046594106926217,-0.0135337244284953,1.221502941843286,0.44745762711864406,0.3593220338983051,0.5016949152542373,0.13898305084745763,9.261016949152543,0.0438752170510634,-0.03525414323690632,"{""2023"": 0.005635576056356796, ""2024"": -0.00483474033769509, ""2025"": 0.012468731009680135, ""2026"": -0.05050300664054265}","{""2023"": 1.2684346526750632, ""2024"": 0.817251218944126, ""2025"": 1.775163894306435, ""2026"": 0.0}","{""2023"": 106, ""2024"": 84, ""2025"": 103, ""2026"": 2}"
500,0.6,pct_up_1d,validation,5,133,0.8747819548872181,0.005831044642308341,-0.0123198661473086,1.245492763471536,0.42105263157894735,0.3684210526315789,0.5413533834586466,0.09022556390977443,9.135338345864662,0.04925380223846529,-0.0386384026358586,"{""2023"": 0.0012625747917939085, ""2024"": 0.015710543674357928, ""2025"": 0.002687582792671076, ""2026"": -0.0025176062485760507}","{""2023"": 1.050284644000099, ""2024"": 1.8239998731874418, ""2025"": 1.0905862860353297, ""2026"": 0.8871613048494885}","{""2023"": 74, ""2024"": 41, ""2025"": 16, ""2026"": 2}"
500,0.6,new_low_relief_1d,discovery,1,406,-0.08673891625615761,0.002927447767092417,-0.0130387111589678,1.1442931412777775,0.3842364532019704,0.2733990147783251,0.5615763546798029,0.16502463054187191,8.751231527093596,0.04149119534652177,-0.03417765055137286,"{""2019"": 0.004192369552706171, ""2020"": 0.013129919784658915, ""2021"": 0.004689381376414151, ""2022"": -0.0025437676809462184}","{""2019"": 1.2381683701376303, ""2020"": 1.8588727948877777, ""2021"": 1.2501589733160063, ""2022"": 0.8977435170553256}","{""2019"": 103, ""2020"": 49, ""2021"": 105, ""2022"": 149}"
500,0.6,new_low_relief_1d,discovery,2,447,-0.003355704697986571,-0.009350682653474458,-0.023806267683383,0.6588041418015207,0.319910514541387,0.2214765100671141,0.6286353467561522,0.14988814317673377,9.480984340044742,0.03799095795387872,-0.04078446876948934,"{""2019"": -0.006614507903611519, ""2020"": 0.004773463500482631, ""2021"": -0.00548345594081613, ""2022"": -0.03694045643167824}","{""2019"": 0.7438802390214967, ""2020"": 1.2123919933249752, ""2021"": 0.7712170567889655, ""2022"": 0.09653329417218615}","{""2019"": 154, ""2020"": 103, ""2021"": 107, ""2022"": 83}"
500,0.6,new_low_relief_1d,discovery,3,389,0.025084832904884297,0.0013212191647587867,-0.0150712620306409,1.058932487716999,0.4241645244215938,0.3213367609254499,0.5038560411311054,0.17480719794344474,9.727506426735218,0.04367912414721673,-0.03652649323845406,"{""2019"": 0.010872207632482487, ""2020"": 0.0048701703057480224, ""2021"": -0.00418960797002719, ""2022"": -0.011211590396929491}","{""2019"": 1.643476469848336, ""2020"": 1.2162478184422187, ""2021"": 0.8181826925726648, ""2022"": 0.6464698541423206}","{""2019"": 140, ""2020"": 62, ""2021"": 112, ""2022"": 75}"
500,0.6,new_low_relief_1d,discovery,4,461,0.10486767895878524,-0.009391072497706139,-0.0227198983541544,0.6651410493975225,0.3188720173535792,0.23427331887201736,0.6377440347071583,0.1279826464208243,8.02819956616052,0.03737305097079495,-0.041243864158043875,"{""2019"": -0.0008709513094309335, ""2020"": 0.02253785446413351, ""2021"": -0.004241356677079574, ""2022"": -0.024055241839509706}","{""2019"": 0.9560043686742227, ""2020"": 2.1152562370180186, ""2021"": 0.8388098878021063, ""2022"": 0.31199662558566327}","{""2019"": 107, ""2020"": 54, ""2021"": 89, ""2022"": 211}"
500,0.6,new_low_relief_1d,discovery,5,438,0.31218264840182647,-0.0016068029271519774,-0.017279502350033803,0.9347329290878094,0.4132420091324201,0.3447488584474886,0.5639269406392694,0.091324200913242,8.159817351598173,0.04110281072929321,-0.03866090639592308,"{""2019"": 0.011712844417500399, ""2020"": -0.023959814729517283, ""2021"": 0.020980907218649692, ""2022"": -0.0060288648224119555}","{""2019"": 1.858960029510006, ""2020"": 0.3755973134885495, ""2021"": 2.2562030543471883, ""2022"": 0.7684003243112423}","{""2019"": 93, ""2020"": 103, ""2021"": 79, ""2022"": 163}"
500,0.6,new_low_relief_1d,validation,1,432,-0.05822685185185183,0.017731472044253054,-0.013075662362047349,1.8431302733276105,0.3958333333333333,0.2962962962962963,0.5671296296296297,0.13657407407407407,8.88888888888889,0.05972181660396801,-0.033502770686383444,"{""2023"": -0.002554089510695061, ""2024"": 0.000808786220655781, ""2025"": 0.07914263142945131, ""2026"": -0.0022624942343098123}","{""2023"": 0.8908021926212082, ""2024"": 1.0385756543419356, ""2025"": 5.722201015768947, ""2026"": 0.9040364205537591}","{""2023"": 134, ""2024"": 148, ""2025"": 101, ""2026"": 49}"
500,0.6,new_low_relief_1d,validation,2,429,-0.003622377622377613,-0.004242127126247638,-0.0177545135446801,0.823700242339956,0.3706293706293706,0.2564102564102564,0.5920745920745921,0.15151515151515152,8.855477855477856,0.038266821502411265,-0.036346497576492796,"{""2023"": -0.0029530686024406977, ""2024"": -0.009756238466380733, ""2025"": 0.0038952305698397795, ""2026"": -0.013516483956473202}","{""2023"": 0.8671560776533873, ""2024"": 0.6577207356957543, ""2025"": 1.2067752163054501, ""2026"": 0.5431704546081583}","{""2023"": 103, ""2024"": 139, ""2025"": 136, ""2026"": 51}"
500,0.6,new_low_relief_1d,validation,3,354,0.025090395480225954,0.010272798024299035,-0.01908179331573515,1.4326493772438265,0.3954802259887006,0.3135593220338983,0.5649717514124294,0.12146892655367232,9.016949152542374,0.05113768001877712,-0.03482703488726883,"{""2023"": 0.0022074608270966347, ""2024"": 0.028442042252149954, ""2025"": -0.002426698193691844, ""2026"": -0.0011209924200613912}","{""2023"": 1.0947132204890526, ""2024"": 2.1889847627873222, ""2025"": 0.9023861939731619, ""2026"": 0.9450537097346859}","{""2023"": 111, ""2024"": 128, ""2025"": 92, ""2026"": 23}"
500,0.6,new_low_relief_1d,validation,4,524,0.09443129770992366,0.00923281711265552,-0.005515512071819301,1.4853965389287456,0.46946564885496184,0.3797709923664122,0.48854961832061067,0.1316793893129771,8.986641221374045,0.04727939439966855,-0.03279760649114695,"{""2023"": 0.008912488763331755, ""2024"": 0.00016673664414505122, ""2025"": 0.016030110261821055, ""2026"": 0.011362447190133984}","{""2023"": 1.418578815508093, ""2024"": 1.0069444890241859, ""2025"": 2.12535602727761, ""2026"": 1.739588903357514}","{""2023"": 148, ""2024"": 144, ""2025"": 184, ""2026"": 48}"
500,0.6,new_low_relief_1d,validation,5,149,0.26099328859060394,0.014295456027823797,-0.0095231187740196,1.7274459744513815,0.47651006711409394,0.38926174496644295,0.47651006711409394,0.1342281879194631,8.805369127516778,0.054418741823964764,-0.036086227285212796,"{""2023"": 0.006821108809551583, ""2024"": 0.05790481361619696, ""2025"": -0.007454278573466294, ""2026"": -0.026510306444559352}","{""2023"": 1.3306134222500023, ""2024"": 7.503924828348436, ""2025"": 0.7315486027355053, ""2026"": 0.27184048149842027}","{""2023"": 95, ""2024"": 30, ""2025"": 20, ""2026"": 4}"
500,0.6,new_low_relief_3d,discovery,1,416,-0.10206730769230768,-0.0022492074208862608,-0.0181408952761771,0.9001654575374851,0.3269230769230769,0.23798076923076922,0.6177884615384616,0.14423076923076922,7.783653846153846,0.03896090215185165,-0.03585947693326609,"{""2019"": 0.003629519803794179, ""2020"": 0.005835107011485526, ""2021"": -0.005942095242362748, ""2022"": -0.007452279099709042}","{""2019"": 1.1901868822177062, ""2020"": 1.2973518911304784, ""2021"": 0.7531937950220587, ""2022"": 0.7055433702445476}","{""2019"": 114, ""2020"": 56, ""2021"": 104, ""2022"": 142}"
500,0.6,new_low_relief_3d,discovery,2,423,-0.00888416075650117,-0.0034956048167778904,-0.0172991630187167,0.8570131214804037,0.3806146572104019,0.28841607565011823,0.5531914893617021,0.15839243498817968,9.4822695035461,0.040960525317775255,-0.03769162193300259,"{""2019"": 0.0004801920748605335, ""2020"": 0.008879432943113618, ""2021"": -0.0050384280105017, ""2022"": -0.027212371054037253}","{""2019"": 1.0215380920925377, ""2020"": 1.479579239351052, ""2021"": 0.7921239699850262, ""2022"": 0.27899024517817705}","{""2019"": 166, ""2020"": 91, ""2021"": 97, ""2022"": 69}"
500,0.6,new_low_relief_3d,discovery,3,437,0.027194508009153295,-0.002567052373628085,-0.0183435043402776,0.8918493522948735,0.37299771167048057,0.26773455377574373,0.5560640732265446,0.17620137299771166,10.038901601830664,0.040758256293718924,-0.0370558788060158,"{""2019"": -0.004891361838027703, ""2020"": 0.0087547042345289, ""2021"": 0.002718381988112948, ""2022"": -0.019186606661454993}","{""2019"": 0.7635585508700161, ""2020"": 1.3843246236973483, ""2021"": 1.1248593181305762, ""2022"": 0.40278057181765303}","{""2019"": 134, ""2020"": 102, ""2021"": 114, ""2022"": 87}"
500,0.6,new_low_relief_3d,discovery,4,430,0.12629302325581396,0.0010459965374083645,-0.01459527072482795,1.042391400466659,0.4232558139534884,0.30697674418604654,0.5511627906976744,0.14186046511627906,8.895348837209303,0.043727725642313045,-0.039207883599790286,"{""2019"": 0.017501560495879736, ""2020"": -0.0008385597019766904, ""2021"": 0.005463808382768228, ""2022"": -0.012674876733125862}","{""2019"": 2.155971609743031, ""2020"": 0.9727349965729082, ""2021"": 1.264809898276398, ""2022"": 0.6041381169379699}","{""2019"": 109, ""2020"": 52, ""2021"": 110, ""2022"": 159}"
500,0.6,new_low_relief_3d,discovery,5,431,0.38734570765661247,-0.01037936200916888,-0.0262007270058118,0.6317686211591148,0.3433874709976798,0.2853828306264501,0.6357308584686775,0.07888631090487239,7.7122969837587005,0.03627831814934646,-0.04225558893765882,"{""2019"": 0.0019452654372009456, ""2020"": -0.025685750357262612, ""2021"": 0.013615239488080105, ""2022"": -0.016624518425218025}","{""2019"": 1.1166200310592878, ""2020"": 0.35724206118158797, ""2021"": 1.7807328194916443, ""2022"": 0.46917248799660766}","{""2019"": 70, ""2020"": 70, ""2021"": 67, ""2022"": 224}"
500,0.6,new_low_relief_3d,validation,1,420,-0.08674285714285714,0.01851718309728463,-0.014750265738568,1.8820334493565336,0.3976190476190476,0.3,0.569047619047619,0.13095238095238096,8.58095238095238,0.06062873109385567,-0.03377071174831976,"{""2023"": 0.003617007688597831, ""2024"": -0.004840432897790339, ""2025"": 0.08472128740318512, ""2026"": -9.891658625175976e-05}","{""2023"": 1.1681881228016757, ""2024"": 0.7932840601234272, ""2025"": 6.153324480519997, ""2026"": 0.9954104753260505}","{""2023"": 151, ""2024"": 133, ""2025"": 93, ""2026"": 43}"
500,0.6,new_low_relief_3d,validation,2,396,-0.008434343434343416,0.002303738499460779,-0.01402976842944545,1.1043681405498007,0.4065656565656566,0.3207070707070707,0.5656565656565656,0.11363636363636363,8.767676767676768,0.04195142180524888,-0.03357349741151211,"{""2023"": 0.005290870104985915, ""2024"": -0.006929000984057751, ""2025"": 0.0070620570221607845, ""2026"": 0.007212324615027881}","{""2023"": 1.2444316015212813, ""2024"": 0.730564323756945, ""2025"": 1.3388857802409935, ""2026"": 1.43742257488408}","{""2023"": 88, ""2024"": 124, ""2025"": 141, ""2026"": 43}"
500,0.6,new_low_relief_3d,validation,3,512,0.03205468749999996,0.012243748047302189,-0.0100625433158215,1.6088945275593491,0.44140625,0.337890625,0.515625,0.146484375,9.099609375,0.051314498856156944,-0.032566736864541986,"{""2023"": 0.0036677989501958047, ""2024"": 0.029058222057519352, ""2025"": 0.00908305311382751, ""2026"": -0.0033097457199322885}","{""2023"": 1.1753616974647958, ""2024"": 2.369266356447442, ""2025"": 1.551898250599124, ""2026"": 0.8670877839376784}","{""2023"": 137, ""2024"": 156, ""2025"": 158, ""2026"": 61}"
500,0.6,new_low_relief_3d,validation,4,414,0.1373816425120773,-0.0015518635826876584,-0.020164140610160648,0.937161185778729,0.38164251207729466,0.2753623188405797,0.5652173913043478,0.15942028985507245,9.415458937198068,0.04227567217675676,-0.03941449090109781,"{""2023"": -0.003579152583774608, ""2024"": -0.0015321503413204555, ""2025"": 0.0036714844527510867, ""2026"": -0.015747068059182915}","{""2023"": 0.8578321566581062, ""2024"": 0.9457296029728798, ""2025"": 1.1885094175508104, ""2026"": 0.4954692884462675}","{""2023"": 150, ""2024"": 117, ""2025"": 123, ""2026"": 24}"
500,0.6,new_low_relief_3d,validation,5,146,0.34421917808219177,0.014581425877425594,0.0094716712052831,1.8093175694972954,0.5136986301369864,0.4520547945205479,0.4452054794520548,0.10273972602739725,8.349315068493151,0.0503413926812685,-0.03073175340295098,"{""2023"": 0.009050576405785063, ""2024"": 0.022279182266760605, ""2025"": 0.01882282591471543, ""2026"": -0.028170477118911425}","{""2023"": 1.4429144098777227, ""2024"": 2.406495073359125, ""2025"": 2.3286732000594825, ""2026"": 0.0}","{""2023"": 65, ""2024"": 59, ""2025"": 18, ""2026"": 4}"
500,0.6,ma50_recovery_3d,discovery,1,417,-0.10682014388489203,-0.0025153543257408055,-0.0170383792153505,0.8915443552158243,0.33573141486810554,0.2589928057553957,0.6235011990407674,0.11750599520383694,7.781774580335731,0.038155617701841754,-0.03601083715200687,"{""2019"": 0.004904061502532765, ""2020"": -0.0008092251115194853, ""2021"": -0.0023574368982145575, ""2022"": -0.010442459776956282}","{""2019"": 1.271765690939462, ""2020"": 0.9680867258910394, ""2021"": 0.9046907400845444, ""2022"": 0.5811334382326869}","{""2019"": 109, ""2020"": 99, ""2021"": 84, ""2022"": 125}"
500,0.6,ma50_recovery_3d,discovery,2,421,-0.025125890736342013,-0.0045596609376552365,-0.0181699009337474,0.8168947094959343,0.34441805225653205,0.25653206650831356,0.5890736342042755,0.1543942992874109,8.836104513064132,0.03973822738485872,-0.037653828482029666,"{""2019"": -0.004685556927276573, ""2020"": -0.010819413138911264, ""2021"": -0.0009906360214463805, ""2022"": -0.0036830852876016933}","{""2019"": 0.7818088831313754, ""2020"": 0.6606079480666945, ""2021"": 0.9577780090835454, ""2022"": 0.8513862876690784}","{""2019"": 113, ""2020"": 83, ""2021"": 125, ""2022"": 100}"
500,0.6,ma50_recovery_3d,discovery,3,440,0.013118181818181794,0.0006962082868483102,-0.0153602640218224,1.0309678606292767,0.4318181818181818,0.27954545454545454,0.5159090909090909,0.20454545454545456,9.920454545454545,0.044041654790341146,-0.03669042348819391,"{""2019"": -0.0005767861873042023, ""2020"": 0.01700859672648206, ""2021"": 0.005395447269856059, ""2022"": -0.014714768658797757}","{""2019"": 0.9723623765057391, ""2020"": 1.921191411154497, ""2021"": 1.2960400938513763, ""2022"": 0.5443897992572088}","{""2019"": 153, ""2020"": 79, ""2021"": 105, ""2022"": 103}"
500,0.6,ma50_recovery_3d,discovery,4,426,0.046938967136150186,-0.000733832486230266,-0.01463058438844775,0.9690695186725318,0.4225352112676056,0.352112676056338,0.5352112676056338,0.11267605633802817,8.950704225352112,0.04300133142702469,-0.0391484053234114,"{""2019"": 0.00823485375389381, ""2020"": 0.008602521007553864, ""2021"": 0.007206525613415919, ""2022"": -0.013320929688233514}","{""2019"": 1.4573472479228118, ""2020"": 1.6881532890370863, ""2021"": 1.3619215990141582, ""2022"": 0.5822820027935739}","{""2019"": 126, ""2020"": 28, ""2021"": 99, ""2022"": 173}"
500,0.6,ma50_recovery_3d,discovery,5,433,0.15402309468822167,-0.01058900352244755,-0.028343351325892,0.6387129319320723,0.3117782909930716,0.24018475750577367,0.651270207852194,0.10854503464203233,8.41108545034642,0.03567365137910202,-0.04257801019461557,"{""2019"": 0.010081035577084061, ""2020"": -0.005125104392149039, ""2021"": -0.0030592874013403095, ""2022"": -0.02694750851916343}","{""2019"": 1.5756150744781092, ""2020"": 0.8344776618559998, ""2021"": 0.8714095980239904, ""2022"": 0.2718130628619334}","{""2019"": 92, ""2020"": 82, ""2021"": 79, ""2022"": 180}"
500,0.6,ma50_recovery_3d,validation,1,353,-0.09120679886685548,0.029540668438469572,-0.0105360110469592,2.527230607822327,0.44192634560906513,0.36827195467422097,0.5297450424929179,0.10198300283286119,8.48441926345609,0.0716853412971565,-0.032931737330687605,"{""2023"": 0.005706097116055885, ""2024"": 0.012572485028291287, ""2025"": 0.09993872642212162, ""2026"": 0.0148475453442843}","{""2023"": 1.2773049511084886, ""2024"": 1.6640217450168944, ""2025"": 6.433602954164966, ""2026"": 1.794564965239645}","{""2023"": 118, ""2024"": 126, ""2025"": 77, ""2026"": 32}"
500,0.6,ma50_recovery_3d,validation,2,449,-0.026160356347438723,0.013679385956511999,-0.0082967953043477,1.6996177474789145,0.45434298440979953,0.32962138084632514,0.5011135857461024,0.16926503340757237,9.191536748329622,0.05273121767054291,-0.03267950592022369,"{""2023"": 0.009888687680929676, ""2024"": 0.027310047659635867, ""2025"": 0.012227416477787191, ""2026"": -0.01430946240593356}","{""2023"": 1.575738699055841, ""2024"": 2.167461390773414, ""2025"": 1.7985497493749119, ""2026"": 0.5319369796450716}","{""2023"": 130, ""2024"": 132, ""2025"": 148, ""2026"": 39}"
500,0.6,ma50_recovery_3d,validation,3,377,0.018180371352785125,-0.00295975117061277,-0.0214908265564668,0.8787844211529934,0.35543766578249336,0.26525198938992045,0.6153846153846154,0.11936339522546419,8.625994694960212,0.04012639001733033,-0.03577690771312957,"{""2023"": -0.003963111709408346, ""2024"": -0.0076487303246925795, ""2025"": -0.0028790042939732525, ""2026"": 0.011738820778063437}","{""2023"": 0.8473350179736515, ""2024"": 0.7117063367997336, ""2025"": 0.8770392555875184, ""2026"": 1.71351423141152}","{""2023"": 133, ""2024"": 111, ""2025"": 89, ""2026"": 44}"
500,0.6,ma50_recovery_3d,validation,4,385,0.049823376623376575,0.0006159697955340103,-0.0132756928670108,1.0282636921989041,0.4051948051948052,0.3038961038961039,0.5506493506493506,0.14545454545454545,9.077922077922079,0.03830297345664768,-0.034686666978630216,"{""2023"": 0.0010801890342585455, ""2024"": -0.00446435011528779, ""2025"": 0.008047417595018688, ""2026"": -0.007412830056360049}","{""2023"": 1.0469116425836857, ""2024"": 0.8244015026162453, ""2025"": 1.460343025641522, ""2026"": 0.652606506629617}","{""2023"": 84, ""2024"": 130, ""2025"": 129, ""2026"": 42}"
500,0.6,ma50_recovery_3d,validation,5,324,0.13133950617283946,0.002325588174453559,-0.01520920717958835,1.1003936076535121,0.4228395061728395,0.3425925925925926,0.5246913580246914,0.13271604938271606,9.20679012345679,0.044278670036974985,-0.03647267278780336,"{""2023"": 0.00034267369414155634, ""2024"": 0.004507047597108625, ""2025"": 0.009039228377213677, ""2026"": -0.028269508590438332}","{""2023"": 1.0140437927748618, ""2024"": 1.1906218301371045, ""2025"": 1.4794466062559222, ""2026"": 0.16052394482885526}","{""2023"": 126, ""2024"": 90, ""2025"": 90, ""2026"": 18}"
500,0.6,ret20_recovery_3d,discovery,1,419,-0.15165632458233885,-0.0031349716156569398,-0.0209797549999999,0.8686069378446539,0.31742243436754175,0.23389021479713604,0.6205250596658711,0.14558472553699284,8.20763723150358,0.03967600581399359,-0.03778143919370186,"{""2019"": -0.007432645415861709, ""2020"": 0.005700270658737152, ""2021"": -0.0021121557521613906, ""2022"": -0.00426700231007864}","{""2019"": 0.6910950031488754, ""2020"": 1.2671939488441393, ""2021"": 0.9101270019527266, ""2022"": 0.8307760696248394}","{""2019"": 128, ""2020"": 69, ""2021"": 89, ""2022"": 133}"
500,0.6,ret20_recovery_3d,discovery,2,432,-0.04083333333333331,-0.005928624300113085,-0.0189701200929766,0.7702067118439999,0.36342592592592593,0.25925925925925924,0.5856481481481481,0.1550925925925926,8.953703703703704,0.03883640408700115,-0.03903959453448986,"{""2019"": -0.004517078338901351, ""2020"": 0.003643229779267153, ""2021"": -0.003287216491734584, ""2022"": -0.017610239402444657}","{""2019"": 0.8047484437176684, ""2020"": 1.1528858799364827, ""2021"": 0.8730638852873966, ""2022"": 0.421060262298122}","{""2019"": 131, ""2020"": 88, ""2021"": 102, ""2022"": 111}"
500,0.6,ret20_recovery_3d,discovery,3,419,0.010482100238663462,0.0005182831805210343,-0.0115293969038209,1.0234133085035688,0.441527446300716,0.3317422434367542,0.5202863961813843,0.14797136038186157,9.004773269689737,0.04168894218771093,-0.03552006589565564,"{""2019"": 0.01420634272300486, ""2020"": -0.01572051280798361, ""2021"": 0.009329305312641319, ""2022"": -0.011924846635605158}","{""2019"": 2.2294631230750572, ""2020"": 0.5222278922323685, ""2021"": 1.4912657731658872, ""2022"": 0.5786975606159109}","{""2019"": 107, ""2020"": 91, ""2021"": 130, ""2022"": 91}"
500,0.6,ret20_recovery_3d,discovery,4,434,0.06304147465437784,-0.0023155935384355495,-0.01636167945891975,0.9037198051146071,0.391705069124424,0.29723502304147464,0.5668202764976958,0.1359447004608295,9.214285714285714,0.039914543885204636,-0.03857728990921417,"{""2019"": 0.0016845664301275583, ""2020"": 0.03017319845248616, ""2021"": 0.0009491775925737795, ""2022"": -0.017510295699754347}","{""2019"": 1.0810913873699708, ""2020"": 3.771360653535932, ""2021"": 1.0456825719593825, ""2022"": 0.4638965955271753}","{""2019"": 113, ""2020"": 51, ""2021"": 108, ""2022"": 162}"
500,0.6,ret20_recovery_3d,discovery,5,433,0.16955658198614312,-0.006691255840821178,-0.0258858772241991,0.7583349054499445,0.3348729792147806,0.26558891454965355,0.6189376443418014,0.11547344110854503,8.558891454965359,0.04062845457050769,-0.041120293321545286,"{""2019"": 0.015039952000693609, ""2020"": -0.008833649426407679, ""2021"": -0.0012002037192966777, ""2022"": -0.021196916924660858}","{""2019"": 1.9674321464004518, ""2020"": 0.7333647667384116, ""2021"": 0.943110720374499, ""2022"": 0.40016718790670375}","{""2019"": 114, ""2020"": 72, ""2021"": 63, ""2022"": 184}"
500,0.6,ret20_recovery_3d,validation,1,321,-0.12210591900311521,0.013639981147089373,-0.0178821936076412,1.5928821561920627,0.367601246105919,0.26791277258566976,0.5950155763239875,0.13707165109034267,9.14018691588785,0.05690462600962624,-0.03661091505471459,"{""2023"": -0.003658470291975809, ""2024"": 0.03714085074683859, ""2025"": 0.0026053370105202944, ""2026"": -0.022203533747575187}","{""2023"": 0.8567146037786304, ""2024"": 2.9025501445458417, ""2025"": 1.1078771832733167, ""2026"": 0.35687976585149517}","{""2023"": 107, ""2024"": 127, ""2025"": 80, ""2026"": 7}"
500,0.6,ret20_recovery_3d,validation,2,495,-0.04057373737373735,0.017480558699133213,-0.0122318092887958,1.8503500322795148,0.4101010101010101,0.33131313131313134,0.5595959595959596,0.10909090909090909,8.307070707070707,0.058960736236186605,-0.03383475987823266,"{""2023"": 0.0039848352893176175, ""2024"": 0.0006740709906374538, ""2025"": 0.05223786330193104, ""2026"": 0.0059738646657864726}","{""2023"": 1.1959458421668714, ""2024"": 1.0282906028926606, ""2025"": 3.9307261370433673, ""2026"": 1.2985270528357855}","{""2023"": 128, ""2024"": 143, ""2025"": 145, ""2026"": 79}"
500,0.6,ret20_recovery_3d,validation,3,394,0.011497461928933994,0.012054674530693369,0.000493162611462,1.7375928351224732,0.5050761421319797,0.38071065989847713,0.4517766497461929,0.16751269035532995,9.01269035532995,0.04556460008144705,-0.028876490087579636,"{""2023"": 0.00642630215776306, ""2024"": 0.01751977136507529, ""2025"": 0.016852683392429676, ""2026"": -0.0021800763717533755}","{""2023"": 1.3517272103185656, ""2024"": 2.2235344873832332, ""2025"": 2.2221153339745308, ""2026"": 0.910453721324615}","{""2023"": 112, ""2024"": 115, ""2025"": 125, ""2026"": 42}"
500,0.6,ret20_recovery_3d,validation,4,372,0.06682258064516125,-0.003244150850578036,-0.0178895133237869,0.8649150522684633,0.3790322580645161,0.2849462365591398,0.5833333333333334,0.13172043010752688,9.00268817204301,0.03892481579590572,-0.03520688007629621,"{""2023"": -0.003940222928643354, ""2024"": -0.004688578514430548, ""2025"": 0.0026289581729742008, ""2026"": -0.008069721683198737}","{""2023"": 0.8422474951051756, ""2024"": 0.8261644490392656, ""2025"": 1.1388622596659024, ""2026"": 0.6285512257798894}","{""2023"": 121, ""2024"": 130, ""2025"": 80, ""2026"": 41}"
500,0.6,ret20_recovery_3d,validation,5,306,0.1836862745098039,-0.0004225985334268224,-0.015365314981870049,0.9833669748340157,0.4117647058823529,0.32679738562091504,0.5326797385620915,0.14052287581699346,9.49673202614379,0.04352088832393248,-0.03915948385165628,"{""2023"": 0.009789319529340134, ""2024"": -0.027746210665800283, ""2025"": 0.009713945604326445, ""2026"": -0.04678637688564114}","{""2023"": 1.442916716214716, ""2024"": 0.2698494695191554, ""2025"": 1.5096209657312147, ""2026"": 0.0}","{""2023"": 123, ""2024"": 74, ""2025"": 103, ""2026"": 6}"
500,0.6,median_ret20_recovery_3d,discovery,1,421,-0.03048666929188646,-0.0066891085193206065,-0.0214051060845799,0.7420792582089103,0.32066508313539194,0.2327790973871734,0.6223277909738717,0.14489311163895488,8.323040380047505,0.03902833775070855,-0.040152225313660694,"{""2019"": -0.0057096868151585226, ""2020"": -4.0898564944461445e-05, ""2021"": -0.001692636380413116, ""2022"": -0.015131989539561137}","{""2019"": 0.7732066805335309, ""2020"": 0.9983804269820564, ""2021"": 0.9255722870044248, ""2022"": 0.4792814170145342}","{""2019"": 109, ""2020"": 90, ""2021"": 87, ""2022"": 135}"
500,0.6,median_ret20_recovery_3d,discovery,2,433,-0.009545798534881952,-0.0005621886869396183,-0.0162446996869701,0.9745989955884435,0.3833718244803695,0.27251732101616627,0.5658198614318707,0.16166281755196305,8.870669745958429,0.03919196789911754,-0.03462362840030547,"{""2019"": -5.496607312457854e-05, ""2020"": 0.016594905721343416, ""2021"": -0.006899600261095952, ""2022"": -0.007132218138176428}","{""2019"": 0.9971264125100769, ""2020"": 1.9756075861197153, ""2021"": 0.746299067196066, ""2022"": 0.7259918854444412}","{""2019"": 171, ""2020"": 68, ""2021"": 91, ""2022"": 103}"
500,0.6,median_ret20_recovery_3d,discovery,3,426,0.003490590437875409,-0.00025117044500796147,-0.01233533464047995,0.9892925980637588,0.431924882629108,0.3427230046948357,0.5258215962441315,0.13145539906103287,8.943661971830986,0.04122490005388007,-0.037082138067360354,"{""2019"": 0.008483862481671354, ""2020"": -0.013071655644031326, ""2021"": 0.004164597725193662, ""2022"": -0.007667963084678309}","{""2019"": 1.5078080133794944, ""2020"": 0.5903383380416067, ""2021"": 1.1967014559656872, ""2022"": 0.7282237036752742}","{""2019"": 102, ""2020"": 99, ""2021"": 173, ""2022"": 52}"
500,0.6,median_ret20_recovery_3d,discovery,4,426,0.01638924468593198,-0.005609077630288225,-0.019909985313038,0.7709533776044755,0.3615023474178404,0.2511737089201878,0.5938967136150235,0.15492957746478872,9.093896713615024,0.03783229156521199,-0.03791735265293855,"{""2019"": -0.00046644210750788483, ""2020"": 0.023766906502045437, ""2021"": 0.0037214359857926987, ""2022"": -0.024348694201874396}","{""2019"": 0.9768416177836097, ""2020"": 2.804811340876091, ""2021"": 1.190896818052779, ""2022"": 0.2977633135093051}","{""2019"": 139, ""2020"": 45, ""2021"": 89, ""2022"": 153}"
500,0.6,median_ret20_recovery_3d,discovery,5,431,0.040616431477315154,-0.004649260924761927,-0.025691446670663,0.8318587440985924,0.3503480278422274,0.2877030162412993,0.605568445475638,0.10672853828306264,8.71461716937355,0.04339873951370746,-0.0424133765636606,"{""2019"": 0.023793192660949022, ""2020"": -0.010348159553072297, ""2021"": 0.008459035997845704, ""2022"": -0.014465496608767685}","{""2019"": 2.807536280840373, ""2020"": 0.69262810699158, ""2021"": 1.47616252205408, ""2022"": 0.5542169877625512}","{""2019"": 72, ""2020"": 69, ""2021"": 52, ""2022"": 238}"
500,0.6,median_ret20_recovery_3d,validation,1,268,-0.02455007834986658,0.013340273300538674,-0.0191925930371096,1.566911670802127,0.3582089552238806,0.23507462686567165,0.6119402985074627,0.15298507462686567,9.365671641791044,0.058029959950153163,-0.03741806851166057,"{""2023"": -0.0037685770263760653, ""2024"": 0.05011030043946272, ""2025"": -0.0013891441874940543, ""2026"": -0.020146263994335077}","{""2023"": 0.8504170617553035, ""2024"": 3.390292848257764, ""2025"": 0.9425792713407445, ""2026"": 0.11360660258654784}","{""2023"": 98, ""2024"": 83, ""2025"": 82, ""2026"": 5}"
500,0.6,median_ret20_recovery_3d,validation,2,438,-0.00899839616195486,0.01994699465737818,-0.01339065680099855,1.9338804879079605,0.4200913242009132,0.3378995433789954,0.5388127853881278,0.1232876712328767,8.668949771689498,0.06222514961389493,-0.034781835088402664,"{""2023"": 0.0040125506222584125, ""2024"": 0.00016921279250878512, ""2025"": 0.07954805141152106, ""2026"": 0.006490403375556282}","{""2023"": 1.1993971109442412, ""2024"": 1.0073377243765884, ""2025"": 5.159082426444893, ""2026"": 1.2772857087077119}","{""2023"": 127, ""2024"": 162, ""2025"": 99, ""2026"": 50}"
500,0.6,median_ret20_recovery_3d,validation,3,541,0.002199528360262896,0.008464030641520067,-0.0078792690847556,1.4642781746832105,0.4565619223659889,0.3438077634011091,0.5046210720887245,0.15157116451016636,8.89279112754159,0.044369063145056745,-0.029885313273193867,"{""2023"": 0.000993516937328939, ""2024"": 0.012065449424033176, ""2025"": 0.015263082414665114, ""2026"": -0.000612004616621287}","{""2023"": 1.0447019327413078, ""2024"": 1.6555705916426944, ""2025"": 2.1771535384647596, ""2026"": 0.9709008221901164}","{""2023"": 140, ""2024"": 183, ""2025"": 149, ""2026"": 69}"
500,0.6,median_ret20_recovery_3d,validation,4,455,0.015612412273506111,-0.004138159330751281,-0.0174601369638961,0.830211288543885,0.3626373626373626,0.29010989010989013,0.6021978021978022,0.1076923076923077,8.36923076923077,0.038211775445801635,-0.037165409466589375,"{""2023"": 0.001543953608740289, ""2024"": -0.009254792711460532, ""2025"": -0.0034931838399583034, ""2026"": -0.011140980702623569}","{""2023"": 1.0690752363175535, ""2024"": 0.6826578246900881, ""2025"": 0.8427210034029992, ""2026"": 0.5565677398717426}","{""2023"": 153, ""2024"": 117, ""2025"": 134, ""2026"": 51}"
500,0.6,median_ret20_recovery_3d,validation,5,186,0.036039904571019875,0.007723430191879855,0.0025505511709229,1.3508608654303298,0.510752688172043,0.41397849462365593,0.42473118279569894,0.16129032258064516,10.35483870967742,0.04841483513145333,-0.035573690837862826,"{""2023"": 0.014384617964361876, ""2024"": -0.026054881792520315, ""2025"": 0.022215879755972907}","{""2023"": 1.6704953562810305, ""2024"": 0.2814579361364442, ""2025"": 2.6433519194662325}","{""2023"": 73, ""2024"": 44, ""2025"": 69}"
500,0.8,pct_up_1d,discovery,1,427,0.3207775175644028,-0.0007334607504423926,-0.0186378122854338,0.9691313842872789,0.3255269320843091,0.1288056206088993,0.6182669789227166,0.2529274004683841,10.032786885245901,0.04829227691262653,-0.03818363752764944,"{""2019"": 0.000985784356897163, ""2020"": 0.02270969155578943, ""2021"": -0.0034923359483225473, ""2022"": -0.010793016239617757}","{""2019"": 1.051247306987876, ""2020"": 2.302752248687329, ""2021"": 0.8577526248595857, ""2022"": 0.6244203715129398}","{""2019"": 87, ""2020"": 73, ""2021"": 113, ""2022"": 154}"
500,0.8,pct_up_1d,discovery,2,426,0.5561267605633803,-0.0025931671506012667,-0.018120546740504048,0.8907569941329878,0.352112676056338,0.107981220657277,0.5727699530516432,0.3192488262910798,11.38262910798122,0.04358204406521561,-0.03624051559301675,"{""2019"": -0.001333268608544481, ""2020"": 0.010385110729737782, ""2021"": -0.007768952141533092, ""2022"": -0.00609814216267916}","{""2019"": 0.9358477806932504, ""2020"": 1.4864534373710356, ""2021"": 0.6994745883602177, ""2022"": 0.7839324843345702}","{""2019"": 158, ""2020"": 59, ""2021"": 139, ""2022"": 70}"
500,0.8,pct_up_1d,discovery,3,424,0.7029056603773585,-0.00010585400576389417,-0.019660474666369297,0.9958987790420862,0.35377358490566035,0.1721698113207547,0.5683962264150944,0.25943396226415094,11.31132075471698,0.05144838904346993,-0.039348813646625715,"{""2019"": 0.0024414595724571043, ""2020"": -0.009288698809440828, ""2021"": 0.01849100641082758, ""2022"": -0.014477833010408647}","{""2019"": 1.1016296289653862, ""2020"": 0.7161938857297756, ""2021"": 2.0018727269266607, ""2022"": 0.4950830587379623}","{""2019"": 125, ""2020"": 106, ""2021"": 104, ""2022"": 89}"
500,0.8,pct_up_1d,discovery,4,432,0.8018425925925925,-0.009702250037649456,-0.0260889233734555,0.6614292287540915,0.30324074074074076,0.11574074074074074,0.6458333333333334,0.23842592592592593,11.094907407407407,0.04471127778129502,-0.04239915331965762,"{""2019"": 0.0005085319199836724, ""2020"": 0.0005520404329973639, ""2021"": 0.0001266814830059598, ""2022"": -0.03076283892264131}","{""2019"": 1.02488686543597, ""2020"": 1.019247663203901, ""2021"": 1.0051422133277093, ""2022"": 0.214361969694534}","{""2019"": 133, ""2020"": 65, ""2021"": 94, ""2022"": 140}"
500,0.8,pct_up_1d,discovery,5,443,0.884920993227991,-0.007758968235325061,-0.0278173874696917,0.757928256907621,0.30248306997742663,0.17155756207674944,0.6681715575620768,0.16027088036117382,8.690744920993229,0.04410353663881581,-0.04715364473436212,"{""2019"": 0.02178456738571869, ""2020"": -0.0292446651639877, ""2021"": 0.006440589865018354, ""2022"": -0.016342539051994818}","{""2019"": 2.574483245872284, ""2020"": 0.4307037068468069, ""2021"": 1.256200959614002, ""2022"": 0.5345139742317175}","{""2019"": 99, ""2020"": 72, ""2021"": 42, ""2022"": 230}"
500,0.8,pct_up_1d,validation,1,409,0.33404889975550117,0.01620283189456351,-0.0169898454649388,1.7202492307669872,0.33007334963325186,0.1198044009779951,0.6063569682151589,0.27383863080684595,10.352078239608803,0.06477930876890847,-0.03452431756945995,"{""2023"": -0.0012423613417560555, ""2024"": -0.005419021647086302, ""2025"": 0.09693618412114648, ""2026"": -0.018385032043344286}","{""2023"": 0.9437721650829964, ""2024"": 0.7795641372426282, ""2025"": 6.779361496113262, ""2026"": 0.432197769751146}","{""2023"": 164, ""2024"": 136, ""2025"": 83, ""2026"": 26}"
500,0.8,pct_up_1d,validation,2,577,0.5551993067590988,0.008875538033919413,-0.0174453456333705,1.382250889613027,0.37435008665511266,0.16464471403812825,0.5892547660311959,0.24610051993067592,10.306759098786829,0.05534220434130182,-0.03600594406153914,"{""2023"": 0.0019865116615483845, ""2024"": 0.020027242549771382, ""2025"": 0.002392512943335294, ""2026"": 0.004361972237119892}","{""2023"": 1.0790206174786166, ""2024"": 1.8858501793588607, ""2025"": 1.1068688483108153, ""2026"": 1.1804916910061685}","{""2023"": 103, ""2024"": 205, ""2025"": 184, ""2026"": 85}"
500,0.8,pct_up_1d,validation,3,476,0.7111848739495799,0.0075649637307871245,-0.01186620709468195,1.3418174210673632,0.42857142857142855,0.22058823529411764,0.5126050420168067,0.2668067226890756,11.481092436974789,0.05230245318771067,-0.03481791030944161,"{""2023"": 0.013346808070105298, ""2024"": -0.00017702705637282534, ""2025"": 0.011234164206450268, ""2026"": 0.0006245967071922358}","{""2023"": 1.6183291620187243, ""2024"": 0.9937869548384018, ""2025"": 1.6104987687644143, ""2026"": 1.0317952748234298}","{""2023"": 144, ""2024"": 123, ""2025"": 148, ""2026"": 61}"
500,0.8,pct_up_1d,validation,4,297,0.7936430976430976,0.00613625620551354,-0.0159633177628014,1.2754143326319465,0.41414141414141414,0.20202020202020202,0.5286195286195287,0.26936026936026936,11.235690235690235,0.050446923109768206,-0.03639689058088411,"{""2023"": 0.008586398897735962, ""2024"": -0.00268160732473332, ""2025"": 0.011935119670778142, ""2026"": -0.05050300664054265}","{""2023"": 1.3996730098466978, ""2024"": 0.9034361834038431, ""2025"": 1.660786524226041, ""2026"": 0.0}","{""2023"": 106, ""2024"": 85, ""2025"": 104, ""2026"": 2}"
500,0.8,pct_up_1d,validation,5,134,0.8749850746268656,0.009584343251411997,-0.01391099633061885,1.384276230440294,0.40298507462686567,0.21641791044776118,0.5522388059701493,0.23134328358208955,11.417910447761194,0.059779924811206885,-0.040555602452041734,"{""2023"": 0.007202102010765899, ""2024"": 0.017232253986532883, ""2025"": 0.011445249534192755, ""2026"": -0.07776610654446704}","{""2023"": 1.2767285577347156, ""2024"": 1.9208245885050332, ""2025"": 1.3857677057902629, ""2026"": 0.0}","{""2023"": 74, ""2024"": 42, ""2025"": 16, ""2026"": 2}"
500,0.8,new_low_relief_1d,discovery,1,409,-0.08646943765281172,3.364577976097838e-05,-0.0181699009337474,1.0015112945380689,0.3374083129584352,0.1295843520782396,0.6039119804400978,0.2665036674816626,10.320293398533007,0.04731580590096941,-0.03621743317534186,"{""2019"": -0.0020711447692330427, ""2020"": 0.012094432914535928, ""2021"": 0.003402850086621104, ""2022"": -0.004885738165996901}","{""2019"": 0.896731858420861, ""2020"": 1.6451973097736299, ""2021"": 1.167184993011528, ""2022"": 0.8142437945912975}","{""2019"": 104, ""2020"": 50, ""2021"": 105, ""2022"": 150}"
500,0.8,new_low_relief_1d,discovery,2,448,-0.00337946428571428,-0.010971991937119892,-0.02573607364155995,0.625312561719062,0.28794642857142855,0.09821428571428571,0.65625,0.24553571428571427,10.774553571428571,0.04153677323202124,-0.04276383711424046,"{""2019"": -0.006113718223138853, ""2020"": 0.0024545645438999305, ""2021"": -0.007638162117103157, ""2022"": -0.041107604186769696}","{""2019"": 0.7684159949289353, ""2020"": 1.0957047770450723, ""2021"": 0.7091537982008386, ""2022"": 0.045864678856754076}","{""2019"": 154, ""2020"": 104, ""2021"": 107, ""2022"": 83}"
500,0.8,new_low_relief_1d,discovery,3,389,0.025084832904884297,0.0028061004074785047,-0.0183435043402776,1.118094051598755,0.390745501285347,0.18508997429305912,0.5218508997429306,0.2930591259640103,11.681233933161954,0.05071185274902468,-0.037931422663830795,"{""2019"": 0.01342897987877123, ""2020"": 0.004980655828341875, ""2021"": -0.0014988058619236006, ""2022"": -0.012392247057874494}","{""2019"": 1.788387516426492, ""2020"": 1.19793374257589, ""2021"": 0.9377498262146318, ""2022"": 0.6427792805449836}","{""2019"": 140, ""2020"": 62, ""2021"": 112, ""2022"": 75}"
500,0.8,new_low_relief_1d,discovery,4,463,0.1050496760259179,-0.0116680565701332,-0.0262007270058118,0.6209275076053379,0.265658747300216,0.09719222462203024,0.6803455723542117,0.2224622030237581,9.585313174946004,0.04249018092021131,-0.04404389832762954,"{""2019"": -0.0003624741214503704, ""2020"": 0.023305218567339032, ""2021"": -0.005992266325388494, ""2022"": -0.02883019235481393}","{""2019"": 0.9821577475871738, ""2020"": 1.8593215820141522, ""2021"": 0.7960849723351779, ""2022"": 0.23318607913160194}","{""2019"": 107, ""2020"": 55, ""2021"": 89, ""2022"": 212}"
500,0.8,new_low_relief_1d,discovery,5,439,0.3127972665148063,-0.00026015718897225387,-0.0220303546760747,0.9905291276055346,0.3621867881548975,0.1958997722095672,0.6036446469248291,0.20045558086560364,10.164009111617313,0.05060023745860738,-0.041944494751761596,"{""2019"": 0.01596722536081347, ""2020"": -0.031099907323933553, ""2021"": 0.023950901741211308, ""2022"": -0.001576023560620097}","{""2019"": 2.112105882241807, ""2020"": 0.34098926564559684, ""2021"": 2.3520199269271895, ""2022"": 0.9418308179494533}","{""2019"": 93, ""2020"": 104, ""2021"": 79, ""2022"": 163}"
500,0.8,new_low_relief_1d,validation,1,434,-0.05807373271889399,0.01830505836573141,-0.015910108429977497,1.8246174738078251,0.3709677419354839,0.1543778801843318,0.5829493087557603,0.2626728110599078,10.493087557603687,0.06590637780908185,-0.034704178488383204,"{""2023"": 0.001536272908646523, ""2024"": -0.00019873260944163818, ""2025"": 0.07577626521025999, ""2026"": 0.0007753627143928433}","{""2023"": 1.0653719154353594, ""2024"": 0.9910878413525354, ""2025"": 4.853334304462565, ""2026"": 1.0328858591471608}","{""2023"": 134, ""2024"": 148, ""2025"": 102, ""2026"": 50}"
500,0.8,new_low_relief_1d,validation,2,429,-0.003622377622377613,-0.003646092421261157,-0.0197579378964726,0.855950682132747,0.337995337995338,0.14219114219114218,0.6083916083916084,0.2494172494172494,10.414918414918414,0.04325511411090755,-0.03763226762313166,"{""2023"": -0.0009160783607735513, ""2024"": -0.009545172909554383, ""2025"": 0.004125714449983767, ""2026"": -0.01380658251629596}","{""2023"": 0.9607015397881644, ""2024"": 0.6735556272387629, ""2025"": 1.2046472142047864, ""2026"": 0.5736320467810723}","{""2023"": 103, ""2024"": 139, ""2025"": 136, ""2026"": 51}"
500,0.8,new_low_relief_1d,validation,3,354,0.025090395480225954,0.010153472861162293,-0.0214869684957674,1.4034480935350597,0.3587570621468927,0.16666666666666666,0.5903954802259888,0.24293785310734464,10.932203389830509,0.05739869664236135,-0.03674855354546979,"{""2023"": 0.0002635243978711796, ""2024"": 0.027247939061819985, ""2025"": -0.0017031588714154406, ""2026"": 0.010175330475870213}","{""2023"": 1.0108335847287604, ""2024"": 2.0335684028473646, ""2025"": 0.9337538524878547, ""2026"": 1.4987515097042683}","{""2023"": 111, ""2024"": 128, ""2025"": 92, ""2026"": 23}"
500,0.8,new_low_relief_1d,validation,4,525,0.09448761904761904,0.010735988781620806,-0.0088432136377749,1.5321505113835172,0.4380952380952381,0.20761904761904762,0.5085714285714286,0.2838095238095238,11.352380952380953,0.05562741366930144,-0.03406181397471687,"{""2023"": 0.013111703637742495, ""2024"": -0.0010872299806175443, ""2025"": 0.018974555115875952, ""2026"": 0.007545670371529222}","{""2023"": 1.5955150949134884, ""2024"": 0.956433922828207, ""2025"": 2.1957573025909967, ""2026"": 1.455705967065516}","{""2023"": 148, ""2024"": 145, ""2025"": 184, ""2026"": 48}"
500,0.8,new_low_relief_1d,validation,5,151,0.2611788079470198,0.01884033993258679,-0.0100501119770849,1.9180219247684074,0.45695364238410596,0.2781456953642384,0.48344370860927155,0.23841059602649006,11.0,0.06379510123554866,-0.03719358663379556,"{""2023"": 0.013522418842050458, ""2024"": 0.060282100112890154, ""2025"": -0.0024735874906554496, ""2026"": -0.06413455659250485}","{""2023"": 1.6373180530021971, ""2024"": 7.8865132817673995, ""2025"": 0.9064644670631984, ""2026"": 0.0}","{""2023"": 95, ""2024"": 31, ""2025"": 21, ""2026"": 4}"
500,0.8,new_low_relief_3d,discovery,1,418,-0.10255980861244018,-0.0032787477633434534,-0.0206528599777331,0.8625174349577615,0.2894736842105263,0.1291866028708134,0.6483253588516746,0.22248803827751196,9.131578947368421,0.0448865329158954,-0.037410775288624826,"{""2019"": -0.0007693107317070904, ""2020"": 0.011641214871709875, ""2021"": -0.008687514223678423, ""2022"": -0.007292747622992041}","{""2019"": 0.9641791241168105, ""2020"": 1.552845763178169, ""2021"": 0.6619593605568799, ""2022"": 0.7140743160417157}","{""2019"": 114, ""2020"": 57, ""2021"": 104, ""2022"": 143}"
500,0.8,new_low_relief_3d,discovery,2,425,-0.008959999999999987,-0.005548779072830391,-0.0220082082846538,0.7949749309087588,0.32941176470588235,0.12941176470588237,0.6,0.27058823529411763,11.263529411764706,0.046420092304070744,-0.04052079204805405,"{""2019"": 0.0017666913045771783, ""2020"": -0.0028579112531431053, ""2021"": -0.004114545861328395, ""2022"": -0.02885840246346791}","{""2019"": 1.0776913852620706, ""2020"": 0.9002305669485107, ""2021"": 0.8310455786958667, ""2022"": 0.26441675482452875}","{""2019"": 167, ""2020"": 92, ""2021"": 97, ""2022"": 69}"
500,0.8,new_low_relief_3d,discovery,3,437,0.027194508009153295,-0.004021762130058648,-0.0217569028008642,0.8450166721765625,0.3318077803203661,0.12128146453089245,0.5835240274599542,0.2951945080091533,11.610983981693364,0.04648853167166732,-0.03898062353473095,"{""2019"": -0.00432923960570633, ""2020"": 0.008019625353841028, ""2021"": -0.0012410441263646292, ""2022"": -0.02130936436042756}","{""2019"": 0.7948420189775753, ""2020"": 1.321811893778328, ""2021"": 0.9507034023829322, ""2022"": 0.4020614791695145}","{""2019"": 134, ""2020"": 102, ""2021"": 114, ""2022"": 87}"
500,0.8,new_low_relief_3d,discovery,4,432,0.12619444444444441,0.0009095318152162078,-0.019605813580318397,1.0340299378308304,0.37962962962962965,0.1388888888888889,0.5856481481481481,0.27546296296296297,10.976851851851851,0.05059546626360407,-0.04150038962148608,"{""2019"": 0.018419705518797222, ""2020"": -0.0019362750118975902, ""2021"": 0.004055230870096524, ""2022"": -0.012239268609097128}","{""2019"": 2.2025938911721186, ""2020"": 0.9481179336694584, ""2021"": 1.1725446569292055, ""2022"": 0.6314479962332972}","{""2019"": 109, ""2020"": 53, ""2021"": 110, ""2022"": 160}"
500,0.8,new_low_relief_3d,discovery,5,432,0.388162037037037,-0.009962080695137685,-0.02885707113518625,0.6775205681424986,0.2986111111111111,0.18055555555555555,0.6689814814814815,0.15046296296296297,9.25925925925926,0.043130000721413764,-0.04531075840261845,"{""2019"": 0.00662893563896322, ""2020"": -0.026757844277399533, ""2021"": 0.025805600793018083, ""2022"": -0.02052148510921317}","{""2019"": 1.378332335245461, ""2020"": 0.40794193823839187, ""2021"": 2.479759462435266, ""2022"": 0.4062245419026295}","{""2019"": 70, ""2020"": 71, ""2021"": 67, ""2022"": 224}"
500,0.8,new_low_relief_3d,validation,1,422,-0.08663981042654027,0.01959488430373584,-0.01673657099584435,1.8916951284765728,0.3744075829383886,0.16587677725118483,0.5853080568720379,0.24881516587677724,10.303317535545023,0.06699980644469143,-0.03473125059446486,"{""2023"": 0.006931340998064172, ""2024"": -0.00634755229296535, ""2025"": 0.0851989558049648, ""2026"": 0.0013166203356030322}","{""2023"": 1.3151400504697768, ""2024"": 0.7437266212188626, ""2025"": 5.813941617938934, ""2026"": 1.0582606175663256}","{""2023"": 151, ""2024"": 133, ""2025"": 94, ""2026"": 44}"
500,0.8,new_low_relief_3d,validation,2,397,-0.00846347607052895,0.003619097886234167,-0.0153341906732891,1.1584965738593385,0.3853904282115869,0.1712846347607053,0.5743073047858942,0.25440806045340053,10.6272040302267,0.047940063745535604,-0.03474731093832878,"{""2023"": 0.008679730851539828, ""2024"": -0.006948166744627317, ""2025"": 0.007038510801592119, ""2026"": 0.01276875269659037}","{""2023"": 1.39775306972514, ""2024"": 0.7426939955642106, ""2025"": 1.3242912749406341, ""2026"": 1.7744161530060316}","{""2023"": 88, ""2024"": 125, ""2025"": 141, ""2026"": 43}"
500,0.8,new_low_relief_3d,validation,3,513,0.03209356725146195,0.012439875672292232,-0.0157376767428404,1.570267943468148,0.3996101364522417,0.1871345029239766,0.5399610136452242,0.2729044834307992,11.226120857699804,0.05807806549832927,-0.034582973346616294,"{""2023"": 0.00812782076591502, ""2024"": 0.025898021514065624, ""2025"": 0.008970653076615438, ""2026"": -0.0032504986954185766}","{""2023"": 1.3833522345421556, ""2024"": 2.1325570983893143, ""2025"": 1.4685998939574436, ""2026"": 0.8816171588660313}","{""2023"": 137, ""2024"": 156, ""2025"": 159, ""2026"": 61}"
500,0.8,new_low_relief_3d,validation,4,414,0.1373816425120773,-0.0012606632329347426,-0.0221703685079453,0.9514973858669932,0.35507246376811596,0.15217391304347827,0.5845410628019324,0.2632850241545894,10.983091787439614,0.048239624043242946,-0.04064920574305213,"{""2023"": -0.001153938633434261, ""2024"": -0.0035079669132253334, ""2025"": 0.005555404044344011, ""2026"": -0.025904431334449748}","{""2023"": 0.9560143826950049, ""2024"": 0.8792903782954249, ""2025"": 1.2663750102409173, ""2026"": 0.2770694334927897}","{""2023"": 150, ""2024"": 117, ""2025"": 123, ""2026"": 24}"
500,0.8,new_low_relief_3d,validation,5,147,0.3451836734693878,0.01966171317392485,-0.0070885630169785,2.0312483322311525,0.46938775510204084,0.2789115646258503,0.46938775510204084,0.25170068027210885,11.156462585034014,0.06289134296520388,-0.0319212343536677,"{""2023"": 0.009462279685921974, ""2024"": 0.03209545943822533, ""2025"": 0.02567655550911951, ""2026"": -0.028170477118911425}","{""2023"": 1.426212496994189, ""2024"": 2.9413440842979988, ""2025"": 2.8124670190003473, ""2026"": 0.0}","{""2023"": 65, ""2024"": 60, ""2025"": 18, ""2026"": 4}"
500,0.8,ma50_recovery_3d,discovery,1,418,-0.1068325358851674,-0.005229950856051539,-0.0224730753721867,0.7972379318634376,0.2822966507177033,0.11483253588516747,0.6698564593301436,0.215311004784689,9.509569377990431,0.04484296902598608,-0.03875294076223752,"{""2019"": 0.0034482017178420884, ""2020"": -0.00490198514755497, ""2021"": -0.003498107641601227, ""2022"": -0.014149491060094332}","{""2019"": 1.18003970000574, ""2020"": 0.8506207529441818, ""2021"": 0.8611084096723629, ""2022"": 0.4645675516997091}","{""2019"": 109, ""2020"": 99, ""2021"": 84, ""2022"": 126}"
500,0.8,ma50_recovery_3d,discovery,2,422,-0.025090047393364897,-0.007682616591623912,-0.020847365689480098,0.7169182966752755,0.3033175355450237,0.11137440758293839,0.6184834123222749,0.27014218009478674,10.424170616113743,0.044144738306513415,-0.039666943411862964,"{""2019"": -0.009343794452748966, ""2020"": -0.014094203834887898, ""2021"": -0.004133563645279105, ""2022"": -0.004856068507141858}","{""2019"": 0.6056980048483531, ""2020"": 0.6128534708362083, ""2021"": 0.8319009361569676, ""2022"": 0.8162792532051537}","{""2019"": 113, ""2020"": 84, ""2021"": 125, ""2022"": 100}"
500,0.8,ma50_recovery_3d,discovery,3,442,0.013117647058823505,0.0020132513073440124,-0.01861939589606495,1.0825685361999902,0.3891402714932127,0.14479638009049775,0.5520361990950227,0.3031674208144796,11.44343891402715,0.05071199857422264,-0.03832933961881615,"{""2019"": 0.0020516200016317534, ""2020"": 0.013401573198647786, ""2021"": 0.004947600766005565, ""2022"": -0.00999093487305495}","{""2019"": 1.0975245194633074, ""2020"": 1.5531385987233894, ""2021"": 1.2347070356925653, ""2022"": 0.6957820078168883}","{""2019"": 153, ""2020"": 81, ""2021"": 105, ""2022"": 103}"
500,0.8,ma50_recovery_3d,discovery,4,426,0.046938967136150186,-0.0017445134283644696,-0.019812300147606897,0.9344808610664155,0.3685446009389671,0.176056338028169,0.5774647887323944,0.24647887323943662,11.173708920187794,0.05016662093744458,-0.04241406007478542,"{""2019"": 0.011641187610628892, ""2020"": 0.0035562353221385784, ""2021"": 0.007839655988692297, ""2022"": -0.017836143880479317}","{""2019"": 1.6250078770038041, ""2020"": 1.1940190794823555, ""2021"": 1.338114549462522, ""2022"": 0.5012823734793513}","{""2019"": 126, ""2020"": 28, ""2021"": 99, ""2022"": 173}"
500,0.8,ma50_recovery_3d,discovery,5,436,0.15400917431192657,-0.009439150311605832,-0.029952117872166402,0.6916819549196958,0.28440366972477066,0.15137614678899083,0.6697247706422018,0.17889908256880735,9.697247706422019,0.04159833843750465,-0.044605165276059525,"{""2019"": 0.010734393551488195, ""2020"": -0.0036108275567190663, ""2021"": 0.0031122995553053384, ""2022"": -0.027955475766905984}","{""2019"": 1.609202307689132, ""2020"": 0.8922631085864459, ""2021"": 1.1254169027773393, ""2022"": 0.27375170432150936}","{""2019"": 93, ""2020"": 83, ""2021"": 79, ""2022"": 181}"
500,0.8,ma50_recovery_3d,validation,1,355,-0.09118873239436616,0.027588108110075078,-0.0139682268544935,2.350088436295912,0.4140845070422535,0.2,0.5464788732394367,0.2535211267605634,10.529577464788732,0.07833216735633428,-0.03421405378081966,"{""2023"": 0.0042129847612520435, ""2024"": 0.011691961390212918, ""2025"": 0.09605157537447645, ""2026"": 0.009992006296334635}","{""2023"": 1.1983445066992329, ""2024"": 1.6017568274401948, ""2025"": 5.67884901796028, ""2026"": 1.4709454863920803}","{""2023"": 118, ""2024"": 127, ""2025"": 78, ""2026"": 32}"
500,0.8,ma50_recovery_3d,validation,2,451,-0.026168514412416823,0.015206154645130567,-0.0100433312105262,1.738237559915232,0.4212860310421286,0.17960088691796008,0.516629711751663,0.30376940133037694,11.419068736141908,0.05887912066747797,-0.033861598591392275,"{""2023"": 0.013894924588982034, ""2024"": 0.02640639664616412, ""2025"": 0.014590244254508295, ""2026"": -0.015198880070729457}","{""2023"": 1.7962462015141503, ""2024"": 2.043585992856353, ""2025"": 1.8892249667786059, ""2026"": 0.5082303509555439}","{""2023"": 130, ""2024"": 132, ""2025"": 149, ""2026"": 40}"
500,0.8,ma50_recovery_3d,validation,3,377,0.018180371352785125,-0.0019362096941473444,-0.0224624983924653,0.9245834656941451,0.32891246684350134,0.14854111405835543,0.6339522546419099,0.21750663129973474,10.12997347480106,0.046419543667794355,-0.0373354770643831,"{""2023"": -0.000744854465355675, ""2024"": -0.009661262893090333, ""2025"": -0.002073185957040194, ""2026"": 0.014227916375190018}","{""2023"": 0.9720675687552338, ""2024"": 0.6510482213250433, ""2025"": 0.9140131028968497, ""2026"": 1.6854793622125264}","{""2023"": 133, ""2024"": 111, ""2025"": 89, ""2026"": 44}"
500,0.8,ma50_recovery_3d,validation,4,385,0.049823376623376575,0.0036584440708600533,-0.0149165456513554,1.1606372268334908,0.37662337662337664,0.17142857142857143,0.5688311688311688,0.2597402597402597,10.846753246753247,0.045797310817987116,-0.0358161288510315,"{""2023"": 0.004837962168070371, ""2024"": -0.0005650807773779477, ""2025"": 0.00924234744812331, ""2026"": -0.0027783374901324807}","{""2023"": 1.2043410705370743, ""2024"": 0.9779814288673664, ""2025"": 1.4681191051638127, ""2026"": 0.8697965069857599}","{""2023"": 84, ""2024"": 130, ""2025"": 129, ""2026"": 42}"
500,0.8,ma50_recovery_3d,validation,5,325,0.1312492307692307,0.0034631768566500474,-0.0184473591566864,1.1389313898995,0.38769230769230767,0.19692307692307692,0.5476923076923077,0.2553846153846154,11.169230769230769,0.05175959242108659,-0.038250072707628105,"{""2023"": 0.0059930322104946865, ""2024"": 0.00019756839493454087, ""2025"": 0.009991554008103027, ""2026"": -0.030378231376632234}","{""2023"": 1.2349466739919068, ""2024"": 1.0074542358071583, ""2025"": 1.4862771428755501, ""2026"": 0.12682063095886392}","{""2023"": 126, ""2024"": 91, ""2025"": 90, ""2026"": 18}"
500,0.8,ret20_recovery_3d,discovery,1,420,-0.1524428571428571,-0.0043217049182529095,-0.0226888108082332,0.8309302540897744,0.2833333333333333,0.10476190476190476,0.65,0.24523809523809523,9.752380952380953,0.04595132154565933,-0.03930182225249199,"{""2019"": -0.012795640605891362, ""2020"": 0.008150703881486702, ""2021"": -0.00013622462852232604, ""2022"": -0.0054294674925091276}","{""2019"": 0.5141857518171666, ""2020"": 1.3315310363970145, ""2021"": 0.9942035923436756, ""2022"": 0.7965786867191565}","{""2019"": 128, ""2020"": 69, ""2021"": 89, ""2022"": 134}"
500,0.8,ret20_recovery_3d,discovery,2,433,-0.04084526558891453,-0.008655878627860741,-0.0239354714513875,0.6938835080027226,0.302540415704388,0.11547344110854503,0.6327944572748267,0.2517321016166282,10.471131639722863,0.04387584399595261,-0.041824693201270656,"{""2019"": -0.00414357419094414, ""2020"": -0.0030358817121953086, ""2021"": -0.011461142166263143, ""2022"": -0.01579458156444635}","{""2019"": 0.8239287776320093, ""2020"": 0.905547877331948, ""2021"": 0.5920497193654823, ""2022"": 0.48971368112704267}","{""2019"": 131, ""2020"": 88, ""2021"": 102, ""2022"": 112}"
500,0.8,ret20_recovery_3d,discovery,3,423,0.01037352245862882,-0.00037668246306484296,-0.0167207839771101,0.9849529270362133,0.39243498817966904,0.17494089834515367,0.5555555555555556,0.2695035460992908,10.973995271867611,0.0477316241090643,-0.038704178592163525,"{""2019"": 0.018464117765030645, ""2020"": -0.021236609517891816, ""2021"": 0.010749881425513754, ""2022"": -0.016648395207162346}","{""2019"": 2.47097591286229, ""2020"": 0.44981966855294864, ""2021"": 1.5014718060051397, ""2022"": 0.4574572355117962}","{""2019"": 107, ""2020"": 95, ""2021"": 130, ""2022"": 91}"
500,0.8,ret20_recovery_3d,discovery,4,435,0.06307126436781606,-0.00277192331435872,-0.0200043531811023,0.8955881292713656,0.3425287356321839,0.16091954022988506,0.6045977011494252,0.23448275862068965,10.91264367816092,0.046239865982749,-0.04088195250456271,"{""2019"": 0.0019318105360030312, ""2020"": 0.026632540262249708, ""2021"": 0.0024835828903249377, ""2022"": -0.018842589804816155}","{""2019"": 1.0935090394411366, ""2020"": 2.654642516065513, ""2021"": 1.10374339615338, ""2022"": 0.47251284817388356}","{""2019"": 114, ""2020"": 51, ""2021"": 108, ""2022"": 162}"
500,0.8,ret20_recovery_3d,discovery,5,433,0.16955658198614312,-0.005701441115103446,-0.0270658972997571,0.8038403846398601,0.3094688221709007,0.14318706697459585,0.6420323325635104,0.21478060046189376,10.163972286374134,0.047790729482831994,-0.04301065758889597,"{""2019"": 0.018278548492689537, ""2020"": -0.005830957599448122, ""2021"": 0.00391124041351266, ""2022"": -0.02379922679292082}","{""2019"": 2.1467360818412846, ""2020"": 0.8354640409202542, ""2021"": 1.1853915681058476, ""2022"": 0.36419727326114587}","{""2019"": 114, ""2020"": 72, ""2021"": 63, ""2022"": 184}"
500,0.8,ret20_recovery_3d,validation,1,322,-0.12204968944099373,0.013261339732748739,-0.0185878752106095,1.5547635290145916,0.3447204968944099,0.14906832298136646,0.6086956521739131,0.2422360248447205,10.683229813664596,0.062474886678311393,-0.037725048568631264,"{""2023"": -0.00529903875108635, ""2024"": 0.036898034880903534, ""2025"": 0.0037842326749334587, ""2026"": -0.022203533747575187}","{""2023"": 0.7951109723222877, ""2024"": 2.735980460878449, ""2025"": 1.154119313072221, ""2026"": 0.35687976585149517}","{""2023"": 107, ""2024"": 127, ""2025"": 81, ""2026"": 7}"
500,0.8,ret20_recovery_3d,validation,2,495,-0.04057373737373735,0.016043876263467524,-0.0158049760056455,1.7204094530839789,0.3656565656565657,0.16767676767676767,0.5898989898989899,0.24242424242424243,10.383838383838384,0.0653189429365564,-0.035351591651612016,"{""2023"": 0.00473127180986581, ""2024"": -2.496768164343911e-05, ""2025"": 0.049543704943423764, ""2026"": 0.00197277367635654}","{""2023"": 1.2226473228523003, ""2024"": 0.9989953251684189, ""2025"": 3.422200455281838, ""2026"": 1.0873451608783584}","{""2023"": 128, ""2024"": 143, ""2025"": 145, ""2026"": 79}"
500,0.8,ret20_recovery_3d,validation,3,397,0.011496221662468498,0.014324911307955159,-0.005706464958775,1.8132823969207446,0.473551637279597,0.21662468513853905,0.4659949622166247,0.31738035264483627,11.261964735516372,0.053275575337807086,-0.030528029093283587,"{""2023"": 0.00944600536454127, ""2024"": 0.019699539882731508, ""2025"": 0.01745775597371076, ""2026"": 0.0033016633822358856}","{""2023"": 1.4950010141926944, ""2024"": 2.3408765864738683, ""2025"": 2.089463620475669, ""2026"": 1.1252579794391233}","{""2023"": 112, ""2024"": 117, ""2025"": 125, ""2026"": 43}"
500,0.8,ret20_recovery_3d,validation,4,373,0.06682573726541549,-0.001851275449593085,-0.0198048262678903,0.9255190591574011,0.353887399463807,0.16621983914209115,0.5978552278820375,0.2359249329758713,10.431635388739947,0.04399906656327073,-0.036371827707400196,"{""2023"": -0.004052063197096022, ""2024"": -0.006145183051723426, ""2025"": 0.009703782338258434, ""2026"": -0.00456972362254854}","{""2023"": 0.8441039493385095, ""2024"": 0.7841326950784343, ""2025"": 1.5189632802480446, ""2026"": 0.794291749736168}","{""2023"": 121, ""2024"": 130, ""2025"": 81, ""2026"": 41}"
500,0.8,ret20_recovery_3d,validation,5,306,0.1836862745098039,0.004076804980744708,-0.018478764346633147,1.1538725888908936,0.39215686274509803,0.19281045751633988,0.545751633986928,0.26143790849673204,11.669934640522875,0.053282867633486254,-0.04045982142570757,"{""2023"": 0.022436252324119953, ""2024"": -0.03170014763996881, ""2025"": 0.010819150241870554, ""2026"": -0.04678637688564114}","{""2023"": 2.0017915481598947, ""2024"": 0.20648111082453507, ""2025"": 1.5267115323459004, ""2026"": 0.0}","{""2023"": 123, ""2024"": 74, ""2025"": 103, ""2026"": 6}"
500,0.8,median_ret20_recovery_3d,discovery,1,422,-0.03062864942486568,-0.01148113892706762,-0.02521172445119005,0.6066043110476681,0.26066350710900477,0.08293838862559241,0.6777251184834123,0.23933649289099526,10.0,0.04488856390483898,-0.043151309097873784,"{""2019"": -0.012342028212362972, ""2020"": -0.010207587090476858, ""2021"": -0.001214947472622386, ""2022"": -0.01820129620451402}","{""2019"": 0.5568386196040145, ""2020"": 0.7088833529901094, ""2021"": 0.9465769713782423, ""2022"": 0.40295193615357655}","{""2019"": 109, ""2020"": 90, ""2021"": 87, ""2022"": 136}"
500,0.8,median_ret20_recovery_3d,discovery,2,435,-0.009550155629301747,0.0007454814979623476,-0.0168814055531021,1.0323504500561724,0.35402298850574715,0.1471264367816092,0.5793103448275863,0.2735632183908046,10.342528735632184,0.044323168989228064,-0.03580813939859654,"{""2019"": 0.0006941414361800255, ""2020"": 0.02073628938294807, ""2021"": -0.009544144251429895, ""2022"": -0.003429813216504417}","{""2019"": 1.035718650527944, ""2020"": 2.121619895955145, ""2021"": 0.6727563167404527, ""2022"": 0.8712862424389549}","{""2019"": 171, ""2020"": 69, ""2021"": 91, ""2022"": 104}"
500,0.8,median_ret20_recovery_3d,discovery,3,429,0.003469312392858134,-0.0009972095663247727,-0.0165143663348861,0.9620072593954764,0.37995337995337997,0.19813519813519814,0.5687645687645687,0.2331002331002331,10.874125874125873,0.04775411921601644,-0.03996109591994085,"{""2019"": 0.014689539662513268, ""2020"": -0.01985801375560416, ""2021"": 0.00421954136122632, ""2022"": -0.012126907729811705}","{""2019"": 1.8498899247770715, ""2020"": 0.48209872464089437, ""2021"": 1.1819797980664806, ""2022"": 0.599571391298256}","{""2019"": 102, ""2020"": 102, ""2021"": 173, ""2022"": 52}"
500,0.8,median_ret20_recovery_3d,discovery,4,427,0.016392767747156645,-0.006544228754398994,-0.0222792213859698,0.7513393143767559,0.32084309133489464,0.10772833723653395,0.6252927400468384,0.26697892271662765,10.672131147540984,0.04289171858081162,-0.040335476404079106,"{""2019"": -0.0019196726237445097, ""2020"": 0.02420623406392155, ""2021"": 0.004289412042291525, ""2022"": -0.02612202428395134}","{""2019"": 0.9073277446759389, ""2020"": 2.3122017346684705, ""2021"": 1.1940132913850106, ""2022"": 0.27856532854904614}","{""2019"": 140, ""2020"": 45, ""2021"": 89, ""2022"": 153}"
500,0.8,median_ret20_recovery_3d,discovery,5,431,0.040616431477315154,-0.0038376196758737216,-0.0282417183557691,0.8714283238890365,0.31322505800464034,0.16241299303944315,0.6357308584686775,0.20185614849187936,10.392111368909513,0.051673240395096964,-0.0446474187245246,"{""2019"": 0.029111046178751574, ""2020"": -0.005212906955379721, ""2021"": 0.011412277314769634, ""2022"": -0.0167384758219265}","{""2019"": 3.2115263340709728, ""2020"": 0.849613215768398, ""2021"": 1.5667786416202822, ""2022"": 0.5301043945373137}","{""2019"": 72, ""2020"": 69, ""2021"": 52, ""2022"": 238}"
500,0.8,median_ret20_recovery_3d,validation,1,269,-0.024562538150108584,0.014325148183143647,-0.0194810014571715,1.6029511195943005,0.3420074349442379,0.1449814126394052,0.6171003717472119,0.2379182156133829,10.62081784386617,0.06273395861520781,-0.037742968296591066,"{""2023"": -0.004641065367670062, ""2024"": 0.05163179182263281, ""2025"": 0.0014889381444633644, ""2026"": -0.020146263994335077}","{""2023"": 0.8176320422171343, ""2024"": 3.4589301405988815, ""2025"": 1.0605625401463847, ""2026"": 0.11360660258654784}","{""2023"": 98, ""2024"": 83, ""2025"": 83, ""2026"": 5}"
500,0.8,median_ret20_recovery_3d,validation,2,438,-0.00899839616195486,0.01976766818067075,-0.01604217766668005,1.8568161114318196,0.3835616438356164,0.18036529680365296,0.5639269406392694,0.2557077625570776,10.634703196347031,0.06931756484611983,-0.03643056779314087,"{""2023"": 0.005500358541488205, ""2024"": 0.00014968406027865216, ""2025"": 0.07866416319672845, ""2026"": 0.002953843082470542}","{""2023"": 1.2608029848859752, ""2024"": 1.006041883334561, ""2025"": 4.696026089388128, ""2026"": 1.1130722869189602}","{""2023"": 127, ""2024"": 162, ""2025"": 99, ""2026"": 50}"
500,0.8,median_ret20_recovery_3d,validation,3,543,0.0022210378629788793,0.008995691130434311,-0.0115006049005681,1.4560334917312554,0.4198895027624309,0.1841620626151013,0.5267034990791897,0.289134438305709,11.042357274401473,0.05115405956942669,-0.03188463462814255,"{""2023"": 0.002851351388572339, ""2024"": 0.01147802249910593, ""2025"": 0.015631726884211612, ""2026"": 0.0004167524196879773}","{""2023"": 1.1243551372615022, ""2024"": 1.5859025071623467, ""2025"": 2.034384279425722, ""2026"": 1.0176451635790336}","{""2023"": 140, ""2024"": 184, ""2025"": 150, ""2026"": 69}"
500,0.8,median_ret20_recovery_3d,validation,4,457,0.015593476862679994,-0.0033029701664359042,-0.0200733513789163,0.8698969471402934,0.3347921225382932,0.16411378555798686,0.6192560175054704,0.21663019693654267,10.061269146608316,0.04371367186561433,-0.038225726299492786,"{""2023"": 0.0047971337443967555, ""2024"": -0.011617719371507886, ""2025"": -0.0035158968044970568, ""2026"": -0.007719187909872611}","{""2023"": 1.2073588277049612, ""2024"": 0.6267314219536623, ""2025"": 0.8474495445538935, ""2026"": 0.6915691578230642}","{""2023"": 153, ""2024"": 118, ""2025"": 134, ""2026"": 52}"
500,0.8,median_ret20_recovery_3d,validation,5,186,0.036039904571019875,0.013811452004652289,-0.00418659304114725,1.5997986388853864,0.489247311827957,0.24193548387096775,0.43548387096774194,0.3225806451612903,12.924731182795698,0.06089286203329065,-0.036675093874619785,"{""2023"": 0.02724720341250924, ""2024"": -0.027457074941900896, ""2025"": 0.025912978568054933}","{""2023"": 2.2413642759421264, ""2024"": 0.24278822473593048, ""2025"": 2.647606752608678}","{""2023"": 73, ""2024"": 44, ""2025"": 69}"
