cap,symbol,signal_date,entry_date,year,age,incremental_return,cum_return,alive_start,exit_reason,capital_day
300,COP,2023-01-03,2023-01-04,2023,1,0.01897140802014019,0.01897140802014019,True,,1
300,COP,2023-01-03,2023-01-04,2023,2,0.03061854760434124,0.050170832584067515,True,,1
300,COP,2023-01-03,2023-01-04,2023,3,0.012243150684931647,0.06302823233231436,True,,1
300,COP,2023-01-03,2023-01-04,2023,4,-0.007189376638755074,0.0553857219924474,True,,1
300,COP,2023-01-03,2023-01-04,2023,5,0.006048730618503972,0.06176946592339516,True,,1
300,COP,2023-01-03,2023-01-04,2023,6,0.0012702176306207402,0.06311814421866568,True,,1
300,COP,2023-01-03,2023-01-04,2023,7,0.016238159675236785,0.08038122639812983,True,,1
300,COP,2023-01-03,2023-01-04,2023,8,0.011068575233022626,0.09233950728286278,True,,1
300,COP,2023-01-03,2023-01-04,2023,9,-0.01028891266770926,0.08110052148894087,True,,1
300,COP,2023-01-03,2023-01-04,2023,10,-0.014055222887558227,0.06590541269555827,True,,1
300,COP,2023-01-03,2023-01-04,2023,11,0.00919443272880649,0.07570580830785834,True,,1
300,COP,2023-01-03,2023-01-04,2023,12,0.01797057840187244,0.09503686387340404,True,,1
300,COP,2023-01-03,2023-01-04,2023,13,-0.013630018884966066,0.08011149073907564,True,,1
300,COP,2023-01-03,2023-01-04,2023,14,-0.010988096229085142,0.06824312174069425,True,,1
300,COP,2023-01-03,2023-01-04,2023,15,0.013214375894284869,0.08235928789786007,True,,1
300,COP,2023-01-03,2023-01-04,2023,16,0.034972586808440065,0.12021219205178935,True,,1
300,COP,2023-01-03,2023-01-04,2023,17,0.009920539369130843,0.13132530120481944,True,target60,1
300,FANG,2023-01-04,2023-01-05,2023,1,0.02236129130733433,0.02236129130733433,True,,1
300,FANG,2023-01-04,2023-01-05,2023,2,0.030904747685876366,0.05395710905899409,True,,1
300,FANG,2023-01-04,2023-01-05,2023,3,0.02425778421433744,0.079523773181714,True,,1
300,FANG,2023-01-04,2023-01-05,2023,4,0.0037469070342877053,0.08356864840112932,True,,1
300,FANG,2023-01-04,2023-01-05,2023,5,0.0016903789266093927,0.08540029000992133,True,,1
300,FANG,2023-01-04,2023-01-05,2023,6,0.02179721558149339,0.10905899412348319,True,,1
300,FANG,2023-01-04,2023-01-05,2023,7,-0.0005505092210293938,0.10844844692055267,True,,1
300,FANG,2023-01-04,2023-01-05,2023,8,0.004199944918755083,0.11310386934289851,True,,1
300,FANG,2023-01-04,2023-01-05,2023,9,-0.011930065135412948,0.09982446767915754,True,,1
300,FANG,2023-01-04,2023-01-05,2023,10,0.016237596280618716,0.1176829733648781,True,,1
300,FANG,2023-01-04,2023-01-05,2023,11,0.007442813246842039,0.12600167900480796,True,,1
300,FANG,2023-01-04,2023-01-05,2023,12,0.012335637793140952,0.1398916278714799,True,,1
300,FANG,2023-01-04,2023-01-05,2023,13,-0.013993036957686167,0.12394108219491717,True,,1
300,FANG,2023-01-04,2023-01-05,2023,14,-0.0010185373803218711,0.12279630618942239,True,,1
300,FANG,2023-01-04,2023-01-05,2023,15,0.018828167482327185,0.143936503090895,True,,1
300,FANG,2023-01-04,2023-01-05,2023,16,0.007405430649142897,0.15240784553155762,True,,1
300,FANG,2023-01-04,2023-01-05,2023,17,-0.03741721854304636,0.10928794932458219,True,,1
300,FANG,2023-01-04,2023-01-05,2023,18,0.005503955968352292,0.11539342135388853,True,,1
300,FANG,2023-01-04,2023-01-05,2023,19,-0.01963735887786522,0.0934900404487522,True,,1
300,FANG,2023-01-04,2023-01-05,2023,20,-0.03964265773311004,0.05014118904067755,True,time_h20,1
300,FANG,2023-01-05,2023-01-06,2023,1,0.01172161172161168,0.01172161172161168,True,,1
300,FANG,2023-01-05,2023-01-06,2023,2,0.02425778421433744,0.036263736263736135,True,,1
300,FANG,2023-01-05,2023-01-06,2023,3,0.0037469070342877053,0.04014652014652009,True,,1
300,FANG,2023-01-05,2023-01-06,2023,4,0.0016903789266093927,0.04190476190476189,True,,1
300,FANG,2023-01-05,2023-01-06,2023,5,0.02179721558149339,0.06461538461538452,True,,1
300,FANG,2023-01-05,2023-01-06,2023,6,-0.0005505092210293938,0.06402930402930407,True,,1
300,FANG,2023-01-05,2023-01-06,2023,7,0.004199944918755083,0.06849816849816848,True,,1
300,FANG,2023-01-05,2023-01-06,2023,8,-0.011930065135412948,0.05575091575091595,True,,1
300,FANG,2023-01-05,2023-01-06,2023,9,0.016237596280618716,0.07289377289377286,True,,1
300,FANG,2023-01-05,2023-01-06,2023,10,0.007442813246842039,0.08087912087912086,True,,1
300,FANG,2023-01-05,2023-01-06,2023,11,0.012335637793140952,0.09421245421245428,True,,1
300,FANG,2023-01-05,2023-01-06,2023,12,-0.013993036957686167,0.07890109890109898,True,,1
300,FANG,2023-01-05,2023-01-06,2023,13,-0.0010185373803218711,0.07780219780219788,True,,1
300,FANG,2023-01-05,2023-01-06,2023,14,0.018828167482327185,0.09809523809523801,True,,1
300,FANG,2023-01-05,2023-01-06,2023,15,0.007405430649142897,0.1062271062271063,True,,1
300,FANG,2023-01-05,2023-01-06,2023,16,-0.03741721854304636,0.06483516483516483,True,,1
300,FANG,2023-01-05,2023-01-06,2023,17,0.005503955968352292,0.07069597069597067,True,,1
300,FANG,2023-01-05,2023-01-06,2023,18,-0.01963735887786522,0.04967032967032958,True,,1
300,FANG,2023-01-05,2023-01-06,2023,19,-0.03964265773311004,0.00805860805860803,True,,1
300,FANG,2023-01-05,2023-01-06,2023,20,0.005595930232558111,0.013699633699633784,True,time_h20,1
300,MRO,2023-01-05,2023-01-06,2023,1,0.011402508551881407,0.011402508551881407,True,,1
300,MRO,2023-01-05,2023-01-06,2023,2,0.01615933859451335,0.027746104142911454,True,,1
300,MRO,2023-01-05,2023-01-06,2023,3,-0.0012943786982249073,0.02641581147852534,True,,1
300,MRO,2023-01-05,2023-01-06,2023,4,0.0009257544899092807,0.027366020524515422,True,,1
300,MRO,2023-01-05,2023-01-06,2023,5,0.012578616352201255,0.04028886354998118,True,,1
300,MRO,2023-01-05,2023-01-06,2023,6,-0.010595542564852178,0.029266438616495583,True,,1
300,MRO,2023-01-05,2023-01-06,2023,7,-0.010339734121122546,0.01862409730140646,True,,1
300,MRO,2023-01-05,2023-01-06,2023,8,0.003171641791044788,0.021854808057772734,True,,1
300,MRO,2023-01-05,2023-01-06,2023,9,0.018783708387576592,0.041049030786773244,True,,1
300,MRO,2023-01-05,2023-01-06,2023,10,0.017889740781307006,0.05967312808817948,True,,1
300,MRO,2023-01-05,2023-01-06,2023,11,0.007532281205165026,0.06765488407449638,True,,1
300,MRO,2023-01-05,2023-01-06,2023,12,0.15841936632253462,0.23679209426073733,True,target_gap,1
300,SDS,2023-01-20,2023-01-23,2023,1,-0.017504498819790215,-0.017504498819790215,True,stop,1
300,HAL,2023-02-02,2023-02-03,2023,1,-0.0003916449086162066,-0.0003916449086162066,True,stop,1
300,HAL,2023-02-03,2023-02-06,2023,1,-0.004550182007280412,-0.004550182007280412,True,stop,1
300,HAL,2023-02-06,2023-02-07,2023,1,-0.011234504132231482,-0.011234504132231482,True,stop,1
300,FSLR,2023-02-09,2023-02-10,2023,1,0.0047349649489607515,0.0047349649489607515,True,,1
300,FSLR,2023-02-09,2023-02-10,2023,2,0.023746863333129475,0.028594268847620175,True,,1
300,FSLR,2023-02-09,2023-02-10,2023,3,-0.03658755305793027,-0.009039478538925061,True,stop,1
300,FSLR,2023-02-10,2023-02-13,2023,1,0.008866103739445075,0.008866103739445075,True,,1
300,FSLR,2023-02-10,2023-02-13,2023,2,-0.03658755305793027,-0.028045838359469277,True,stop,1
300,GOLD,2023-02-22,2023-02-23,2023,1,-0.0034097954122752627,-0.0034097954122752627,True,,1
300,GOLD,2023-02-22,2023-02-23,2023,2,-0.005287713841368502,-0.008679479231246012,True,,1
300,GOLD,2023-02-22,2023-02-23,2023,3,-0.0006253908692932519,-0.009299442033477878,True,,1
300,GOLD,2023-02-22,2023-02-23,2023,4,0.008760951188986343,-0.0006199628022317549,True,,1
300,GOLD,2023-02-22,2023-02-23,2023,5,0.012406947890818865,0.011779293242405453,True,,1
300,GOLD,2023-02-22,2023-02-23,2023,6,0.004289215686274606,0.016119032858028515,True,,1
300,GOLD,2023-02-22,2023-02-23,2023,7,0.008541793776693174,0.02479851208927486,True,,1
300,GOLD,2023-02-22,2023-02-23,2023,8,-0.013309134906231201,0.011159330440173587,True,,1
300,GOLD,2023-02-22,2023-02-23,2023,9,-0.033721643163703185,-0.02293862368257904,True,,1
300,GOLD,2023-02-22,2023-02-23,2023,10,-0.008883248730964466,-0.03161810291382516,True,,1
300,GOLD,2023-02-22,2023-02-23,2023,11,-0.003841229193341733,-0.03533787972721625,True,,1
300,GOLD,2023-02-22,2023-02-23,2023,12,0.019922879177377784,-0.016119032858028515,True,,1
300,GOLD,2023-02-22,2023-02-23,2023,13,0.07529930686830522,0.05796652200867958,True,,1
300,GOLD,2023-02-22,2023-02-23,2023,14,-0.004394960445356144,0.05331680099194047,True,,1
300,GOLD,2023-02-22,2023-02-23,2023,15,0.028840494408475692,0.08369497830130213,True,,1
300,GOLD,2023-02-22,2023-02-23,2023,16,-0.004576659038901698,0.07873527588344698,True,,1
300,GOLD,2023-02-22,2023-02-23,2023,17,0.04965517241379325,0.1323000619962802,True,target60,1
300,COF,2023-02-23,2023-02-24,2023,1,0.01943101524730384,0.01943101524730384,True,,1
300,COF,2023-02-23,2023-02-24,2023,2,-0.005471956224350261,0.013852733358125757,True,,1
300,COF,2023-02-23,2023-02-24,2023,3,-0.00018340210912426436,0.013666790628486414,True,,1
300,COF,2023-02-23,2023-02-24,2023,4,-0.004035586535815816,0.009576050576422412,True,,1
300,COF,2023-02-23,2023-02-24,2023,5,-0.017589096601897003,-0.008181480104127892,True,stop_gap,1
300,GOLD,2023-02-23,2023-02-24,2023,1,0.0037664783427495685,0.0037664783427495685,True,,1
300,GOLD,2023-02-23,2023-02-24,2023,2,-0.0006253908692932519,0.003138731952291307,True,,1
300,GOLD,2023-02-23,2023-02-24,2023,3,0.008760951188986343,0.011927181418706967,True,,1
300,GOLD,2023-02-23,2023-02-24,2023,4,0.012406947890818865,0.024482109227871973,True,,1
300,GOLD,2023-02-23,2023-02-24,2023,5,0.004289215686274606,0.028876333961079803,True,,1
300,GOLD,2023-02-23,2023-02-24,2023,6,0.008541793776693174,0.03766478342749546,True,,1
300,GOLD,2023-02-23,2023-02-24,2023,7,-0.013309134906231201,0.023854362837413712,True,,1
300,GOLD,2023-02-23,2023-02-24,2023,8,-0.033721643163703185,-0.010671688637790333,True,,1
300,GOLD,2023-02-23,2023-02-24,2023,9,-0.008883248730964466,-0.019460138104205882,True,,1
300,GOLD,2023-02-23,2023-02-24,2023,10,-0.003841229193341733,-0.02322661644695534,True,,1
300,GOLD,2023-02-23,2023-02-24,2023,11,0.019922879177377784,-0.0037664783427495685,True,,1
300,GOLD,2023-02-23,2023-02-24,2023,12,0.07529930686830522,0.07124921531701212,True,,1
300,GOLD,2023-02-23,2023-02-24,2023,13,-0.004394960445356144,0.06654111738857504,True,,1
300,GOLD,2023-02-23,2023-02-24,2023,14,0.028840494408475692,0.09730069052102963,True,,1
300,GOLD,2023-02-23,2023-02-24,2023,15,-0.004576659038901698,0.09227871939736332,True,,1
300,GOLD,2023-02-23,2023-02-24,2023,16,0.04965517241379325,0.14651600753295657,True,target60,1
300,GOLD,2023-02-24,2023-02-27,2023,1,0.0025094102885823144,0.0025094102885823144,True,,1
300,GOLD,2023-02-24,2023-02-27,2023,2,0.008760951188986343,0.01129234629861986,True,,1
300,GOLD,2023-02-24,2023-02-27,2023,3,0.012406947890818865,0.023839397741530766,True,,1
300,GOLD,2023-02-24,2023-02-27,2023,4,0.004289215686274606,0.02823086574654954,True,,1
300,GOLD,2023-02-24,2023-02-27,2023,5,0.008541793776693174,0.037013801756587306,True,,1
300,GOLD,2023-02-24,2023-02-27,2023,6,-0.013309134906231201,0.02321204516938513,True,,1
300,GOLD,2023-02-24,2023-02-27,2023,7,-0.033721643163703185,-0.01129234629861986,True,,1
300,GOLD,2023-02-24,2023-02-27,2023,8,-0.008883248730964466,-0.020075282308657516,True,,1
300,GOLD,2023-02-24,2023-02-27,2023,9,-0.003841229193341733,-0.023839397741530655,True,,1
300,GOLD,2023-02-24,2023-02-27,2023,10,0.019922879177377784,-0.004391468005018884,True,,1
300,GOLD,2023-02-24,2023-02-27,2023,11,0.07529930686830522,0.07057716436637396,True,,1
300,GOLD,2023-02-24,2023-02-27,2023,12,-0.004394960445356144,0.06587202007528226,True,,1
300,GOLD,2023-02-24,2023-02-27,2023,13,0.028840494408475692,0.09661229611041411,True,,1
300,GOLD,2023-02-24,2023-02-27,2023,14,-0.004576659038901698,0.0915934755332497,True,,1
300,GOLD,2023-02-24,2023-02-27,2023,15,0.04965517241379325,0.14579673776662494,True,target60,1
300,TSM,2023-02-24,2023-02-27,2023,1,-0.016234498308906442,-0.016234498308906442,True,,1
300,TSM,2023-02-24,2023-02-27,2023,2,-0.002292000916800374,-0.018489289740698966,True,,1
300,TSM,2023-02-24,2023-02-27,2023,3,0.015621410521479362,-0.003156708004509623,True,,1
300,TSM,2023-02-24,2023-02-27,2023,4,0.006898891653472017,0.0037204058624578096,True,,1
300,TSM,2023-02-24,2023-02-27,2023,5,0.008311805009547202,0.012063134160090083,True,,1
300,TSM,2023-02-24,2023-02-27,2023,6,-0.0020051242063049424,0.010033821871476833,True,,1
300,TSM,2023-02-24,2023-02-27,2023,7,-0.008371470030137274,0.0015783540022547005,True,,1
300,TSM,2023-02-24,2023-02-27,2023,8,0.022174696082845502,0.023788049605411477,True,,1
300,TSM,2023-02-24,2023-02-27,2023,9,-0.021032925889219234,0.0022547914317925244,True,,1
300,TSM,2023-02-24,2023-02-27,2023,10,-0.018222722159730087,-0.016009019165727167,True,,1
300,TSM,2023-02-24,2023-02-27,2023,11,0.016956920256645303,0.0006764374295378239,True,,1
300,TSM,2023-02-24,2023-02-27,2023,12,-0.00540784136998651,-0.0047350620067644345,True,,1
300,TSM,2023-02-24,2023-02-27,2023,13,-0.018350702310829248,-0.022998872604284126,True,stop,1
300,COF,2023-02-27,2023-02-28,2023,1,-0.0037463450292397615,-0.0037463450292397615,True,,1
300,COF,2023-02-27,2023-02-28,2023,2,-0.004035586535815816,-0.007766812865497075,True,,1
300,COF,2023-02-27,2023-02-28,2023,3,-0.017589096601897003,-0.025219298245613975,True,stop_gap,1
300,GOLD,2023-02-27,2023-02-28,2023,1,0.010025062656641603,0.010025062656641603,True,,1
300,GOLD,2023-02-27,2023-02-28,2023,2,0.012406947890818865,0.022556390977443552,True,,1
300,GOLD,2023-02-27,2023-02-28,2023,3,0.004289215686274606,0.02694235588972438,True,,1
300,GOLD,2023-02-27,2023-02-28,2023,4,0.008541793776693174,0.03571428571428581,True,,1
300,GOLD,2023-02-27,2023-02-28,2023,5,-0.013309134906231201,0.021929824561403466,True,,1
300,GOLD,2023-02-27,2023-02-28,2023,6,-0.033721643163703185,-0.01253132832080206,True,,1
300,GOLD,2023-02-27,2023-02-28,2023,7,-0.008883248730964466,-0.02130325814536349,True,,1
300,GOLD,2023-02-27,2023-02-28,2023,8,-0.003841229193341733,-0.02506265664160401,True,,1
300,GOLD,2023-02-27,2023-02-28,2023,9,0.019922879177377784,-0.005639097744360999,True,,1
300,GOLD,2023-02-27,2023-02-28,2023,10,0.07529930686830522,0.0692355889724312,True,,1
300,GOLD,2023-02-27,2023-02-28,2023,11,-0.004394960445356144,0.06453634085213023,True,,1
300,GOLD,2023-02-27,2023-02-28,2023,12,0.028840494408475692,0.09523809523809512,True,,1
300,GOLD,2023-02-27,2023-02-28,2023,13,-0.004576659038901698,0.09022556390977421,True,,1
300,GOLD,2023-02-27,2023-02-28,2023,14,0.04965517241379325,0.1443609022556389,True,target60,1
300,TSM,2023-02-27,2023-02-28,2023,1,-0.0009180628873077801,-0.0009180628873077801,True,,1
300,TSM,2023-02-27,2023-02-28,2023,2,0.015621410521479362,0.014689006196924481,True,,1
300,TSM,2023-02-27,2023-02-28,2023,3,0.006898891653472017,0.02168923571264636,True,,1
300,TSM,2023-02-27,2023-02-28,2023,4,0.008311805009547202,0.030181317420243214,True,,1
300,TSM,2023-02-27,2023-02-28,2023,5,-0.0020051242063049424,0.02811567592380082,True,,1
300,TSM,2023-02-27,2023-02-28,2023,6,-0.008371470030137274,0.019508836355290438,True,,1
300,TSM,2023-02-27,2023-02-28,2023,7,0.022174696082845502,0.042116134955244355,True,,1
300,TSM,2023-02-27,2023-02-28,2023,8,-0.021032925889219234,0.02019738352077116,True,,1
300,TSM,2023-02-27,2023-02-28,2023,9,-0.018222722159730087,0.0016066100527887262,True,,1
300,TSM,2023-02-27,2023-02-28,2023,10,0.016956920256645303,0.018590773467982658,True,,1
300,TSM,2023-02-27,2023-02-28,2023,11,-0.00540784136998651,0.013082396144135977,True,,1
300,TSM,2023-02-27,2023-02-28,2023,12,-0.018350702310829248,-0.0055083773238466804,True,stop,1
300,COF,2023-02-28,2023-03-01,2023,1,-0.008219928760617279,-0.008219928760617279,True,,1
300,COF,2023-02-28,2023-03-01,2023,2,-0.017589096601897003,-0.025664444241483175,True,stop_gap,1
300,GM,2023-02-28,2023-03-01,2023,1,0.001292657704239808,0.001292657704239808,True,,1
300,GM,2023-02-28,2023-03-01,2023,2,-0.009811515620965494,-0.008531540847983465,True,stop,1
300,GM,2023-03-01,2023-03-02,2023,1,-0.0014321051946361019,-0.0014321051946361019,True,stop,1
300,GOLD,2023-03-01,2023-03-02,2023,1,0.012353304508956109,0.012353304508956109,True,,1
300,GOLD,2023-03-01,2023-03-02,2023,2,0.008541793776693174,0.02100061766522554,True,,1
300,GOLD,2023-03-01,2023-03-02,2023,3,-0.013309134906231201,0.0074119827053735765,True,,1
300,GOLD,2023-03-01,2023-03-02,2023,4,-0.033721643163703185,-0.02655960469425578,True,,1
300,GOLD,2023-03-01,2023-03-02,2023,5,-0.008883248730964466,-0.0352069178505251,True,,1
300,GOLD,2023-03-01,2023-03-02,2023,6,-0.003841229193341733,-0.03891290920321189,True,,1
300,GOLD,2023-03-01,2023-03-02,2023,7,0.019922879177377784,-0.019765287214329907,True,,1
300,GOLD,2023-03-01,2023-03-02,2023,8,0.07529930686830522,0.054045707226683115,True,,1
300,GOLD,2023-03-01,2023-03-02,2023,9,-0.004394960445356144,0.049413218035824436,True,,1
300,GOLD,2023-03-01,2023-03-02,2023,10,0.028840494408475692,0.07967881408276711,True,,1
300,GOLD,2023-03-01,2023-03-02,2023,11,-0.004576659038901698,0.07473749227918458,True,,1
300,GOLD,2023-03-01,2023-03-02,2023,12,0.04965517241379325,0.12810376775787513,True,target60,1
300,LLY,2023-03-02,2023-03-03,2023,1,0.006479754717577446,0.006479754717577446,True,,1
300,LLY,2023-03-02,2023-03-03,2023,2,0.0019157088122603305,0.008407876853051777,True,,1
300,LLY,2023-03-02,2023-03-03,2023,3,-0.026204432185060855,-0.018016878970825267,True,,1
300,LLY,2023-03-02,2023-03-03,2023,4,0.00646988766214962,-0.01166355849163958,True,,1
300,LLY,2023-03-02,2023-03-03,2023,5,0.013336318280670278,0.0015172108607011126,True,,1
300,LLY,2023-03-02,2023-03-03,2023,6,-6.312135079700187e-05,0.0014539937415052329,True,,1
300,LLY,2023-03-02,2023-03-03,2023,7,0.024997632799924396,0.026487972943072924,True,,1
300,LLY,2023-03-02,2023-03-03,2023,8,0.0029253271747498033,0.02949078610487721,True,,1
300,LLY,2023-03-02,2023-03-03,2023,9,0.012250537304267839,0.042102601384454985,True,,1
300,LLY,2023-03-02,2023-03-03,2023,10,-0.00048530437683891314,0.041596864430887726,True,,1
300,LLY,2023-03-02,2023-03-03,2023,11,0.001122811276666802,0.0427663811360115,True,,1
300,LLY,2023-03-02,2023-03-03,2023,12,0.010912397696271725,0.05414546259126962,True,,1
300,LLY,2023-03-02,2023-03-03,2023,13,-0.006746626686656709,0.04703353668173338,True,,1
300,LLY,2023-03-02,2023-03-03,2023,14,-0.0006641509433963355,0.0463381483705787,True,,1
300,LLY,2023-03-02,2023-03-03,2023,15,0.0045313113615079725,0.05107943231026946,True,,1
300,LLY,2023-03-02,2023-03-03,2023,16,0.010224641385739641,0.061826342573569004,True,target60,1
300,LLY,2023-03-07,2023-03-08,2023,1,0.0070209339774558455,0.0070209339774558455,True,,1
300,LLY,2023-03-07,2023-03-08,2023,2,0.013336318280670278,0.02045088566827702,True,,1
300,LLY,2023-03-07,2023-03-08,2023,3,-6.312135079700187e-05,0.0203864734299517,True,,1
300,LLY,2023-03-07,2023-03-08,2023,4,0.024997632799924396,0.04589371980676327,True,,1
300,LLY,2023-03-07,2023-03-08,2023,5,0.0029253271747498033,0.04895330112721408,True,,1
300,LLY,2023-03-07,2023-03-08,2023,6,0.012250537304267839,0.061803542673107836,True,,1
300,LLY,2023-03-07,2023-03-08,2023,7,-0.00048530437683891314,0.06128824476650552,True,,1
300,LLY,2023-03-07,2023-03-08,2023,8,0.001122811276666802,0.06247987117552323,True,,1
300,LLY,2023-03-07,2023-03-08,2023,9,0.010912397696271725,0.07407407407407418,True,,1
300,LLY,2023-03-07,2023-03-08,2023,10,-0.006746626686656709,0.06682769726247995,True,,1
300,LLY,2023-03-07,2023-03-08,2023,11,-0.0006641509433963355,0.06611916264090167,True,,1
300,LLY,2023-03-07,2023-03-08,2023,12,0.0045313113615079725,0.07095008051529783,True,,1
300,LLY,2023-03-07,2023-03-08,2023,13,0.010224641385739641,0.08190016103059583,True,target60,1
300,AMZN,2023-03-09,2023-03-10,2023,1,-0.019309600862999043,-0.019309600862999043,True,,1
300,AMZN,2023-03-09,2023-03-10,2023,2,-0.01033989660103396,-0.029449838187702304,True,stop_gap,1
300,PYPL,2023-03-13,2023-03-14,2023,1,-0.010726408689748945,-0.010726408689748945,True,,1
300,PYPL,2023-03-13,2023-03-14,2023,2,-0.010568213011254435,-0.02118126272912424,True,stop_gap,1
300,ZM,2023-03-27,2023-03-28,2023,1,-0.000291672743182092,-0.000291672743182092,True,,1
300,ZM,2023-03-27,2023-03-28,2023,2,0.029905178701677526,0.029604783432988224,True,,1
300,ZM,2023-03-27,2023-03-28,2023,3,0.019830028328611915,0.05002187545573866,True,,1
300,ZM,2023-03-27,2023-03-28,2023,4,0.025416666666666643,0.07670993145690552,True,,1
300,ZM,2023-03-27,2023-03-28,2023,5,-0.0018962481376134654,0.07466822225463043,True,,1
300,ZM,2023-03-27,2023-03-28,2023,6,-0.0005428144931468593,0.07408487676826625,True,,1
300,ZM,2023-03-27,2023-03-28,2023,7,-0.03462321792260703,0.03689660201254186,True,,1
300,ZM,2023-03-27,2023-03-28,2023,8,0.010689170182841101,0.047980166253463796,True,,1
300,ZM,2023-03-27,2023-03-28,2023,9,-0.009462844419704908,0.03806329298527067,True,,1
300,ZM,2023-03-27,2023-03-28,2023,10,-0.016437201461084627,0.021000437509114844,True,,1
300,ZM,2023-03-27,2023-03-28,2023,11,-0.035994857877446274,-0.015750328131836078,True,,1
300,ZM,2023-03-27,2023-03-28,2023,12,0.03970958660542312,0.023333819454572025,True,,1
300,ZM,2023-03-27,2023-03-28,2023,13,-0.009548239988599105,0.013562782557970054,True,,1
300,ZM,2023-03-27,2023-03-28,2023,14,-0.027050359712230132,-0.013854455301151924,True,,1
300,ZM,2023-03-27,2023-03-28,2023,15,-0.0048062703342206525,-0.018594137377861863,True,,1
300,ZM,2023-03-27,2023-03-28,2023,16,0.00690987443346458,-0.011812746098876836,True,,1
300,ZM,2023-03-27,2023-03-28,2023,17,-0.030696576151121535,-0.0421467113898204,True,,1
300,ZM,2023-03-27,2023-03-28,2023,18,-0.018270401948842885,-0.059647075980749475,True,stop,1
300,BX,2023-04-04,2023-04-05,2023,1,0.01382488479262678,0.01382488479262678,True,,1
300,BX,2023-04-04,2023-04-05,2023,2,0.009705159705159616,0.023664217212604255,True,,1
300,BX,2023-04-04,2023-04-05,2023,3,-0.007300158170093662,0.016191306513887227,True,,1
300,BX,2023-04-04,2023-04-05,2023,4,0.022184091187645638,0.03873458712168398,True,,1
300,BX,2023-04-04,2023-04-05,2023,5,-0.010071942446043258,0.028272512143479922,True,,1
300,BX,2023-04-04,2023-04-05,2023,6,0.020469961240310086,0.04932121061153305,True,,1
300,BX,2023-04-04,2023-04-05,2023,7,0.012818991097922838,0.06277244986922392,True,,1
300,BX,2023-04-04,2023-04-05,2023,8,0.02214930270713711,0.08631211857018295,True,,1
300,BX,2023-04-04,2023-04-05,2023,9,0.0555835817473056,0.1466932370158176,True,target60,1
300,BX,2023-04-05,2023-04-06,2023,1,0.011693746922698312,0.011693746922698312,True,,1
300,BX,2023-04-05,2023-04-06,2023,2,-0.007300158170093662,0.004308222550467811,True,,1
300,BX,2023-04-05,2023-04-06,2023,3,0.022184091187645638,0.026587887740029625,True,,1
300,BX,2023-04-05,2023-04-06,2023,4,-0.010071942446043258,0.01624815361890697,True,,1
300,BX,2023-04-05,2023-04-06,2023,5,0.020469961240310086,0.037050713934022816,True,,1
300,BX,2023-04-05,2023-04-06,2023,6,0.012818991097922838,0.05034465780403741,True,,1
300,BX,2023-04-05,2023-04-06,2023,7,0.02214930270713711,0.07360905957656327,True,,1
300,BX,2023-04-05,2023-04-06,2023,8,0.0555835817473056,0.13328409650418527,True,target60,1
300,BX,2023-04-10,2023-04-11,2023,1,0.017197219173070044,0.017197219173070044,True,,1
300,BX,2023-04-10,2023-04-11,2023,2,-0.010071942446043258,0.00695206732528364,True,,1
300,BX,2023-04-10,2023-04-11,2023,3,0.020469961240310086,0.02756433711428219,True,,1
300,BX,2023-04-10,2023-04-11,2023,4,0.012818991097922838,0.04073667520429325,True,,1
300,BX,2023-04-10,2023-04-11,2023,5,0.02214930270713711,0.06378826686181238,True,,1
300,BX,2023-04-10,2023-04-11,2023,6,0.0555835817473056,0.12291742895475055,True,target60,1
300,SPXS,2023-04-10,2023-04-11,2023,1,0.00452488687782826,0.00452488687782826,True,,1
300,SPXS,2023-04-10,2023-04-11,2023,2,0.01182432432432412,0.01640271493212664,True,,1
300,SPXS,2023-04-10,2023-04-11,2023,3,-0.03839732888146896,-0.02262443438914019,True,,1
300,SPXS,2023-04-10,2023-04-11,2023,4,0.00752314814814814,-0.015271493212669629,True,,1
300,SPXS,2023-04-10,2023-04-11,2023,5,-0.009764503159104043,-0.02488687782805432,True,,1
300,SPXS,2023-04-10,2023-04-11,2023,6,-0.0017401392111368041,-0.026583710407239725,True,,1
300,SPXS,2023-04-10,2023-04-11,2023,7,0.0,-0.026583710407239725,True,,1
300,SPXS,2023-04-10,2023-04-11,2023,8,0.01859384079023818,-0.008484162895927572,True,,1
300,SPXS,2023-04-10,2023-04-11,2023,9,-0.0017113519680548306,-0.010180995475113086,True,,1
300,SPXS,2023-04-10,2023-04-11,2023,10,-0.0022857142857142243,-0.012443438914027105,True,,1
300,SPXS,2023-04-10,2023-04-11,2023,11,0.047537227949598915,0.03450226244343879,True,,1
300,SPXS,2023-04-10,2023-04-11,2023,12,0.012575177692728312,0.04751131221719462,True,,1
300,SPXS,2023-04-10,2023-04-11,2023,13,-0.057235421166306644,-0.012443438914027105,True,,1
300,SPXS,2023-04-10,2023-04-11,2023,14,-0.02491408934707917,-0.037047511312217285,True,,1
300,SPXS,2023-04-10,2023-04-11,2023,15,-0.002643171806167244,-0.039592760180995445,True,stop,1
300,SPXU,2023-04-10,2023-04-11,2023,1,0.002225519287833766,0.002225519287833766,True,,1
300,SPXU,2023-04-10,2023-04-11,2023,2,0.012583271650629113,0.014836795252225476,True,,1
300,SPXU,2023-04-10,2023-04-11,2023,3,-0.03874269005847952,-0.02448071216617209,True,,1
300,SPXU,2023-04-10,2023-04-11,2023,4,0.0076045627376426506,-0.017062314540059353,True,,1
300,SPXU,2023-04-10,2023-04-11,2023,5,-0.009811320754717023,-0.02670623145400597,True,,1
300,SPXU,2023-04-10,2023-04-11,2023,6,-0.0015243902439023849,-0.028189910979228516,True,,1
300,SPXU,2023-04-10,2023-04-11,2023,7,0.0,-0.028189910979228516,True,,1
300,SPXU,2023-04-10,2023-04-11,2023,8,0.01908396946564883,-0.009643916913946615,True,,1
300,SPXU,2023-04-10,2023-04-11,2023,9,-0.0014981273408238849,-0.011127596439169163,True,,1
300,SPXU,2023-04-10,2023-04-11,2023,10,-0.0030007501875469744,-0.01409495548961437,True,,1
300,SPXU,2023-04-10,2023-04-11,2023,11,0.047780285929270194,0.033011869436201824,True,,1
300,SPXU,2023-04-10,2023-04-11,2023,12,0.013285457809694812,0.04673590504451042,True,,1
300,SPXU,2023-04-10,2023-04-11,2023,13,-0.05776045357902193,-0.013724035608308593,True,,1
300,SPXU,2023-04-10,2023-04-11,2023,14,-0.024445280180518947,-0.03783382789317502,True,,1
300,SPXU,2023-04-10,2023-04-11,2023,15,-0.009252120277563725,-0.04673590504451042,True,stop,1
300,SPXS,2023-04-11,2023-04-12,2023,1,0.028620492272467102,0.028620492272467102,True,,1
300,SPXS,2023-04-11,2023-04-12,2023,2,-0.03839732888146896,-0.010875787063537312,True,,1
300,SPXS,2023-04-11,2023-04-12,2023,3,0.00752314814814814,-0.0034344590726960167,True,,1
300,SPXS,2023-04-11,2023-04-12,2023,4,-0.009764503159104043,-0.013165426445334916,True,,1
300,SPXS,2023-04-11,2023-04-12,2023,5,-0.0017401392111368041,-0.014882655981682813,True,,1
300,SPXS,2023-04-11,2023-04-12,2023,6,0.0,-0.014882655981682813,True,,1
300,SPXS,2023-04-11,2023-04-12,2023,7,0.01859384079023818,0.0034344590726962387,True,,1
300,SPXS,2023-04-11,2023-04-12,2023,8,-0.0017113519680548306,0.0017172295363481194,True,,1
300,SPXS,2023-04-11,2023-04-12,2023,9,-0.0022857142857142243,-0.0005724098454492621,True,,1
300,SPXS,2023-04-11,2023-04-12,2023,10,0.047537227949598915,0.04693760732684593,True,,1
300,SPXS,2023-04-11,2023-04-12,2023,11,0.012575177692728312,0.06010303377218085,True,,1
300,SPXS,2023-04-11,2023-04-12,2023,12,-0.057235421166306644,-0.0005724098454492621,True,,1
300,SPXS,2023-04-11,2023-04-12,2023,13,-0.02491408934707917,-0.02547223812249577,True,,1
300,SPXS,2023-04-11,2023-04-12,2023,14,-0.002643171806167244,-0.028048082427017618,True,stop,1
300,SPXU,2023-04-11,2023-04-12,2023,1,0.02857142857142847,0.02857142857142847,True,,1
300,SPXU,2023-04-11,2023-04-12,2023,2,-0.03874269005847952,-0.011278195488721776,True,,1
300,SPXU,2023-04-11,2023-04-12,2023,3,0.0076045627376426506,-0.003759398496240629,True,,1
300,SPXU,2023-04-11,2023-04-12,2023,4,-0.009811320754717023,-0.013533834586466287,True,,1
300,SPXU,2023-04-11,2023-04-12,2023,5,-0.0015243902439023849,-0.015037593984962516,True,,1
300,SPXU,2023-04-11,2023-04-12,2023,6,0.0,-0.015037593984962516,True,,1
300,SPXU,2023-04-11,2023-04-12,2023,7,0.01908396946564883,0.003759398496240518,True,,1
300,SPXU,2023-04-11,2023-04-12,2023,8,-0.0014981273408238849,0.0022556390977443996,True,,1
300,SPXU,2023-04-11,2023-04-12,2023,9,-0.0030007501875469744,-0.0007518796992482812,True,,1
300,SPXU,2023-04-11,2023-04-12,2023,10,0.047780285929270194,0.046992481203007586,True,,1
300,SPXU,2023-04-11,2023-04-12,2023,11,0.013285457809694812,0.06090225563909768,True,,1
300,SPXU,2023-04-11,2023-04-12,2023,12,-0.05776045357902193,-0.0003759398496241406,True,,1
300,SPXU,2023-04-11,2023-04-12,2023,13,-0.024445280180518947,-0.024812030075187952,True,,1
300,SPXU,2023-04-11,2023-04-12,2023,14,-0.009252120277563725,-0.03383458646616544,True,stop,1
300,SPXS,2023-04-12,2023-04-13,2023,1,-0.03084688726864815,-0.03084688726864815,True,,1
300,SPXS,2023-04-12,2023-04-13,2023,2,0.00752314814814814,-0.023555804823331417,True,,1
300,SPXS,2023-04-12,2023-04-13,2023,3,-0.009764503159104043,-0.033090297251822776,True,,1
300,SPXS,2023-04-12,2023-04-13,2023,4,-0.0017401392111368041,-0.03477285473920344,True,,1
300,SPXS,2023-04-12,2023-04-13,2023,5,0.0,-0.03477285473920344,True,,1
300,SPXS,2023-04-12,2023-04-13,2023,6,0.01859384079023818,-0.01682557487380798,True,,1
300,SPXS,2023-04-12,2023-04-13,2023,7,-0.0017113519680548306,-0.018508132361188867,True,,1
300,SPXS,2023-04-12,2023-04-13,2023,8,-0.0022857142857142243,-0.020751542344363272,True,,1
300,SPXS,2023-04-12,2023-04-13,2023,9,0.047537227949598915,0.025799214806506043,True,,1
300,SPXS,2023-04-12,2023-04-13,2023,10,0.012575177692728312,0.03869882220975884,True,,1
300,SPXS,2023-04-12,2023-04-13,2023,11,-0.057235421166306644,-0.020751542344363272,True,,1
300,SPXS,2023-04-12,2023-04-13,2023,12,-0.02491408934707917,-0.04514862591138524,True,,1
300,SPXS,2023-04-12,2023-04-13,2023,13,-0.002643171806167244,-0.04767246214245646,True,stop,1
300,SPXS,2023-04-13,2023-04-14,2023,1,0.0017261219792865656,0.0017261219792865656,True,,1
300,SPXS,2023-04-13,2023-04-14,2023,2,-0.009764503159104043,-0.008055235903337232,True,,1
300,SPXS,2023-04-13,2023-04-14,2023,3,-0.0017401392111368041,-0.009781357882623576,True,,1
300,SPXS,2023-04-13,2023-04-14,2023,4,0.0,-0.009781357882623576,True,,1
300,SPXS,2023-04-13,2023-04-14,2023,5,0.01859384079023818,0.008630609896432828,True,,1
300,SPXS,2023-04-13,2023-04-14,2023,6,-0.0017113519680548306,0.0069044879171462625,True,,1
300,SPXS,2023-04-13,2023-04-14,2023,7,-0.0022857142857142243,0.004602991944764101,True,,1
300,SPXS,2023-04-13,2023-04-14,2023,8,0.047537227949598915,0.05235903337169168,True,,1
300,SPXS,2023-04-13,2023-04-14,2023,9,0.012575177692728312,0.06559263521288838,True,,1
300,SPXS,2023-04-13,2023-04-14,2023,10,-0.057235421166306644,0.004602991944764101,True,,1
300,SPXS,2023-04-13,2023-04-14,2023,11,-0.02491408934707917,-0.020425776754890657,True,,1
300,SPXS,2023-04-13,2023-04-14,2023,12,-0.002643171806167244,-0.023014959723820394,True,stop,1
300,SPXU,2023-04-13,2023-04-14,2023,1,0.0015117157974300355,0.0015117157974300355,True,,1
300,SPXU,2023-04-13,2023-04-14,2023,2,-0.009811320754717023,-0.008314436885865528,True,,1
300,SPXU,2023-04-13,2023-04-14,2023,3,-0.0015243902439023849,-0.009826152683295564,True,,1
300,SPXU,2023-04-13,2023-04-14,2023,4,0.0,-0.009826152683295564,True,,1
300,SPXU,2023-04-13,2023-04-14,2023,5,0.01908396946564883,0.009070294784580435,True,,1
300,SPXU,2023-04-13,2023-04-14,2023,6,-0.0014981273408238849,0.0075585789871503994,True,,1
300,SPXU,2023-04-13,2023-04-14,2023,7,-0.0030007501875469744,0.0045351473922901064,True,,1
300,SPXU,2023-04-13,2023-04-14,2023,8,0.047780285929270194,0.05253212396069551,True,,1
300,SPXU,2023-04-13,2023-04-14,2023,9,0.013285457809694812,0.06651549508692356,True,,1
300,SPXU,2023-04-13,2023-04-14,2023,10,-0.05776045357902193,0.004913076341647837,True,,1
300,SPXU,2023-04-13,2023-04-14,2023,11,-0.024445280180518947,-0.019652305366591016,True,,1
300,SPXU,2023-04-13,2023-04-14,2023,12,-0.009252120277563725,-0.028722600151171673,True,stop,1
300,SPXS,2023-04-14,2023-04-17,2023,1,-0.01146788990825709,-0.01146788990825709,True,,1
300,SPXS,2023-04-14,2023-04-17,2023,2,-0.0017401392111368041,-0.013188073394495459,True,,1
300,SPXS,2023-04-14,2023-04-17,2023,3,0.0,-0.013188073394495459,True,,1
300,SPXS,2023-04-14,2023-04-17,2023,4,0.01859384079023818,0.0051605504587155515,True,,1
300,SPXS,2023-04-14,2023-04-17,2023,5,-0.0017113519680548306,0.0034403669724769603,True,,1
300,SPXS,2023-04-14,2023-04-17,2023,6,-0.0022857142857142243,0.0011467889908256534,True,,1
300,SPXS,2023-04-14,2023-04-17,2023,7,0.047537227949598915,0.048738532110091715,True,,1
300,SPXS,2023-04-14,2023-04-17,2023,8,0.012575177692728312,0.06192660550458706,True,,1
300,SPXS,2023-04-14,2023-04-17,2023,9,-0.057235421166306644,0.0011467889908256534,True,,1
300,SPXS,2023-04-14,2023-04-17,2023,10,-0.02491408934707917,-0.02379587155963314,True,,1
300,SPXS,2023-04-14,2023-04-17,2023,11,-0.002643171806167244,-0.026376146788990917,True,stop,1
300,SPXU,2023-04-14,2023-04-17,2023,1,-0.011303692539562982,-0.011303692539562982,True,,1
300,SPXU,2023-04-14,2023-04-17,2023,2,-0.0015243902439023849,-0.012810851544837965,True,,1
300,SPXU,2023-04-14,2023-04-17,2023,3,0.0,-0.012810851544837965,True,,1
300,SPXU,2023-04-14,2023-04-17,2023,4,0.01908396946564883,0.006028636021100153,True,,1
300,SPXU,2023-04-14,2023-04-17,2023,5,-0.0014981273408238849,0.0045214770158252815,True,,1
300,SPXU,2023-04-14,2023-04-17,2023,6,-0.0030007501875469744,0.0015071590052750938,True,,1
300,SPXU,2023-04-14,2023-04-17,2023,7,0.047780285929270194,0.04935945742275827,True,,1
300,SPXU,2023-04-14,2023-04-17,2023,8,0.013285457809694812,0.06330067822155239,True,,1
300,SPXU,2023-04-14,2023-04-17,2023,9,-0.05776045357902193,0.0018839487565938118,True,,1
300,SPXU,2023-04-14,2023-04-17,2023,10,-0.024445280180518947,-0.02260738507912574,True,,1
300,SPXU,2023-04-14,2023-04-17,2023,11,-0.009252120277563725,-0.03165033911077619,True,stop,1
300,SPXS,2023-04-17,2023-04-18,2023,1,0.00997652582159625,0.00997652582159625,True,,1
300,SPXS,2023-04-17,2023-04-18,2023,2,0.0,0.00997652582159625,True,,1
300,SPXS,2023-04-17,2023-04-18,2023,3,0.01859384079023818,0.028755868544600993,True,,1
300,SPXS,2023-04-17,2023-04-18,2023,4,-0.0017113519680548306,0.02699530516431925,True,,1
300,SPXS,2023-04-17,2023-04-18,2023,5,-0.0022857142857142243,0.02464788732394374,True,,1
300,SPXS,2023-04-17,2023-04-18,2023,6,0.047537227949598915,0.07335680751173701,True,,1
300,SPXS,2023-04-17,2023-04-18,2023,7,0.012575177692728312,0.08685446009389675,True,,1
300,SPXS,2023-04-17,2023-04-18,2023,8,-0.057235421166306644,0.02464788732394374,True,,1
300,SPXS,2023-04-17,2023-04-18,2023,9,-0.02491408934707917,-0.0008802816901408717,True,,1
300,SPXS,2023-04-17,2023-04-18,2023,10,-0.002643171806167244,-0.0035211267605632646,True,stop,1
300,SPXU,2023-04-17,2023-04-18,2023,1,0.009244992295839749,0.009244992295839749,True,,1
300,SPXU,2023-04-17,2023-04-18,2023,2,0.0,0.009244992295839749,True,,1
300,SPXU,2023-04-17,2023-04-18,2023,3,0.01908396946564883,0.028505392912172578,True,,1
300,SPXU,2023-04-17,2023-04-18,2023,4,-0.0014981273408238849,0.026964560862865916,True,,1
300,SPXU,2023-04-17,2023-04-18,2023,5,-0.0030007501875469744,0.023882896764252592,True,,1
300,SPXU,2023-04-17,2023-04-18,2023,6,0.047780285929270194,0.0728043143297381,True,,1
300,SPXU,2023-04-17,2023-04-18,2023,7,0.013285457809694812,0.08705701078582417,True,,1
300,SPXU,2023-04-17,2023-04-18,2023,8,-0.05776045357902193,0.02426810477657937,True,,1
300,SPXU,2023-04-17,2023-04-18,2023,9,-0.024445280180518947,-0.0007704160246533309,True,,1
300,SPXU,2023-04-17,2023-04-18,2023,10,-0.009252120277563725,-0.01001540832049308,True,stop,1
300,SPXS,2023-04-18,2023-04-19,2023,1,-0.014882655981682813,-0.014882655981682813,True,,1
300,SPXS,2023-04-18,2023-04-19,2023,2,0.01859384079023818,0.0034344590726962387,True,,1
300,SPXS,2023-04-18,2023-04-19,2023,3,-0.0017113519680548306,0.0017172295363481194,True,,1
300,SPXS,2023-04-18,2023-04-19,2023,4,-0.0022857142857142243,-0.0005724098454492621,True,,1
300,SPXS,2023-04-18,2023-04-19,2023,5,0.047537227949598915,0.04693760732684593,True,,1
300,SPXS,2023-04-18,2023-04-19,2023,6,0.012575177692728312,0.06010303377218085,True,,1
300,SPXS,2023-04-18,2023-04-19,2023,7,-0.057235421166306644,-0.0005724098454492621,True,,1
300,SPXS,2023-04-18,2023-04-19,2023,8,-0.02491408934707917,-0.02547223812249577,True,,1
300,SPXS,2023-04-18,2023-04-19,2023,9,-0.002643171806167244,-0.028048082427017618,True,stop,1
300,SE,2023-04-20,2023-04-21,2023,1,-0.005990313535559455,-0.005990313535559455,True,stop,1
300,SE,2023-04-21,2023-04-24,2023,1,-0.005684689236988394,-0.005684689236988394,True,,1
300,SE,2023-04-21,2023-04-24,2023,2,-0.023758099352051754,-0.029307731177362184,True,stop_gap,1
300,SNAP,2023-04-21,2023-04-24,2023,1,0.019960079840319445,0.019960079840319445,True,,1
300,SNAP,2023-04-21,2023-04-24,2023,2,-0.005870841487279899,0.0139720558882237,True,,1
300,SNAP,2023-04-21,2023-04-24,2023,3,-0.027559055118110187,-0.013972055888223478,True,,1
300,SNAP,2023-04-21,2023-04-24,2023,4,0.06022267206477716,0.04540918163672658,True,,1
300,SNAP,2023-04-21,2023-04-24,2023,5,-0.17517899761336508,-0.13772455089820346,True,stop_gap,1
300,SNAP,2023-04-24,2023-04-25,2023,1,-0.0029440628066731422,-0.0029440628066731422,True,,1
300,SNAP,2023-04-24,2023-04-25,2023,2,-0.027559055118110187,-0.030421982335622988,True,,1
300,SNAP,2023-04-24,2023-04-25,2023,3,0.06022267206477716,0.027968596663395573,True,,1
300,SNAP,2023-04-24,2023-04-25,2023,4,-0.17517899761336508,-0.15210991167811572,True,stop_gap,1
300,UBER,2023-04-25,2023-04-26,2023,1,-0.0006734006734006037,-0.0006734006734006037,True,,1
300,UBER,2023-04-25,2023-04-26,2023,2,0.0013477088948787852,0.0006734006734006037,True,,1
300,UBER,2023-04-25,2023-04-26,2023,3,0.04407806191117092,0.04478114478114481,True,,1
300,UBER,2023-04-25,2023-04-26,2023,4,0.05478569126651611,0.1020202020202019,True,,1
300,UBER,2023-04-25,2023-04-26,2023,5,0.06996639168958163,0.17912457912457924,True,target_gap,1
300,NUE,2023-04-26,2023-04-27,2023,1,0.020432030820032976,0.020432030820032976,True,,1
300,NUE,2023-04-26,2023-04-27,2023,2,-0.0007415896986450177,0.019675288937809565,True,,1
300,NUE,2023-04-26,2023-04-27,2023,3,-0.001619214680879888,0.018024215740231053,True,,1
300,NUE,2023-04-26,2023-04-27,2023,4,-0.00959589133666705,0.008255365987892116,True,,1
300,NUE,2023-04-26,2023-04-27,2023,5,-0.002524563318777373,0.005709961474958503,True,,1
300,NUE,2023-04-26,2023-04-27,2023,6,-0.04897735823243721,-0.043547055586131034,True,stop,1
300,SNAP,2023-04-26,2023-04-27,2023,1,0.033037475345167655,0.033037475345167655,True,,1
300,SNAP,2023-04-26,2023-04-27,2023,2,-0.17517899761336508,-0.14792899408284022,True,stop_gap,1
300,UBER,2023-04-26,2023-04-27,2023,1,-0.011639507815098149,-0.011639507815098149,True,,1
300,UBER,2023-04-26,2023-04-27,2023,2,0.04407806191117092,0.03192550714998332,True,,1
300,UBER,2023-04-26,2023-04-27,2023,3,0.05478569126651611,0.08846025939474544,True,,1
300,UBER,2023-04-26,2023-04-27,2023,4,0.06996639168958163,0.16461589624210182,True,target_gap,1
300,SLB,2023-04-27,2023-04-28,2023,1,-0.010327561026496901,-0.010327561026496901,True,stop,1
300,UBER,2023-04-27,2023-04-28,2023,1,0.04760297096556387,0.04760297096556387,True,,1
300,UBER,2023-04-27,2023-04-28,2023,2,0.05478569126651611,0.1049966239027682,True,,1
300,UBER,2023-04-27,2023-04-28,2023,3,0.06996639168958163,0.18230925050641456,True,target_gap,1
300,NUE,2023-05-02,2023-05-03,2023,1,-0.007603014051999257,-0.007603014051999257,True,,1
300,NUE,2023-05-02,2023-05-03,2023,2,-0.04897735823243721,-0.0562079967415654,True,stop,1
300,NUE,2023-05-03,2023-05-04,2023,1,-0.04090783664459163,-0.04090783664459163,True,stop,1
300,UPS,2023-05-03,2023-05-04,2023,1,-0.007103981667144099,-0.007103981667144099,True,,1
300,UPS,2023-05-03,2023-05-04,2023,2,0.014136518377473761,0.0069321111429387905,True,,1
300,UPS,2023-05-03,2023-05-04,2023,3,-0.007965407373691225,-0.0010885133199656227,True,,1
300,UPS,2023-05-03,2023-05-04,2023,4,-0.007685248910300535,-0.008765396734460085,True,,1
300,UPS,2023-05-03,2023-05-04,2023,5,-0.005143913998381766,-0.013864222285878025,True,stop,1
300,UPS,2023-05-04,2023-05-05,2023,1,0.0033395176252317693,0.0033395176252317693,True,,1
300,UPS,2023-05-04,2023-05-05,2023,2,-0.007965407373691225,-0.004652490366776063,True,,1
300,UPS,2023-05-04,2023-05-05,2023,3,-0.007685248910300535,-0.012301983730555133,True,,1
300,UPS,2023-05-04,2023-05-05,2023,4,-0.005143913998381766,-0.017382617382617482,True,stop,1
300,BAX,2023-05-09,2023-05-10,2023,1,0.012003693444136765,0.012003693444136765,True,,1
300,BAX,2023-05-09,2023-05-10,2023,2,-0.01049270072992703,0.0013850415512466352,True,,1
300,BAX,2023-05-09,2023-05-10,2023,3,-0.02374366067312128,-0.02239150507848564,True,stop,1
300,XOM,2023-05-10,2023-05-11,2023,1,-0.0054465208000751275,-0.0054465208000751275,True,stop,1
300,BAX,2023-05-11,2023-05-12,2023,1,-0.02486760303937363,-0.02486760303937363,True,stop,1
300,INTC,2023-05-11,2023-05-12,2023,1,-0.0027548209366390353,-0.0027548209366390353,True,,1
300,INTC,2023-05-11,2023-05-12,2023,2,0.02952348066298338,0.02668732782369143,True,,1
300,INTC,2023-05-11,2023-05-12,2023,3,-0.019956397786349278,0.006198347107438051,True,,1
300,INTC,2023-05-11,2023-05-12,2023,4,-0.011293634496919891,-0.005165289256198302,True,,1
300,INTC,2023-05-11,2023-05-12,2023,5,0.02682589131187263,0.021522038567493018,True,,1
300,INTC,2023-05-11,2023-05-12,2023,6,0.008090342154053687,0.029786501377410568,True,,1
300,INTC,2023-05-11,2023-05-12,2023,7,0.01253970907874935,0.04269972451790638,True,,1
300,INTC,2023-05-11,2023-05-12,2023,8,-0.024933949801849487,0.016701101928374706,True,,1
300,INTC,2023-05-11,2023-05-12,2023,9,-0.01845893310753588,-0.0020661157024792765,True,,1
300,INTC,2023-05-11,2023-05-12,2023,10,-0.025189786059351293,-0.02720385674931125,True,stop_gap,1
300,INTC,2023-05-12,2023-05-15,2023,1,0.031660899653979335,0.031660899653979335,True,,1
300,INTC,2023-05-12,2023-05-15,2023,2,-0.019956397786349278,0.01107266435986154,True,,1
300,INTC,2023-05-12,2023-05-15,2023,3,-0.011293634496919891,-0.000346020761245569,True,,1
300,INTC,2023-05-12,2023-05-15,2023,4,0.02682589131187263,0.026470588235294246,True,,1
300,INTC,2023-05-12,2023-05-15,2023,5,0.008090342154053687,0.034775086505190345,True,,1
300,INTC,2023-05-12,2023-05-15,2023,6,0.01253970907874935,0.04775086505190318,True,,1
300,INTC,2023-05-12,2023-05-15,2023,7,-0.024933949801849487,0.021626297577854725,True,,1
300,INTC,2023-05-12,2023-05-15,2023,8,-0.01845893310753588,0.0027681660899654403,True,,1
300,INTC,2023-05-12,2023-05-15,2023,9,-0.025189786059351293,-0.02249134948096876,True,stop_gap,1
300,BABA,2023-05-23,2023-05-24,2023,1,-0.011501247489807187,-0.011501247489807187,True,,1
300,BABA,2023-05-23,2023-05-24,2023,2,-0.02142329475498639,-0.032678147629769394,True,stop,1
300,BABA,2023-05-24,2023-05-25,2023,1,-0.013773421019977694,-0.013773421019977694,True,stop,1
300,ROKU,2023-05-25,2023-05-26,2023,1,0.031089036055923502,0.031089036055923502,True,,1
300,ROKU,2023-05-25,2023-05-26,2023,2,0.029794826048171297,0.06181015452538641,True,,1
300,ROKU,2023-05-25,2023-05-26,2023,3,0.008662508662508728,0.07100809418690202,True,,1
300,ROKU,2023-05-25,2023-05-26,2023,4,0.005496392992099031,0.07689477557027224,True,,1
300,ROKU,2023-05-25,2023-05-26,2023,5,0.027502562350529614,0.10651214128035313,True,,1
300,ROKU,2023-05-25,2023-05-26,2023,6,0.02527015793848708,0.13447387785136122,True,target60,1
300,BABA,2023-05-26,2023-05-30,2023,1,-0.007988017973040495,-0.007988017973040495,True,stop,1
300,T,2023-06-02,2023-06-05,2023,1,0.0013020833333334814,0.0013020833333334814,True,,1
300,T,2023-06-02,2023-06-05,2023,2,0.01820546163849146,0.01953125,True,,1
300,T,2023-06-02,2023-06-05,2023,3,0.02745849297573444,0.04752604166666674,True,,1
300,T,2023-06-02,2023-06-05,2023,4,-0.0012430080795524656,0.04622395833333348,True,,1
300,T,2023-06-02,2023-06-05,2023,5,-0.0068450528935904975,0.0390625,True,,1
300,T,2023-06-02,2023-06-05,2023,6,-0.00187969924812037,0.037109375,True,,1
300,T,2023-06-02,2023-06-05,2023,7,-0.006277463904582503,0.03059895833333348,True,,1
300,T,2023-06-02,2023-06-05,2023,8,0.0006317119393557391,0.03125,True,,1
300,T,2023-06-02,2023-06-05,2023,9,0.011994949494949614,0.04361979166666674,True,,1
300,T,2023-06-02,2023-06-05,2023,10,0.0024953212726137597,0.04622395833333348,True,,1
300,T,2023-06-02,2023-06-05,2023,11,-0.018046048537647796,0.02734375,True,,1
300,T,2023-06-02,2023-06-05,2023,12,-0.010773130544993625,0.01627604166666674,True,,1
300,T,2023-06-02,2023-06-05,2023,13,-0.0019218449711723151,0.01432291666666674,True,,1
300,T,2023-06-02,2023-06-05,2023,14,-0.008344030808729141,0.005859375,True,,1
300,T,2023-06-02,2023-06-05,2023,15,0.012297734627831902,0.01822916666666674,True,,1
300,T,2023-06-02,2023-06-05,2023,16,0.012787723785166127,0.03125,True,,1
300,T,2023-06-02,2023-06-05,2023,17,-0.002525252525252486,0.02864583333333348,True,,1
300,T,2023-06-02,2023-06-05,2023,18,0.012025316455696267,0.041015625,True,,1
300,T,2023-06-02,2023-06-05,2023,19,-0.0031269543464665928,0.03776041666666674,True,,1
300,T,2023-06-02,2023-06-05,2023,20,0.010664993726474226,0.048828125,True,time_h20,1
300,CRWD,2023-06-21,2023-06-22,2023,1,-0.0011924803591470967,-0.0011924803591470967,True,stop,1
300,DDOG,2023-06-21,2023-06-22,2023,1,-0.007958138013736016,-0.007958138013736016,True,stop,1
300,CRWD,2023-06-22,2023-06-23,2023,1,-0.008771319178559112,-0.008771319178559112,True,stop,1
300,TFC,2023-06-23,2023-06-26,2023,1,0.0,0.0,True,,1
300,TFC,2023-06-23,2023-06-26,2023,2,0.012961116650049842,0.012961116650049842,True,,1
300,TFC,2023-06-23,2023-06-26,2023,3,0.0,0.012961116650049842,True,,1
300,TFC,2023-06-23,2023-06-26,2023,4,0.005249343832020914,0.018278497839813834,True,,1
300,TFC,2023-06-23,2023-06-26,2023,5,-0.009791122715404721,0.008308408109006349,True,,1
300,TFC,2023-06-23,2023-06-26,2023,6,0.03460777851021746,0.04320372216683288,True,,1
300,TFC,2023-06-23,2023-06-26,2023,7,-0.01274291175533615,0.029910269192422678,True,,1
300,TFC,2023-06-23,2023-06-26,2023,8,-0.005485640529202862,0.024260551678298548,True,,1
300,TFC,2023-06-23,2023-06-26,2023,9,0.03913043478260869,0.06434031239614502,True,target60,1
300,KWEB,2023-07-06,2023-07-07,2023,1,0.026522226372805324,0.026522226372805324,True,,1
300,KWEB,2023-07-06,2023-07-07,2023,2,0.0029112081513826826,0.029510646245797467,True,,1
300,KWEB,2023-07-06,2023-07-07,2023,3,0.013425253991291797,0.043332088158386295,True,,1
300,KWEB,2023-07-06,2023-07-07,2023,4,0.03508771929824572,0.07994023160254016,True,target_gap,1
300,SPXS,2023-07-14,2023-07-17,2023,1,-0.016260162601625883,-0.016260162601625883,True,stop,1
300,SPXS,2023-07-17,2023-07-18,2023,1,-0.006716417910447747,-0.006716417910447747,True,stop,1
300,ALB,2023-08-07,2023-08-08,2023,1,0.008766953741426553,0.008766953741426553,True,,1
300,ALB,2023-08-07,2023-08-08,2023,2,-0.00715709830785749,0.0015471094837811172,True,,1
300,ALB,2023-08-07,2023-08-08,2023,3,-0.012924154266000798,-0.01139703986385443,True,,1
300,ALB,2023-08-07,2023-08-08,2023,4,-0.021909233176838794,-0.03305657263679029,True,stop,1
300,RBLX,2023-08-07,2023-08-08,2023,1,0.012885906040268402,0.012885906040268402,True,,1
300,RBLX,2023-08-07,2023-08-08,2023,2,-0.14020673204346668,-0.12912751677852352,True,stop_gap,1
300,SHOP,2023-08-07,2023-08-08,2023,1,-0.004782993799822943,-0.004782993799822943,True,,1
300,SHOP,2023-08-07,2023-08-08,2023,2,-0.013527945888216375,-0.018246235606731664,True,stop,1
300,ALB,2023-08-08,2023-08-09,2023,1,-0.011653944020356244,-0.011653944020356244,True,,1
300,ALB,2023-08-08,2023-08-09,2023,2,-0.012924154266000798,-0.02442748091603064,True,,1
300,ALB,2023-08-08,2023-08-09,2023,3,-0.021909233176838794,-0.04580152671755722,True,stop,1
300,SHOP,2023-08-08,2023-08-09,2023,1,-0.012297273213330961,-0.012297273213330961,True,stop,1
300,ALB,2023-08-09,2023-08-10,2023,1,-0.01968805931986717,-0.01968805931986717,True,,1
300,ALB,2023-08-09,2023-08-10,2023,2,-0.021909233176838794,-0.041165942214267504,True,stop,1
300,NVDA,2023-08-09,2023-08-10,2023,1,-0.0021822149481722786,-0.0021822149481722786,True,stop,1
300,TNA,2023-08-09,2023-08-10,2023,1,-0.02689747003994669,-0.02689747003994669,True,stop,1
300,ALB,2023-08-10,2023-08-11,2023,1,-0.014868911889875491,-0.014868911889875491,True,stop,1
300,SHOP,2023-08-10,2023-08-11,2023,1,-0.003058103975535187,-0.003058103975535187,True,stop,1
300,MU,2023-08-11,2023-08-14,2023,1,0.06318082788671009,0.06318082788671009,True,,1
300,MU,2023-08-11,2023-08-14,2023,2,-0.0437646370023419,0.01665110488639887,True,,1
300,MU,2023-08-11,2023-08-14,2023,3,-0.01699066278891781,-0.0006224712107065766,True,,1
300,MU,2023-08-11,2023-08-14,2023,4,-0.010588601681719045,-0.011204481792717158,True,,1
300,MU,2023-08-11,2023-08-14,2023,5,-0.018256216556499782,-0.02925614690320577,True,stop_gap,1
300,PYPL,2023-08-15,2023-08-16,2023,1,0.004037685060565233,0.004037685060565233,True,,1
300,PYPL,2023-08-15,2023-08-16,2023,2,-0.012231903485254603,-0.008243606998654007,True,stop,1
300,MPWR,2023-08-16,2023-08-17,2023,1,-0.005289189461996524,-0.005289189461996524,True,stop,1
300,SPXU,2023-08-30,2023-08-31,2023,1,0.009718172983479212,0.009718172983479212,True,,1
300,SPXU,2023-08-30,2023-08-31,2023,2,-0.004812319538017418,0.004859086491739717,True,,1
300,SPXU,2023-08-30,2023-08-31,2023,3,0.012572533849129597,0.017492711370262537,True,,1
300,SPXU,2023-08-30,2023-08-31,2023,4,0.02101241642788909,0.0388726919339164,True,,1
300,SPXU,2023-08-30,2023-08-31,2023,5,0.01028999064546321,0.04956268221574356,True,,1
300,SPXU,2023-08-30,2023-08-31,2023,6,-0.0037037037037037646,0.045675413022351785,True,,1
300,SPXU,2023-08-30,2023-08-31,2023,7,-0.01951672862453524,0.025267249757045862,True,,1
300,SPXU,2023-08-30,2023-08-31,2023,8,0.018009478672985635,0.04373177842565612,True,,1
300,SPXU,2023-08-30,2023-08-31,2023,9,-0.003724394785847407,0.03984450923226435,True,,1
300,SPXU,2023-08-30,2023-08-31,2023,10,-0.024299065420560706,0.014577259475218707,True,,1
300,SPXU,2023-08-30,2023-08-31,2023,11,0.03735632183908044,0.05247813411078717,True,,1
300,SPXU,2023-08-30,2023-08-31,2023,12,-0.001846722068328699,0.0505344995140915,True,,1
300,SPXU,2023-08-30,2023-08-31,2023,13,0.020074005550416274,0.07162293488824112,True,target60,1
300,SPXU,2023-08-31,2023-09-01,2023,1,0.014720314033366044,0.014720314033366044,True,,1
300,SPXU,2023-08-31,2023-09-01,2023,2,0.012572533849129597,0.027477919528950068,True,,1
300,SPXU,2023-08-31,2023-09-01,2023,3,0.02101241642788909,0.04906771344455341,True,,1
300,SPXU,2023-08-31,2023-09-01,2023,4,0.01028999064546321,0.05986261040235541,True,,1
300,SPXU,2023-08-31,2023-09-01,2023,5,-0.0037037037037037646,0.055937193326790924,True,,1
300,SPXU,2023-08-31,2023-09-01,2023,6,-0.01951672862453524,0.035328753680078595,True,,1
300,SPXU,2023-08-31,2023-09-01,2023,7,0.018009478672985635,0.0539744847890089,True,,1
300,SPXU,2023-08-31,2023-09-01,2023,8,-0.003724394785847407,0.05004906771344464,True,,1
300,SPXU,2023-08-31,2023-09-01,2023,9,-0.024299065420560706,0.024533856722276814,True,,1
300,SPXU,2023-08-31,2023-09-01,2023,10,0.03735632183908044,0.06280667320902844,True,,1
300,SPXU,2023-08-31,2023-09-01,2023,11,-0.001846722068328699,0.06084396467124642,True,,1
300,SPXU,2023-08-31,2023-09-01,2023,12,0.020074005550416274,0.08213935230618241,True,target60,1
300,SPXS,2023-09-01,2023-09-05,2023,1,0.009537784299339602,0.009537784299339602,True,,1
300,SPXS,2023-09-01,2023-09-05,2023,2,0.02034883720930236,0.03008070432868659,True,,1
300,SPXS,2023-09-01,2023-09-05,2023,3,0.010683760683760646,0.04108584005869398,True,,1
300,SPXS,2023-09-01,2023-09-05,2023,4,-0.0035236081747709314,0.03741746148202485,True,,1
300,SPXS,2023-09-01,2023-09-05,2023,5,-0.01980198019801993,0.01687454145267786,True,,1
300,SPXS,2023-09-01,2023-09-05,2023,6,0.017965367965367962,0.03514306676449008,True,,1
300,SPXS,2023-09-01,2023-09-05,2023,7,-0.0034729605216528014,0.031548055759354376,True,,1
300,SPXS,2023-09-01,2023-09-05,2023,8,-0.024182076813655695,0.006603081438004477,True,,1
300,SPXS,2023-09-01,2023-09-05,2023,9,0.0371720116618075,0.044020542920029326,True,,1
300,SPXS,2023-09-01,2023-09-05,2023,10,-0.0014054813773717312,0.042553191489361764,True,,1
300,SPXS,2023-09-01,2023-09-05,2023,11,-0.004222378606615118,0.03815113719735863,True,,1
300,SPXS,2023-09-01,2023-09-05,2023,12,0.02572438162544155,0.06485693323550978,True,target60,1
300,SPXU,2023-09-01,2023-09-05,2023,1,0.009643201542912427,0.009643201542912427,True,,1
300,SPXU,2023-09-01,2023-09-05,2023,2,0.02101241642788909,0.030858244937319146,True,,1
300,SPXU,2023-09-01,2023-09-05,2023,3,0.01028999064546321,0.04146576663452284,True,,1
300,SPXU,2023-09-01,2023-09-05,2023,4,-0.0037037037037037646,0.03760848601735778,True,,1
300,SPXU,2023-09-01,2023-09-05,2023,5,-0.01951672862453524,0.017357762777242103,True,,1
300,SPXU,2023-09-01,2023-09-05,2023,6,0.018009478672985635,0.03567984570877547,True,,1
300,SPXU,2023-09-01,2023-09-05,2023,7,-0.003724394785847407,0.03182256509161041,True,,1
300,SPXU,2023-09-01,2023-09-05,2023,8,-0.024299065420560706,0.0067502410800386325,True,,1
300,SPXU,2023-09-01,2023-09-05,2023,9,0.03735632183908044,0.04435872709739641,True,,1
300,SPXU,2023-09-01,2023-09-05,2023,10,-0.001846722068328699,0.0424300867888141,True,,1
300,SPXU,2023-09-01,2023-09-05,2023,11,0.020074005550416274,0.06335583413693358,True,target60,1
300,SQ,2023-09-14,2023-09-15,2023,1,-0.016766020864381503,-0.016766020864381503,True,stop,1
300,FSLR,2023-09-15,2023-09-18,2023,1,-0.0208860759493672,-0.0208860759493672,True,stop,1
300,SQ,2023-09-15,2023-09-18,2023,1,-0.0005680742283659113,-0.0005680742283659113,True,stop,1
300,MRVL,2023-09-22,2023-09-25,2023,1,-0.005186323472915921,-0.005186323472915921,True,stop,1
300,MRVL,2023-09-25,2023-09-26,2023,1,-0.0038468936333910797,-0.0038468936333910797,True,stop,1
300,MRVL,2023-09-27,2023-09-28,2023,1,0.03310371220818986,0.03310371220818986,True,,1
300,MRVL,2023-09-27,2023-09-28,2023,2,0.0025930727912577556,0.035782625334864315,True,,1
300,MRVL,2023-09-27,2023-09-28,2023,3,0.00868280066506566,0.044776119402985204,True,,1
300,MRVL,2023-09-27,2023-09-28,2023,4,-0.03644688644688643,0.006697282816685801,True,,1
300,MRVL,2023-09-27,2023-09-28,2023,5,0.012735221440790756,0.019517795637198576,True,,1
300,MRVL,2023-09-27,2023-09-28,2023,6,-0.0039414414414414845,0.015499425947187229,True,,1
300,MRVL,2023-09-27,2023-09-28,2023,7,0.028076125871490554,0.04401071565250669,True,,1
300,MRVL,2023-09-27,2023-09-28,2023,8,-0.00513196480938416,0.03865288939915801,True,,1
300,MRVL,2023-09-27,2023-09-28,2023,9,0.014185703758290202,0.053386911595866726,True,,1
300,MRVL,2023-09-27,2023-09-28,2023,10,0.0014532243415077417,0.05491771909682375,True,,1
300,MRVL,2023-09-27,2023-09-28,2023,11,-0.00979502992925807,0.04458476846536552,True,,1
300,MRVL,2023-09-27,2023-09-28,2023,12,-0.0359040117237589,0.0070799846919251674,True,,1
300,MRVL,2023-09-27,2023-09-28,2023,13,0.019000570017100538,0.0262150784538846,True,,1
300,MRVL,2023-09-27,2023-09-28,2023,14,-0.00801790042886441,0.017986988136242,True,,1
300,MRVL,2023-09-27,2023-09-28,2023,15,-0.026503759398496363,-0.008993494068120889,True,stop,1
300,WFC,2023-10-04,2023-10-05,2023,1,0.014189886480908243,0.014189886480908243,True,,1
300,WFC,2023-10-04,2023-10-05,2023,2,0.009666751462731993,0.02399380804953566,True,,1
300,WFC,2023-10-04,2023-10-05,2023,3,0.0,0.02399380804953566,True,,1
300,WFC,2023-10-04,2023-10-05,2023,4,0.003275384227765299,0.027347781217750278,True,,1
300,WFC,2023-10-04,2023-10-05,2023,5,-0.0030135610246107003,0.02425180598555232,True,,1
300,WFC,2023-10-04,2023-10-05,2023,6,0.0015113350125943725,0.02579979360165119,True,,1
300,WFC,2023-10-04,2023-10-05,2023,7,0.04627766599597605,0.0732714138286894,True,target60,1
300,WFC,2023-10-05,2023-10-06,2023,1,0.020570840833118886,0.020570840833118886,True,,1
300,WFC,2023-10-05,2023-10-06,2023,2,0.0,0.020570840833118886,True,,1
300,WFC,2023-10-05,2023-10-06,2023,3,0.003275384227765299,0.02391360246850094,True,,1
300,WFC,2023-10-05,2023-10-06,2023,4,-0.0030135610246107003,0.02082797634353306,True,,1
300,WFC,2023-10-05,2023-10-06,2023,5,0.0015113350125943725,0.022370789406017,True,,1
300,WFC,2023-10-05,2023-10-06,2023,6,0.04627766599597605,0.06968372332219075,True,target60,1
300,ETSY,2023-10-06,2023-10-09,2023,1,0.023413531406426547,0.023413531406426547,True,,1
300,ETSY,2023-10-06,2023-10-09,2023,2,0.004891132849479174,0.028419182948490107,True,,1
300,ETSY,2023-10-06,2023-10-09,2023,3,0.01774218872664468,0.04666559018246397,True,,1
300,ETSY,2023-10-06,2023-10-09,2023,4,-0.001079913606911287,0.04553528176974009,True,,1
300,ETSY,2023-10-06,2023-10-09,2023,5,-0.024401544401544406,0.020022606168254464,True,,1
300,ETSY,2023-10-06,2023-10-09,2023,6,0.04711097039734047,0.06807686097206522,True,target60,1
300,KVUE,2023-10-09,2023-10-10,2023,1,-0.011546184738955856,-0.011546184738955856,True,,1
300,KVUE,2023-10-09,2023-10-10,2023,2,-0.01523616048755716,-0.026606425702811354,True,stop,1
300,KVUE,2023-10-10,2023-10-11,2023,1,-0.02218860312657578,-0.02218860312657578,True,stop,1
300,KVUE,2023-10-11,2023-10-12,2023,1,-0.010714285714285787,-0.010714285714285787,True,stop,1
300,DKNG,2023-10-19,2023-10-20,2023,1,-0.01090909090909098,-0.01090909090909098,True,stop,1
300,TSLA,2023-10-19,2023-10-20,2023,1,-0.02142758398230482,-0.02142758398230482,True,stop,1
300,SNOW,2023-10-20,2023-10-23,2023,1,0.018510900863841995,0.018510900863841995,True,,1
300,SNOW,2023-10-20,2023-10-23,2023,2,0.017434033387183634,0.03626765391471265,True,,1
300,SNOW,2023-10-20,2023-10-23,2023,3,-0.06192523982798548,-0.02790346907993979,True,stop,1
300,TFC,2023-10-20,2023-10-23,2023,1,0.0003700962250186013,0.0003700962250186013,True,,1
300,TFC,2023-10-20,2023-10-23,2023,2,0.019607843137254832,0.01998519615099914,True,,1
300,TFC,2023-10-20,2023-10-23,2023,3,0.014876632801161138,0.03515914137675802,True,,1
300,TFC,2023-10-20,2023-10-23,2023,4,0.019663925634608503,0.05551443375277576,True,,1
300,TFC,2023-10-20,2023-10-23,2023,5,-0.032258064516129004,0.021465581051073324,True,,1
300,TFC,2023-10-20,2023-10-23,2023,6,0.021376811594202794,0.043301258327165026,True,,1
300,TFC,2023-10-20,2023-10-23,2023,7,0.005321035828307785,0.048852701702442713,True,,1
300,TFC,2023-10-20,2023-10-23,2023,8,0.004940014114326097,0.0540340488527018,True,,1
300,TFC,2023-10-20,2023-10-23,2023,9,0.05231741573033699,0.10917838638045896,True,,1
300,TFC,2023-10-20,2023-10-23,2023,10,0.04511177844511183,0.15921539600296097,True,target60,1
300,TFC,2023-10-23,2023-10-24,2023,1,0.018477457501847816,0.018477457501847816,True,,1
300,TFC,2023-10-23,2023-10-24,2023,2,0.014876632801161138,0.033628972653362954,True,,1
300,TFC,2023-10-23,2023-10-24,2023,3,0.019663925634608503,0.05395417590539542,True,,1
300,TFC,2023-10-23,2023-10-24,2023,4,-0.032258064516129004,0.019955654101995624,True,,1
300,TFC,2023-10-23,2023-10-24,2023,5,0.021376811594202794,0.041759053954175895,True,,1
300,TFC,2023-10-23,2023-10-24,2023,6,0.005321035828307785,0.047302291204730285,True,,1
300,TFC,2023-10-23,2023-10-24,2023,7,0.004940014114326097,0.05247597930524761,True,,1
300,TFC,2023-10-23,2023-10-24,2023,8,0.05231741573033699,0.107538802660754,True,,1
300,TFC,2023-10-23,2023-10-24,2023,9,0.04511177844511183,0.15750184774575038,True,target60,1
300,KRE,2023-10-25,2023-10-26,2023,1,0.0292670292670294,0.0292670292670294,True,,1
300,KRE,2023-10-25,2023-10-26,2023,2,-0.02189229994967301,0.006734006734006703,True,,1
300,KRE,2023-10-25,2023-10-26,2023,3,0.01492153331618229,0.02175602175602176,True,,1
300,KRE,2023-10-25,2023-10-26,2023,4,0.005576679340937973,0.027454027454027585,True,,1
300,KRE,2023-10-25,2023-10-26,2023,5,0.004285354171918332,0.031857031857031926,True,,1
300,KRE,2023-10-25,2023-10-26,2023,6,0.024422690763052035,0.05705775705775684,True,target60,1
300,FCX,2023-10-31,2023-11-01,2023,1,-0.004428697962798878,-0.004428697962798878,True,,1
300,FCX,2023-10-31,2023-11-01,2023,2,0.03825622775800719,0.033658104517271914,True,,1
300,FCX,2023-10-31,2023-11-01,2023,3,0.026192516423878986,0.06073221139651608,True,target60,1
300,MRO,2023-11-06,2023-11-07,2023,1,-0.009000382995021039,-0.009000382995021039,True,stop,1
300,MRVL,2023-12-04,2023-12-05,2023,1,-0.013666536509176042,-0.013666536509176042,True,stop,1
300,MRVL,2023-12-05,2023-12-06,2023,1,-0.020170674941815347,-0.020170674941815347,True,stop,1
300,SE,2023-12-15,2023-12-18,2023,1,0.02119944211994418,0.02119944211994418,True,,1
300,SE,2023-12-15,2023-12-18,2023,2,0.009287080032778006,0.030683403068340276,True,,1
300,SE,2023-12-15,2023-12-18,2023,3,-0.047361299052773975,-0.018131101813110173,True,stop,1
300,AAL,2024-01-03,2024-01-04,2024,1,0.006149116064565696,0.006149116064565696,True,,1
300,AAL,2024-01-03,2024-01-04,2024,2,0.03819709702062646,0.04458109146810152,True,,1
300,AAL,2024-01-03,2024-01-04,2024,3,0.032376747608535705,0.07840122982321285,True,target_gap,1
300,ARKK,2024-01-03,2024-01-04,2024,1,0.00950020652622885,0.00950020652622885,True,,1
300,ARKK,2024-01-03,2024-01-04,2024,2,0.0,0.00950020652622885,True,,1
300,ARKK,2024-01-03,2024-01-04,2024,3,0.02864157119476274,0.038413878562577386,True,,1
300,ARKK,2024-01-03,2024-01-04,2024,4,-0.01511535401750197,0.022717885171416707,True,,1
300,ARKK,2024-01-03,2024-01-04,2024,5,-0.003029079159935444,0.019619991738950793,True,,1
300,ARKK,2024-01-03,2024-01-04,2024,6,-0.03980149888596307,-0.020962412226352756,True,stop,1
300,SHOP,2024-01-03,2024-01-04,2024,1,0.02526874214714514,0.02526874214714514,True,,1
300,SHOP,2024-01-03,2024-01-04,2024,2,0.01456971677559915,0.0402066173391038,True,,1
300,SHOP,2024-01-03,2024-01-04,2024,3,0.020131525969668607,0.06114756386988707,True,target60,1
300,AAL,2024-01-04,2024-01-05,2024,1,0.04137931034482745,0.04137931034482745,True,,1
300,AAL,2024-01-04,2024-01-05,2024,2,0.032376747608535705,0.0750957854406129,True,target_gap,1
300,MCHP,2024-01-04,2024-01-05,2024,1,0.006591562799616479,0.006591562799616479,True,,1
300,MCHP,2024-01-04,2024-01-05,2024,2,0.01940707227050842,0.02612655800575281,True,,1
300,MCHP,2024-01-04,2024-01-05,2024,3,-0.0031534688156973356,0.022890699904122735,True,,1
300,MCHP,2024-01-04,2024-01-05,2024,4,0.0010544815465729496,0.023969319271332612,True,,1
300,MCHP,2024-01-04,2024-01-05,2024,5,0.0032771535580524702,0.02732502396931924,True,,1
300,MCHP,2024-01-04,2024-01-05,2024,6,-0.003849743350443302,0.023370086289549397,True,,1
300,MCHP,2024-01-04,2024-01-05,2024,7,-0.00222508490455553,0.021093000958772867,True,,1
300,MCHP,2024-01-04,2024-01-05,2024,8,-0.027699530516431925,-0.007190795781399695,True,stop,1
300,DHI,2024-01-25,2024-01-26,2024,1,-0.0009953785993601638,-0.0009953785993601638,True,,1
300,DHI,2024-01-25,2024-01-26,2024,2,-0.0022774179773681347,-0.003270529683611856,True,,1
300,DHI,2024-01-25,2024-01-26,2024,3,0.021970183322633563,0.01862779950231075,True,,1
300,DHI,2024-01-25,2024-01-26,2024,4,-0.0028617296014518123,0.015712762175613237,True,,1
300,DHI,2024-01-25,2024-01-26,2024,5,0.031429371412571516,0.04763597582651968,True,,1
300,DHI,2024-01-25,2024-01-26,2024,6,-0.003189684424838801,0.04429434767152496,True,,1
300,DHI,2024-01-25,2024-01-26,2024,7,-0.011029411764705954,0.03277639530750087,True,,1
300,DHI,2024-01-25,2024-01-26,2024,8,-0.015489467162329573,0.01677923924635616,True,,1
300,DHI,2024-01-25,2024-01-26,2024,9,0.01146772952940367,0.028439388553146205,True,,1
300,DHI,2024-01-25,2024-01-26,2024,10,-0.0004839267196681263,0.027941699253466012,True,,1
300,DHI,2024-01-25,2024-01-26,2024,11,0.0025591368100703615,0.03057234269463205,True,,1
300,DHI,2024-01-25,2024-01-26,2024,12,0.022973439116936945,0.05424813366512615,True,,1
300,DHI,2024-01-25,2024-01-26,2024,13,-0.03978958726733206,0.012300035549235533,True,,1
300,DHI,2024-01-25,2024-01-26,2024,14,0.02198342463829195,0.03455385709207248,True,,1
300,DHI,2024-01-25,2024-01-26,2024,15,-0.000962133186722447,0.03355847849271232,True,,1
300,DHI,2024-01-25,2024-01-26,2024,16,-0.028203893513104483,0.004408105225737646,True,,1
300,DHI,2024-01-25,2024-01-26,2024,17,0.015997734834005684,0.020476359758265117,True,,1
300,DHI,2024-01-25,2024-01-26,2024,18,0.0032049048979307937,0.023746889441877084,True,,1
300,DHI,2024-01-25,2024-01-26,2024,19,0.007778317938745838,0.03170991823675795,True,,1
300,DHI,2024-01-25,2024-01-26,2024,20,0.006546757632140965,0.03846427301813016,True,time_h20,1
300,DHI,2024-01-26,2024-01-29,2024,1,-0.0057446808510638325,-0.0057446808510638325,True,,1
300,DHI,2024-01-26,2024-01-29,2024,2,0.021970183322633563,0.01609929078014183,True,,1
300,DHI,2024-01-26,2024-01-29,2024,3,-0.0028617296014518123,0.013191489361702224,True,,1
300,DHI,2024-01-26,2024-01-29,2024,4,0.031429371412571516,0.04503546099290778,True,,1
300,DHI,2024-01-26,2024-01-29,2024,5,-0.003189684424838801,0.04170212765957437,True,,1
300,DHI,2024-01-26,2024-01-29,2024,6,-0.011029411764705954,0.030212765957446708,True,,1
300,DHI,2024-01-26,2024-01-29,2024,7,-0.015489467162329573,0.014255319148936074,True,,1
300,DHI,2024-01-26,2024-01-29,2024,8,0.01146772952940367,0.025886524822695156,True,,1
300,DHI,2024-01-26,2024-01-29,2024,9,-0.0004839267196681263,0.025390070921985863,True,,1
300,DHI,2024-01-26,2024-01-29,2024,10,0.0025591368100703615,0.028014184397163078,True,,1
300,DHI,2024-01-26,2024-01-29,2024,11,0.022973439116936945,0.051631205673758895,True,,1
300,DHI,2024-01-26,2024-01-29,2024,12,-0.03978958726733206,0.009787234042553106,True,,1
300,DHI,2024-01-26,2024-01-29,2024,13,0.02198342463829195,0.031985815602836754,True,,1
300,DHI,2024-01-26,2024-01-29,2024,14,-0.000962133186722447,0.03099290780141839,True,,1
300,DHI,2024-01-26,2024-01-29,2024,15,-0.028203893513104483,0.0019148936170212405,True,,1
300,DHI,2024-01-26,2024-01-29,2024,16,0.015997734834005684,0.017943262411347582,True,,1
300,DHI,2024-01-26,2024-01-29,2024,17,0.0032049048979307937,0.021205673758865284,True,,1
300,DHI,2024-01-26,2024-01-29,2024,18,0.007778317938745838,0.029148936170212858,True,,1
300,DHI,2024-01-26,2024-01-29,2024,19,0.006546757632140965,0.03588652482269494,True,,1
300,DHI,2024-01-26,2024-01-29,2024,20,-0.001437765301930738,0.03439716312056729,True,time_h20,1
300,DHI,2024-01-29,2024-01-30,2024,1,0.016820440028388894,0.016820440028388894,True,,1
300,DHI,2024-01-29,2024-01-30,2024,2,-0.0028617296014518123,0.013910574875798387,True,,1
300,DHI,2024-01-29,2024-01-30,2024,3,0.031429371412571516,0.04577714691270396,True,,1
300,DHI,2024-01-29,2024-01-30,2024,4,-0.003189684424838801,0.04244144783534409,True,,1
300,DHI,2024-01-29,2024-01-30,2024,5,-0.011029411764705954,0.03094393186657185,True,,1
300,DHI,2024-01-29,2024-01-30,2024,6,-0.015489467162329573,0.014975159687721673,True,,1
300,DHI,2024-01-29,2024-01-30,2024,7,0.01146772952940367,0.026614620298083702,True,,1
300,DHI,2024-01-29,2024-01-30,2024,8,-0.0004839267196681263,0.02611781405251956,True,,1
300,DHI,2024-01-29,2024-01-30,2024,9,0.0025591368100703615,0.028743789921930274,True,,1
300,DHI,2024-01-29,2024-01-30,2024,10,0.022973439116936945,0.05237757274662869,True,,1
300,DHI,2024-01-29,2024-01-30,2024,11,-0.03978958726733206,0.010503903477643739,True,,1
300,DHI,2024-01-29,2024-01-30,2024,12,0.02198342463829195,0.03271823988644429,True,,1
300,DHI,2024-01-29,2024-01-30,2024,13,-0.000962133186722447,0.031724627395315785,True,,1
300,DHI,2024-01-29,2024-01-30,2024,14,-0.028203893513104483,0.0026259758694109347,True,,1
300,DHI,2024-01-29,2024-01-30,2024,15,0.015997734834005684,0.018665720369056116,True,,1
300,DHI,2024-01-29,2024-01-30,2024,16,0.0032049048979307937,0.021930447125620978,True,,1
300,DHI,2024-01-29,2024-01-30,2024,17,0.007778317938745838,0.029879347054648786,True,,1
300,DHI,2024-01-29,2024-01-30,2024,18,0.006546757632140965,0.0366217175301633,True,,1
300,DHI,2024-01-29,2024-01-30,2024,19,-0.001437765301930738,0.035131298793470433,True,,1
300,DHI,2024-01-29,2024-01-30,2024,20,-0.0028111073020226085,0.032221433640879926,True,time_h20,1
300,CCL,2024-02-05,2024-02-06,2024,1,-0.004441624365482233,-0.004441624365482233,True,stop,1
300,WDC,2024-02-20,2024-02-21,2024,1,-0.010950259836674192,-0.010950259836674192,True,stop,1
300,WDC,2024-02-21,2024-02-22,2024,1,0.01866081229418226,0.01866081229418226,True,,1
300,WDC,2024-02-21,2024-02-22,2024,2,0.006645114942528618,0.025429930479326845,True,,1
300,WDC,2024-02-21,2024-02-22,2024,3,0.028474576271186436,0.05462861324551782,True,target60,1
300,SNOW,2024-02-29,2024-03-01,2024,1,-0.02405103001150266,-0.02405103001150266,True,,1
300,SNOW,2024-02-29,2024-03-01,2024,2,-0.032036858459230655,-0.05531736902645601,True,stop,1
300,SNOW,2024-03-01,2024-03-04,2024,1,-0.028027327989671225,-0.028027327989671225,True,stop,1
300,ZS,2024-03-06,2024-03-07,2024,1,-0.0246322440517327,-0.0246322440517327,True,stop,1
300,ZS,2024-03-07,2024-03-08,2024,1,-0.012180570746743502,-0.012180570746743502,True,,1
300,ZS,2024-03-07,2024-03-08,2024,2,-0.00870703105339976,-0.02078154519240316,True,stop_gap,1
300,ZS,2024-03-11,2024-03-12,2024,1,-0.010526315789473717,-0.010526315789473717,True,,1
300,ZS,2024-03-11,2024-03-12,2024,2,0.001193080135215796,-0.009345794392523366,True,,1
300,ZS,2024-03-11,2024-03-12,2024,3,-0.018917576961271165,-0.028086571569109764,True,stop,1
300,ZS,2024-03-12,2024-03-13,2024,1,0.005190656817728012,0.005190656817728012,True,,1
300,ZS,2024-03-12,2024-03-13,2024,2,-0.018917576961271165,-0.013825114793372006,True,stop,1
300,ZS,2024-03-13,2024-03-14,2024,1,-0.019063694583726365,-0.019063694583726365,True,stop,1
300,ZS,2024-03-14,2024-03-15,2024,1,-0.0060365209517581064,-0.0060365209517581064,True,stop,1
300,NXPI,2024-03-19,2024-03-20,2024,1,0.024577638169623883,0.024577638169623883,True,,1
300,NXPI,2024-03-19,2024-03-20,2024,2,0.019637900319012358,0.04469819169708811,True,,1
300,NXPI,2024-03-19,2024-03-20,2024,3,-0.007435699483970604,0.03693012989218092,True,,1
300,NXPI,2024-03-19,2024-03-20,2024,4,-0.016169968888161135,0.020163001952627546,True,,1
300,NXPI,2024-03-19,2024-03-20,2024,5,-0.00478508717180548,0.01528143305883356,True,,1
300,NXPI,2024-03-19,2024-03-20,2024,6,0.02608913788778322,0.04176925036081158,True,,1
300,NXPI,2024-03-19,2024-03-20,2024,7,0.009575421726020883,0.05174463027421683,True,,1
300,NXPI,2024-03-19,2024-03-20,2024,8,0.010711546999233157,0.06301044231259012,True,target60,1
300,CPNG,2024-03-26,2024-03-27,2024,1,-0.006204173716863992,-0.006204173716863992,True,,1
300,CPNG,2024-03-26,2024-03-27,2024,2,0.009648127128263129,0.0033840947546530664,True,,1
300,CPNG,2024-03-26,2024-03-27,2024,3,0.022484541877459296,0.025944726452340694,True,,1
300,CPNG,2024-03-26,2024-03-27,2024,4,0.0016492578339746267,0.027636773829667227,True,,1
300,CPNG,2024-03-26,2024-03-27,2024,5,0.004390779363337094,0.0321489001692048,True,,1
300,CPNG,2024-03-26,2024-03-27,2024,6,0.0016393442622948395,0.03384094754653111,True,,1
300,CPNG,2024-03-26,2024-03-27,2024,7,-0.004637206764866231,0.029046813310772635,True,,1
300,CPNG,2024-03-26,2024-03-27,2024,8,0.03020005480953669,0.060124083474337287,True,target60,1
300,CPNG,2024-03-27,2024-03-28,2024,1,0.013675213675213627,0.013675213675213627,True,,1
300,CPNG,2024-03-27,2024-03-28,2024,2,0.022484541877459296,0.036467236467236486,True,,1
300,CPNG,2024-03-27,2024-03-28,2024,3,0.0016492578339746267,0.03817663817663797,True,,1
300,CPNG,2024-03-27,2024-03-28,2024,4,0.004390779363337094,0.042735042735042805,True,,1
300,CPNG,2024-03-27,2024-03-28,2024,5,0.0016393442622948395,0.04444444444444429,True,,1
300,CPNG,2024-03-27,2024-03-28,2024,6,-0.004637206764866231,0.039601139601139534,True,,1
300,CPNG,2024-03-27,2024-03-28,2024,7,0.03020005480953669,0.07099715099715098,True,target60,1
300,AAL,2024-04-04,2024-04-05,2024,1,-0.003615328994938549,-0.003615328994938549,True,stop,1
300,BA,2024-04-11,2024-04-12,2024,1,-0.004761904761904745,-0.004761904761904745,True,stop,1
300,ANET,2024-04-12,2024-04-15,2024,1,-0.01634580457682533,-0.01634580457682533,True,stop,1
300,EL,2024-04-12,2024-04-15,2024,1,-0.01610494880546065,-0.01610494880546065,True,stop,1
300,DG,2024-04-16,2024-04-17,2024,1,-0.011899063119742759,-0.011899063119742759,True,,1
300,DG,2024-04-16,2024-04-17,2024,2,0.008235864073638188,-0.0037611981125622584,True,,1
300,DG,2024-04-16,2024-04-17,2024,3,-0.0063838550247117265,-0.010121042193804164,True,,1
300,DG,2024-04-16,2024-04-17,2024,4,-0.011951640759930826,-0.021951719893318566,True,stop,1
300,DG,2024-04-17,2024-04-18,2024,1,0.006424870466321231,0.006424870466321231,True,,1
300,DG,2024-04-17,2024-04-18,2024,2,-0.0063838550247117265,0.0,True,,1
300,DG,2024-04-17,2024-04-18,2024,3,-0.011951640759930826,-0.011951640759930826,True,stop,1
300,DG,2024-04-18,2024-04-19,2024,1,-0.006929198682766091,-0.006929198682766091,True,,1
300,DG,2024-04-18,2024-04-19,2024,2,-0.011951640759930826,-0.01879802414928633,True,stop,1
300,MPC,2024-04-18,2024-04-19,2024,1,0.0005603096984516664,0.0005603096984516664,True,,1
300,MPC,2024-04-18,2024-04-19,2024,2,0.00936720460214846,0.009932762836185827,True,,1
300,MPC,2024-04-18,2024-04-19,2024,3,0.006758460684924694,0.016758353708231644,True,,1
300,MPC,2024-04-18,2024-04-19,2024,4,-0.0025048845248234475,0.014211491442542856,True,,1
300,MPC,2024-04-18,2024-04-19,2024,5,0.0020089397820299837,0.016248981255093664,True,,1
300,MPC,2024-04-18,2024-04-19,2024,6,-0.006415718510350388,0.009729013854930635,True,,1
300,MPC,2024-04-18,2024-04-19,2024,7,0.011703576653382619,0.02154645476772621,True,,1
300,MPC,2024-04-18,2024-04-19,2024,8,-0.037646472201446124,-0.016911165444172704,True,stop,1
300,DG,2024-04-19,2024-04-22,2024,1,-0.011200221238937935,-0.011200221238937935,True,stop,1
300,MPC,2024-04-19,2024-04-22,2024,1,0.010292993630573344,0.010292993630573344,True,,1
300,MPC,2024-04-19,2024-04-22,2024,2,0.006758460684924694,0.017121019108280233,True,,1
300,MPC,2024-04-19,2024-04-22,2024,3,-0.0025048845248234475,0.014573248407643291,True,,1
300,MPC,2024-04-19,2024-04-22,2024,4,0.0020089397820299837,0.0166114649681528,True,,1
300,MPC,2024-04-19,2024-04-22,2024,5,-0.006415718510350388,0.010089171974522193,True,,1
300,MPC,2024-04-19,2024-04-22,2024,6,0.011703576653382619,0.021910828025477835,True,,1
300,MPC,2024-04-19,2024-04-22,2024,7,-0.037646472201446124,-0.016560509554140124,True,stop,1
300,DHI,2024-04-30,2024-05-01,2024,1,0.0012649332396343915,0.0012649332396343915,True,,1
300,DHI,2024-04-30,2024-05-01,2024,2,0.021125772038181,0.022417427969079418,True,,1
300,DHI,2024-04-30,2024-05-01,2024,3,0.04825073888239739,0.07174982431482757,True,target60,1
300,ORCL,2024-04-30,2024-05-01,2024,1,0.006057413747695639,0.006057413747695639,True,,1
300,ORCL,2024-04-30,2024-05-01,2024,2,0.003054101221640515,0.009130014924062957,True,,1
300,ORCL,2024-04-30,2024-05-01,2024,3,0.007220530665506653,0.016416469142305434,True,,1
300,ORCL,2024-04-30,2024-05-01,2024,4,0.022197270685783366,0.03897814063734528,True,,1
300,ORCL,2024-04-30,2024-05-01,2024,5,-0.0038867765103506313,0.03493986480554834,True,,1
300,ORCL,2024-04-30,2024-05-01,2024,6,-0.004410891509033843,0.03037485734351697,True,,1
300,ORCL,2024-04-30,2024-05-01,2024,7,-0.006730851154468809,0.0234395575454307,True,,1
300,ORCL,2024-04-30,2024-05-01,2024,8,0.0007720020586721166,0.024229654990782334,True,,1
300,ORCL,2024-04-30,2024-05-01,2024,9,-0.0025284991857376093,0.02163989114212983,True,,1
300,ORCL,2024-04-30,2024-05-01,2024,10,0.04790547798066602,0.07058203845140909,True,target60,1
300,DHI,2024-05-01,2024-05-02,2024,1,0.011330460169609369,0.011330460169609369,True,,1
300,DHI,2024-05-01,2024-05-02,2024,2,0.04825073888239739,0.060127902127067756,True,target60,1
300,DASH,2024-05-03,2024-05-06,2024,1,0.027350576721425934,0.027350576721425934,True,,1
300,DASH,2024-05-03,2024-05-06,2024,2,-0.017181253721187395,0.009699405802167105,True,,1
300,DASH,2024-05-03,2024-05-06,2024,3,-0.021895283427087797,-0.012408248864033578,True,,1
300,DASH,2024-05-03,2024-05-06,2024,4,0.027782693328614494,0.015029709891646315,True,,1
300,DASH,2024-05-03,2024-05-06,2024,5,-0.010502754820936655,0.004369101712687895,True,,1
300,DASH,2024-05-03,2024-05-06,2024,6,0.014355315816948044,0.018787137364557838,True,,1
300,DASH,2024-05-03,2024-05-06,2024,7,-0.016553735311776396,0.0019224047535826294,True,,1
300,DASH,2024-05-03,2024-05-06,2024,8,0.014346764346764518,0.016296749388325926,True,,1
300,DASH,2024-05-03,2024-05-06,2024,9,-0.0010747603284467777,0.015204473960153786,True,,1
300,DASH,2024-05-03,2024-05-06,2024,10,0.011103460148045974,0.026476756378888577,True,,1
300,DASH,2024-05-03,2024-05-06,2024,11,-0.030560994296416122,-0.00489339391821042,True,,1
300,DASH,2024-05-03,2024-05-06,2024,12,-0.009308043554618894,-0.014155889549108736,True,,1
300,DASH,2024-05-03,2024-05-06,2024,13,-0.010547775217160105,-0.024554351625305837,True,,1
300,DASH,2024-05-03,2024-05-06,2024,14,-0.011735196631729838,-0.0360013981125481,True,,1
300,DASH,2024-05-03,2024-05-06,2024,15,0.022933284989122615,-0.013893743446347417,True,,1
300,DASH,2024-05-03,2024-05-06,2024,16,-0.0036331413380593647,-0.01747640685075147,True,,1
300,DASH,2024-05-03,2024-05-06,2024,17,-0.007025969405905275,-0.024379587556798255,True,,1
300,DASH,2024-05-03,2024-05-06,2024,18,-0.010300044782803441,-0.03442852149598041,True,,1
300,DASH,2024-05-03,2024-05-06,2024,19,-0.013574660633484115,-0.04753582663404399,True,stop,1
300,CCL,2024-05-07,2024-05-08,2024,1,0.020684736091298284,0.020684736091298284,True,,1
300,CCL,2024-05-07,2024-05-08,2024,2,0.018169112508735097,0.03922967189728954,True,,1
300,CCL,2024-05-07,2024-05-08,2024,3,-0.009608785175017176,0.029243937232525052,True,,1
300,CCL,2024-05-07,2024-05-08,2024,4,0.008316008316008316,0.03780313837375182,True,,1
300,CCL,2024-05-07,2024-05-08,2024,5,-0.0027491408934708916,0.03495007132667616,True,,1
300,CCL,2024-05-07,2024-05-08,2024,6,0.029910406616126872,0.06590584878744665,True,target60,1
300,DASH,2024-05-07,2024-05-08,2024,1,-0.00414133403824124,-0.00414133403824124,True,,1
300,DASH,2024-05-07,2024-05-08,2024,2,0.027782693328614494,0.023526301876817257,True,,1
300,DASH,2024-05-07,2024-05-08,2024,3,-0.010502754820936655,0.012776456075425102,True,,1
300,DASH,2024-05-07,2024-05-08,2024,4,0.014355315816948044,0.027315181954357337,True,,1
300,DASH,2024-05-07,2024-05-08,2024,5,-0.016553735311776396,0.010309278350515427,True,,1
300,DASH,2024-05-07,2024-05-08,2024,6,0.014346764346764518,0.02480394748435999,True,,1
300,DASH,2024-05-07,2024-05-08,2024,7,-0.0010747603284467777,0.02370252885716817,True,,1
300,DASH,2024-05-07,2024-05-08,2024,8,0.011103460148045974,0.035069169089787744,True,,1
300,DASH,2024-05-07,2024-05-08,2024,9,-0.030560994296416122,0.0034364261168384758,True,,1
300,DASH,2024-05-07,2024-05-08,2024,10,-0.009308043554618894,-0.005903603841748151,True,,1
300,DASH,2024-05-07,2024-05-08,2024,11,-0.010547775217160105,-0.01638910917261427,True,,1
300,DASH,2024-05-07,2024-05-08,2024,12,-0.011735196631729838,-0.027931976385584645,True,,1
300,DASH,2024-05-07,2024-05-08,2024,13,0.022933284989122615,-0.005639263371222114,True,,1
300,DASH,2024-05-07,2024-05-08,2024,14,-0.0036331413380593647,-0.009251916468411281,True,,1
300,DASH,2024-05-07,2024-05-08,2024,15,-0.007025969405905275,-0.016212882192263578,True,,1
300,DASH,2024-05-07,2024-05-08,2024,16,-0.010300044782803441,-0.026345933562428314,True,,1
300,DASH,2024-05-07,2024-05-08,2024,17,-0.013574660633484115,-0.039562957088730255,True,stop,1
300,F,2024-05-07,2024-05-08,2024,1,0.0066225165562914245,0.0066225165562914245,True,,1
300,F,2024-05-07,2024-05-08,2024,2,-0.0016447368421051989,0.004966887417218624,True,,1
300,F,2024-05-07,2024-05-08,2024,3,-0.016062602965403627,-0.011175496688741737,True,stop,1
300,DASH,2024-05-08,2024-05-09,2024,1,0.027964601769911557,0.027964601769911557,True,,1
300,DASH,2024-05-08,2024-05-09,2024,2,-0.010502754820936655,0.01716814159292035,True,,1
300,DASH,2024-05-08,2024-05-09,2024,3,0.014355315816948044,0.031769911504424764,True,,1
300,DASH,2024-05-08,2024-05-09,2024,4,-0.016553735311776396,0.014690265486725584,True,,1
300,DASH,2024-05-08,2024-05-09,2024,5,0.014346764346764518,0.029247787610619636,True,,1
300,DASH,2024-05-08,2024-05-09,2024,6,-0.0010747603284467777,0.02814159292035412,True,,1
300,DASH,2024-05-08,2024-05-09,2024,7,0.011103460148045974,0.03955752212389374,True,,1
300,DASH,2024-05-08,2024-05-09,2024,8,-0.030560994296416122,0.0077876106194689765,True,,1
300,DASH,2024-05-08,2024-05-09,2024,9,-0.009308043554618894,-0.0015929203539823966,True,,1
300,DASH,2024-05-08,2024-05-09,2024,10,-0.010547775217160105,-0.01212389380530976,True,,1
300,DASH,2024-05-08,2024-05-09,2024,11,-0.011735196631729838,-0.023716814159292054,True,,1
300,DASH,2024-05-08,2024-05-09,2024,12,0.022933284989122615,-0.0013274336283186638,True,,1
300,DASH,2024-05-08,2024-05-09,2024,13,-0.0036331413380593647,-0.004955752212389419,True,,1
300,DASH,2024-05-08,2024-05-09,2024,14,-0.007025969405905275,-0.011946902654867197,True,,1
300,DASH,2024-05-08,2024-05-09,2024,15,-0.010300044782803441,-0.02212389380530977,True,,1
300,DASH,2024-05-08,2024-05-09,2024,16,-0.013574660633484115,-0.03539823008849563,True,stop,1
300,DASH,2024-05-10,2024-05-13,2024,1,0.010574672791886952,0.010574672791886952,True,,1
300,DASH,2024-05-10,2024-05-13,2024,2,-0.016553735311776396,-0.006154112854294902,True,,1
300,DASH,2024-05-10,2024-05-13,2024,3,0.014346764346764518,0.008104359885585444,True,,1
300,DASH,2024-05-10,2024-05-13,2024,4,-0.0010747603284467777,0.007020889312646217,True,,1
300,DASH,2024-05-10,2024-05-13,2024,5,0.011103460148045974,0.018202305625379056,True,,1
300,DASH,2024-05-10,2024-05-13,2024,6,-0.030560994296416122,-0.012914969229435802,True,,1
300,DASH,2024-05-10,2024-05-13,2024,7,-0.009308043554618894,-0.022102799687960584,True,,1
300,DASH,2024-05-10,2024-05-13,2024,8,-0.010547775217160105,-0.03241743954234211,True,,1
300,DASH,2024-05-10,2024-05-13,2024,9,-0.011735196631729838,-0.04377221114674534,True,,1
300,DASH,2024-05-10,2024-05-13,2024,10,0.022933284989122615,-0.021842766750455156,True,,1
300,DASH,2024-05-10,2024-05-13,2024,11,-0.0036331413380593647,-0.02539655022969578,True,,1
300,DASH,2024-05-10,2024-05-13,2024,12,-0.007025969405905275,-0.03224408425067171,True,,1
300,DASH,2024-05-10,2024-05-13,2024,13,-0.010300044782803441,-0.04221201352171278,True,,1
300,DASH,2024-05-10,2024-05-13,2024,14,-0.013574660633484115,-0.05521366039698361,True,stop,1
300,MPC,2024-05-24,2024-05-28,2024,1,0.0066876475216364195,0.0066876475216364195,True,,1
300,MPC,2024-05-24,2024-05-28,2024,2,-0.03706805113604639,-0.030628301674721747,True,,1
300,MPC,2024-05-24,2024-05-28,2024,3,-0.0028987187663053193,-0.03343823760818243,True,,1
300,MPC,2024-05-24,2024-05-28,2024,4,0.027210884353741305,-0.007137237270990249,True,,1
300,MPC,2024-05-24,2024-05-28,2024,5,-0.010980924888209675,-0.01803978869281786,True,,1
300,MPC,2024-05-24,2024-05-28,2024,6,0.0029187889887256624,-0.015173654040687823,True,,1
300,MPC,2024-05-24,2024-05-28,2024,7,-0.007589591417484609,-0.022648083623693416,True,,1
300,MPC,2024-05-24,2024-05-28,2024,8,0.01052268414697255,-0.01236371810722714,True,,1
300,MPC,2024-05-24,2024-05-28,2024,9,-0.0035848412427449405,-0.01590423738338753,True,,1
300,MPC,2024-05-24,2024-05-28,2024,10,-0.004340129061732756,-0.020175340002247966,True,,1
300,MPC,2024-05-24,2024-05-28,2024,11,0.000688270719816586,-0.01950095537821739,True,,1
300,MPC,2024-05-24,2024-05-28,2024,12,-0.030492348254714252,-0.049398673710239316,True,stop,1
300,MPC,2024-05-28,2024-05-29,2024,1,-0.03529082774049219,-0.03529082774049219,True,,1
300,MPC,2024-05-28,2024-05-29,2024,2,-0.0028987187663053193,-0.038087248322147715,True,,1
300,MPC,2024-05-28,2024-05-29,2024,3,0.027210884353741305,-0.01191275167785244,True,,1
300,MPC,2024-05-28,2024-05-29,2024,4,-0.010980924888209675,-0.022762863534675715,True,,1
300,MPC,2024-05-28,2024-05-29,2024,5,0.0029187889887256624,-0.019910514541387037,True,,1
300,MPC,2024-05-28,2024-05-29,2024,6,-0.007589591417484609,-0.02734899328859064,True,,1
300,MPC,2024-05-28,2024-05-29,2024,7,0.01052268414697255,-0.017114093959731513,True,,1
300,MPC,2024-05-28,2024-05-29,2024,8,-0.0035848412427449405,-0.020637583892617384,True,,1
300,MPC,2024-05-28,2024-05-29,2024,9,-0.004340129061732756,-0.024888143176733823,True,,1
300,MPC,2024-05-28,2024-05-29,2024,10,0.000688270719816586,-0.02421700223713652,True,,1
300,MPC,2024-05-28,2024-05-29,2024,11,-0.030492348254714252,-0.05397091722595082,True,stop,1
300,MPC,2024-05-29,2024-05-30,2024,1,-5.813953488364998e-05,-5.813953488364998e-05,True,,1
300,MPC,2024-05-29,2024-05-30,2024,2,0.027210884353741305,0.027151162790697514,True,,1
300,MPC,2024-05-29,2024-05-30,2024,3,-0.010980924888209675,0.01587209302325565,True,,1
300,MPC,2024-05-29,2024-05-30,2024,4,0.0029187889887256624,0.018837209302325686,True,,1
300,MPC,2024-05-29,2024-05-30,2024,5,-0.007589591417484609,0.01110465116279058,True,,1
300,MPC,2024-05-29,2024-05-30,2024,6,0.01052268414697255,0.021744186046511738,True,,1
300,MPC,2024-05-29,2024-05-30,2024,7,-0.0035848412427449405,0.018081395348837237,True,,1
300,MPC,2024-05-29,2024-05-30,2024,8,-0.004340129061732756,0.013662790697674287,True,,1
300,MPC,2024-05-29,2024-05-30,2024,9,0.000688270719816586,0.014360465116278975,True,,1
300,MPC,2024-05-29,2024-05-30,2024,10,-0.030492348254714252,-0.01656976744186045,True,stop,1
300,ZS,2024-05-29,2024-05-30,2024,1,-0.01064615384615375,-0.01064615384615375,True,stop,1
300,MPC,2024-05-30,2024-05-31,2024,1,0.024649112631945247,0.024649112631945247,True,,1
300,MPC,2024-05-30,2024-05-31,2024,2,-0.010980924888209675,0.013397517689363259,True,,1
300,MPC,2024-05-30,2024-05-31,2024,3,0.0029187889887256624,0.01635541120519668,True,,1
300,MPC,2024-05-30,2024-05-31,2024,4,-0.007589591417484609,0.008641688899199584,True,,1
300,MPC,2024-05-30,2024-05-31,2024,5,0.01052268414697255,0.01925530680895493,True,,1
300,MPC,2024-05-30,2024-05-31,2024,6,-0.0035848412427449405,0.015601438348219698,True,,1
300,MPC,2024-05-30,2024-05-31,2024,7,-0.004340129061732756,0.011193597030507041,True,,1
300,MPC,2024-05-30,2024-05-31,2024,8,0.000688270719816586,0.011889571975408852,True,,1
300,MPC,2024-05-30,2024-05-31,2024,9,-0.030492348254714252,-0.018965317248578972,True,stop,1
300,MPC,2024-05-31,2024-06-03,2024,1,-0.009298633554459479,-0.009298633554459479,True,,1
300,MPC,2024-05-31,2024-06-03,2024,2,0.0029187889887256624,-0.006406985314962865,True,,1
300,MPC,2024-05-31,2024-06-03,2024,3,-0.007589591417484609,-0.013947950331689163,True,,1
300,MPC,2024-05-31,2024-06-03,2024,4,0.01052268414697255,-0.003572036060554451,True,,1
300,MPC,2024-05-31,2024-06-03,2024,5,-0.0035848412427449405,-0.007144072121109013,True,,1
300,MPC,2024-05-31,2024-06-03,2024,6,-0.004340129061732756,-0.011453194987809723,True,,1
300,MPC,2024-05-31,2024-06-03,2024,7,0.000688270719816586,-0.010772807166751774,True,,1
300,MPC,2024-05-31,2024-06-03,2024,8,-0.030492348254714252,-0.04093666723365652,True,stop,1
300,MPC,2024-06-03,2024-06-04,2024,1,0.01189513800669828,0.01189513800669828,True,,1
300,MPC,2024-06-03,2024-06-04,2024,2,-0.007589591417484609,0.004215267351888041,True,,1
300,MPC,2024-06-03,2024-06-04,2024,3,0.01052268414697255,0.014782307425799779,True,,1
300,MPC,2024-06-03,2024-06-04,2024,4,-0.0035848412427449405,0.01114447395773177,True,,1
300,MPC,2024-06-03,2024-06-04,2024,5,-0.004340129061732756,0.006755976440697475,True,,1
300,MPC,2024-06-03,2024-06-04,2024,6,0.000688270719816586,0.007448897101281826,True,,1
300,MPC,2024-06-03,2024-06-04,2024,7,-0.030492348254714252,-0.023270585517958242,True,stop,1
300,MPC,2024-06-04,2024-06-05,2024,1,-0.012772479564032713,-0.012772479564032713,True,,1
300,MPC,2024-06-04,2024-06-05,2024,2,0.01052268414697255,-0.0023841961852860694,True,,1
300,MPC,2024-06-04,2024-06-05,2024,3,-0.0035848412427449405,-0.005960490463215118,True,,1
300,MPC,2024-06-04,2024-06-05,2024,4,-0.004340129061732756,-0.010274750227066365,True,,1
300,MPC,2024-06-04,2024-06-05,2024,5,0.000688270719816586,-0.009593551316984583,True,,1
300,MPC,2024-06-04,2024-06-05,2024,6,-0.030492348254714252,-0.03979336966394187,True,stop,1
300,MPC,2024-06-05,2024-06-06,2024,1,0.013085836167637144,0.013085836167637144,True,,1
300,MPC,2024-06-05,2024-06-06,2024,2,-0.0035848412427449405,0.009454084279702624,True,,1
300,MPC,2024-06-05,2024-06-06,2024,3,-0.004340129061732756,0.005072923272035457,True,,1
300,MPC,2024-06-05,2024-06-06,2024,4,0.000688270719816586,0.005764685536403968,True,,1
300,MPC,2024-06-05,2024-06-06,2024,5,-0.030492348254714252,-0.0249034415172652,True,stop,1
300,ANET,2024-06-06,2024-06-07,2024,1,-3.369272237196963e-05,-3.369272237196963e-05,True,,1
300,ANET,2024-06-06,2024-06-07,2024,2,0.0032346103305367357,0.003200808625336782,True,,1
300,ANET,2024-06-06,2024-06-07,2024,3,0.02371116708648202,0.02698787061994601,True,,1
300,ANET,2024-06-06,2024-06-07,2024,4,0.020996686460417857,0.04855121293800524,True,,1
300,ANET,2024-06-06,2024-06-07,2024,5,0.028244593682722252,0.07816711590296488,True,target_gap,1
300,ANET,2024-06-07,2024-06-10,2024,1,0.010692464358452058,0.010692464358452058,True,,1
300,ANET,2024-06-07,2024-06-10,2024,2,0.02371116708648202,0.034657162253903584,True,,1
300,ANET,2024-06-07,2024-06-10,2024,3,0.020996686460417857,0.05638153428377435,True,,1
300,ANET,2024-06-07,2024-06-10,2024,4,0.028244593682722252,0.08621860149355043,True,target_gap,1
300,AMD,2024-06-18,2024-06-20,2024,1,0.06568265682656826,0.06568265682656826,True,target60,1
300,SQ,2024-06-28,2024-07-01,2024,1,-0.012225317239244915,-0.012225317239244915,True,,1
300,SQ,2024-06-28,2024-07-01,2024,2,0.011749960833463913,-0.0006190034045188142,True,,1
300,SQ,2024-06-28,2024-07-01,2024,3,-0.0006193868070608621,-0.0012380068090374063,True,,1
300,SQ,2024-06-28,2024-07-01,2024,4,0.019212891230244722,0.017951098731042947,True,,1
300,SQ,2024-06-28,2024-07-01,2024,5,-0.023107327455153426,-0.005571030640668551,True,,1
300,SQ,2024-06-28,2024-07-01,2024,6,0.0038904450669157153,-0.001702259362426517,True,,1
300,SQ,2024-06-28,2024-07-01,2024,7,-0.002945279801581324,-0.004642525533890662,True,,1
300,SQ,2024-06-28,2024-07-01,2024,8,0.033426616915422924,0.028628907458990938,True,,1
300,SQ,2024-06-28,2024-07-01,2024,9,0.033849857078381174,0.06344784896316913,True,,1
300,SQ,2024-06-28,2024-07-01,2024,10,0.04889406286379505,0.11544413494274197,True,,1
300,SQ,2024-06-28,2024-07-01,2024,11,0.00854605993340729,0.12497678737233042,True,target60,1
300,SQ,2024-07-01,2024-07-02,2024,1,0.009377930603313489,0.009377930603313489,True,,1
300,SQ,2024-07-01,2024-07-02,2024,2,-0.0006193868070608621,0.00875273522975939,True,,1
300,SQ,2024-07-01,2024-07-02,2024,3,0.019212891230244722,0.02813379180994069,True,,1
300,SQ,2024-07-01,2024-07-02,2024,4,-0.023107327455153426,0.004376367614879806,True,,1
300,SQ,2024-07-01,2024-07-02,2024,5,0.0038904450669157153,0.008283838699593815,True,,1
300,SQ,2024-07-01,2024-07-02,2024,6,-0.002945279801581324,0.005314160675210955,True,,1
300,SQ,2024-07-01,2024-07-02,2024,7,0.033426616915422924,0.038918412003751124,True,,1
300,SQ,2024-07-01,2024-07-02,2024,8,0.033849857078381174,0.07408565176617699,True,,1
300,SQ,2024-07-01,2024-07-02,2024,9,0.04889406286379505,0.12660206314473266,True,,1
300,SQ,2024-07-01,2024-07-02,2024,10,0.00854605993340729,0.13623007189746805,True,target60,1
300,BBY,2024-07-02,2024-07-03,2024,1,-0.0057901085645356565,-0.0057901085645356565,True,,1
300,BBY,2024-07-02,2024-07-03,2024,2,-0.0032759039068186446,-0.009047044632086831,True,stop,1
300,SQ,2024-07-02,2024-07-03,2024,1,0.0020183201366248404,0.0020183201366248404,True,,1
300,SQ,2024-07-02,2024-07-03,2024,2,0.019212891230244722,0.021269989132122413,True,,1
300,SQ,2024-07-02,2024-07-03,2024,3,-0.023107327455153426,-0.0023288309268745255,True,,1
300,SQ,2024-07-02,2024-07-03,2024,4,0.0038904450669157153,0.0015525539512499797,True,,1
300,SQ,2024-07-02,2024-07-03,2024,5,-0.002945279801581324,-0.0013972985561249152,True,,1
300,SQ,2024-07-02,2024-07-03,2024,6,0.033426616915422924,0.031982611395745986,True,,1
300,SQ,2024-07-02,2024-07-03,2024,7,0.033849857078381174,0.06691507529886676,True,,1
300,SQ,2024-07-02,2024-07-03,2024,8,0.04889406286379505,0.11908088806086026,True,,1
300,SQ,2024-07-02,2024-07-03,2024,9,0.00854605993340729,0.1286446204005589,True,target60,1
300,SQ,2024-07-03,2024-07-05,2024,1,0.024929884699283145,0.024929884699283145,True,,1
300,SQ,2024-07-03,2024-07-05,2024,2,-0.023107327455153426,0.0012464942349641461,True,,1
300,SQ,2024-07-03,2024-07-05,2024,3,0.0038904450669157153,0.005141788719227103,True,,1
300,SQ,2024-07-03,2024-07-05,2024,4,-0.002945279801581324,0.0021813649111870337,True,,1
300,SQ,2024-07-03,2024-07-05,2024,5,0.033426616915422924,0.03568089747584913,True,,1
300,SQ,2024-07-03,2024-07-05,2024,6,0.033849857078381174,0.07073854783421618,True,,1
300,SQ,2024-07-03,2024-07-05,2024,7,0.04889406286379505,0.12309130570271098,True,,1
300,SQ,2024-07-03,2024-07-05,2024,8,0.00854605993340729,0.13268931131193495,True,target60,1
300,SQ,2024-07-08,2024-07-09,2024,1,0.0004652605459056769,0.0004652605459056769,True,,1
300,SQ,2024-07-08,2024-07-09,2024,2,-0.002945279801581324,-0.002481389578163906,True,,1
300,SQ,2024-07-08,2024-07-09,2024,3,0.033426616915422924,0.03086228287841175,True,,1
300,SQ,2024-07-08,2024-07-09,2024,4,0.033849857078381174,0.06575682382133996,True,,1
300,SQ,2024-07-08,2024-07-09,2024,5,0.04889406286379505,0.1178660049627791,True,,1
300,SQ,2024-07-08,2024-07-09,2024,6,0.00854605993340729,0.12741935483870948,True,target60,1
300,SQ,2024-07-09,2024-07-10,2024,1,-0.006794317479926093,-0.006794317479926093,True,,1
300,SQ,2024-07-09,2024-07-10,2024,2,0.033426616915422924,0.02640518838789374,True,,1
300,SQ,2024-07-09,2024-07-10,2024,3,0.033849857078381174,0.06114885731933284,True,,1
300,SQ,2024-07-09,2024-07-10,2024,4,0.04889406286379505,0.11303273625694854,True,,1
300,SQ,2024-07-09,2024-07-10,2024,5,0.00854605993340729,0.1225447807288449,True,target60,1
300,LULU,2024-07-10,2024-07-11,2024,1,-0.0005183137525914816,-0.0005183137525914816,True,,1
300,LULU,2024-07-10,2024-07-11,2024,2,0.006257562662057126,0.005736005528680144,True,,1
300,LULU,2024-07-10,2024-07-11,2024,3,-0.025286882429739643,-0.01969592259847952,True,stop,1
300,LULU,2024-07-11,2024-07-12,2024,1,-0.005976571838393507,-0.005976571838393507,True,,1
300,LULU,2024-07-11,2024-07-12,2024,2,-0.025286882429739643,-0.031112325398722773,True,stop,1
300,LULU,2024-07-12,2024-07-15,2024,1,-0.020034542314335102,-0.020034542314335102,True,stop,1
300,LULU,2024-07-15,2024-07-16,2024,1,-0.003302417088251852,-0.003302417088251852,True,stop,1
300,LULU,2024-07-16,2024-07-17,2024,1,0.009570450587160106,0.009570450587160106,True,,1
300,LULU,2024-07-16,2024-07-17,2024,2,-0.02633826392921812,-0.017019882395544195,True,,1
300,LULU,2024-07-16,2024-07-17,2024,3,-0.004631253947091407,-0.021572312945112193,True,stop,1
300,LULU,2024-07-17,2024-07-18,2024,1,-0.029058082098450067,-0.029058082098450067,True,,1
300,LULU,2024-07-17,2024-07-18,2024,2,-0.004631253947091407,-0.03355476068812813,True,stop,1
300,CEG,2024-07-18,2024-07-19,2024,1,0.005416887944768911,0.005416887944768911,True,,1
300,CEG,2024-07-18,2024-07-19,2024,2,0.0056518064652439914,0.01109930961232064,True,,1
300,CEG,2024-07-18,2024-07-19,2024,3,-0.002941330952255794,0.008125331917153478,True,,1
300,CEG,2024-07-18,2024-07-19,2024,4,-0.05968498129905708,-0.052044609665427566,True,stop,1
300,LULU,2024-07-18,2024-07-19,2024,1,-0.011291559210984903,-0.011291559210984903,True,stop,1
300,CEG,2024-07-23,2024-07-24,2024,1,-0.05199426416697639,-0.05199426416697639,True,stop,1
300,ALNY,2024-07-24,2024-07-25,2024,1,0.007966439255900681,0.007966439255900681,True,,1
300,ALNY,2024-07-24,2024-07-25,2024,2,-0.012527851347374663,-0.00466121445823986,True,,1
300,ALNY,2024-07-24,2024-07-25,2024,3,0.006513687257865497,0.001822111106402735,True,,1
300,ALNY,2024-07-24,2024-07-25,2024,4,-0.011927924879451823,-0.010127547777448287,True,,1
300,ALNY,2024-07-24,2024-07-25,2024,5,0.016523972602739745,0.006229077503284053,True,,1
300,ALNY,2024-07-24,2024-07-25,2024,6,0.05551250736966229,0.06208737658375352,True,target60,1
300,CCL,2024-07-25,2024-07-26,2024,1,-0.006329113924050556,-0.006329113924050556,True,,1
300,CCL,2024-07-25,2024-07-26,2024,2,-0.0005790387955991738,-0.0069044879171460405,True,,1
300,CCL,2024-07-25,2024-07-26,2024,3,-0.007531865585168163,-0.014384349827387788,True,,1
300,CCL,2024-07-25,2024-07-26,2024,4,-0.0067133683596029,-0.02100115074798614,True,stop,1
300,RCL,2024-07-25,2024-07-26,2024,1,-0.00711283543485286,-0.00711283543485286,True,,1
300,RCL,2024-07-25,2024-07-26,2024,2,-0.010550309345490061,-0.017588102166181674,True,stop,1
300,BKNG,2024-07-26,2024-07-29,2024,1,0.004698669379668674,0.004698669379668674,True,,1
300,BKNG,2024-07-26,2024-07-29,2024,2,-0.008463352564188065,-0.0038044496800621053,True,,1
300,BKNG,2024-07-26,2024-07-29,2024,3,-0.003458849898814509,-0.007250140558485718,True,,1
300,BKNG,2024-07-26,2024-07-29,2024,4,-0.01611911478363115,-0.02325238949425712,True,stop,1
300,CCL,2024-07-26,2024-07-29,2024,1,-0.0046136101499422155,-0.0046136101499422155,True,,1
300,CCL,2024-07-26,2024-07-29,2024,2,-0.007531865585168163,-0.01211072664359869,True,,1
300,CCL,2024-07-26,2024-07-29,2024,3,-0.0067133683596029,-0.018742791234140688,True,stop,1
300,DDOG,2024-07-26,2024-07-29,2024,1,-0.011821916659679688,-0.011821916659679688,True,stop,1
300,RCL,2024-07-26,2024-07-29,2024,1,-0.01854005167958661,-0.01854005167958661,True,stop,1
300,CCL,2024-07-29,2024-07-30,2024,1,-0.011540680900173017,-0.011540680900173017,True,,1
300,CCL,2024-07-29,2024-07-30,2024,2,-0.0067133683596029,-0.018176572417772485,True,stop,1
300,BKNG,2024-07-31,2024-08-01,2024,1,-0.01829273215059346,-0.01829273215059346,True,stop,1
300,DE,2024-08-05,2024-08-06,2024,1,-0.004259115370226496,-0.004259115370226496,True,,1
300,DE,2024-08-05,2024-08-06,2024,2,0.0008381260657206457,-0.0034245589801145115,True,,1
300,DE,2024-08-05,2024-08-06,2024,3,0.007248050822985741,0.003798670465337217,True,,1
300,DE,2024-08-05,2024-08-06,2024,4,-0.008543333046644341,-0.004777115888227046,True,,1
300,DE,2024-08-05,2024-08-06,2024,5,-0.0023421912500360964,-0.007108118219229409,True,,1
300,DE,2024-08-05,2024-08-06,2024,6,0.015738218074314636,0.008518230740452992,True,,1
300,DE,2024-08-05,2024-08-06,2024,7,0.0010557854187474014,0.009583009583009616,True,,1
300,DE,2024-08-05,2024-08-06,2024,8,0.05616555498546272,0.06628679962013284,True,target60,1
300,DXCM,2024-08-29,2024-08-30,2024,1,-0.009428571428571342,-0.009428571428571342,True,,1
300,DXCM,2024-08-29,2024-08-30,2024,2,0.043841938275165804,0.03400000000000003,True,,1
300,DXCM,2024-08-29,2024-08-30,2024,3,-0.035507046145343946,-0.002714285714285669,True,,1
300,DXCM,2024-08-29,2024-08-30,2024,4,-0.02435181206130932,-0.027000000000000024,True,stop,1
300,DXCM,2024-08-30,2024-09-03,2024,1,0.050355536206646345,0.050355536206646345,True,,1
300,DXCM,2024-08-30,2024-09-03,2024,2,-0.035507046145343946,0.013060513713539557,True,,1
300,DXCM,2024-08-30,2024-09-03,2024,3,-0.02435181206130932,-0.011609345523146075,True,stop,1
300,CDNS,2024-09-05,2024-09-06,2024,1,-0.006988286678578537,-0.006988286678578537,True,stop,1
300,FBTC,2024-09-05,2024-09-06,2024,1,-0.01813784764207982,-0.01813784764207982,True,stop,1
300,IBIT,2024-09-05,2024-09-06,2024,1,-0.01796221740476922,-0.01796221740476922,True,stop,1
300,ON,2024-09-05,2024-09-06,2024,1,-0.021708083404741396,-0.021708083404741396,True,stop,1
300,ANET,2024-09-06,2024-09-09,2024,1,0.015160040010002485,0.015160040010002485,True,,1
300,ANET,2024-09-06,2024-09-09,2024,2,0.006096622224959214,0.021349087271817835,True,,1
300,ANET,2024-09-06,2024-09-09,2024,3,0.041970925784238666,0.06421605401350328,True,target60,1
300,MCK,2024-09-06,2024-09-09,2024,1,0.0013371349916428965,0.0013371349916428965,True,,1
300,MCK,2024-09-06,2024-09-09,2024,2,-0.006873122164837153,-0.0055451774653426655,True,,1
300,MCK,2024-09-06,2024-09-09,2024,3,0.008977122179819164,0.003382164978861457,True,,1
300,MCK,2024-09-06,2024-09-09,2024,4,0.001724577184627707,0.005112574968046291,True,,1
300,MCK,2024-09-06,2024-09-09,2024,5,0.01463366917734521,0.019821059876118374,True,,1
300,MCK,2024-09-06,2024-09-09,2024,6,0.0023523513873089374,0.022220037361124767,True,,1
300,MCK,2024-09-06,2024-09-09,2024,7,-0.011964989900932976,0.009989184937567508,True,,1
300,MCK,2024-09-06,2024-09-09,2024,8,-0.0037186301423203227,0.006233408711041166,True,,1
300,MCK,2024-09-06,2024-09-09,2024,9,-0.007465019932775818,-0.0012781437420116282,True,,1
300,MCK,2024-09-06,2024-09-09,2024,10,0.0002953337271116574,-0.0009831874938550644,True,,1
300,MCK,2024-09-06,2024-09-09,2024,11,-0.005599842535183641,-0.006577524333890472,True,,1
300,MCK,2024-09-06,2024-09-09,2024,12,-0.03767777436882047,-0.04400747222495327,True,stop_gap,1
300,PINS,2024-09-06,2024-09-09,2024,1,-0.003558115892917657,-0.003558115892917657,True,,1
300,PINS,2024-09-06,2024-09-09,2024,2,-0.00969222921271895,-0.013215859030836996,True,,1
300,PINS,2024-09-06,2024-09-09,2024,3,-0.01407967032967028,-0.027109454422229784,True,stop,1
300,MCK,2024-09-09,2024-09-10,2024,1,0.0014455445544554468,0.0014455445544554468,True,,1
300,MCK,2024-09-09,2024-09-10,2024,2,0.008977122179819164,0.010435643564356445,True,,1
300,MCK,2024-09-09,2024-09-10,2024,3,0.001724577184627707,0.012178217821782189,True,,1
300,MCK,2024-09-09,2024-09-10,2024,4,0.01463366917734521,0.026990099009901014,True,,1
300,MCK,2024-09-09,2024-09-10,2024,5,0.0023523513873089374,0.029405940594059432,True,,1
300,MCK,2024-09-09,2024-09-10,2024,6,-0.011964989900932976,0.017089108910891104,True,,1
300,MCK,2024-09-09,2024-09-10,2024,7,-0.0037186301423203227,0.013306930693069319,True,,1
300,MCK,2024-09-09,2024-09-10,2024,8,-0.007465019932775818,0.005742574257425748,True,,1
300,MCK,2024-09-09,2024-09-10,2024,9,0.0002953337271116574,0.006039603960396045,True,,1
300,MCK,2024-09-09,2024-09-10,2024,10,-0.005599842535183641,0.0004059405940592953,True,,1
300,MCK,2024-09-09,2024-09-10,2024,11,-0.03767777436882047,-0.03728712871287121,True,stop_gap,1
300,PINS,2024-09-09,2024-09-10,2024,1,-0.012546625974906633,-0.012546625974906633,True,,1
300,PINS,2024-09-09,2024-09-10,2024,2,-0.01407967032967028,-0.026449643947100587,True,stop,1
300,MCK,2024-09-10,2024-09-11,2024,1,0.010415635333953732,0.010415635333953732,True,,1
300,MCK,2024-09-10,2024-09-11,2024,2,0.001724577184627707,0.012158175085641876,True,,1
300,MCK,2024-09-10,2024-09-11,2024,3,0.01463366917734521,0.02696976297499054,True,,1
300,MCK,2024-09-10,2024-09-11,2024,4,0.0023523513873089374,0.02938555672164922,True,,1
300,MCK,2024-09-10,2024-09-11,2024,5,-0.011964989900932976,0.01706896893130838,True,,1
300,MCK,2024-09-10,2024-09-11,2024,6,-0.0037186301423203227,0.013286865606621623,True,,1
300,MCK,2024-09-10,2024-09-11,2024,7,-0.007465019932775818,0.005722658957248328,True,,1
300,MCK,2024-09-10,2024-09-11,2024,8,0.0002953337271116574,0.006019682778558799,True,,1
300,MCK,2024-09-10,2024-09-11,2024,9,-0.005599842535183641,0.00038613096770356847,True,,1
300,MCK,2024-09-10,2024-09-11,2024,10,-0.03767777436882047,-0.0373061919565949,True,stop_gap,1
300,GM,2024-09-11,2024-09-12,2024,1,0.03222197359588286,0.03222197359588286,True,,1
300,GM,2024-09-11,2024-09-12,2024,2,0.0039020160416214367,0.036249720295368215,True,,1
300,GM,2024-09-11,2024-09-12,2024,3,0.021248110559274336,0.058268068919221205,True,target60,1
300,MCK,2024-09-11,2024-09-12,2024,1,0.0024907821448183487,0.0024907821448183487,True,,1
300,MCK,2024-09-11,2024-09-12,2024,2,0.01463366917734521,0.01716090060406361,True,,1
300,MCK,2024-09-11,2024-09-12,2024,3,0.0023523513873089374,0.01955362045971598,True,,1
300,MCK,2024-09-11,2024-09-12,2024,4,-0.011964989900932976,0.00735467168745596,True,,1
300,MCK,2024-09-11,2024-09-12,2024,5,-0.0037186301423203227,0.0036086922413116618,True,,1
300,MCK,2024-09-11,2024-09-12,2024,6,-0.007465019932775818,-0.0038832666509767133,True,,1
300,MCK,2024-09-11,2024-09-12,2024,7,0.0002953337271116574,-0.003589079783478444,True,,1
300,MCK,2024-09-11,2024-09-12,2024,8,-0.005599842535183641,-0.009168824037028345,True,,1
300,MCK,2024-09-11,2024-09-12,2024,9,-0.03767777436882047,-0.04650113752255425,True,stop_gap,1
300,SPXS,2024-09-13,2024-09-16,2024,1,-0.005555555555555536,-0.005555555555555536,True,,1
300,SPXS,2024-09-13,2024-09-16,2024,2,-0.011173184357541888,-0.01666666666666672,True,stop_gap,1
300,TMF,2024-10-02,2024-10-03,2024,1,-0.0045726345409777824,-0.0045726345409777824,True,stop,1
300,DKNG,2024-10-14,2024-10-15,2024,1,0.008458895056833171,0.008458895056833171,True,,1
300,DKNG,2024-10-14,2024-10-15,2024,2,-0.024639580602883293,-0.01638910917261427,True,,1
300,DKNG,2024-10-14,2024-10-15,2024,3,-0.010212308519215285,-0.02643404705260377,True,stop,1
300,KLAC,2024-10-17,2024-10-18,2024,1,0.016438848382315463,0.016438848382315463,True,,1
300,KLAC,2024-10-17,2024-10-18,2024,2,-0.00839581093222952,0.00790501998712445,True,,1
300,KLAC,2024-10-17,2024-10-18,2024,3,-0.004560241232305029,0.003308729956732037,True,,1
300,KLAC,2024-10-17,2024-10-18,2024,4,-0.00822216253320196,-0.004940637491952726,True,,1
300,KLAC,2024-10-17,2024-10-18,2024,5,0.002286986744504338,-0.002664949919901738,True,,1
300,KLAC,2024-10-17,2024-10-18,2024,6,0.01038805073932303,0.007695417184435671,True,,1
300,KLAC,2024-10-17,2024-10-18,2024,7,0.0019017338464051292,0.009611785666162831,True,,1
300,KLAC,2024-10-17,2024-10-18,2024,8,0.03266849558834428,0.04259428383213826,True,,1
300,KLAC,2024-10-17,2024-10-18,2024,9,-0.006562508974985004,0.03575224948722178,True,,1
300,KLAC,2024-10-17,2024-10-18,2024,10,-0.03714892817392046,-0.002724836434955691,True,,1
300,KLAC,2024-10-17,2024-10-18,2024,11,0.005239374878023062,0.002500262003503506,True,,1
300,KLAC,2024-10-17,2024-10-18,2024,12,-0.00928912783751501,-0.006812091087389338,True,,1
300,KLAC,2024-10-17,2024-10-18,2024,13,0.01086858210980135,0.003982453251089257,True,,1
300,KLAC,2024-10-17,2024-10-18,2024,14,-0.0019236791482128979,0.0020511131405984706,True,,1
300,KLAC,2024-10-17,2024-10-18,2024,15,0.02505602868668766,0.0271585345769767,True,,1
300,KLAC,2024-10-17,2024-10-18,2024,16,0.001676213797425996,0.028880271884778486,True,,1
300,KLAC,2024-10-17,2024-10-18,2024,17,-0.030834376182299783,-0.0028446094650637077,True,,1
300,KLAC,2024-10-17,2024-10-18,2024,18,-0.001696620272360061,-0.00453640351533835,True,,1
300,KLAC,2024-10-17,2024-10-18,2024,20,-0.025417355993382462,-0.029838456125641843,True,stop,1
300,AMD,2024-10-18,2024-10-21,2024,1,0.013734676850009508,0.013734676850009508,True,,1
300,AMD,2024-10-18,2024-10-21,2024,2,-0.03469452358341241,-0.021436364803286034,True,stop,1
300,KLAC,2024-10-21,2024-10-22,2024,1,-0.0005518187648207995,-0.0005518187648207995,True,,1
300,KLAC,2024-10-21,2024-10-22,2024,2,-0.00822216253320196,-0.00876944415444958,True,,1
300,KLAC,2024-10-21,2024-10-22,2024,3,0.002286986744504338,-0.006502513012483058,True,,1
300,KLAC,2024-10-21,2024-10-22,2024,4,0.01038805073932303,0.0038179892917331593,True,,1
300,KLAC,2024-10-21,2024-10-22,2024,5,0.0019017338464051292,0.005726983937599739,True,,1
300,KLAC,2024-10-21,2024-10-22,2024,6,0.03266849558834428,0.03858257147544397,True,,1
300,KLAC,2024-10-21,2024-10-22,2024,7,-0.006562508974985004,0.03176686402887352,True,,1
300,KLAC,2024-10-21,2024-10-22,2024,8,-0.03714892817392046,-0.006562169095166381,True,,1
300,KLAC,2024-10-21,2024-10-22,2024,9,0.005239374878023062,-0.001357175881045669,True,,1
300,KLAC,2024-10-21,2024-10-22,2024,10,-0.00928912783751501,-0.010633696738303722,True,,1
300,KLAC,2024-10-21,2024-10-22,2024,11,0.01086858210980135,0.00011931216536664735,True,,1
300,KLAC,2024-10-21,2024-10-22,2024,12,-0.0019236791482128979,-0.0018045965011708187,True,,1
300,KLAC,2024-10-21,2024-10-22,2024,13,0.02505602868668766,0.023206216163815796,True,,1
300,KLAC,2024-10-21,2024-10-22,2024,14,0.001676213797425996,0.024921328540961518,True,,1
300,KLAC,2024-10-21,2024-10-22,2024,15,-0.030834376182299783,-0.006681481260533029,True,,1
300,KLAC,2024-10-21,2024-10-22,2024,16,-0.001696620272360061,-0.008366765596337089,True,,1
300,KLAC,2024-10-21,2024-10-22,2024,18,-0.025417355993382462,-0.03357146053004423,True,stop,1
300,MCHP,2024-10-21,2024-10-22,2024,1,0.010991957104557804,0.010991957104557804,True,,1
300,MCHP,2024-10-21,2024-10-22,2024,2,-0.0019888623707240427,0.008981233243967823,True,,1
300,MCHP,2024-10-21,2024-10-22,2024,3,0.007772020725388629,0.016823056300268258,True,,1
300,MCHP,2024-10-21,2024-10-22,2024,4,0.005734625271900384,0.02265415549597871,True,,1
300,MCHP,2024-10-21,2024-10-22,2024,5,0.011797090051120618,0.03471849865951748,True,,1
300,MCHP,2024-10-21,2024-10-22,2024,6,0.024355486461976827,0.059919571045576436,True,,1
300,MCHP,2024-10-21,2024-10-22,2024,7,-0.044011635259896154,0.013270777479892804,True,,1
300,MCHP,2024-10-21,2024-10-22,2024,8,-0.029501256779997376,-0.016621983914208993,True,,1
300,MCHP,2024-10-21,2024-10-22,2024,9,0.020174482006543037,0.0032171581769437907,True,,1
300,MCHP,2024-10-21,2024-10-22,2024,10,-0.0048102618920363716,-0.0016085790884716733,True,,1
300,MCHP,2024-10-21,2024-10-22,2024,11,0.008995703544575795,0.00737265415549615,True,,1
300,MCHP,2024-10-21,2024-10-22,2024,12,-0.018230206254158388,-0.010991957104557581,True,,1
300,MCHP,2024-10-21,2024-10-22,2024,13,0.0074545947411222,-0.0036193029490616535,True,,1
300,MCHP,2024-10-21,2024-10-22,2024,14,-0.01950760123772366,-0.023056300268096463,True,,1
300,MCHP,2024-10-21,2024-10-22,2024,15,-0.015299121844127295,-0.03800268096514736,True,stop,1
300,KLAC,2024-10-22,2024-10-23,2024,1,-1.504573904664852e-05,-1.504573904664852e-05,True,,1
300,KLAC,2024-10-22,2024-10-23,2024,2,0.002286986744504338,0.0022719065960519202,True,,1
300,KLAC,2024-10-22,2024-10-23,2024,3,0.01038805073932303,0.012683558016369778,True,,1
300,KLAC,2024-10-22,2024-10-23,2024,4,0.0019017338464051292,0.014609412614347672,True,,1
300,KLAC,2024-10-22,2024-10-23,2024,5,0.03266849558834428,0.04775517573423205,True,,1
300,KLAC,2024-10-22,2024-10-23,2024,6,-0.006562508974985004,0.04087927298988925,True,,1
300,KLAC,2024-10-22,2024-10-23,2024,7,-0.03714892817392046,0.002211723639865326,True,,1
300,KLAC,2024-10-22,2024-10-23,2024,8,0.005239374878023062,0.007462686567164312,True,,1
300,KLAC,2024-10-22,2024-10-23,2024,9,-0.00928912783751501,-0.001895763119884486,True,,1
300,KLAC,2024-10-22,2024-10-23,2024,10,0.01086858210980135,0.008952214732787844,True,,1
300,KLAC,2024-10-22,2024-10-23,2024,11,-0.0019236791482128979,0.00701131439576308,True,,1
300,KLAC,2024-10-22,2024-10-23,2024,12,0.02505602868668766,0.032243018777082355,True,,1
300,KLAC,2024-10-22,2024-10-23,2024,13,0.001676213797425996,0.03397327876745315,True,,1
300,KLAC,2024-10-22,2024-10-23,2024,14,-0.030834376182299783,0.002091357727491472,True,,1
300,KLAC,2024-10-22,2024-10-23,2024,15,-0.001696620272360061,0.0003911892152141938,True,,1
300,KLAC,2024-10-22,2024-10-23,2024,17,-0.025417355993382462,-0.025036109773712067,True,stop,1
300,MCHP,2024-10-22,2024-10-23,2024,1,-0.006861063464837169,-0.006861063464837169,True,,1
300,MCHP,2024-10-22,2024-10-23,2024,2,0.007772020725388629,0.0008576329331047017,True,,1
300,MCHP,2024-10-22,2024-10-23,2024,3,0.005734625271900384,0.006597176408497107,True,,1
300,MCHP,2024-10-22,2024-10-23,2024,4,0.011797090051120618,0.0184720939437919,True,,1
300,MCHP,2024-10-22,2024-10-23,2024,5,0.024355486461976827,0.04327747723974129,True,,1
300,MCHP,2024-10-22,2024-10-23,2024,6,-0.044011635259896154,-0.002638870563398954,True,,1
300,MCHP,2024-10-22,2024-10-23,2024,7,-0.029501256779997376,-0.03206227734529632,True,,1
300,MCHP,2024-10-22,2024-10-23,2024,8,0.020174482006543037,-0.012534635176144615,True,,1
300,MCHP,2024-10-22,2024-10-23,2024,9,-0.0048102618920363716,-0.01728460219026262,True,,1
300,MCHP,2024-10-22,2024-10-23,2024,10,0.008995703544575795,-0.00844438580287643,True,,1
300,MCHP,2024-10-22,2024-10-23,2024,11,-0.018230206254158388,-0.026520649162158683,True,,1
300,MCHP,2024-10-22,2024-10-23,2024,12,0.0074545947411222,-0.019263755112811864,True,,1
300,MCHP,2024-10-22,2024-10-23,2024,13,-0.01950760123772366,-0.03839556669745359,True,,1
300,MCHP,2024-10-22,2024-10-23,2024,14,-0.015299121844127295,-0.053107270088402214,True,stop,1
300,INTC,2024-10-23,2024-10-24,2024,1,0.011317338162064372,0.011317338162064372,True,,1
300,INTC,2024-10-23,2024-10-24,2024,2,0.014771709937332123,0.026256224535989192,True,,1
300,INTC,2024-10-23,2024-10-24,2024,3,0.01191001323334806,0.03847894975101873,True,,1
300,INTC,2024-10-23,2024-10-24,2024,4,-0.00043591979075852105,0.038026256224535926,True,,1
300,INTC,2024-10-23,2024-10-24,2024,5,-0.02834714348015699,0.00860117700316887,True,,1
300,INTC,2024-10-23,2024-10-24,2024,6,-0.02827648114901271,-0.01991851516523324,True,stop,1
300,KLAC,2024-10-24,2024-10-25,2024,1,0.005077127540430437,0.005077127540430437,True,,1
300,KLAC,2024-10-24,2024-10-25,2024,2,0.0019017338464051292,0.006988516732121974,True,,1
300,KLAC,2024-10-24,2024-10-25,2024,3,0.03266849558834428,0.03988531664849848,True,,1
300,KLAC,2024-10-24,2024-10-25,2024,4,-0.006562508974985004,0.033061059925037606,True,,1
300,KLAC,2024-10-24,2024-10-25,2024,5,-0.03714892817392046,-0.005316051189391713,True,,1
300,KLAC,2024-10-24,2024-10-25,2024,6,0.005239374878023062,-0.00010452909642055808,True,,1
300,KLAC,2024-10-24,2024-10-25,2024,7,-0.00928912783751501,-0.009392685949796142,True,,1
300,KLAC,2024-10-24,2024-10-25,2024,8,0.01086858210980135,0.001373810981528223,True,,1
300,KLAC,2024-10-24,2024-10-25,2024,9,-0.0019236791482128979,-0.0005525109382232829,True,,1
300,KLAC,2024-10-24,2024-10-25,2024,10,0.02505602868668766,0.024489674018546514,True,,1
300,KLAC,2024-10-24,2024-10-25,2024,11,0.001676213797425996,0.026206937745456793,True,,1
300,KLAC,2024-10-24,2024-10-25,2024,12,-0.030834376182299783,-0.005435513013872462,True,,1
300,KLAC,2024-10-24,2024-10-25,2024,13,-0.001696620272360061,-0.007122911284662581,True,,1
300,KLAC,2024-10-24,2024-10-25,2024,15,-0.025417355993382462,-0.032359221706213415,True,stop,1
300,KLAC,2024-10-25,2024-10-28,2024,1,0.0005192878338278195,0.0005192878338278195,True,,1
300,KLAC,2024-10-25,2024-10-28,2024,2,0.03266849558834428,0.03320474777448079,True,,1
300,KLAC,2024-10-25,2024-10-28,2024,3,-0.006562508974985004,0.026424332344213486,True,,1
300,KLAC,2024-10-25,2024-10-28,2024,4,-0.03714892817392046,-0.011706231454005955,True,,1
300,KLAC,2024-10-25,2024-10-28,2024,5,0.005239374878023062,-0.006528189910979143,True,,1
300,KLAC,2024-10-25,2024-10-28,2024,6,-0.00928912783751501,-0.015756676557863503,True,,1
300,KLAC,2024-10-25,2024-10-28,2024,7,0.01086858210980135,-0.005059347181008866,True,,1
300,KLAC,2024-10-25,2024-10-28,2024,8,-0.0019236791482128979,-0.006973293768546052,True,,1
300,KLAC,2024-10-25,2024-10-28,2024,9,0.02505602868668766,0.017908011869436358,True,,1
300,KLAC,2024-10-25,2024-10-28,2024,10,0.001676213797425996,0.019614243323442082,True,,1
300,KLAC,2024-10-25,2024-10-28,2024,11,-0.030834376182299783,-0.01182492581602379,True,,1
300,KLAC,2024-10-25,2024-10-28,2024,12,-0.001696620272360061,-0.013501483679525306,True,,1
300,KLAC,2024-10-25,2024-10-28,2024,14,-0.025417355993382462,-0.03857566765578635,True,stop,1
300,SQQQ,2024-10-25,2024-10-28,2024,1,0.01935483870967758,0.01935483870967758,True,,1
300,SQQQ,2024-10-25,2024-10-28,2024,2,-0.025316455696202667,-0.006451612903225823,True,stop,1
300,KLAC,2024-10-28,2024-10-29,2024,1,0.03011745214638628,0.03011745214638628,True,,1
300,KLAC,2024-10-28,2024-10-29,2024,2,-0.006562508974985004,0.0233572971213869,True,,1
300,KLAC,2024-10-28,2024-10-29,2024,3,-0.03714892817392046,-0.014659329605632876,True,,1
300,KLAC,2024-10-28,2024-10-29,2024,4,0.005239374878023062,-0.00949676045087422,True,,1
300,KLAC,2024-10-28,2024-10-29,2024,5,-0.00928912783751501,-0.0186976716665187,True,,1
300,KLAC,2024-10-28,2024-10-29,2024,6,0.01086858210980135,-0.008032306736487027,True,,1
300,KLAC,2024-10-28,2024-10-29,2024,7,-0.0019236791482128979,-0.009940534303718884,True,,1
300,KLAC,2024-10-28,2024-10-29,2024,8,0.02505602868668766,0.014866424070293816,True,,1
300,KLAC,2024-10-28,2024-10-29,2024,9,0.001676213797425996,0.016567557172864733,True,,1
300,KLAC,2024-10-28,2024-10-29,2024,10,-0.030834376182299783,-0.014777669299724905,True,,1
300,KLAC,2024-10-28,2024-10-29,2024,11,-0.001696620272360061,-0.016449217478772815,True,,1
300,KLAC,2024-10-28,2024-10-29,2024,13,-0.025417355993382462,-0.04144847785568473,True,stop,1
300,FANG,2024-10-29,2024-10-30,2024,1,-0.001187379848467729,-0.001187379848467729,True,,1
300,FANG,2024-10-29,2024-10-30,2024,2,0.0006793093688084451,-0.0005088770779148044,True,,1
300,FANG,2024-10-29,2024-10-30,2024,3,-0.009107880296430504,-0.009612122582833948,True,stop,1
300,FANG,2024-10-30,2024-10-31,2024,1,-0.00885898514157546,-0.00885898514157546,True,,1
300,FANG,2024-10-30,2024-10-31,2024,2,-0.009107880296430504,-0.01788617886178856,True,stop,1
300,FANG,2024-10-31,2024-11-01,2024,1,-0.01262683201803838,-0.01262683201803838,True,stop,1
300,MU,2024-10-31,2024-11-01,2024,1,-0.007587859424920018,-0.007587859424920018,True,stop,1
300,FANG,2024-11-01,2024-11-04,2024,1,0.0084741006790503,0.0084741006790503,True,,1
300,FANG,2024-11-01,2024-11-04,2024,2,-0.026711185308847973,-0.01846343790336158,True,stop_gap,1
300,MU,2024-11-01,2024-11-04,2024,1,0.002463296876539456,0.002463296876539456,True,,1
300,MU,2024-11-01,2024-11-04,2024,2,0.036760369569490914,0.03931421814957137,True,,1
300,MU,2024-11-01,2024-11-04,2024,3,0.0274933636708381,0.06788846191743025,True,target_gap,1
300,MU,2024-11-04,2024-11-05,2024,1,0.03401627291442022,0.03401627291442022,True,,1
300,MU,2024-11-04,2024-11-05,2024,2,0.0274933636708381,0.0624448583472208,True,target_gap,1
300,SLV,2024-11-08,2024-11-11,2024,1,-0.001787629603146157,-0.001787629603146157,True,stop,1
300,SLV,2024-11-11,2024-11-12,2024,1,-0.0028571428571427804,-0.0028571428571427804,True,stop,1
300,TTD,2024-11-15,2024-11-18,2024,1,-0.006442315843011026,-0.006442315843011026,True,,1
300,TTD,2024-11-15,2024-11-18,2024,2,0.018513778687825333,0.01195219123505975,True,,1
300,TTD,2024-11-15,2024-11-18,2024,3,0.037778522365555345,0.050182249724506356,True,,1
300,TTD,2024-11-15,2024-11-18,2024,4,0.014884171442408611,0.0658133423751801,True,target60,1
300,TTD,2024-11-18,2024-11-19,2024,1,0.027101436806332257,0.027101436806332257,True,,1
300,TTD,2024-11-18,2024-11-19,2024,2,0.037778522365555345,0.06590381140841428,True,,1
300,TTD,2024-11-18,2024-11-19,2024,3,0.014884171442408611,0.08176890647853408,True,target60,1
300,KLAC,2024-11-20,2024-11-21,2024,1,0.0088085377508762,0.0088085377508762,True,,1
300,KLAC,2024-11-20,2024-11-21,2024,2,0.010579003047384461,0.01948072634596998,True,,1
300,KLAC,2024-11-20,2024-11-21,2024,3,0.0071715388341171415,0.02679197196559424,True,,1
300,KLAC,2024-11-20,2024-11-21,2024,4,-0.020399615277217564,0.005845810767760584,True,,1
300,KLAC,2024-11-20,2024-11-21,2024,5,0.0013302294645824997,0.007183816502070783,True,,1
300,KLAC,2024-11-20,2024-11-21,2024,6,0.0248137780519051,0.03217585218222374,True,,1
300,KLAC,2024-11-20,2024-11-21,2024,7,0.024842592592592805,0.057817776361898776,True,target60,1
300,DELL,2024-12-10,2024-12-11,2024,1,0.007809847198641862,0.007809847198641862,True,,1
300,DELL,2024-12-10,2024-12-11,2024,2,0.0038746630727763964,0.011714770797962792,True,,1
300,DELL,2024-12-10,2024-12-11,2024,3,-0.006209095485819827,0.005432937181663933,True,,1
300,DELL,2024-12-10,2024-12-11,2024,4,0.007007767646065588,0.012478777589134182,True,,1
300,DELL,2024-12-10,2024-12-11,2024,5,-0.007881277773119755,0.0044991511035654685,True,,1
300,DELL,2024-12-10,2024-12-11,2024,6,-0.047832333305163455,-0.04354838709677411,True,,1
300,DELL,2024-12-10,2024-12-11,2024,7,-0.011271855862252544,-0.05432937181663833,True,stop,1
300,INTC,2024-12-10,2024-12-11,2024,1,-0.009181141439205898,-0.009181141439205898,True,stop,1
300,INTC,2024-12-11,2024-12-12,2024,1,-0.0027472527472527375,-0.0027472527472527375,True,stop,1
300,FCX,2024-12-12,2024-12-13,2024,1,-0.0033549005511620544,-0.0033549005511620544,True,,1
300,FCX,2024-12-12,2024-12-13,2024,2,-0.020437605193556196,-0.02372393961178998,True,,1
300,FCX,2024-12-12,2024-12-13,2024,3,-0.01448208149239083,-0.03786244907740233,True,stop_gap,1
300,INTC,2024-12-12,2024-12-13,2024,1,-0.012141816415735751,-0.012141816415735751,True,,1
300,INTC,2024-12-12,2024-12-13,2024,2,0.023107177974434512,0.010684798445847354,True,,1
300,INTC,2024-12-12,2024-12-13,2024,3,-0.01826045170591062,-0.007770762506070894,True,,1
300,INTC,2024-12-12,2024-12-13,2024,4,-0.022760646108663685,-0.030354541039339433,True,stop,1
300,FCX,2024-12-13,2024-12-16,2024,1,-0.011404998786702203,-0.011404998786702203,True,,1
300,FCX,2024-12-13,2024-12-16,2024,2,-0.01448208149239083,-0.0257219121572434,True,stop_gap,1
300,INTC,2024-12-13,2024-12-16,2024,1,0.03224206349206349,0.03224206349206349,True,,1
300,INTC,2024-12-13,2024-12-16,2024,2,-0.01826045170591062,0.013392857142857206,True,,1
300,INTC,2024-12-13,2024-12-16,2024,3,-0.022760646108663685,-0.009672619047619069,True,stop,1
300,INTC,2024-12-16,2024-12-17,2024,1,-0.010653753026634294,-0.010653753026634294,True,,1
300,INTC,2024-12-16,2024-12-17,2024,2,-0.022760646108663685,-0.03317191283292975,True,stop,1
300,CEG,2024-12-17,2024-12-18,2024,1,-0.036488562649368284,-0.036488562649368284,True,,1
300,CEG,2024-12-17,2024-12-18,2024,2,-0.00265757186517257,-0.03904916353704335,True,,1
300,CEG,2024-12-17,2024-12-18,2024,3,-0.01669849447084426,-0.05509559576647316,True,stop,1
300,INTC,2024-12-17,2024-12-18,2024,1,-0.025146484375,-0.025146484375,True,stop,1
300,CEG,2024-12-18,2024-12-19,2024,1,-0.01612339421480391,-0.01612339421480391,True,,1
300,CEG,2024-12-18,2024-12-19,2024,2,-0.01669849447084426,-0.03255265227650095,True,stop,1
300,DELL,2024-12-18,2024-12-19,2024,1,-0.024774577606583192,-0.024774577606583192,True,stop,1
300,CEG,2024-12-19,2024-12-20,2024,1,-0.0018033452053559662,-0.0018033452053559662,True,stop,1
300,CEG,2024-12-20,2024-12-23,2024,1,0.004753939607359703,0.004753939607359703,True,,1
300,CEG,2024-12-20,2024-12-23,2024,2,0.0058266888635767344,0.010608328197904804,True,,1
300,CEG,2024-12-20,2024-12-23,2024,3,-0.0041378108802648805,0.006426622061801224,True,,1
300,CEG,2024-12-20,2024-12-23,2024,4,-0.00914100769769055,-0.002773131437626586,True,,1
300,CEG,2024-12-20,2024-12-23,2024,5,-0.0011035091591260482,-0.003873580420811651,True,,1
300,CEG,2024-12-20,2024-12-23,2024,6,-0.011444984533804714,-0.015274231886609702,True,,1
300,CEG,2024-12-20,2024-12-23,2024,7,0.08470788073845603,0.06813980103882389,True,,1
300,CEG,2024-12-20,2024-12-23,2024,8,0.040468144729250755,0.11136543709833613,True,,1
300,CEG,2024-12-20,2024-12-23,2024,9,0.036707858048162345,0.1521612818029756,True,target60,1
300,KWEB,2024-12-20,2024-12-23,2024,1,0.00771553170077155,0.00771553170077155,True,,1
300,KWEB,2024-12-20,2024-12-23,2024,2,0.006990679094540653,0.014760147601476037,True,,1
300,KWEB,2024-12-20,2024-12-23,2024,3,-0.004297520661156962,0.01039919490104002,True,,1
300,KWEB,2024-12-20,2024-12-23,2024,4,-0.014940239043824688,-0.004696410600469547,True,stop,1
300,CEG,2024-12-23,2024-12-24,2024,1,0.0027515723270439274,0.0027515723270439274,True,,1
300,CEG,2024-12-23,2024-12-24,2024,2,-0.0041378108802648805,-0.0013976240391335715,True,,1
300,CEG,2024-12-23,2024-12-24,2024,3,-0.00914100769769055,-0.010525856044724002,True,,1
300,CEG,2024-12-23,2024-12-24,2024,4,-0.0011035091591260482,-0.011617749825296952,True,,1
300,CEG,2024-12-23,2024-12-24,2024,5,-0.011444984533804714,-0.022929769392033506,True,,1
300,CEG,2024-12-23,2024-12-24,2024,6,0.08470788073845603,0.05983577917540184,True,,1
300,CEG,2024-12-23,2024-12-24,2024,7,0.040468144729250755,0.10272536687631018,True,,1
300,CEG,2024-12-23,2024-12-24,2024,8,0.036707858048162345,0.1432040531097134,True,target60,1
300,KWEB,2024-12-23,2024-12-24,2024,1,0.0009927200529451508,0.0009927200529451508,True,,1
300,KWEB,2024-12-23,2024-12-24,2024,2,-0.004297520661156962,-0.0033090668431501324,True,,1
300,KWEB,2024-12-23,2024-12-24,2024,3,-0.014940239043824688,-0.018199867637326173,True,stop,1
300,CEG,2024-12-24,2024-12-26,2024,1,0.0003062519140744069,0.0003062519140744069,True,,1
300,CEG,2024-12-24,2024-12-26,2024,2,-0.00914100769769055,-0.008837555234720185,True,,1
300,CEG,2024-12-24,2024-12-26,2024,3,-0.0011035091591260482,-0.009931312070700415,True,,1
300,CEG,2024-12-24,2024-12-26,2024,4,-0.011444984533804714,-0.02126263289145547,True,,1
300,CEG,2024-12-24,2024-12-26,2024,5,0.08470788073845603,0.061644135275845446,True,,1
300,CEG,2024-12-24,2024-12-26,2024,6,0.040468144729250755,0.10460690379314874,True,,1
300,CEG,2024-12-24,2024-12-26,2024,7,0.036707858048162345,0.14515465721660759,True,target60,1
300,KWEB,2024-12-24,2024-12-26,2024,1,0.0040000000000000036,0.0040000000000000036,True,,1
300,KWEB,2024-12-24,2024-12-26,2024,2,-0.014940239043824688,-0.010999999999999899,True,stop,1
300,CEG,2024-12-26,2024-12-27,2024,1,-0.007143483215005686,-0.007143483215005686,True,,1
300,CEG,2024-12-26,2024-12-27,2024,2,-0.0011035091591260482,-0.008239109474975859,True,,1
300,CEG,2024-12-26,2024-12-27,2024,3,-0.011444984533804714,-0.019589797528267172,True,,1
300,CEG,2024-12-26,2024-12-27,2024,4,0.08470788073845603,0.06345867297747398,True,,1
300,CEG,2024-12-26,2024-12-27,2024,5,0.040468144729250755,0.10649487246910327,True,,1
300,CEG,2024-12-26,2024-12-27,2024,6,0.036707858048162345,0.1471119291787184,True,target60,1
300,KWEB,2024-12-26,2024-12-27,2024,1,-0.001682368775235421,-0.001682368775235421,True,stop,1
300,DKNG,2025-01-02,2025-01-03,2025,1,0.038824181919023815,0.038824181919023815,True,,1
300,DKNG,2025-01-02,2025-01-03,2025,2,-0.005339028296850068,0.03327787021630613,True,,1
300,DKNG,2025-01-02,2025-01-03,2025,3,0.0024154589371980784,0.035773710482529086,True,,1
300,DKNG,2025-01-02,2025-01-03,2025,4,0.027041499330655805,0.06378258458125341,True,,1
300,DKNG,2025-01-02,2025-01-03,2025,5,0.029457768508863502,0.09511924570160835,True,,1
300,DKNG,2025-01-02,2025-01-03,2025,6,0.00860977462648771,0.10454797559622842,True,,1
300,DKNG,2025-01-02,2025-01-03,2025,7,0.0047702736630681475,0.10981697171381044,True,,1
300,DKNG,2025-01-02,2025-01-03,2025,8,0.038630684657670944,0.1526899611758179,True,target60,1
300,FERG,2025-01-02,2025-01-03,2025,1,-0.002919290211791603,-0.002919290211791603,True,,1
300,FERG,2025-01-02,2025-01-03,2025,2,-5.740857684133349e-05,-0.0029765311963364516,True,,1
300,FERG,2025-01-02,2025-01-03,2025,3,-0.012515788265013206,-0.015455065827132186,True,stop,1
300,GDX,2025-01-02,2025-01-03,2025,1,-0.005960828839057464,-0.005960828839057464,True,,1
300,GDX,2025-01-02,2025-01-03,2025,2,-0.012849800114220544,-0.018734033494181013,True,,1
300,GDX,2025-01-02,2025-01-03,2025,3,0.014463407578825471,-0.004541583877377131,True,,1
300,GDX,2025-01-02,2025-01-03,2025,4,0.02423723980610215,0.019585580471189523,True,,1
300,GDX,2025-01-02,2025-01-03,2025,5,0.00111358574610243,0.020720976440533834,True,,1
300,GDX,2025-01-02,2025-01-03,2025,6,-0.01696329254727469,0.0034061879080331536,True,,1
300,GDX,2025-01-02,2025-01-03,2025,7,0.02857142857142847,0.03207493613397672,True,,1
300,GDX,2025-01-02,2025-01-03,2025,8,0.009625962596259585,0.04200965086573949,True,,1
300,GDX,2025-01-02,2025-01-03,2025,9,-0.0029964587305910673,0.0388873119500428,True,,1
300,GDX,2025-01-02,2025-01-03,2025,10,0.005191256830600954,0.04428044280442811,True,,1
300,GDX,2025-01-02,2025-01-03,2025,11,0.022832291383528158,0.06812375816065863,True,,1
300,GDX,2025-01-02,2025-01-03,2025,12,-0.0026574541589158285,0.06528526823729797,True,,1
300,GDX,2025-01-02,2025-01-03,2025,13,-0.0005329070077272346,0.0647175702526257,True,,1
300,GDX,2025-01-02,2025-01-03,2025,14,0.011996800853105949,0.07749077490774914,True,,1
300,GDX,2025-01-02,2025-01-03,2025,15,-0.015542676501580699,0.0607436843599205,True,,1
300,GDX,2025-01-02,2025-01-03,2025,16,0.008563018464008643,0.06982685211467499,True,,1
300,GDX,2025-01-02,2025-01-03,2025,17,0.005837092066861116,0.07607152994606858,True,,1
300,GDX,2025-01-02,2025-01-03,2025,18,0.03956739646531249,0.11864887879648034,True,,1
300,GDX,2025-01-02,2025-01-03,2025,19,-0.011672164425272635,0.10559182514902088,True,,1
300,GDX,2025-01-02,2025-01-03,2025,20,0.015147625160462086,0.12233891569684929,True,time_h20,1
300,UNH,2025-01-02,2025-01-03,2025,1,0.013133208255159401,0.013133208255159401,True,,1
300,UNH,2025-01-02,2025-01-03,2025,2,0.0011111111111112848,0.014258911819887476,True,,1
300,UNH,2025-01-02,2025-01-03,2025,3,0.0010125202017250423,0.015285869457884793,True,,1
300,UNH,2025-01-02,2025-01-03,2025,4,0.019704720963255484,0.035291794213488714,True,,1
300,UNH,2025-01-02,2025-01-03,2025,5,-0.00700087749418199,0.028043843191468243,True,,1
300,UNH,2025-01-02,2025-01-03,2025,6,0.04024589376620891,0.06941838649155718,True,,1
300,UNH,2025-01-02,2025-01-03,2025,7,0.004136657433056357,0.0738422040090847,True,,1
300,UNH,2025-01-02,2025-01-03,2025,8,-0.0010299039982345493,0.0727362496297026,True,,1
300,UNH,2025-01-02,2025-01-03,2025,9,-0.05935417357045536,0.00906487607386186,True,,1
300,UNH,2025-01-02,2025-01-03,2025,10,-0.0015657415743531855,0.007484941246173493,True,,1
300,UNH,2025-01-02,2025-01-03,2025,11,0.02891363155212301,0.03661498963167764,True,,1
300,UNH,2025-01-02,2025-01-03,2025,12,-0.010859418163805645,0.025357953984398218,True,,1
300,UNH,2025-01-02,2025-01-03,2025,13,0.019742290876172408,0.04560086896415538,True,,1
300,UNH,2025-01-02,2025-01-03,2025,14,0.005798579631308476,0.05166386886540919,True,,1
300,UNH,2025-01-02,2025-01-03,2025,15,0.02105124786389001,0.07380270563839253,True,,1
300,UNH,2025-01-02,2025-01-03,2025,16,-0.0025564628853086413,0.07105756887528392,True,,1
300,UNH,2025-01-02,2025-01-03,2025,17,-0.008150019360905869,0.062328428952305615,True,,1
300,UNH,2025-01-02,2025-01-03,2025,18,0.014537747950400748,0.07777229189295931,True,,1
300,UNH,2025-01-02,2025-01-03,2025,19,-0.00568046469866057,0.07165004443566692,True,,1
300,UNH,2025-01-02,2025-01-03,2025,20,0.010264821333136886,0.08265034067344734,True,time_h20,1
300,GDX,2025-01-03,2025-01-06,2025,1,-0.012285714285714233,-0.012285714285714233,True,,1
300,GDX,2025-01-03,2025-01-06,2025,2,0.014463407578825471,0.0020000000000000018,True,,1
300,GDX,2025-01-03,2025-01-06,2025,3,0.02423723980610215,0.026285714285714246,True,,1
300,GDX,2025-01-03,2025-01-06,2025,4,0.00111358574610243,0.027428571428571358,True,,1
300,GDX,2025-01-03,2025-01-06,2025,5,-0.01696329254727469,0.010000000000000009,True,,1
300,GDX,2025-01-03,2025-01-06,2025,6,0.02857142857142847,0.03885714285714292,True,,1
300,GDX,2025-01-03,2025-01-06,2025,7,0.009625962596259585,0.04885714285714293,True,,1
300,GDX,2025-01-03,2025-01-06,2025,8,-0.0029964587305910673,0.04571428571428582,True,,1
300,GDX,2025-01-03,2025-01-06,2025,9,0.005191256830600954,0.05114285714285716,True,,1
300,GDX,2025-01-03,2025-01-06,2025,10,0.022832291383528158,0.07514285714285718,True,,1
300,GDX,2025-01-03,2025-01-06,2025,11,-0.0026574541589158285,0.07228571428571429,True,,1
300,GDX,2025-01-03,2025-01-06,2025,12,-0.0005329070077272346,0.07171428571428562,True,,1
300,GDX,2025-01-03,2025-01-06,2025,13,0.011996800853105949,0.08457142857142852,True,,1
300,GDX,2025-01-03,2025-01-06,2025,14,-0.015542676501580699,0.06771428571428562,True,,1
300,GDX,2025-01-03,2025-01-06,2025,15,0.008563018464008643,0.07685714285714274,True,,1
300,GDX,2025-01-03,2025-01-06,2025,16,0.005837092066861116,0.08314285714285696,True,,1
300,GDX,2025-01-03,2025-01-06,2025,17,0.03956739646531249,0.1259999999999999,True,,1
300,GDX,2025-01-03,2025-01-06,2025,18,-0.011672164425272635,0.11285714285714299,True,,1
300,GDX,2025-01-03,2025-01-06,2025,19,0.015147625160462086,0.12971428571428567,True,,1
300,GDX,2025-01-03,2025-01-06,2025,20,0.01325240263024785,0.1446857142857143,True,target60,1
300,GDX,2025-01-06,2025-01-07,2025,1,-0.005106382978723345,-0.005106382978723345,True,,1
300,GDX,2025-01-06,2025-01-07,2025,2,0.02423723980610215,0.019007092198581654,True,,1
300,GDX,2025-01-06,2025-01-07,2025,3,0.00111358574610243,0.020141843971631213,True,,1
300,GDX,2025-01-06,2025-01-07,2025,4,-0.01696329254727469,0.0028368794326241176,True,,1
300,GDX,2025-01-06,2025-01-07,2025,5,0.02857142857142847,0.03148936170212768,True,,1
300,GDX,2025-01-06,2025-01-07,2025,6,0.009625962596259585,0.04141843971631198,True,,1
300,GDX,2025-01-06,2025-01-07,2025,7,-0.0029964587305910673,0.038297872340425476,True,,1
300,GDX,2025-01-06,2025-01-07,2025,8,0.005191256830600954,0.04368794326241132,True,,1
300,GDX,2025-01-06,2025-01-07,2025,9,0.022832291383528158,0.06751773049645404,True,,1
300,GDX,2025-01-06,2025-01-07,2025,10,-0.0026574541589158285,0.06468085106382992,True,,1
300,GDX,2025-01-06,2025-01-07,2025,11,-0.0005329070077272346,0.06411347517730492,True,,1
300,GDX,2025-01-06,2025-01-07,2025,12,0.011996800853105949,0.07687943262411356,True,,1
300,GDX,2025-01-06,2025-01-07,2025,13,-0.015542676501580699,0.060141843971631026,True,,1
300,GDX,2025-01-06,2025-01-07,2025,14,0.008563018464008643,0.06921985815602838,True,,1
300,GDX,2025-01-06,2025-01-07,2025,15,0.005837092066861116,0.0754609929078014,True,,1
300,GDX,2025-01-06,2025-01-07,2025,16,0.03956739646531249,0.11801418439716294,True,,1
300,GDX,2025-01-06,2025-01-07,2025,17,-0.011672164425272635,0.10496453900709235,True,,1
300,GDX,2025-01-06,2025-01-07,2025,18,0.015147625160462086,0.12170212765957444,True,,1
300,GDX,2025-01-06,2025-01-07,2025,19,0.01325240263024785,0.1365673758865249,True,target60,1
300,GDX,2025-01-07,2025-01-08,2025,1,0.014116318464144628,0.014116318464144628,True,,1
300,GDX,2025-01-07,2025-01-08,2025,2,0.00111358574610243,0.015245623941276154,True,,1
300,GDX,2025-01-07,2025-01-08,2025,3,-0.01696329254727469,-0.0019762845849802257,True,,1
300,GDX,2025-01-07,2025-01-08,2025,4,0.02857142857142847,0.026538678712591635,True,,1
300,GDX,2025-01-07,2025-01-08,2025,5,0.009625962596259585,0.036420101637492985,True,,1
300,GDX,2025-01-07,2025-01-08,2025,6,-0.0029964587305910673,0.033314511575381234,True,,1
300,GDX,2025-01-07,2025-01-08,2025,7,0.005191256830600954,0.03867871259175604,True,,1
300,GDX,2025-01-07,2025-01-08,2025,8,0.022832291383528158,0.06239412761151897,True,,1
300,GDX,2025-01-07,2025-01-08,2025,9,-0.0026574541589158285,0.05957086391869004,True,,1
300,GDX,2025-01-07,2025-01-08,2025,10,-0.0005329070077272346,0.05900621118012417,True,,1
300,GDX,2025-01-07,2025-01-08,2025,11,0.011996800853105949,0.07171089779785422,True,,1
300,GDX,2025-01-07,2025-01-08,2025,12,-0.015542676501580699,0.05505364201016372,True,,1
300,GDX,2025-01-07,2025-01-08,2025,13,0.008563018464008643,0.06408808582721615,True,,1
300,GDX,2025-01-07,2025-01-08,2025,14,0.005837092066861116,0.07029926595143965,True,,1
300,GDX,2025-01-07,2025-01-08,2025,15,0.03956739646531249,0.11264822134387331,True,,1
300,GDX,2025-01-07,2025-01-08,2025,16,-0.011672164425272635,0.09966120835686065,True,,1
300,GDX,2025-01-07,2025-01-08,2025,17,0.015147625160462086,0.11631846414455094,True,,1
300,GDX,2025-01-07,2025-01-08,2025,18,0.01325240263024785,0.13111236589497444,True,target60,1
300,SHOP,2025-01-07,2025-01-08,2025,1,0.011269722013523609,0.011269722013523609,True,,1
300,SHOP,2025-01-07,2025-01-08,2025,2,-0.03473254086181288,-0.0238542449286252,True,stop_gap,1
300,MCHP,2025-01-08,2025-01-10,2025,1,-0.0037851478010092476,-0.0037851478010092476,True,stop,1
300,WDAY,2025-01-10,2025-01-13,2025,1,-0.004756721893014126,-0.004756721893014126,True,stop,1
300,SQQQ,2025-02-05,2025-02-06,2025,1,-0.012761432116270788,-0.012761432116270788,True,,1
300,SQQQ,2025-02-05,2025-02-06,2025,2,0.03895870736086171,0.025700106345267537,True,,1
300,SQQQ,2025-02-05,2025-02-06,2025,3,-0.03576982892690517,-0.010989010989011061,True,,1
300,SQQQ,2025-02-05,2025-02-06,2025,4,0.008064516129032251,-0.003013115916341791,True,,1
300,SQQQ,2025-02-05,2025-02-06,2025,5,-0.0019555555555555992,-0.00496277915632759,True,,1
300,SQQQ,2025-02-05,2025-02-06,2025,6,-0.02974706091913082,-0.03456221198156684,True,stop,1
300,SQQQ,2025-02-06,2025-02-07,2025,1,0.04082733812949635,0.04082733812949635,True,,1
300,SQQQ,2025-02-06,2025-02-07,2025,2,-0.03576982892690517,0.003597122302158251,True,,1
300,SQQQ,2025-02-06,2025-02-07,2025,3,0.008064516129032251,0.011690647482014427,True,,1
300,SQQQ,2025-02-06,2025-02-07,2025,4,-0.0019555555555555992,0.009712230215827233,True,,1
300,SQQQ,2025-02-06,2025-02-07,2025,5,-0.02974706091913082,-0.02032374100719425,True,stop,1
300,HUM,2025-02-07,2025-02-10,2025,1,-0.020605705067096913,-0.020605705067096913,True,stop,1
300,SQQQ,2025-02-10,2025-02-11,2025,1,-0.010728104115371062,-0.010728104115371062,True,,1
300,SQQQ,2025-02-10,2025-02-11,2025,2,-0.0019555555555555992,-0.0126626802673232,True,,1
300,SQQQ,2025-02-10,2025-02-11,2025,3,-0.02974706091913082,-0.04203306366514248,True,stop,1
300,FBTC,2025-02-11,2025-02-12,2025,1,0.0241837968561065,0.0241837968561065,True,,1
300,FBTC,2025-02-11,2025-02-12,2025,2,-0.007438016528925728,0.016565900846432724,True,,1
300,FBTC,2025-02-11,2025-02-12,2025,3,0.011062210063042865,0.027811366384522307,True,,1
300,FBTC,2025-02-11,2025-02-12,2025,4,-0.029882352941176582,-0.0029020556227328242,True,stop,1
300,IBIT,2025-02-11,2025-02-12,2025,1,0.02489318224038639,0.02489318224038639,True,,1
300,IBIT,2025-02-11,2025-02-12,2025,2,-0.0076128330614464446,0.01709084153817586,True,,1
300,IBIT,2025-02-11,2025-02-12,2025,3,0.010867579908675706,0.028144157532974168,True,,1
300,IBIT,2025-02-11,2025-02-12,2025,4,-0.029903333634474727,-0.002600780234070177,True,stop,1
300,FBTC,2025-02-12,2025-02-13,2025,1,0.003581234332099781,0.003581234332099781,True,,1
300,FBTC,2025-02-12,2025-02-13,2025,2,0.011062210063042865,0.014683060761609301,True,,1
300,FBTC,2025-02-12,2025-02-13,2025,3,-0.029882352941176582,-0.01563805658350248,True,stop,1
300,SQQQ,2025-02-12,2025-02-13,2025,1,-0.0210280373831776,-0.0210280373831776,True,stop,1
300,FBTC,2025-02-13,2025-02-14,2025,1,0.006870409855484372,0.006870409855484372,True,,1
300,FBTC,2025-02-13,2025-02-14,2025,2,-0.029882352941176582,-0.02321724709784423,True,stop,1
300,IBIT,2025-02-13,2025-02-14,2025,1,0.0073716781943939935,0.0073716781943939935,True,,1
300,IBIT,2025-02-13,2025-02-14,2025,2,-0.029903333634474727,-0.022752093192573764,True,stop,1
300,DELL,2025-02-28,2025-03-03,2025,1,-0.05089733693554621,-0.05089733693554621,True,stop,1
300,NEM,2025-03-03,2025-03-04,2025,1,-0.016378100140383767,-0.016378100140383767,True,stop,1
300,DE,2025-03-04,2025-03-05,2025,1,0.015117617671973838,0.015117617671973838,True,,1
300,DE,2025-03-04,2025-03-05,2025,2,0.033294105060447166,0.04891505028345544,True,,1
300,DE,2025-03-04,2025-03-05,2025,3,0.010792901368784857,0.060235886965398944,True,target60,1
300,NEM,2025-03-04,2025-03-05,2025,1,0.023103850641773782,0.023103850641773782,True,,1
300,NEM,2025-03-04,2025-03-05,2025,2,0.0013686131386860811,0.02450408401400228,True,,1
300,NEM,2025-03-04,2025-03-05,2025,3,-0.0009111617312073106,0.023570595099183134,True,,1
300,NEM,2025-03-04,2025-03-05,2025,4,-0.041495668034655764,-0.01890315052508762,True,stop,1
300,SNPS,2025-03-05,2025-03-06,2025,1,0.012928586035309442,0.012928586035309442,True,,1
300,SNPS,2025-03-05,2025-03-06,2025,2,0.011395244504261992,0.02447115493853813,True,,1
300,SNPS,2025-03-05,2025-03-06,2025,3,-0.046819552874379,-0.023494126468383003,True,stop,1
300,SNPS,2025-03-06,2025-03-07,2025,1,0.01719081351802565,0.01719081351802565,True,,1
300,SNPS,2025-03-06,2025-03-07,2025,2,-0.046819552874379,-0.030433605558814247,True,stop,1
300,SNPS,2025-03-07,2025-03-10,2025,1,-0.019215408840913772,-0.019215408840913772,True,stop,1
300,LULU,2025-03-10,2025-03-11,2025,1,-0.036004193500075,-0.036004193500075,True,stop,1
300,SNPS,2025-03-10,2025-03-11,2025,1,-0.002923230401596144,-0.002923230401596144,True,stop,1
300,MCHP,2025-03-11,2025-03-12,2025,1,-0.012171928489920103,-0.012171928489920103,True,,1
300,MCHP,2025-03-11,2025-03-12,2025,2,-0.0003850596842509546,-0.012552301255230103,True,,1
300,MCHP,2025-03-11,2025-03-12,2025,3,0.030238828967642517,0.01730696082160521,True,,1
300,MCHP,2025-03-11,2025-03-12,2025,4,0.032903346419891566,0.05077976416888563,True,,1
300,MCHP,2025-03-11,2025-03-12,2025,5,-0.01918552036199095,0.030620007607455202,True,,1
300,MCHP,2025-03-11,2025-03-12,2025,6,0.0070123639047794395,0.03784709014834542,True,,1
300,MCHP,2025-03-11,2025-03-12,2025,7,-0.06542056074766356,-0.030049448459490313,True,,1
300,MCHP,2025-03-11,2025-03-12,2025,8,-0.015490196078431384,-0.045074172689235414,True,stop,1
300,SNPS,2025-03-11,2025-03-12,2025,1,-0.022183026931687166,-0.022183026931687166,True,,1
300,SNPS,2025-03-11,2025-03-12,2025,2,-0.0061283011886592575,-0.02817538385003282,True,stop,1
300,MCHP,2025-03-12,2025-03-13,2025,1,0.00737291424136588,0.00737291424136588,True,,1
300,MCHP,2025-03-12,2025-03-13,2025,2,0.030238828967642517,0.03783469150174623,True,,1
300,MCHP,2025-03-12,2025-03-13,2025,3,0.032903346419891566,0.07198292588280952,True,,1
300,MCHP,2025-03-12,2025-03-13,2025,4,-0.01918552036199095,0.051416375630578104,True,,1
300,MCHP,2025-03-12,2025-03-13,2025,5,0.0070123639047794395,0.058789289871944206,True,,1
300,MCHP,2025-03-12,2025-03-13,2025,6,-0.06542056074766356,-0.010477299185098987,True,,1
300,MCHP,2025-03-12,2025-03-13,2025,7,-0.015490196078431384,-0.02580519984478069,True,stop,1
300,SNPS,2025-03-12,2025-03-13,2025,1,-0.004309246345249429,-0.004309246345249429,True,stop,1
300,MCHP,2025-03-13,2025-03-14,2025,1,0.01470169780897268,0.01470169780897268,True,,1
300,MCHP,2025-03-13,2025-03-14,2025,2,0.032903346419891566,0.04808877928483346,True,,1
300,MCHP,2025-03-13,2025-03-14,2025,3,-0.01918552036199095,0.027980650668689933,True,,1
300,MCHP,2025-03-13,2025-03-14,2025,4,0.0070123639047794395,0.03518922507825084,True,,1
300,MCHP,2025-03-13,2025-03-14,2025,5,-0.06542056074766356,-0.032533434506307524,True,,1
300,MCHP,2025-03-13,2025-03-14,2025,6,-0.015490196078431384,-0.0475196813051314,True,stop,1
300,SNPS,2025-03-14,2025-03-17,2025,1,0.01912359550561793,0.01912359550561793,True,,1
300,SNPS,2025-03-14,2025-03-17,2025,2,-0.011995325351149888,0.006898876404494381,True,,1
300,SNPS,2025-03-14,2025-03-17,2025,3,0.004887629165085894,0.011820224719101047,True,,1
300,SNPS,2025-03-14,2025-03-17,2025,4,-0.0003331408519521295,0.01148314606741585,True,,1
300,SNPS,2025-03-14,2025-03-17,2025,5,-0.003154784386039,0.008292134831460629,True,,1
300,SNPS,2025-03-14,2025-03-17,2025,6,0.020236689028059418,0.02869662921348315,True,,1
300,SNPS,2025-03-14,2025-03-17,2025,7,-0.00179129257050481,0.026853932584269602,True,,1
300,SNPS,2025-03-14,2025-03-17,2025,8,-0.01595360542728952,0.010471910112359595,True,,1
300,SNPS,2025-03-14,2025-03-17,2025,9,-0.00724992216341247,0.0031460674157302027,True,,1
300,SNPS,2025-03-14,2025-03-17,2025,10,-0.01890681003584227,-0.01582022471910116,True,,1
300,SNPS,2025-03-14,2025-03-17,2025,11,-0.020412823088866605,-0.03591011235955055,True,stop_gap,1
300,GILD,2025-03-19,2025-03-20,2025,1,-0.00959513222560271,-0.00959513222560271,True,stop,1
300,GILD,2025-03-21,2025-03-24,2025,1,-0.004758794438742275,-0.004758794438742275,True,,1
300,GILD,2025-03-21,2025-03-24,2025,2,0.011344459028689302,0.00653167864141091,True,,1
300,GILD,2025-03-21,2025-03-24,2025,3,0.0129785853341986,0.019595035924232507,True,,1
300,GILD,2025-03-21,2025-03-24,2025,4,0.01693053903175623,0.03685732947653264,True,,1
300,GILD,2025-03-21,2025-03-24,2025,5,0.006029517638588944,0.043109079033311515,True,,1
300,GILD,2025-03-21,2025-03-24,2025,6,0.002146882547633844,0.04534851171036669,True,,1
300,GILD,2025-03-21,2025-03-24,2025,7,-0.006783897170400843,0.03825697489969193,True,,1
300,GILD,2025-03-21,2025-03-24,2025,8,0.005482160510470013,0.04394886628720718,True,,1
300,GILD,2025-03-21,2025-03-24,2025,9,0.021594565606006366,0.06649248856956236,True,target60,1
300,GILD,2025-03-24,2025-03-25,2025,1,0.01058647180063721,0.01058647180063721,True,,1
300,GILD,2025-03-24,2025-03-25,2025,2,0.0129785853341986,0.023702454562488207,True,,1
300,GILD,2025-03-24,2025-03-25,2025,3,0.01693053903175623,0.041034288926363294,True,,1
300,GILD,2025-03-24,2025-03-25,2025,4,0.006029517638588944,0.04731122353382067,True,,1
300,GILD,2025-03-24,2025-03-25,2025,5,0.002146882547633844,0.04955967772156655,True,,1
300,GILD,2025-03-24,2025-03-25,2025,6,-0.006783897170400843,0.04243957279370436,True,,1
300,GILD,2025-03-24,2025-03-25,2025,7,0.005482160510470013,0.048154393854225264,True,,1
300,GILD,2025-03-24,2025-03-25,2025,8,0.021594565606006366,0.07078883267753411,True,target60,1
300,ETN,2025-03-28,2025-03-31,2025,1,-0.0013805970149254332,-0.0013805970149254332,True,stop,1
300,MU,2025-03-28,2025-03-31,2025,1,0.009409851301115157,0.009409851301115157,True,,1
300,MU,2025-03-28,2025-03-31,2025,2,0.02129128783519385,0.030901486988847537,True,,1
300,MU,2025-03-28,2025-03-31,2025,3,-0.0018030200585981149,0.029042750929368033,True,,1
300,MU,2025-03-28,2025-03-31,2025,4,-0.06395348837209291,-0.036768122676579806,True,stop_gap,1
300,ETN,2025-03-31,2025-04-01,2025,1,0.017953717670431635,0.017953717670431635,True,,1
300,ETN,2025-03-31,2025-04-01,2025,2,0.02558820340453205,0.04400132445458227,True,,1
300,ETN,2025-03-31,2025-04-01,2025,3,-0.08365930154702761,-0.04333909716345985,True,stop_gap,1
300,MU,2025-03-31,2025-04-01,2025,1,0.0025985764320415328,0.0025985764320415328,True,,1
300,MU,2025-03-31,2025-04-01,2025,2,-0.0018030200585981149,0.000790871088012679,True,,1
300,MU,2025-03-31,2025-04-01,2025,3,-0.06395348837209291,-0.06321319624901145,True,stop_gap,1
300,ADP,2025-04-08,2025-04-09,2025,1,0.07171100450646883,0.07171100450646883,True,target60,1
300,MCK,2025-04-08,2025-04-09,2025,1,0.03949566831683171,0.03949566831683171,True,,1
300,MCK,2025-04-08,2025-04-09,2025,2,0.028119000491122703,0.06872524752475262,True,target60,1
300,BABA,2025-05-23,2025-05-27,2025,1,-0.0025035466911457194,-0.0025035466911457194,True,,1
300,BABA,2025-05-23,2025-05-27,2025,2,-0.01874006525558436,-0.021196695318367653,True,stop,1
300,TEAM,2025-06-18,2025-06-20,2025,1,-0.013510068824878929,-0.013510068824878929,True,stop,1
300,BABA,2025-07-09,2025-07-10,2025,1,0.013981358189081305,0.013981358189081305,True,,1
300,BABA,2025-07-09,2025-07-10,2025,2,0.0010317981427634404,0.015027582271257334,True,,1
300,BABA,2025-07-09,2025-07-10,2025,3,0.013868065967016507,0.02910405174053654,True,,1
300,BABA,2025-07-09,2025-07-10,2025,4,0.08142329020332717,0.11289708959482603,True,,1
300,BABA,2025-07-09,2025-07-10,2025,5,-0.01085377318177938,0.1008179570097012,True,,1
300,BABA,2025-07-09,2025-07-10,2025,6,0.012787281838603892,0.1148944264789804,True,,1
300,BABA,2025-07-09,2025-07-10,2025,7,0.03721207984985497,0.15638196690127448,True,target60,1
300,BABA,2025-07-10,2025-07-11,2025,1,-0.0017771957721447462,-0.0017771957721447462,True,,1
300,BABA,2025-07-10,2025-07-11,2025,2,0.013868065967016507,0.012066223926667341,True,,1
300,BABA,2025-07-10,2025-07-11,2025,3,0.08142329020332717,0.09447198578243388,True,,1
300,BABA,2025-07-10,2025-07-11,2025,4,-0.01085377318177938,0.08259283509493964,True,,1
300,BABA,2025-07-10,2025-07-11,2025,5,0.012787281838603892,0.09643625479375184,True,,1
300,BABA,2025-07-10,2025-07-11,2025,6,0.03721207984985497,0.13723692825741285,True,target60,1
300,BABA,2025-07-11,2025-07-14,2025,1,0.005155836313809337,0.005155836313809337,True,,1
300,BABA,2025-07-11,2025-07-14,2025,2,0.08142329020332717,0.08699893167355666,True,,1
300,BABA,2025-07-11,2025-07-14,2025,3,-0.01085377318177938,0.07520089182033529,True,,1
300,BABA,2025-07-11,2025-07-14,2025,4,0.012787281838603892,0.08894978865716019,True,,1
300,BABA,2025-07-11,2025-07-14,2025,5,0.03721207984985497,0.12947187514515313,True,target60,1
300,OXY,2025-07-16,2025-07-17,2025,1,0.02360540223135632,0.02360540223135632,True,,1
300,OXY,2025-07-16,2025-07-17,2025,2,0.0011473152822396582,0.024779800352319414,True,,1
300,OXY,2025-07-16,2025-07-17,2025,3,-0.014668805867522394,0.009747504403992968,True,,1
300,OXY,2025-07-16,2025-07-17,2025,4,0.013142591300302264,0.023018203170874774,True,,1
300,OXY,2025-07-16,2025-07-17,2025,5,0.020778326254161428,0.04427480916030535,True,,1
300,OXY,2025-07-16,2025-07-17,2025,6,0.003598740440845738,0.04803288314738685,True,,1
300,OXY,2025-07-16,2025-07-17,2025,7,0.0022411474675034793,0.05038167938931282,True,,1
300,OXY,2025-07-16,2025-07-17,2025,8,0.008497316636851604,0.0593071051086318,True,target_gap,1
300,LULU,2025-07-21,2025-07-22,2025,1,0.009333994679172175,0.009333994679172175,True,,1
300,LULU,2025-07-21,2025-07-22,2025,2,0.0009381701215154248,0.0102809216756099,True,,1
300,LULU,2025-07-21,2025-07-22,2025,3,-0.018076322249497956,-0.007981241827118235,True,stop,1
300,CRWD,2025-07-29,2025-07-30,2025,1,-0.018779950783577193,-0.018779950783577193,True,stop,1
300,SPOT,2025-07-29,2025-07-30,2025,1,0.04462279293739968,0.04462279293739968,True,,1
300,SPOT,2025-07-29,2025-07-30,2025,2,-0.037354025814382186,0.005601926163723903,True,,1
300,SPOT,2025-07-29,2025-07-30,2025,3,0.0011652221104885285,0.0067736757624399235,True,,1
300,SPOT,2025-07-29,2025-07-30,2025,4,0.05001434903223756,0.057126805778491274,True,,1
300,SPOT,2025-07-29,2025-07-30,2025,5,-0.018038536874231292,0.03805778491171763,True,,1
300,SPOT,2025-07-29,2025-07-30,2025,6,0.031451500672635246,0.07070626003210267,True,,1
300,SPOT,2025-07-29,2025-07-30,2025,7,0.030102690952702238,0.10293739967897264,True,,1
300,SPOT,2025-07-29,2025-07-30,2025,8,0.030742363162720387,0.1368443017656502,True,target60,1
300,CRWD,2025-07-30,2025-07-31,2025,1,-0.024046719340432787,-0.024046719340432787,True,stop,1
300,LUV,2025-07-30,2025-07-31,2025,1,0.01426229508196708,0.01426229508196708,True,,1
300,LUV,2025-07-30,2025-07-31,2025,2,-0.03636657507677388,-0.02262295081967214,True,,1
300,LUV,2025-07-30,2025-07-31,2025,3,-0.0016772895001676558,-0.0242622950819672,True,,1
300,LUV,2025-07-30,2025-07-31,2025,4,0.005880376344086002,-0.018524590163934485,True,,1
300,LUV,2025-07-30,2025-07-31,2025,5,-0.008184399532319975,-0.026557377049180264,True,,1
300,LUV,2025-07-30,2025-07-31,2025,6,-0.004041764904008094,-0.0304918032786885,True,,1
300,LUV,2025-07-30,2025-07-31,2025,7,0.000845451471085612,-0.02967213114754097,True,,1
300,LUV,2025-07-30,2025-07-31,2025,8,-0.014360533873965076,-0.043606557377049104,True,stop,1
300,SPOT,2025-07-31,2025-08-01,2025,1,0.008392282958199493,0.008392282958199493,True,,1
300,SPOT,2025-07-31,2025-08-01,2025,2,0.05001434903223756,0.05882636655948548,True,,1
300,SPOT,2025-07-31,2025-08-01,2025,3,-0.018038536874231292,0.039726688102893926,True,,1
300,SPOT,2025-07-31,2025-08-01,2025,4,0.031451500672635246,0.07242765273311891,True,,1
300,SPOT,2025-07-31,2025-08-01,2025,5,0.030102690952702238,0.1047106109324758,True,,1
300,SPOT,2025-07-31,2025-08-01,2025,6,0.030742363162720387,0.1386720257234726,True,target60,1
300,LUV,2025-08-01,2025-08-04,2025,1,-0.007338225483655703,-0.007338225483655703,True,,1
300,LUV,2025-08-01,2025-08-04,2025,2,0.005880376344086002,-0.0015010006671114517,True,,1
300,LUV,2025-08-01,2025-08-04,2025,3,-0.008184399532319975,-0.009673115410273492,True,,1
300,LUV,2025-08-01,2025-08-04,2025,4,-0.004041764904008094,-0.013675783855903956,True,,1
300,LUV,2025-08-01,2025-08-04,2025,5,0.000845451471085612,-0.012841894596397618,True,,1
300,LUV,2025-08-01,2025-08-04,2025,6,-0.014360533873965076,-0.027018012008005243,True,stop,1
300,LUV,2025-08-04,2025-08-05,2025,1,0.002847571189279696,0.002847571189279696,True,,1
300,LUV,2025-08-04,2025-08-05,2025,2,-0.008184399532319975,-0.005360134003350114,True,,1
300,LUV,2025-08-04,2025-08-05,2025,3,-0.004041764904008094,-0.009380234505862672,True,,1
300,LUV,2025-08-04,2025-08-05,2025,4,0.000845451471085612,-0.00854271356783931,True,,1
300,LUV,2025-08-04,2025-08-05,2025,5,-0.014360533873965076,-0.022780569514237792,True,stop,1
300,LUV,2025-08-05,2025-08-06,2025,1,-0.008018710324089517,-0.008018710324089517,True,,1
300,LUV,2025-08-05,2025-08-06,2025,2,-0.004041764904008094,-0.012028065486134332,True,,1
300,LUV,2025-08-05,2025-08-06,2025,3,0.000845451471085612,-0.011192783160708375,True,,1
300,LUV,2025-08-05,2025-08-06,2025,4,-0.014360533873965076,-0.025392582692950194,True,stop,1
300,LUV,2025-08-06,2025-08-07,2025,1,-0.012028065486134332,-0.012028065486134332,True,,1
300,LUV,2025-08-06,2025-08-07,2025,2,0.000845451471085612,-0.011192783160708375,True,,1
300,LUV,2025-08-06,2025-08-07,2025,3,-0.014360533873965076,-0.025392582692950194,True,stop,1
300,DDOG,2025-08-07,2025-08-08,2025,1,-0.017717256021670846,-0.017717256021670846,True,stop,1
300,PWR,2025-08-19,2025-08-20,2025,1,-0.018298358998909525,-0.018298358998909525,True,stop,1
300,XYZ,2025-08-19,2025-08-20,2025,1,-0.01603696656700182,-0.01603696656700182,True,stop,1
300,PWR,2025-08-20,2025-08-21,2025,1,0.004355794002815383,0.004355794002815383,True,,1
300,PWR,2025-08-20,2025-08-21,2025,2,0.004601348671162242,0.008977185200924165,True,,1
300,PWR,2025-08-20,2025-08-21,2025,3,-0.004422332780541716,0.0045151523199915555,True,,1
300,PWR,2025-08-20,2025-08-21,2025,4,0.01480658893207476,0.019388595256434105,True,,1
300,PWR,2025-08-20,2025-08-21,2025,5,-0.0053411844402178055,0.013943852752914987,True,,1
300,PWR,2025-08-20,2025-08-21,2025,6,0.011368398994132445,0.025470771028657913,True,,1
300,PWR,2025-08-20,2025-08-21,2025,7,-0.02072002072002077,0.0042229954051686835,True,,1
300,PWR,2025-08-20,2025-08-21,2025,8,-0.023776778629992057,-0.019654192451727615,True,stop,1
300,XYZ,2025-08-20,2025-08-21,2025,1,0.005154639175257714,0.005154639175257714,True,,1
300,XYZ,2025-08-20,2025-08-21,2025,2,0.05883940620782746,0.06429734129137299,True,target60,1
300,APO,2025-08-27,2025-08-28,2025,1,0.002722389816790516,0.002722389816790516,True,,1
300,APO,2025-08-27,2025-08-28,2025,2,-7.337833871434718e-05,0.0026488117136340694,True,,1
300,APO,2025-08-27,2025-08-28,2025,3,-0.028913187055111145,-0.026340960930027135,True,stop,1
300,APO,2025-09-02,2025-09-03,2025,1,-0.020213238560639613,-0.020213238560639613,True,stop,1
300,ARM,2025-09-02,2025-09-03,2025,1,-0.017059483726150404,-0.017059483726150404,True,,1
300,ARM,2025-09-02,2025-09-03,2025,2,0.031590165182309615,0.013991769547325061,True,,1
300,ARM,2025-09-02,2025-09-03,2025,3,0.019406729634002362,0.03367003367003374,True,,1
300,ARM,2025-09-02,2025-09-03,2025,4,0.0066594281577994074,0.04055368499812939,True,,1
300,ARM,2025-09-02,2025-09-03,2025,5,0.012295966060257513,0.053348297792742194,True,,1
300,ARM,2025-09-02,2025-09-03,2025,6,0.07822133825827526,0.13574261129816678,True,target60,1
300,ARM,2025-09-03,2025-09-04,2025,1,0.033438822587410044,0.033438822587410044,True,,1
300,ARM,2025-09-03,2025-09-04,2025,2,0.019406729634002362,0.05349449041064558,True,,1
300,ARM,2025-09-03,2025-09-04,2025,3,0.0066594281577994074,0.06051016128417275,True,,1
300,ARM,2025-09-03,2025-09-04,2025,4,0.012295966060257513,0.07355015823388111,True,,1
300,ARM,2025-09-03,2025-09-04,2025,5,0.07822133825827526,0.15752468829831856,True,target60,1
300,TXN,2025-09-04,2025-09-05,2025,1,0.004383151592901369,0.004383151592901369,True,,1
300,TXN,2025-09-04,2025-09-05,2025,2,-0.023948908994145812,-0.019670729099850348,True,stop,1
300,TXN,2025-09-05,2025-09-08,2025,1,-0.02524581450969976,-0.02524581450969976,True,stop,1
300,TXN,2025-09-08,2025-09-09,2025,1,0.005051053660656057,0.005051053660656057,True,,1
300,TXN,2025-09-08,2025-09-09,2025,2,-0.00891650905160768,-0.0039104931566369405,True,stop,1
300,SQQQ,2025-09-10,2025-09-11,2025,1,-0.0077197149643705165,-0.0077197149643705165,True,stop,1
300,SQQQ,2025-09-11,2025-09-12,2025,1,-0.0005980861244018199,-0.0005980861244018199,True,stop,1
300,DHR,2025-09-22,2025-09-23,2025,1,-0.0018421052631578672,-0.0018421052631578672,True,,1
300,DHR,2025-09-22,2025-09-23,2025,2,-0.013762193514368692,-0.015578947368421137,True,stop,1
300,DHR,2025-09-23,2025-09-24,2025,1,-0.008481764206955011,-0.008481764206955011,True,stop,1
300,VST,2025-10-20,2025-10-21,2025,1,-0.011302364164247236,-0.011302364164247236,True,stop,1
300,ETHA,2025-10-30,2025-10-31,2025,1,0.007204116638078961,0.007204116638078961,True,,1
300,ETHA,2025-10-30,2025-10-31,2025,2,-0.053814713896457755,-0.0469982847341337,True,stop,1
300,LULU,2025-10-30,2025-10-31,2025,1,0.01270783847980983,0.01270783847980983,True,,1
300,LULU,2025-10-30,2025-10-31,2025,2,-0.029787733083147527,-0.017458432304037985,True,,1
300,LULU,2025-10-30,2025-10-31,2025,3,-0.028889157500302187,-0.04584323040380045,True,,1
300,LULU,2025-10-30,2025-10-31,2025,4,0.04294249439880504,-0.004869358669833734,True,,1
300,LULU,2025-10-30,2025-10-31,2025,5,-0.024167561761546774,-0.028919239904988125,True,,1
300,LULU,2025-10-30,2025-10-31,2025,6,0.015899223384088446,-0.013479809976247092,True,,1
300,LULU,2025-10-30,2025-10-31,2025,7,0.02552218142418594,0.01169833729216152,True,,1
300,LULU,2025-10-30,2025-10-31,2025,8,-0.003228267887538938,0.008432304038004768,True,,1
300,LULU,2025-10-30,2025-10-31,2025,9,0.006477446708279322,0.014964370546318273,True,,1
300,LULU,2025-10-30,2025-10-31,2025,10,-0.007664404399719049,0.007185273159144856,True,,1
300,LULU,2025-10-30,2025-10-31,2025,11,0.006308590295383443,0.013539192399049993,True,,1
300,LULU,2025-10-30,2025-10-31,2025,12,-0.03837590813217728,-0.025356294536817203,True,,1
300,LULU,2025-10-30,2025-10-31,2025,13,-0.001096691646865322,-0.026425178147268524,True,,1
300,LULU,2025-10-30,2025-10-31,2025,14,0.012808783165599413,-0.013954869358669852,True,,1
300,LULU,2025-10-30,2025-10-31,2025,15,-0.007828967178560742,-0.02167458432304037,True,,1
300,LULU,2025-10-30,2025-10-31,2025,16,0.02075872534142631,-0.0013657957244657126,True,,1
300,LULU,2025-10-30,2025-10-31,2025,17,0.00891954569780573,0.007541567695961815,True,,1
300,LULU,2025-10-30,2025-10-31,2025,18,0.04620734366711865,0.054097387173396516,True,,1
300,LULU,2025-10-30,2025-10-31,2025,19,0.024956340487859885,0.08040380047505935,True,,1
300,LULU,2025-10-30,2025-10-31,2025,20,0.016488952401890744,0.0982185273159144,True,time_h20,1
300,NVO,2025-10-30,2025-10-31,2025,1,0.014358974358974486,0.014358974358974486,True,,1
300,NVO,2025-10-30,2025-10-31,2025,2,-0.006673407482305493,0.007589743589743625,True,,1
300,NVO,2025-10-30,2025-10-31,2025,3,-0.024429967426709998,-0.01702564102564097,True,stop_gap,1
300,UAL,2025-10-30,2025-10-31,2025,1,0.005776018825542906,0.005776018825542906,True,,1
300,UAL,2025-10-30,2025-10-31,2025,2,0.022067425289801212,0.027970905979249228,True,,1
300,UAL,2025-10-30,2025-10-31,2025,3,-0.03334894126216115,-0.006310835383463331,True,stop,1
300,ETHA,2025-10-31,2025-11-03,2025,1,-0.0129685556937289,-0.0129685556937289,True,stop,1
300,FLUT,2025-10-31,2025-11-03,2025,1,-0.005690390998836059,-0.005690390998836059,True,stop,1
300,NVO,2025-10-31,2025-11-03,2025,1,-0.005869257235377456,-0.005869257235377456,True,,1
300,NVO,2025-10-31,2025-11-03,2025,2,-0.024429967426709998,-0.03015583889900819,True,stop_gap,1
300,PM,2025-10-31,2025-11-03,2025,1,-0.008153310104529576,-0.008153310104529576,True,stop,1
300,UAL,2025-10-31,2025-11-03,2025,1,0.02272001702671078,0.02272001702671078,True,,1
300,UAL,2025-10-31,2025-11-03,2025,2,-0.03334894126216115,-0.011386612748749525,True,stop,1
300,LULU,2025-11-03,2025-11-04,2025,1,-0.020721599219892806,-0.020721599219892806,True,,1
300,LULU,2025-11-03,2025-11-04,2025,2,0.04294249439880504,0.021331058020477744,True,,1
300,LULU,2025-11-03,2025-11-04,2025,3,-0.024167561761546774,-0.003352023403218052,True,,1
300,LULU,2025-11-03,2025-11-04,2025,4,0.015899223384088446,0.012493905411994133,True,,1
300,LULU,2025-11-03,2025-11-04,2025,5,0.02552218142418594,0.03833495855680158,True,,1
300,LULU,2025-11-03,2025-11-04,2025,6,-0.003228267887538938,0.03498293515358353,True,,1
300,LULU,2025-11-03,2025-11-04,2025,7,0.006477446708279322,0.04168698196001941,True,,1
300,LULU,2025-11-03,2025-11-04,2025,8,-0.007664404399719049,0.03370307167235498,True,,1
300,LULU,2025-11-03,2025-11-04,2025,9,0.006308590295383443,0.04022428083861529,True,,1
300,LULU,2025-11-03,2025-11-04,2025,10,-0.03837590813217728,0.0003047294002924694,True,,1
300,LULU,2025-11-03,2025-11-04,2025,11,-0.001096691646865322,-0.0007922964407607314,True,,1
300,LULU,2025-11-03,2025-11-04,2025,12,0.012808783165599413,0.012006338371526093,True,,1
300,LULU,2025-11-03,2025-11-04,2025,13,-0.007828967178560742,0.00408337396391989,True,,1
300,LULU,2025-11-03,2025-11-04,2025,14,0.02075872534142631,0.024926864943929594,True,,1
300,LULU,2025-11-03,2025-11-04,2025,15,0.00891954569780573,0.0340687469527059,True,,1
300,LULU,2025-11-03,2025-11-04,2025,16,0.04620734366711865,0.08185031691857625,True,,1
300,LULU,2025-11-03,2025-11-04,2025,17,0.024956340487859885,0.10884934178449535,True,,1
300,LULU,2025-11-03,2025-11-04,2025,18,0.016488952401890744,0.12713310580204773,True,,1
300,LULU,2025-11-03,2025-11-04,2025,19,-0.013788255650481251,0.11159190638712801,True,,1
300,LULU,2025-11-03,2025-11-04,2025,20,-0.00010965513460159393,0.11147001462701112,True,time_h20,1
300,NFLX,2025-11-03,2025-11-04,2025,1,-0.011418597039892342,-0.011418597039892342,True,stop,1
300,PM,2025-11-03,2025-11-04,2025,1,0.013208453410182397,0.013208453410182397,True,,1
300,PM,2025-11-03,2025-11-04,2025,2,0.004977482815833323,0.018251681075888593,True,,1
300,PM,2025-11-03,2025-11-04,2025,3,0.01030997304582204,0.02874982846164409,True,,1
300,PM,2025-11-03,2025-11-04,2025,4,0.02314413392916692,0.052559352271167814,True,,1
300,PM,2025-11-03,2025-11-04,2025,5,0.0028552803129073823,0.05556470426787419,True,target60,1
300,NFLX,2025-11-05,2025-11-06,2025,1,-0.006559593634087757,-0.006559593634087757,True,stop,1
300,SPXU,2025-11-10,2025-11-11,2025,1,-0.014084507042253502,-0.014084507042253502,True,,1
300,SPXU,2025-11-10,2025-11-11,2025,2,-0.0007936507936507908,-0.014866979655712043,True,,1
300,SPXU,2025-11-10,2025-11-11,2025,3,0.05003971405877694,0.03442879499217533,True,,1
300,SPXU,2025-11-10,2025-11-11,2025,4,0.001512859304084735,0.03599374021909241,True,,1
300,SPXU,2025-11-10,2025-11-11,2025,5,0.028700906344410804,0.06572769953051649,True,,1
300,SPXU,2025-11-10,2025-11-11,2025,6,0.02496328928047009,0.09233176838810664,True,,1
300,SPXU,2025-11-10,2025-11-11,2025,7,-0.01002865329512903,0.08137715179968708,True,,1
300,SPXU,2025-11-10,2025-11-11,2025,8,2.814037626628075,3.124413145539906,True,target_gap,1
300,TTD,2025-11-10,2025-11-11,2025,1,-0.004158964879852123,-0.004158964879852123,True,stop,1
300,BABA,2025-11-11,2025-11-12,2025,1,-0.00608771275934894,-0.00608771275934894,True,stop,1
300,SPXU,2025-11-11,2025-11-12,2025,1,0.006394884092725928,0.006394884092725928,True,,1
300,SPXU,2025-11-11,2025-11-12,2025,2,0.05003971405877694,0.056754596322941664,True,,1
300,SPXU,2025-11-11,2025-11-12,2025,3,0.001512859304084735,0.058353317346123035,True,,1
300,SPXU,2025-11-11,2025-11-12,2025,4,0.028700906344410804,0.08872901678657064,True,,1
300,SPXU,2025-11-11,2025-11-12,2025,5,0.02496328928047009,0.1159072741806555,True,,1
300,SPXU,2025-11-11,2025-11-12,2025,6,-0.01002865329512903,0.10471622701838523,True,,1
300,SPXU,2025-11-11,2025-11-12,2025,7,2.814037626628075,3.2134292565947247,True,target_gap,1
300,TTD,2025-11-11,2025-11-12,2025,1,-0.024058810425484523,-0.024058810425484523,True,,1
300,TTD,2025-11-11,2025-11-12,2025,2,-0.01620634558320022,-0.03987525061260855,True,stop,1
300,SPXU,2025-11-12,2025-11-13,2025,1,0.03686274509803922,0.03686274509803922,True,,1
300,SPXU,2025-11-12,2025-11-13,2025,2,0.001512859304084735,0.038431372549019516,True,,1
300,SPXU,2025-11-12,2025-11-13,2025,3,0.028700906344410804,0.06823529411764695,True,,1
300,SPXU,2025-11-12,2025-11-13,2025,4,0.02496328928047009,0.09490196078431379,True,,1
300,SPXU,2025-11-12,2025-11-13,2025,5,-0.01002865329512903,0.08392156862745104,True,,1
300,SPXU,2025-11-12,2025-11-13,2025,6,2.814037626628075,3.1341176470588232,True,target_gap,1
300,TNA,2025-11-18,2025-11-19,2025,1,-0.004302708175145442,-0.004302708175145442,True,,1
300,TNA,2025-11-18,2025-11-19,2025,2,-0.02135231316725983,-0.025563148569982208,True,stop,1
300,F,2025-11-20,2025-11-21,2025,1,0.02677857713828935,0.02677857713828935,True,,1
300,F,2025-11-20,2025-11-21,2025,2,0.007785130400934204,0.03477218225419665,True,,1
300,F,2025-11-20,2025-11-21,2025,3,0.016222479721900385,0.05155875299760182,True,,1
300,F,2025-11-20,2025-11-21,2025,4,0.007981755986317118,0.05995203836930463,True,target60,1
300,LLY,2025-12-09,2025-12-10,2025,1,0.00856852791878171,0.00856852791878171,True,,1
300,LLY,2025-12-09,2025-12-10,2025,2,0.01580367208890321,0.024507614213197915,True,,1
300,LLY,2025-12-09,2025-12-10,2025,3,0.018471173474443603,0.043431472081218336,True,,1
300,LLY,2025-12-09,2025-12-10,2025,4,0.02467843312771212,0.06918172588832494,True,target60,1
300,BABA,2025-12-12,2025-12-15,2025,1,-0.020107063585324547,-0.020107063585324547,True,,1
300,BABA,2025-12-12,2025-12-15,2025,2,-0.014923384410392981,-0.03473038255646943,True,stop,1
300,BABA,2025-12-15,2025-12-16,2025,1,-0.0073178919100367334,-0.0073178919100367334,True,stop,1
300,VLO,2025-12-18,2025-12-19,2025,1,0.005189990732159533,0.005189990732159533,True,,1
300,VLO,2025-12-18,2025-12-19,2025,2,0.0052246603970742544,0.010441767068273045,True,,1
300,VLO,2025-12-18,2025-12-19,2025,3,0.007765684236272552,0.018288538770466545,True,,1
300,VLO,2025-12-18,2025-12-19,2025,4,-0.0024877131242035944,0.0157553290083412,True,,1
300,VLO,2025-12-18,2025-12-19,2025,5,-0.0024330900243308973,0.013283904850169836,True,,1
300,VLO,2025-12-18,2025-12-19,2025,6,0.010304878048780441,0.023725671918443103,True,,1
300,VLO,2025-12-18,2025-12-19,2025,7,-0.0049490011467197,0.018659252394192194,True,,1
300,VLO,2025-12-18,2025-12-19,2025,8,-0.012616000485230816,0.0058078467717022075,True,,1
300,VLO,2025-12-18,2025-12-19,2025,9,0.015480066343141585,0.021377818968180362,True,,1
300,VLO,2025-12-18,2025-12-19,2025,10,0.08698808299558403,0.1102255174544331,True,target_gap,1
300,VST,2025-12-22,2025-12-23,2025,1,0.00037135606857718884,0.00037135606857718884,True,,1
300,VST,2025-12-22,2025-12-23,2025,2,0.002041700179422179,0.0024138144457510613,True,,1
300,VST,2025-12-22,2025-12-23,2025,3,-0.0016053346505311428,0.0008046048152503538,True,,1
300,VST,2025-12-22,2025-12-23,2025,4,0.0008658008658009031,0.0016711023085969057,True,,1
300,VST,2025-12-22,2025-12-23,2025,5,0.0048195748887791545,0.006498731200099028,True,,1
300,VST,2025-12-22,2025-12-23,2025,6,-0.007871110564506179,-0.0014235315962121131,True,,1
300,VST,2025-12-22,2025-12-23,2025,7,0.02373868848394678,0.022281364114625113,True,,1
300,VST,2025-12-22,2025-12-23,2025,8,-0.013259066416419385,0.008726867611561495,True,,1
300,VST,2025-12-22,2025-12-23,2025,9,0.054718370352190515,0.06392275793773594,True,target60,1
300,VST,2025-12-23,2025-12-24,2025,1,0.006025218957699252,0.006025218957699252,True,,1
300,VST,2025-12-23,2025-12-24,2025,2,-0.0016053346505311428,0.004410211814398268,True,,1
300,VST,2025-12-23,2025-12-24,2025,3,0.0008658008658009031,0.0052798310454065245,True,,1
300,VST,2025-12-23,2025-12-24,2025,4,0.0048195748887791545,0.010124852475309032,True,,1
300,VST,2025-12-23,2025-12-24,2025,5,-0.007871110564506179,0.0021740480775203075,True,,1
300,VST,2025-12-23,2025-12-24,2025,6,0.02373868848394678,0.025964345611528605,True,,1
300,VST,2025-12-23,2025-12-24,2025,7,-0.013259066416419385,0.012361016212186993,True,,1
300,VST,2025-12-23,2025-12-24,2025,8,0.054718370352190515,0.06775576122740534,True,target60,1
300,VST,2025-12-24,2025-12-26,2025,1,0.0001855631842642147,0.0001855631842642147,True,,1
300,VST,2025-12-24,2025-12-26,2025,2,0.0008658008658009031,0.001051524710830698,True,,1
300,VST,2025-12-24,2025-12-26,2025,3,0.0048195748887791545,0.005876167501701168,True,,1
300,VST,2025-12-24,2025-12-26,2025,4,-0.007871110564506179,-0.0020411950269065837,True,,1
300,VST,2025-12-24,2025-12-26,2025,5,0.02373868848394678,0.021649038164161638,True,,1
300,VST,2025-12-24,2025-12-26,2025,6,-0.013259066416419385,0.008102925712871967,True,,1
300,VST,2025-12-24,2025-12-26,2025,7,0.054718370352190515,0.06326467495515553,True,target60,1
300,ARES,2025-12-30,2025-12-31,2025,1,-0.009803921568627416,-0.009803921568627416,True,,1
300,ARES,2025-12-30,2025-12-31,2025,2,0.02926980198019824,0.01917892156862755,True,,1
300,ARES,2025-12-30,2025-12-31,2025,3,0.037275296098118194,0.05716911764705901,True,target60,1
300,ARES,2025-12-31,2026-01-02,2026,1,0.0224366855175806,0.0224366855175806,True,,1
300,ARES,2025-12-31,2026-01-02,2026,2,0.037275296098118194,0.06054831571182695,True,target60,1
300,LEN,2026-01-02,2026-01-05,2026,1,0.01463367671127358,0.01463367671127358,True,,1
300,LEN,2026-01-02,2026-01-05,2026,2,0.008824366638200853,0.023587176278039745,True,,1
300,LEN,2026-01-02,2026-01-05,2026,3,-0.022385252069224926,0.0006739193222295992,True,,1
300,LEN,2026-01-02,2026-01-05,2026,4,0.05435828362516837,0.05506883604505641,True,,1
300,LEN,2026-01-02,2026-01-05,2026,5,0.08814672871612372,0.1480697025127562,True,,1
300,LEN,2026-01-02,2026-01-05,2026,6,0.015647798742138397,0.16603446615962247,True,target60,1
300,SNOW,2026-01-02,2026-01-05,2026,1,0.032298136645962705,0.032298136645962705,True,,1
300,SNOW,2026-01-02,2026-01-05,2026,2,0.04510406917145793,0.0788589832068094,True,,1
300,SNOW,2026-01-02,2026-01-05,2026,3,-0.004691031600494777,0.07379802162410853,True,,1
300,SNOW,2026-01-02,2026-01-05,2026,4,-0.04109002099490111,0.029675638371290614,True,,1
300,SNOW,2026-01-02,2026-01-05,2026,5,-0.021045576407506705,0.00800552104899932,True,,1
300,SNOW,2026-01-02,2026-01-05,2026,6,0.004929481035190975,0.012974465148378078,True,,1
300,SNOW,2026-01-02,2026-01-05,2026,7,-0.03728936730708077,-0.024798711755233405,True,stop,1
300,TSLA,2026-01-02,2026-01-05,2026,1,0.008686913800803886,0.008686913800803886,True,,1
300,TSLA,2026-01-02,2026-01-05,2026,2,-0.03637450463813674,-0.02800357302367129,True,stop,1
300,LEN,2026-01-05,2026-01-06,2026,1,0.02230769230769214,0.02230769230769214,True,,1
300,LEN,2026-01-05,2026-01-06,2026,2,-0.022385252069224926,-0.0005769230769231415,True,,1
300,LEN,2026-01-05,2026-01-06,2026,3,0.05435828362516837,0.053749999999999964,True,,1
300,LEN,2026-01-05,2026-01-06,2026,4,0.08814672871612372,0.14663461538461542,True,,1
300,LEN,2026-01-05,2026-01-06,2026,5,0.015647798742138397,0.16457692307692318,True,target60,1
300,SNOW,2026-01-05,2026-01-06,2026,1,0.03986696230598663,0.03986696230598663,True,,1
300,SNOW,2026-01-05,2026-01-06,2026,2,-0.004691031600494777,0.03498891352549882,True,,1
300,SNOW,2026-01-05,2026-01-06,2026,3,-0.04109002099490111,-0.007538802660753796,True,,1
300,SNOW,2026-01-05,2026-01-06,2026,4,-0.021045576407506705,-0.028425720620842587,True,,1
300,SNOW,2026-01-05,2026-01-06,2026,5,0.004929481035190975,-0.023636363636363678,True,,1
300,SNOW,2026-01-05,2026-01-06,2026,6,-0.03728936730708077,-0.06004434589800445,True,stop,1
300,LEN,2026-01-06,2026-01-07,2026,1,-0.026779026217228497,-0.026779026217228497,True,,1
300,LEN,2026-01-06,2026-01-07,2026,2,0.05435828362516837,0.026123595505618047,True,,1
300,LEN,2026-01-06,2026-01-07,2026,3,0.08814672871612372,0.1165730337078652,True,,1
300,LEN,2026-01-06,2026-01-07,2026,4,0.015647798742138397,0.1340449438202247,True,target60,1
300,TZA,2026-01-06,2026-01-07,2026,1,0.012801204819277157,0.012801204819277157,True,,1
300,TZA,2026-01-06,2026-01-07,2026,2,-0.017100371747211796,-0.004518072289156572,True,stop,1
300,TZA,2026-01-07,2026-01-08,2026,1,-0.023633677991137247,-0.023633677991137247,True,stop,1
300,GLW,2026-01-08,2026-01-09,2026,1,-0.0015234970116019264,-0.0015234970116019264,True,,1
300,GLW,2026-01-08,2026-01-09,2026,2,-0.0046948356807512415,-0.006211180124223614,True,stop_gap,1
300,DASH,2026-01-14,2026-01-15,2026,1,-0.02656812760185223,-0.02656812760185223,True,stop,1
300,RCL,2026-01-14,2026-01-15,2026,1,-0.017659574468085193,-0.017659574468085193,True,stop,1
300,DASH,2026-01-15,2026-01-16,2026,1,-0.014770629171992455,-0.014770629171992455,True,stop,1
300,WFC,2026-01-22,2026-01-23,2026,1,-0.01674285714285717,-0.01674285714285717,True,stop,1
300,WFC,2026-01-23,2026-01-26,2026,1,0.010792192881745155,0.010792192881745155,True,,1
300,WFC,2026-01-23,2026-01-26,2026,2,0.0076101771921852635,0.01848450057405282,True,,1
300,WFC,2026-01-23,2026-01-26,2026,3,-0.007665426671175646,0.010677382319173478,True,,1
300,WFC,2026-01-23,2026-01-26,2026,4,0.02874020220379414,0.03972445464982788,True,,1
300,WFC,2026-01-23,2026-01-26,2026,5,-0.00033127208480565606,0.039380022962112626,True,,1
300,WFC,2026-01-23,2026-01-26,2026,6,0.019441069258809396,0.059586681974741706,True,,1
300,WFC,2026-01-23,2026-01-26,2026,7,0.008451619893812934,0.06854190585533892,True,target60,1
300,WFC,2026-01-26,2026-01-27,2026,1,0.006352807714123498,0.006352807714123498,True,,1
300,WFC,2026-01-26,2026-01-27,2026,2,-0.007665426671175646,-0.0013613159387407814,True,,1
300,WFC,2026-01-26,2026-01-27,2026,3,0.02874020220379414,0.027339761769710647,True,,1
300,WFC,2026-01-26,2026-01-27,2026,4,-0.00033127208480565606,0.026999432785025368,True,,1
300,WFC,2026-01-26,2026-01-27,2026,5,0.019441069258809396,0.0469653998865569,True,,1
300,WFC,2026-01-26,2026-01-27,2026,6,0.008451619893812934,0.05581395348837215,True,target60,1
300,VST,2026-01-30,2026-02-02,2026,1,-0.021566761814145297,-0.021566761814145297,True,,1
300,VST,2026-01-30,2026-02-02,2026,2,-0.0077795786061587435,-0.029178560101490558,True,,1
300,VST,2026-01-30,2026-02-02,2026,3,-0.02476314929761525,-0.05321915635902319,True,stop,1
300,VST,2026-02-02,2026-02-03,2026,1,-0.019664360748142373,-0.019664360748142373,True,,1
300,VST,2026-02-02,2026-02-03,2026,2,-0.02476314929761525,-0.04394055854470924,True,stop,1
300,VST,2026-02-03,2026-02-04,2026,1,-0.02565441608460084,-0.02565441608460084,True,stop,1
300,DASH,2026-02-05,2026-02-06,2026,1,-0.025429626853685994,-0.025429626853685994,True,stop,1
300,DASH,2026-02-09,2026-02-10,2026,1,-0.00016162051503076924,-0.00016162051503076924,True,,1
300,DASH,2026-02-09,2026-02-10,2026,2,-0.019128185785872165,-0.019286714793664506,True,stop,1
300,DASH,2026-02-10,2026-02-11,2026,1,-0.019233877485049455,-0.019233877485049455,True,stop,1
300,DELL,2026-02-12,2026-02-13,2026,1,0.017407118732138294,0.017407118732138294,True,,1
300,DELL,2026-02-12,2026-02-13,2026,2,-0.011406196799455204,0.0058023729107128386,True,,1
300,DELL,2026-02-12,2026-02-13,2026,3,0.005510590666436999,0.01134493807915482,True,,1
300,DELL,2026-02-12,2026-02-13,2026,4,0.019352628874807376,0.030917121330215735,True,,1
300,DELL,2026-02-12,2026-02-13,2026,5,0.027301747311827995,0.05906296007621026,True,,1
300,DELL,2026-02-12,2026-02-13,2026,6,-0.02559489737509202,0.031956352299298496,True,,1
300,DELL,2026-02-12,2026-02-13,2026,7,0.0052030882846594295,0.03732571230622672,True,,1
300,DELL,2026-02-12,2026-02-13,2026,8,0.031056937719151856,0.06954187234779607,True,,1
300,DELL,2026-02-12,2026-02-13,2026,9,-0.016437246963562746,0.051961548454144024,True,,1
300,DELL,2026-02-12,2026-02-13,2026,10,0.13089651765868116,0.18965965185762546,True,target_gap,1
300,DELL,2026-02-17,2026-02-18,2026,1,0.016804527644754153,0.016804527644754153,True,,1
300,DELL,2026-02-17,2026-02-18,2026,2,0.019352628874807376,0.03648236830648677,True,,1
300,DELL,2026-02-17,2026-02-18,2026,3,0.027301747311827995,0.06478014801915544,True,,1
300,DELL,2026-02-17,2026-02-18,2026,4,-0.02559489737509202,0.037527209403569906,True,,1
300,DELL,2026-02-17,2026-02-18,2026,5,0.0052030882846594295,0.04292555507183282,True,,1
300,DELL,2026-02-17,2026-02-18,2026,6,0.031056937719151856,0.07531562908141054,True,,1
300,DELL,2026-02-17,2026-02-18,2026,7,-0.016437246963562746,0.0576404005224207,True,,1
300,DELL,2026-02-17,2026-02-18,2026,8,0.13089651765868116,0.19608184588593836,True,target_gap,1
300,AAL,2026-02-23,2026-02-24,2026,1,0.01700154559505407,0.01700154559505407,True,,1
300,AAL,2026-02-23,2026-02-24,2026,2,0.011778115501519748,0.028979907264296667,True,,1
300,AAL,2026-02-23,2026-02-24,2026,3,0.0473150582050319,0.07766615146831546,True,,1
300,AAL,2026-02-23,2026-02-24,2026,4,-0.06167084976694148,0.011205564142194868,True,,1
300,AAL,2026-02-23,2026-02-24,2026,5,-0.06152082537256409,-0.051004636785162316,True,stop_gap,1
300,MA,2026-02-24,2026-02-25,2026,1,0.01328507219283237,0.01328507219283237,True,,1
300,MA,2026-02-24,2026-02-25,2026,2,0.0098920510304219,0.023308539835328768,True,,1
300,MA,2026-02-24,2026-02-25,2026,3,0.004994752594550622,0.02841971281969702,True,,1
300,MA,2026-02-24,2026-02-25,2026,4,0.007541915646574138,0.036175967543057075,True,,1
300,MA,2026-02-24,2026-02-25,2026,5,0.005930788276616639,0.04232130782387333,True,,1
300,MA,2026-02-24,2026-02-25,2026,6,-0.0024995229917955664,0.03971600175012924,True,,1
300,MA,2026-02-24,2026-02-25,2026,7,0.0029648616079114287,0.042798615806849405,True,,1
300,MA,2026-02-24,2026-02-25,2026,8,-0.003833390548117599,0.03880116144942525,True,,1
300,MA,2026-02-24,2026-02-25,2026,9,-0.008404648402351,0.030070402927489193,True,,1
300,MA,2026-02-24,2026-02-25,2026,10,-0.0066803104606711905,0.02318921283958475,True,,1
300,MA,2026-02-24,2026-02-25,2026,11,-0.020467267921007726,0.002247325086512042,True,,1
300,MA,2026-02-24,2026-02-25,2026,12,-0.013572775076892474,-0.011355952428304339,True,,1
300,MA,2026-02-24,2026-02-25,2026,13,0.0020920922934561936,-0.009287617835408324,True,,1
300,MA,2026-02-24,2026-02-25,2026,14,0.020776874435411097,0.011296288930432441,True,,1
300,MA,2026-02-24,2026-02-25,2026,15,-0.003382497541789653,0.007875581719104296,True,,1
300,MA,2026-02-24,2026-02-25,2026,16,-0.03311101464146171,-0.0254962014239688,True,stop,1
300,NVDL,2026-02-27,2026-03-02,2026,1,0.08515488802467486,0.08515488802467486,True,,1
300,NVDL,2026-02-27,2026-03-02,2026,2,-0.025827978250123618,0.05712753117875824,True,,1
300,NVDL,2026-02-27,2026-03-02,2026,3,0.03209438031206391,0.0910553842027626,True,,1
300,NVDL,2026-02-27,2026-03-02,2026,4,0.003441494591936989,0.09481024540700034,True,,1
300,NVDL,2026-02-27,2026-03-02,2026,5,-0.0616119549240568,0.02735684591658849,True,,1
300,NVDL,2026-02-27,2026-03-02,2026,6,0.055084192664142995,0.08394796835188423,True,,1
300,NVDL,2026-02-27,2026-03-02,2026,7,0.022640108870468856,0.10848866836529436,True,,1
300,NVDL,2026-02-27,2026-03-02,2026,8,0.013065569804016519,0.12297170443878236,True,,1
300,NVDL,2026-02-27,2026-03-02,2026,9,-0.030929066157152962,0.08823923829958447,True,,1
300,NVDL,2026-02-27,2026-03-02,2026,10,-0.032532347504621084,0.052836261231058224,True,,1
300,NVDL,2026-02-27,2026-03-02,2026,11,0.09423003439052335,0.15204505833445103,True,target60,1
300,MCHP,2026-03-06,2026-03-09,2026,1,-0.004877281308999448,-0.004877281308999448,True,stop,1
300,B,2026-03-12,2026-03-13,2026,1,-0.04253393665158378,-0.04253393665158378,True,,1
300,B,2026-03-12,2026-03-13,2026,2,-0.007561436672967825,-0.04977375565610864,True,stop_gap,1
300,B,2026-03-16,2026-03-17,2026,1,-0.015067862893949902,-0.015067862893949902,True,,1
300,B,2026-03-16,2026-03-17,2026,2,-0.039355366110008116,-0.053830227743271175,True,stop_gap,1
300,SMCI,2026-03-18,2026-03-19,2026,1,0.026499999999999968,0.026499999999999968,True,,1
300,SMCI,2026-03-18,2026-03-19,2026,2,-0.2687124533203442,-0.2493333333333333,True,stop_gap,1
300,DHR,2026-03-19,2026-03-20,2026,1,-0.0010027443529659896,-0.0010027443529659896,True,,1
300,DHR,2026-03-19,2026-03-20,2026,2,0.0037508584711289927,0.0027443529660122756,True,,1
300,DHR,2026-03-19,2026-03-20,2026,3,0.00042105263157909967,0.0031665611146296513,True,,1
300,DHR,2026-03-19,2026-03-20,2026,4,-0.025042087542087588,-0.021954823728097983,True,stop,1
300,PDD,2026-03-19,2026-03-20,2026,1,-0.0011340206185567192,-0.0011340206185567192,True,stop,1
300,BKNG,2026-03-27,2026-03-30,2026,1,0.012658570164224558,0.012658570164224558,True,,1
300,BKNG,2026-03-27,2026-03-30,2026,2,0.021113886805095294,0.03403972858688187,True,,1
300,PDD,2026-03-27,2026-03-30,2026,1,-0.015210647453217319,-0.015210647453217319,True,,1
300,PDD,2026-03-27,2026-03-30,2026,2,0.03820749923788247,0.022415690983688563,True,,1
300,CAT,2026-03-30,2026-03-31,2026,1,0.041764705882352926,0.041764705882352926,True,,1
300,IBIT,2026-03-30,2026-03-31,2026,1,0.016393442622950838,0.016393442622950838,True,,1
300,KWEB,2026-03-30,2026-03-31,2026,1,-0.003063063063063143,-0.003063063063063143,True,stop,1
300,PDD,2026-03-30,2026-03-31,2026,1,0.03610181523172096,0.03610181523172096,True,,1
500,COP,2023-01-03,2023-01-04,2023,1,0.01897140802014019,0.01897140802014019,True,,1
500,COP,2023-01-03,2023-01-04,2023,2,0.03061854760434124,0.050170832584067515,True,,1
500,COP,2023-01-03,2023-01-04,2023,3,0.012243150684931647,0.06302823233231436,True,,1
500,COP,2023-01-03,2023-01-04,2023,4,-0.007189376638755074,0.0553857219924474,True,,1
500,COP,2023-01-03,2023-01-04,2023,5,0.006048730618503972,0.06176946592339516,True,,1
500,COP,2023-01-03,2023-01-04,2023,6,0.0012702176306207402,0.06311814421866568,True,,1
500,COP,2023-01-03,2023-01-04,2023,7,0.016238159675236785,0.08038122639812983,True,,1
500,COP,2023-01-03,2023-01-04,2023,8,0.011068575233022626,0.09233950728286278,True,,1
500,COP,2023-01-03,2023-01-04,2023,9,-0.01028891266770926,0.08110052148894087,True,,1
500,COP,2023-01-03,2023-01-04,2023,10,-0.014055222887558227,0.06590541269555827,True,,1
500,COP,2023-01-03,2023-01-04,2023,11,0.00919443272880649,0.07570580830785834,True,,1
500,COP,2023-01-03,2023-01-04,2023,12,0.01797057840187244,0.09503686387340404,True,,1
500,COP,2023-01-03,2023-01-04,2023,13,-0.013630018884966066,0.08011149073907564,True,,1
500,COP,2023-01-03,2023-01-04,2023,14,-0.010988096229085142,0.06824312174069425,True,,1
500,COP,2023-01-03,2023-01-04,2023,15,0.013214375894284869,0.08235928789786007,True,,1
500,COP,2023-01-03,2023-01-04,2023,16,0.034972586808440065,0.12021219205178935,True,,1
500,COP,2023-01-03,2023-01-04,2023,17,0.009920539369130843,0.13132530120481944,True,target60,1
500,FANG,2023-01-04,2023-01-05,2023,1,0.02236129130733433,0.02236129130733433,True,,1
500,FANG,2023-01-04,2023-01-05,2023,2,0.030904747685876366,0.05395710905899409,True,,1
500,FANG,2023-01-04,2023-01-05,2023,3,0.02425778421433744,0.079523773181714,True,,1
500,FANG,2023-01-04,2023-01-05,2023,4,0.0037469070342877053,0.08356864840112932,True,,1
500,FANG,2023-01-04,2023-01-05,2023,5,0.0016903789266093927,0.08540029000992133,True,,1
500,FANG,2023-01-04,2023-01-05,2023,6,0.02179721558149339,0.10905899412348319,True,,1
500,FANG,2023-01-04,2023-01-05,2023,7,-0.0005505092210293938,0.10844844692055267,True,,1
500,FANG,2023-01-04,2023-01-05,2023,8,0.004199944918755083,0.11310386934289851,True,,1
500,FANG,2023-01-04,2023-01-05,2023,9,-0.011930065135412948,0.09982446767915754,True,,1
500,FANG,2023-01-04,2023-01-05,2023,10,0.016237596280618716,0.1176829733648781,True,,1
500,FANG,2023-01-04,2023-01-05,2023,11,0.007442813246842039,0.12600167900480796,True,,1
500,FANG,2023-01-04,2023-01-05,2023,12,0.012335637793140952,0.1398916278714799,True,,1
500,FANG,2023-01-04,2023-01-05,2023,13,-0.013993036957686167,0.12394108219491717,True,,1
500,FANG,2023-01-04,2023-01-05,2023,14,-0.0010185373803218711,0.12279630618942239,True,,1
500,FANG,2023-01-04,2023-01-05,2023,15,0.018828167482327185,0.143936503090895,True,,1
500,FANG,2023-01-04,2023-01-05,2023,16,0.007405430649142897,0.15240784553155762,True,,1
500,FANG,2023-01-04,2023-01-05,2023,17,-0.03741721854304636,0.10928794932458219,True,,1
500,FANG,2023-01-04,2023-01-05,2023,18,0.005503955968352292,0.11539342135388853,True,,1
500,FANG,2023-01-04,2023-01-05,2023,19,-0.01963735887786522,0.0934900404487522,True,,1
500,FANG,2023-01-04,2023-01-05,2023,20,-0.03964265773311004,0.05014118904067755,True,time_h20,1
500,FANG,2023-01-05,2023-01-06,2023,1,0.01172161172161168,0.01172161172161168,True,,1
500,FANG,2023-01-05,2023-01-06,2023,2,0.02425778421433744,0.036263736263736135,True,,1
500,FANG,2023-01-05,2023-01-06,2023,3,0.0037469070342877053,0.04014652014652009,True,,1
500,FANG,2023-01-05,2023-01-06,2023,4,0.0016903789266093927,0.04190476190476189,True,,1
500,FANG,2023-01-05,2023-01-06,2023,5,0.02179721558149339,0.06461538461538452,True,,1
500,FANG,2023-01-05,2023-01-06,2023,6,-0.0005505092210293938,0.06402930402930407,True,,1
500,FANG,2023-01-05,2023-01-06,2023,7,0.004199944918755083,0.06849816849816848,True,,1
500,FANG,2023-01-05,2023-01-06,2023,8,-0.011930065135412948,0.05575091575091595,True,,1
500,FANG,2023-01-05,2023-01-06,2023,9,0.016237596280618716,0.07289377289377286,True,,1
500,FANG,2023-01-05,2023-01-06,2023,10,0.007442813246842039,0.08087912087912086,True,,1
500,FANG,2023-01-05,2023-01-06,2023,11,0.012335637793140952,0.09421245421245428,True,,1
500,FANG,2023-01-05,2023-01-06,2023,12,-0.013993036957686167,0.07890109890109898,True,,1
500,FANG,2023-01-05,2023-01-06,2023,13,-0.0010185373803218711,0.07780219780219788,True,,1
500,FANG,2023-01-05,2023-01-06,2023,14,0.018828167482327185,0.09809523809523801,True,,1
500,FANG,2023-01-05,2023-01-06,2023,15,0.007405430649142897,0.1062271062271063,True,,1
500,FANG,2023-01-05,2023-01-06,2023,16,-0.03741721854304636,0.06483516483516483,True,,1
500,FANG,2023-01-05,2023-01-06,2023,17,0.005503955968352292,0.07069597069597067,True,,1
500,FANG,2023-01-05,2023-01-06,2023,18,-0.01963735887786522,0.04967032967032958,True,,1
500,FANG,2023-01-05,2023-01-06,2023,19,-0.03964265773311004,0.00805860805860803,True,,1
500,FANG,2023-01-05,2023-01-06,2023,20,0.005595930232558111,0.013699633699633784,True,time_h20,1
500,MRO,2023-01-05,2023-01-06,2023,1,0.011402508551881407,0.011402508551881407,True,,1
500,MRO,2023-01-05,2023-01-06,2023,2,0.01615933859451335,0.027746104142911454,True,,1
500,MRO,2023-01-05,2023-01-06,2023,3,-0.0012943786982249073,0.02641581147852534,True,,1
500,MRO,2023-01-05,2023-01-06,2023,4,0.0009257544899092807,0.027366020524515422,True,,1
500,MRO,2023-01-05,2023-01-06,2023,5,0.012578616352201255,0.04028886354998118,True,,1
500,MRO,2023-01-05,2023-01-06,2023,6,-0.010595542564852178,0.029266438616495583,True,,1
500,MRO,2023-01-05,2023-01-06,2023,7,-0.010339734121122546,0.01862409730140646,True,,1
500,MRO,2023-01-05,2023-01-06,2023,8,0.003171641791044788,0.021854808057772734,True,,1
500,MRO,2023-01-05,2023-01-06,2023,9,0.018783708387576592,0.041049030786773244,True,,1
500,MRO,2023-01-05,2023-01-06,2023,10,0.017889740781307006,0.05967312808817948,True,,1
500,MRO,2023-01-05,2023-01-06,2023,11,0.007532281205165026,0.06765488407449638,True,,1
500,MRO,2023-01-05,2023-01-06,2023,12,0.15841936632253462,0.23679209426073733,True,target_gap,1
500,ANET,2023-01-19,2023-01-20,2023,1,0.028778264366788875,0.028778264366788875,True,,1
500,ANET,2023-01-19,2023-01-20,2023,2,0.03509686386934252,0.06488515506300829,True,,1
500,ANET,2023-01-19,2023-01-20,2023,3,0.02182123373898448,0.08812226293681302,True,,1
500,ANET,2023-01-19,2023-01-20,2023,4,-0.0017248459958931761,0.08624541960854426,True,,1
500,ANET,2023-01-19,2023-01-20,2023,5,0.019828862925785673,0.10778443113772451,True,,1
500,ANET,2023-01-19,2023-01-20,2023,6,0.01686163775716021,0.12646349092859066,True,,1
500,ANET,2023-01-19,2023-01-20,2023,7,-0.017454776261504268,0.10680132272767895,True,,1
500,ANET,2023-01-19,2023-01-20,2023,8,0.01776485788113691,0.12646349092859066,True,,1
500,ANET,2023-01-19,2023-01-20,2023,9,0.00833068867026343,0.1358477075699347,True,target60,1
500,SYF,2023-01-19,2023-01-20,2023,1,0.07729762629336578,0.07729762629336578,True,,1
500,SYF,2023-01-19,2023-01-20,2023,2,-0.023446327683615764,0.05203895313451001,True,,1
500,SYF,2023-01-19,2023-01-20,2023,3,0.0669077234596469,0.12242848447961041,True,target60,1
500,EQT,2023-01-30,2023-01-31,2023,1,0.012709237445753363,0.012709237445753363,True,,1
500,EQT,2023-01-30,2023-01-31,2023,2,-0.03581267217630857,-0.023558586484810906,True,stop,1
500,HAL,2023-02-02,2023-02-03,2023,1,-0.0003916449086162066,-0.0003916449086162066,True,stop,1
500,HAL,2023-02-03,2023-02-06,2023,1,-0.004550182007280412,-0.004550182007280412,True,stop,1
500,HAL,2023-02-06,2023-02-07,2023,1,-0.011234504132231482,-0.011234504132231482,True,stop,1
500,FSLR,2023-02-09,2023-02-10,2023,1,0.0047349649489607515,0.0047349649489607515,True,,1
500,FSLR,2023-02-09,2023-02-10,2023,2,0.023746863333129475,0.028594268847620175,True,,1
500,FSLR,2023-02-09,2023-02-10,2023,3,-0.03658755305793027,-0.009039478538925061,True,stop,1
500,FSLR,2023-02-10,2023-02-13,2023,1,0.008866103739445075,0.008866103739445075,True,,1
500,FSLR,2023-02-10,2023-02-13,2023,2,-0.03658755305793027,-0.028045838359469277,True,stop,1
500,M,2023-02-10,2023-02-13,2023,1,-0.006340579710144789,-0.006340579710144789,True,stop,1
500,M,2023-02-13,2023-02-14,2023,1,0.006729475100942128,0.006729475100942128,True,,1
500,M,2023-02-13,2023-02-14,2023,2,0.01559714795008893,0.02243158366980702,True,,1
500,M,2023-02-13,2023-02-14,2023,3,-0.021939447125932432,0.0,True,,1
500,M,2023-02-13,2023-02-14,2023,4,-0.015702108568864892,-0.015702108568864892,True,stop,1
500,M,2023-02-14,2023-02-15,2023,1,0.02151501568803238,0.02151501568803238,True,,1
500,M,2023-02-14,2023-02-15,2023,2,-0.021939447125932432,-0.0008964589870013029,True,,1
500,M,2023-02-14,2023-02-15,2023,3,-0.015702108568864892,-0.01658449125952477,True,stop,1
500,GOLD,2023-02-22,2023-02-23,2023,1,-0.0034097954122752627,-0.0034097954122752627,True,,1
500,GOLD,2023-02-22,2023-02-23,2023,2,-0.005287713841368502,-0.008679479231246012,True,,1
500,GOLD,2023-02-22,2023-02-23,2023,3,-0.0006253908692932519,-0.009299442033477878,True,,1
500,GOLD,2023-02-22,2023-02-23,2023,4,0.008760951188986343,-0.0006199628022317549,True,,1
500,GOLD,2023-02-22,2023-02-23,2023,5,0.012406947890818865,0.011779293242405453,True,,1
500,GOLD,2023-02-22,2023-02-23,2023,6,0.004289215686274606,0.016119032858028515,True,,1
500,GOLD,2023-02-22,2023-02-23,2023,7,0.008541793776693174,0.02479851208927486,True,,1
500,GOLD,2023-02-22,2023-02-23,2023,8,-0.013309134906231201,0.011159330440173587,True,,1
500,GOLD,2023-02-22,2023-02-23,2023,9,-0.033721643163703185,-0.02293862368257904,True,,1
500,GOLD,2023-02-22,2023-02-23,2023,10,-0.008883248730964466,-0.03161810291382516,True,,1
500,GOLD,2023-02-22,2023-02-23,2023,11,-0.003841229193341733,-0.03533787972721625,True,,1
500,GOLD,2023-02-22,2023-02-23,2023,12,0.019922879177377784,-0.016119032858028515,True,,1
500,GOLD,2023-02-22,2023-02-23,2023,13,0.07529930686830522,0.05796652200867958,True,,1
500,GOLD,2023-02-22,2023-02-23,2023,14,-0.004394960445356144,0.05331680099194047,True,,1
500,GOLD,2023-02-22,2023-02-23,2023,15,0.028840494408475692,0.08369497830130213,True,,1
500,GOLD,2023-02-22,2023-02-23,2023,16,-0.004576659038901698,0.07873527588344698,True,,1
500,GOLD,2023-02-22,2023-02-23,2023,17,0.04965517241379325,0.1323000619962802,True,target60,1
500,COF,2023-02-23,2023-02-24,2023,1,0.01943101524730384,0.01943101524730384,True,,1
500,COF,2023-02-23,2023-02-24,2023,2,-0.005471956224350261,0.013852733358125757,True,,1
500,COF,2023-02-23,2023-02-24,2023,3,-0.00018340210912426436,0.013666790628486414,True,,1
500,COF,2023-02-23,2023-02-24,2023,4,-0.004035586535815816,0.009576050576422412,True,,1
500,COF,2023-02-23,2023-02-24,2023,5,-0.017589096601897003,-0.008181480104127892,True,stop_gap,1
500,GOLD,2023-02-23,2023-02-24,2023,1,0.0037664783427495685,0.0037664783427495685,True,,1
500,GOLD,2023-02-23,2023-02-24,2023,2,-0.0006253908692932519,0.003138731952291307,True,,1
500,GOLD,2023-02-23,2023-02-24,2023,3,0.008760951188986343,0.011927181418706967,True,,1
500,GOLD,2023-02-23,2023-02-24,2023,4,0.012406947890818865,0.024482109227871973,True,,1
500,GOLD,2023-02-23,2023-02-24,2023,5,0.004289215686274606,0.028876333961079803,True,,1
500,GOLD,2023-02-23,2023-02-24,2023,6,0.008541793776693174,0.03766478342749546,True,,1
500,GOLD,2023-02-23,2023-02-24,2023,7,-0.013309134906231201,0.023854362837413712,True,,1
500,GOLD,2023-02-23,2023-02-24,2023,8,-0.033721643163703185,-0.010671688637790333,True,,1
500,GOLD,2023-02-23,2023-02-24,2023,9,-0.008883248730964466,-0.019460138104205882,True,,1
500,GOLD,2023-02-23,2023-02-24,2023,10,-0.003841229193341733,-0.02322661644695534,True,,1
500,GOLD,2023-02-23,2023-02-24,2023,11,0.019922879177377784,-0.0037664783427495685,True,,1
500,GOLD,2023-02-23,2023-02-24,2023,12,0.07529930686830522,0.07124921531701212,True,,1
500,GOLD,2023-02-23,2023-02-24,2023,13,-0.004394960445356144,0.06654111738857504,True,,1
500,GOLD,2023-02-23,2023-02-24,2023,14,0.028840494408475692,0.09730069052102963,True,,1
500,GOLD,2023-02-23,2023-02-24,2023,15,-0.004576659038901698,0.09227871939736332,True,,1
500,GOLD,2023-02-23,2023-02-24,2023,16,0.04965517241379325,0.14651600753295657,True,target60,1
500,GOLD,2023-02-24,2023-02-27,2023,1,0.0025094102885823144,0.0025094102885823144,True,,1
500,GOLD,2023-02-24,2023-02-27,2023,2,0.008760951188986343,0.01129234629861986,True,,1
500,GOLD,2023-02-24,2023-02-27,2023,3,0.012406947890818865,0.023839397741530766,True,,1
500,GOLD,2023-02-24,2023-02-27,2023,4,0.004289215686274606,0.02823086574654954,True,,1
500,GOLD,2023-02-24,2023-02-27,2023,5,0.008541793776693174,0.037013801756587306,True,,1
500,GOLD,2023-02-24,2023-02-27,2023,6,-0.013309134906231201,0.02321204516938513,True,,1
500,GOLD,2023-02-24,2023-02-27,2023,7,-0.033721643163703185,-0.01129234629861986,True,,1
500,GOLD,2023-02-24,2023-02-27,2023,8,-0.008883248730964466,-0.020075282308657516,True,,1
500,GOLD,2023-02-24,2023-02-27,2023,9,-0.003841229193341733,-0.023839397741530655,True,,1
500,GOLD,2023-02-24,2023-02-27,2023,10,0.019922879177377784,-0.004391468005018884,True,,1
500,GOLD,2023-02-24,2023-02-27,2023,11,0.07529930686830522,0.07057716436637396,True,,1
500,GOLD,2023-02-24,2023-02-27,2023,12,-0.004394960445356144,0.06587202007528226,True,,1
500,GOLD,2023-02-24,2023-02-27,2023,13,0.028840494408475692,0.09661229611041411,True,,1
500,GOLD,2023-02-24,2023-02-27,2023,14,-0.004576659038901698,0.0915934755332497,True,,1
500,GOLD,2023-02-24,2023-02-27,2023,15,0.04965517241379325,0.14579673776662494,True,target60,1
500,TSM,2023-02-24,2023-02-27,2023,1,-0.016234498308906442,-0.016234498308906442,True,,1
500,TSM,2023-02-24,2023-02-27,2023,2,-0.002292000916800374,-0.018489289740698966,True,,1
500,TSM,2023-02-24,2023-02-27,2023,3,0.015621410521479362,-0.003156708004509623,True,,1
500,TSM,2023-02-24,2023-02-27,2023,4,0.006898891653472017,0.0037204058624578096,True,,1
500,TSM,2023-02-24,2023-02-27,2023,5,0.008311805009547202,0.012063134160090083,True,,1
500,TSM,2023-02-24,2023-02-27,2023,6,-0.0020051242063049424,0.010033821871476833,True,,1
500,TSM,2023-02-24,2023-02-27,2023,7,-0.008371470030137274,0.0015783540022547005,True,,1
500,TSM,2023-02-24,2023-02-27,2023,8,0.022174696082845502,0.023788049605411477,True,,1
500,TSM,2023-02-24,2023-02-27,2023,9,-0.021032925889219234,0.0022547914317925244,True,,1
500,TSM,2023-02-24,2023-02-27,2023,10,-0.018222722159730087,-0.016009019165727167,True,,1
500,TSM,2023-02-24,2023-02-27,2023,11,0.016956920256645303,0.0006764374295378239,True,,1
500,TSM,2023-02-24,2023-02-27,2023,12,-0.00540784136998651,-0.0047350620067644345,True,,1
500,TSM,2023-02-24,2023-02-27,2023,13,-0.018350702310829248,-0.022998872604284126,True,stop,1
500,COF,2023-02-27,2023-02-28,2023,1,-0.0037463450292397615,-0.0037463450292397615,True,,1
500,COF,2023-02-27,2023-02-28,2023,2,-0.004035586535815816,-0.007766812865497075,True,,1
500,COF,2023-02-27,2023-02-28,2023,3,-0.017589096601897003,-0.025219298245613975,True,stop_gap,1
500,GOLD,2023-02-27,2023-02-28,2023,1,0.010025062656641603,0.010025062656641603,True,,1
500,GOLD,2023-02-27,2023-02-28,2023,2,0.012406947890818865,0.022556390977443552,True,,1
500,GOLD,2023-02-27,2023-02-28,2023,3,0.004289215686274606,0.02694235588972438,True,,1
500,GOLD,2023-02-27,2023-02-28,2023,4,0.008541793776693174,0.03571428571428581,True,,1
500,GOLD,2023-02-27,2023-02-28,2023,5,-0.013309134906231201,0.021929824561403466,True,,1
500,GOLD,2023-02-27,2023-02-28,2023,6,-0.033721643163703185,-0.01253132832080206,True,,1
500,GOLD,2023-02-27,2023-02-28,2023,7,-0.008883248730964466,-0.02130325814536349,True,,1
500,GOLD,2023-02-27,2023-02-28,2023,8,-0.003841229193341733,-0.02506265664160401,True,,1
500,GOLD,2023-02-27,2023-02-28,2023,9,0.019922879177377784,-0.005639097744360999,True,,1
500,GOLD,2023-02-27,2023-02-28,2023,10,0.07529930686830522,0.0692355889724312,True,,1
500,GOLD,2023-02-27,2023-02-28,2023,11,-0.004394960445356144,0.06453634085213023,True,,1
500,GOLD,2023-02-27,2023-02-28,2023,12,0.028840494408475692,0.09523809523809512,True,,1
500,GOLD,2023-02-27,2023-02-28,2023,13,-0.004576659038901698,0.09022556390977421,True,,1
500,GOLD,2023-02-27,2023-02-28,2023,14,0.04965517241379325,0.1443609022556389,True,target60,1
500,TSM,2023-02-27,2023-02-28,2023,1,-0.0009180628873077801,-0.0009180628873077801,True,,1
500,TSM,2023-02-27,2023-02-28,2023,2,0.015621410521479362,0.014689006196924481,True,,1
500,TSM,2023-02-27,2023-02-28,2023,3,0.006898891653472017,0.02168923571264636,True,,1
500,TSM,2023-02-27,2023-02-28,2023,4,0.008311805009547202,0.030181317420243214,True,,1
500,TSM,2023-02-27,2023-02-28,2023,5,-0.0020051242063049424,0.02811567592380082,True,,1
500,TSM,2023-02-27,2023-02-28,2023,6,-0.008371470030137274,0.019508836355290438,True,,1
500,TSM,2023-02-27,2023-02-28,2023,7,0.022174696082845502,0.042116134955244355,True,,1
500,TSM,2023-02-27,2023-02-28,2023,8,-0.021032925889219234,0.02019738352077116,True,,1
500,TSM,2023-02-27,2023-02-28,2023,9,-0.018222722159730087,0.0016066100527887262,True,,1
500,TSM,2023-02-27,2023-02-28,2023,10,0.016956920256645303,0.018590773467982658,True,,1
500,TSM,2023-02-27,2023-02-28,2023,11,-0.00540784136998651,0.013082396144135977,True,,1
500,TSM,2023-02-27,2023-02-28,2023,12,-0.018350702310829248,-0.0055083773238466804,True,stop,1
500,COF,2023-02-28,2023-03-01,2023,1,-0.008219928760617279,-0.008219928760617279,True,,1
500,COF,2023-02-28,2023-03-01,2023,2,-0.017589096601897003,-0.025664444241483175,True,stop_gap,1
500,GM,2023-02-28,2023-03-01,2023,1,0.001292657704239808,0.001292657704239808,True,,1
500,GM,2023-02-28,2023-03-01,2023,2,-0.009811515620965494,-0.008531540847983465,True,stop,1
500,SSO,2023-02-28,2023-03-01,2023,1,-0.008320887561339863,-0.008320887561339863,True,stop,1
500,GM,2023-03-01,2023-03-02,2023,1,-0.0014321051946361019,-0.0014321051946361019,True,stop,1
500,GOLD,2023-03-01,2023-03-02,2023,1,0.012353304508956109,0.012353304508956109,True,,1
500,GOLD,2023-03-01,2023-03-02,2023,2,0.008541793776693174,0.02100061766522554,True,,1
500,GOLD,2023-03-01,2023-03-02,2023,3,-0.013309134906231201,0.0074119827053735765,True,,1
500,GOLD,2023-03-01,2023-03-02,2023,4,-0.033721643163703185,-0.02655960469425578,True,,1
500,GOLD,2023-03-01,2023-03-02,2023,5,-0.008883248730964466,-0.0352069178505251,True,,1
500,GOLD,2023-03-01,2023-03-02,2023,6,-0.003841229193341733,-0.03891290920321189,True,,1
500,GOLD,2023-03-01,2023-03-02,2023,7,0.019922879177377784,-0.019765287214329907,True,,1
500,GOLD,2023-03-01,2023-03-02,2023,8,0.07529930686830522,0.054045707226683115,True,,1
500,GOLD,2023-03-01,2023-03-02,2023,9,-0.004394960445356144,0.049413218035824436,True,,1
500,GOLD,2023-03-01,2023-03-02,2023,10,0.028840494408475692,0.07967881408276711,True,,1
500,GOLD,2023-03-01,2023-03-02,2023,11,-0.004576659038901698,0.07473749227918458,True,,1
500,GOLD,2023-03-01,2023-03-02,2023,12,0.04965517241379325,0.12810376775787513,True,target60,1
500,KEY,2023-03-02,2023-03-03,2023,1,0.009928295642581242,0.009928295642581242,True,,1
500,KEY,2023-03-02,2023-03-03,2023,2,-0.009011469142545026,0.000827357970215159,True,,1
500,KEY,2023-03-02,2023-03-03,2023,3,-0.019564618352163166,-0.018753447324875938,True,stop,1
500,LLY,2023-03-02,2023-03-03,2023,1,0.006479754717577446,0.006479754717577446,True,,1
500,LLY,2023-03-02,2023-03-03,2023,2,0.0019157088122603305,0.008407876853051777,True,,1
500,LLY,2023-03-02,2023-03-03,2023,3,-0.026204432185060855,-0.018016878970825267,True,,1
500,LLY,2023-03-02,2023-03-03,2023,4,0.00646988766214962,-0.01166355849163958,True,,1
500,LLY,2023-03-02,2023-03-03,2023,5,0.013336318280670278,0.0015172108607011126,True,,1
500,LLY,2023-03-02,2023-03-03,2023,6,-6.312135079700187e-05,0.0014539937415052329,True,,1
500,LLY,2023-03-02,2023-03-03,2023,7,0.024997632799924396,0.026487972943072924,True,,1
500,LLY,2023-03-02,2023-03-03,2023,8,0.0029253271747498033,0.02949078610487721,True,,1
500,LLY,2023-03-02,2023-03-03,2023,9,0.012250537304267839,0.042102601384454985,True,,1
500,LLY,2023-03-02,2023-03-03,2023,10,-0.00048530437683891314,0.041596864430887726,True,,1
500,LLY,2023-03-02,2023-03-03,2023,11,0.001122811276666802,0.0427663811360115,True,,1
500,LLY,2023-03-02,2023-03-03,2023,12,0.010912397696271725,0.05414546259126962,True,,1
500,LLY,2023-03-02,2023-03-03,2023,13,-0.006746626686656709,0.04703353668173338,True,,1
500,LLY,2023-03-02,2023-03-03,2023,14,-0.0006641509433963355,0.0463381483705787,True,,1
500,LLY,2023-03-02,2023-03-03,2023,15,0.0045313113615079725,0.05107943231026946,True,,1
500,LLY,2023-03-02,2023-03-03,2023,16,0.010224641385739641,0.061826342573569004,True,target60,1
500,KEY,2023-03-06,2023-03-07,2023,1,-0.003361344537815225,-0.003361344537815225,True,stop,1
500,IQV,2023-03-07,2023-03-08,2023,1,-0.0022164583824569872,-0.0022164583824569872,True,,1
500,IQV,2023-03-07,2023-03-08,2023,2,-0.02282824463559885,-0.024994105163876457,True,stop,1
500,LLY,2023-03-07,2023-03-08,2023,1,0.0070209339774558455,0.0070209339774558455,True,,1
500,LLY,2023-03-07,2023-03-08,2023,2,0.013336318280670278,0.02045088566827702,True,,1
500,LLY,2023-03-07,2023-03-08,2023,3,-6.312135079700187e-05,0.0203864734299517,True,,1
500,LLY,2023-03-07,2023-03-08,2023,4,0.024997632799924396,0.04589371980676327,True,,1
500,LLY,2023-03-07,2023-03-08,2023,5,0.0029253271747498033,0.04895330112721408,True,,1
500,LLY,2023-03-07,2023-03-08,2023,6,0.012250537304267839,0.061803542673107836,True,,1
500,LLY,2023-03-07,2023-03-08,2023,7,-0.00048530437683891314,0.06128824476650552,True,,1
500,LLY,2023-03-07,2023-03-08,2023,8,0.001122811276666802,0.06247987117552323,True,,1
500,LLY,2023-03-07,2023-03-08,2023,9,0.010912397696271725,0.07407407407407418,True,,1
500,LLY,2023-03-07,2023-03-08,2023,10,-0.006746626686656709,0.06682769726247995,True,,1
500,LLY,2023-03-07,2023-03-08,2023,11,-0.0006641509433963355,0.06611916264090167,True,,1
500,LLY,2023-03-07,2023-03-08,2023,12,0.0045313113615079725,0.07095008051529783,True,,1
500,LLY,2023-03-07,2023-03-08,2023,13,0.010224641385739641,0.08190016103059583,True,target60,1
500,IQV,2023-03-08,2023-03-09,2023,1,-0.02765367069557445,-0.02765367069557445,True,stop,1
500,PYPL,2023-03-13,2023-03-14,2023,1,-0.010726408689748945,-0.010726408689748945,True,,1
500,PYPL,2023-03-13,2023-03-14,2023,2,-0.010568213011254435,-0.02118126272912424,True,stop_gap,1
500,EQT,2023-03-22,2023-03-23,2023,1,-0.009721756620851507,-0.009721756620851507,True,,1
500,EQT,2023-03-22,2023-03-23,2023,2,0.035545023696682554,0.02547770700636942,True,,1
500,EQT,2023-03-22,2023-03-23,2023,3,-0.00490356325596597,0.02044921220248086,True,,1
500,EQT,2023-03-22,2023-03-23,2023,5,0.033180026281208974,0.054307743881998105,True,,1
500,EQT,2023-03-22,2023-03-23,2023,6,-0.0050874403815580616,0.04894401609118337,True,,1
500,EQT,2023-03-22,2023-03-23,2023,7,0.01981463726430177,0.06972846128059018,True,,1
500,EQT,2023-03-22,2023-03-23,2023,8,-0.0034471952366029734,0.06604089842440497,True,,1
500,EQT,2023-03-22,2023-03-23,2023,9,0.021069182389937158,0.0885015085484413,True,,1
500,EQT,2023-03-22,2023-03-23,2023,10,0.003695719125346608,0.09252430439155224,True,,1
500,EQT,2023-03-22,2023-03-23,2023,11,-0.014575023013194244,0.07660073751257146,True,,1
500,EQT,2023-03-22,2023-03-23,2023,12,0.041693912501945984,0.12148843446195112,True,target60,1
500,EQT,2023-03-23,2023-03-24,2023,1,0.04868015083990396,0.04868015083990396,True,,1
500,EQT,2023-03-23,2023-03-24,2023,2,-0.00490356325596597,0.04353788138498449,True,,1
500,EQT,2023-03-23,2023-03-24,2023,4,0.033180026281208974,0.07816249571477529,True,,1
500,EQT,2023-03-23,2023-03-24,2023,5,-0.0050874403815580616,0.07267740829619473,True,,1
500,EQT,2023-03-23,2023-03-24,2023,6,0.01981463726430177,0.09393212204319501,True,,1
500,EQT,2023-03-23,2023-03-24,2023,7,-0.0034471952366029734,0.09016112444292079,True,,1
500,EQT,2023-03-23,2023-03-24,2023,8,0.021069182389937158,0.11312992800822763,True,,1
500,EQT,2023-03-23,2023-03-24,2023,9,0.003695719125346608,0.11724374357216316,True,,1
500,EQT,2023-03-23,2023-03-24,2023,10,-0.014575023013194244,0.10095989029825159,True,,1
500,EQT,2023-03-23,2023-03-24,2023,11,0.041693912501945984,0.14686321563249916,True,target60,1
500,ZM,2023-03-27,2023-03-28,2023,1,-0.000291672743182092,-0.000291672743182092,True,,1
500,ZM,2023-03-27,2023-03-28,2023,2,0.029905178701677526,0.029604783432988224,True,,1
500,ZM,2023-03-27,2023-03-28,2023,3,0.019830028328611915,0.05002187545573866,True,,1
500,ZM,2023-03-27,2023-03-28,2023,4,0.025416666666666643,0.07670993145690552,True,,1
500,ZM,2023-03-27,2023-03-28,2023,5,-0.0018962481376134654,0.07466822225463043,True,,1
500,ZM,2023-03-27,2023-03-28,2023,6,-0.0005428144931468593,0.07408487676826625,True,,1
500,ZM,2023-03-27,2023-03-28,2023,7,-0.03462321792260703,0.03689660201254186,True,,1
500,ZM,2023-03-27,2023-03-28,2023,8,0.010689170182841101,0.047980166253463796,True,,1
500,ZM,2023-03-27,2023-03-28,2023,9,-0.009462844419704908,0.03806329298527067,True,,1
500,ZM,2023-03-27,2023-03-28,2023,10,-0.016437201461084627,0.021000437509114844,True,,1
500,ZM,2023-03-27,2023-03-28,2023,11,-0.035994857877446274,-0.015750328131836078,True,,1
500,ZM,2023-03-27,2023-03-28,2023,12,0.03970958660542312,0.023333819454572025,True,,1
500,ZM,2023-03-27,2023-03-28,2023,13,-0.009548239988599105,0.013562782557970054,True,,1
500,ZM,2023-03-27,2023-03-28,2023,14,-0.027050359712230132,-0.013854455301151924,True,,1
500,ZM,2023-03-27,2023-03-28,2023,15,-0.0048062703342206525,-0.018594137377861863,True,,1
500,ZM,2023-03-27,2023-03-28,2023,16,0.00690987443346458,-0.011812746098876836,True,,1
500,ZM,2023-03-27,2023-03-28,2023,17,-0.030696576151121535,-0.0421467113898204,True,,1
500,ZM,2023-03-27,2023-03-28,2023,18,-0.018270401948842885,-0.059647075980749475,True,stop,1
500,BX,2023-04-04,2023-04-05,2023,1,0.01382488479262678,0.01382488479262678,True,,1
500,BX,2023-04-04,2023-04-05,2023,2,0.009705159705159616,0.023664217212604255,True,,1
500,BX,2023-04-04,2023-04-05,2023,3,-0.007300158170093662,0.016191306513887227,True,,1
500,BX,2023-04-04,2023-04-05,2023,4,0.022184091187645638,0.03873458712168398,True,,1
500,BX,2023-04-04,2023-04-05,2023,5,-0.010071942446043258,0.028272512143479922,True,,1
500,BX,2023-04-04,2023-04-05,2023,6,0.020469961240310086,0.04932121061153305,True,,1
500,BX,2023-04-04,2023-04-05,2023,7,0.012818991097922838,0.06277244986922392,True,,1
500,BX,2023-04-04,2023-04-05,2023,8,0.02214930270713711,0.08631211857018295,True,,1
500,BX,2023-04-04,2023-04-05,2023,9,0.0555835817473056,0.1466932370158176,True,target60,1
500,BX,2023-04-05,2023-04-06,2023,1,0.011693746922698312,0.011693746922698312,True,,1
500,BX,2023-04-05,2023-04-06,2023,2,-0.007300158170093662,0.004308222550467811,True,,1
500,BX,2023-04-05,2023-04-06,2023,3,0.022184091187645638,0.026587887740029625,True,,1
500,BX,2023-04-05,2023-04-06,2023,4,-0.010071942446043258,0.01624815361890697,True,,1
500,BX,2023-04-05,2023-04-06,2023,5,0.020469961240310086,0.037050713934022816,True,,1
500,BX,2023-04-05,2023-04-06,2023,6,0.012818991097922838,0.05034465780403741,True,,1
500,BX,2023-04-05,2023-04-06,2023,7,0.02214930270713711,0.07360905957656327,True,,1
500,BX,2023-04-05,2023-04-06,2023,8,0.0555835817473056,0.13328409650418527,True,target60,1
500,ROK,2023-04-05,2023-04-06,2023,1,-7.348078477475983e-05,-7.348078477475983e-05,True,,1
500,ROK,2023-04-05,2023-04-06,2023,2,-0.0063014403292182,-0.006374458079212331,True,stop,1
500,RCL,2023-04-06,2023-04-10,2023,1,0.026844532279314937,0.026844532279314937,True,,1
500,RCL,2023-04-06,2023-04-10,2023,2,0.017321571772253463,0.04463109354413697,True,,1
500,RCL,2023-04-06,2023-04-10,2023,3,-0.028850701560775627,0.01449275362318847,True,,1
500,RCL,2023-04-06,2023-04-10,2023,4,0.0051948051948051965,0.01976284584980248,True,,1
500,RCL,2023-04-06,2023-04-10,2023,5,0.00048449612403111963,0.02025691699604759,True,,1
500,RCL,2023-04-06,2023-04-10,2023,6,0.019531880548829594,0.040184453227931405,True,,1
500,RCL,2023-04-06,2023-04-10,2023,7,0.020107663077897575,0.061100131752305886,True,,1
500,RCL,2023-04-06,2023-04-10,2023,8,0.0006208288064564194,0.06175889328063233,True,,1
500,RCL,2023-04-06,2023-04-10,2023,9,-0.034899953466728695,0.024703557312252933,True,,1
500,RCL,2023-04-06,2023-04-10,2023,10,0.012536162005786,0.03754940711462451,True,,1
500,RCL,2023-04-06,2023-04-10,2023,11,-0.009365079365079465,0.02783267457180494,True,,1
500,RCL,2023-04-06,2023-04-10,2023,12,-0.032206377183143675,-0.005270092226614009,True,,1
500,RCL,2023-04-06,2023-04-10,2023,13,-0.01407284768211925,-0.019268774703557368,True,,1
500,RCL,2023-04-06,2023-04-10,2023,14,0.035600335852224996,0.01564558629776025,True,,1
500,RCL,2023-04-06,2023-04-10,2023,15,0.06113183071185335,0.07773386034255592,True,,1
500,RCL,2023-04-06,2023-04-10,2023,16,0.02307457212713948,0.10260210803689063,True,,1
500,RCL,2023-04-06,2023-04-10,2023,17,0.012845407020164235,0.11676548089591576,True,,1
500,RCL,2023-04-06,2023-04-10,2023,18,-0.010765373838666936,0.10474308300395263,True,,1
500,RCL,2023-04-06,2023-04-10,2023,19,0.09123434704830058,0.2055335968379448,True,target_gap,1
500,BX,2023-04-10,2023-04-11,2023,1,0.017197219173070044,0.017197219173070044,True,,1
500,BX,2023-04-10,2023-04-11,2023,2,-0.010071942446043258,0.00695206732528364,True,,1
500,BX,2023-04-10,2023-04-11,2023,3,0.020469961240310086,0.02756433711428219,True,,1
500,BX,2023-04-10,2023-04-11,2023,4,0.012818991097922838,0.04073667520429325,True,,1
500,BX,2023-04-10,2023-04-11,2023,5,0.02214930270713711,0.06378826686181238,True,,1
500,BX,2023-04-10,2023-04-11,2023,6,0.0555835817473056,0.12291742895475055,True,target60,1
500,SPXS,2023-04-10,2023-04-11,2023,1,0.00452488687782826,0.00452488687782826,True,,1
500,SPXS,2023-04-10,2023-04-11,2023,2,0.01182432432432412,0.01640271493212664,True,,1
500,SPXS,2023-04-10,2023-04-11,2023,3,-0.03839732888146896,-0.02262443438914019,True,,1
500,SPXS,2023-04-10,2023-04-11,2023,4,0.00752314814814814,-0.015271493212669629,True,,1
500,SPXS,2023-04-10,2023-04-11,2023,5,-0.009764503159104043,-0.02488687782805432,True,,1
500,SPXS,2023-04-10,2023-04-11,2023,6,-0.0017401392111368041,-0.026583710407239725,True,,1
500,SPXS,2023-04-10,2023-04-11,2023,7,0.0,-0.026583710407239725,True,,1
500,SPXS,2023-04-10,2023-04-11,2023,8,0.01859384079023818,-0.008484162895927572,True,,1
500,SPXS,2023-04-10,2023-04-11,2023,9,-0.0017113519680548306,-0.010180995475113086,True,,1
500,SPXS,2023-04-10,2023-04-11,2023,10,-0.0022857142857142243,-0.012443438914027105,True,,1
500,SPXS,2023-04-10,2023-04-11,2023,11,0.047537227949598915,0.03450226244343879,True,,1
500,SPXS,2023-04-10,2023-04-11,2023,12,0.012575177692728312,0.04751131221719462,True,,1
500,SPXS,2023-04-10,2023-04-11,2023,13,-0.057235421166306644,-0.012443438914027105,True,,1
500,SPXS,2023-04-10,2023-04-11,2023,14,-0.02491408934707917,-0.037047511312217285,True,,1
500,SPXS,2023-04-10,2023-04-11,2023,15,-0.002643171806167244,-0.039592760180995445,True,stop,1
500,SPXU,2023-04-10,2023-04-11,2023,1,0.002225519287833766,0.002225519287833766,True,,1
500,SPXU,2023-04-10,2023-04-11,2023,2,0.012583271650629113,0.014836795252225476,True,,1
500,SPXU,2023-04-10,2023-04-11,2023,3,-0.03874269005847952,-0.02448071216617209,True,,1
500,SPXU,2023-04-10,2023-04-11,2023,4,0.0076045627376426506,-0.017062314540059353,True,,1
500,SPXU,2023-04-10,2023-04-11,2023,5,-0.009811320754717023,-0.02670623145400597,True,,1
500,SPXU,2023-04-10,2023-04-11,2023,6,-0.0015243902439023849,-0.028189910979228516,True,,1
500,SPXU,2023-04-10,2023-04-11,2023,7,0.0,-0.028189910979228516,True,,1
500,SPXU,2023-04-10,2023-04-11,2023,8,0.01908396946564883,-0.009643916913946615,True,,1
500,SPXU,2023-04-10,2023-04-11,2023,9,-0.0014981273408238849,-0.011127596439169163,True,,1
500,SPXU,2023-04-10,2023-04-11,2023,10,-0.0030007501875469744,-0.01409495548961437,True,,1
500,SPXU,2023-04-10,2023-04-11,2023,11,0.047780285929270194,0.033011869436201824,True,,1
500,SPXU,2023-04-10,2023-04-11,2023,12,0.013285457809694812,0.04673590504451042,True,,1
500,SPXU,2023-04-10,2023-04-11,2023,13,-0.05776045357902193,-0.013724035608308593,True,,1
500,SPXU,2023-04-10,2023-04-11,2023,14,-0.024445280180518947,-0.03783382789317502,True,,1
500,SPXU,2023-04-10,2023-04-11,2023,15,-0.009252120277563725,-0.04673590504451042,True,stop,1
500,SPXS,2023-04-11,2023-04-12,2023,1,0.028620492272467102,0.028620492272467102,True,,1
500,SPXS,2023-04-11,2023-04-12,2023,2,-0.03839732888146896,-0.010875787063537312,True,,1
500,SPXS,2023-04-11,2023-04-12,2023,3,0.00752314814814814,-0.0034344590726960167,True,,1
500,SPXS,2023-04-11,2023-04-12,2023,4,-0.009764503159104043,-0.013165426445334916,True,,1
500,SPXS,2023-04-11,2023-04-12,2023,5,-0.0017401392111368041,-0.014882655981682813,True,,1
500,SPXS,2023-04-11,2023-04-12,2023,6,0.0,-0.014882655981682813,True,,1
500,SPXS,2023-04-11,2023-04-12,2023,7,0.01859384079023818,0.0034344590726962387,True,,1
500,SPXS,2023-04-11,2023-04-12,2023,8,-0.0017113519680548306,0.0017172295363481194,True,,1
500,SPXS,2023-04-11,2023-04-12,2023,9,-0.0022857142857142243,-0.0005724098454492621,True,,1
500,SPXS,2023-04-11,2023-04-12,2023,10,0.047537227949598915,0.04693760732684593,True,,1
500,SPXS,2023-04-11,2023-04-12,2023,11,0.012575177692728312,0.06010303377218085,True,,1
500,SPXS,2023-04-11,2023-04-12,2023,12,-0.057235421166306644,-0.0005724098454492621,True,,1
500,SPXS,2023-04-11,2023-04-12,2023,13,-0.02491408934707917,-0.02547223812249577,True,,1
500,SPXS,2023-04-11,2023-04-12,2023,14,-0.002643171806167244,-0.028048082427017618,True,stop,1
500,SPXU,2023-04-11,2023-04-12,2023,1,0.02857142857142847,0.02857142857142847,True,,1
500,SPXU,2023-04-11,2023-04-12,2023,2,-0.03874269005847952,-0.011278195488721776,True,,1
500,SPXU,2023-04-11,2023-04-12,2023,3,0.0076045627376426506,-0.003759398496240629,True,,1
500,SPXU,2023-04-11,2023-04-12,2023,4,-0.009811320754717023,-0.013533834586466287,True,,1
500,SPXU,2023-04-11,2023-04-12,2023,5,-0.0015243902439023849,-0.015037593984962516,True,,1
500,SPXU,2023-04-11,2023-04-12,2023,6,0.0,-0.015037593984962516,True,,1
500,SPXU,2023-04-11,2023-04-12,2023,7,0.01908396946564883,0.003759398496240518,True,,1
500,SPXU,2023-04-11,2023-04-12,2023,8,-0.0014981273408238849,0.0022556390977443996,True,,1
500,SPXU,2023-04-11,2023-04-12,2023,9,-0.0030007501875469744,-0.0007518796992482812,True,,1
500,SPXU,2023-04-11,2023-04-12,2023,10,0.047780285929270194,0.046992481203007586,True,,1
500,SPXU,2023-04-11,2023-04-12,2023,11,0.013285457809694812,0.06090225563909768,True,,1
500,SPXU,2023-04-11,2023-04-12,2023,12,-0.05776045357902193,-0.0003759398496241406,True,,1
500,SPXU,2023-04-11,2023-04-12,2023,13,-0.024445280180518947,-0.024812030075187952,True,,1
500,SPXU,2023-04-11,2023-04-12,2023,14,-0.009252120277563725,-0.03383458646616544,True,stop,1
500,RCL,2023-04-12,2023-04-13,2023,1,-0.0024166263895601947,-0.0024166263895601947,True,,1
500,RCL,2023-04-12,2023-04-13,2023,2,0.00048449612403111963,-0.0019333011116481336,True,,1
500,RCL,2023-04-12,2023-04-13,2023,3,0.019531880548829594,0.017560818430803815,True,,1
500,RCL,2023-04-12,2023-04-13,2023,4,0.020107663077897575,0.03802158852908022,True,,1
500,RCL,2023-04-12,2023-04-13,2023,5,0.0006208288064564194,0.03866602223296267,True,,1
500,RCL,2023-04-12,2023-04-13,2023,6,-0.034899953466728695,0.0024166263895601947,True,,1
500,RCL,2023-04-12,2023-04-13,2023,7,0.012536162005786,0.014983083615273118,True,,1
500,RCL,2023-04-12,2023-04-13,2023,8,-0.009365079365079465,0.005477686483003064,True,,1
500,RCL,2023-04-12,2023-04-13,2023,9,-0.032206377183143675,-0.026905107137103257,True,,1
500,RCL,2023-04-12,2023-04-13,2023,10,-0.01407284768211925,-0.04059932334461103,True,,1
500,RCL,2023-04-12,2023-04-13,2023,11,0.035600335852224996,-0.006444337038827075,True,,1
500,RCL,2023-04-12,2023-04-13,2023,12,0.06113183071185335,0.054293539552118464,True,,1
500,RCL,2023-04-12,2023-04-13,2023,13,0.02307457212713948,0.07862091187369113,True,,1
500,RCL,2023-04-12,2023-04-13,2023,14,0.012845407020164235,0.09247623650716941,True,,1
500,RCL,2023-04-12,2023-04-13,2023,15,-0.010765373838666936,0.08071532141130988,True,,1
500,RCL,2023-04-12,2023-04-13,2023,16,0.09123434704830058,0.17931367810536503,True,target_gap,1
500,SPXS,2023-04-12,2023-04-13,2023,1,-0.03084688726864815,-0.03084688726864815,True,,1
500,SPXS,2023-04-12,2023-04-13,2023,2,0.00752314814814814,-0.023555804823331417,True,,1
500,SPXS,2023-04-12,2023-04-13,2023,3,-0.009764503159104043,-0.033090297251822776,True,,1
500,SPXS,2023-04-12,2023-04-13,2023,4,-0.0017401392111368041,-0.03477285473920344,True,,1
500,SPXS,2023-04-12,2023-04-13,2023,5,0.0,-0.03477285473920344,True,,1
500,SPXS,2023-04-12,2023-04-13,2023,6,0.01859384079023818,-0.01682557487380798,True,,1
500,SPXS,2023-04-12,2023-04-13,2023,7,-0.0017113519680548306,-0.018508132361188867,True,,1
500,SPXS,2023-04-12,2023-04-13,2023,8,-0.0022857142857142243,-0.020751542344363272,True,,1
500,SPXS,2023-04-12,2023-04-13,2023,9,0.047537227949598915,0.025799214806506043,True,,1
500,SPXS,2023-04-12,2023-04-13,2023,10,0.012575177692728312,0.03869882220975884,True,,1
500,SPXS,2023-04-12,2023-04-13,2023,11,-0.057235421166306644,-0.020751542344363272,True,,1
500,SPXS,2023-04-12,2023-04-13,2023,12,-0.02491408934707917,-0.04514862591138524,True,,1
500,SPXS,2023-04-12,2023-04-13,2023,13,-0.002643171806167244,-0.04767246214245646,True,stop,1
500,RCL,2023-04-13,2023-04-14,2023,1,0.0014548981571289588,0.0014548981571289588,True,,1
500,RCL,2023-04-13,2023-04-14,2023,2,0.019531880548829594,0.02101519560297449,True,,1
500,RCL,2023-04-13,2023-04-14,2023,3,0.020107663077897575,0.041545425153572735,True,,1
500,RCL,2023-04-13,2023-04-14,2023,4,0.0006208288064564194,0.042192046556740914,True,,1
500,RCL,2023-04-13,2023-04-14,2023,5,-0.034899953466728695,0.005819592628516057,True,,1
500,RCL,2023-04-13,2023-04-14,2023,6,0.012536162005786,0.018428709990300662,True,,1
500,RCL,2023-04-13,2023-04-14,2023,7,-0.009365079365079465,0.00889104429356613,True,,1
500,RCL,2023-04-13,2023-04-14,2023,8,-0.032206377183143675,-0.023601681215648207,True,,1
500,RCL,2023-04-13,2023-04-14,2023,9,-0.01407284768211925,-0.03734238603297768,True,,1
500,RCL,2023-04-13,2023-04-14,2023,10,0.035600335852224996,-0.0030714516650500734,True,,1
500,RCL,2023-04-13,2023-04-14,2023,11,0.06113183071185335,0.057872615583575815,True,,1
500,RCL,2023-04-13,2023-04-14,2023,12,0.02307457212713948,0.08228257355318469,True,,1
500,RCL,2023-04-13,2023-04-14,2023,13,0.012845407020164235,0.09618493372130632,True,,1
500,RCL,2023-04-13,2023-04-14,2023,14,-0.010765373838666936,0.08438409311348205,True,,1
500,RCL,2023-04-13,2023-04-14,2023,15,0.09123434704830058,0.18331716779825413,True,target_gap,1
500,SPXS,2023-04-13,2023-04-14,2023,1,0.0017261219792865656,0.0017261219792865656,True,,1
500,SPXS,2023-04-13,2023-04-14,2023,2,-0.009764503159104043,-0.008055235903337232,True,,1
500,SPXS,2023-04-13,2023-04-14,2023,3,-0.0017401392111368041,-0.009781357882623576,True,,1
500,SPXS,2023-04-13,2023-04-14,2023,4,0.0,-0.009781357882623576,True,,1
500,SPXS,2023-04-13,2023-04-14,2023,5,0.01859384079023818,0.008630609896432828,True,,1
500,SPXS,2023-04-13,2023-04-14,2023,6,-0.0017113519680548306,0.0069044879171462625,True,,1
500,SPXS,2023-04-13,2023-04-14,2023,7,-0.0022857142857142243,0.004602991944764101,True,,1
500,SPXS,2023-04-13,2023-04-14,2023,8,0.047537227949598915,0.05235903337169168,True,,1
500,SPXS,2023-04-13,2023-04-14,2023,9,0.012575177692728312,0.06559263521288838,True,,1
500,SPXS,2023-04-13,2023-04-14,2023,10,-0.057235421166306644,0.004602991944764101,True,,1
500,SPXS,2023-04-13,2023-04-14,2023,11,-0.02491408934707917,-0.020425776754890657,True,,1
500,SPXS,2023-04-13,2023-04-14,2023,12,-0.002643171806167244,-0.023014959723820394,True,stop,1
500,SPXU,2023-04-13,2023-04-14,2023,1,0.0015117157974300355,0.0015117157974300355,True,,1
500,SPXU,2023-04-13,2023-04-14,2023,2,-0.009811320754717023,-0.008314436885865528,True,,1
500,SPXU,2023-04-13,2023-04-14,2023,3,-0.0015243902439023849,-0.009826152683295564,True,,1
500,SPXU,2023-04-13,2023-04-14,2023,4,0.0,-0.009826152683295564,True,,1
500,SPXU,2023-04-13,2023-04-14,2023,5,0.01908396946564883,0.009070294784580435,True,,1
500,SPXU,2023-04-13,2023-04-14,2023,6,-0.0014981273408238849,0.0075585789871503994,True,,1
500,SPXU,2023-04-13,2023-04-14,2023,7,-0.0030007501875469744,0.0045351473922901064,True,,1
500,SPXU,2023-04-13,2023-04-14,2023,8,0.047780285929270194,0.05253212396069551,True,,1
500,SPXU,2023-04-13,2023-04-14,2023,9,0.013285457809694812,0.06651549508692356,True,,1
500,SPXU,2023-04-13,2023-04-14,2023,10,-0.05776045357902193,0.004913076341647837,True,,1
500,SPXU,2023-04-13,2023-04-14,2023,11,-0.024445280180518947,-0.019652305366591016,True,,1
500,SPXU,2023-04-13,2023-04-14,2023,12,-0.009252120277563725,-0.028722600151171673,True,stop,1
500,RCL,2023-04-14,2023-04-17,2023,1,0.02167583306373344,0.02167583306373344,True,,1
500,RCL,2023-04-14,2023-04-17,2023,2,0.020107663077897575,0.042219346489809295,True,,1
500,RCL,2023-04-14,2023-04-17,2023,3,0.0006208288064564194,0.0428663862827563,True,,1
500,RCL,2023-04-14,2023-04-17,2023,4,-0.034899953466728695,0.006470397929472682,True,,1
500,RCL,2023-04-14,2023-04-17,2023,5,0.012536162005786,0.019087673891944323,True,,1
500,RCL,2023-04-14,2023-04-17,2023,6,-0.009365079365079465,0.009543836945972162,True,,1
500,RCL,2023-04-14,2023-04-17,2023,7,-0.032206377183143675,-0.022969912649628,True,,1
500,RCL,2023-04-14,2023-04-17,2023,8,-0.01407284768211925,-0.03671950824975745,True,,1
500,RCL,2023-04-14,2023-04-17,2023,9,0.035600335852224996,-0.002426399223552256,True,,1
500,RCL,2023-04-14,2023-04-17,2023,10,0.06113183071185335,0.05855710126172764,True,,1
500,RCL,2023-04-14,2023-04-17,2023,11,0.02307457212713948,0.08298285344548684,True,,1
500,RCL,2023-04-14,2023-04-17,2023,12,0.012845407020164235,0.09689420899385315,True,,1
500,RCL,2023-04-14,2023-04-17,2023,13,-0.010765373838666936,0.08508573277256537,True,,1
500,RCL,2023-04-14,2023-04-17,2023,14,0.09123434704830058,0.18408282109349727,True,target_gap,1
500,SPXS,2023-04-14,2023-04-17,2023,1,-0.01146788990825709,-0.01146788990825709,True,,1
500,SPXS,2023-04-14,2023-04-17,2023,2,-0.0017401392111368041,-0.013188073394495459,True,,1
500,SPXS,2023-04-14,2023-04-17,2023,3,0.0,-0.013188073394495459,True,,1
500,SPXS,2023-04-14,2023-04-17,2023,4,0.01859384079023818,0.0051605504587155515,True,,1
500,SPXS,2023-04-14,2023-04-17,2023,5,-0.0017113519680548306,0.0034403669724769603,True,,1
500,SPXS,2023-04-14,2023-04-17,2023,6,-0.0022857142857142243,0.0011467889908256534,True,,1
500,SPXS,2023-04-14,2023-04-17,2023,7,0.047537227949598915,0.048738532110091715,True,,1
500,SPXS,2023-04-14,2023-04-17,2023,8,0.012575177692728312,0.06192660550458706,True,,1
500,SPXS,2023-04-14,2023-04-17,2023,9,-0.057235421166306644,0.0011467889908256534,True,,1
500,SPXS,2023-04-14,2023-04-17,2023,10,-0.02491408934707917,-0.02379587155963314,True,,1
500,SPXS,2023-04-14,2023-04-17,2023,11,-0.002643171806167244,-0.026376146788990917,True,stop,1
500,SPXU,2023-04-14,2023-04-17,2023,1,-0.011303692539562982,-0.011303692539562982,True,,1
500,SPXU,2023-04-14,2023-04-17,2023,2,-0.0015243902439023849,-0.012810851544837965,True,,1
500,SPXU,2023-04-14,2023-04-17,2023,3,0.0,-0.012810851544837965,True,,1
500,SPXU,2023-04-14,2023-04-17,2023,4,0.01908396946564883,0.006028636021100153,True,,1
500,SPXU,2023-04-14,2023-04-17,2023,5,-0.0014981273408238849,0.0045214770158252815,True,,1
500,SPXU,2023-04-14,2023-04-17,2023,6,-0.0030007501875469744,0.0015071590052750938,True,,1
500,SPXU,2023-04-14,2023-04-17,2023,7,0.047780285929270194,0.04935945742275827,True,,1
500,SPXU,2023-04-14,2023-04-17,2023,8,0.013285457809694812,0.06330067822155239,True,,1
500,SPXU,2023-04-14,2023-04-17,2023,9,-0.05776045357902193,0.0018839487565938118,True,,1
500,SPXU,2023-04-14,2023-04-17,2023,10,-0.024445280180518947,-0.02260738507912574,True,,1
500,SPXU,2023-04-14,2023-04-17,2023,11,-0.009252120277563725,-0.03165033911077619,True,stop,1
500,WBD,2023-04-14,2023-04-17,2023,1,0.05362318840579694,0.05362318840579694,True,,1
500,WBD,2023-04-14,2023-04-17,2023,2,-0.017881705639614887,0.03478260869565197,True,,1
500,WBD,2023-04-14,2023-04-17,2023,3,0.0003501400560224077,0.035144927536231885,True,,1
500,WBD,2023-04-14,2023-04-17,2023,4,-0.031851592579628996,0.0021739130434781373,True,,1
500,WBD,2023-04-14,2023-04-17,2023,5,-0.0195227765726681,-0.017391304347826098,True,stop,1
500,SPXS,2023-04-17,2023-04-18,2023,1,0.00997652582159625,0.00997652582159625,True,,1
500,SPXS,2023-04-17,2023-04-18,2023,2,0.0,0.00997652582159625,True,,1
500,SPXS,2023-04-17,2023-04-18,2023,3,0.01859384079023818,0.028755868544600993,True,,1
500,SPXS,2023-04-17,2023-04-18,2023,4,-0.0017113519680548306,0.02699530516431925,True,,1
500,SPXS,2023-04-17,2023-04-18,2023,5,-0.0022857142857142243,0.02464788732394374,True,,1
500,SPXS,2023-04-17,2023-04-18,2023,6,0.047537227949598915,0.07335680751173701,True,,1
500,SPXS,2023-04-17,2023-04-18,2023,7,0.012575177692728312,0.08685446009389675,True,,1
500,SPXS,2023-04-17,2023-04-18,2023,8,-0.057235421166306644,0.02464788732394374,True,,1
500,SPXS,2023-04-17,2023-04-18,2023,9,-0.02491408934707917,-0.0008802816901408717,True,,1
500,SPXS,2023-04-17,2023-04-18,2023,10,-0.002643171806167244,-0.0035211267605632646,True,stop,1
500,SPXU,2023-04-17,2023-04-18,2023,1,0.009244992295839749,0.009244992295839749,True,,1
500,SPXU,2023-04-17,2023-04-18,2023,2,0.0,0.009244992295839749,True,,1
500,SPXU,2023-04-17,2023-04-18,2023,3,0.01908396946564883,0.028505392912172578,True,,1
500,SPXU,2023-04-17,2023-04-18,2023,4,-0.0014981273408238849,0.026964560862865916,True,,1
500,SPXU,2023-04-17,2023-04-18,2023,5,-0.0030007501875469744,0.023882896764252592,True,,1
500,SPXU,2023-04-17,2023-04-18,2023,6,0.047780285929270194,0.0728043143297381,True,,1
500,SPXU,2023-04-17,2023-04-18,2023,7,0.013285457809694812,0.08705701078582417,True,,1
500,SPXU,2023-04-17,2023-04-18,2023,8,-0.05776045357902193,0.02426810477657937,True,,1
500,SPXU,2023-04-17,2023-04-18,2023,9,-0.024445280180518947,-0.0007704160246533309,True,,1
500,SPXU,2023-04-17,2023-04-18,2023,10,-0.009252120277563725,-0.01001540832049308,True,stop,1
500,SPXS,2023-04-18,2023-04-19,2023,1,-0.014882655981682813,-0.014882655981682813,True,,1
500,SPXS,2023-04-18,2023-04-19,2023,2,0.01859384079023818,0.0034344590726962387,True,,1
500,SPXS,2023-04-18,2023-04-19,2023,3,-0.0017113519680548306,0.0017172295363481194,True,,1
500,SPXS,2023-04-18,2023-04-19,2023,4,-0.0022857142857142243,-0.0005724098454492621,True,,1
500,SPXS,2023-04-18,2023-04-19,2023,5,0.047537227949598915,0.04693760732684593,True,,1
500,SPXS,2023-04-18,2023-04-19,2023,6,0.012575177692728312,0.06010303377218085,True,,1
500,SPXS,2023-04-18,2023-04-19,2023,7,-0.057235421166306644,-0.0005724098454492621,True,,1
500,SPXS,2023-04-18,2023-04-19,2023,8,-0.02491408934707917,-0.02547223812249577,True,,1
500,SPXS,2023-04-18,2023-04-19,2023,9,-0.002643171806167244,-0.028048082427017618,True,stop,1
500,SE,2023-04-20,2023-04-21,2023,1,-0.005990313535559455,-0.005990313535559455,True,stop,1
500,SE,2023-04-21,2023-04-24,2023,1,-0.005684689236988394,-0.005684689236988394,True,,1
500,SE,2023-04-21,2023-04-24,2023,2,-0.023758099352051754,-0.029307731177362184,True,stop_gap,1
500,SNAP,2023-04-21,2023-04-24,2023,1,0.019960079840319445,0.019960079840319445,True,,1
500,SNAP,2023-04-21,2023-04-24,2023,2,-0.005870841487279899,0.0139720558882237,True,,1
500,SNAP,2023-04-21,2023-04-24,2023,3,-0.027559055118110187,-0.013972055888223478,True,,1
500,SNAP,2023-04-21,2023-04-24,2023,4,0.06022267206477716,0.04540918163672658,True,,1
500,SNAP,2023-04-21,2023-04-24,2023,5,-0.17517899761336508,-0.13772455089820346,True,stop_gap,1
500,SNAP,2023-04-24,2023-04-25,2023,1,-0.0029440628066731422,-0.0029440628066731422,True,,1
500,SNAP,2023-04-24,2023-04-25,2023,2,-0.027559055118110187,-0.030421982335622988,True,,1
500,SNAP,2023-04-24,2023-04-25,2023,3,0.06022267206477716,0.027968596663395573,True,,1
500,SNAP,2023-04-24,2023-04-25,2023,4,-0.17517899761336508,-0.15210991167811572,True,stop_gap,1
500,UBER,2023-04-25,2023-04-26,2023,1,-0.0006734006734006037,-0.0006734006734006037,True,,1
500,UBER,2023-04-25,2023-04-26,2023,2,0.0013477088948787852,0.0006734006734006037,True,,1
500,UBER,2023-04-25,2023-04-26,2023,3,0.04407806191117092,0.04478114478114481,True,,1
500,UBER,2023-04-25,2023-04-26,2023,4,0.05478569126651611,0.1020202020202019,True,,1
500,UBER,2023-04-25,2023-04-26,2023,5,0.06996639168958163,0.17912457912457924,True,target_gap,1
500,NUE,2023-04-26,2023-04-27,2023,1,0.020432030820032976,0.020432030820032976,True,,1
500,NUE,2023-04-26,2023-04-27,2023,2,-0.0007415896986450177,0.019675288937809565,True,,1
500,NUE,2023-04-26,2023-04-27,2023,3,-0.001619214680879888,0.018024215740231053,True,,1
500,NUE,2023-04-26,2023-04-27,2023,4,-0.00959589133666705,0.008255365987892116,True,,1
500,NUE,2023-04-26,2023-04-27,2023,5,-0.002524563318777373,0.005709961474958503,True,,1
500,NUE,2023-04-26,2023-04-27,2023,6,-0.04897735823243721,-0.043547055586131034,True,stop,1
500,SNAP,2023-04-26,2023-04-27,2023,1,0.033037475345167655,0.033037475345167655,True,,1
500,SNAP,2023-04-26,2023-04-27,2023,2,-0.17517899761336508,-0.14792899408284022,True,stop_gap,1
500,UBER,2023-04-26,2023-04-27,2023,1,-0.011639507815098149,-0.011639507815098149,True,,1
500,UBER,2023-04-26,2023-04-27,2023,2,0.04407806191117092,0.03192550714998332,True,,1
500,UBER,2023-04-26,2023-04-27,2023,3,0.05478569126651611,0.08846025939474544,True,,1
500,UBER,2023-04-26,2023-04-27,2023,4,0.06996639168958163,0.16461589624210182,True,target_gap,1
500,SLB,2023-04-27,2023-04-28,2023,1,-0.010327561026496901,-0.010327561026496901,True,stop,1
500,UBER,2023-04-27,2023-04-28,2023,1,0.04760297096556387,0.04760297096556387,True,,1
500,UBER,2023-04-27,2023-04-28,2023,2,0.05478569126651611,0.1049966239027682,True,,1
500,UBER,2023-04-27,2023-04-28,2023,3,0.06996639168958163,0.18230925050641456,True,target_gap,1
500,SDOW,2023-04-28,2023-05-01,2023,1,-0.0008130081300814496,-0.0008130081300814496,True,stop,1
500,SDOW,2023-05-01,2023-05-02,2023,1,0.0277777777777779,0.0277777777777779,True,,1
500,SDOW,2023-05-01,2023-05-02,2023,2,0.024285154719937196,0.05273752012882449,True,,1
500,SDOW,2023-05-01,2023-05-02,2023,3,0.021414913957934933,0.075281803542673,True,target60,1
500,DFS,2023-05-02,2023-05-03,2023,1,0.003667225481978287,0.003667225481978287,True,,1
500,DFS,2023-05-02,2023-05-03,2023,2,-0.034972335316838965,-0.0314333612740989,True,,1
500,DFS,2023-05-02,2023-05-03,2023,3,0.03829511034184341,0.005658005029337776,True,,1
500,DFS,2023-05-02,2023-05-03,2023,4,0.009064388414252944,0.014773679798826489,True,,1
500,DFS,2023-05-02,2023-05-03,2023,5,-0.0016520392359318237,0.013097233864207913,True,,1
500,DFS,2023-05-02,2023-05-03,2023,6,-0.013807012100527372,-0.0008906119027660697,True,,1
500,DFS,2023-05-02,2023-05-03,2023,7,0.004876514078967942,0.0039815590947192,True,,1
500,DFS,2023-05-02,2023-05-03,2023,8,-0.006366103109997856,-0.0024098910310142996,True,,1
500,DFS,2023-05-02,2023-05-03,2023,9,0.019430732065959466,0.01697401508801355,True,,1
500,DFS,2023-05-02,2023-05-03,2023,10,-0.007830208118689508,0.009010896898574927,True,,1
500,DFS,2023-05-02,2023-05-03,2023,11,0.023572170301142226,0.032795473595976565,True,,1
500,DFS,2023-05-02,2023-05-03,2023,12,0.02079740286091125,0.05427493713327758,True,,1
500,DFS,2023-05-02,2023-05-03,2023,13,0.0011926058437685683,0.055532271584241455,True,,1
500,DFS,2023-05-02,2023-05-03,2023,14,0.0029779630732580387,0.05867560771165148,True,,1
500,DFS,2023-05-02,2023-05-03,2023,15,0.008610451306413136,0.06779128248113997,True,,1
500,DFS,2023-05-02,2023-05-03,2023,16,-0.024433323520753558,0.04170159262363793,True,,1
500,DFS,2023-05-02,2023-05-03,2023,17,0.004727419030376101,0.04662615255658009,True,,1
500,DFS,2023-05-02,2023-05-03,2023,18,0.0245269796776455,0.07229673093042766,True,,1
500,DFS,2023-05-02,2023-05-03,2023,19,0.009575923392612706,0.08256496227996646,True,,1
500,DFS,2023-05-02,2023-05-03,2023,20,-0.0059039876113047285,0.07617351215423307,True,time_h20,1
500,NUE,2023-05-02,2023-05-03,2023,1,-0.007603014051999257,-0.007603014051999257,True,,1
500,NUE,2023-05-02,2023-05-03,2023,2,-0.04897735823243721,-0.0562079967415654,True,stop,1
500,BKR,2023-05-03,2023-05-04,2023,1,-0.00873680378594821,-0.00873680378594821,True,,1
500,BKR,2023-05-03,2023-05-04,2023,2,0.03635695923613658,0.02730251183108856,True,,1
500,BKR,2023-05-03,2023-05-04,2023,3,-0.003543586109142405,0.023662176920276723,True,,1
500,BKR,2023-05-03,2023-05-04,2023,4,0.0026671408250356077,0.0263924281033856,True,,1
500,BKR,2023-05-03,2023-05-04,2023,5,-0.011172193651356688,0.014925373134328401,True,,1
500,BKR,2023-05-03,2023-05-04,2023,6,-0.019010043041606806,-0.00436840189297405,True,,1
500,BKR,2023-05-03,2023-05-04,2023,7,0.011700182815356452,0.007280669821623675,True,,1
500,BKR,2023-05-03,2023-05-04,2023,8,0.007950849295265572,0.015289406625409674,True,,1
500,BKR,2023-05-03,2023-05-04,2023,9,-0.01649336679813551,-0.0014561339643246463,True,,1
500,BKR,2023-05-03,2023-05-04,2023,10,0.0018228217280349401,0.0003640334910812726,True,,1
500,BKR,2023-05-03,2023-05-04,2023,11,0.02547307132459964,0.025846377866763692,True,,1
500,BKR,2023-05-03,2023-05-04,2023,12,0.000532292405961643,0.0263924281033856,True,,1
500,BKR,2023-05-03,2023-05-04,2023,13,0.0065614470650823264,0.03312704768838737,True,,1
500,BKR,2023-05-03,2023-05-04,2023,14,0.0010570824524314126,0.03421914816163096,True,,1
500,BKR,2023-05-03,2023-05-04,2023,15,0.011263639563533934,0.04586821987622858,True,,1
500,BKR,2023-05-03,2023-05-04,2023,16,-0.025060911938739938,0.019657808518383835,True,,1
500,BKR,2023-05-03,2023-05-04,2023,17,-0.004284184219921494,0.015289406625409674,True,,1
500,BKR,2023-05-03,2023-05-04,2023,18,-0.0028684116170670793,0.01237713869676016,True,,1
500,BKR,2023-05-03,2023-05-04,2023,19,-0.019057892844300484,-0.006916636330542292,True,,1
500,BKR,2023-05-03,2023-05-04,2023,20,0.048387096774193505,0.041135784492173366,True,time_h20,1
500,NUE,2023-05-03,2023-05-04,2023,1,-0.04090783664459163,-0.04090783664459163,True,stop,1
500,UPS,2023-05-03,2023-05-04,2023,1,-0.007103981667144099,-0.007103981667144099,True,,1
500,UPS,2023-05-03,2023-05-04,2023,2,0.014136518377473761,0.0069321111429387905,True,,1
500,UPS,2023-05-03,2023-05-04,2023,3,-0.007965407373691225,-0.0010885133199656227,True,,1
500,UPS,2023-05-03,2023-05-04,2023,4,-0.007685248910300535,-0.008765396734460085,True,,1
500,UPS,2023-05-03,2023-05-04,2023,5,-0.005143913998381766,-0.013864222285878025,True,stop,1
500,MTCH,2023-05-04,2023-05-05,2023,1,-0.027237926972909388,-0.027237926972909388,True,stop,1
500,UPS,2023-05-04,2023-05-05,2023,1,0.0033395176252317693,0.0033395176252317693,True,,1
500,UPS,2023-05-04,2023-05-05,2023,2,-0.007965407373691225,-0.004652490366776063,True,,1
500,UPS,2023-05-04,2023-05-05,2023,3,-0.007685248910300535,-0.012301983730555133,True,,1
500,UPS,2023-05-04,2023-05-05,2023,4,-0.005143913998381766,-0.017382617382617482,True,stop,1
500,MTCH,2023-05-05,2023-05-08,2023,1,-0.005269497139415935,-0.005269497139415935,True,stop,1
500,BAX,2023-05-09,2023-05-10,2023,1,0.012003693444136765,0.012003693444136765,True,,1
500,BAX,2023-05-09,2023-05-10,2023,2,-0.01049270072992703,0.0013850415512466352,True,,1
500,BAX,2023-05-09,2023-05-10,2023,3,-0.02374366067312128,-0.02239150507848564,True,stop,1
500,DD,2023-05-10,2023-05-11,2023,1,0.004088050314465352,0.004088050314465352,True,,1
500,DD,2023-05-10,2023-05-11,2023,2,-0.0012527403695583583,0.002830188679245227,True,,1
500,DD,2023-05-10,2023-05-11,2023,3,0.02900595798055816,0.03191823899371049,True,,1
500,DD,2023-05-10,2023-05-11,2023,4,-0.009446899283863885,0.022169811320754684,True,,1
500,DD,2023-05-10,2023-05-11,2023,5,0.009075526842024173,0.03144654088050314,True,,1
500,DD,2023-05-10,2023-05-11,2023,6,0.01981707317073189,0.051886792452830344,True,,1
500,DD,2023-05-10,2023-05-11,2023,7,-0.0020926756352764864,0.04968553459119507,True,,1
500,DD,2023-05-10,2023-05-11,2023,8,0.004793289394847022,0.05471698113207535,True,,1
500,DD,2023-05-10,2023-05-11,2023,9,0.004621347644603535,0.059591194968553474,True,,1
500,DD,2023-05-10,2023-05-11,2023,10,-0.016619676509867953,0.04198113207547172,True,,1
500,DD,2023-05-10,2023-05-11,2023,11,0.003923343896182319,0.04606918238993707,True,,1
500,DD,2023-05-10,2023-05-11,2023,12,0.01608297008868176,0.06289308176100628,True,,1
500,DD,2023-05-10,2023-05-11,2023,13,0.010207100591716145,0.07374213836478005,True,target60,1
500,BAX,2023-05-11,2023-05-12,2023,1,-0.02486760303937363,-0.02486760303937363,True,stop,1
500,INTC,2023-05-11,2023-05-12,2023,1,-0.0027548209366390353,-0.0027548209366390353,True,,1
500,INTC,2023-05-11,2023-05-12,2023,2,0.02952348066298338,0.02668732782369143,True,,1
500,INTC,2023-05-11,2023-05-12,2023,3,-0.019956397786349278,0.006198347107438051,True,,1
500,INTC,2023-05-11,2023-05-12,2023,4,-0.011293634496919891,-0.005165289256198302,True,,1
500,INTC,2023-05-11,2023-05-12,2023,5,0.02682589131187263,0.021522038567493018,True,,1
500,INTC,2023-05-11,2023-05-12,2023,6,0.008090342154053687,0.029786501377410568,True,,1
500,INTC,2023-05-11,2023-05-12,2023,7,0.01253970907874935,0.04269972451790638,True,,1
500,INTC,2023-05-11,2023-05-12,2023,8,-0.024933949801849487,0.016701101928374706,True,,1
500,INTC,2023-05-11,2023-05-12,2023,9,-0.01845893310753588,-0.0020661157024792765,True,,1
500,INTC,2023-05-11,2023-05-12,2023,10,-0.025189786059351293,-0.02720385674931125,True,stop_gap,1
500,INTC,2023-05-12,2023-05-15,2023,1,0.031660899653979335,0.031660899653979335,True,,1
500,INTC,2023-05-12,2023-05-15,2023,2,-0.019956397786349278,0.01107266435986154,True,,1
500,INTC,2023-05-12,2023-05-15,2023,3,-0.011293634496919891,-0.000346020761245569,True,,1
500,INTC,2023-05-12,2023-05-15,2023,4,0.02682589131187263,0.026470588235294246,True,,1
500,INTC,2023-05-12,2023-05-15,2023,5,0.008090342154053687,0.034775086505190345,True,,1
500,INTC,2023-05-12,2023-05-15,2023,6,0.01253970907874935,0.04775086505190318,True,,1
500,INTC,2023-05-12,2023-05-15,2023,7,-0.024933949801849487,0.021626297577854725,True,,1
500,INTC,2023-05-12,2023-05-15,2023,8,-0.01845893310753588,0.0027681660899654403,True,,1
500,INTC,2023-05-12,2023-05-15,2023,9,-0.025189786059351293,-0.02249134948096876,True,stop_gap,1
500,TECK,2023-05-18,2023-05-19,2023,1,-0.007969995311767342,-0.007969995311767342,True,stop,1
500,BABA,2023-05-23,2023-05-24,2023,1,-0.011501247489807187,-0.011501247489807187,True,,1
500,BABA,2023-05-23,2023-05-24,2023,2,-0.02142329475498639,-0.032678147629769394,True,stop,1
500,SWAV,2023-05-23,2023-05-24,2023,1,0.03931775390408676,0.03931775390408676,True,,1
500,SWAV,2023-05-23,2023-05-24,2023,2,-0.009910485933503743,0.029017609923579712,True,,1
500,SWAV,2023-05-23,2023-05-24,2023,3,0.007103648692282638,0.036327389522649245,True,,1
500,SWAV,2023-05-23,2023-05-24,2023,4,-0.016280146770688564,0.019455827518735758,True,,1
500,SWAV,2023-05-23,2023-05-24,2023,5,-0.005106105598609245,0.01425037841030763,True,,1
500,SWAV,2023-05-23,2023-05-24,2023,6,0.025443162377607242,0.04005611547975052,True,,1
500,SWAV,2023-05-23,2023-05-24,2023,7,0.02690614794831747,0.06804001919740088,True,,1
500,SWAV,2023-05-23,2023-05-24,2023,8,0.005184929139301797,0.07357773101487797,True,,1
500,SWAV,2023-05-23,2023-05-24,2023,9,0.004504814305364313,0.07841399933547444,True,target60,1
500,BABA,2023-05-24,2023-05-25,2023,1,-0.013773421019977694,-0.013773421019977694,True,stop,1
500,ROKU,2023-05-25,2023-05-26,2023,1,0.031089036055923502,0.031089036055923502,True,,1
500,ROKU,2023-05-25,2023-05-26,2023,2,0.029794826048171297,0.06181015452538641,True,,1
500,ROKU,2023-05-25,2023-05-26,2023,3,0.008662508662508728,0.07100809418690202,True,,1
500,ROKU,2023-05-25,2023-05-26,2023,4,0.005496392992099031,0.07689477557027224,True,,1
500,ROKU,2023-05-25,2023-05-26,2023,5,0.027502562350529614,0.10651214128035313,True,,1
500,ROKU,2023-05-25,2023-05-26,2023,6,0.02527015793848708,0.13447387785136122,True,target60,1
500,BABA,2023-05-26,2023-05-30,2023,1,-0.007988017973040495,-0.007988017973040495,True,stop,1
500,T,2023-06-02,2023-06-05,2023,1,0.0013020833333334814,0.0013020833333334814,True,,1
500,T,2023-06-02,2023-06-05,2023,2,0.01820546163849146,0.01953125,True,,1
500,T,2023-06-02,2023-06-05,2023,3,0.02745849297573444,0.04752604166666674,True,,1
500,T,2023-06-02,2023-06-05,2023,4,-0.0012430080795524656,0.04622395833333348,True,,1
500,T,2023-06-02,2023-06-05,2023,5,-0.0068450528935904975,0.0390625,True,,1
500,T,2023-06-02,2023-06-05,2023,6,-0.00187969924812037,0.037109375,True,,1
500,T,2023-06-02,2023-06-05,2023,7,-0.006277463904582503,0.03059895833333348,True,,1
500,T,2023-06-02,2023-06-05,2023,8,0.0006317119393557391,0.03125,True,,1
500,T,2023-06-02,2023-06-05,2023,9,0.011994949494949614,0.04361979166666674,True,,1
500,T,2023-06-02,2023-06-05,2023,10,0.0024953212726137597,0.04622395833333348,True,,1
500,T,2023-06-02,2023-06-05,2023,11,-0.018046048537647796,0.02734375,True,,1
500,T,2023-06-02,2023-06-05,2023,12,-0.010773130544993625,0.01627604166666674,True,,1
500,T,2023-06-02,2023-06-05,2023,13,-0.0019218449711723151,0.01432291666666674,True,,1
500,T,2023-06-02,2023-06-05,2023,14,-0.008344030808729141,0.005859375,True,,1
500,T,2023-06-02,2023-06-05,2023,15,0.012297734627831902,0.01822916666666674,True,,1
500,T,2023-06-02,2023-06-05,2023,16,0.012787723785166127,0.03125,True,,1
500,T,2023-06-02,2023-06-05,2023,17,-0.002525252525252486,0.02864583333333348,True,,1
500,T,2023-06-02,2023-06-05,2023,18,0.012025316455696267,0.041015625,True,,1
500,T,2023-06-02,2023-06-05,2023,19,-0.0031269543464665928,0.03776041666666674,True,,1
500,T,2023-06-02,2023-06-05,2023,20,0.010664993726474226,0.048828125,True,time_h20,1
500,CRWD,2023-06-21,2023-06-22,2023,1,-0.0011924803591470967,-0.0011924803591470967,True,stop,1
500,DDOG,2023-06-21,2023-06-22,2023,1,-0.007958138013736016,-0.007958138013736016,True,stop,1
500,CRWD,2023-06-22,2023-06-23,2023,1,-0.008771319178559112,-0.008771319178559112,True,stop,1
500,TFC,2023-06-23,2023-06-26,2023,1,0.0,0.0,True,,1
500,TFC,2023-06-23,2023-06-26,2023,2,0.012961116650049842,0.012961116650049842,True,,1
500,TFC,2023-06-23,2023-06-26,2023,3,0.0,0.012961116650049842,True,,1
500,TFC,2023-06-23,2023-06-26,2023,4,0.005249343832020914,0.018278497839813834,True,,1
500,TFC,2023-06-23,2023-06-26,2023,5,-0.009791122715404721,0.008308408109006349,True,,1
500,TFC,2023-06-23,2023-06-26,2023,6,0.03460777851021746,0.04320372216683288,True,,1
500,TFC,2023-06-23,2023-06-26,2023,7,-0.01274291175533615,0.029910269192422678,True,,1
500,TFC,2023-06-23,2023-06-26,2023,8,-0.005485640529202862,0.024260551678298548,True,,1
500,TFC,2023-06-23,2023-06-26,2023,9,0.03913043478260869,0.06434031239614502,True,target60,1
500,KWEB,2023-07-06,2023-07-07,2023,1,0.026522226372805324,0.026522226372805324,True,,1
500,KWEB,2023-07-06,2023-07-07,2023,2,0.0029112081513826826,0.029510646245797467,True,,1
500,KWEB,2023-07-06,2023-07-07,2023,3,0.013425253991291797,0.043332088158386295,True,,1
500,KWEB,2023-07-06,2023-07-07,2023,4,0.03508771929824572,0.07994023160254016,True,target_gap,1
500,QID,2023-07-14,2023-07-17,2023,1,-0.015948963317384268,-0.015948963317384268,True,stop,1
500,SPXS,2023-07-14,2023-07-17,2023,1,-0.016260162601625883,-0.016260162601625883,True,stop,1
500,SPXU,2023-07-14,2023-07-17,2023,1,-0.016488845780795347,-0.016488845780795347,True,stop,1
500,QID,2023-07-17,2023-07-18,2023,1,-0.005640612409347323,-0.005640612409347323,True,stop,1
500,SPXS,2023-07-17,2023-07-18,2023,1,-0.006716417910447747,-0.006716417910447747,True,stop,1
500,SPXU,2023-07-17,2023-07-18,2023,1,-0.006856023506366382,-0.006856023506366382,True,stop,1
500,ALGN,2023-07-20,2023-07-21,2023,1,0.013550461196406571,0.013550461196406571,True,,1
500,ALGN,2023-07-20,2023-07-21,2023,2,-0.0010078852196596655,0.012528918667187527,True,,1
500,ALGN,2023-07-20,2023-07-21,2023,3,-0.014183976261127551,-0.0018327674788930493,True,,1
500,ALGN,2023-07-20,2023-07-21,2023,4,0.02386972488110284,0.02199320974671748,True,,1
500,ALGN,2023-07-20,2023-07-21,2023,5,0.18721152432750254,0.2133221163957577,True,target_gap,1
500,ALB,2023-08-07,2023-08-08,2023,1,0.008766953741426553,0.008766953741426553,True,,1
500,ALB,2023-08-07,2023-08-08,2023,2,-0.00715709830785749,0.0015471094837811172,True,,1
500,ALB,2023-08-07,2023-08-08,2023,3,-0.012924154266000798,-0.01139703986385443,True,,1
500,ALB,2023-08-07,2023-08-08,2023,4,-0.021909233176838794,-0.03305657263679029,True,stop,1
500,SHOP,2023-08-07,2023-08-08,2023,1,-0.004782993799822943,-0.004782993799822943,True,,1
500,SHOP,2023-08-07,2023-08-08,2023,2,-0.013527945888216375,-0.018246235606731664,True,stop,1
500,ALB,2023-08-08,2023-08-09,2023,1,-0.011653944020356244,-0.011653944020356244,True,,1
500,ALB,2023-08-08,2023-08-09,2023,2,-0.012924154266000798,-0.02442748091603064,True,,1
500,ALB,2023-08-08,2023-08-09,2023,3,-0.021909233176838794,-0.04580152671755722,True,stop,1
500,MGM,2023-08-08,2023-08-09,2023,1,0.0008745080891998658,0.0008745080891998658,True,,1
500,MGM,2023-08-08,2023-08-09,2023,2,0.015508955875928265,0.01639702667249665,True,,1
500,MGM,2023-08-08,2023-08-09,2023,3,-0.013981501398150131,0.0021862702229995534,True,,1
500,MGM,2023-08-08,2023-08-09,2023,4,-0.003926701570680757,-0.0017490161783997316,True,,1
500,MGM,2023-08-08,2023-08-09,2023,5,-0.02146298729741558,-0.023174464363795444,True,stop,1
500,SHOP,2023-08-08,2023-08-09,2023,1,-0.012297273213330961,-0.012297273213330961,True,stop,1
500,ALB,2023-08-09,2023-08-10,2023,1,-0.01968805931986717,-0.01968805931986717,True,,1
500,ALB,2023-08-09,2023-08-10,2023,2,-0.021909233176838794,-0.041165942214267504,True,stop,1
500,NVDA,2023-08-09,2023-08-10,2023,1,-0.0021822149481722786,-0.0021822149481722786,True,stop,1
500,TNA,2023-08-09,2023-08-10,2023,1,-0.02689747003994669,-0.02689747003994669,True,stop,1
500,ALB,2023-08-10,2023-08-11,2023,1,-0.014868911889875491,-0.014868911889875491,True,stop,1
500,SHOP,2023-08-10,2023-08-11,2023,1,-0.003058103975535187,-0.003058103975535187,True,stop,1
500,MGM,2023-08-11,2023-08-14,2023,1,0.005284015852047519,0.005284015852047519,True,,1
500,MGM,2023-08-11,2023-08-14,2023,2,-0.02146298729741558,-0.016292382210480016,True,stop,1
500,MU,2023-08-11,2023-08-14,2023,1,0.06318082788671009,0.06318082788671009,True,,1
500,MU,2023-08-11,2023-08-14,2023,2,-0.0437646370023419,0.01665110488639887,True,,1
500,MU,2023-08-11,2023-08-14,2023,3,-0.01699066278891781,-0.0006224712107065766,True,,1
500,MU,2023-08-11,2023-08-14,2023,4,-0.010588601681719045,-0.011204481792717158,True,,1
500,MU,2023-08-11,2023-08-14,2023,5,-0.018256216556499782,-0.02925614690320577,True,stop_gap,1
500,PYPL,2023-08-15,2023-08-16,2023,1,0.004037685060565233,0.004037685060565233,True,,1
500,PYPL,2023-08-15,2023-08-16,2023,2,-0.012231903485254603,-0.008243606998654007,True,stop,1
500,MPWR,2023-08-16,2023-08-17,2023,1,-0.005289189461996524,-0.005289189461996524,True,stop,1
500,ZM,2023-08-18,2023-08-21,2023,1,0.011274804570054142,0.011274804570054142,True,,1
500,ZM,2023-08-18,2023-08-21,2023,2,-0.028393042961201043,-0.01743836440168367,True,stop,1
500,SPXU,2023-08-30,2023-08-31,2023,1,0.009718172983479212,0.009718172983479212,True,,1
500,SPXU,2023-08-30,2023-08-31,2023,2,-0.004812319538017418,0.004859086491739717,True,,1
500,SPXU,2023-08-30,2023-08-31,2023,3,0.012572533849129597,0.017492711370262537,True,,1
500,SPXU,2023-08-30,2023-08-31,2023,4,0.02101241642788909,0.0388726919339164,True,,1
500,SPXU,2023-08-30,2023-08-31,2023,5,0.01028999064546321,0.04956268221574356,True,,1
500,SPXU,2023-08-30,2023-08-31,2023,6,-0.0037037037037037646,0.045675413022351785,True,,1
500,SPXU,2023-08-30,2023-08-31,2023,7,-0.01951672862453524,0.025267249757045862,True,,1
500,SPXU,2023-08-30,2023-08-31,2023,8,0.018009478672985635,0.04373177842565612,True,,1
500,SPXU,2023-08-30,2023-08-31,2023,9,-0.003724394785847407,0.03984450923226435,True,,1
500,SPXU,2023-08-30,2023-08-31,2023,10,-0.024299065420560706,0.014577259475218707,True,,1
500,SPXU,2023-08-30,2023-08-31,2023,11,0.03735632183908044,0.05247813411078717,True,,1
500,SPXU,2023-08-30,2023-08-31,2023,12,-0.001846722068328699,0.0505344995140915,True,,1
500,SPXU,2023-08-30,2023-08-31,2023,13,0.020074005550416274,0.07162293488824112,True,target60,1
500,SPXU,2023-08-31,2023-09-01,2023,1,0.014720314033366044,0.014720314033366044,True,,1
500,SPXU,2023-08-31,2023-09-01,2023,2,0.012572533849129597,0.027477919528950068,True,,1
500,SPXU,2023-08-31,2023-09-01,2023,3,0.02101241642788909,0.04906771344455341,True,,1
500,SPXU,2023-08-31,2023-09-01,2023,4,0.01028999064546321,0.05986261040235541,True,,1
500,SPXU,2023-08-31,2023-09-01,2023,5,-0.0037037037037037646,0.055937193326790924,True,,1
500,SPXU,2023-08-31,2023-09-01,2023,6,-0.01951672862453524,0.035328753680078595,True,,1
500,SPXU,2023-08-31,2023-09-01,2023,7,0.018009478672985635,0.0539744847890089,True,,1
500,SPXU,2023-08-31,2023-09-01,2023,8,-0.003724394785847407,0.05004906771344464,True,,1
500,SPXU,2023-08-31,2023-09-01,2023,9,-0.024299065420560706,0.024533856722276814,True,,1
500,SPXU,2023-08-31,2023-09-01,2023,10,0.03735632183908044,0.06280667320902844,True,,1
500,SPXU,2023-08-31,2023-09-01,2023,11,-0.001846722068328699,0.06084396467124642,True,,1
500,SPXU,2023-08-31,2023-09-01,2023,12,0.020074005550416274,0.08213935230618241,True,target60,1
500,SPXS,2023-09-01,2023-09-05,2023,1,0.009537784299339602,0.009537784299339602,True,,1
500,SPXS,2023-09-01,2023-09-05,2023,2,0.02034883720930236,0.03008070432868659,True,,1
500,SPXS,2023-09-01,2023-09-05,2023,3,0.010683760683760646,0.04108584005869398,True,,1
500,SPXS,2023-09-01,2023-09-05,2023,4,-0.0035236081747709314,0.03741746148202485,True,,1
500,SPXS,2023-09-01,2023-09-05,2023,5,-0.01980198019801993,0.01687454145267786,True,,1
500,SPXS,2023-09-01,2023-09-05,2023,6,0.017965367965367962,0.03514306676449008,True,,1
500,SPXS,2023-09-01,2023-09-05,2023,7,-0.0034729605216528014,0.031548055759354376,True,,1
500,SPXS,2023-09-01,2023-09-05,2023,8,-0.024182076813655695,0.006603081438004477,True,,1
500,SPXS,2023-09-01,2023-09-05,2023,9,0.0371720116618075,0.044020542920029326,True,,1
500,SPXS,2023-09-01,2023-09-05,2023,10,-0.0014054813773717312,0.042553191489361764,True,,1
500,SPXS,2023-09-01,2023-09-05,2023,11,-0.004222378606615118,0.03815113719735863,True,,1
500,SPXS,2023-09-01,2023-09-05,2023,12,0.02572438162544155,0.06485693323550978,True,target60,1
500,SPXU,2023-09-01,2023-09-05,2023,1,0.009643201542912427,0.009643201542912427,True,,1
500,SPXU,2023-09-01,2023-09-05,2023,2,0.02101241642788909,0.030858244937319146,True,,1
500,SPXU,2023-09-01,2023-09-05,2023,3,0.01028999064546321,0.04146576663452284,True,,1
500,SPXU,2023-09-01,2023-09-05,2023,4,-0.0037037037037037646,0.03760848601735778,True,,1
500,SPXU,2023-09-01,2023-09-05,2023,5,-0.01951672862453524,0.017357762777242103,True,,1
500,SPXU,2023-09-01,2023-09-05,2023,6,0.018009478672985635,0.03567984570877547,True,,1
500,SPXU,2023-09-01,2023-09-05,2023,7,-0.003724394785847407,0.03182256509161041,True,,1
500,SPXU,2023-09-01,2023-09-05,2023,8,-0.024299065420560706,0.0067502410800386325,True,,1
500,SPXU,2023-09-01,2023-09-05,2023,9,0.03735632183908044,0.04435872709739641,True,,1
500,SPXU,2023-09-01,2023-09-05,2023,10,-0.001846722068328699,0.0424300867888141,True,,1
500,SPXU,2023-09-01,2023-09-05,2023,11,0.020074005550416274,0.06335583413693358,True,target60,1
500,WBD,2023-09-01,2023-09-05,2023,1,-0.01379310344827589,-0.01379310344827589,True,stop,1
500,WBD,2023-09-05,2023-09-06,2023,1,-0.0078057241977450564,-0.0078057241977450564,True,stop,1
500,SQ,2023-09-14,2023-09-15,2023,1,-0.016766020864381503,-0.016766020864381503,True,stop,1
500,FSLR,2023-09-15,2023-09-18,2023,1,-0.0208860759493672,-0.0208860759493672,True,stop,1
500,SQ,2023-09-15,2023-09-18,2023,1,-0.0005680742283659113,-0.0005680742283659113,True,stop,1
500,ELF,2023-09-21,2023-09-22,2023,1,-0.013721646597591675,-0.013721646597591675,True,stop,1
500,MRVL,2023-09-22,2023-09-25,2023,1,-0.005186323472915921,-0.005186323472915921,True,stop,1
500,MRVL,2023-09-25,2023-09-26,2023,1,-0.0038468936333910797,-0.0038468936333910797,True,stop,1
500,TEAM,2023-09-26,2023-09-27,2023,1,0.024103255235330634,0.024103255235330634,True,,1
500,TEAM,2023-09-26,2023-09-27,2023,2,-0.003188743230247537,0.02083765291312467,True,,1
500,TEAM,2023-09-26,2023-09-27,2023,3,0.023205037067127066,0.044526228488492636,True,,1
500,TEAM,2023-09-26,2023-09-27,2023,4,-0.02004863282219238,0.02358490566037741,True,,1
500,TEAM,2023-09-26,2023-09-27,2023,5,-0.03489137590520075,-0.012129380053908179,True,,1
500,TEAM,2023-09-26,2023-09-27,2023,6,-0.003463112603631191,-0.01555048724860042,True,,1
500,TEAM,2023-09-26,2023-09-27,2023,7,-0.003238205560235796,-0.01873833713456341,True,stop,1
500,MRVL,2023-09-27,2023-09-28,2023,1,0.03310371220818986,0.03310371220818986,True,,1
500,MRVL,2023-09-27,2023-09-28,2023,2,0.0025930727912577556,0.035782625334864315,True,,1
500,MRVL,2023-09-27,2023-09-28,2023,3,0.00868280066506566,0.044776119402985204,True,,1
500,MRVL,2023-09-27,2023-09-28,2023,4,-0.03644688644688643,0.006697282816685801,True,,1
500,MRVL,2023-09-27,2023-09-28,2023,5,0.012735221440790756,0.019517795637198576,True,,1
500,MRVL,2023-09-27,2023-09-28,2023,6,-0.0039414414414414845,0.015499425947187229,True,,1
500,MRVL,2023-09-27,2023-09-28,2023,7,0.028076125871490554,0.04401071565250669,True,,1
500,MRVL,2023-09-27,2023-09-28,2023,8,-0.00513196480938416,0.03865288939915801,True,,1
500,MRVL,2023-09-27,2023-09-28,2023,9,0.014185703758290202,0.053386911595866726,True,,1
500,MRVL,2023-09-27,2023-09-28,2023,10,0.0014532243415077417,0.05491771909682375,True,,1
500,MRVL,2023-09-27,2023-09-28,2023,11,-0.00979502992925807,0.04458476846536552,True,,1
500,MRVL,2023-09-27,2023-09-28,2023,12,-0.0359040117237589,0.0070799846919251674,True,,1
500,MRVL,2023-09-27,2023-09-28,2023,13,0.019000570017100538,0.0262150784538846,True,,1
500,MRVL,2023-09-27,2023-09-28,2023,14,-0.00801790042886441,0.017986988136242,True,,1
500,MRVL,2023-09-27,2023-09-28,2023,15,-0.026503759398496363,-0.008993494068120889,True,stop,1
500,OKTA,2023-10-02,2023-10-03,2023,1,-0.004778672032193065,-0.004778672032193065,True,stop,1
500,WFC,2023-10-04,2023-10-05,2023,1,0.014189886480908243,0.014189886480908243,True,,1
500,WFC,2023-10-04,2023-10-05,2023,2,0.009666751462731993,0.02399380804953566,True,,1
500,WFC,2023-10-04,2023-10-05,2023,3,0.0,0.02399380804953566,True,,1
500,WFC,2023-10-04,2023-10-05,2023,4,0.003275384227765299,0.027347781217750278,True,,1
500,WFC,2023-10-04,2023-10-05,2023,5,-0.0030135610246107003,0.02425180598555232,True,,1
500,WFC,2023-10-04,2023-10-05,2023,6,0.0015113350125943725,0.02579979360165119,True,,1
500,WFC,2023-10-04,2023-10-05,2023,7,0.04627766599597605,0.0732714138286894,True,target60,1
500,WFC,2023-10-05,2023-10-06,2023,1,0.020570840833118886,0.020570840833118886,True,,1
500,WFC,2023-10-05,2023-10-06,2023,2,0.0,0.020570840833118886,True,,1
500,WFC,2023-10-05,2023-10-06,2023,3,0.003275384227765299,0.02391360246850094,True,,1
500,WFC,2023-10-05,2023-10-06,2023,4,-0.0030135610246107003,0.02082797634353306,True,,1
500,WFC,2023-10-05,2023-10-06,2023,5,0.0015113350125943725,0.022370789406017,True,,1
500,WFC,2023-10-05,2023-10-06,2023,6,0.04627766599597605,0.06968372332219075,True,target60,1
500,ETSY,2023-10-06,2023-10-09,2023,1,0.023413531406426547,0.023413531406426547,True,,1
500,ETSY,2023-10-06,2023-10-09,2023,2,0.004891132849479174,0.028419182948490107,True,,1
500,ETSY,2023-10-06,2023-10-09,2023,3,0.01774218872664468,0.04666559018246397,True,,1
500,ETSY,2023-10-06,2023-10-09,2023,4,-0.001079913606911287,0.04553528176974009,True,,1
500,ETSY,2023-10-06,2023-10-09,2023,5,-0.024401544401544406,0.020022606168254464,True,,1
500,ETSY,2023-10-06,2023-10-09,2023,6,0.04711097039734047,0.06807686097206522,True,target60,1
500,KVUE,2023-10-09,2023-10-10,2023,1,-0.011546184738955856,-0.011546184738955856,True,,1
500,KVUE,2023-10-09,2023-10-10,2023,2,-0.01523616048755716,-0.026606425702811354,True,stop,1
500,KEY,2023-10-10,2023-10-11,2023,1,0.0038022813688214363,0.0038022813688214363,True,,1
500,KEY,2023-10-10,2023-10-11,2023,2,-0.0033143939393939226,0.00047528517110273505,True,,1
500,KEY,2023-10-10,2023-10-11,2023,3,-0.006175771971496435,-0.005703422053231821,True,,1
500,KEY,2023-10-10,2023-10-11,2023,4,0.0248565965583174,0.019011406844106515,True,,1
500,KEY,2023-10-10,2023-10-11,2023,5,0.03404850746268662,0.053707224334600845,True,,1
500,KEY,2023-10-10,2023-10-11,2023,6,-0.03653585926928293,0.015209125475285079,True,,1
500,KEY,2023-10-10,2023-10-11,2023,7,-0.011235955056179692,0.0038022813688214363,True,,1
500,KEY,2023-10-10,2023-10-11,2023,8,-0.05681818181818177,-0.053231939163498,True,stop,1
500,KVUE,2023-10-10,2023-10-11,2023,1,-0.02218860312657578,-0.02218860312657578,True,stop,1
500,KVUE,2023-10-11,2023-10-12,2023,1,-0.010714285714285787,-0.010714285714285787,True,stop,1
500,DKNG,2023-10-19,2023-10-20,2023,1,-0.01090909090909098,-0.01090909090909098,True,stop,1
500,TSLA,2023-10-19,2023-10-20,2023,1,-0.02142758398230482,-0.02142758398230482,True,stop,1
500,UDOW,2023-10-19,2023-10-20,2023,1,-0.019783146281148967,-0.019783146281148967,True,,1
500,UDOW,2023-10-19,2023-10-20,2023,2,-0.019988356297302556,-0.03937607000190224,True,stop,1
500,SNOW,2023-10-20,2023-10-23,2023,1,0.018510900863841995,0.018510900863841995,True,,1
500,SNOW,2023-10-20,2023-10-23,2023,2,0.017434033387183634,0.03626765391471265,True,,1
500,SNOW,2023-10-20,2023-10-23,2023,3,-0.06192523982798548,-0.02790346907993979,True,stop,1
500,TFC,2023-10-20,2023-10-23,2023,1,0.0003700962250186013,0.0003700962250186013,True,,1
500,TFC,2023-10-20,2023-10-23,2023,2,0.019607843137254832,0.01998519615099914,True,,1
500,TFC,2023-10-20,2023-10-23,2023,3,0.014876632801161138,0.03515914137675802,True,,1
500,TFC,2023-10-20,2023-10-23,2023,4,0.019663925634608503,0.05551443375277576,True,,1
500,TFC,2023-10-20,2023-10-23,2023,5,-0.032258064516129004,0.021465581051073324,True,,1
500,TFC,2023-10-20,2023-10-23,2023,6,0.021376811594202794,0.043301258327165026,True,,1
500,TFC,2023-10-20,2023-10-23,2023,7,0.005321035828307785,0.048852701702442713,True,,1
500,TFC,2023-10-20,2023-10-23,2023,8,0.004940014114326097,0.0540340488527018,True,,1
500,TFC,2023-10-20,2023-10-23,2023,9,0.05231741573033699,0.10917838638045896,True,,1
500,TFC,2023-10-20,2023-10-23,2023,10,0.04511177844511183,0.15921539600296097,True,target60,1
500,UDOW,2023-10-20,2023-10-23,2023,1,-0.00805342761736394,-0.00805342761736394,True,stop,1
500,ROK,2023-10-23,2023-10-24,2023,1,-0.01617690709409303,-0.01617690709409303,True,stop,1
500,TFC,2023-10-23,2023-10-24,2023,1,0.018477457501847816,0.018477457501847816,True,,1
500,TFC,2023-10-23,2023-10-24,2023,2,0.014876632801161138,0.033628972653362954,True,,1
500,TFC,2023-10-23,2023-10-24,2023,3,0.019663925634608503,0.05395417590539542,True,,1
500,TFC,2023-10-23,2023-10-24,2023,4,-0.032258064516129004,0.019955654101995624,True,,1
500,TFC,2023-10-23,2023-10-24,2023,5,0.021376811594202794,0.041759053954175895,True,,1
500,TFC,2023-10-23,2023-10-24,2023,6,0.005321035828307785,0.047302291204730285,True,,1
500,TFC,2023-10-23,2023-10-24,2023,7,0.004940014114326097,0.05247597930524761,True,,1
500,TFC,2023-10-23,2023-10-24,2023,8,0.05231741573033699,0.107538802660754,True,,1
500,TFC,2023-10-23,2023-10-24,2023,9,0.04511177844511183,0.15750184774575038,True,target60,1
500,KRE,2023-10-25,2023-10-26,2023,1,0.0292670292670294,0.0292670292670294,True,,1
500,KRE,2023-10-25,2023-10-26,2023,2,-0.02189229994967301,0.006734006734006703,True,,1
500,KRE,2023-10-25,2023-10-26,2023,3,0.01492153331618229,0.02175602175602176,True,,1
500,KRE,2023-10-25,2023-10-26,2023,4,0.005576679340937973,0.027454027454027585,True,,1
500,KRE,2023-10-25,2023-10-26,2023,5,0.004285354171918332,0.031857031857031926,True,,1
500,KRE,2023-10-25,2023-10-26,2023,6,0.024422690763052035,0.05705775705775684,True,target60,1
500,SVXY,2023-10-25,2023-10-26,2023,1,-0.003360716952950038,-0.003360716952950038,True,,1
500,SVXY,2023-10-25,2023-10-26,2023,2,-0.0166104658423879,-0.019915359721185077,True,,1
500,SVXY,2023-10-25,2023-10-26,2023,3,0.03632207264414533,0.015683345780433067,True,,1
500,SVXY,2023-10-25,2023-10-26,2023,4,0.03247549019607843,0.048668160318645626,True,,1
500,SVXY,2023-10-25,2023-10-26,2023,5,0.01101483679525228,0.06021906895693285,True,target60,1
500,FCX,2023-10-31,2023-11-01,2023,1,-0.004428697962798878,-0.004428697962798878,True,,1
500,FCX,2023-10-31,2023-11-01,2023,2,0.03825622775800719,0.033658104517271914,True,,1
500,FCX,2023-10-31,2023-11-01,2023,3,0.026192516423878986,0.06073221139651608,True,target60,1
500,MRO,2023-11-06,2023-11-07,2023,1,-0.009000382995021039,-0.009000382995021039,True,stop,1
500,MRVL,2023-12-04,2023-12-05,2023,1,-0.013666536509176042,-0.013666536509176042,True,stop,1
500,MRVL,2023-12-05,2023-12-06,2023,1,-0.020170674941815347,-0.020170674941815347,True,stop,1
500,SU,2023-12-07,2023-12-08,2023,1,0.012183075403358501,0.012183075403358501,True,,1
500,SU,2023-12-07,2023-12-08,2023,2,-0.014964216005204811,-0.0029634507737898996,True,,1
500,SU,2023-12-07,2023-12-08,2023,3,-0.015686922060766273,-0.018603885413236765,True,stop,1
500,SU,2023-12-11,2023-12-12,2023,1,-0.00217609641781058,-0.00217609641781058,True,stop,1
500,SE,2023-12-15,2023-12-18,2023,1,0.02119944211994418,0.02119944211994418,True,,1
500,SE,2023-12-15,2023-12-18,2023,2,0.009287080032778006,0.030683403068340276,True,,1
500,SE,2023-12-15,2023-12-18,2023,3,-0.047361299052773975,-0.018131101813110173,True,stop,1
500,AAL,2024-01-03,2024-01-04,2024,1,0.006149116064565696,0.006149116064565696,True,,1
500,AAL,2024-01-03,2024-01-04,2024,2,0.03819709702062646,0.04458109146810152,True,,1
500,AAL,2024-01-03,2024-01-04,2024,3,0.032376747608535705,0.07840122982321285,True,target_gap,1
500,ARKK,2024-01-03,2024-01-04,2024,1,0.00950020652622885,0.00950020652622885,True,,1
500,ARKK,2024-01-03,2024-01-04,2024,2,0.0,0.00950020652622885,True,,1
500,ARKK,2024-01-03,2024-01-04,2024,3,0.02864157119476274,0.038413878562577386,True,,1
500,ARKK,2024-01-03,2024-01-04,2024,4,-0.01511535401750197,0.022717885171416707,True,,1
500,ARKK,2024-01-03,2024-01-04,2024,5,-0.003029079159935444,0.019619991738950793,True,,1
500,ARKK,2024-01-03,2024-01-04,2024,6,-0.03980149888596307,-0.020962412226352756,True,stop,1
500,LUV,2024-01-03,2024-01-04,2024,1,0.020460358056265893,0.020460358056265893,True,,1
500,LUV,2024-01-03,2024-01-04,2024,2,0.03924095954171136,0.060504201680672276,True,target60,1
500,NET,2024-01-03,2024-01-04,2024,1,-0.0024999999999999467,-0.0024999999999999467,True,stop,1
500,SHOP,2024-01-03,2024-01-04,2024,1,0.02526874214714514,0.02526874214714514,True,,1
500,SHOP,2024-01-03,2024-01-04,2024,2,0.01456971677559915,0.0402066173391038,True,,1
500,SHOP,2024-01-03,2024-01-04,2024,3,0.020131525969668607,0.06114756386988707,True,target60,1
500,AAL,2024-01-04,2024-01-05,2024,1,0.04137931034482745,0.04137931034482745,True,,1
500,AAL,2024-01-04,2024-01-05,2024,2,0.032376747608535705,0.0750957854406129,True,target_gap,1
500,MCHP,2024-01-04,2024-01-05,2024,1,0.006591562799616479,0.006591562799616479,True,,1
500,MCHP,2024-01-04,2024-01-05,2024,2,0.01940707227050842,0.02612655800575281,True,,1
500,MCHP,2024-01-04,2024-01-05,2024,3,-0.0031534688156973356,0.022890699904122735,True,,1
500,MCHP,2024-01-04,2024-01-05,2024,4,0.0010544815465729496,0.023969319271332612,True,,1
500,MCHP,2024-01-04,2024-01-05,2024,5,0.0032771535580524702,0.02732502396931924,True,,1
500,MCHP,2024-01-04,2024-01-05,2024,6,-0.003849743350443302,0.023370086289549397,True,,1
500,MCHP,2024-01-04,2024-01-05,2024,7,-0.00222508490455553,0.021093000958772867,True,,1
500,MCHP,2024-01-04,2024-01-05,2024,8,-0.027699530516431925,-0.007190795781399695,True,stop,1
500,NET,2024-01-04,2024-01-05,2024,1,-0.0002621231979029748,-0.0002621231979029748,True,,1
500,NET,2024-01-04,2024-01-05,2024,2,0.04431043523859457,0.044036697247706424,True,,1
500,NET,2024-01-04,2024-01-05,2024,3,0.024730102937484233,0.06985583224115333,True,,1
500,NET,2024-01-04,2024-01-05,2024,4,0.011270366286904254,0.08191349934469194,True,target_gap,1
500,OKTA,2024-01-16,2024-01-17,2024,1,-0.006734419003305958,-0.006734419003305958,True,stop,1
500,OKTA,2024-01-17,2024-01-18,2024,1,-0.01625030317729792,-0.01625030317729792,True,stop,1
500,EXR,2024-01-18,2024-01-19,2024,1,-0.0016326530612245094,-0.0016326530612245094,True,,1
500,EXR,2024-01-18,2024-01-19,2024,2,0.013150722267647907,0.011496598639455735,True,,1
500,EXR,2024-01-18,2024-01-19,2024,3,-0.010088102764140183,0.0012925170068027736,True,,1
500,EXR,2024-01-18,2024-01-19,2024,4,-0.0014946667572525163,-0.00020408163265306367,True,,1
500,EXR,2024-01-18,2024-01-19,2024,5,0.012995849493093736,0.012789115646258509,True,,1
500,EXR,2024-01-18,2024-01-19,2024,6,-0.009202041912950043,0.0034693877551019714,True,,1
500,EXR,2024-01-18,2024-01-19,2024,7,0.0037285607755406236,0.007210884353741509,True,,1
500,EXR,2024-01-18,2024-01-19,2024,8,-0.022963663379711008,-0.015918367346938744,True,stop,1
500,OKTA,2024-01-18,2024-01-19,2024,1,-0.00891875381795959,-0.00891875381795959,True,stop,1
500,EXR,2024-01-19,2024-01-22,2024,1,0.009025515743756651,0.009025515743756651,True,,1
500,EXR,2024-01-19,2024-01-22,2024,2,-0.010088102764140183,-0.0011536373507058384,True,,1
500,EXR,2024-01-19,2024-01-22,2024,3,-0.0014946667572525163,-0.0026465798045604005,True,,1
500,EXR,2024-01-19,2024-01-22,2024,4,0.012995849493093736,0.010314875135721824,True,,1
500,EXR,2024-01-19,2024-01-22,2024,5,-0.009202041912950043,0.0010179153094460602,True,,1
500,EXR,2024-01-19,2024-01-22,2024,6,0.0037285607755406236,0.004750271444082355,True,,1
500,EXR,2024-01-19,2024-01-22,2024,7,-0.022963663379711008,-0.018322475570032637,True,stop,1
500,DHI,2024-01-25,2024-01-26,2024,1,-0.0009953785993601638,-0.0009953785993601638,True,,1
500,DHI,2024-01-25,2024-01-26,2024,2,-0.0022774179773681347,-0.003270529683611856,True,,1
500,DHI,2024-01-25,2024-01-26,2024,3,0.021970183322633563,0.01862779950231075,True,,1
500,DHI,2024-01-25,2024-01-26,2024,4,-0.0028617296014518123,0.015712762175613237,True,,1
500,DHI,2024-01-25,2024-01-26,2024,5,0.031429371412571516,0.04763597582651968,True,,1
500,DHI,2024-01-25,2024-01-26,2024,6,-0.003189684424838801,0.04429434767152496,True,,1
500,DHI,2024-01-25,2024-01-26,2024,7,-0.011029411764705954,0.03277639530750087,True,,1
500,DHI,2024-01-25,2024-01-26,2024,8,-0.015489467162329573,0.01677923924635616,True,,1
500,DHI,2024-01-25,2024-01-26,2024,9,0.01146772952940367,0.028439388553146205,True,,1
500,DHI,2024-01-25,2024-01-26,2024,10,-0.0004839267196681263,0.027941699253466012,True,,1
500,DHI,2024-01-25,2024-01-26,2024,11,0.0025591368100703615,0.03057234269463205,True,,1
500,DHI,2024-01-25,2024-01-26,2024,12,0.022973439116936945,0.05424813366512615,True,,1
500,DHI,2024-01-25,2024-01-26,2024,13,-0.03978958726733206,0.012300035549235533,True,,1
500,DHI,2024-01-25,2024-01-26,2024,14,0.02198342463829195,0.03455385709207248,True,,1
500,DHI,2024-01-25,2024-01-26,2024,15,-0.000962133186722447,0.03355847849271232,True,,1
500,DHI,2024-01-25,2024-01-26,2024,16,-0.028203893513104483,0.004408105225737646,True,,1
500,DHI,2024-01-25,2024-01-26,2024,17,0.015997734834005684,0.020476359758265117,True,,1
500,DHI,2024-01-25,2024-01-26,2024,18,0.0032049048979307937,0.023746889441877084,True,,1
500,DHI,2024-01-25,2024-01-26,2024,19,0.007778317938745838,0.03170991823675795,True,,1
500,DHI,2024-01-25,2024-01-26,2024,20,0.006546757632140965,0.03846427301813016,True,time_h20,1
500,DHI,2024-01-26,2024-01-29,2024,1,-0.0057446808510638325,-0.0057446808510638325,True,,1
500,DHI,2024-01-26,2024-01-29,2024,2,0.021970183322633563,0.01609929078014183,True,,1
500,DHI,2024-01-26,2024-01-29,2024,3,-0.0028617296014518123,0.013191489361702224,True,,1
500,DHI,2024-01-26,2024-01-29,2024,4,0.031429371412571516,0.04503546099290778,True,,1
500,DHI,2024-01-26,2024-01-29,2024,5,-0.003189684424838801,0.04170212765957437,True,,1
500,DHI,2024-01-26,2024-01-29,2024,6,-0.011029411764705954,0.030212765957446708,True,,1
500,DHI,2024-01-26,2024-01-29,2024,7,-0.015489467162329573,0.014255319148936074,True,,1
500,DHI,2024-01-26,2024-01-29,2024,8,0.01146772952940367,0.025886524822695156,True,,1
500,DHI,2024-01-26,2024-01-29,2024,9,-0.0004839267196681263,0.025390070921985863,True,,1
500,DHI,2024-01-26,2024-01-29,2024,10,0.0025591368100703615,0.028014184397163078,True,,1
500,DHI,2024-01-26,2024-01-29,2024,11,0.022973439116936945,0.051631205673758895,True,,1
500,DHI,2024-01-26,2024-01-29,2024,12,-0.03978958726733206,0.009787234042553106,True,,1
500,DHI,2024-01-26,2024-01-29,2024,13,0.02198342463829195,0.031985815602836754,True,,1
500,DHI,2024-01-26,2024-01-29,2024,14,-0.000962133186722447,0.03099290780141839,True,,1
500,DHI,2024-01-26,2024-01-29,2024,15,-0.028203893513104483,0.0019148936170212405,True,,1
500,DHI,2024-01-26,2024-01-29,2024,16,0.015997734834005684,0.017943262411347582,True,,1
500,DHI,2024-01-26,2024-01-29,2024,17,0.0032049048979307937,0.021205673758865284,True,,1
500,DHI,2024-01-26,2024-01-29,2024,18,0.007778317938745838,0.029148936170212858,True,,1
500,DHI,2024-01-26,2024-01-29,2024,19,0.006546757632140965,0.03588652482269494,True,,1
500,DHI,2024-01-26,2024-01-29,2024,20,-0.001437765301930738,0.03439716312056729,True,time_h20,1
500,DHI,2024-01-29,2024-01-30,2024,1,0.016820440028388894,0.016820440028388894,True,,1
500,DHI,2024-01-29,2024-01-30,2024,2,-0.0028617296014518123,0.013910574875798387,True,,1
500,DHI,2024-01-29,2024-01-30,2024,3,0.031429371412571516,0.04577714691270396,True,,1
500,DHI,2024-01-29,2024-01-30,2024,4,-0.003189684424838801,0.04244144783534409,True,,1
500,DHI,2024-01-29,2024-01-30,2024,5,-0.011029411764705954,0.03094393186657185,True,,1
500,DHI,2024-01-29,2024-01-30,2024,6,-0.015489467162329573,0.014975159687721673,True,,1
500,DHI,2024-01-29,2024-01-30,2024,7,0.01146772952940367,0.026614620298083702,True,,1
500,DHI,2024-01-29,2024-01-30,2024,8,-0.0004839267196681263,0.02611781405251956,True,,1
500,DHI,2024-01-29,2024-01-30,2024,9,0.0025591368100703615,0.028743789921930274,True,,1
500,DHI,2024-01-29,2024-01-30,2024,10,0.022973439116936945,0.05237757274662869,True,,1
500,DHI,2024-01-29,2024-01-30,2024,11,-0.03978958726733206,0.010503903477643739,True,,1
500,DHI,2024-01-29,2024-01-30,2024,12,0.02198342463829195,0.03271823988644429,True,,1
500,DHI,2024-01-29,2024-01-30,2024,13,-0.000962133186722447,0.031724627395315785,True,,1
500,DHI,2024-01-29,2024-01-30,2024,14,-0.028203893513104483,0.0026259758694109347,True,,1
500,DHI,2024-01-29,2024-01-30,2024,15,0.015997734834005684,0.018665720369056116,True,,1
500,DHI,2024-01-29,2024-01-30,2024,16,0.0032049048979307937,0.021930447125620978,True,,1
500,DHI,2024-01-29,2024-01-30,2024,17,0.007778317938745838,0.029879347054648786,True,,1
500,DHI,2024-01-29,2024-01-30,2024,18,0.006546757632140965,0.0366217175301633,True,,1
500,DHI,2024-01-29,2024-01-30,2024,19,-0.001437765301930738,0.035131298793470433,True,,1
500,DHI,2024-01-29,2024-01-30,2024,20,-0.0028111073020226085,0.032221433640879926,True,time_h20,1
500,CCL,2024-02-05,2024-02-06,2024,1,-0.004441624365482233,-0.004441624365482233,True,stop,1
500,WBD,2024-02-07,2024-02-08,2024,1,-0.005065856129685797,-0.005065856129685797,True,,1
500,WBD,2024-02-07,2024-02-08,2024,2,-0.022403258655804503,-0.027355623100303927,True,stop,1
500,WBD,2024-02-08,2024-02-09,2024,1,-0.023397761953204532,-0.023397761953204532,True,stop,1
500,WBD,2024-02-12,2024-02-13,2024,1,-0.008264462809917328,-0.008264462809917328,True,stop,1
500,WBD,2024-02-13,2024-02-14,2024,1,-0.012396694214875992,-0.012396694214875992,True,stop,1
500,WBD,2024-02-14,2024-02-15,2024,1,0.043165467625899234,0.043165467625899234,True,,1
500,WBD,2024-02-14,2024-02-15,2024,2,-0.03103448275862064,0.010791366906474753,True,,1
500,WBD,2024-02-14,2024-02-15,2024,3,0.007625826131164137,0.018499486125385323,True,,1
500,WBD,2024-02-14,2024-02-15,2024,4,-0.03128153380423815,-0.013360739979445091,True,stop,1
500,WBD,2024-02-15,2024-02-16,2024,1,-0.018463073852295286,-0.018463073852295286,True,,1
500,WBD,2024-02-15,2024-02-16,2024,2,0.007625826131164137,-0.010978043912175606,True,,1
500,WBD,2024-02-15,2024-02-16,2024,3,-0.03128153380423815,-0.041916167664670656,True,stop,1
500,WBD,2024-02-16,2024-02-20,2024,1,0.013292433537832382,0.013292433537832382,True,,1
500,WBD,2024-02-16,2024-02-20,2024,2,-0.03128153380423815,-0.018404907975460127,True,stop,1
500,WDC,2024-02-20,2024-02-21,2024,1,-0.010950259836674192,-0.010950259836674192,True,stop,1
500,WDC,2024-02-21,2024-02-22,2024,1,0.01866081229418226,0.01866081229418226,True,,1
500,WDC,2024-02-21,2024-02-22,2024,2,0.006645114942528618,0.025429930479326845,True,,1
500,WDC,2024-02-21,2024-02-22,2024,3,0.028474576271186436,0.05462861324551782,True,target60,1
500,SNOW,2024-02-29,2024-03-01,2024,1,-0.02405103001150266,-0.02405103001150266,True,,1
500,SNOW,2024-02-29,2024-03-01,2024,2,-0.032036858459230655,-0.05531736902645601,True,stop,1
500,SNOW,2024-03-01,2024-03-04,2024,1,-0.028027327989671225,-0.028027327989671225,True,stop,1
500,ESTC,2024-03-04,2024-03-05,2024,1,0.015443654062148982,0.015443654062148982,True,,1
500,ESTC,2024-03-04,2024-03-05,2024,2,-0.0011982671213935925,0.014226881317858542,True,,1
500,ESTC,2024-03-04,2024-03-05,2024,3,-0.014765596160944972,-0.0007487832272556894,True,,1
500,ESTC,2024-03-04,2024-03-05,2024,4,-0.009366804046459398,-0.010108573567952028,True,,1
500,ESTC,2024-03-04,2024-03-05,2024,5,-0.027893343419062022,-0.037719955073006406,True,stop,1
500,WBA,2024-03-05,2024-03-06,2024,1,-0.010890151515151492,-0.010890151515151492,True,,1
500,WBA,2024-03-05,2024-03-06,2024,2,0.0019147917663953073,-0.008996212121212155,True,,1
500,WBA,2024-03-05,2024-03-06,2024,3,0.010511227902532116,0.0014204545454543638,True,,1
500,WBA,2024-03-05,2024-03-06,2024,4,0.018439716312056875,0.019886363636363535,True,,1
500,WBA,2024-03-05,2024-03-06,2024,5,-0.012534818941504211,0.007102272727272707,True,,1
500,WBA,2024-03-05,2024-03-06,2024,6,-0.010813352139163124,-0.0037878787878788955,True,,1
500,WBA,2024-03-05,2024-03-06,2024,7,-0.019011406844106404,-0.022727272727272707,True,,1
500,WBA,2024-03-05,2024-03-06,2024,8,0.008720930232558155,-0.014204545454545525,True,,1
500,WBA,2024-03-05,2024-03-06,2024,9,-0.006003842459173847,-0.020123106060606077,True,,1
500,WBA,2024-03-05,2024-03-06,2024,10,-0.00024160425223473947,-0.02035984848484851,True,,1
500,WBA,2024-03-05,2024-03-06,2024,11,0.019333011116481336,-0.0014204545454545858,True,,1
500,WBA,2024-03-05,2024-03-06,2024,12,-0.013750592697961084,-0.015151515151515138,True,,1
500,WBA,2024-03-05,2024-03-06,2024,13,-0.01057692307692315,-0.02556818181818199,True,,1
500,WBA,2024-03-05,2024-03-06,2024,14,0.0024295432458698585,-0.02320075757575768,True,,1
500,WBA,2024-03-05,2024-03-06,2024,15,-0.015996122152205472,-0.03882575757575757,True,stop_gap,1
500,ESTC,2024-03-06,2024-03-07,2024,1,-0.019110621095185576,-0.019110621095185576,True,,1
500,ESTC,2024-03-06,2024-03-07,2024,2,-0.009366804046459398,-0.02829841969864022,True,,1
500,ESTC,2024-03-06,2024-03-07,2024,3,-0.027893343419062022,-0.05540242557883135,True,stop,1
500,WBA,2024-03-06,2024-03-07,2024,1,-0.005700712589073675,-0.005700712589073675,True,,1
500,WBA,2024-03-06,2024-03-07,2024,2,0.010511227902532116,0.004750593824227822,True,,1
500,WBA,2024-03-06,2024-03-07,2024,3,0.018439716312056875,0.02327790973871724,True,,1
500,WBA,2024-03-06,2024-03-07,2024,4,-0.012534818941504211,0.010451306413301609,True,,1
500,WBA,2024-03-06,2024-03-07,2024,5,-0.010813352139163124,-0.00047505938242287105,True,,1
500,WBA,2024-03-06,2024-03-07,2024,6,-0.019011406844106404,-0.019477434679334937,True,,1
500,WBA,2024-03-06,2024-03-07,2024,7,0.008720930232558155,-0.01092636579572448,True,,1
500,WBA,2024-03-06,2024-03-07,2024,8,-0.006003842459173847,-0.016864608076009535,True,,1
500,WBA,2024-03-06,2024-03-07,2024,9,-0.00024160425223473947,-0.017102137767220915,True,,1
500,WBA,2024-03-06,2024-03-07,2024,10,0.019333011116481336,0.0019002375296912621,True,,1
500,WBA,2024-03-06,2024-03-07,2024,11,-0.013750592697961084,-0.01187648456057011,True,,1
500,WBA,2024-03-06,2024-03-07,2024,12,-0.01057692307692315,-0.02232779097387183,True,,1
500,WBA,2024-03-06,2024-03-07,2024,13,0.0024295432458698585,-0.01995249406175781,True,,1
500,WBA,2024-03-06,2024-03-07,2024,14,-0.015996122152205472,-0.03562945368171022,True,stop_gap,1
500,ZS,2024-03-06,2024-03-07,2024,1,-0.0246322440517327,-0.0246322440517327,True,stop,1
500,ESTC,2024-03-07,2024-03-08,2024,1,-0.014444133817910654,-0.014444133817910654,True,,1
500,ESTC,2024-03-07,2024-03-08,2024,2,-0.027893343419062022,-0.04193458205199885,True,stop,1
500,VXX,2024-03-07,2024-03-08,2024,1,0.040258806613946874,0.040258806613946874,True,,1
500,VXX,2024-03-07,2024-03-08,2024,2,-0.010366275051831408,0.02947519769949669,True,,1
500,VXX,2024-03-07,2024-03-08,2024,3,-0.04888268156424591,-0.02084831056793679,True,,1
500,VXX,2024-03-07,2024-03-08,2024,4,-0.0051395007342143195,-0.025880661394680038,True,,1
500,VXX,2024-03-07,2024-03-08,2024,5,0.025092250922509107,-0.0014378145219265948,True,,1
500,VXX,2024-03-07,2024-03-08,2024,6,0.02015838732901365,0.01869158878504673,True,,1
500,VXX,2024-03-07,2024-03-08,2024,7,-0.021877205363443952,-0.0035945363048167644,True,,1
500,VXX,2024-03-07,2024-03-08,2024,8,-0.02669552669552666,-0.030194104960460044,True,,1
500,VXX,2024-03-07,2024-03-08,2024,9,-0.010378057820607856,-0.040258806613946874,True,stop,1
500,WBA,2024-03-07,2024-03-08,2024,1,0.006663493574488255,0.006663493574488255,True,,1
500,WBA,2024-03-07,2024-03-08,2024,2,0.018439716312056875,0.025226082817705775,True,,1
500,WBA,2024-03-07,2024-03-08,2024,3,-0.012534818941504211,0.012375059495478347,True,,1
500,WBA,2024-03-07,2024-03-08,2024,4,-0.010813352139163124,0.0014278914802474674,True,,1
500,WBA,2024-03-07,2024-03-08,2024,5,-0.019011406844106404,-0.017610661589719245,True,,1
500,WBA,2024-03-07,2024-03-08,2024,6,0.008720930232558155,-0.009043312708234219,True,,1
500,WBA,2024-03-07,2024-03-08,2024,7,-0.006003842459173847,-0.014992860542598851,True,,1
500,WBA,2024-03-07,2024-03-08,2024,8,-0.00024160425223473947,-0.015230842455973392,True,,1
500,WBA,2024-03-07,2024-03-08,2024,9,0.019333011116481336,0.0038077106139933203,True,,1
500,WBA,2024-03-07,2024-03-08,2024,10,-0.013750592697961084,-0.009995240361732494,True,,1
500,WBA,2024-03-07,2024-03-08,2024,11,-0.01057692307692315,-0.02046644455021429,True,,1
500,WBA,2024-03-07,2024-03-08,2024,12,0.0024295432458698585,-0.018086625416468438,True,,1
500,WBA,2024-03-07,2024-03-08,2024,13,-0.015996122152205472,-0.03379343169919091,True,stop_gap,1
500,ZS,2024-03-07,2024-03-08,2024,1,-0.012180570746743502,-0.012180570746743502,True,,1
500,ZS,2024-03-07,2024-03-08,2024,2,-0.00870703105339976,-0.02078154519240316,True,stop_gap,1
500,ESTC,2024-03-08,2024-03-11,2024,1,-0.021788772597526096,-0.021788772597526096,True,stop,1
500,WBA,2024-03-08,2024-03-11,2024,1,0.018439716312056875,0.018439716312056875,True,,1
500,WBA,2024-03-08,2024-03-11,2024,2,-0.012534818941504211,0.005673758865248235,True,,1
500,WBA,2024-03-08,2024-03-11,2024,3,-0.010813352139163124,-0.005200945626477549,True,,1
500,WBA,2024-03-08,2024-03-11,2024,4,-0.019011406844106404,-0.02411347517730489,True,,1
500,WBA,2024-03-08,2024-03-11,2024,5,0.008720930232558155,-0.015602836879432536,True,,1
500,WBA,2024-03-08,2024-03-11,2024,6,-0.006003842459173847,-0.02151300236406617,True,,1
500,WBA,2024-03-08,2024-03-11,2024,7,-0.00024160425223473947,-0.021749408983451457,True,,1
500,WBA,2024-03-08,2024-03-11,2024,8,0.019333011116481336,-0.0028368794326240065,True,,1
500,WBA,2024-03-08,2024-03-11,2024,9,-0.013750592697961084,-0.016548463356973908,True,,1
500,WBA,2024-03-08,2024-03-11,2024,10,-0.01057692307692315,-0.026950354609929117,True,,1
500,WBA,2024-03-08,2024-03-11,2024,11,0.0024295432458698585,-0.024586288416075686,True,,1
500,WBA,2024-03-08,2024-03-11,2024,12,-0.015996122152205472,-0.04018912529550822,True,stop_gap,1
500,ESTC,2024-03-11,2024-03-12,2024,1,0.014939666730511503,0.014939666730511503,True,,1
500,ESTC,2024-03-11,2024-03-12,2024,2,0.002453293074164753,0.017429611185596494,True,,1
500,ESTC,2024-03-11,2024-03-12,2024,3,-0.030120481927710774,-0.013215859030836996,True,,1
500,ESTC,2024-03-11,2024-03-12,2024,4,-0.0022321428571429047,-0.01541850220264318,True,stop,1
500,WBA,2024-03-11,2024-03-12,2024,1,-0.020267157991708973,-0.020267157991708973,True,,1
500,WBA,2024-03-11,2024-03-12,2024,2,-0.010813352139163124,-0.03086135421464775,True,,1
500,WBA,2024-03-11,2024-03-12,2024,3,-0.019011406844106404,-0.04928604329801933,True,,1
500,WBA,2024-03-11,2024-03-12,2024,4,0.008720930232558155,-0.04099493321050207,True,,1
500,WBA,2024-03-11,2024-03-12,2024,5,-0.006003842459173847,-0.04675264854905581,True,,1
500,WBA,2024-03-11,2024-03-12,2024,6,-0.00024160425223473947,-0.046982957162597816,True,,1
500,WBA,2024-03-11,2024-03-12,2024,7,0.019333011116481336,-0.028558268079226234,True,,1
500,WBA,2024-03-11,2024-03-12,2024,8,-0.013750592697961084,-0.041916167664670656,True,,1
500,WBA,2024-03-11,2024-03-12,2024,9,-0.01057692307692315,-0.0520497466605252,True,,1
500,WBA,2024-03-11,2024-03-12,2024,10,0.0024295432458698585,-0.04974666052510368,True,,1
500,WBA,2024-03-11,2024-03-12,2024,11,-0.015996122152205472,-0.06494702901888527,True,stop_gap,1
500,ZS,2024-03-11,2024-03-12,2024,1,-0.010526315789473717,-0.010526315789473717,True,,1
500,ZS,2024-03-11,2024-03-12,2024,2,0.001193080135215796,-0.009345794392523366,True,,1
500,ZS,2024-03-11,2024-03-12,2024,3,-0.018917576961271165,-0.028086571569109764,True,stop,1
500,ESTC,2024-03-12,2024-03-13,2024,1,0.009310279308379243,0.009310279308379243,True,,1
500,ESTC,2024-03-12,2024-03-13,2024,2,-0.030120481927710774,-0.021090632718981595,True,,1
500,ESTC,2024-03-12,2024-03-13,2024,3,-0.0022321428571429047,-0.02327569827094811,True,stop,1
500,VXX,2024-03-12,2024-03-13,2024,1,-0.0014738393515106862,-0.0014738393515106862,True,,1
500,VXX,2024-03-12,2024-03-13,2024,2,0.025092250922509107,0.02358142962417098,True,,1
500,VXX,2024-03-12,2024-03-13,2024,3,0.02015838732901365,0.04421518054532059,True,,1
500,VXX,2024-03-12,2024-03-13,2024,4,-0.021877205363443952,0.021370670596904784,True,,1
500,VXX,2024-03-12,2024-03-13,2024,5,-0.02669552669552666,-0.005895357406042745,True,,1
500,VXX,2024-03-12,2024-03-13,2024,6,-0.010378057820607856,-0.01621223286661755,True,stop,1
500,WBA,2024-03-12,2024-03-13,2024,1,0.003816793893129722,0.003816793893129722,True,,1
500,WBA,2024-03-12,2024-03-13,2024,2,-0.019011406844106404,-0.01526717557251911,True,,1
500,WBA,2024-03-12,2024-03-13,2024,3,0.008720930232558155,-0.00667938931297718,True,,1
500,WBA,2024-03-12,2024-03-13,2024,4,-0.006003842459173847,-0.012643129770992356,True,,1
500,WBA,2024-03-12,2024-03-13,2024,5,-0.00024160425223473947,-0.01288167938931295,True,,1
500,WBA,2024-03-12,2024-03-13,2024,6,0.019333011116481336,0.006202290076335881,True,,1
500,WBA,2024-03-12,2024-03-13,2024,7,-0.013750592697961084,-0.007633587786259555,True,,1
500,WBA,2024-03-12,2024-03-13,2024,8,-0.01057692307692315,-0.018129770992366567,True,,1
500,WBA,2024-03-12,2024-03-13,2024,9,0.0024295432458698585,-0.015744274809160408,True,,1
500,WBA,2024-03-12,2024-03-13,2024,10,-0.015996122152205472,-0.031488549618320594,True,stop_gap,1
500,ZS,2024-03-12,2024-03-13,2024,1,0.005190656817728012,0.005190656817728012,True,,1
500,ZS,2024-03-12,2024-03-13,2024,2,-0.018917576961271165,-0.013825114793372006,True,stop,1
500,VXX,2024-03-13,2024-03-14,2024,1,0.031180400890868487,0.031180400890868487,True,,1
500,VXX,2024-03-13,2024-03-14,2024,2,0.02015838732901365,0.05196733481811422,True,,1
500,VXX,2024-03-13,2024-03-14,2024,3,-0.021877205363443952,0.028953229398663627,True,,1
500,VXX,2024-03-13,2024-03-14,2024,4,-0.02669552669552666,0.0014847809948033142,True,,1
500,VXX,2024-03-13,2024-03-14,2024,5,-0.010378057820607856,-0.008908685968819663,True,stop,1
500,WBA,2024-03-13,2024-03-14,2024,1,-0.0162059103908484,-0.0162059103908484,True,,1
500,WBA,2024-03-13,2024-03-14,2024,2,0.008720930232558155,-0.007626310772164024,True,,1
500,WBA,2024-03-13,2024-03-14,2024,3,-0.006003842459173847,-0.01358436606291702,True,,1
500,WBA,2024-03-13,2024-03-14,2024,4,-0.00024160425223473947,-0.013822688274547135,True,,1
500,WBA,2024-03-13,2024-03-14,2024,5,0.019333011116481336,0.00524308865586276,True,,1
500,WBA,2024-03-13,2024-03-14,2024,6,-0.013750592697961084,-0.008579599618684486,True,,1
500,WBA,2024-03-13,2024-03-14,2024,7,-0.01057692307692315,-0.019065776930410006,True,,1
500,WBA,2024-03-13,2024-03-14,2024,8,0.0024295432458698585,-0.01668255481410874,True,,1
500,WBA,2024-03-13,2024-03-14,2024,9,-0.015996122152205472,-0.0324118207816968,True,stop_gap,1
500,ZS,2024-03-13,2024-03-14,2024,1,-0.019063694583726365,-0.019063694583726365,True,stop,1
500,VXX,2024-03-14,2024-03-15,2024,1,0.001413427561837377,0.001413427561837377,True,,1
500,VXX,2024-03-14,2024-03-15,2024,2,-0.021877205363443952,-0.02049469964664319,True,,1
500,VXX,2024-03-14,2024-03-15,2024,3,-0.02669552669552666,-0.046643109540635996,True,,1
500,VXX,2024-03-14,2024-03-15,2024,4,-0.010378057820607856,-0.0565371024734983,True,stop,1
500,WBA,2024-03-14,2024-03-15,2024,1,0.010679611650485477,0.010679611650485477,True,,1
500,WBA,2024-03-14,2024-03-15,2024,2,-0.006003842459173847,0.004611650485436769,True,,1
500,WBA,2024-03-14,2024-03-15,2024,3,-0.00024160425223473947,0.004368932038834927,True,,1
500,WBA,2024-03-14,2024-03-15,2024,4,0.019333011116481336,0.02378640776699026,True,,1
500,WBA,2024-03-14,2024-03-15,2024,5,-0.013750592697961084,0.009708737864077666,True,,1
500,WBA,2024-03-14,2024-03-15,2024,6,-0.01057692307692315,-0.000970873786407922,True,,1
500,WBA,2024-03-14,2024-03-15,2024,7,0.0024295432458698585,0.0014563106796114944,True,,1
500,WBA,2024-03-14,2024-03-15,2024,8,-0.015996122152205472,-0.014563106796116498,True,stop_gap,1
500,ZS,2024-03-14,2024-03-15,2024,1,-0.0060365209517581064,-0.0060365209517581064,True,stop,1
500,VXX,2024-03-15,2024-03-18,2024,1,-0.007874015748031593,-0.007874015748031593,True,,1
500,VXX,2024-03-15,2024-03-18,2024,2,-0.02669552669552666,-0.03435934144595565,True,,1
500,VXX,2024-03-15,2024-03-18,2024,3,-0.010378057820607856,-0.044380816034359394,True,stop,1
500,VXX,2024-03-18,2024-03-19,2024,1,-0.028797696184305277,-0.028797696184305277,True,,1
500,VXX,2024-03-18,2024-03-19,2024,2,-0.010378057820607856,-0.03887688984881221,True,stop,1
500,NXPI,2024-03-19,2024-03-20,2024,1,0.024577638169623883,0.024577638169623883,True,,1
500,NXPI,2024-03-19,2024-03-20,2024,2,0.019637900319012358,0.04469819169708811,True,,1
500,NXPI,2024-03-19,2024-03-20,2024,3,-0.007435699483970604,0.03693012989218092,True,,1
500,NXPI,2024-03-19,2024-03-20,2024,4,-0.016169968888161135,0.020163001952627546,True,,1
500,NXPI,2024-03-19,2024-03-20,2024,5,-0.00478508717180548,0.01528143305883356,True,,1
500,NXPI,2024-03-19,2024-03-20,2024,6,0.02608913788778322,0.04176925036081158,True,,1
500,NXPI,2024-03-19,2024-03-20,2024,7,0.009575421726020883,0.05174463027421683,True,,1
500,NXPI,2024-03-19,2024-03-20,2024,8,0.010711546999233157,0.06301044231259012,True,target60,1
500,X,2024-03-19,2024-03-20,2024,1,-0.001761006289308198,-0.001761006289308198,True,,1
500,X,2024-03-19,2024-03-20,2024,2,0.009072580645161255,0.007295597484276772,True,,1
500,X,2024-03-19,2024-03-20,2024,3,-0.009490509490509558,-0.0022641509433962703,True,,1
500,X,2024-03-19,2024-03-20,2024,4,0.015128593040847349,0.012830188679245236,True,,1
500,X,2024-03-19,2024-03-20,2024,5,0.010680576254346708,0.023647798742138404,True,,1
500,X,2024-03-19,2024-03-20,2024,6,0.00811010076185803,0.03194968553459132,True,,1
500,X,2024-03-19,2024-03-20,2024,7,-0.006582155046318983,0.02515723270440251,True,,1
500,X,2024-03-19,2024-03-20,2024,8,0.026503067484662468,0.05232704402515709,True,,1
500,X,2024-03-19,2024-03-20,2024,9,-0.010040640688501079,0.04176100628930812,True,,1
500,X,2024-03-19,2024-03-20,2024,10,0.010625452789181367,0.05283018867924527,True,,1
500,X,2024-03-19,2024-03-20,2024,11,-0.01768219832735962,0.03421383647798737,True,,1
500,X,2024-03-19,2024-03-20,2024,12,0.002675747993188926,0.0369811320754716,True,,1
500,X,2024-03-19,2024-03-20,2024,13,-0.01504124211547786,0.021383647798742134,True,,1
500,X,2024-03-19,2024-03-20,2024,14,0.033004926108374244,0.05509433962264154,True,,1
500,X,2024-03-19,2024-03-20,2024,15,0.01597520267048158,0.07194968553459113,True,,1
500,X,2024-03-19,2024-03-20,2024,16,-0.008683407650786124,0.0626415094339623,True,,1
500,X,2024-03-19,2024-03-20,2024,17,-0.02130681818181812,0.040000000000000036,True,,1
500,X,2024-03-19,2024-03-20,2024,18,-0.012094823415578104,0.02742138364779878,True,,1
500,X,2024-03-19,2024-03-20,2024,19,-0.013222331047992308,0.01383647798742138,True,,1
500,X,2024-03-19,2024-03-20,2024,20,-0.03449131513647641,-0.021132075471698153,True,stop,1
500,X,2024-03-20,2024-03-21,2024,1,0.007802668009061264,0.007802668009061264,True,,1
500,X,2024-03-20,2024-03-21,2024,2,-0.009490509490509558,-0.0017618927762396153,True,,1
500,X,2024-03-20,2024-03-21,2024,3,0.015128593040847349,0.013340045305814341,True,,1
500,X,2024-03-20,2024-03-21,2024,4,0.010680576254346708,0.024163100931286152,True,,1
500,X,2024-03-20,2024-03-21,2024,5,0.00811010076185803,0.03246916687641588,True,,1
500,X,2024-03-20,2024-03-21,2024,6,-0.006582155046318983,0.02567329473949176,True,,1
500,X,2024-03-20,2024-03-21,2024,7,0.026503067484662468,0.05285678328718846,True,,1
500,X,2024-03-20,2024-03-21,2024,8,-0.010040640688501079,0.042285426629750766,True,,1
500,X,2024-03-20,2024-03-21,2024,9,0.010625452789181367,0.05336018122325714,True,,1
500,X,2024-03-20,2024-03-21,2024,10,-0.01768219832735962,0.034734457588723844,True,,1
500,X,2024-03-20,2024-03-21,2024,11,0.002675747993188926,0.03750314623710049,True,,1
500,X,2024-03-20,2024-03-21,2024,12,-0.01504124211547786,0.021897810218978186,True,,1
500,X,2024-03-20,2024-03-21,2024,13,0.033004926108374244,0.05562547193556511,True,,1
500,X,2024-03-20,2024-03-21,2024,14,0.01597520267048158,0.07248930279385868,True,,1
500,X,2024-03-20,2024-03-21,2024,15,-0.008683407650786124,0.06317644097659203,True,,1
500,X,2024-03-20,2024-03-21,2024,16,-0.02130681818181812,0.04052353385351126,True,,1
500,X,2024-03-20,2024-03-21,2024,17,-0.012094823415578104,0.027938585451799725,True,,1
500,X,2024-03-20,2024-03-21,2024,18,-0.013222331047992308,0.014346841177951264,True,,1
500,X,2024-03-20,2024-03-21,2024,19,-0.03449131513647641,-0.02063931537880692,True,stop,1
500,X,2024-03-22,2024-03-25,2024,1,0.017180394138453847,0.017180394138453847,True,,1
500,X,2024-03-22,2024-03-25,2024,2,0.010680576254346708,0.028044466902475973,True,,1
500,X,2024-03-22,2024-03-25,2024,3,0.00811010076185803,0.03638201111672568,True,,1
500,X,2024-03-22,2024-03-25,2024,4,-0.006582155046318983,0.029560384032339515,True,,1
500,X,2024-03-22,2024-03-25,2024,5,0.026503067484662468,0.05684689236988372,True,,1
500,X,2024-03-22,2024-03-25,2024,6,-0.010040640688501079,0.0462354724608387,True,,1
500,X,2024-03-22,2024-03-25,2024,7,0.010625452789181367,0.05735219807983838,True,,1
500,X,2024-03-22,2024-03-25,2024,8,-0.01768219832735962,0.03865588681152099,True,,1
500,X,2024-03-22,2024-03-25,2024,9,0.002675747993188926,0.041435068216270965,True,,1
500,X,2024-03-22,2024-03-25,2024,10,-0.01504124211547786,0.02577059120768066,True,,1
500,X,2024-03-22,2024-03-25,2024,11,0.033004926108374244,0.05962607377463369,True,,1
500,X,2024-03-22,2024-03-25,2024,12,0.01597520267048158,0.07655381505811021,True,,1
500,X,2024-03-22,2024-03-25,2024,13,-0.008683407650786124,0.06720565942395162,True,,1
500,X,2024-03-22,2024-03-25,2024,14,-0.02130681818181812,0.04446690247599805,True,,1
500,X,2024-03-22,2024-03-25,2024,15,-0.012094823415578104,0.03183425972713505,True,,1
500,X,2024-03-22,2024-03-25,2024,16,-0.013222331047992308,0.018191005558362727,True,,1
500,X,2024-03-22,2024-03-25,2024,17,-0.03449131513647641,-0.016927741283476516,True,stop,1
500,CPNG,2024-03-26,2024-03-27,2024,1,-0.006204173716863992,-0.006204173716863992,True,,1
500,CPNG,2024-03-26,2024-03-27,2024,2,0.009648127128263129,0.0033840947546530664,True,,1
500,CPNG,2024-03-26,2024-03-27,2024,3,0.022484541877459296,0.025944726452340694,True,,1
500,CPNG,2024-03-26,2024-03-27,2024,4,0.0016492578339746267,0.027636773829667227,True,,1
500,CPNG,2024-03-26,2024-03-27,2024,5,0.004390779363337094,0.0321489001692048,True,,1
500,CPNG,2024-03-26,2024-03-27,2024,6,0.0016393442622948395,0.03384094754653111,True,,1
500,CPNG,2024-03-26,2024-03-27,2024,7,-0.004637206764866231,0.029046813310772635,True,,1
500,CPNG,2024-03-26,2024-03-27,2024,8,0.03020005480953669,0.060124083474337287,True,target60,1
500,CPNG,2024-03-27,2024-03-28,2024,1,0.013675213675213627,0.013675213675213627,True,,1
500,CPNG,2024-03-27,2024-03-28,2024,2,0.022484541877459296,0.036467236467236486,True,,1
500,CPNG,2024-03-27,2024-03-28,2024,3,0.0016492578339746267,0.03817663817663797,True,,1
500,CPNG,2024-03-27,2024-03-28,2024,4,0.004390779363337094,0.042735042735042805,True,,1
500,CPNG,2024-03-27,2024-03-28,2024,5,0.0016393442622948395,0.04444444444444429,True,,1
500,CPNG,2024-03-27,2024-03-28,2024,6,-0.004637206764866231,0.039601139601139534,True,,1
500,CPNG,2024-03-27,2024-03-28,2024,7,0.03020005480953669,0.07099715099715098,True,target60,1
500,BA,2024-04-11,2024-04-12,2024,1,-0.004761904761904745,-0.004761904761904745,True,stop,1
500,ANET,2024-04-12,2024-04-15,2024,1,-0.01634580457682533,-0.01634580457682533,True,stop,1
500,EL,2024-04-12,2024-04-15,2024,1,-0.01610494880546065,-0.01610494880546065,True,stop,1
500,DG,2024-04-16,2024-04-17,2024,1,-0.011899063119742759,-0.011899063119742759,True,,1
500,DG,2024-04-16,2024-04-17,2024,2,0.008235864073638188,-0.0037611981125622584,True,,1
500,DG,2024-04-16,2024-04-17,2024,3,-0.0063838550247117265,-0.010121042193804164,True,,1
500,DG,2024-04-16,2024-04-17,2024,4,-0.011951640759930826,-0.021951719893318566,True,stop,1
500,WSM,2024-04-16,2024-04-17,2024,1,-0.011695906432748426,-0.011695906432748426,True,,1
500,WSM,2024-04-16,2024-04-17,2024,2,-0.00899975197533931,-0.020590398151066225,True,,1
500,WSM,2024-04-16,2024-04-17,2024,3,-0.004504987664914695,-0.025002626326294686,True,stop_gap,1
500,DG,2024-04-17,2024-04-18,2024,1,0.006424870466321231,0.006424870466321231,True,,1
500,DG,2024-04-17,2024-04-18,2024,2,-0.0063838550247117265,0.0,True,,1
500,DG,2024-04-17,2024-04-18,2024,3,-0.011951640759930826,-0.011951640759930826,True,stop,1
500,DG,2024-04-18,2024-04-19,2024,1,-0.006929198682766091,-0.006929198682766091,True,,1
500,DG,2024-04-18,2024-04-19,2024,2,-0.011951640759930826,-0.01879802414928633,True,stop,1
500,MPC,2024-04-18,2024-04-19,2024,1,0.0005603096984516664,0.0005603096984516664,True,,1
500,MPC,2024-04-18,2024-04-19,2024,2,0.00936720460214846,0.009932762836185827,True,,1
500,MPC,2024-04-18,2024-04-19,2024,3,0.006758460684924694,0.016758353708231644,True,,1
500,MPC,2024-04-18,2024-04-19,2024,4,-0.0025048845248234475,0.014211491442542856,True,,1
500,MPC,2024-04-18,2024-04-19,2024,5,0.0020089397820299837,0.016248981255093664,True,,1
500,MPC,2024-04-18,2024-04-19,2024,6,-0.006415718510350388,0.009729013854930635,True,,1
500,MPC,2024-04-18,2024-04-19,2024,7,0.011703576653382619,0.02154645476772621,True,,1
500,MPC,2024-04-18,2024-04-19,2024,8,-0.037646472201446124,-0.016911165444172704,True,stop,1
500,MPWR,2024-04-18,2024-04-19,2024,1,-0.039698946960397885,-0.039698946960397885,True,stop,1
500,DG,2024-04-19,2024-04-22,2024,1,-0.011200221238937935,-0.011200221238937935,True,stop,1
500,MPC,2024-04-19,2024-04-22,2024,1,0.010292993630573344,0.010292993630573344,True,,1
500,MPC,2024-04-19,2024-04-22,2024,2,0.006758460684924694,0.017121019108280233,True,,1
500,MPC,2024-04-19,2024-04-22,2024,3,-0.0025048845248234475,0.014573248407643291,True,,1
500,MPC,2024-04-19,2024-04-22,2024,4,0.0020089397820299837,0.0166114649681528,True,,1
500,MPC,2024-04-19,2024-04-22,2024,5,-0.006415718510350388,0.010089171974522193,True,,1
500,MPC,2024-04-19,2024-04-22,2024,6,0.011703576653382619,0.021910828025477835,True,,1
500,MPC,2024-04-19,2024-04-22,2024,7,-0.037646472201446124,-0.016560509554140124,True,stop,1
500,MPWR,2024-04-22,2024-04-23,2024,1,0.012938175071234514,0.012938175071234514,True,,1
500,MPWR,2024-04-22,2024-04-23,2024,2,0.0504047755335677,0.06399509641508172,True,,1
500,MPWR,2024-04-22,2024-04-23,2024,3,0.028150154919270864,0.09394672321251085,True,,1
500,MPWR,2024-04-22,2024-04-23,2024,4,0.026031649882637842,0.12242396130143796,True,,1
500,MPWR,2024-04-22,2024-04-23,2024,5,0.002228650706969315,0.12492545225631169,True,,1
500,MPWR,2024-04-22,2024-04-23,2024,6,-0.0144172005006995,0.10870717646279249,True,,1
500,MPWR,2024-04-22,2024-04-23,2024,7,-0.02800107581507938,0.07766218275793513,True,,1
500,MPWR,2024-04-22,2024-04-23,2024,8,0.0833210354793088,0.16745411172221858,True,target60,1
500,KVUE,2024-04-23,2024-04-24,2024,1,-0.007784120394395355,-0.007784120394395355,True,,1
500,KVUE,2024-04-23,2024-04-24,2024,2,-0.006276150627615107,-0.014011416709911795,True,,1
500,KVUE,2024-04-23,2024-04-24,2024,3,-0.007631578947368434,-0.021536066424494016,True,stop,1
500,KVUE,2024-04-24,2024-04-25,2024,1,-0.01144640998959412,-0.01144640998959412,True,,1
500,KVUE,2024-04-24,2024-04-25,2024,2,-0.007631578947368434,-0.01899063475546303,True,stop,1
500,DHI,2024-04-30,2024-05-01,2024,1,0.0012649332396343915,0.0012649332396343915,True,,1
500,DHI,2024-04-30,2024-05-01,2024,2,0.021125772038181,0.022417427969079418,True,,1
500,DHI,2024-04-30,2024-05-01,2024,3,0.04825073888239739,0.07174982431482757,True,target60,1
500,ORCL,2024-04-30,2024-05-01,2024,1,0.006057413747695639,0.006057413747695639,True,,1
500,ORCL,2024-04-30,2024-05-01,2024,2,0.003054101221640515,0.009130014924062957,True,,1
500,ORCL,2024-04-30,2024-05-01,2024,3,0.007220530665506653,0.016416469142305434,True,,1
500,ORCL,2024-04-30,2024-05-01,2024,4,0.022197270685783366,0.03897814063734528,True,,1
500,ORCL,2024-04-30,2024-05-01,2024,5,-0.0038867765103506313,0.03493986480554834,True,,1
500,ORCL,2024-04-30,2024-05-01,2024,6,-0.004410891509033843,0.03037485734351697,True,,1
500,ORCL,2024-04-30,2024-05-01,2024,7,-0.006730851154468809,0.0234395575454307,True,,1
500,ORCL,2024-04-30,2024-05-01,2024,8,0.0007720020586721166,0.024229654990782334,True,,1
500,ORCL,2024-04-30,2024-05-01,2024,9,-0.0025284991857376093,0.02163989114212983,True,,1
500,ORCL,2024-04-30,2024-05-01,2024,10,0.04790547798066602,0.07058203845140909,True,target60,1
500,DHI,2024-05-01,2024-05-02,2024,1,0.011330460169609369,0.011330460169609369,True,,1
500,DHI,2024-05-01,2024-05-02,2024,2,0.04825073888239739,0.060127902127067756,True,target60,1
500,DASH,2024-05-03,2024-05-06,2024,1,0.027350576721425934,0.027350576721425934,True,,1
500,DASH,2024-05-03,2024-05-06,2024,2,-0.017181253721187395,0.009699405802167105,True,,1
500,DASH,2024-05-03,2024-05-06,2024,3,-0.021895283427087797,-0.012408248864033578,True,,1
500,DASH,2024-05-03,2024-05-06,2024,4,0.027782693328614494,0.015029709891646315,True,,1
500,DASH,2024-05-03,2024-05-06,2024,5,-0.010502754820936655,0.004369101712687895,True,,1
500,DASH,2024-05-03,2024-05-06,2024,6,0.014355315816948044,0.018787137364557838,True,,1
500,DASH,2024-05-03,2024-05-06,2024,7,-0.016553735311776396,0.0019224047535826294,True,,1
500,DASH,2024-05-03,2024-05-06,2024,8,0.014346764346764518,0.016296749388325926,True,,1
500,DASH,2024-05-03,2024-05-06,2024,9,-0.0010747603284467777,0.015204473960153786,True,,1
500,DASH,2024-05-03,2024-05-06,2024,10,0.011103460148045974,0.026476756378888577,True,,1
500,DASH,2024-05-03,2024-05-06,2024,11,-0.030560994296416122,-0.00489339391821042,True,,1
500,DASH,2024-05-03,2024-05-06,2024,12,-0.009308043554618894,-0.014155889549108736,True,,1
500,DASH,2024-05-03,2024-05-06,2024,13,-0.010547775217160105,-0.024554351625305837,True,,1
500,DASH,2024-05-03,2024-05-06,2024,14,-0.011735196631729838,-0.0360013981125481,True,,1
500,DASH,2024-05-03,2024-05-06,2024,15,0.022933284989122615,-0.013893743446347417,True,,1
500,DASH,2024-05-03,2024-05-06,2024,16,-0.0036331413380593647,-0.01747640685075147,True,,1
500,DASH,2024-05-03,2024-05-06,2024,17,-0.007025969405905275,-0.024379587556798255,True,,1
500,DASH,2024-05-03,2024-05-06,2024,18,-0.010300044782803441,-0.03442852149598041,True,,1
500,DASH,2024-05-03,2024-05-06,2024,19,-0.013574660633484115,-0.04753582663404399,True,stop,1
500,CCL,2024-05-07,2024-05-08,2024,1,0.020684736091298284,0.020684736091298284,True,,1
500,CCL,2024-05-07,2024-05-08,2024,2,0.018169112508735097,0.03922967189728954,True,,1
500,CCL,2024-05-07,2024-05-08,2024,3,-0.009608785175017176,0.029243937232525052,True,,1
500,CCL,2024-05-07,2024-05-08,2024,4,0.008316008316008316,0.03780313837375182,True,,1
500,CCL,2024-05-07,2024-05-08,2024,5,-0.0027491408934708916,0.03495007132667616,True,,1
500,CCL,2024-05-07,2024-05-08,2024,6,0.029910406616126872,0.06590584878744665,True,target60,1
500,DASH,2024-05-07,2024-05-08,2024,1,-0.00414133403824124,-0.00414133403824124,True,,1
500,DASH,2024-05-07,2024-05-08,2024,2,0.027782693328614494,0.023526301876817257,True,,1
500,DASH,2024-05-07,2024-05-08,2024,3,-0.010502754820936655,0.012776456075425102,True,,1
500,DASH,2024-05-07,2024-05-08,2024,4,0.014355315816948044,0.027315181954357337,True,,1
500,DASH,2024-05-07,2024-05-08,2024,5,-0.016553735311776396,0.010309278350515427,True,,1
500,DASH,2024-05-07,2024-05-08,2024,6,0.014346764346764518,0.02480394748435999,True,,1
500,DASH,2024-05-07,2024-05-08,2024,7,-0.0010747603284467777,0.02370252885716817,True,,1
500,DASH,2024-05-07,2024-05-08,2024,8,0.011103460148045974,0.035069169089787744,True,,1
500,DASH,2024-05-07,2024-05-08,2024,9,-0.030560994296416122,0.0034364261168384758,True,,1
500,DASH,2024-05-07,2024-05-08,2024,10,-0.009308043554618894,-0.005903603841748151,True,,1
500,DASH,2024-05-07,2024-05-08,2024,11,-0.010547775217160105,-0.01638910917261427,True,,1
500,DASH,2024-05-07,2024-05-08,2024,12,-0.011735196631729838,-0.027931976385584645,True,,1
500,DASH,2024-05-07,2024-05-08,2024,13,0.022933284989122615,-0.005639263371222114,True,,1
500,DASH,2024-05-07,2024-05-08,2024,14,-0.0036331413380593647,-0.009251916468411281,True,,1
500,DASH,2024-05-07,2024-05-08,2024,15,-0.007025969405905275,-0.016212882192263578,True,,1
500,DASH,2024-05-07,2024-05-08,2024,16,-0.010300044782803441,-0.026345933562428314,True,,1
500,DASH,2024-05-07,2024-05-08,2024,17,-0.013574660633484115,-0.039562957088730255,True,stop,1
500,F,2024-05-07,2024-05-08,2024,1,0.0066225165562914245,0.0066225165562914245,True,,1
500,F,2024-05-07,2024-05-08,2024,2,-0.0016447368421051989,0.004966887417218624,True,,1
500,F,2024-05-07,2024-05-08,2024,3,-0.016062602965403627,-0.011175496688741737,True,stop,1
500,DASH,2024-05-08,2024-05-09,2024,1,0.027964601769911557,0.027964601769911557,True,,1
500,DASH,2024-05-08,2024-05-09,2024,2,-0.010502754820936655,0.01716814159292035,True,,1
500,DASH,2024-05-08,2024-05-09,2024,3,0.014355315816948044,0.031769911504424764,True,,1
500,DASH,2024-05-08,2024-05-09,2024,4,-0.016553735311776396,0.014690265486725584,True,,1
500,DASH,2024-05-08,2024-05-09,2024,5,0.014346764346764518,0.029247787610619636,True,,1
500,DASH,2024-05-08,2024-05-09,2024,6,-0.0010747603284467777,0.02814159292035412,True,,1
500,DASH,2024-05-08,2024-05-09,2024,7,0.011103460148045974,0.03955752212389374,True,,1
500,DASH,2024-05-08,2024-05-09,2024,8,-0.030560994296416122,0.0077876106194689765,True,,1
500,DASH,2024-05-08,2024-05-09,2024,9,-0.009308043554618894,-0.0015929203539823966,True,,1
500,DASH,2024-05-08,2024-05-09,2024,10,-0.010547775217160105,-0.01212389380530976,True,,1
500,DASH,2024-05-08,2024-05-09,2024,11,-0.011735196631729838,-0.023716814159292054,True,,1
500,DASH,2024-05-08,2024-05-09,2024,12,0.022933284989122615,-0.0013274336283186638,True,,1
500,DASH,2024-05-08,2024-05-09,2024,13,-0.0036331413380593647,-0.004955752212389419,True,,1
500,DASH,2024-05-08,2024-05-09,2024,14,-0.007025969405905275,-0.011946902654867197,True,,1
500,DASH,2024-05-08,2024-05-09,2024,15,-0.010300044782803441,-0.02212389380530977,True,,1
500,DASH,2024-05-08,2024-05-09,2024,16,-0.013574660633484115,-0.03539823008849563,True,stop,1
500,QID,2024-05-09,2024-05-10,2024,1,-0.0008820286659316778,-0.0008820286659316778,True,stop,1
500,DASH,2024-05-10,2024-05-13,2024,1,0.010574672791886952,0.010574672791886952,True,,1
500,DASH,2024-05-10,2024-05-13,2024,2,-0.016553735311776396,-0.006154112854294902,True,,1
500,DASH,2024-05-10,2024-05-13,2024,3,0.014346764346764518,0.008104359885585444,True,,1
500,DASH,2024-05-10,2024-05-13,2024,4,-0.0010747603284467777,0.007020889312646217,True,,1
500,DASH,2024-05-10,2024-05-13,2024,5,0.011103460148045974,0.018202305625379056,True,,1
500,DASH,2024-05-10,2024-05-13,2024,6,-0.030560994296416122,-0.012914969229435802,True,,1
500,DASH,2024-05-10,2024-05-13,2024,7,-0.009308043554618894,-0.022102799687960584,True,,1
500,DASH,2024-05-10,2024-05-13,2024,8,-0.010547775217160105,-0.03241743954234211,True,,1
500,DASH,2024-05-10,2024-05-13,2024,9,-0.011735196631729838,-0.04377221114674534,True,,1
500,DASH,2024-05-10,2024-05-13,2024,10,0.022933284989122615,-0.021842766750455156,True,,1
500,DASH,2024-05-10,2024-05-13,2024,11,-0.0036331413380593647,-0.02539655022969578,True,,1
500,DASH,2024-05-10,2024-05-13,2024,12,-0.007025969405905275,-0.03224408425067171,True,,1
500,DASH,2024-05-10,2024-05-13,2024,13,-0.010300044782803441,-0.04221201352171278,True,,1
500,DASH,2024-05-10,2024-05-13,2024,14,-0.013574660633484115,-0.05521366039698361,True,stop,1
500,MPC,2024-05-24,2024-05-28,2024,1,0.0066876475216364195,0.0066876475216364195,True,,1
500,MPC,2024-05-24,2024-05-28,2024,2,-0.03706805113604639,-0.030628301674721747,True,,1
500,MPC,2024-05-24,2024-05-28,2024,3,-0.0028987187663053193,-0.03343823760818243,True,,1
500,MPC,2024-05-24,2024-05-28,2024,4,0.027210884353741305,-0.007137237270990249,True,,1
500,MPC,2024-05-24,2024-05-28,2024,5,-0.010980924888209675,-0.01803978869281786,True,,1
500,MPC,2024-05-24,2024-05-28,2024,6,0.0029187889887256624,-0.015173654040687823,True,,1
500,MPC,2024-05-24,2024-05-28,2024,7,-0.007589591417484609,-0.022648083623693416,True,,1
500,MPC,2024-05-24,2024-05-28,2024,8,0.01052268414697255,-0.01236371810722714,True,,1
500,MPC,2024-05-24,2024-05-28,2024,9,-0.0035848412427449405,-0.01590423738338753,True,,1
500,MPC,2024-05-24,2024-05-28,2024,10,-0.004340129061732756,-0.020175340002247966,True,,1
500,MPC,2024-05-24,2024-05-28,2024,11,0.000688270719816586,-0.01950095537821739,True,,1
500,MPC,2024-05-24,2024-05-28,2024,12,-0.030492348254714252,-0.049398673710239316,True,stop,1
500,MPC,2024-05-28,2024-05-29,2024,1,-0.03529082774049219,-0.03529082774049219,True,,1
500,MPC,2024-05-28,2024-05-29,2024,2,-0.0028987187663053193,-0.038087248322147715,True,,1
500,MPC,2024-05-28,2024-05-29,2024,3,0.027210884353741305,-0.01191275167785244,True,,1
500,MPC,2024-05-28,2024-05-29,2024,4,-0.010980924888209675,-0.022762863534675715,True,,1
500,MPC,2024-05-28,2024-05-29,2024,5,0.0029187889887256624,-0.019910514541387037,True,,1
500,MPC,2024-05-28,2024-05-29,2024,6,-0.007589591417484609,-0.02734899328859064,True,,1
500,MPC,2024-05-28,2024-05-29,2024,7,0.01052268414697255,-0.017114093959731513,True,,1
500,MPC,2024-05-28,2024-05-29,2024,8,-0.0035848412427449405,-0.020637583892617384,True,,1
500,MPC,2024-05-28,2024-05-29,2024,9,-0.004340129061732756,-0.024888143176733823,True,,1
500,MPC,2024-05-28,2024-05-29,2024,10,0.000688270719816586,-0.02421700223713652,True,,1
500,MPC,2024-05-28,2024-05-29,2024,11,-0.030492348254714252,-0.05397091722595082,True,stop,1
500,TOL,2024-05-28,2024-05-29,2024,1,-0.005398566005904715,-0.005398566005904715,True,stop,1
500,MPC,2024-05-29,2024-05-30,2024,1,-5.813953488364998e-05,-5.813953488364998e-05,True,,1
500,MPC,2024-05-29,2024-05-30,2024,2,0.027210884353741305,0.027151162790697514,True,,1
500,MPC,2024-05-29,2024-05-30,2024,3,-0.010980924888209675,0.01587209302325565,True,,1
500,MPC,2024-05-29,2024-05-30,2024,4,0.0029187889887256624,0.018837209302325686,True,,1
500,MPC,2024-05-29,2024-05-30,2024,5,-0.007589591417484609,0.01110465116279058,True,,1
500,MPC,2024-05-29,2024-05-30,2024,6,0.01052268414697255,0.021744186046511738,True,,1
500,MPC,2024-05-29,2024-05-30,2024,7,-0.0035848412427449405,0.018081395348837237,True,,1
500,MPC,2024-05-29,2024-05-30,2024,8,-0.004340129061732756,0.013662790697674287,True,,1
500,MPC,2024-05-29,2024-05-30,2024,9,0.000688270719816586,0.014360465116278975,True,,1
500,MPC,2024-05-29,2024-05-30,2024,10,-0.030492348254714252,-0.01656976744186045,True,stop,1
500,TOL,2024-05-29,2024-05-30,2024,1,0.00860916081578078,0.00860916081578078,True,,1
500,TOL,2024-05-29,2024-05-30,2024,2,0.008369934532195256,0.01705115346038122,True,,1
500,TOL,2024-05-29,2024-05-30,2024,3,-0.013724523339907924,0.003092611166833903,True,,1
500,TOL,2024-05-29,2024-05-30,2024,4,-0.01749854178818444,-0.014460046807088012,True,stop,1
500,ZS,2024-05-29,2024-05-30,2024,1,-0.01064615384615375,-0.01064615384615375,True,stop,1
500,MPC,2024-05-30,2024-05-31,2024,1,0.024649112631945247,0.024649112631945247,True,,1
500,MPC,2024-05-30,2024-05-31,2024,2,-0.010980924888209675,0.013397517689363259,True,,1
500,MPC,2024-05-30,2024-05-31,2024,3,0.0029187889887256624,0.01635541120519668,True,,1
500,MPC,2024-05-30,2024-05-31,2024,4,-0.007589591417484609,0.008641688899199584,True,,1
500,MPC,2024-05-30,2024-05-31,2024,5,0.01052268414697255,0.01925530680895493,True,,1
500,MPC,2024-05-30,2024-05-31,2024,6,-0.0035848412427449405,0.015601438348219698,True,,1
500,MPC,2024-05-30,2024-05-31,2024,7,-0.004340129061732756,0.011193597030507041,True,,1
500,MPC,2024-05-30,2024-05-31,2024,8,0.000688270719816586,0.011889571975408852,True,,1
500,MPC,2024-05-30,2024-05-31,2024,9,-0.030492348254714252,-0.018965317248578972,True,stop,1
500,MPC,2024-05-31,2024-06-03,2024,1,-0.009298633554459479,-0.009298633554459479,True,,1
500,MPC,2024-05-31,2024-06-03,2024,2,0.0029187889887256624,-0.006406985314962865,True,,1
500,MPC,2024-05-31,2024-06-03,2024,3,-0.007589591417484609,-0.013947950331689163,True,,1
500,MPC,2024-05-31,2024-06-03,2024,4,0.01052268414697255,-0.003572036060554451,True,,1
500,MPC,2024-05-31,2024-06-03,2024,5,-0.0035848412427449405,-0.007144072121109013,True,,1
500,MPC,2024-05-31,2024-06-03,2024,6,-0.004340129061732756,-0.011453194987809723,True,,1
500,MPC,2024-05-31,2024-06-03,2024,7,0.000688270719816586,-0.010772807166751774,True,,1
500,MPC,2024-05-31,2024-06-03,2024,8,-0.030492348254714252,-0.04093666723365652,True,stop,1
500,MPC,2024-06-03,2024-06-04,2024,1,0.01189513800669828,0.01189513800669828,True,,1
500,MPC,2024-06-03,2024-06-04,2024,2,-0.007589591417484609,0.004215267351888041,True,,1
500,MPC,2024-06-03,2024-06-04,2024,3,0.01052268414697255,0.014782307425799779,True,,1
500,MPC,2024-06-03,2024-06-04,2024,4,-0.0035848412427449405,0.01114447395773177,True,,1
500,MPC,2024-06-03,2024-06-04,2024,5,-0.004340129061732756,0.006755976440697475,True,,1
500,MPC,2024-06-03,2024-06-04,2024,6,0.000688270719816586,0.007448897101281826,True,,1
500,MPC,2024-06-03,2024-06-04,2024,7,-0.030492348254714252,-0.023270585517958242,True,stop,1
500,MPC,2024-06-04,2024-06-05,2024,1,-0.012772479564032713,-0.012772479564032713,True,,1
500,MPC,2024-06-04,2024-06-05,2024,2,0.01052268414697255,-0.0023841961852860694,True,,1
500,MPC,2024-06-04,2024-06-05,2024,3,-0.0035848412427449405,-0.005960490463215118,True,,1
500,MPC,2024-06-04,2024-06-05,2024,4,-0.004340129061732756,-0.010274750227066365,True,,1
500,MPC,2024-06-04,2024-06-05,2024,5,0.000688270719816586,-0.009593551316984583,True,,1
500,MPC,2024-06-04,2024-06-05,2024,6,-0.030492348254714252,-0.03979336966394187,True,stop,1
500,MPC,2024-06-05,2024-06-06,2024,1,0.013085836167637144,0.013085836167637144,True,,1
500,MPC,2024-06-05,2024-06-06,2024,2,-0.0035848412427449405,0.009454084279702624,True,,1
500,MPC,2024-06-05,2024-06-06,2024,3,-0.004340129061732756,0.005072923272035457,True,,1
500,MPC,2024-06-05,2024-06-06,2024,4,0.000688270719816586,0.005764685536403968,True,,1
500,MPC,2024-06-05,2024-06-06,2024,5,-0.030492348254714252,-0.0249034415172652,True,stop,1
500,ANET,2024-06-06,2024-06-07,2024,1,-3.369272237196963e-05,-3.369272237196963e-05,True,,1
500,ANET,2024-06-06,2024-06-07,2024,2,0.0032346103305367357,0.003200808625336782,True,,1
500,ANET,2024-06-06,2024-06-07,2024,3,0.02371116708648202,0.02698787061994601,True,,1
500,ANET,2024-06-06,2024-06-07,2024,4,0.020996686460417857,0.04855121293800524,True,,1
500,ANET,2024-06-06,2024-06-07,2024,5,0.028244593682722252,0.07816711590296488,True,target_gap,1
500,ANET,2024-06-07,2024-06-10,2024,1,0.010692464358452058,0.010692464358452058,True,,1
500,ANET,2024-06-07,2024-06-10,2024,2,0.02371116708648202,0.034657162253903584,True,,1
500,ANET,2024-06-07,2024-06-10,2024,3,0.020996686460417857,0.05638153428377435,True,,1
500,ANET,2024-06-07,2024-06-10,2024,4,0.028244593682722252,0.08621860149355043,True,target_gap,1
500,WBD,2024-06-12,2024-06-13,2024,1,-0.020592020592020477,-0.020592020592020477,True,stop,1
500,AMD,2024-06-18,2024-06-20,2024,1,0.06568265682656826,0.06568265682656826,True,target60,1
500,XME,2024-06-25,2024-06-26,2024,1,0.018399583405658726,0.018399583405658726,True,,1
500,XME,2024-06-25,2024-06-26,2024,2,-0.00426112152718594,0.014060059017531712,True,,1
500,XME,2024-06-25,2024-06-26,2024,3,0.015919205751455,0.03020308974136432,True,,1
500,XME,2024-06-25,2024-06-26,2024,4,0.014995787700084362,0.0456517965630967,True,,1
500,XME,2024-06-25,2024-06-26,2024,5,0.006723107569721165,0.05268182607186267,True,,1
500,XME,2024-06-25,2024-06-26,2024,6,0.021551653062907183,0.07536885957299089,True,target60,1
500,EL,2024-06-27,2024-06-28,2024,1,-0.0007272727272726875,-0.0007272727272726875,True,stop,1
500,SQ,2024-06-28,2024-07-01,2024,1,-0.012225317239244915,-0.012225317239244915,True,,1
500,SQ,2024-06-28,2024-07-01,2024,2,0.011749960833463913,-0.0006190034045188142,True,,1
500,SQ,2024-06-28,2024-07-01,2024,3,-0.0006193868070608621,-0.0012380068090374063,True,,1
500,SQ,2024-06-28,2024-07-01,2024,4,0.019212891230244722,0.017951098731042947,True,,1
500,SQ,2024-06-28,2024-07-01,2024,5,-0.023107327455153426,-0.005571030640668551,True,,1
500,SQ,2024-06-28,2024-07-01,2024,6,0.0038904450669157153,-0.001702259362426517,True,,1
500,SQ,2024-06-28,2024-07-01,2024,7,-0.002945279801581324,-0.004642525533890662,True,,1
500,SQ,2024-06-28,2024-07-01,2024,8,0.033426616915422924,0.028628907458990938,True,,1
500,SQ,2024-06-28,2024-07-01,2024,9,0.033849857078381174,0.06344784896316913,True,,1
500,SQ,2024-06-28,2024-07-01,2024,10,0.04889406286379505,0.11544413494274197,True,,1
500,SQ,2024-06-28,2024-07-01,2024,11,0.00854605993340729,0.12497678737233042,True,target60,1
500,SQ,2024-07-01,2024-07-02,2024,1,0.009377930603313489,0.009377930603313489,True,,1
500,SQ,2024-07-01,2024-07-02,2024,2,-0.0006193868070608621,0.00875273522975939,True,,1
500,SQ,2024-07-01,2024-07-02,2024,3,0.019212891230244722,0.02813379180994069,True,,1
500,SQ,2024-07-01,2024-07-02,2024,4,-0.023107327455153426,0.004376367614879806,True,,1
500,SQ,2024-07-01,2024-07-02,2024,5,0.0038904450669157153,0.008283838699593815,True,,1
500,SQ,2024-07-01,2024-07-02,2024,6,-0.002945279801581324,0.005314160675210955,True,,1
500,SQ,2024-07-01,2024-07-02,2024,7,0.033426616915422924,0.038918412003751124,True,,1
500,SQ,2024-07-01,2024-07-02,2024,8,0.033849857078381174,0.07408565176617699,True,,1
500,SQ,2024-07-01,2024-07-02,2024,9,0.04889406286379505,0.12660206314473266,True,,1
500,SQ,2024-07-01,2024-07-02,2024,10,0.00854605993340729,0.13623007189746805,True,target60,1
500,BBY,2024-07-02,2024-07-03,2024,1,-0.0057901085645356565,-0.0057901085645356565,True,,1
500,BBY,2024-07-02,2024-07-03,2024,2,-0.0032759039068186446,-0.009047044632086831,True,stop,1
500,SQ,2024-07-02,2024-07-03,2024,1,0.0020183201366248404,0.0020183201366248404,True,,1
500,SQ,2024-07-02,2024-07-03,2024,2,0.019212891230244722,0.021269989132122413,True,,1
500,SQ,2024-07-02,2024-07-03,2024,3,-0.023107327455153426,-0.0023288309268745255,True,,1
500,SQ,2024-07-02,2024-07-03,2024,4,0.0038904450669157153,0.0015525539512499797,True,,1
500,SQ,2024-07-02,2024-07-03,2024,5,-0.002945279801581324,-0.0013972985561249152,True,,1
500,SQ,2024-07-02,2024-07-03,2024,6,0.033426616915422924,0.031982611395745986,True,,1
500,SQ,2024-07-02,2024-07-03,2024,7,0.033849857078381174,0.06691507529886676,True,,1
500,SQ,2024-07-02,2024-07-03,2024,8,0.04889406286379505,0.11908088806086026,True,,1
500,SQ,2024-07-02,2024-07-03,2024,9,0.00854605993340729,0.1286446204005589,True,target60,1
500,BBY,2024-07-03,2024-07-05,2024,1,-0.0018226002430132837,-0.0018226002430132837,True,stop,1
500,SQ,2024-07-03,2024-07-05,2024,1,0.024929884699283145,0.024929884699283145,True,,1
500,SQ,2024-07-03,2024-07-05,2024,2,-0.023107327455153426,0.0012464942349641461,True,,1
500,SQ,2024-07-03,2024-07-05,2024,3,0.0038904450669157153,0.005141788719227103,True,,1
500,SQ,2024-07-03,2024-07-05,2024,4,-0.002945279801581324,0.0021813649111870337,True,,1
500,SQ,2024-07-03,2024-07-05,2024,5,0.033426616915422924,0.03568089747584913,True,,1
500,SQ,2024-07-03,2024-07-05,2024,6,0.033849857078381174,0.07073854783421618,True,,1
500,SQ,2024-07-03,2024-07-05,2024,7,0.04889406286379505,0.12309130570271098,True,,1
500,SQ,2024-07-03,2024-07-05,2024,8,0.00854605993340729,0.13268931131193495,True,target60,1
500,ANF,2024-07-05,2024-07-08,2024,1,0.03017713923028098,0.03017713923028098,True,,1
500,ANF,2024-07-05,2024-07-08,2024,2,0.004368768903326936,0.03467774508106847,True,,1
500,ANF,2024-07-05,2024-07-08,2024,3,-0.02916573722953375,0.004500605850787709,True,,1
500,ANF,2024-07-05,2024-07-08,2024,4,-0.02702625078982146,-0.022647279441463386,True,stop,1
500,BBY,2024-07-05,2024-07-08,2024,1,0.029872319922910284,0.029872319922910284,True,,1
500,BBY,2024-07-05,2024-07-08,2024,2,0.010760233918128748,0.040953986991086655,True,,1
500,BBY,2024-07-05,2024-07-08,2024,3,-0.009951400138856759,0.030595037340400033,True,,1
500,BBY,2024-07-05,2024-07-08,2024,4,0.005259467040673149,0.03601541797157326,True,,1
500,BBY,2024-07-05,2024-07-08,2024,5,0.0030229043134517575,0.03914719344736217,True,,1
500,BBY,2024-07-05,2024-07-08,2024,6,-0.008925466558479145,0.029872319922910284,True,,1
500,BBY,2024-07-05,2024-07-08,2024,7,0.020584795321637595,0.05107203083594336,True,,1
500,BBY,2024-07-05,2024-07-08,2024,8,0.020994728397891294,0.07313900264996387,True,target60,1
500,SQ,2024-07-08,2024-07-09,2024,1,0.0004652605459056769,0.0004652605459056769,True,,1
500,SQ,2024-07-08,2024-07-09,2024,2,-0.002945279801581324,-0.002481389578163906,True,,1
500,SQ,2024-07-08,2024-07-09,2024,3,0.033426616915422924,0.03086228287841175,True,,1
500,SQ,2024-07-08,2024-07-09,2024,4,0.033849857078381174,0.06575682382133996,True,,1
500,SQ,2024-07-08,2024-07-09,2024,5,0.04889406286379505,0.1178660049627791,True,,1
500,SQ,2024-07-08,2024-07-09,2024,6,0.00854605993340729,0.12741935483870948,True,target60,1
500,SQ,2024-07-09,2024-07-10,2024,1,-0.006794317479926093,-0.006794317479926093,True,,1
500,SQ,2024-07-09,2024-07-10,2024,2,0.033426616915422924,0.02640518838789374,True,,1
500,SQ,2024-07-09,2024-07-10,2024,3,0.033849857078381174,0.06114885731933284,True,,1
500,SQ,2024-07-09,2024-07-10,2024,4,0.04889406286379505,0.11303273625694854,True,,1
500,SQ,2024-07-09,2024-07-10,2024,5,0.00854605993340729,0.1225447807288449,True,target60,1
500,LULU,2024-07-10,2024-07-11,2024,1,-0.0005183137525914816,-0.0005183137525914816,True,,1
500,LULU,2024-07-10,2024-07-11,2024,2,0.006257562662057126,0.005736005528680144,True,,1
500,LULU,2024-07-10,2024-07-11,2024,3,-0.025286882429739643,-0.01969592259847952,True,stop,1
500,CSGP,2024-07-11,2024-07-12,2024,1,0.004770739464617035,0.004770739464617035,True,,1
500,CSGP,2024-07-11,2024-07-12,2024,2,0.002637826431020951,0.007421150278293265,True,,1
500,CSGP,2024-07-11,2024-07-12,2024,3,0.012365167061299642,0.019878081102570944,True,,1
500,CSGP,2024-07-11,2024-07-12,2024,4,-0.013383575883575749,0.0062284654121389504,True,,1
500,CSGP,2024-07-11,2024-07-12,2024,5,-0.00935071776636387,-0.00318049297641132,True,,1
500,CSGP,2024-07-11,2024-07-12,2024,6,-0.01090135602233444,-0.014047177312483283,True,,1
500,CSGP,2024-07-11,2024-07-12,2024,7,0.014784946236559016,0.0005300821627352015,True,,1
500,CSGP,2024-07-11,2024-07-12,2024,8,-0.008609271523178919,-0.008083752981712156,True,,1
500,CSGP,2024-07-11,2024-07-12,2024,9,0.01977287909151637,0.011529287039491187,True,,1
500,CSGP,2024-07-11,2024-07-12,2024,10,0.020175553517620903,0.03193745030479733,True,,1
500,CSGP,2024-07-11,2024-07-12,2024,11,0.008347245409014992,0.04055128544924469,True,,1
500,CSGP,2024-07-11,2024-07-12,2024,12,0.00356597045338769,0.04426186058839132,True,,1
500,CSGP,2024-07-11,2024-07-12,2024,13,-0.004187817258883175,0.03988868274582558,True,,1
500,CSGP,2024-07-11,2024-07-12,2024,14,-0.005862112909392092,0.03379273787437076,True,,1
500,CSGP,2024-07-11,2024-07-12,2024,15,-0.010767850275605784,0.022661012456930862,True,,1
500,CSGP,2024-07-11,2024-07-12,2024,16,-0.024620966696903057,-0.002517890272992318,True,,1
500,CSGP,2024-07-11,2024-07-12,2024,17,-0.03401089411452107,-0.036443148688046656,True,,1
500,CSGP,2024-07-11,2024-07-12,2024,18,0.011415211112639323,-0.02544394381129056,True,,1
500,CSGP,2024-07-11,2024-07-12,2024,19,0.005575197171607149,-0.020010601643254633,True,,1
500,CSGP,2024-07-11,2024-07-12,2024,20,0.0,-0.020010601643254633,True,time_h20,1
500,LULU,2024-07-11,2024-07-12,2024,1,-0.005976571838393507,-0.005976571838393507,True,,1
500,LULU,2024-07-11,2024-07-12,2024,2,-0.025286882429739643,-0.031112325398722773,True,stop,1
500,LULU,2024-07-12,2024-07-15,2024,1,-0.020034542314335102,-0.020034542314335102,True,stop,1
500,LULU,2024-07-15,2024-07-16,2024,1,-0.003302417088251852,-0.003302417088251852,True,stop,1
500,LULU,2024-07-16,2024-07-17,2024,1,0.009570450587160106,0.009570450587160106,True,,1
500,LULU,2024-07-16,2024-07-17,2024,2,-0.02633826392921812,-0.017019882395544195,True,,1
500,LULU,2024-07-16,2024-07-17,2024,3,-0.004631253947091407,-0.021572312945112193,True,stop,1
500,LULU,2024-07-17,2024-07-18,2024,1,-0.029058082098450067,-0.029058082098450067,True,,1
500,LULU,2024-07-17,2024-07-18,2024,2,-0.004631253947091407,-0.03355476068812813,True,stop,1
500,CEG,2024-07-18,2024-07-19,2024,1,0.005416887944768911,0.005416887944768911,True,,1
500,CEG,2024-07-18,2024-07-19,2024,2,0.0056518064652439914,0.01109930961232064,True,,1
500,CEG,2024-07-18,2024-07-19,2024,3,-0.002941330952255794,0.008125331917153478,True,,1
500,CEG,2024-07-18,2024-07-19,2024,4,-0.05968498129905708,-0.052044609665427566,True,stop,1
500,CSGP,2024-07-18,2024-07-19,2024,1,-0.01090135602233444,-0.01090135602233444,True,,1
500,CSGP,2024-07-18,2024-07-19,2024,2,0.014784946236559016,0.0037224142515288605,True,,1
500,CSGP,2024-07-18,2024-07-19,2024,3,-0.008609271523178919,-0.004918904546663216,True,,1
500,CSGP,2024-07-18,2024-07-19,2024,4,0.01977287909151637,0.014756713639989316,True,,1
500,CSGP,2024-07-18,2024-07-19,2024,5,0.020175553517620903,0.03522999202339805,True,,1
500,CSGP,2024-07-18,2024-07-19,2024,6,0.008347245409014992,0.043871310821590015,True,,1
500,CSGP,2024-07-18,2024-07-19,2024,7,0.00356597045338769,0.047593725073118875,True,,1
500,CSGP,2024-07-18,2024-07-19,2024,8,-0.004187817258883175,0.04320659399095983,True,,1
500,CSGP,2024-07-18,2024-07-19,2024,9,-0.005862112909392092,0.03709119914916248,True,,1
500,CSGP,2024-07-18,2024-07-19,2024,10,-0.010767850275605784,0.025923956394575898,True,,1
500,CSGP,2024-07-18,2024-07-19,2024,11,-0.024620966696903057,0.0006647168306301854,True,,1
500,CSGP,2024-07-18,2024-07-19,2024,12,-0.03401089411452107,-0.03336878489763373,True,,1
500,CSGP,2024-07-18,2024-07-19,2024,13,0.011415211112639323,-0.02233448550917294,True,,1
500,CSGP,2024-07-18,2024-07-19,2024,14,0.005575197171607149,-0.016883807498005776,True,,1
500,CSGP,2024-07-18,2024-07-19,2024,15,0.0,-0.016883807498005776,True,,1
500,CSGP,2024-07-18,2024-07-19,2024,16,-0.0012170385395537942,-0.018080297793140132,True,,1
500,CSGP,2024-07-18,2024-07-19,2024,17,-0.025182778229081992,-0.042807763892581785,True,,1
500,CSGP,2024-07-18,2024-07-19,2024,18,0.015833333333333366,-0.027652220154214313,True,,1
500,CSGP,2024-07-18,2024-07-19,2024,19,0.004922067268252617,-0.022866258973677223,True,,1
500,CSGP,2024-07-18,2024-07-19,2024,20,0.014421768707483018,-0.00877426216431798,True,time_h20,1
500,LULU,2024-07-18,2024-07-19,2024,1,-0.011291559210984903,-0.011291559210984903,True,stop,1
500,CSGP,2024-07-19,2024-07-22,2024,1,0.018481046809658785,0.018481046809658785,True,,1
500,CSGP,2024-07-19,2024-07-22,2024,2,-0.008609271523178919,0.009712666936462888,True,,1
500,CSGP,2024-07-19,2024-07-22,2024,3,0.01977287909151637,0.029677593416970183,True,,1
500,CSGP,2024-07-19,2024-07-22,2024,4,0.020175553517620903,0.05045190880884953,True,,1
500,CSGP,2024-07-19,2024-07-22,2024,5,0.008347245409014992,0.059220288682044986,True,,1
500,CSGP,2024-07-19,2024-07-22,2024,6,0.00356597045338769,0.06299743693511406,True,,1
500,CSGP,2024-07-19,2024-07-22,2024,7,-0.004187817258883175,0.05854579792256853,True,,1
500,CSGP,2024-07-19,2024-07-22,2024,8,-0.005862112909392092,0.05234048293538396,True,,1
500,CSGP,2024-07-19,2024-07-22,2024,9,-0.010767850275605784,0.04100903817617718,True,,1
500,CSGP,2024-07-19,2024-07-22,2024,10,-0.024620966696903057,0.015378389316066388,True,,1
500,CSGP,2024-07-19,2024-07-22,2024,11,-0.03401089411452107,-0.01915553756913535,True,,1
500,CSGP,2024-07-19,2024-07-22,2024,12,0.011415211112639323,-0.007958990961823731,True,,1
500,CSGP,2024-07-19,2024-07-22,2024,13,0.005575197171607149,-0.002428166734115611,True,,1
500,CSGP,2024-07-19,2024-07-22,2024,14,0.0,-0.002428166734115611,True,,1
500,CSGP,2024-07-19,2024-07-22,2024,15,-0.0012170385395537942,-0.003642250101173583,True,,1
500,CSGP,2024-07-19,2024-07-22,2024,16,-0.025182778229081992,-0.02873330635370286,True,,1
500,CSGP,2024-07-19,2024-07-22,2024,17,0.015833333333333366,-0.013354917037636471,True,,1
500,CSGP,2024-07-19,2024-07-22,2024,18,0.004922067268252617,-0.008498583569405027,True,,1
500,CSGP,2024-07-19,2024-07-22,2024,19,0.014421768707483018,0.005800620531498879,True,,1
500,CSGP,2024-07-19,2024-07-22,2024,20,-0.006974248927038573,-0.00121408336705775,True,time_h20,1
500,APTV,2024-07-23,2024-07-24,2024,1,-0.014688601645123422,-0.014688601645123422,True,,1
500,APTV,2024-07-23,2024-07-24,2024,2,0.011180679785330883,-0.0036721504112808834,True,,1
500,APTV,2024-07-23,2024-07-24,2024,3,0.013415892672858476,0.009694477085781417,True,,1
500,APTV,2024-07-23,2024-07-24,2024,4,0.0023276112889150102,0.012044653349001289,True,,1
500,APTV,2024-07-23,2024-07-24,2024,5,-0.01872278664731508,-0.006903642773207985,True,,1
500,APTV,2024-07-23,2024-07-24,2024,6,0.02588374500813484,0.018801410105757865,True,,1
500,APTV,2024-07-23,2024-07-24,2024,7,0.1386966551326414,0.160105757931845,True,target_gap,1
500,CEG,2024-07-23,2024-07-24,2024,1,-0.05199426416697639,-0.05199426416697639,True,stop,1
500,SRPT,2024-07-23,2024-07-24,2024,1,-0.002390057361376652,-0.002390057361376652,True,,1
500,SRPT,2024-07-23,2024-07-24,2024,2,0.009856937504278074,0.007443321496858779,True,,1
500,SRPT,2024-07-23,2024-07-24,2024,3,-0.026503084118484344,-0.019257033597377737,True,stop,1
500,ALNY,2024-07-24,2024-07-25,2024,1,0.007966439255900681,0.007966439255900681,True,,1
500,ALNY,2024-07-24,2024-07-25,2024,2,-0.012527851347374663,-0.00466121445823986,True,,1
500,ALNY,2024-07-24,2024-07-25,2024,3,0.006513687257865497,0.001822111106402735,True,,1
500,ALNY,2024-07-24,2024-07-25,2024,4,-0.011927924879451823,-0.010127547777448287,True,,1
500,ALNY,2024-07-24,2024-07-25,2024,5,0.016523972602739745,0.006229077503284053,True,,1
500,ALNY,2024-07-24,2024-07-25,2024,6,0.05551250736966229,0.06208737658375352,True,target60,1
500,APTV,2024-07-24,2024-07-25,2024,1,0.011784009546539354,0.011784009546539354,True,,1
500,APTV,2024-07-24,2024-07-25,2024,2,0.013415892672858476,0.025357995226730212,True,,1
500,APTV,2024-07-24,2024-07-25,2024,3,0.0023276112889150102,0.027744630071599108,True,,1
500,APTV,2024-07-24,2024-07-25,2024,4,-0.01872278664731508,0.008502386634844816,True,,1
500,APTV,2024-07-24,2024-07-25,2024,5,0.02588374500813484,0.034606205250596656,True,,1
500,APTV,2024-07-24,2024-07-25,2024,6,0.1386966551326414,0.17810262529832932,True,target_gap,1
500,CCL,2024-07-25,2024-07-26,2024,1,-0.006329113924050556,-0.006329113924050556,True,,1
500,CCL,2024-07-25,2024-07-26,2024,2,-0.0005790387955991738,-0.0069044879171460405,True,,1
500,CCL,2024-07-25,2024-07-26,2024,3,-0.007531865585168163,-0.014384349827387788,True,,1
500,CCL,2024-07-25,2024-07-26,2024,4,-0.0067133683596029,-0.02100115074798614,True,stop,1
500,RCL,2024-07-25,2024-07-26,2024,1,-0.00711283543485286,-0.00711283543485286,True,,1
500,RCL,2024-07-25,2024-07-26,2024,2,-0.010550309345490061,-0.017588102166181674,True,stop,1
500,ALNY,2024-07-26,2024-07-29,2024,1,0.004631793651468152,0.004631793651468152,True,,1
500,ALNY,2024-07-26,2024-07-29,2024,2,-0.011927924879451823,-0.0073513789147156006,True,,1
500,ALNY,2024-07-26,2024-07-29,2024,3,0.016523972602739745,0.009051119704245103,True,,1
500,ALNY,2024-07-26,2024-07-29,2024,4,0.05551250736966229,0.06506607742319281,True,target60,1
500,BKNG,2024-07-26,2024-07-29,2024,1,0.004698669379668674,0.004698669379668674,True,,1
500,BKNG,2024-07-26,2024-07-29,2024,2,-0.008463352564188065,-0.0038044496800621053,True,,1
500,BKNG,2024-07-26,2024-07-29,2024,3,-0.003458849898814509,-0.007250140558485718,True,,1
500,BKNG,2024-07-26,2024-07-29,2024,4,-0.01611911478363115,-0.02325238949425712,True,stop,1
500,CCL,2024-07-26,2024-07-29,2024,1,-0.0046136101499422155,-0.0046136101499422155,True,,1
500,CCL,2024-07-26,2024-07-29,2024,2,-0.007531865585168163,-0.01211072664359869,True,,1
500,CCL,2024-07-26,2024-07-29,2024,3,-0.0067133683596029,-0.018742791234140688,True,stop,1
500,DDOG,2024-07-26,2024-07-29,2024,1,-0.011821916659679688,-0.011821916659679688,True,stop,1
500,RCL,2024-07-26,2024-07-29,2024,1,-0.01854005167958661,-0.01854005167958661,True,stop,1
500,ALNY,2024-07-29,2024-07-30,2024,1,-0.01397155037778064,-0.01397155037778064,True,,1
500,ALNY,2024-07-29,2024-07-30,2024,2,0.016523972602739745,0.0023215567092989,True,,1
500,ALNY,2024-07-29,2024-07-30,2024,3,0.05551250736966229,0.057962939512895106,True,target60,1
500,CCL,2024-07-29,2024-07-30,2024,1,-0.011540680900173017,-0.011540680900173017,True,,1
500,CCL,2024-07-29,2024-07-30,2024,2,-0.0067133683596029,-0.018176572417772485,True,stop,1
500,BKNG,2024-07-31,2024-08-01,2024,1,-0.01829273215059346,-0.01829273215059346,True,stop,1
500,DE,2024-08-05,2024-08-06,2024,1,-0.004259115370226496,-0.004259115370226496,True,,1
500,DE,2024-08-05,2024-08-06,2024,2,0.0008381260657206457,-0.0034245589801145115,True,,1
500,DE,2024-08-05,2024-08-06,2024,3,0.007248050822985741,0.003798670465337217,True,,1
500,DE,2024-08-05,2024-08-06,2024,4,-0.008543333046644341,-0.004777115888227046,True,,1
500,DE,2024-08-05,2024-08-06,2024,5,-0.0023421912500360964,-0.007108118219229409,True,,1
500,DE,2024-08-05,2024-08-06,2024,6,0.015738218074314636,0.008518230740452992,True,,1
500,DE,2024-08-05,2024-08-06,2024,7,0.0010557854187474014,0.009583009583009616,True,,1
500,DE,2024-08-05,2024-08-06,2024,8,0.05616555498546272,0.06628679962013284,True,target60,1
500,EXPE,2024-08-05,2024-08-06,2024,1,0.040357553765820064,0.040357553765820064,True,,1
500,EXPE,2024-08-05,2024-08-06,2024,2,-0.03666524883028499,0.002212585184529603,True,,1
500,EXPE,2024-08-05,2024-08-06,2024,3,0.04185800070646417,0.04416320028321108,True,,1
500,EXPE,2024-08-05,2024-08-06,2024,4,0.10196643498898106,0.1506327993627754,True,target_gap,1
500,EXPE,2024-08-07,2024-08-08,2024,1,0.040663314809914475,0.040663314809914475,True,,1
500,EXPE,2024-08-07,2024-08-08,2024,2,0.10196643498898106,0.14677604304489722,True,target_gap,1
500,TSCO,2024-08-07,2024-08-08,2024,1,0.029308508540097034,0.029308508540097034,True,,1
500,TSCO,2024-08-07,2024-08-08,2024,2,-0.0018011803479726085,0.027454538282513763,True,,1
500,TSCO,2024-08-07,2024-08-08,2024,3,0.006833800437670234,0.03447595755591504,True,,1
500,TSCO,2024-08-07,2024-08-08,2024,4,-0.006863679694947611,0.027375645931126957,True,,1
500,TSCO,2024-08-07,2024-08-08,2024,5,0.0068727202918026364,0.03443651138022186,True,,1
500,TSCO,2024-08-07,2024-08-08,2024,6,0.02555674191580226,0.06087333832984898,True,target60,1
500,DXCM,2024-08-29,2024-08-30,2024,1,-0.009428571428571342,-0.009428571428571342,True,,1
500,DXCM,2024-08-29,2024-08-30,2024,2,0.043841938275165804,0.03400000000000003,True,,1
500,DXCM,2024-08-29,2024-08-30,2024,3,-0.035507046145343946,-0.002714285714285669,True,,1
500,DXCM,2024-08-29,2024-08-30,2024,4,-0.02435181206130932,-0.027000000000000024,True,stop,1
500,DXCM,2024-08-30,2024-09-03,2024,1,0.050355536206646345,0.050355536206646345,True,,1
500,DXCM,2024-08-30,2024-09-03,2024,2,-0.035507046145343946,0.013060513713539557,True,,1
500,DXCM,2024-08-30,2024-09-03,2024,3,-0.02435181206130932,-0.011609345523146075,True,stop,1
500,CDNS,2024-09-05,2024-09-06,2024,1,-0.006988286678578537,-0.006988286678578537,True,stop,1
500,FBTC,2024-09-05,2024-09-06,2024,1,-0.01813784764207982,-0.01813784764207982,True,stop,1
500,GBTC,2024-09-05,2024-09-06,2024,1,-0.01747014595311802,-0.01747014595311802,True,stop,1
500,IBIT,2024-09-05,2024-09-06,2024,1,-0.01796221740476922,-0.01796221740476922,True,stop,1
500,ON,2024-09-05,2024-09-06,2024,1,-0.021708083404741396,-0.021708083404741396,True,stop,1
500,ANET,2024-09-06,2024-09-09,2024,1,0.015160040010002485,0.015160040010002485,True,,1
500,ANET,2024-09-06,2024-09-09,2024,2,0.006096622224959214,0.021349087271817835,True,,1
500,ANET,2024-09-06,2024-09-09,2024,3,0.041970925784238666,0.06421605401350328,True,target60,1
500,INSM,2024-09-06,2024-09-09,2024,1,0.0074344227801934615,0.0074344227801934615,True,,1
500,INSM,2024-09-06,2024-09-09,2024,2,-0.0034809245335560846,0.003927619581988839,True,,1
500,INSM,2024-09-06,2024-09-09,2024,3,0.015928461645940972,0.019918642165801526,True,,1
500,INSM,2024-09-06,2024-09-09,2024,4,0.01650391968092424,0.03675129751718309,True,,1
500,INSM,2024-09-06,2024-09-09,2024,5,0.009741577594371442,0.046850890728012295,True,,1
500,INSM,2024-09-06,2024-09-09,2024,6,-0.018759212113091173,0.02721279281806699,True,,1
500,INSM,2024-09-06,2024-09-09,2024,7,0.0004096681687832948,0.02763360920185165,True,,1
500,INSM,2024-09-06,2024-09-09,2024,8,-0.005187005187005322,0.022303268340580606,True,,1
500,INSM,2024-09-06,2024-09-09,2024,9,0.028265642151481973,0.051199326693785796,True,,1
500,INSM,2024-09-06,2024-09-09,2024,10,-0.010274886575927344,0.04039837284331593,True,,1
500,INSM,2024-09-06,2024-09-09,2024,11,-0.031414318457597346,0.007714967036049902,True,,1
500,INSM,2024-09-06,2024-09-09,2024,12,-0.022967706013363065,-0.015429934072100027,True,stop,1
500,MCK,2024-09-06,2024-09-09,2024,1,0.0013371349916428965,0.0013371349916428965,True,,1
500,MCK,2024-09-06,2024-09-09,2024,2,-0.006873122164837153,-0.0055451774653426655,True,,1
500,MCK,2024-09-06,2024-09-09,2024,3,0.008977122179819164,0.003382164978861457,True,,1
500,MCK,2024-09-06,2024-09-09,2024,4,0.001724577184627707,0.005112574968046291,True,,1
500,MCK,2024-09-06,2024-09-09,2024,5,0.01463366917734521,0.019821059876118374,True,,1
500,MCK,2024-09-06,2024-09-09,2024,6,0.0023523513873089374,0.022220037361124767,True,,1
500,MCK,2024-09-06,2024-09-09,2024,7,-0.011964989900932976,0.009989184937567508,True,,1
500,MCK,2024-09-06,2024-09-09,2024,8,-0.0037186301423203227,0.006233408711041166,True,,1
500,MCK,2024-09-06,2024-09-09,2024,9,-0.007465019932775818,-0.0012781437420116282,True,,1
500,MCK,2024-09-06,2024-09-09,2024,10,0.0002953337271116574,-0.0009831874938550644,True,,1
500,MCK,2024-09-06,2024-09-09,2024,11,-0.005599842535183641,-0.006577524333890472,True,,1
500,MCK,2024-09-06,2024-09-09,2024,12,-0.03767777436882047,-0.04400747222495327,True,stop_gap,1
500,PINS,2024-09-06,2024-09-09,2024,1,-0.003558115892917657,-0.003558115892917657,True,,1
500,PINS,2024-09-06,2024-09-09,2024,2,-0.00969222921271895,-0.013215859030836996,True,,1
500,PINS,2024-09-06,2024-09-09,2024,3,-0.01407967032967028,-0.027109454422229784,True,stop,1
500,GDXJ,2024-09-09,2024-09-10,2024,1,0.014966612940363833,0.014966612940363833,True,,1
500,GDXJ,2024-09-09,2024-09-10,2024,2,0.011569872958257843,0.026709647708957007,True,,1
500,GDXJ,2024-09-09,2024-09-10,2024,3,0.03355012334604157,0.061155883030163505,True,target60,1
500,INSM,2024-09-09,2024-09-10,2024,1,0.0015393226980129349,0.0015393226980129349,True,,1
500,INSM,2024-09-09,2024-09-10,2024,2,0.015928461645940972,0.017492303386509978,True,,1
500,INSM,2024-09-09,2024-09-10,2024,3,0.01650391968092424,0.03428491463755945,True,,1
500,INSM,2024-09-09,2024-09-10,2024,4,0.009741577594371442,0.044360481388189266,True,,1
500,INSM,2024-09-09,2024-09-10,2024,5,-0.018759212113091173,0.024769101595298215,True,,1
500,INSM,2024-09-09,2024-09-10,2024,6,0.0004096681687832948,0.02518891687657443,True,,1
500,INSM,2024-09-09,2024-09-10,2024,7,-0.005187005187005322,0.01987125664707534,True,,1
500,INSM,2024-09-09,2024-09-10,2024,8,0.028265642151481973,0.04869857262804378,True,,1
500,INSM,2024-09-09,2024-09-10,2024,9,-0.010274886575927344,0.03792331374195368,True,,1
500,INSM,2024-09-09,2024-09-10,2024,10,-0.031414318457597346,0.005317660229499088,True,,1
500,INSM,2024-09-09,2024-09-10,2024,11,-0.022967706013363065,-0.017772180240694047,True,stop,1
500,MCK,2024-09-09,2024-09-10,2024,1,0.0014455445544554468,0.0014455445544554468,True,,1
500,MCK,2024-09-09,2024-09-10,2024,2,0.008977122179819164,0.010435643564356445,True,,1
500,MCK,2024-09-09,2024-09-10,2024,3,0.001724577184627707,0.012178217821782189,True,,1
500,MCK,2024-09-09,2024-09-10,2024,4,0.01463366917734521,0.026990099009901014,True,,1
500,MCK,2024-09-09,2024-09-10,2024,5,0.0023523513873089374,0.029405940594059432,True,,1
500,MCK,2024-09-09,2024-09-10,2024,6,-0.011964989900932976,0.017089108910891104,True,,1
500,MCK,2024-09-09,2024-09-10,2024,7,-0.0037186301423203227,0.013306930693069319,True,,1
500,MCK,2024-09-09,2024-09-10,2024,8,-0.007465019932775818,0.005742574257425748,True,,1
500,MCK,2024-09-09,2024-09-10,2024,9,0.0002953337271116574,0.006039603960396045,True,,1
500,MCK,2024-09-09,2024-09-10,2024,10,-0.005599842535183641,0.0004059405940592953,True,,1
500,MCK,2024-09-09,2024-09-10,2024,11,-0.03767777436882047,-0.03728712871287121,True,stop_gap,1
500,PINS,2024-09-09,2024-09-10,2024,1,-0.012546625974906633,-0.012546625974906633,True,,1
500,PINS,2024-09-09,2024-09-10,2024,2,-0.01407967032967028,-0.026449643947100587,True,stop,1
500,SNAP,2024-09-09,2024-09-10,2024,1,-0.01520467836257322,-0.01520467836257322,True,stop,1
500,INSM,2024-09-10,2024-09-11,2024,1,0.02049122807017545,0.02049122807017545,True,,1
500,INSM,2024-09-10,2024-09-11,2024,2,0.01650391968092424,0.03733333333333322,True,,1
500,INSM,2024-09-10,2024-09-11,2024,3,0.009741577594371442,0.04743859649122806,True,,1
500,INSM,2024-09-10,2024-09-11,2024,4,-0.018759212113091173,0.027789473684210586,True,,1
500,INSM,2024-09-10,2024-09-11,2024,5,0.0004096681687832948,0.028210526315789464,True,,1
500,INSM,2024-09-10,2024-09-11,2024,6,-0.005187005187005322,0.02287719298245605,True,,1
500,INSM,2024-09-10,2024-09-11,2024,7,0.028265642151481973,0.051789473684210385,True,,1
500,INSM,2024-09-10,2024-09-11,2024,8,-0.010274886575927344,0.0409824561403509,True,,1
500,INSM,2024-09-10,2024-09-11,2024,9,-0.031414318457597346,0.008280701754386,True,,1
500,INSM,2024-09-10,2024-09-11,2024,10,-0.022967706013363065,-0.014877192982456156,True,stop,1
500,MCK,2024-09-10,2024-09-11,2024,1,0.010415635333953732,0.010415635333953732,True,,1
500,MCK,2024-09-10,2024-09-11,2024,2,0.001724577184627707,0.012158175085641876,True,,1
500,MCK,2024-09-10,2024-09-11,2024,3,0.01463366917734521,0.02696976297499054,True,,1
500,MCK,2024-09-10,2024-09-11,2024,4,0.0023523513873089374,0.02938555672164922,True,,1
500,MCK,2024-09-10,2024-09-11,2024,5,-0.011964989900932976,0.01706896893130838,True,,1
500,MCK,2024-09-10,2024-09-11,2024,6,-0.0037186301423203227,0.013286865606621623,True,,1
500,MCK,2024-09-10,2024-09-11,2024,7,-0.007465019932775818,0.005722658957248328,True,,1
500,MCK,2024-09-10,2024-09-11,2024,8,0.0002953337271116574,0.006019682778558799,True,,1
500,MCK,2024-09-10,2024-09-11,2024,9,-0.005599842535183641,0.00038613096770356847,True,,1
500,MCK,2024-09-10,2024-09-11,2024,10,-0.03767777436882047,-0.0373061919565949,True,stop_gap,1
500,PINS,2024-09-10,2024-09-11,2024,1,-0.011703958691910543,-0.011703958691910543,True,stop,1
500,XP,2024-09-10,2024-09-11,2024,1,-0.010479867622724681,-0.010479867622724681,True,stop,1
500,BIDU,2024-09-11,2024-09-12,2024,1,0.003881755747984439,0.003881755747984439,True,,1
500,BIDU,2024-09-11,2024-09-12,2024,2,-0.004759071980963592,-0.000895789787996315,True,,1
500,BIDU,2024-09-11,2024-09-12,2024,3,0.005379557680812885,0.00447894893998213,True,,1
500,BIDU,2024-09-11,2024-09-12,2024,4,0.015457788347205792,0.020005971931920108,True,,1
500,BIDU,2024-09-11,2024-09-12,2024,5,-0.00866510538641696,0.01116751269035543,True,,1
500,BIDU,2024-09-11,2024-09-12,2024,6,0.02799433026222542,0.039474469991042094,True,,1
500,BIDU,2024-09-11,2024-09-12,2024,7,-0.009651844191658099,0.029441624365482255,True,,1
500,BIDU,2024-09-11,2024-09-12,2024,8,0.024480798236454326,0.054643177067781545,True,,1
500,BIDU,2024-09-11,2024-09-12,2024,9,0.07238958097395254,0.13098835473275616,True,target60,1
500,GM,2024-09-11,2024-09-12,2024,1,0.03222197359588286,0.03222197359588286,True,,1
500,GM,2024-09-11,2024-09-12,2024,2,0.0039020160416214367,0.036249720295368215,True,,1
500,GM,2024-09-11,2024-09-12,2024,3,0.021248110559274336,0.058268068919221205,True,target60,1
500,MCK,2024-09-11,2024-09-12,2024,1,0.0024907821448183487,0.0024907821448183487,True,,1
500,MCK,2024-09-11,2024-09-12,2024,2,0.01463366917734521,0.01716090060406361,True,,1
500,MCK,2024-09-11,2024-09-12,2024,3,0.0023523513873089374,0.01955362045971598,True,,1
500,MCK,2024-09-11,2024-09-12,2024,4,-0.011964989900932976,0.00735467168745596,True,,1
500,MCK,2024-09-11,2024-09-12,2024,5,-0.0037186301423203227,0.0036086922413116618,True,,1
500,MCK,2024-09-11,2024-09-12,2024,6,-0.007465019932775818,-0.0038832666509767133,True,,1
500,MCK,2024-09-11,2024-09-12,2024,7,0.0002953337271116574,-0.003589079783478444,True,,1
500,MCK,2024-09-11,2024-09-12,2024,8,-0.005599842535183641,-0.009168824037028345,True,,1
500,MCK,2024-09-11,2024-09-12,2024,9,-0.03767777436882047,-0.04650113752255425,True,stop_gap,1
500,BIDU,2024-09-12,2024-09-13,2024,1,-0.0027420123986646727,-0.0027420123986646727,True,,1
500,BIDU,2024-09-12,2024-09-13,2024,2,0.005379557680812885,0.002622794468287948,True,,1
500,BIDU,2024-09-12,2024-09-13,2024,3,0.015457788347205792,0.01812112541726285,True,,1
500,BIDU,2024-09-12,2024-09-13,2024,4,-0.00866510538641696,0.009298998569384764,True,,1
500,BIDU,2024-09-12,2024-09-13,2024,5,0.02799433026222542,0.037553648068669565,True,,1
500,BIDU,2024-09-12,2024-09-13,2024,6,-0.009651844191658099,0.02753934191702445,True,,1
500,BIDU,2024-09-12,2024-09-13,2024,7,0.024480798236454326,0.05269432522651418,True,,1
500,BIDU,2024-09-12,2024-09-13,2024,8,0.07238958097395254,0.12889842632331927,True,target60,1
500,BIDU,2024-09-13,2024-09-16,2024,1,-0.005910165484633523,-0.005910165484633523,True,,1
500,BIDU,2024-09-13,2024-09-16,2024,2,0.015457788347205792,0.009456264775413947,True,,1
500,BIDU,2024-09-13,2024-09-16,2024,3,-0.00866510538641696,0.0007092198581559739,True,,1
500,BIDU,2024-09-13,2024-09-16,2024,4,0.02799433026222542,0.028723404255319274,True,,1
500,BIDU,2024-09-13,2024-09-16,2024,5,-0.009651844191658099,0.01879432624113475,True,,1
500,BIDU,2024-09-13,2024-09-16,2024,6,0.024480798236454326,0.043735224586288535,True,,1
500,BIDU,2024-09-13,2024-09-16,2024,7,0.07238958097395254,0.11929078014184413,True,target60,1
500,SPXS,2024-09-13,2024-09-16,2024,1,-0.005555555555555536,-0.005555555555555536,True,,1
500,SPXS,2024-09-13,2024-09-16,2024,2,-0.011173184357541888,-0.01666666666666672,True,stop_gap,1
500,HAL,2024-09-26,2024-09-27,2024,1,0.024137314500268126,0.024137314500268126,True,,1
500,HAL,2024-09-26,2024-09-27,2024,2,0.014141061452513926,0.03861970320042918,True,,1
500,HAL,2024-09-26,2024-09-27,2024,3,0.030710965742812846,0.0705167173252279,True,target60,1
500,TMF,2024-10-02,2024-10-03,2024,1,-0.0045726345409777824,-0.0045726345409777824,True,stop,1
500,SDS,2024-10-09,2024-10-10,2024,1,-0.001944579484686404,-0.001944579484686404,True,,1
500,SDS,2024-10-09,2024-10-10,2024,2,-0.005358012664393508,-0.007292173067574015,True,stop,1
500,SDS,2024-10-10,2024-10-11,2024,1,-0.007292173067574015,-0.007292173067574015,True,stop,1
500,DKNG,2024-10-14,2024-10-15,2024,1,0.008458895056833171,0.008458895056833171,True,,1
500,DKNG,2024-10-14,2024-10-15,2024,2,-0.024639580602883293,-0.01638910917261427,True,,1
500,DKNG,2024-10-14,2024-10-15,2024,3,-0.010212308519215285,-0.02643404705260377,True,stop,1
500,KLAC,2024-10-17,2024-10-18,2024,1,0.016438848382315463,0.016438848382315463,True,,1
500,KLAC,2024-10-17,2024-10-18,2024,2,-0.00839581093222952,0.00790501998712445,True,,1
500,KLAC,2024-10-17,2024-10-18,2024,3,-0.004560241232305029,0.003308729956732037,True,,1
500,KLAC,2024-10-17,2024-10-18,2024,4,-0.00822216253320196,-0.004940637491952726,True,,1
500,KLAC,2024-10-17,2024-10-18,2024,5,0.002286986744504338,-0.002664949919901738,True,,1
500,KLAC,2024-10-17,2024-10-18,2024,6,0.01038805073932303,0.007695417184435671,True,,1
500,KLAC,2024-10-17,2024-10-18,2024,7,0.0019017338464051292,0.009611785666162831,True,,1
500,KLAC,2024-10-17,2024-10-18,2024,8,0.03266849558834428,0.04259428383213826,True,,1
500,KLAC,2024-10-17,2024-10-18,2024,9,-0.006562508974985004,0.03575224948722178,True,,1
500,KLAC,2024-10-17,2024-10-18,2024,10,-0.03714892817392046,-0.002724836434955691,True,,1
500,KLAC,2024-10-17,2024-10-18,2024,11,0.005239374878023062,0.002500262003503506,True,,1
500,KLAC,2024-10-17,2024-10-18,2024,12,-0.00928912783751501,-0.006812091087389338,True,,1
500,KLAC,2024-10-17,2024-10-18,2024,13,0.01086858210980135,0.003982453251089257,True,,1
500,KLAC,2024-10-17,2024-10-18,2024,14,-0.0019236791482128979,0.0020511131405984706,True,,1
500,KLAC,2024-10-17,2024-10-18,2024,15,0.02505602868668766,0.0271585345769767,True,,1
500,KLAC,2024-10-17,2024-10-18,2024,16,0.001676213797425996,0.028880271884778486,True,,1
500,KLAC,2024-10-17,2024-10-18,2024,17,-0.030834376182299783,-0.0028446094650637077,True,,1
500,KLAC,2024-10-17,2024-10-18,2024,18,-0.001696620272360061,-0.00453640351533835,True,,1
500,KLAC,2024-10-17,2024-10-18,2024,20,-0.025417355993382462,-0.029838456125641843,True,stop,1
500,AMD,2024-10-18,2024-10-21,2024,1,0.013734676850009508,0.013734676850009508,True,,1
500,AMD,2024-10-18,2024-10-21,2024,2,-0.03469452358341241,-0.021436364803286034,True,stop,1
500,KLAC,2024-10-21,2024-10-22,2024,1,-0.0005518187648207995,-0.0005518187648207995,True,,1
500,KLAC,2024-10-21,2024-10-22,2024,2,-0.00822216253320196,-0.00876944415444958,True,,1
500,KLAC,2024-10-21,2024-10-22,2024,3,0.002286986744504338,-0.006502513012483058,True,,1
500,KLAC,2024-10-21,2024-10-22,2024,4,0.01038805073932303,0.0038179892917331593,True,,1
500,KLAC,2024-10-21,2024-10-22,2024,5,0.0019017338464051292,0.005726983937599739,True,,1
500,KLAC,2024-10-21,2024-10-22,2024,6,0.03266849558834428,0.03858257147544397,True,,1
500,KLAC,2024-10-21,2024-10-22,2024,7,-0.006562508974985004,0.03176686402887352,True,,1
500,KLAC,2024-10-21,2024-10-22,2024,8,-0.03714892817392046,-0.006562169095166381,True,,1
500,KLAC,2024-10-21,2024-10-22,2024,9,0.005239374878023062,-0.001357175881045669,True,,1
500,KLAC,2024-10-21,2024-10-22,2024,10,-0.00928912783751501,-0.010633696738303722,True,,1
500,KLAC,2024-10-21,2024-10-22,2024,11,0.01086858210980135,0.00011931216536664735,True,,1
500,KLAC,2024-10-21,2024-10-22,2024,12,-0.0019236791482128979,-0.0018045965011708187,True,,1
500,KLAC,2024-10-21,2024-10-22,2024,13,0.02505602868668766,0.023206216163815796,True,,1
500,KLAC,2024-10-21,2024-10-22,2024,14,0.001676213797425996,0.024921328540961518,True,,1
500,KLAC,2024-10-21,2024-10-22,2024,15,-0.030834376182299783,-0.006681481260533029,True,,1
500,KLAC,2024-10-21,2024-10-22,2024,16,-0.001696620272360061,-0.008366765596337089,True,,1
500,KLAC,2024-10-21,2024-10-22,2024,18,-0.025417355993382462,-0.03357146053004423,True,stop,1
500,MCHP,2024-10-21,2024-10-22,2024,1,0.010991957104557804,0.010991957104557804,True,,1
500,MCHP,2024-10-21,2024-10-22,2024,2,-0.0019888623707240427,0.008981233243967823,True,,1
500,MCHP,2024-10-21,2024-10-22,2024,3,0.007772020725388629,0.016823056300268258,True,,1
500,MCHP,2024-10-21,2024-10-22,2024,4,0.005734625271900384,0.02265415549597871,True,,1
500,MCHP,2024-10-21,2024-10-22,2024,5,0.011797090051120618,0.03471849865951748,True,,1
500,MCHP,2024-10-21,2024-10-22,2024,6,0.024355486461976827,0.059919571045576436,True,,1
500,MCHP,2024-10-21,2024-10-22,2024,7,-0.044011635259896154,0.013270777479892804,True,,1
500,MCHP,2024-10-21,2024-10-22,2024,8,-0.029501256779997376,-0.016621983914208993,True,,1
500,MCHP,2024-10-21,2024-10-22,2024,9,0.020174482006543037,0.0032171581769437907,True,,1
500,MCHP,2024-10-21,2024-10-22,2024,10,-0.0048102618920363716,-0.0016085790884716733,True,,1
500,MCHP,2024-10-21,2024-10-22,2024,11,0.008995703544575795,0.00737265415549615,True,,1
500,MCHP,2024-10-21,2024-10-22,2024,12,-0.018230206254158388,-0.010991957104557581,True,,1
500,MCHP,2024-10-21,2024-10-22,2024,13,0.0074545947411222,-0.0036193029490616535,True,,1
500,MCHP,2024-10-21,2024-10-22,2024,14,-0.01950760123772366,-0.023056300268096463,True,,1
500,MCHP,2024-10-21,2024-10-22,2024,15,-0.015299121844127295,-0.03800268096514736,True,stop,1
500,KLAC,2024-10-22,2024-10-23,2024,1,-1.504573904664852e-05,-1.504573904664852e-05,True,,1
500,KLAC,2024-10-22,2024-10-23,2024,2,0.002286986744504338,0.0022719065960519202,True,,1
500,KLAC,2024-10-22,2024-10-23,2024,3,0.01038805073932303,0.012683558016369778,True,,1
500,KLAC,2024-10-22,2024-10-23,2024,4,0.0019017338464051292,0.014609412614347672,True,,1
500,KLAC,2024-10-22,2024-10-23,2024,5,0.03266849558834428,0.04775517573423205,True,,1
500,KLAC,2024-10-22,2024-10-23,2024,6,-0.006562508974985004,0.04087927298988925,True,,1
500,KLAC,2024-10-22,2024-10-23,2024,7,-0.03714892817392046,0.002211723639865326,True,,1
500,KLAC,2024-10-22,2024-10-23,2024,8,0.005239374878023062,0.007462686567164312,True,,1
500,KLAC,2024-10-22,2024-10-23,2024,9,-0.00928912783751501,-0.001895763119884486,True,,1
500,KLAC,2024-10-22,2024-10-23,2024,10,0.01086858210980135,0.008952214732787844,True,,1
500,KLAC,2024-10-22,2024-10-23,2024,11,-0.0019236791482128979,0.00701131439576308,True,,1
500,KLAC,2024-10-22,2024-10-23,2024,12,0.02505602868668766,0.032243018777082355,True,,1
500,KLAC,2024-10-22,2024-10-23,2024,13,0.001676213797425996,0.03397327876745315,True,,1
500,KLAC,2024-10-22,2024-10-23,2024,14,-0.030834376182299783,0.002091357727491472,True,,1
500,KLAC,2024-10-22,2024-10-23,2024,15,-0.001696620272360061,0.0003911892152141938,True,,1
500,KLAC,2024-10-22,2024-10-23,2024,17,-0.025417355993382462,-0.025036109773712067,True,stop,1
500,Z,2024-10-22,2024-10-23,2024,1,-0.016840019811788065,-0.016840019811788065,True,,1
500,Z,2024-10-22,2024-10-23,2024,2,0.0038623005877413963,-0.01304276044246322,True,,1
500,Z,2024-10-22,2024-10-23,2024,3,-0.002174640347942458,-0.01518903747729905,True,,1
500,Z,2024-10-22,2024-10-23,2024,4,0.0020117351215425128,-0.01320785867591212,True,,1
500,Z,2024-10-22,2024-10-23,2024,5,-0.011376944955663326,-0.024434538550437424,True,stop_gap,1
500,INTC,2024-10-23,2024-10-24,2024,1,0.011317338162064372,0.011317338162064372,True,,1
500,INTC,2024-10-23,2024-10-24,2024,2,0.014771709937332123,0.026256224535989192,True,,1
500,INTC,2024-10-23,2024-10-24,2024,3,0.01191001323334806,0.03847894975101873,True,,1
500,INTC,2024-10-23,2024-10-24,2024,4,-0.00043591979075852105,0.038026256224535926,True,,1
500,INTC,2024-10-23,2024-10-24,2024,5,-0.02834714348015699,0.00860117700316887,True,,1
500,INTC,2024-10-23,2024-10-24,2024,6,-0.02827648114901271,-0.01991851516523324,True,stop,1
500,Z,2024-10-23,2024-10-24,2024,1,-0.0005015883631499518,-0.0005015883631499518,True,,1
500,Z,2024-10-23,2024-10-24,2024,2,-0.002174640347942458,-0.002675137936799965,True,,1
500,Z,2024-10-23,2024-10-24,2024,3,0.0020117351215425128,-0.0006687844841999357,True,,1
500,Z,2024-10-23,2024-10-24,2024,4,-0.011376944955663326,-0.012038120715599399,True,stop_gap,1
500,KLAC,2024-10-24,2024-10-25,2024,1,0.005077127540430437,0.005077127540430437,True,,1
500,KLAC,2024-10-24,2024-10-25,2024,2,0.0019017338464051292,0.006988516732121974,True,,1
500,KLAC,2024-10-24,2024-10-25,2024,3,0.03266849558834428,0.03988531664849848,True,,1
500,KLAC,2024-10-24,2024-10-25,2024,4,-0.006562508974985004,0.033061059925037606,True,,1
500,KLAC,2024-10-24,2024-10-25,2024,5,-0.03714892817392046,-0.005316051189391713,True,,1
500,KLAC,2024-10-24,2024-10-25,2024,6,0.005239374878023062,-0.00010452909642055808,True,,1
500,KLAC,2024-10-24,2024-10-25,2024,7,-0.00928912783751501,-0.009392685949796142,True,,1
500,KLAC,2024-10-24,2024-10-25,2024,8,0.01086858210980135,0.001373810981528223,True,,1
500,KLAC,2024-10-24,2024-10-25,2024,9,-0.0019236791482128979,-0.0005525109382232829,True,,1
500,KLAC,2024-10-24,2024-10-25,2024,10,0.02505602868668766,0.024489674018546514,True,,1
500,KLAC,2024-10-24,2024-10-25,2024,11,0.001676213797425996,0.026206937745456793,True,,1
500,KLAC,2024-10-24,2024-10-25,2024,12,-0.030834376182299783,-0.005435513013872462,True,,1
500,KLAC,2024-10-24,2024-10-25,2024,13,-0.001696620272360061,-0.007122911284662581,True,,1
500,KLAC,2024-10-24,2024-10-25,2024,15,-0.025417355993382462,-0.032359221706213415,True,stop,1
500,ALB,2024-10-25,2024-10-28,2024,1,0.04515441959531419,0.04515441959531419,True,,1
500,ALB,2024-10-25,2024-10-28,2024,2,-0.015080497248828206,0.029392971246006372,True,,1
500,ALB,2024-10-25,2024-10-28,2024,3,-0.011587006000413735,0.017465388711395136,True,,1
500,ALB,2024-10-25,2024-10-28,2024,4,-0.008687460749424503,0.00862619808306686,True,,1
500,ALB,2024-10-25,2024-10-28,2024,5,0.0372716714180128,0.046219382321618596,True,,1
500,ALB,2024-10-25,2024-10-28,2024,6,0.016815960912052175,0.06381256656017031,True,target60,1
500,KLAC,2024-10-25,2024-10-28,2024,1,0.0005192878338278195,0.0005192878338278195,True,,1
500,KLAC,2024-10-25,2024-10-28,2024,2,0.03266849558834428,0.03320474777448079,True,,1
500,KLAC,2024-10-25,2024-10-28,2024,3,-0.006562508974985004,0.026424332344213486,True,,1
500,KLAC,2024-10-25,2024-10-28,2024,4,-0.03714892817392046,-0.011706231454005955,True,,1
500,KLAC,2024-10-25,2024-10-28,2024,5,0.005239374878023062,-0.006528189910979143,True,,1
500,KLAC,2024-10-25,2024-10-28,2024,6,-0.00928912783751501,-0.015756676557863503,True,,1
500,KLAC,2024-10-25,2024-10-28,2024,7,0.01086858210980135,-0.005059347181008866,True,,1
500,KLAC,2024-10-25,2024-10-28,2024,8,-0.0019236791482128979,-0.006973293768546052,True,,1
500,KLAC,2024-10-25,2024-10-28,2024,9,0.02505602868668766,0.017908011869436358,True,,1
500,KLAC,2024-10-25,2024-10-28,2024,10,0.001676213797425996,0.019614243323442082,True,,1
500,KLAC,2024-10-25,2024-10-28,2024,11,-0.030834376182299783,-0.01182492581602379,True,,1
500,KLAC,2024-10-25,2024-10-28,2024,12,-0.001696620272360061,-0.013501483679525306,True,,1
500,KLAC,2024-10-25,2024-10-28,2024,14,-0.025417355993382462,-0.03857566765578635,True,stop,1
500,SQQQ,2024-10-25,2024-10-28,2024,1,0.01935483870967758,0.01935483870967758,True,,1
500,SQQQ,2024-10-25,2024-10-28,2024,2,-0.025316455696202667,-0.006451612903225823,True,stop,1
500,ALGN,2024-10-29,2024-10-30,2024,1,-0.00028441410693968994,-0.00028441410693968994,True,,1
500,ALGN,2024-10-29,2024-10-30,2024,2,-0.028259838786154567,-0.028536215396283704,True,,1
500,ALGN,2024-10-29,2024-10-30,2024,3,0.017419732604664784,-0.01161357603337132,True,,1
500,ALGN,2024-10-29,2024-10-30,2024,4,0.010982686681693998,-0.0007584376185059138,True,,1
500,ALGN,2024-10-29,2024-10-30,2024,5,0.0065939278937381385,0.00583048919226381,True,,1
500,ALGN,2024-10-29,2024-10-30,2024,6,0.05975776426787327,0.06593667045885465,True,,1
500,ALGN,2024-10-29,2024-10-30,2024,7,-0.01107306443723044,0.05413348502085702,True,,1
500,ALGN,2024-10-29,2024-10-30,2024,8,-0.008409029588991812,0.045269245354569554,True,,1
500,ALGN,2024-10-29,2024-10-30,2024,9,0.021677021450274392,0.06792756920743259,True,,1
500,ALGN,2024-10-29,2024-10-30,2024,10,-0.02756447245772109,0.038490709139173296,True,,1
500,ALGN,2024-10-29,2024-10-30,2024,12,0.01191345627168161,0.05086272279105031,True,,1
500,ALGN,2024-10-29,2024-10-30,2024,13,0.013126437818575365,0.0646568069776261,True,,1
500,ALGN,2024-10-29,2024-10-30,2024,14,0.024443455031166517,0.0906806977626089,True,,1
500,ALGN,2024-10-29,2024-10-30,2024,15,-0.032422095701681974,0.0553185437997723,True,,1
500,ALGN,2024-10-29,2024-10-30,2024,16,0.005479944302205553,0.06110163064087981,True,,1
500,ALGN,2024-10-29,2024-10-30,2024,17,0.02001340183158362,0.08233788395904429,True,,1
500,ALGN,2024-10-29,2024-10-30,2024,18,-0.010861472430254482,0.07058210087220318,True,,1
500,ALGN,2024-10-29,2024-10-30,2024,19,0.05798538853221169,0.13266021994690935,True,target60,1
500,CARR,2024-10-29,2024-10-30,2024,1,-0.009550712940543549,-0.009550712940543549,True,,1
500,CARR,2024-10-29,2024-10-30,2024,2,-0.012359092761102808,-0.021791767554479424,True,,1
500,CARR,2024-10-29,2024-10-30,2024,3,-0.0024752475247523664,-0.024213075060532607,True,stop,1
500,FANG,2024-10-29,2024-10-30,2024,1,-0.001187379848467729,-0.001187379848467729,True,,1
500,FANG,2024-10-29,2024-10-30,2024,2,0.0006793093688084451,-0.0005088770779148044,True,,1
500,FANG,2024-10-29,2024-10-30,2024,3,-0.009107880296430504,-0.009612122582833948,True,stop,1
500,ALGN,2024-10-30,2024-10-31,2024,1,-0.027106574887253765,-0.027106574887253765,True,,1
500,ALGN,2024-10-30,2024-10-31,2024,2,0.017419732604664784,-0.010159031568953258,True,,1
500,ALGN,2024-10-30,2024-10-31,2024,3,0.010982686681693998,0.000712081652029406,True,,1
500,ALGN,2024-10-30,2024-10-31,2024,4,0.0065939278937381385,0.0073107049608354124,True,,1
500,ALGN,2024-10-30,2024-10-31,2024,5,0.05975776426787327,0.06750534061239022,True,,1
500,ALGN,2024-10-30,2024-10-31,2024,6,-0.01107306443723044,0.05568478518870168,True,,1
500,ALGN,2024-10-30,2024-10-31,2024,7,-0.008409029588991812,0.04680750059340122,True,,1
500,ALGN,2024-10-30,2024-10-31,2024,8,0.021677021450274392,0.06949916923807264,True,,1
500,ALGN,2024-10-30,2024-10-31,2024,9,-0.02756447245772109,0.04001898884405408,True,,1
500,ALGN,2024-10-30,2024-10-31,2024,11,0.01191345627168161,0.052409209589366235,True,,1
500,ALGN,2024-10-30,2024-10-31,2024,12,0.013126437818575365,0.0662235936387372,True,,1
500,ALGN,2024-10-30,2024-10-31,2024,13,0.024443455031166517,0.09228578210301452,True,,1
500,ALGN,2024-10-30,2024-10-31,2024,14,-0.032422095701681974,0.05687158794208402,True,,1
500,ALGN,2024-10-30,2024-10-31,2024,15,0.005479944302205553,0.06266318537858995,True,,1
500,ALGN,2024-10-30,2024-10-31,2024,16,0.02001340183158362,0.08393069071920256,True,,1
500,ALGN,2024-10-30,2024-10-31,2024,17,-0.010861472430254482,0.07215760740564914,True,,1
500,ALGN,2024-10-30,2024-10-31,2024,18,0.05798538853221169,0.1343270828388321,True,target60,1
500,CARR,2024-10-30,2024-10-31,2024,1,-0.0106122448979592,-0.0106122448979592,True,,1
500,CARR,2024-10-30,2024-10-31,2024,2,-0.0024752475247523664,-0.013061224489795853,True,stop,1
500,FANG,2024-10-30,2024-10-31,2024,1,-0.00885898514157546,-0.00885898514157546,True,,1
500,FANG,2024-10-30,2024-10-31,2024,2,-0.009107880296430504,-0.01788617886178856,True,stop,1
500,ALGN,2024-10-31,2024-11-01,2024,1,0.018065524144328826,0.018065524144328826,True,,1
500,ALGN,2024-10-31,2024-11-01,2024,2,0.010982686681693998,0.029246618817440506,True,,1
500,ALGN,2024-10-31,2024-11-01,2024,3,0.0065939278937381385,0.036033396806796514,True,,1
500,ALGN,2024-10-31,2024-11-01,2024,4,0.05975776426787327,0.09794443630682093,True,,1
500,ALGN,2024-10-31,2024-11-01,2024,5,-0.01107306443723044,0.08578682681509697,True,,1
500,ALGN,2024-10-31,2024-11-01,2024,6,-0.008409029588991812,0.0766564132610712,True,,1
500,ALGN,2024-10-31,2024-11-01,2024,7,0.021677021450274392,0.09999511742590683,True,,1
500,ALGN,2024-10-31,2024-11-01,2024,8,-0.02756447245772109,0.06967433230799291,True,,1
500,ALGN,2024-10-31,2024-11-01,2024,10,0.01191345627168161,0.08241785069088414,True,,1
500,ALGN,2024-10-31,2024-11-01,2024,11,0.013126437818575365,0.09662614130169422,True,,1
500,ALGN,2024-10-31,2024-11-01,2024,12,0.024443455031166517,0.12343147307260383,True,,1
500,ALGN,2024-10-31,2024-11-01,2024,13,-0.032422095701681974,0.08700747033836231,True,,1
500,ALGN,2024-10-31,2024-11-01,2024,14,0.005479944302205553,0.09296421073189776,True,,1
500,ALGN,2024-10-31,2024-11-01,2024,15,0.02001340183158362,0.11483814266881498,True,,1
500,ALGN,2024-10-31,2024-11-01,2024,16,-0.010861472430254482,0.1027293589180216,True,,1
500,ALGN,2024-10-31,2024-11-01,2024,17,0.05798538853221169,0.16667154924075978,True,target60,1
500,CARR,2024-10-31,2024-11-01,2024,1,-0.003981875600713836,-0.003981875600713836,True,stop,1
500,FANG,2024-10-31,2024-11-01,2024,1,-0.01262683201803838,-0.01262683201803838,True,stop,1
500,MU,2024-10-31,2024-11-01,2024,1,-0.007587859424920018,-0.007587859424920018,True,stop,1
500,ALGN,2024-11-01,2024-11-04,2024,1,0.008757237881035662,0.008757237881035662,True,,1
500,ALGN,2024-11-01,2024-11-04,2024,2,0.0065939278937381385,0.015408910369909545,True,,1
500,ALGN,2024-11-01,2024-11-04,2024,3,0.05975776426787327,0.07608747667129245,True,,1
500,ALGN,2024-11-01,2024-11-04,2024,4,-0.01107306443723044,0.06417189070201457,True,,1
500,ALGN,2024-11-01,2024-11-04,2024,5,-0.008409029588991812,0.055223237785327894,True,,1
500,ALGN,2024-11-01,2024-11-04,2024,6,0.021677021450274392,0.07809733454562862,True,,1
500,ALGN,2024-11-01,2024-11-04,2024,7,-0.02756447245772109,0.048380150260803,True,,1
500,ALGN,2024-11-01,2024-11-04,2024,9,0.01191345627168161,0.06086998133703392,True,,1
500,ALGN,2024-11-01,2024-11-04,2024,10,0.013126437818575365,0.07479542518064797,True,,1
500,ALGN,2024-11-01,2024-11-04,2024,11,0.024443455031166517,0.10106713882375473,True,,1
500,ALGN,2024-11-01,2024-11-04,2024,12,-0.032422095701681974,0.06536823467483366,True,,1
500,ALGN,2024-11-01,2024-11-04,2024,13,0.005479944302205553,0.07120639326219069,True,,1
500,ALGN,2024-11-01,2024-11-04,2024,14,0.02001340183158362,0.0926448772551085,True,,1
500,ALGN,2024-11-01,2024-11-04,2024,15,-0.010861472430254482,0.0807771450447432,True,,1
500,ALGN,2024-11-01,2024-11-04,2024,16,0.05798538853221169,0.1434464277168972,True,target60,1
500,FANG,2024-11-01,2024-11-04,2024,1,0.0084741006790503,0.0084741006790503,True,,1
500,FANG,2024-11-01,2024-11-04,2024,2,-0.026711185308847973,-0.01846343790336158,True,stop_gap,1
500,MU,2024-11-01,2024-11-04,2024,1,0.002463296876539456,0.002463296876539456,True,,1
500,MU,2024-11-01,2024-11-04,2024,2,0.036760369569490914,0.03931421814957137,True,,1
500,MU,2024-11-01,2024-11-04,2024,3,0.0274933636708381,0.06788846191743025,True,target_gap,1
500,ALGN,2024-11-04,2024-11-05,2024,1,0.017453847998081917,0.017453847998081917,True,,1
500,ALGN,2024-11-04,2024-11-05,2024,2,0.05975776426787327,0.07825461520019172,True,,1
500,ALGN,2024-11-04,2024-11-05,2024,3,-0.01107306443723044,0.06631503236633884,True,,1
500,ALGN,2024-11-04,2024-11-05,2024,4,-0.008409029588991812,0.05734835770798363,True,,1
500,ALGN,2024-11-04,2024-11-05,2024,5,0.021677021450274392,0.08026852073843194,True,,1
500,ALGN,2024-11-04,2024-11-05,2024,6,-0.02756447245772109,0.05049148885159438,True,,1
500,ALGN,2024-11-04,2024-11-05,2024,8,0.01191345627168161,0.06300647326780151,True,,1
500,ALGN,2024-11-04,2024-11-05,2024,9,0.013126437818575365,0.07695996163989438,True,,1
500,ALGN,2024-11-04,2024-11-05,2024,10,0.024443455031166517,0.10328458403260599,True,,1
500,ALGN,2024-11-04,2024-11-05,2024,11,-0.032422095701681974,0.06751378566291044,True,,1
500,ALGN,2024-11-04,2024-11-05,2024,12,0.005479944302205553,0.07336370175017981,True,,1
500,ALGN,2024-11-04,2024-11-05,2024,13,0.02001340183158362,0.09484536082474238,True,,1
500,ALGN,2024-11-04,2024-11-05,2024,14,-0.010861472430254482,0.08295372812275215,True,,1
500,ALGN,2024-11-04,2024-11-05,2024,15,0.05798538853221169,0.14574922081035724,True,target60,1
500,MU,2024-11-04,2024-11-05,2024,1,0.03401627291442022,0.03401627291442022,True,,1
500,MU,2024-11-04,2024-11-05,2024,2,0.0274933636708381,0.0624448583472208,True,target_gap,1
500,SLV,2024-11-08,2024-11-11,2024,1,-0.001787629603146157,-0.001787629603146157,True,stop,1
500,SLV,2024-11-11,2024-11-12,2024,1,-0.0028571428571427804,-0.0028571428571427804,True,stop,1
500,TTD,2024-11-15,2024-11-18,2024,1,-0.006442315843011026,-0.006442315843011026,True,,1
500,TTD,2024-11-15,2024-11-18,2024,2,0.018513778687825333,0.01195219123505975,True,,1
500,TTD,2024-11-15,2024-11-18,2024,3,0.037778522365555345,0.050182249724506356,True,,1
500,TTD,2024-11-15,2024-11-18,2024,4,0.014884171442408611,0.0658133423751801,True,target60,1
500,TTD,2024-11-18,2024-11-19,2024,1,0.027101436806332257,0.027101436806332257,True,,1
500,TTD,2024-11-18,2024-11-19,2024,2,0.037778522365555345,0.06590381140841428,True,,1
500,TTD,2024-11-18,2024-11-19,2024,3,0.014884171442408611,0.08176890647853408,True,target60,1
500,KLAC,2024-11-20,2024-11-21,2024,1,0.0088085377508762,0.0088085377508762,True,,1
500,KLAC,2024-11-20,2024-11-21,2024,2,0.010579003047384461,0.01948072634596998,True,,1
500,KLAC,2024-11-20,2024-11-21,2024,3,0.0071715388341171415,0.02679197196559424,True,,1
500,KLAC,2024-11-20,2024-11-21,2024,4,-0.020399615277217564,0.005845810767760584,True,,1
500,KLAC,2024-11-20,2024-11-21,2024,5,0.0013302294645824997,0.007183816502070783,True,,1
500,KLAC,2024-11-20,2024-11-21,2024,6,0.0248137780519051,0.03217585218222374,True,,1
500,KLAC,2024-11-20,2024-11-21,2024,7,0.024842592592592805,0.057817776361898776,True,target60,1
500,ON,2024-12-04,2024-12-05,2024,1,-0.001973284760169891,-0.001973284760169891,True,,1
500,ON,2024-12-04,2024-12-05,2024,2,0.011711026615969455,0.00971463266545225,True,,1
500,ON,2024-12-04,2024-12-05,2024,3,0.01743836440168378,0.027322404371584952,True,,1
500,ON,2024-12-04,2024-12-05,2024,4,-0.01994680851063846,0.006830601092896238,True,,1
500,ON,2024-12-04,2024-12-05,2024,5,0.024574099200964872,0.031572556162720034,True,,1
500,ON,2024-12-04,2024-12-05,2024,6,-0.012654502648616783,0.0185185185185186,True,,1
500,ON,2024-12-04,2024-12-05,2024,7,-0.017287630402384457,0.0009107468123861207,True,,1
500,ON,2024-12-04,2024-12-05,2024,8,0.007430997876857859,0.00834851244687318,True,,1
500,ON,2024-12-04,2024-12-05,2024,9,0.050970946861357724,0.059744990892532046,True,target60,1
500,LDOS,2024-12-09,2024-12-10,2024,1,-0.005835247377242503,-0.005835247377242503,True,,1
500,LDOS,2024-12-09,2024-12-10,2024,2,-0.04345925694661257,-0.04904090880874046,True,stop,1
500,DELL,2024-12-10,2024-12-11,2024,1,0.007809847198641862,0.007809847198641862,True,,1
500,DELL,2024-12-10,2024-12-11,2024,2,0.0038746630727763964,0.011714770797962792,True,,1
500,DELL,2024-12-10,2024-12-11,2024,3,-0.006209095485819827,0.005432937181663933,True,,1
500,DELL,2024-12-10,2024-12-11,2024,4,0.007007767646065588,0.012478777589134182,True,,1
500,DELL,2024-12-10,2024-12-11,2024,5,-0.007881277773119755,0.0044991511035654685,True,,1
500,DELL,2024-12-10,2024-12-11,2024,6,-0.047832333305163455,-0.04354838709677411,True,,1
500,DELL,2024-12-10,2024-12-11,2024,7,-0.011271855862252544,-0.05432937181663833,True,stop,1
500,INTC,2024-12-10,2024-12-11,2024,1,-0.009181141439205898,-0.009181141439205898,True,stop,1
500,LDOS,2024-12-10,2024-12-11,2024,1,-0.04661438884739866,-0.04661438884739866,True,stop,1
500,OKE,2024-12-10,2024-12-11,2024,1,-0.0069457659372025304,-0.0069457659372025304,True,,1
500,OKE,2024-12-10,2024-12-11,2024,2,-0.0027306697326818785,-0.009657469077069436,True,stop,1
500,INTC,2024-12-11,2024-12-12,2024,1,-0.0027472527472527375,-0.0027472527472527375,True,stop,1
500,OKE,2024-12-11,2024-12-12,2024,1,-0.0011036468330135607,-0.0011036468330135607,True,stop,1
500,X,2024-12-11,2024-12-12,2024,1,-0.014190558934260133,-0.014190558934260133,True,,1
500,X,2024-12-11,2024-12-12,2024,2,-0.017920094007050524,-0.03185635679119614,True,stop,1
500,FCX,2024-12-12,2024-12-13,2024,1,-0.0033549005511620544,-0.0033549005511620544,True,,1
500,FCX,2024-12-12,2024-12-13,2024,2,-0.020437605193556196,-0.02372393961178998,True,,1
500,FCX,2024-12-12,2024-12-13,2024,3,-0.01448208149239083,-0.03786244907740233,True,stop_gap,1
500,INTC,2024-12-12,2024-12-13,2024,1,-0.012141816415735751,-0.012141816415735751,True,,1
500,INTC,2024-12-12,2024-12-13,2024,2,0.023107177974434512,0.010684798445847354,True,,1
500,INTC,2024-12-12,2024-12-13,2024,3,-0.01826045170591062,-0.007770762506070894,True,,1
500,INTC,2024-12-12,2024-12-13,2024,4,-0.022760646108663685,-0.030354541039339433,True,stop,1
500,OKE,2024-12-12,2024-12-13,2024,1,-0.004447632711621297,-0.004447632711621297,True,stop,1
500,X,2024-12-12,2024-12-13,2024,1,-0.003873659117997641,-0.003873659117997641,True,stop,1
500,FCX,2024-12-13,2024-12-16,2024,1,-0.011404998786702203,-0.011404998786702203,True,,1
500,FCX,2024-12-13,2024-12-16,2024,2,-0.01448208149239083,-0.0257219121572434,True,stop_gap,1
500,INTC,2024-12-13,2024-12-16,2024,1,0.03224206349206349,0.03224206349206349,True,,1
500,INTC,2024-12-13,2024-12-16,2024,2,-0.01826045170591062,0.013392857142857206,True,,1
500,INTC,2024-12-13,2024-12-16,2024,3,-0.022760646108663685,-0.009672619047619069,True,stop,1
500,URI,2024-12-13,2024-12-16,2024,1,-0.007422315659932455,-0.007422315659932455,True,stop,1
500,INTC,2024-12-16,2024-12-17,2024,1,-0.010653753026634294,-0.010653753026634294,True,,1
500,INTC,2024-12-16,2024-12-17,2024,2,-0.022760646108663685,-0.03317191283292975,True,stop,1
500,CEG,2024-12-17,2024-12-18,2024,1,-0.036488562649368284,-0.036488562649368284,True,,1
500,CEG,2024-12-17,2024-12-18,2024,2,-0.00265757186517257,-0.03904916353704335,True,,1
500,CEG,2024-12-17,2024-12-18,2024,3,-0.01669849447084426,-0.05509559576647316,True,stop,1
500,INTC,2024-12-17,2024-12-18,2024,1,-0.025146484375,-0.025146484375,True,stop,1
500,LDOS,2024-12-17,2024-12-18,2024,1,-0.02113518543134396,-0.02113518543134396,True,stop,1
500,CEG,2024-12-18,2024-12-19,2024,1,-0.01612339421480391,-0.01612339421480391,True,,1
500,CEG,2024-12-18,2024-12-19,2024,2,-0.01669849447084426,-0.03255265227650095,True,stop,1
500,DELL,2024-12-18,2024-12-19,2024,1,-0.024774577606583192,-0.024774577606583192,True,stop,1
500,CEG,2024-12-19,2024-12-20,2024,1,-0.0018033452053559662,-0.0018033452053559662,True,stop,1
500,CEG,2024-12-20,2024-12-23,2024,1,0.004753939607359703,0.004753939607359703,True,,1
500,CEG,2024-12-20,2024-12-23,2024,2,0.0058266888635767344,0.010608328197904804,True,,1
500,CEG,2024-12-20,2024-12-23,2024,3,-0.0041378108802648805,0.006426622061801224,True,,1
500,CEG,2024-12-20,2024-12-23,2024,4,-0.00914100769769055,-0.002773131437626586,True,,1
500,CEG,2024-12-20,2024-12-23,2024,5,-0.0011035091591260482,-0.003873580420811651,True,,1
500,CEG,2024-12-20,2024-12-23,2024,6,-0.011444984533804714,-0.015274231886609702,True,,1
500,CEG,2024-12-20,2024-12-23,2024,7,0.08470788073845603,0.06813980103882389,True,,1
500,CEG,2024-12-20,2024-12-23,2024,8,0.040468144729250755,0.11136543709833613,True,,1
500,CEG,2024-12-20,2024-12-23,2024,9,0.036707858048162345,0.1521612818029756,True,target60,1
500,KWEB,2024-12-20,2024-12-23,2024,1,0.00771553170077155,0.00771553170077155,True,,1
500,KWEB,2024-12-20,2024-12-23,2024,2,0.006990679094540653,0.014760147601476037,True,,1
500,KWEB,2024-12-20,2024-12-23,2024,3,-0.004297520661156962,0.01039919490104002,True,,1
500,KWEB,2024-12-20,2024-12-23,2024,4,-0.014940239043824688,-0.004696410600469547,True,stop,1
500,CEG,2024-12-23,2024-12-24,2024,1,0.0027515723270439274,0.0027515723270439274,True,,1
500,CEG,2024-12-23,2024-12-24,2024,2,-0.0041378108802648805,-0.0013976240391335715,True,,1
500,CEG,2024-12-23,2024-12-24,2024,3,-0.00914100769769055,-0.010525856044724002,True,,1
500,CEG,2024-12-23,2024-12-24,2024,4,-0.0011035091591260482,-0.011617749825296952,True,,1
500,CEG,2024-12-23,2024-12-24,2024,5,-0.011444984533804714,-0.022929769392033506,True,,1
500,CEG,2024-12-23,2024-12-24,2024,6,0.08470788073845603,0.05983577917540184,True,,1
500,CEG,2024-12-23,2024-12-24,2024,7,0.040468144729250755,0.10272536687631018,True,,1
500,CEG,2024-12-23,2024-12-24,2024,8,0.036707858048162345,0.1432040531097134,True,target60,1
500,KWEB,2024-12-23,2024-12-24,2024,1,0.0009927200529451508,0.0009927200529451508,True,,1
500,KWEB,2024-12-23,2024-12-24,2024,2,-0.004297520661156962,-0.0033090668431501324,True,,1
500,KWEB,2024-12-23,2024-12-24,2024,3,-0.014940239043824688,-0.018199867637326173,True,stop,1
500,CEG,2024-12-24,2024-12-26,2024,1,0.0003062519140744069,0.0003062519140744069,True,,1
500,CEG,2024-12-24,2024-12-26,2024,2,-0.00914100769769055,-0.008837555234720185,True,,1
500,CEG,2024-12-24,2024-12-26,2024,3,-0.0011035091591260482,-0.009931312070700415,True,,1
500,CEG,2024-12-24,2024-12-26,2024,4,-0.011444984533804714,-0.02126263289145547,True,,1
500,CEG,2024-12-24,2024-12-26,2024,5,0.08470788073845603,0.061644135275845446,True,,1
500,CEG,2024-12-24,2024-12-26,2024,6,0.040468144729250755,0.10460690379314874,True,,1
500,CEG,2024-12-24,2024-12-26,2024,7,0.036707858048162345,0.14515465721660759,True,target60,1
500,KWEB,2024-12-24,2024-12-26,2024,1,0.0040000000000000036,0.0040000000000000036,True,,1
500,KWEB,2024-12-24,2024-12-26,2024,2,-0.014940239043824688,-0.010999999999999899,True,stop,1
500,CEG,2024-12-26,2024-12-27,2024,1,-0.007143483215005686,-0.007143483215005686,True,,1
500,CEG,2024-12-26,2024-12-27,2024,2,-0.0011035091591260482,-0.008239109474975859,True,,1
500,CEG,2024-12-26,2024-12-27,2024,3,-0.011444984533804714,-0.019589797528267172,True,,1
500,CEG,2024-12-26,2024-12-27,2024,4,0.08470788073845603,0.06345867297747398,True,,1
500,CEG,2024-12-26,2024-12-27,2024,5,0.040468144729250755,0.10649487246910327,True,,1
500,CEG,2024-12-26,2024-12-27,2024,6,0.036707858048162345,0.1471119291787184,True,target60,1
500,KWEB,2024-12-26,2024-12-27,2024,1,-0.001682368775235421,-0.001682368775235421,True,stop,1
500,HPQ,2024-12-30,2024-12-31,2024,1,-0.004728492983526622,-0.004728492983526622,True,,1
500,HPQ,2024-12-30,2024-12-31,2024,2,-0.004750957854406157,-0.009456985967053133,True,,1
500,HPQ,2024-12-30,2024-12-31,2024,3,0.02063443178318458,0.010982306284319732,True,,1
500,HPQ,2024-12-30,2024-12-31,2024,4,0.022027761013880376,0.033251982916412404,True,,1
500,HPQ,2024-12-30,2024-12-31,2024,5,-0.005609684086211875,0.027455765710799218,True,,1
500,HPQ,2024-12-30,2024-12-31,2024,6,-0.006828978622327675,0.020439292251372754,True,,1
500,HPQ,2024-12-30,2024-12-31,2024,7,-0.007772795216741568,0.01250762660158622,True,,1
500,HPQ,2024-12-30,2024-12-31,2024,8,-0.016872551973485805,-0.004575960951799796,True,,1
500,HPQ,2024-12-30,2024-12-31,2024,9,0.0015323322096230108,-0.003050640634533308,True,,1
500,HPQ,2024-12-30,2024-12-31,2024,10,0.003059975520195879,0.0,True,,1
500,HPQ,2024-12-30,2024-12-31,2024,11,-0.01311775472849297,-0.01311775472849297,True,,1
500,HPQ,2024-12-30,2024-12-31,2024,12,0.004945904173106586,-0.008236729713239854,True,,1
500,HPQ,2024-12-30,2024-12-31,2024,13,0.013226699477083992,0.004881025015253115,True,,1
500,HPQ,2024-12-30,2024-12-31,2024,14,0.005160898603521646,0.010067114093959662,True,,1
500,HPQ,2024-12-30,2024-12-31,2024,15,0.00815463606161293,0.018303843807199627,True,,1
500,HPQ,2024-12-30,2024-12-31,2024,16,-0.019472738166567027,-0.0015253203172667096,True,,1
500,HPQ,2024-12-30,2024-12-31,2024,17,0.01833180568285986,0.016778523489932695,True,,1
500,HPQ,2024-12-30,2024-12-31,2024,18,-0.017701770177017573,-0.0012202562538132788,True,,1
500,HPQ,2024-12-30,2024-12-31,2024,19,-0.004276114844227297,-0.005491153142159866,True,,1
500,HPQ,2024-12-30,2024-12-31,2024,20,0.006134969325153339,0.0006101281269066394,True,time_h20,1
500,DKNG,2025-01-02,2025-01-03,2025,1,0.038824181919023815,0.038824181919023815,True,,1
500,DKNG,2025-01-02,2025-01-03,2025,2,-0.005339028296850068,0.03327787021630613,True,,1
500,DKNG,2025-01-02,2025-01-03,2025,3,0.0024154589371980784,0.035773710482529086,True,,1
500,DKNG,2025-01-02,2025-01-03,2025,4,0.027041499330655805,0.06378258458125341,True,,1
500,DKNG,2025-01-02,2025-01-03,2025,5,0.029457768508863502,0.09511924570160835,True,,1
500,DKNG,2025-01-02,2025-01-03,2025,6,0.00860977462648771,0.10454797559622842,True,,1
500,DKNG,2025-01-02,2025-01-03,2025,7,0.0047702736630681475,0.10981697171381044,True,,1
500,DKNG,2025-01-02,2025-01-03,2025,8,0.038630684657670944,0.1526899611758179,True,target60,1
500,FERG,2025-01-02,2025-01-03,2025,1,-0.002919290211791603,-0.002919290211791603,True,,1
500,FERG,2025-01-02,2025-01-03,2025,2,-5.740857684133349e-05,-0.0029765311963364516,True,,1
500,FERG,2025-01-02,2025-01-03,2025,3,-0.012515788265013206,-0.015455065827132186,True,stop,1
500,GDX,2025-01-02,2025-01-03,2025,1,-0.005960828839057464,-0.005960828839057464,True,,1
500,GDX,2025-01-02,2025-01-03,2025,2,-0.012849800114220544,-0.018734033494181013,True,,1
500,GDX,2025-01-02,2025-01-03,2025,3,0.014463407578825471,-0.004541583877377131,True,,1
500,GDX,2025-01-02,2025-01-03,2025,4,0.02423723980610215,0.019585580471189523,True,,1
500,GDX,2025-01-02,2025-01-03,2025,5,0.00111358574610243,0.020720976440533834,True,,1
500,GDX,2025-01-02,2025-01-03,2025,6,-0.01696329254727469,0.0034061879080331536,True,,1
500,GDX,2025-01-02,2025-01-03,2025,7,0.02857142857142847,0.03207493613397672,True,,1
500,GDX,2025-01-02,2025-01-03,2025,8,0.009625962596259585,0.04200965086573949,True,,1
500,GDX,2025-01-02,2025-01-03,2025,9,-0.0029964587305910673,0.0388873119500428,True,,1
500,GDX,2025-01-02,2025-01-03,2025,10,0.005191256830600954,0.04428044280442811,True,,1
500,GDX,2025-01-02,2025-01-03,2025,11,0.022832291383528158,0.06812375816065863,True,,1
500,GDX,2025-01-02,2025-01-03,2025,12,-0.0026574541589158285,0.06528526823729797,True,,1
500,GDX,2025-01-02,2025-01-03,2025,13,-0.0005329070077272346,0.0647175702526257,True,,1
500,GDX,2025-01-02,2025-01-03,2025,14,0.011996800853105949,0.07749077490774914,True,,1
500,GDX,2025-01-02,2025-01-03,2025,15,-0.015542676501580699,0.0607436843599205,True,,1
500,GDX,2025-01-02,2025-01-03,2025,16,0.008563018464008643,0.06982685211467499,True,,1
500,GDX,2025-01-02,2025-01-03,2025,17,0.005837092066861116,0.07607152994606858,True,,1
500,GDX,2025-01-02,2025-01-03,2025,18,0.03956739646531249,0.11864887879648034,True,,1
500,GDX,2025-01-02,2025-01-03,2025,19,-0.011672164425272635,0.10559182514902088,True,,1
500,GDX,2025-01-02,2025-01-03,2025,20,0.015147625160462086,0.12233891569684929,True,time_h20,1
500,UNH,2025-01-02,2025-01-03,2025,1,0.013133208255159401,0.013133208255159401,True,,1
500,UNH,2025-01-02,2025-01-03,2025,2,0.0011111111111112848,0.014258911819887476,True,,1
500,UNH,2025-01-02,2025-01-03,2025,3,0.0010125202017250423,0.015285869457884793,True,,1
500,UNH,2025-01-02,2025-01-03,2025,4,0.019704720963255484,0.035291794213488714,True,,1
500,UNH,2025-01-02,2025-01-03,2025,5,-0.00700087749418199,0.028043843191468243,True,,1
500,UNH,2025-01-02,2025-01-03,2025,6,0.04024589376620891,0.06941838649155718,True,,1
500,UNH,2025-01-02,2025-01-03,2025,7,0.004136657433056357,0.0738422040090847,True,,1
500,UNH,2025-01-02,2025-01-03,2025,8,-0.0010299039982345493,0.0727362496297026,True,,1
500,UNH,2025-01-02,2025-01-03,2025,9,-0.05935417357045536,0.00906487607386186,True,,1
500,UNH,2025-01-02,2025-01-03,2025,10,-0.0015657415743531855,0.007484941246173493,True,,1
500,UNH,2025-01-02,2025-01-03,2025,11,0.02891363155212301,0.03661498963167764,True,,1
500,UNH,2025-01-02,2025-01-03,2025,12,-0.010859418163805645,0.025357953984398218,True,,1
500,UNH,2025-01-02,2025-01-03,2025,13,0.019742290876172408,0.04560086896415538,True,,1
500,UNH,2025-01-02,2025-01-03,2025,14,0.005798579631308476,0.05166386886540919,True,,1
500,UNH,2025-01-02,2025-01-03,2025,15,0.02105124786389001,0.07380270563839253,True,,1
500,UNH,2025-01-02,2025-01-03,2025,16,-0.0025564628853086413,0.07105756887528392,True,,1
500,UNH,2025-01-02,2025-01-03,2025,17,-0.008150019360905869,0.062328428952305615,True,,1
500,UNH,2025-01-02,2025-01-03,2025,18,0.014537747950400748,0.07777229189295931,True,,1
500,UNH,2025-01-02,2025-01-03,2025,19,-0.00568046469866057,0.07165004443566692,True,,1
500,UNH,2025-01-02,2025-01-03,2025,20,0.010264821333136886,0.08265034067344734,True,time_h20,1
500,FERG,2025-01-03,2025-01-06,2025,1,-0.016487859966120788,-0.016487859966120788,True,,1
500,FERG,2025-01-03,2025-01-06,2025,2,-0.012515788265013206,-0.02879728966685491,True,stop,1
500,GDX,2025-01-03,2025-01-06,2025,1,-0.012285714285714233,-0.012285714285714233,True,,1
500,GDX,2025-01-03,2025-01-06,2025,2,0.014463407578825471,0.0020000000000000018,True,,1
500,GDX,2025-01-03,2025-01-06,2025,3,0.02423723980610215,0.026285714285714246,True,,1
500,GDX,2025-01-03,2025-01-06,2025,4,0.00111358574610243,0.027428571428571358,True,,1
500,GDX,2025-01-03,2025-01-06,2025,5,-0.01696329254727469,0.010000000000000009,True,,1
500,GDX,2025-01-03,2025-01-06,2025,6,0.02857142857142847,0.03885714285714292,True,,1
500,GDX,2025-01-03,2025-01-06,2025,7,0.009625962596259585,0.04885714285714293,True,,1
500,GDX,2025-01-03,2025-01-06,2025,8,-0.0029964587305910673,0.04571428571428582,True,,1
500,GDX,2025-01-03,2025-01-06,2025,9,0.005191256830600954,0.05114285714285716,True,,1
500,GDX,2025-01-03,2025-01-06,2025,10,0.022832291383528158,0.07514285714285718,True,,1
500,GDX,2025-01-03,2025-01-06,2025,11,-0.0026574541589158285,0.07228571428571429,True,,1
500,GDX,2025-01-03,2025-01-06,2025,12,-0.0005329070077272346,0.07171428571428562,True,,1
500,GDX,2025-01-03,2025-01-06,2025,13,0.011996800853105949,0.08457142857142852,True,,1
500,GDX,2025-01-03,2025-01-06,2025,14,-0.015542676501580699,0.06771428571428562,True,,1
500,GDX,2025-01-03,2025-01-06,2025,15,0.008563018464008643,0.07685714285714274,True,,1
500,GDX,2025-01-03,2025-01-06,2025,16,0.005837092066861116,0.08314285714285696,True,,1
500,GDX,2025-01-03,2025-01-06,2025,17,0.03956739646531249,0.1259999999999999,True,,1
500,GDX,2025-01-03,2025-01-06,2025,18,-0.011672164425272635,0.11285714285714299,True,,1
500,GDX,2025-01-03,2025-01-06,2025,19,0.015147625160462086,0.12971428571428567,True,,1
500,GDX,2025-01-03,2025-01-06,2025,20,0.01325240263024785,0.1446857142857143,True,target60,1
500,ODFL,2025-01-03,2025-01-06,2025,1,0.005780028624903677,0.005780028624903677,True,,1
500,ODFL,2025-01-03,2025-01-06,2025,2,-0.011493623775381767,-0.005780028624903566,True,,1
500,ODFL,2025-01-03,2025-01-06,2025,3,-0.006035103261170516,-0.011780248816470218,True,,1
500,ODFL,2025-01-03,2025-01-06,2025,4,-0.019217914438502737,-0.03077177144115384,True,stop,1
500,FERG,2025-01-06,2025-01-07,2025,1,-0.004975124378109541,-0.004975124378109541,True,stop,1
500,GDX,2025-01-06,2025-01-07,2025,1,-0.005106382978723345,-0.005106382978723345,True,,1
500,GDX,2025-01-06,2025-01-07,2025,2,0.02423723980610215,0.019007092198581654,True,,1
500,GDX,2025-01-06,2025-01-07,2025,3,0.00111358574610243,0.020141843971631213,True,,1
500,GDX,2025-01-06,2025-01-07,2025,4,-0.01696329254727469,0.0028368794326241176,True,,1
500,GDX,2025-01-06,2025-01-07,2025,5,0.02857142857142847,0.03148936170212768,True,,1
500,GDX,2025-01-06,2025-01-07,2025,6,0.009625962596259585,0.04141843971631198,True,,1
500,GDX,2025-01-06,2025-01-07,2025,7,-0.0029964587305910673,0.038297872340425476,True,,1
500,GDX,2025-01-06,2025-01-07,2025,8,0.005191256830600954,0.04368794326241132,True,,1
500,GDX,2025-01-06,2025-01-07,2025,9,0.022832291383528158,0.06751773049645404,True,,1
500,GDX,2025-01-06,2025-01-07,2025,10,-0.0026574541589158285,0.06468085106382992,True,,1
500,GDX,2025-01-06,2025-01-07,2025,11,-0.0005329070077272346,0.06411347517730492,True,,1
500,GDX,2025-01-06,2025-01-07,2025,12,0.011996800853105949,0.07687943262411356,True,,1
500,GDX,2025-01-06,2025-01-07,2025,13,-0.015542676501580699,0.060141843971631026,True,,1
500,GDX,2025-01-06,2025-01-07,2025,14,0.008563018464008643,0.06921985815602838,True,,1
500,GDX,2025-01-06,2025-01-07,2025,15,0.005837092066861116,0.0754609929078014,True,,1
500,GDX,2025-01-06,2025-01-07,2025,16,0.03956739646531249,0.11801418439716294,True,,1
500,GDX,2025-01-06,2025-01-07,2025,17,-0.011672164425272635,0.10496453900709235,True,,1
500,GDX,2025-01-06,2025-01-07,2025,18,0.015147625160462086,0.12170212765957444,True,,1
500,GDX,2025-01-06,2025-01-07,2025,19,0.01325240263024785,0.1365673758865249,True,target60,1
500,ODFL,2025-01-06,2025-01-07,2025,1,-0.009487770099813497,-0.009487770099813497,True,,1
500,ODFL,2025-01-06,2025-01-07,2025,2,-0.006035103261170516,-0.015465613688713353,True,,1
500,ODFL,2025-01-06,2025-01-07,2025,3,-0.019217914438502737,-0.03438631128660752,True,stop,1
500,GDX,2025-01-07,2025-01-08,2025,1,0.014116318464144628,0.014116318464144628,True,,1
500,GDX,2025-01-07,2025-01-08,2025,2,0.00111358574610243,0.015245623941276154,True,,1
500,GDX,2025-01-07,2025-01-08,2025,3,-0.01696329254727469,-0.0019762845849802257,True,,1
500,GDX,2025-01-07,2025-01-08,2025,4,0.02857142857142847,0.026538678712591635,True,,1
500,GDX,2025-01-07,2025-01-08,2025,5,0.009625962596259585,0.036420101637492985,True,,1
500,GDX,2025-01-07,2025-01-08,2025,6,-0.0029964587305910673,0.033314511575381234,True,,1
500,GDX,2025-01-07,2025-01-08,2025,7,0.005191256830600954,0.03867871259175604,True,,1
500,GDX,2025-01-07,2025-01-08,2025,8,0.022832291383528158,0.06239412761151897,True,,1
500,GDX,2025-01-07,2025-01-08,2025,9,-0.0026574541589158285,0.05957086391869004,True,,1
500,GDX,2025-01-07,2025-01-08,2025,10,-0.0005329070077272346,0.05900621118012417,True,,1
500,GDX,2025-01-07,2025-01-08,2025,11,0.011996800853105949,0.07171089779785422,True,,1
500,GDX,2025-01-07,2025-01-08,2025,12,-0.015542676501580699,0.05505364201016372,True,,1
500,GDX,2025-01-07,2025-01-08,2025,13,0.008563018464008643,0.06408808582721615,True,,1
500,GDX,2025-01-07,2025-01-08,2025,14,0.005837092066861116,0.07029926595143965,True,,1
500,GDX,2025-01-07,2025-01-08,2025,15,0.03956739646531249,0.11264822134387331,True,,1
500,GDX,2025-01-07,2025-01-08,2025,16,-0.011672164425272635,0.09966120835686065,True,,1
500,GDX,2025-01-07,2025-01-08,2025,17,0.015147625160462086,0.11631846414455094,True,,1
500,GDX,2025-01-07,2025-01-08,2025,18,0.01325240263024785,0.13111236589497444,True,target60,1
500,SHOP,2025-01-07,2025-01-08,2025,1,0.011269722013523609,0.011269722013523609,True,,1
500,SHOP,2025-01-07,2025-01-08,2025,2,-0.03473254086181288,-0.0238542449286252,True,stop_gap,1
500,MCHP,2025-01-08,2025-01-10,2025,1,-0.0037851478010092476,-0.0037851478010092476,True,stop,1
500,WDAY,2025-01-10,2025-01-13,2025,1,-0.004756721893014126,-0.004756721893014126,True,stop,1
500,LHX,2025-01-13,2025-01-14,2025,1,-0.0005580616658140691,-0.0005580616658140691,True,,1
500,LHX,2025-01-13,2025-01-14,2025,2,-0.003815550695639991,-0.004371483048876912,True,,1
500,LHX,2025-01-13,2025-01-14,2025,3,0.02041197627166147,0.015951262614518846,True,,1
500,LHX,2025-01-13,2025-01-14,2025,4,-0.001281699166895578,0.014649118727619426,True,,1
500,LHX,2025-01-13,2025-01-14,2025,5,0.021564763039692014,0.0365297865414127,True,,1
500,LHX,2025-01-13,2025-01-14,2025,6,-0.012674697714067706,0.02339208482537325,True,,1
500,LHX,2025-01-13,2025-01-14,2025,7,-0.0008634008906661661,0.02250848718783427,True,,1
500,LHX,2025-01-13,2025-01-14,2025,8,-0.005639696184108867,0.016741849974422074,True,,1
500,LHX,2025-01-13,2025-01-14,2025,9,0.01696930887801318,0.03399525647584056,True,,1
500,LHX,2025-01-13,2025-01-14,2025,10,-0.041018260322029376,-0.008417430126028913,True,,1
500,LHX,2025-01-13,2025-01-14,2025,11,-0.005346590376137272,-0.01371901595126257,True,,1
500,LHX,2025-01-13,2025-01-14,2025,12,-0.00047152018106388915,-0.014184067339441109,True,,1
500,LHX,2025-01-13,2025-01-14,2025,13,0.0009434852344560873,-0.013253964563084142,True,,1
500,LHX,2025-01-13,2025-01-14,2025,14,0.003251955886511393,-0.010045109984653244,True,,1
500,LHX,2025-01-13,2025-01-14,2025,15,-0.00981819890073754,-0.01976468399758169,True,,1
500,LHX,2025-01-13,2025-01-14,2025,16,-0.008112724167378293,-0.027717062735432285,True,,1
500,LHX,2025-01-13,2025-01-14,2025,17,-0.012005548380925046,-0.03938985257870997,True,,1
500,LHX,2025-01-13,2025-01-14,2025,18,-0.0025174283501162575,-0.04180811979723764,True,,1
500,LHX,2025-01-13,2025-01-14,2025,19,0.011745292176276623,-0.030553876203320396,True,,1
500,LHX,2025-01-13,2025-01-14,2025,20,-0.008634750071956354,-0.038924801190531544,True,time_h20,1
500,LHX,2025-01-15,2025-01-16,2025,1,0.022752808988764084,0.022752808988764084,True,,1
500,LHX,2025-01-15,2025-01-16,2025,2,-0.001281699166895578,0.021441947565543185,True,,1
500,LHX,2025-01-15,2025-01-16,2025,3,0.021564763039692014,0.04346910112359548,True,,1
500,LHX,2025-01-15,2025-01-16,2025,4,-0.012674697714067706,0.030243445692883952,True,,1
500,LHX,2025-01-15,2025-01-16,2025,5,-0.0008634008906661661,0.02935393258426977,True,,1
500,LHX,2025-01-15,2025-01-16,2025,6,-0.005639696184108867,0.023548689138576773,True,,1
500,LHX,2025-01-15,2025-01-16,2025,7,0.01696930887801318,0.0409176029962548,True,,1
500,LHX,2025-01-15,2025-01-16,2025,8,-0.041018260322029376,-0.0017790262172284743,True,,1
500,LHX,2025-01-15,2025-01-16,2025,9,-0.005346590376137272,-0.007116104868913786,True,,1
500,LHX,2025-01-15,2025-01-16,2025,10,-0.00047152018106388915,-0.007584269662921361,True,,1
500,LHX,2025-01-15,2025-01-16,2025,11,0.0009434852344560873,-0.006647940074906322,True,,1
500,LHX,2025-01-15,2025-01-16,2025,12,0.003251955886511393,-0.0034176029962545984,True,,1
500,LHX,2025-01-15,2025-01-16,2025,13,-0.00981819890073754,-0.013202247191011152,True,,1
500,LHX,2025-01-15,2025-01-16,2025,14,-0.008112724167378293,-0.02120786516853934,True,,1
500,LHX,2025-01-15,2025-01-16,2025,15,-0.012005548380925046,-0.032958801498127355,True,,1
500,LHX,2025-01-15,2025-01-16,2025,16,-0.0025174283501162575,-0.03539325842696628,True,,1
500,LHX,2025-01-15,2025-01-16,2025,17,0.011745292176276623,-0.024063670411984983,True,,1
500,LHX,2025-01-15,2025-01-16,2025,18,-0.008634750071956354,-0.03249063670411989,True,,1
500,LHX,2025-01-15,2025-01-16,2025,19,-0.018823187844769107,-0.05070224719101113,True,stop,1
500,SQQQ,2025-02-05,2025-02-06,2025,1,-0.012761432116270788,-0.012761432116270788,True,,1
500,SQQQ,2025-02-05,2025-02-06,2025,2,0.03895870736086171,0.025700106345267537,True,,1
500,SQQQ,2025-02-05,2025-02-06,2025,3,-0.03576982892690517,-0.010989010989011061,True,,1
500,SQQQ,2025-02-05,2025-02-06,2025,4,0.008064516129032251,-0.003013115916341791,True,,1
500,SQQQ,2025-02-05,2025-02-06,2025,5,-0.0019555555555555992,-0.00496277915632759,True,,1
500,SQQQ,2025-02-05,2025-02-06,2025,6,-0.02974706091913082,-0.03456221198156684,True,stop,1
500,SQQQ,2025-02-06,2025-02-07,2025,1,0.04082733812949635,0.04082733812949635,True,,1
500,SQQQ,2025-02-06,2025-02-07,2025,2,-0.03576982892690517,0.003597122302158251,True,,1
500,SQQQ,2025-02-06,2025-02-07,2025,3,0.008064516129032251,0.011690647482014427,True,,1
500,SQQQ,2025-02-06,2025-02-07,2025,4,-0.0019555555555555992,0.009712230215827233,True,,1
500,SQQQ,2025-02-06,2025-02-07,2025,5,-0.02974706091913082,-0.02032374100719425,True,stop,1
500,HUM,2025-02-07,2025-02-10,2025,1,-0.020605705067096913,-0.020605705067096913,True,stop,1
500,SQQQ,2025-02-10,2025-02-11,2025,1,-0.010728104115371062,-0.010728104115371062,True,,1
500,SQQQ,2025-02-10,2025-02-11,2025,2,-0.0019555555555555992,-0.0126626802673232,True,,1
500,SQQQ,2025-02-10,2025-02-11,2025,3,-0.02974706091913082,-0.04203306366514248,True,stop,1
500,FBTC,2025-02-11,2025-02-12,2025,1,0.0241837968561065,0.0241837968561065,True,,1
500,FBTC,2025-02-11,2025-02-12,2025,2,-0.007438016528925728,0.016565900846432724,True,,1
500,FBTC,2025-02-11,2025-02-12,2025,3,0.011062210063042865,0.027811366384522307,True,,1
500,FBTC,2025-02-11,2025-02-12,2025,4,-0.029882352941176582,-0.0029020556227328242,True,stop,1
500,GBTC,2025-02-11,2025-02-12,2025,1,-0.0014680368343789052,-0.0014680368343789052,True,stop,1
500,IBIT,2025-02-11,2025-02-12,2025,1,0.02489318224038639,0.02489318224038639,True,,1
500,IBIT,2025-02-11,2025-02-12,2025,2,-0.0076128330614464446,0.01709084153817586,True,,1
500,IBIT,2025-02-11,2025-02-12,2025,3,0.010867579908675706,0.028144157532974168,True,,1
500,IBIT,2025-02-11,2025-02-12,2025,4,-0.029903333634474727,-0.002600780234070177,True,stop,1
500,FBTC,2025-02-12,2025-02-13,2025,1,0.003581234332099781,0.003581234332099781,True,,1
500,FBTC,2025-02-12,2025-02-13,2025,2,0.011062210063042865,0.014683060761609301,True,,1
500,FBTC,2025-02-12,2025-02-13,2025,3,-0.029882352941176582,-0.01563805658350248,True,stop,1
500,GBTC,2025-02-12,2025-02-13,2025,1,0.0034224035803607222,0.0034224035803607222,True,,1
500,GBTC,2025-02-12,2025-02-13,2025,2,0.010232192050373845,0.013689614321442667,True,,1
500,GBTC,2025-02-12,2025-02-13,2025,3,-0.028437865212310287,-0.015137554297749212,True,stop,1
500,SQQQ,2025-02-12,2025-02-13,2025,1,-0.0210280373831776,-0.0210280373831776,True,stop,1
500,FBTC,2025-02-13,2025-02-14,2025,1,0.006870409855484372,0.006870409855484372,True,,1
500,FBTC,2025-02-13,2025-02-14,2025,2,-0.029882352941176582,-0.02321724709784423,True,stop,1
500,GBTC,2025-02-13,2025-02-14,2025,1,0.007061592781482995,0.007061592781482995,True,,1
500,GBTC,2025-02-13,2025-02-14,2025,2,-0.028437865212310287,-0.021577089054531262,True,stop,1
500,IBIT,2025-02-13,2025-02-14,2025,1,0.0073716781943939935,0.0073716781943939935,True,,1
500,IBIT,2025-02-13,2025-02-14,2025,2,-0.029903333634474727,-0.022752093192573764,True,stop,1
500,BAH,2025-02-18,2025-02-19,2025,1,-0.005485232067510615,-0.005485232067510615,True,,1
500,BAH,2025-02-18,2025-02-19,2025,2,-0.015952481968604104,-0.02135021097046419,True,stop,1
500,BAH,2025-02-19,2025-02-20,2025,1,-0.004292950974499887,-0.004292950974499887,True,stop,1
500,ULTA,2025-02-25,2025-02-26,2025,1,-0.0007358552272975771,-0.0007358552272975771,True,,1
500,ULTA,2025-02-25,2025-02-26,2025,2,-0.0018546297558978964,-0.002589120244194887,True,,1
500,ULTA,2025-02-25,2025-02-26,2025,3,0.0013389075607288525,-0.0012536792761366211,True,,1
500,ULTA,2025-02-25,2025-02-26,2025,4,-0.03809419854827256,-0.03930011991714821,True,stop,1
500,BKR,2025-02-26,2025-02-27,2025,1,-0.009320300068197396,-0.009320300068197396,True,,1
500,BKR,2025-02-26,2025-02-27,2025,2,0.022716842588343278,0.013184814730620609,True,,1
500,BKR,2025-02-26,2025-02-27,2025,3,-0.02198788422705844,-0.009092975676290083,True,,1
500,BKR,2025-02-26,2025-02-27,2025,4,-0.014223445744436902,-0.023187087974539722,True,stop,1
500,ULTA,2025-02-26,2025-02-27,2025,1,0.004942746519482677,0.004942746519482677,True,,1
500,ULTA,2025-02-26,2025-02-27,2025,2,0.0013389075607288525,0.006288271960897207,True,,1
500,ULTA,2025-02-26,2025-02-27,2025,3,-0.03809419854827256,-0.03204547326797924,True,stop,1
500,BKR,2025-02-27,2025-02-28,2025,1,0.026012891344383116,0.026012891344383116,True,,1
500,BKR,2025-02-27,2025-02-28,2025,2,-0.02198788422705844,0.0034530386740332375,True,,1
500,BKR,2025-02-27,2025-02-28,2025,3,-0.014223445744436902,-0.01081952117863716,True,stop,1
500,ULTA,2025-02-27,2025-02-28,2025,1,-0.002639958631576178,-0.002639958631576178,True,,1
500,ULTA,2025-02-27,2025-02-28,2025,2,-0.03809419854827256,-0.040633590071578296,True,stop,1
500,ZS,2025-02-27,2025-02-28,2025,1,0.024148542220831404,0.024148542220831404,True,,1
500,ZS,2025-02-27,2025-02-28,2025,2,-0.03498675901405579,-0.011683096020445372,True,stop,1
500,DELL,2025-02-28,2025-03-03,2025,1,-0.05089733693554621,-0.05089733693554621,True,stop,1
500,ULTA,2025-02-28,2025-03-03,2025,1,-0.03474903474903479,-0.03474903474903479,True,stop,1
500,BKR,2025-03-03,2025-03-04,2025,1,-0.0006976744186046879,-0.0006976744186046879,True,stop,1
500,NEM,2025-03-03,2025-03-04,2025,1,-0.016378100140383767,-0.016378100140383767,True,stop,1
500,DE,2025-03-04,2025-03-05,2025,1,0.015117617671973838,0.015117617671973838,True,,1
500,DE,2025-03-04,2025-03-05,2025,2,0.033294105060447166,0.04891505028345544,True,,1
500,DE,2025-03-04,2025-03-05,2025,3,0.010792901368784857,0.060235886965398944,True,target60,1
500,NEM,2025-03-04,2025-03-05,2025,1,0.023103850641773782,0.023103850641773782,True,,1
500,NEM,2025-03-04,2025-03-05,2025,2,0.0013686131386860811,0.02450408401400228,True,,1
500,NEM,2025-03-04,2025-03-05,2025,3,-0.0009111617312073106,0.023570595099183134,True,,1
500,NEM,2025-03-04,2025-03-05,2025,4,-0.041495668034655764,-0.01890315052508762,True,stop,1
500,SNPS,2025-03-05,2025-03-06,2025,1,0.012928586035309442,0.012928586035309442,True,,1
500,SNPS,2025-03-05,2025-03-06,2025,2,0.011395244504261992,0.02447115493853813,True,,1
500,SNPS,2025-03-05,2025-03-06,2025,3,-0.046819552874379,-0.023494126468383003,True,stop,1
500,SNPS,2025-03-06,2025-03-07,2025,1,0.01719081351802565,0.01719081351802565,True,,1
500,SNPS,2025-03-06,2025-03-07,2025,2,-0.046819552874379,-0.030433605558814247,True,stop,1
500,SNPS,2025-03-07,2025-03-10,2025,1,-0.019215408840913772,-0.019215408840913772,True,stop,1
500,LULU,2025-03-10,2025-03-11,2025,1,-0.036004193500075,-0.036004193500075,True,stop,1
500,SNPS,2025-03-10,2025-03-11,2025,1,-0.002923230401596144,-0.002923230401596144,True,stop,1
500,MCHP,2025-03-11,2025-03-12,2025,1,-0.012171928489920103,-0.012171928489920103,True,,1
500,MCHP,2025-03-11,2025-03-12,2025,2,-0.0003850596842509546,-0.012552301255230103,True,,1
500,MCHP,2025-03-11,2025-03-12,2025,3,0.030238828967642517,0.01730696082160521,True,,1
500,MCHP,2025-03-11,2025-03-12,2025,4,0.032903346419891566,0.05077976416888563,True,,1
500,MCHP,2025-03-11,2025-03-12,2025,5,-0.01918552036199095,0.030620007607455202,True,,1
500,MCHP,2025-03-11,2025-03-12,2025,6,0.0070123639047794395,0.03784709014834542,True,,1
500,MCHP,2025-03-11,2025-03-12,2025,7,-0.06542056074766356,-0.030049448459490313,True,,1
500,MCHP,2025-03-11,2025-03-12,2025,8,-0.015490196078431384,-0.045074172689235414,True,stop,1
500,SNPS,2025-03-11,2025-03-12,2025,1,-0.022183026931687166,-0.022183026931687166,True,,1
500,SNPS,2025-03-11,2025-03-12,2025,2,-0.0061283011886592575,-0.02817538385003282,True,stop,1
500,MCHP,2025-03-12,2025-03-13,2025,1,0.00737291424136588,0.00737291424136588,True,,1
500,MCHP,2025-03-12,2025-03-13,2025,2,0.030238828967642517,0.03783469150174623,True,,1
500,MCHP,2025-03-12,2025-03-13,2025,3,0.032903346419891566,0.07198292588280952,True,,1
500,MCHP,2025-03-12,2025-03-13,2025,4,-0.01918552036199095,0.051416375630578104,True,,1
500,MCHP,2025-03-12,2025-03-13,2025,5,0.0070123639047794395,0.058789289871944206,True,,1
500,MCHP,2025-03-12,2025-03-13,2025,6,-0.06542056074766356,-0.010477299185098987,True,,1
500,MCHP,2025-03-12,2025-03-13,2025,7,-0.015490196078431384,-0.02580519984478069,True,stop,1
500,SNPS,2025-03-12,2025-03-13,2025,1,-0.004309246345249429,-0.004309246345249429,True,stop,1
500,MCHP,2025-03-13,2025-03-14,2025,1,0.01470169780897268,0.01470169780897268,True,,1
500,MCHP,2025-03-13,2025-03-14,2025,2,0.032903346419891566,0.04808877928483346,True,,1
500,MCHP,2025-03-13,2025-03-14,2025,3,-0.01918552036199095,0.027980650668689933,True,,1
500,MCHP,2025-03-13,2025-03-14,2025,4,0.0070123639047794395,0.03518922507825084,True,,1
500,MCHP,2025-03-13,2025-03-14,2025,5,-0.06542056074766356,-0.032533434506307524,True,,1
500,MCHP,2025-03-13,2025-03-14,2025,6,-0.015490196078431384,-0.0475196813051314,True,stop,1
500,SNPS,2025-03-14,2025-03-17,2025,1,0.01912359550561793,0.01912359550561793,True,,1
500,SNPS,2025-03-14,2025-03-17,2025,2,-0.011995325351149888,0.006898876404494381,True,,1
500,SNPS,2025-03-14,2025-03-17,2025,3,0.004887629165085894,0.011820224719101047,True,,1
500,SNPS,2025-03-14,2025-03-17,2025,4,-0.0003331408519521295,0.01148314606741585,True,,1
500,SNPS,2025-03-14,2025-03-17,2025,5,-0.003154784386039,0.008292134831460629,True,,1
500,SNPS,2025-03-14,2025-03-17,2025,6,0.020236689028059418,0.02869662921348315,True,,1
500,SNPS,2025-03-14,2025-03-17,2025,7,-0.00179129257050481,0.026853932584269602,True,,1
500,SNPS,2025-03-14,2025-03-17,2025,8,-0.01595360542728952,0.010471910112359595,True,,1
500,SNPS,2025-03-14,2025-03-17,2025,9,-0.00724992216341247,0.0031460674157302027,True,,1
500,SNPS,2025-03-14,2025-03-17,2025,10,-0.01890681003584227,-0.01582022471910116,True,,1
500,SNPS,2025-03-14,2025-03-17,2025,11,-0.020412823088866605,-0.03591011235955055,True,stop_gap,1
500,GILD,2025-03-19,2025-03-20,2025,1,-0.00959513222560271,-0.00959513222560271,True,stop,1
500,GILD,2025-03-24,2025-03-25,2025,1,0.01058647180063721,0.01058647180063721,True,,1
500,GILD,2025-03-24,2025-03-25,2025,2,0.0129785853341986,0.023702454562488207,True,,1
500,GILD,2025-03-24,2025-03-25,2025,3,0.01693053903175623,0.041034288926363294,True,,1
500,GILD,2025-03-24,2025-03-25,2025,4,0.006029517638588944,0.04731122353382067,True,,1
500,GILD,2025-03-24,2025-03-25,2025,5,0.002146882547633844,0.04955967772156655,True,,1
500,GILD,2025-03-24,2025-03-25,2025,6,-0.006783897170400843,0.04243957279370436,True,,1
500,GILD,2025-03-24,2025-03-25,2025,7,0.005482160510470013,0.048154393854225264,True,,1
500,GILD,2025-03-24,2025-03-25,2025,8,0.021594565606006366,0.07078883267753411,True,target60,1
500,TMF,2025-03-24,2025-03-25,2025,1,0.008313539192399189,0.008313539192399189,True,,1
500,TMF,2025-03-24,2025-03-25,2025,2,-0.022143698468786943,-0.014014251781472753,True,stop,1
500,FE,2025-03-25,2025-03-26,2025,1,0.00997899159663862,0.00997899159663862,True,,1
500,FE,2025-03-25,2025-03-26,2025,2,0.026001040041601753,0.03623949579831942,True,,1
500,FE,2025-03-25,2025-03-26,2025,3,0.014951849974657705,0.05173319327731085,True,,1
500,FE,2025-03-25,2025-03-26,2025,4,0.008863920099875244,0.061055672268907735,True,,1
500,FE,2025-03-25,2025-03-26,2025,5,-0.0001237470610073732,0.060924369747899165,True,,1
500,FE,2025-03-25,2025-03-26,2025,6,0.004207920792079323,0.06538865546218497,True,,1
500,FE,2025-03-25,2025-03-26,2025,7,0.01873305398077396,0.08534663865546221,True,target60,1
500,TMF,2025-03-25,2025-03-26,2025,1,-0.007887189292543173,-0.007887189292543173,True,stop,1
500,ETN,2025-03-28,2025-03-31,2025,1,-0.0013805970149254332,-0.0013805970149254332,True,stop,1
500,FSLR,2025-03-28,2025-03-31,2025,1,-0.007779772591262835,-0.007779772591262835,True,stop,1
500,MU,2025-03-28,2025-03-31,2025,1,0.009409851301115157,0.009409851301115157,True,,1
500,MU,2025-03-28,2025-03-31,2025,2,0.02129128783519385,0.030901486988847537,True,,1
500,MU,2025-03-28,2025-03-31,2025,3,-0.0018030200585981149,0.029042750929368033,True,,1
500,MU,2025-03-28,2025-03-31,2025,4,-0.06395348837209291,-0.036768122676579806,True,stop_gap,1
500,ETN,2025-03-31,2025-04-01,2025,1,0.017953717670431635,0.017953717670431635,True,,1
500,ETN,2025-03-31,2025-04-01,2025,2,0.02558820340453205,0.04400132445458227,True,,1
500,ETN,2025-03-31,2025-04-01,2025,3,-0.08365930154702761,-0.04333909716345985,True,stop_gap,1
500,MU,2025-03-31,2025-04-01,2025,1,0.0025985764320415328,0.0025985764320415328,True,,1
500,MU,2025-03-31,2025-04-01,2025,2,-0.0018030200585981149,0.000790871088012679,True,,1
500,MU,2025-03-31,2025-04-01,2025,3,-0.06395348837209291,-0.06321319624901145,True,stop_gap,1
500,ADP,2025-04-08,2025-04-09,2025,1,0.07171100450646883,0.07171100450646883,True,target60,1
500,FERG,2025-04-08,2025-04-09,2025,1,-0.0017055532814844732,-0.0017055532814844732,True,stop,1
500,MCK,2025-04-08,2025-04-09,2025,1,0.03949566831683171,0.03949566831683171,True,,1
500,MCK,2025-04-08,2025-04-09,2025,2,0.028119000491122703,0.06872524752475262,True,target60,1
500,PAYX,2025-04-08,2025-04-09,2025,1,-0.0011813349084465186,-0.0011813349084465186,True,stop,1
500,USO,2025-04-30,2025-05-01,2025,1,0.015096713319704191,0.015096713319704191,True,,1
500,USO,2025-04-30,2025-05-01,2025,2,-0.008520526723470145,0.006447554646957121,True,,1
500,USO,2025-04-30,2025-05-01,2025,3,-0.02554687499999997,-0.019264035225664444,True,,1
500,USO,2025-04-30,2025-05-01,2025,4,0.035997755151126354,0.016040257902185884,True,,1
500,USO,2025-04-30,2025-05-01,2025,5,-0.016560903884847544,-0.000786287152067966,True,,1
500,USO,2025-04-30,2025-05-01,2025,6,0.03226314132829722,0.031451486082717306,True,,1
500,USO,2025-04-30,2025-05-01,2025,7,0.016008537886873064,0.047963516276144036,True,,1
500,USO,2025-04-30,2025-05-01,2025,8,0.014705882352941346,0.06337474445667568,True,,1
500,USO,2025-04-30,2025-05-01,2025,9,0.029207335107956034,0.09443308696335895,True,,1
500,USO,2025-04-30,2025-05-01,2025,10,-0.012572742294705064,0.08067306180217004,True,,1
500,USO,2025-04-30,2025-05-01,2025,11,-0.01658905704307334,0.06274571473502122,True,,1
500,USO,2025-04-30,2025-05-01,2025,12,0.008064516129032251,0.0713162446925617,True,,1
500,USO,2025-04-30,2025-05-01,2025,13,0.005431192660550588,0.07713476961786436,True,,1
500,USO,2025-04-30,2025-05-01,2025,14,0.0029199211621284693,0.080279918226136,True,,1
500,USO,2025-04-30,2025-05-01,2025,15,-0.01579445374481392,0.06321748702626184,True,,1
500,USO,2025-04-30,2025-05-01,2025,16,-0.007099541487945671,0.055669130366409636,True,,1
500,USO,2025-04-30,2025-05-01,2025,17,0.012513034410844615,0.06887875452115111,True,,1
500,USO,2025-04-30,2025-05-01,2025,18,-0.010004413711931615,0.05818524925302726,True,,1
500,USO,2025-04-30,2025-05-01,2025,19,0.009362460989745802,0.06809246736908325,True,,1
500,USO,2025-04-30,2025-05-01,2025,20,-0.010674322732626695,0.056691303664097914,True,time_h20,1
500,GDXJ,2025-05-12,2025-05-13,2025,1,0.0001686340640809636,0.0001686340640809636,True,,1
500,GDXJ,2025-05-12,2025-05-13,2025,2,-0.022508851795649987,-0.022344013490725012,True,stop_gap,1
500,BABA,2025-05-23,2025-05-27,2025,1,-0.0025035466911457194,-0.0025035466911457194,True,,1
500,BABA,2025-05-23,2025-05-27,2025,2,-0.01874006525558436,-0.021196695318367653,True,stop,1
500,THC,2025-06-10,2025-06-11,2025,1,0.05450151846651208,0.05450151846651208,True,,1
500,THC,2025-06-10,2025-06-11,2025,2,0.02357240183327125,0.07935865199359937,True,target60,1
500,LYFT,2025-06-12,2025-06-13,2025,1,-0.003970880211780159,-0.003970880211780159,True,stop,1
500,TEAM,2025-06-18,2025-06-20,2025,1,-0.013510068824878929,-0.013510068824878929,True,stop,1
500,BABA,2025-07-09,2025-07-10,2025,1,0.013981358189081305,0.013981358189081305,True,,1
500,BABA,2025-07-09,2025-07-10,2025,2,0.0010317981427634404,0.015027582271257334,True,,1
500,BABA,2025-07-09,2025-07-10,2025,3,0.013868065967016507,0.02910405174053654,True,,1
500,BABA,2025-07-09,2025-07-10,2025,4,0.08142329020332717,0.11289708959482603,True,,1
500,BABA,2025-07-09,2025-07-10,2025,5,-0.01085377318177938,0.1008179570097012,True,,1
500,BABA,2025-07-09,2025-07-10,2025,6,0.012787281838603892,0.1148944264789804,True,,1
500,BABA,2025-07-09,2025-07-10,2025,7,0.03721207984985497,0.15638196690127448,True,target60,1
500,BABA,2025-07-10,2025-07-11,2025,1,-0.0017771957721447462,-0.0017771957721447462,True,,1
500,BABA,2025-07-10,2025-07-11,2025,2,0.013868065967016507,0.012066223926667341,True,,1
500,BABA,2025-07-10,2025-07-11,2025,3,0.08142329020332717,0.09447198578243388,True,,1
500,BABA,2025-07-10,2025-07-11,2025,4,-0.01085377318177938,0.08259283509493964,True,,1
500,BABA,2025-07-10,2025-07-11,2025,5,0.012787281838603892,0.09643625479375184,True,,1
500,BABA,2025-07-10,2025-07-11,2025,6,0.03721207984985497,0.13723692825741285,True,target60,1
500,CHWY,2025-07-10,2025-07-11,2025,1,-0.0034937888198757205,-0.0034937888198757205,True,stop,1
500,BABA,2025-07-11,2025-07-14,2025,1,0.005155836313809337,0.005155836313809337,True,,1
500,BABA,2025-07-11,2025-07-14,2025,2,0.08142329020332717,0.08699893167355666,True,,1
500,BABA,2025-07-11,2025-07-14,2025,3,-0.01085377318177938,0.07520089182033529,True,,1
500,BABA,2025-07-11,2025-07-14,2025,4,0.012787281838603892,0.08894978865716019,True,,1
500,BABA,2025-07-11,2025-07-14,2025,5,0.03721207984985497,0.12947187514515313,True,target60,1
500,OXY,2025-07-16,2025-07-17,2025,1,0.02360540223135632,0.02360540223135632,True,,1
500,OXY,2025-07-16,2025-07-17,2025,2,0.0011473152822396582,0.024779800352319414,True,,1
500,OXY,2025-07-16,2025-07-17,2025,3,-0.014668805867522394,0.009747504403992968,True,,1
500,OXY,2025-07-16,2025-07-17,2025,4,0.013142591300302264,0.023018203170874774,True,,1
500,OXY,2025-07-16,2025-07-17,2025,5,0.020778326254161428,0.04427480916030535,True,,1
500,OXY,2025-07-16,2025-07-17,2025,6,0.003598740440845738,0.04803288314738685,True,,1
500,OXY,2025-07-16,2025-07-17,2025,7,0.0022411474675034793,0.05038167938931282,True,,1
500,OXY,2025-07-16,2025-07-17,2025,8,0.008497316636851604,0.0593071051086318,True,target_gap,1
500,HUBS,2025-07-17,2025-07-18,2025,1,0.024990548204158802,0.024990548204158802,True,,1
500,HUBS,2025-07-17,2025-07-18,2025,2,0.0090553649810039,0.034272211720226764,True,,1
500,HUBS,2025-07-17,2025-07-18,2025,3,0.005172445305503315,0.03962192816635168,True,,1
500,HUBS,2025-07-17,2025-07-18,2025,4,0.02190159284311588,0.06239130434782614,True,,1
500,HUBS,2025-07-17,2025-07-18,2025,5,-0.018247168619496268,0.04300567107750464,True,,1
500,HUBS,2025-07-17,2025-07-18,2025,6,0.013719981875849552,0.057315689981096485,True,,1
500,HUBS,2025-07-17,2025-07-18,2025,7,0.0005900021454621207,0.05793950850661611,True,,1
500,HUBS,2025-07-17,2025-07-18,2025,8,-0.02131689448762608,0.0353875236294896,True,,1
500,HUBS,2025-07-17,2025-07-18,2025,9,-0.016303950923829857,0.018506616257088826,True,,1
500,HUBS,2025-07-17,2025-07-18,2025,10,-0.034948681304404206,-0.017088846880907282,True,stop,1
500,HUBS,2025-07-18,2025-07-21,2025,1,0.003539985326485695,0.003539985326485695,True,,1
500,HUBS,2025-07-18,2025-07-21,2025,2,0.005172445305503315,0.008730741012472398,True,,1
500,HUBS,2025-07-18,2025-07-21,2025,3,0.02190159284311588,0.03082355099046219,True,,1
500,HUBS,2025-07-18,2025-07-21,2025,4,-0.018247168619496268,0.012013939838591225,True,,1
500,HUBS,2025-07-18,2025-07-21,2025,5,0.013719981875849552,0.02589875275128395,True,,1
500,HUBS,2025-07-18,2025-07-21,2025,6,0.0005900021454621207,0.026504035216434296,True,,1
500,HUBS,2025-07-18,2025-07-21,2025,7,-0.02131689448762608,0.004622157006602956,True,,1
500,HUBS,2025-07-18,2025-07-21,2025,8,-0.016303950923829857,-0.01175715333822469,True,,1
500,HUBS,2025-07-18,2025-07-21,2025,9,-0.034948681304404206,-0.046294937637564204,True,stop,1
500,HUBS,2025-07-21,2025-07-22,2025,1,0.00012729818691026296,0.00012729818691026296,True,,1
500,HUBS,2025-07-21,2025-07-22,2025,2,0.02190159284311588,0.022031679063085452,True,,1
500,HUBS,2025-07-21,2025-07-22,2025,3,-0.018247168619496268,0.0033824946807543554,True,,1
500,HUBS,2025-07-21,2025-07-22,2025,4,0.013719981875849552,0.01714888432231909,True,,1
500,HUBS,2025-07-21,2025-07-22,2025,5,0.0005900021454621207,0.01774900434632376,True,,1
500,HUBS,2025-07-21,2025-07-22,2025,6,-0.02131689448762608,-0.003946243794213267,True,,1
500,HUBS,2025-07-21,2025-07-22,2025,7,-0.016303950923829857,-0.02018585535288875,True,,1
500,HUBS,2025-07-21,2025-07-22,2025,8,-0.034948681304404206,-0.05442906763170807,True,stop,1
500,LULU,2025-07-21,2025-07-22,2025,1,0.009333994679172175,0.009333994679172175,True,,1
500,LULU,2025-07-21,2025-07-22,2025,2,0.0009381701215154248,0.0102809216756099,True,,1
500,LULU,2025-07-21,2025-07-22,2025,3,-0.018076322249497956,-0.007981241827118235,True,stop,1
500,HUBS,2025-07-22,2025-07-23,2025,1,0.019048050770625657,0.019048050770625657,True,,1
500,HUBS,2025-07-22,2025-07-23,2025,2,-0.018247168619496268,0.0004533091568450498,True,,1
500,HUBS,2025-07-22,2025-07-23,2025,3,0.013719981875849552,0.014179510426110653,True,,1
500,HUBS,2025-07-22,2025-07-23,2025,4,0.0005900021454621207,0.014777878513145826,True,,1
500,HUBS,2025-07-22,2025-07-23,2025,5,-0.02131689448762608,-0.006854034451495905,True,,1
500,HUBS,2025-07-22,2025-07-23,2025,6,-0.016303950923829857,-0.02304623753399826,True,,1
500,HUBS,2025-07-22,2025-07-23,2025,7,-0.034948681304404206,-0.05718948322756112,True,stop,1
500,CRWD,2025-07-29,2025-07-30,2025,1,-0.018779950783577193,-0.018779950783577193,True,stop,1
500,SPOT,2025-07-29,2025-07-30,2025,1,0.04462279293739968,0.04462279293739968,True,,1
500,SPOT,2025-07-29,2025-07-30,2025,2,-0.037354025814382186,0.005601926163723903,True,,1
500,SPOT,2025-07-29,2025-07-30,2025,3,0.0011652221104885285,0.0067736757624399235,True,,1
500,SPOT,2025-07-29,2025-07-30,2025,4,0.05001434903223756,0.057126805778491274,True,,1
500,SPOT,2025-07-29,2025-07-30,2025,5,-0.018038536874231292,0.03805778491171763,True,,1
500,SPOT,2025-07-29,2025-07-30,2025,6,0.031451500672635246,0.07070626003210267,True,,1
500,SPOT,2025-07-29,2025-07-30,2025,7,0.030102690952702238,0.10293739967897264,True,,1
500,SPOT,2025-07-29,2025-07-30,2025,8,0.030742363162720387,0.1368443017656502,True,target60,1
500,CRWD,2025-07-30,2025-07-31,2025,1,-0.024046719340432787,-0.024046719340432787,True,stop,1
500,LUV,2025-07-30,2025-07-31,2025,1,0.01426229508196708,0.01426229508196708,True,,1
500,LUV,2025-07-30,2025-07-31,2025,2,-0.03636657507677388,-0.02262295081967214,True,,1
500,LUV,2025-07-30,2025-07-31,2025,3,-0.0016772895001676558,-0.0242622950819672,True,,1
500,LUV,2025-07-30,2025-07-31,2025,4,0.005880376344086002,-0.018524590163934485,True,,1
500,LUV,2025-07-30,2025-07-31,2025,5,-0.008184399532319975,-0.026557377049180264,True,,1
500,LUV,2025-07-30,2025-07-31,2025,6,-0.004041764904008094,-0.0304918032786885,True,,1
500,LUV,2025-07-30,2025-07-31,2025,7,0.000845451471085612,-0.02967213114754097,True,,1
500,LUV,2025-07-30,2025-07-31,2025,8,-0.014360533873965076,-0.043606557377049104,True,stop,1
500,SPOT,2025-07-31,2025-08-01,2025,1,0.008392282958199493,0.008392282958199493,True,,1
500,SPOT,2025-07-31,2025-08-01,2025,2,0.05001434903223756,0.05882636655948548,True,,1
500,SPOT,2025-07-31,2025-08-01,2025,3,-0.018038536874231292,0.039726688102893926,True,,1
500,SPOT,2025-07-31,2025-08-01,2025,4,0.031451500672635246,0.07242765273311891,True,,1
500,SPOT,2025-07-31,2025-08-01,2025,5,0.030102690952702238,0.1047106109324758,True,,1
500,SPOT,2025-07-31,2025-08-01,2025,6,0.030742363162720387,0.1386720257234726,True,target60,1
500,LUV,2025-08-01,2025-08-04,2025,1,-0.007338225483655703,-0.007338225483655703,True,,1
500,LUV,2025-08-01,2025-08-04,2025,2,0.005880376344086002,-0.0015010006671114517,True,,1
500,LUV,2025-08-01,2025-08-04,2025,3,-0.008184399532319975,-0.009673115410273492,True,,1
500,LUV,2025-08-01,2025-08-04,2025,4,-0.004041764904008094,-0.013675783855903956,True,,1
500,LUV,2025-08-01,2025-08-04,2025,5,0.000845451471085612,-0.012841894596397618,True,,1
500,LUV,2025-08-01,2025-08-04,2025,6,-0.014360533873965076,-0.027018012008005243,True,stop,1
500,GEHC,2025-08-04,2025-08-05,2025,1,-0.003242176487172288,-0.003242176487172288,True,,1
500,GEHC,2025-08-04,2025-08-05,2025,2,-0.010606703436571885,-0.013814491119255812,True,,1
500,GEHC,2025-08-04,2025-08-05,2025,3,0.01615208690680392,0.0021144629264167047,True,,1
500,GEHC,2025-08-04,2025-08-05,2025,4,0.012660008440005477,0.014801240484916711,True,,1
500,GEHC,2025-08-04,2025-08-05,2025,5,0.014029726350882177,0.02903862418945602,True,,1
500,GEHC,2025-08-04,2025-08-05,2025,6,0.019315068493150678,0.04891457569777269,True,,1
500,GEHC,2025-08-04,2025-08-05,2025,7,0.006477623975272406,0.0557090499013253,True,target60,1
500,LUV,2025-08-04,2025-08-05,2025,1,0.002847571189279696,0.002847571189279696,True,,1
500,LUV,2025-08-04,2025-08-05,2025,2,-0.008184399532319975,-0.005360134003350114,True,,1
500,LUV,2025-08-04,2025-08-05,2025,3,-0.004041764904008094,-0.009380234505862672,True,,1
500,LUV,2025-08-04,2025-08-05,2025,4,0.000845451471085612,-0.00854271356783931,True,,1
500,LUV,2025-08-04,2025-08-05,2025,5,-0.014360533873965076,-0.022780569514237792,True,stop,1
500,GEHC,2025-08-05,2025-08-06,2025,1,-0.013814491119255812,-0.013814491119255812,True,,1
500,GEHC,2025-08-05,2025-08-06,2025,2,0.01615208690680392,0.0021144629264167047,True,,1
500,GEHC,2025-08-05,2025-08-06,2025,3,0.012660008440005477,0.014801240484916711,True,,1
500,GEHC,2025-08-05,2025-08-06,2025,4,0.014029726350882177,0.02903862418945602,True,,1
500,GEHC,2025-08-05,2025-08-06,2025,5,0.019315068493150678,0.04891457569777269,True,,1
500,GEHC,2025-08-05,2025-08-06,2025,6,0.006477623975272406,0.0557090499013253,True,target60,1
500,LUV,2025-08-05,2025-08-06,2025,1,-0.008018710324089517,-0.008018710324089517,True,,1
500,LUV,2025-08-05,2025-08-06,2025,2,-0.004041764904008094,-0.012028065486134332,True,,1
500,LUV,2025-08-05,2025-08-06,2025,3,0.000845451471085612,-0.011192783160708375,True,,1
500,LUV,2025-08-05,2025-08-06,2025,4,-0.014360533873965076,-0.025392582692950194,True,stop,1
500,GEHC,2025-08-06,2025-08-07,2025,1,0.003387438249823793,0.003387438249823793,True,,1
500,GEHC,2025-08-06,2025-08-07,2025,2,0.012660008440005477,0.016090331686662074,True,,1
500,GEHC,2025-08-06,2025-08-07,2025,3,0.014029726350882177,0.03034580098800288,True,,1
500,GEHC,2025-08-06,2025-08-07,2025,4,0.019315068493150678,0.050247000705716305,True,,1
500,GEHC,2025-08-06,2025-08-07,2025,5,0.006477623975272406,0.05705010585744552,True,target60,1
500,LUV,2025-08-06,2025-08-07,2025,1,-0.012028065486134332,-0.012028065486134332,True,,1
500,LUV,2025-08-06,2025-08-07,2025,2,0.000845451471085612,-0.011192783160708375,True,,1
500,LUV,2025-08-06,2025-08-07,2025,3,-0.014360533873965076,-0.025392582692950194,True,stop,1
500,LUV,2025-08-07,2025-08-08,2025,1,-0.011523046092184464,-0.011523046092184464,True,,1
500,LUV,2025-08-07,2025-08-08,2025,2,-0.014360533873965076,-0.025718102872411497,True,stop,1
500,PWR,2025-08-19,2025-08-20,2025,1,-0.018298358998909525,-0.018298358998909525,True,stop,1
500,XYZ,2025-08-19,2025-08-20,2025,1,-0.01603696656700182,-0.01603696656700182,True,stop,1
500,PWR,2025-08-20,2025-08-21,2025,1,0.004355794002815383,0.004355794002815383,True,,1
500,PWR,2025-08-20,2025-08-21,2025,2,0.004601348671162242,0.008977185200924165,True,,1
500,PWR,2025-08-20,2025-08-21,2025,3,-0.004422332780541716,0.0045151523199915555,True,,1
500,PWR,2025-08-20,2025-08-21,2025,4,0.01480658893207476,0.019388595256434105,True,,1
500,PWR,2025-08-20,2025-08-21,2025,5,-0.0053411844402178055,0.013943852752914987,True,,1
500,PWR,2025-08-20,2025-08-21,2025,6,0.011368398994132445,0.025470771028657913,True,,1
500,PWR,2025-08-20,2025-08-21,2025,7,-0.02072002072002077,0.0042229954051686835,True,,1
500,PWR,2025-08-20,2025-08-21,2025,8,-0.023776778629992057,-0.019654192451727615,True,stop,1
500,XYZ,2025-08-20,2025-08-21,2025,1,0.005154639175257714,0.005154639175257714,True,,1
500,XYZ,2025-08-20,2025-08-21,2025,2,0.05883940620782746,0.06429734129137299,True,target60,1
500,APO,2025-08-27,2025-08-28,2025,1,0.002722389816790516,0.002722389816790516,True,,1
500,APO,2025-08-27,2025-08-28,2025,2,-7.337833871434718e-05,0.0026488117136340694,True,,1
500,APO,2025-08-27,2025-08-28,2025,3,-0.028913187055111145,-0.026340960930027135,True,stop,1
500,APO,2025-09-02,2025-09-03,2025,1,-0.020213238560639613,-0.020213238560639613,True,stop,1
500,ARM,2025-09-02,2025-09-03,2025,1,-0.017059483726150404,-0.017059483726150404,True,,1
500,ARM,2025-09-02,2025-09-03,2025,2,0.031590165182309615,0.013991769547325061,True,,1
500,ARM,2025-09-02,2025-09-03,2025,3,0.019406729634002362,0.03367003367003374,True,,1
500,ARM,2025-09-02,2025-09-03,2025,4,0.0066594281577994074,0.04055368499812939,True,,1
500,ARM,2025-09-02,2025-09-03,2025,5,0.012295966060257513,0.053348297792742194,True,,1
500,ARM,2025-09-02,2025-09-03,2025,6,0.07822133825827526,0.13574261129816678,True,target60,1
500,ARM,2025-09-03,2025-09-04,2025,1,0.033438822587410044,0.033438822587410044,True,,1
500,ARM,2025-09-03,2025-09-04,2025,2,0.019406729634002362,0.05349449041064558,True,,1
500,ARM,2025-09-03,2025-09-04,2025,3,0.0066594281577994074,0.06051016128417275,True,,1
500,ARM,2025-09-03,2025-09-04,2025,4,0.012295966060257513,0.07355015823388111,True,,1
500,ARM,2025-09-03,2025-09-04,2025,5,0.07822133825827526,0.15752468829831856,True,target60,1
500,TXN,2025-09-04,2025-09-05,2025,1,0.004383151592901369,0.004383151592901369,True,,1
500,TXN,2025-09-04,2025-09-05,2025,2,-0.023948908994145812,-0.019670729099850348,True,stop,1
500,TXN,2025-09-05,2025-09-08,2025,1,-0.02524581450969976,-0.02524581450969976,True,stop,1
500,TXN,2025-09-08,2025-09-09,2025,1,0.005051053660656057,0.005051053660656057,True,,1
500,TXN,2025-09-08,2025-09-09,2025,2,-0.00891650905160768,-0.0039104931566369405,True,stop,1
500,SQQQ,2025-09-10,2025-09-11,2025,1,-0.0077197149643705165,-0.0077197149643705165,True,stop,1
500,SQQQ,2025-09-11,2025-09-12,2025,1,-0.0005980861244018199,-0.0005980861244018199,True,stop,1
500,CHWY,2025-09-12,2025-09-15,2025,1,0.06514845776880951,0.06514845776880951,True,,1
500,CHWY,2025-09-12,2025-09-15,2025,2,0.03355886332882263,0.10089362928797918,True,,1
500,CHWY,2025-09-12,2025-09-15,2025,3,0.0007855459544383603,0.10175843182473332,True,,1
500,CHWY,2025-09-12,2025-09-15,2025,4,0.005102040816326481,0.10737964831363511,True,,1
500,CHWY,2025-09-12,2025-09-15,2025,5,0.0016920473773265332,0.10925338714326904,True,,1
500,CHWY,2025-09-12,2025-09-15,2025,6,-0.023908523908523716,0.08273277601614315,True,,1
500,CHWY,2025-09-12,2025-09-15,2025,7,0.01863684771033003,0.10291150187373876,True,,1
500,CHWY,2025-09-12,2025-09-15,2025,8,-0.02195504443282792,0.07869703084462398,True,,1
500,CHWY,2025-09-12,2025-09-15,2025,9,0.014831640833778748,0.094695877774575,True,,1
500,CHWY,2025-09-12,2025-09-15,2025,10,0.04437129690585895,0.14326895358893044,True,,1
500,CHWY,2025-09-12,2025-09-15,2025,11,0.0060010085728694484,0.1501297203805132,True,target60,1
500,CCI,2025-09-15,2025-09-16,2025,1,0.0018201284796572903,0.0018201284796572903,True,,1
500,CCI,2025-09-15,2025-09-16,2025,2,0.013038366997969675,0.014882226980728053,True,,1
500,CCI,2025-09-15,2025-09-16,2025,3,-0.019411330309104358,-0.004817987152034298,True,,1
500,CCI,2025-09-15,2025-09-16,2025,4,0.006939214631522361,0.00208779443254814,True,,1
500,CCI,2025-09-15,2025-09-16,2025,5,0.007425610342432831,0.009528907922912166,True,,1
500,CCI,2025-09-15,2025-09-16,2025,6,0.0007423904974015461,0.01027837259100628,True,,1
500,CCI,2025-09-15,2025-09-16,2025,7,-0.006888512081390519,0.0033190578158457384,True,,1
500,CCI,2025-09-15,2025-09-16,2025,8,0.002881229324511958,0.006209850107066428,True,,1
500,CCI,2025-09-15,2025-09-16,2025,9,0.013832730368163348,0.02012847965738751,True,,1
500,CCI,2025-09-15,2025-09-16,2025,10,0.009865659109991487,0.030192719486081376,True,,1
500,CCI,2025-09-15,2025-09-16,2025,11,0.0027021409270422403,0.03297644539614564,True,,1
500,CCI,2025-09-15,2025-09-16,2025,12,-0.007773631840796047,0.02494646680942192,True,,1
500,CCI,2025-09-15,2025-09-16,2025,13,-0.002611511542880973,0.022269807280513865,True,,1
500,CCI,2025-09-15,2025-09-16,2025,14,-0.00031420192710518435,0.021948608137045023,True,,1
500,CCI,2025-09-15,2025-09-16,2025,15,-0.015191199580932402,0.0064239828693790635,True,,1
500,CCI,2025-09-15,2025-09-16,2025,16,0.012127659574468153,0.018629550321199062,True,,1
500,CCI,2025-09-15,2025-09-16,2025,17,0.013453857473197495,0.03233404710920773,True,,1
500,CCI,2025-09-15,2025-09-16,2025,18,0.00238539722049369,0.03479657387580293,True,,1
500,CCI,2025-09-15,2025-09-16,2025,19,0.010139679255043887,0.04528907922912184,True,,1
500,CCI,2025-09-15,2025-09-16,2025,20,-0.015671412475673496,0.02890792291220534,True,time_h20,1
500,CCI,2025-09-16,2025-09-17,2025,1,0.012605490866360425,0.012605490866360425,True,,1
500,CCI,2025-09-16,2025-09-17,2025,2,-0.019411330309104358,-0.007050528789659172,True,,1
500,CCI,2025-09-16,2025-09-17,2025,3,0.006939214631522361,-0.00016023929067410236,True,,1
500,CCI,2025-09-16,2025-09-17,2025,4,0.007425610342432831,0.007264181177224716,True,,1
500,CCI,2025-09-16,2025-09-17,2025,5,0.0007423904974015461,0.008011964533703564,True,,1
500,CCI,2025-09-16,2025-09-17,2025,6,-0.006888512081390519,0.001068261937827053,True,,1
500,CCI,2025-09-16,2025-09-17,2025,7,0.002881229324511958,0.0039525691699604515,True,,1
500,CCI,2025-09-16,2025-09-17,2025,8,0.013832730368163348,0.017839974361713473,True,,1
500,CCI,2025-09-16,2025-09-17,2025,9,0.009865659109991487,0.027881636577288704,True,,1
500,CCI,2025-09-16,2025-09-17,2025,10,0.0027021409270422403,0.030659117615639442,True,,1
500,CCI,2025-09-16,2025-09-17,2025,11,-0.007773631840796047,0.022647153081935656,True,,1
500,CCI,2025-09-16,2025-09-17,2025,12,-0.002611511542880973,0.0199764982373678,True,,1
500,CCI,2025-09-16,2025-09-17,2025,13,-0.00031420192710518435,0.019656019656019597,True,,1
500,CCI,2025-09-16,2025-09-17,2025,14,-0.015191199580932402,0.004166221557525995,True,,1
500,CCI,2025-09-16,2025-09-17,2025,15,0.012127659574468153,0.016344407648755555,True,,1
500,CCI,2025-09-16,2025-09-17,2025,16,0.013453857473197495,0.030018160452943032,True,,1
500,CCI,2025-09-16,2025-09-17,2025,17,0.00238539722049369,0.032475162909945565,True,,1
500,CCI,2025-09-16,2025-09-17,2025,18,0.010139679255043887,0.04294412990065166,True,,1
500,CCI,2025-09-16,2025-09-17,2025,19,-0.015671412475673496,0.026599722251896107,True,,1
500,CCI,2025-09-16,2025-09-17,2025,20,0.012278876170655595,0.03920521311825653,True,time_h20,1
500,CCI,2025-09-18,2025-09-19,2025,1,0.0065060759221422515,0.0065060759221422515,True,,1
500,CCI,2025-09-18,2025-09-19,2025,2,0.007425610342432831,0.013979997849231207,True,,1
500,CCI,2025-09-18,2025-09-19,2025,3,0.0007423904974015461,0.01473276696418968,True,,1
500,CCI,2025-09-18,2025-09-19,2025,4,-0.006888512081390519,0.007742768039574077,True,,1
500,CCI,2025-09-18,2025-09-19,2025,5,0.002881229324511958,0.010646306054414634,True,,1
500,CCI,2025-09-18,2025-09-19,2025,6,0.013832730368163348,0.02462630390364562,True,,1
500,CCI,2025-09-18,2025-09-19,2025,7,0.009865659109991487,0.034734917733089565,True,,1
500,CCI,2025-09-18,2025-09-19,2025,8,0.0027021409270422403,0.037530917302935896,True,,1
500,CCI,2025-09-18,2025-09-19,2025,9,-0.007773631840796047,0.029465533928379584,True,,1
500,CCI,2025-09-18,2025-09-19,2025,10,-0.002611511542880973,0.026777072803527258,True,,1
500,CCI,2025-09-18,2025-09-19,2025,11,-0.00031420192710518435,0.026454457468545023,True,,1
500,CCI,2025-09-18,2025-09-19,2025,12,-0.015191199580932402,0.010861382944402642,True,,1
500,CCI,2025-09-18,2025-09-19,2025,13,0.012127659574468153,0.02312076567372845,True,,1
500,CCI,2025-09-18,2025-09-19,2025,14,0.013453857473197495,0.036885686632971426,True,,1
500,CCI,2025-09-18,2025-09-19,2025,15,0.00238539722049369,0.0393590708678353,True,,1
500,CCI,2025-09-18,2025-09-19,2025,16,0.010139679255043887,0.04989783847725571,True,,1
500,CCI,2025-09-18,2025-09-19,2025,17,-0.015671412475673496,0.033444456393160626,True,,1
500,CCI,2025-09-18,2025-09-19,2025,18,0.012278876170655595,0.04613399290246267,True,,1
500,CCI,2025-09-18,2025-09-19,2025,19,0.00842927631578938,0.05495214539197768,True,,1
500,CCI,2025-09-18,2025-09-19,2025,20,0.012028542303771816,0.06764168190127973,True,target60,1
500,DHR,2025-09-22,2025-09-23,2025,1,-0.0018421052631578672,-0.0018421052631578672,True,,1
500,DHR,2025-09-22,2025-09-23,2025,2,-0.013762193514368692,-0.015578947368421137,True,stop,1
500,DHR,2025-09-23,2025-09-24,2025,1,-0.008481764206955011,-0.008481764206955011,True,stop,1
500,Z,2025-10-06,2025-10-07,2025,1,-0.01689645850229793,-0.01689645850229793,True,,1
500,Z,2025-10-06,2025-10-07,2025,2,-0.022824144094596654,-0.039334955393349746,True,stop,1
500,Z,2025-10-07,2025-10-08,2025,1,-0.021882741535920736,-0.021882741535920736,True,stop,1
500,DECK,2025-10-09,2025-10-10,2025,1,-0.009060368522854523,-0.009060368522854523,True,stop,1
500,VLO,2025-10-10,2025-10-13,2025,1,0.009728174168726067,0.009728174168726067,True,,1
500,VLO,2025-10-10,2025-10-13,2025,2,0.004894671623296043,0.01467046201007216,True,,1
500,VLO,2025-10-10,2025-10-13,2025,3,-0.007275417719958099,0.007288310550846111,True,,1
500,VLO,2025-10-10,2025-10-13,2025,4,-0.03164399726725042,-0.024586317995558216,True,stop,1
500,RBRK,2025-10-16,2025-10-17,2025,1,-0.005324675324675288,-0.005324675324675288,True,stop,1
500,VST,2025-10-20,2025-10-21,2025,1,-0.011302364164247236,-0.011302364164247236,True,stop,1
500,ETH,2025-10-30,2025-10-31,2025,1,0.007991182143841202,0.007991182143841202,True,,1
500,ETH,2025-10-30,2025-10-31,2025,2,-0.054264625478403494,-0.04670708184072747,True,stop,1
500,ETHA,2025-10-30,2025-10-31,2025,1,0.007204116638078961,0.007204116638078961,True,,1
500,ETHA,2025-10-30,2025-10-31,2025,2,-0.053814713896457755,-0.0469982847341337,True,stop,1
500,LULU,2025-10-30,2025-10-31,2025,1,0.01270783847980983,0.01270783847980983,True,,1
500,LULU,2025-10-30,2025-10-31,2025,2,-0.029787733083147527,-0.017458432304037985,True,,1
500,LULU,2025-10-30,2025-10-31,2025,3,-0.028889157500302187,-0.04584323040380045,True,,1
500,LULU,2025-10-30,2025-10-31,2025,4,0.04294249439880504,-0.004869358669833734,True,,1
500,LULU,2025-10-30,2025-10-31,2025,5,-0.024167561761546774,-0.028919239904988125,True,,1
500,LULU,2025-10-30,2025-10-31,2025,6,0.015899223384088446,-0.013479809976247092,True,,1
500,LULU,2025-10-30,2025-10-31,2025,7,0.02552218142418594,0.01169833729216152,True,,1
500,LULU,2025-10-30,2025-10-31,2025,8,-0.003228267887538938,0.008432304038004768,True,,1
500,LULU,2025-10-30,2025-10-31,2025,9,0.006477446708279322,0.014964370546318273,True,,1
500,LULU,2025-10-30,2025-10-31,2025,10,-0.007664404399719049,0.007185273159144856,True,,1
500,LULU,2025-10-30,2025-10-31,2025,11,0.006308590295383443,0.013539192399049993,True,,1
500,LULU,2025-10-30,2025-10-31,2025,12,-0.03837590813217728,-0.025356294536817203,True,,1
500,LULU,2025-10-30,2025-10-31,2025,13,-0.001096691646865322,-0.026425178147268524,True,,1
500,LULU,2025-10-30,2025-10-31,2025,14,0.012808783165599413,-0.013954869358669852,True,,1
500,LULU,2025-10-30,2025-10-31,2025,15,-0.007828967178560742,-0.02167458432304037,True,,1
500,LULU,2025-10-30,2025-10-31,2025,16,0.02075872534142631,-0.0013657957244657126,True,,1
500,LULU,2025-10-30,2025-10-31,2025,17,0.00891954569780573,0.007541567695961815,True,,1
500,LULU,2025-10-30,2025-10-31,2025,18,0.04620734366711865,0.054097387173396516,True,,1
500,LULU,2025-10-30,2025-10-31,2025,19,0.024956340487859885,0.08040380047505935,True,,1
500,LULU,2025-10-30,2025-10-31,2025,20,0.016488952401890744,0.0982185273159144,True,time_h20,1
500,NVO,2025-10-30,2025-10-31,2025,1,0.014358974358974486,0.014358974358974486,True,,1
500,NVO,2025-10-30,2025-10-31,2025,2,-0.006673407482305493,0.007589743589743625,True,,1
500,NVO,2025-10-30,2025-10-31,2025,3,-0.024429967426709998,-0.01702564102564097,True,stop_gap,1
500,UAL,2025-10-30,2025-10-31,2025,1,0.005776018825542906,0.005776018825542906,True,,1
500,UAL,2025-10-30,2025-10-31,2025,2,0.022067425289801212,0.027970905979249228,True,,1
500,UAL,2025-10-30,2025-10-31,2025,3,-0.03334894126216115,-0.006310835383463331,True,stop,1
500,ETH,2025-10-31,2025-11-03,2025,1,-0.012981455064194014,-0.012981455064194014,True,stop,1
500,ETHA,2025-10-31,2025-11-03,2025,1,-0.0129685556937289,-0.0129685556937289,True,stop,1
500,NVO,2025-10-31,2025-11-03,2025,1,-0.005869257235377456,-0.005869257235377456,True,,1
500,NVO,2025-10-31,2025-11-03,2025,2,-0.024429967426709998,-0.03015583889900819,True,stop_gap,1
500,PM,2025-10-31,2025-11-03,2025,1,-0.008153310104529576,-0.008153310104529576,True,stop,1
500,UAL,2025-10-31,2025-11-03,2025,1,0.02272001702671078,0.02272001702671078,True,,1
500,UAL,2025-10-31,2025-11-03,2025,2,-0.03334894126216115,-0.011386612748749525,True,stop,1
500,LULU,2025-11-03,2025-11-04,2025,1,-0.020721599219892806,-0.020721599219892806,True,,1
500,LULU,2025-11-03,2025-11-04,2025,2,0.04294249439880504,0.021331058020477744,True,,1
500,LULU,2025-11-03,2025-11-04,2025,3,-0.024167561761546774,-0.003352023403218052,True,,1
500,LULU,2025-11-03,2025-11-04,2025,4,0.015899223384088446,0.012493905411994133,True,,1
500,LULU,2025-11-03,2025-11-04,2025,5,0.02552218142418594,0.03833495855680158,True,,1
500,LULU,2025-11-03,2025-11-04,2025,6,-0.003228267887538938,0.03498293515358353,True,,1
500,LULU,2025-11-03,2025-11-04,2025,7,0.006477446708279322,0.04168698196001941,True,,1
500,LULU,2025-11-03,2025-11-04,2025,8,-0.007664404399719049,0.03370307167235498,True,,1
500,LULU,2025-11-03,2025-11-04,2025,9,0.006308590295383443,0.04022428083861529,True,,1
500,LULU,2025-11-03,2025-11-04,2025,10,-0.03837590813217728,0.0003047294002924694,True,,1
500,LULU,2025-11-03,2025-11-04,2025,11,-0.001096691646865322,-0.0007922964407607314,True,,1
500,LULU,2025-11-03,2025-11-04,2025,12,0.012808783165599413,0.012006338371526093,True,,1
500,LULU,2025-11-03,2025-11-04,2025,13,-0.007828967178560742,0.00408337396391989,True,,1
500,LULU,2025-11-03,2025-11-04,2025,14,0.02075872534142631,0.024926864943929594,True,,1
500,LULU,2025-11-03,2025-11-04,2025,15,0.00891954569780573,0.0340687469527059,True,,1
500,LULU,2025-11-03,2025-11-04,2025,16,0.04620734366711865,0.08185031691857625,True,,1
500,LULU,2025-11-03,2025-11-04,2025,17,0.024956340487859885,0.10884934178449535,True,,1
500,LULU,2025-11-03,2025-11-04,2025,18,0.016488952401890744,0.12713310580204773,True,,1
500,LULU,2025-11-03,2025-11-04,2025,19,-0.013788255650481251,0.11159190638712801,True,,1
500,LULU,2025-11-03,2025-11-04,2025,20,-0.00010965513460159393,0.11147001462701112,True,time_h20,1
500,NFLX,2025-11-03,2025-11-04,2025,1,-0.011418597039892342,-0.011418597039892342,True,stop,1
500,NFLX,2025-11-05,2025-11-06,2025,1,-0.006559593634087757,-0.006559593634087757,True,stop,1
500,QID,2025-11-05,2025-11-06,2025,1,0.031872509960159334,0.031872509960159334,True,,1
500,QID,2025-11-05,2025-11-06,2025,2,0.007239382239382364,0.03934262948207179,True,,1
500,QID,2025-11-05,2025-11-06,2025,3,-0.043124101581217156,-0.005478087649402386,True,,1
500,QID,2025-11-05,2025-11-06,2025,4,0.005257886830245306,-0.0002490039840636893,True,,1
500,QID,2025-11-05,2025-11-06,2025,5,0.0019925280199253326,0.001743027888446269,True,,1
500,QID,2025-11-05,2025-11-06,2025,6,0.041014168530947304,0.04282868525896433,True,,1
500,QID,2025-11-05,2025-11-06,2025,7,-0.0009551098376312517,0.04183266932270935,True,,1
500,QID,2025-11-05,2025-11-06,2025,8,0.017686424474187223,0.06025896414342635,True,,1
500,QID,2025-11-05,2025-11-06,2025,9,0.02442461249412875,0.08615537848605581,True,,1
500,QID,2025-11-05,2025-11-06,2025,10,-0.011462631820265967,0.07370517928286846,True,,1
500,QID,2025-11-05,2025-11-06,2025,11,0.048423005565862764,0.12569721115537846,True,target60,1
500,QID,2025-11-10,2025-11-11,2025,1,-0.002732240437158473,-0.002732240437158473,True,,1
500,QID,2025-11-10,2025-11-11,2025,2,0.0019925280199253326,-0.0007451564828614421,True,,1
500,QID,2025-11-10,2025-11-11,2025,3,0.041014168530947304,0.04023845007451565,True,,1
500,QID,2025-11-10,2025-11-11,2025,4,-0.0009551098376312517,0.03924490809736736,True,,1
500,QID,2025-11-10,2025-11-11,2025,5,0.017686424474187223,0.057625434674615006,True,,1
500,QID,2025-11-10,2025-11-11,2025,6,0.02442461249412875,0.08345752608047685,True,,1
500,QID,2025-11-10,2025-11-11,2025,7,-0.011462631820265967,0.0710382513661203,True,,1
500,QID,2025-11-10,2025-11-11,2025,8,0.048423005565862764,0.12290114257327378,True,target60,1
500,SPXU,2025-11-10,2025-11-11,2025,1,-0.014084507042253502,-0.014084507042253502,True,,1
500,SPXU,2025-11-10,2025-11-11,2025,2,-0.0007936507936507908,-0.014866979655712043,True,,1
500,SPXU,2025-11-10,2025-11-11,2025,3,0.05003971405877694,0.03442879499217533,True,,1
500,SPXU,2025-11-10,2025-11-11,2025,4,0.001512859304084735,0.03599374021909241,True,,1
500,SPXU,2025-11-10,2025-11-11,2025,5,0.028700906344410804,0.06572769953051649,True,,1
500,SPXU,2025-11-10,2025-11-11,2025,6,0.02496328928047009,0.09233176838810664,True,,1
500,SPXU,2025-11-10,2025-11-11,2025,7,-0.01002865329512903,0.08137715179968708,True,,1
500,SPXU,2025-11-10,2025-11-11,2025,8,2.814037626628075,3.124413145539906,True,target_gap,1
500,TTD,2025-11-10,2025-11-11,2025,1,-0.004158964879852123,-0.004158964879852123,True,stop,1
500,BABA,2025-11-11,2025-11-12,2025,1,-0.00608771275934894,-0.00608771275934894,True,stop,1
500,QID,2025-11-11,2025-11-12,2025,1,0.01283987915407847,0.01283987915407847,True,,1
500,QID,2025-11-11,2025-11-12,2025,2,0.041014168530947304,0.05438066465256797,True,,1
500,QID,2025-11-11,2025-11-12,2025,3,-0.0009551098376312517,0.053373615307150235,True,,1
500,QID,2025-11-11,2025-11-12,2025,4,0.017686424474187223,0.07200402819738172,True,,1
500,QID,2025-11-11,2025-11-12,2025,5,0.02442461249412875,0.09818731117824764,True,,1
500,QID,2025-11-11,2025-11-12,2025,6,-0.011462631820265967,0.08559919436052366,True,,1
500,QID,2025-11-11,2025-11-12,2025,7,0.048423005565862764,0.1381671701913394,True,target60,1
500,SPXU,2025-11-11,2025-11-12,2025,1,0.006394884092725928,0.006394884092725928,True,,1
500,SPXU,2025-11-11,2025-11-12,2025,2,0.05003971405877694,0.056754596322941664,True,,1
500,SPXU,2025-11-11,2025-11-12,2025,3,0.001512859304084735,0.058353317346123035,True,,1
500,SPXU,2025-11-11,2025-11-12,2025,4,0.028700906344410804,0.08872901678657064,True,,1
500,SPXU,2025-11-11,2025-11-12,2025,5,0.02496328928047009,0.1159072741806555,True,,1
500,SPXU,2025-11-11,2025-11-12,2025,6,-0.01002865329512903,0.10471622701838523,True,,1
500,SPXU,2025-11-11,2025-11-12,2025,7,2.814037626628075,3.2134292565947247,True,target_gap,1
500,TTD,2025-11-11,2025-11-12,2025,1,-0.024058810425484523,-0.024058810425484523,True,,1
500,TTD,2025-11-11,2025-11-12,2025,2,-0.01620634558320022,-0.03987525061260855,True,stop,1
500,SPXU,2025-11-12,2025-11-13,2025,1,0.03686274509803922,0.03686274509803922,True,,1
500,SPXU,2025-11-12,2025-11-13,2025,2,0.001512859304084735,0.038431372549019516,True,,1
500,SPXU,2025-11-12,2025-11-13,2025,3,0.028700906344410804,0.06823529411764695,True,,1
500,SPXU,2025-11-12,2025-11-13,2025,4,0.02496328928047009,0.09490196078431379,True,,1
500,SPXU,2025-11-12,2025-11-13,2025,5,-0.01002865329512903,0.08392156862745104,True,,1
500,SPXU,2025-11-12,2025-11-13,2025,6,2.814037626628075,3.1341176470588232,True,target_gap,1
500,TNA,2025-11-18,2025-11-19,2025,1,-0.004302708175145442,-0.004302708175145442,True,,1
500,TNA,2025-11-18,2025-11-19,2025,2,-0.02135231316725983,-0.025563148569982208,True,stop,1
500,F,2025-11-20,2025-11-21,2025,1,0.02677857713828935,0.02677857713828935,True,,1
500,F,2025-11-20,2025-11-21,2025,2,0.007785130400934204,0.03477218225419665,True,,1
500,F,2025-11-20,2025-11-21,2025,3,0.016222479721900385,0.05155875299760182,True,,1
500,F,2025-11-20,2025-11-21,2025,4,0.007981755986317118,0.05995203836930463,True,target60,1
500,EQIX,2025-11-25,2025-11-26,2025,1,0.004281108271903866,0.004281108271903866,True,,1
500,EQIX,2025-11-25,2025-11-26,2025,2,0.003516858273275858,0.007813022596224517,True,,1
500,EQIX,2025-11-25,2025-11-26,2025,3,-0.012889779771939724,-0.005177465316333785,True,stop,1
500,EQIX,2025-11-26,2025-11-28,2025,1,0.0060095351290714305,0.0060095351290714305,True,,1
500,EQIX,2025-11-26,2025-11-28,2025,2,-0.012889779771939724,-0.0069577062272137,True,stop,1
500,EQIX,2025-11-28,2025-12-01,2025,1,-0.00405823500261171,-0.00405823500261171,True,stop,1
500,LLY,2025-12-09,2025-12-10,2025,1,0.00856852791878171,0.00856852791878171,True,,1
500,LLY,2025-12-09,2025-12-10,2025,2,0.01580367208890321,0.024507614213197915,True,,1
500,LLY,2025-12-09,2025-12-10,2025,3,0.018471173474443603,0.043431472081218336,True,,1
500,LLY,2025-12-09,2025-12-10,2025,4,0.02467843312771212,0.06918172588832494,True,target60,1
500,INSM,2025-12-10,2025-12-11,2025,1,0.02617746005046251,0.02617746005046251,True,,1
500,INSM,2025-12-10,2025-12-11,2025,2,0.00937403954512872,0.03579688814129511,True,,1
500,INSM,2025-12-10,2025-12-11,2025,3,-0.0006597310327329797,0.03511354079058027,True,,1
500,INSM,2025-12-10,2025-12-11,2025,4,0.025096485882591946,0.06109125315391073,True,target60,1
500,BABA,2025-12-12,2025-12-15,2025,1,-0.020107063585324547,-0.020107063585324547,True,,1
500,BABA,2025-12-12,2025-12-15,2025,2,-0.014923384410392981,-0.03473038255646943,True,stop,1
500,BABA,2025-12-15,2025-12-16,2025,1,-0.0073178919100367334,-0.0073178919100367334,True,stop,1
500,VLO,2025-12-18,2025-12-19,2025,1,0.005189990732159533,0.005189990732159533,True,,1
500,VLO,2025-12-18,2025-12-19,2025,2,0.0052246603970742544,0.010441767068273045,True,,1
500,VLO,2025-12-18,2025-12-19,2025,3,0.007765684236272552,0.018288538770466545,True,,1
500,VLO,2025-12-18,2025-12-19,2025,4,-0.0024877131242035944,0.0157553290083412,True,,1
500,VLO,2025-12-18,2025-12-19,2025,5,-0.0024330900243308973,0.013283904850169836,True,,1
500,VLO,2025-12-18,2025-12-19,2025,6,0.010304878048780441,0.023725671918443103,True,,1
500,VLO,2025-12-18,2025-12-19,2025,7,-0.0049490011467197,0.018659252394192194,True,,1
500,VLO,2025-12-18,2025-12-19,2025,8,-0.012616000485230816,0.0058078467717022075,True,,1
500,VLO,2025-12-18,2025-12-19,2025,9,0.015480066343141585,0.021377818968180362,True,,1
500,VLO,2025-12-18,2025-12-19,2025,10,0.08698808299558403,0.1102255174544331,True,target_gap,1
500,VLO,2025-12-19,2025-12-22,2025,1,-0.00577542707763401,-0.00577542707763401,True,,1
500,VLO,2025-12-19,2025-12-22,2025,2,0.007765684236272552,0.0019454070156239567,True,,1
500,VLO,2025-12-19,2025-12-22,2025,3,-0.0024877131242035944,-0.0005471457231442933,True,,1
500,VLO,2025-12-19,2025-12-22,2025,4,-0.0024330900243308973,-0.00297890449267435,True,,1
500,VLO,2025-12-19,2025-12-22,2025,5,0.010304878048780441,0.00729527630859006,True,,1
500,VLO,2025-12-19,2025-12-22,2025,6,-0.0049490011467197,0.0023101708310535596,True,,1
500,VLO,2025-12-19,2025-12-22,2025,7,-0.012616000485230816,-0.010334974770502825,True,,1
500,VLO,2025-12-19,2025-12-22,2025,8,0.015480066343141585,0.0049851054775365,True,,1
500,VLO,2025-12-19,2025-12-22,2025,9,0.08698808299558403,0.09240683324214238,True,target_gap,1
500,VLO,2025-12-22,2025-12-23,2025,1,0.0039595516569201905,0.0039595516569201905,True,,1
500,VLO,2025-12-22,2025-12-23,2025,2,-0.0024877131242035944,0.0014619883040936088,True,,1
500,VLO,2025-12-22,2025-12-23,2025,3,-0.0024330900243308973,-0.0009746588693957392,True,,1
500,VLO,2025-12-22,2025-12-23,2025,4,0.010304878048780441,0.009320175438596534,True,,1
500,VLO,2025-12-22,2025-12-23,2025,5,-0.0049490011467197,0.004325048732943593,True,,1
500,VLO,2025-12-22,2025-12-23,2025,6,-0.012616000485230816,-0.008345516569200795,True,,1
500,VLO,2025-12-22,2025-12-23,2025,7,0.015480066343141585,0.0070053606237816535,True,,1
500,VLO,2025-12-22,2025-12-23,2025,8,0.08698808299558403,0.09460282651072127,True,target_gap,1
500,VST,2025-12-22,2025-12-23,2025,1,0.00037135606857718884,0.00037135606857718884,True,,1
500,VST,2025-12-22,2025-12-23,2025,2,0.002041700179422179,0.0024138144457510613,True,,1
500,VST,2025-12-22,2025-12-23,2025,3,-0.0016053346505311428,0.0008046048152503538,True,,1
500,VST,2025-12-22,2025-12-23,2025,4,0.0008658008658009031,0.0016711023085969057,True,,1
500,VST,2025-12-22,2025-12-23,2025,5,0.0048195748887791545,0.006498731200099028,True,,1
500,VST,2025-12-22,2025-12-23,2025,6,-0.007871110564506179,-0.0014235315962121131,True,,1
500,VST,2025-12-22,2025-12-23,2025,7,0.02373868848394678,0.022281364114625113,True,,1
500,VST,2025-12-22,2025-12-23,2025,8,-0.013259066416419385,0.008726867611561495,True,,1
500,VST,2025-12-22,2025-12-23,2025,9,0.054718370352190515,0.06392275793773594,True,target60,1
500,VST,2025-12-23,2025-12-24,2025,1,0.006025218957699252,0.006025218957699252,True,,1
500,VST,2025-12-23,2025-12-24,2025,2,-0.0016053346505311428,0.004410211814398268,True,,1
500,VST,2025-12-23,2025-12-24,2025,3,0.0008658008658009031,0.0052798310454065245,True,,1
500,VST,2025-12-23,2025-12-24,2025,4,0.0048195748887791545,0.010124852475309032,True,,1
500,VST,2025-12-23,2025-12-24,2025,5,-0.007871110564506179,0.0021740480775203075,True,,1
500,VST,2025-12-23,2025-12-24,2025,6,0.02373868848394678,0.025964345611528605,True,,1
500,VST,2025-12-23,2025-12-24,2025,7,-0.013259066416419385,0.012361016212186993,True,,1
500,VST,2025-12-23,2025-12-24,2025,8,0.054718370352190515,0.06775576122740534,True,target60,1
500,VST,2025-12-24,2025-12-26,2025,1,0.0001855631842642147,0.0001855631842642147,True,,1
500,VST,2025-12-24,2025-12-26,2025,2,0.0008658008658009031,0.001051524710830698,True,,1
500,VST,2025-12-24,2025-12-26,2025,3,0.0048195748887791545,0.005876167501701168,True,,1
500,VST,2025-12-24,2025-12-26,2025,4,-0.007871110564506179,-0.0020411950269065837,True,,1
500,VST,2025-12-24,2025-12-26,2025,5,0.02373868848394678,0.021649038164161638,True,,1
500,VST,2025-12-24,2025-12-26,2025,6,-0.013259066416419385,0.008102925712871967,True,,1
500,VST,2025-12-24,2025-12-26,2025,7,0.054718370352190515,0.06326467495515553,True,target60,1
500,ARES,2025-12-30,2025-12-31,2025,1,-0.009803921568627416,-0.009803921568627416,True,,1
500,ARES,2025-12-30,2025-12-31,2025,2,0.02926980198019824,0.01917892156862755,True,,1
500,ARES,2025-12-30,2025-12-31,2025,3,0.037275296098118194,0.05716911764705901,True,target60,1
500,ARES,2025-12-31,2026-01-02,2026,1,0.0224366855175806,0.0224366855175806,True,,1
500,ARES,2025-12-31,2026-01-02,2026,2,0.037275296098118194,0.06054831571182695,True,target60,1
500,LEN,2026-01-02,2026-01-05,2026,1,0.01463367671127358,0.01463367671127358,True,,1
500,LEN,2026-01-02,2026-01-05,2026,2,0.008824366638200853,0.023587176278039745,True,,1
500,LEN,2026-01-02,2026-01-05,2026,3,-0.022385252069224926,0.0006739193222295992,True,,1
500,LEN,2026-01-02,2026-01-05,2026,4,0.05435828362516837,0.05506883604505641,True,,1
500,LEN,2026-01-02,2026-01-05,2026,5,0.08814672871612372,0.1480697025127562,True,,1
500,LEN,2026-01-02,2026-01-05,2026,6,0.015647798742138397,0.16603446615962247,True,target60,1
500,SNOW,2026-01-02,2026-01-05,2026,1,0.032298136645962705,0.032298136645962705,True,,1
500,SNOW,2026-01-02,2026-01-05,2026,2,0.04510406917145793,0.0788589832068094,True,,1
500,SNOW,2026-01-02,2026-01-05,2026,3,-0.004691031600494777,0.07379802162410853,True,,1
500,SNOW,2026-01-02,2026-01-05,2026,4,-0.04109002099490111,0.029675638371290614,True,,1
500,SNOW,2026-01-02,2026-01-05,2026,5,-0.021045576407506705,0.00800552104899932,True,,1
500,SNOW,2026-01-02,2026-01-05,2026,6,0.004929481035190975,0.012974465148378078,True,,1
500,SNOW,2026-01-02,2026-01-05,2026,7,-0.03728936730708077,-0.024798711755233405,True,stop,1
500,TSLA,2026-01-02,2026-01-05,2026,1,0.008686913800803886,0.008686913800803886,True,,1
500,TSLA,2026-01-02,2026-01-05,2026,2,-0.03637450463813674,-0.02800357302367129,True,stop,1
500,LEN,2026-01-05,2026-01-06,2026,1,0.02230769230769214,0.02230769230769214,True,,1
500,LEN,2026-01-05,2026-01-06,2026,2,-0.022385252069224926,-0.0005769230769231415,True,,1
500,LEN,2026-01-05,2026-01-06,2026,3,0.05435828362516837,0.053749999999999964,True,,1
500,LEN,2026-01-05,2026-01-06,2026,4,0.08814672871612372,0.14663461538461542,True,,1
500,LEN,2026-01-05,2026-01-06,2026,5,0.015647798742138397,0.16457692307692318,True,target60,1
500,SNOW,2026-01-05,2026-01-06,2026,1,0.03986696230598663,0.03986696230598663,True,,1
500,SNOW,2026-01-05,2026-01-06,2026,2,-0.004691031600494777,0.03498891352549882,True,,1
500,SNOW,2026-01-05,2026-01-06,2026,3,-0.04109002099490111,-0.007538802660753796,True,,1
500,SNOW,2026-01-05,2026-01-06,2026,4,-0.021045576407506705,-0.028425720620842587,True,,1
500,SNOW,2026-01-05,2026-01-06,2026,5,0.004929481035190975,-0.023636363636363678,True,,1
500,SNOW,2026-01-05,2026-01-06,2026,6,-0.03728936730708077,-0.06004434589800445,True,stop,1
500,LEN,2026-01-06,2026-01-07,2026,1,-0.026779026217228497,-0.026779026217228497,True,,1
500,LEN,2026-01-06,2026-01-07,2026,2,0.05435828362516837,0.026123595505618047,True,,1
500,LEN,2026-01-06,2026-01-07,2026,3,0.08814672871612372,0.1165730337078652,True,,1
500,LEN,2026-01-06,2026-01-07,2026,4,0.015647798742138397,0.1340449438202247,True,target60,1
500,TZA,2026-01-06,2026-01-07,2026,1,0.012801204819277157,0.012801204819277157,True,,1
500,TZA,2026-01-06,2026-01-07,2026,2,-0.017100371747211796,-0.004518072289156572,True,stop,1
500,LEN,2026-01-07,2026-01-08,2026,1,0.06243334949103252,0.06243334949103252,True,,1
500,LEN,2026-01-07,2026-01-08,2026,2,0.08814672871612372,0.15608337372758108,True,,1
500,LEN,2026-01-07,2026-01-08,2026,3,0.015647798742138397,0.17417353368880262,True,target60,1
500,TZA,2026-01-07,2026-01-08,2026,1,-0.023633677991137247,-0.023633677991137247,True,stop,1
500,AIG,2026-01-08,2026-01-09,2026,1,-0.02262820512820518,-0.02262820512820518,True,stop,1
500,GLW,2026-01-08,2026-01-09,2026,1,-0.0015234970116019264,-0.0015234970116019264,True,,1
500,GLW,2026-01-08,2026-01-09,2026,2,-0.0046948356807512415,-0.006211180124223614,True,stop_gap,1
500,KKR,2026-01-13,2026-01-14,2026,1,-0.010719279167314077,-0.010719279167314077,True,stop,1
500,DASH,2026-01-14,2026-01-15,2026,1,-0.02656812760185223,-0.02656812760185223,True,stop,1
500,DASH,2026-01-15,2026-01-16,2026,1,-0.014770629171992455,-0.014770629171992455,True,stop,1
500,NET,2026-01-15,2026-01-16,2026,1,-0.002222342674399691,-0.002222342674399691,True,,1
500,NET,2026-01-15,2026-01-16,2026,2,-0.03438722294654506,-0.03653314542793651,True,stop_gap,1
500,WFC,2026-01-22,2026-01-23,2026,1,-0.01674285714285717,-0.01674285714285717,True,stop,1
500,WFC,2026-01-23,2026-01-26,2026,1,0.010792192881745155,0.010792192881745155,True,,1
500,WFC,2026-01-23,2026-01-26,2026,2,0.0076101771921852635,0.01848450057405282,True,,1
500,WFC,2026-01-23,2026-01-26,2026,3,-0.007665426671175646,0.010677382319173478,True,,1
500,WFC,2026-01-23,2026-01-26,2026,4,0.02874020220379414,0.03972445464982788,True,,1
500,WFC,2026-01-23,2026-01-26,2026,5,-0.00033127208480565606,0.039380022962112626,True,,1
500,WFC,2026-01-23,2026-01-26,2026,6,0.019441069258809396,0.059586681974741706,True,,1
500,WFC,2026-01-23,2026-01-26,2026,7,0.008451619893812934,0.06854190585533892,True,target60,1
500,WFC,2026-01-26,2026-01-27,2026,1,0.006352807714123498,0.006352807714123498,True,,1
500,WFC,2026-01-26,2026-01-27,2026,2,-0.007665426671175646,-0.0013613159387407814,True,,1
500,WFC,2026-01-26,2026-01-27,2026,3,0.02874020220379414,0.027339761769710647,True,,1
500,WFC,2026-01-26,2026-01-27,2026,4,-0.00033127208480565606,0.026999432785025368,True,,1
500,WFC,2026-01-26,2026-01-27,2026,5,0.019441069258809396,0.0469653998865569,True,,1
500,WFC,2026-01-26,2026-01-27,2026,6,0.008451619893812934,0.05581395348837215,True,target60,1
500,VST,2026-01-30,2026-02-02,2026,1,-0.021566761814145297,-0.021566761814145297,True,,1
500,VST,2026-01-30,2026-02-02,2026,2,-0.0077795786061587435,-0.029178560101490558,True,,1
500,VST,2026-01-30,2026-02-02,2026,3,-0.02476314929761525,-0.05321915635902319,True,stop,1
500,VST,2026-02-02,2026-02-03,2026,1,-0.019664360748142373,-0.019664360748142373,True,,1
500,VST,2026-02-02,2026-02-03,2026,2,-0.02476314929761525,-0.04394055854470924,True,stop,1
500,VST,2026-02-03,2026-02-04,2026,1,-0.02565441608460084,-0.02565441608460084,True,stop,1
500,XYZ,2026-02-04,2026-02-05,2026,1,-0.02097032166340851,-0.02097032166340851,True,stop,1
500,DASH,2026-02-05,2026-02-06,2026,1,-0.025429626853685994,-0.025429626853685994,True,stop,1
500,DASH,2026-02-09,2026-02-10,2026,1,-0.00016162051503076924,-0.00016162051503076924,True,,1
500,DASH,2026-02-09,2026-02-10,2026,2,-0.019128185785872165,-0.019286714793664506,True,stop,1
500,DASH,2026-02-10,2026-02-11,2026,1,-0.019233877485049455,-0.019233877485049455,True,stop,1
500,DELL,2026-02-12,2026-02-13,2026,1,0.017407118732138294,0.017407118732138294,True,,1
500,DELL,2026-02-12,2026-02-13,2026,2,-0.011406196799455204,0.0058023729107128386,True,,1
500,DELL,2026-02-12,2026-02-13,2026,3,0.005510590666436999,0.01134493807915482,True,,1
500,DELL,2026-02-12,2026-02-13,2026,4,0.019352628874807376,0.030917121330215735,True,,1
500,DELL,2026-02-12,2026-02-13,2026,5,0.027301747311827995,0.05906296007621026,True,,1
500,DELL,2026-02-12,2026-02-13,2026,6,-0.02559489737509202,0.031956352299298496,True,,1
500,DELL,2026-02-12,2026-02-13,2026,7,0.0052030882846594295,0.03732571230622672,True,,1
500,DELL,2026-02-12,2026-02-13,2026,8,0.031056937719151856,0.06954187234779607,True,,1
500,DELL,2026-02-12,2026-02-13,2026,9,-0.016437246963562746,0.051961548454144024,True,,1
500,DELL,2026-02-12,2026-02-13,2026,10,0.13089651765868116,0.18965965185762546,True,target_gap,1
500,EMR,2026-02-12,2026-02-13,2026,1,0.01667810569663697,0.01667810569663697,True,,1
500,EMR,2026-02-12,2026-02-13,2026,2,0.004860595422939262,0.02161976664378873,True,,1
500,EMR,2026-02-12,2026-02-13,2026,3,0.015720524017467374,0.03768016472203173,True,,1
500,EMR,2026-02-12,2026-02-13,2026,4,0.0009921291090682072,0.03870967741935494,True,,1
500,EMR,2026-02-12,2026-02-13,2026,5,-0.01803885291396845,0.01997254632807155,True,,1
500,EMR,2026-02-12,2026-02-13,2026,6,-0.03091985734472802,-0.01156485929993134,True,stop,1
500,EMR,2026-02-13,2026-02-17,2026,1,0.01638784568111995,0.01638784568111995,True,,1
500,EMR,2026-02-13,2026-02-17,2026,2,0.015720524017467374,0.032365995220211774,True,,1
500,EMR,2026-02-13,2026-02-17,2026,3,0.0009921291090682072,0.03339023557528176,True,,1
500,EMR,2026-02-13,2026-02-17,2026,4,-0.01803885291396845,0.01474906111300811,True,,1
500,EMR,2026-02-13,2026-02-17,2026,5,-0.03091985734472802,-0.016626835097302894,True,stop,1
500,DELL,2026-02-17,2026-02-18,2026,1,0.016804527644754153,0.016804527644754153,True,,1
500,DELL,2026-02-17,2026-02-18,2026,2,0.019352628874807376,0.03648236830648677,True,,1
500,DELL,2026-02-17,2026-02-18,2026,3,0.027301747311827995,0.06478014801915544,True,,1
500,DELL,2026-02-17,2026-02-18,2026,4,-0.02559489737509202,0.037527209403569906,True,,1
500,DELL,2026-02-17,2026-02-18,2026,5,0.0052030882846594295,0.04292555507183282,True,,1
500,DELL,2026-02-17,2026-02-18,2026,6,0.031056937719151856,0.07531562908141054,True,,1
500,DELL,2026-02-17,2026-02-18,2026,7,-0.016437246963562746,0.0576404005224207,True,,1
500,DELL,2026-02-17,2026-02-18,2026,8,0.13089651765868116,0.19608184588593836,True,target_gap,1
500,HPQ,2026-02-17,2026-02-18,2026,1,-0.0073369565217390464,-0.0073369565217390464,True,stop,1
500,HPQ,2026-02-18,2026-02-19,2026,1,-0.0019125683060109422,-0.0019125683060109422,True,stop,1
500,HPQ,2026-02-19,2026-02-20,2026,1,-0.01002710027100262,-0.01002710027100262,True,stop,1
500,AAL,2026-02-23,2026-02-24,2026,1,0.01700154559505407,0.01700154559505407,True,,1
500,AAL,2026-02-23,2026-02-24,2026,2,0.011778115501519748,0.028979907264296667,True,,1
500,AAL,2026-02-23,2026-02-24,2026,3,0.0473150582050319,0.07766615146831546,True,,1
500,AAL,2026-02-23,2026-02-24,2026,4,-0.06167084976694148,0.011205564142194868,True,,1
500,AAL,2026-02-23,2026-02-24,2026,5,-0.06152082537256409,-0.051004636785162316,True,stop_gap,1
500,MA,2026-02-24,2026-02-25,2026,1,0.01328507219283237,0.01328507219283237,True,,1
500,MA,2026-02-24,2026-02-25,2026,2,0.0098920510304219,0.023308539835328768,True,,1
500,MA,2026-02-24,2026-02-25,2026,3,0.004994752594550622,0.02841971281969702,True,,1
500,MA,2026-02-24,2026-02-25,2026,4,0.007541915646574138,0.036175967543057075,True,,1
500,MA,2026-02-24,2026-02-25,2026,5,0.005930788276616639,0.04232130782387333,True,,1
500,MA,2026-02-24,2026-02-25,2026,6,-0.0024995229917955664,0.03971600175012924,True,,1
500,MA,2026-02-24,2026-02-25,2026,7,0.0029648616079114287,0.042798615806849405,True,,1
500,MA,2026-02-24,2026-02-25,2026,8,-0.003833390548117599,0.03880116144942525,True,,1
500,MA,2026-02-24,2026-02-25,2026,9,-0.008404648402351,0.030070402927489193,True,,1
500,MA,2026-02-24,2026-02-25,2026,10,-0.0066803104606711905,0.02318921283958475,True,,1
500,MA,2026-02-24,2026-02-25,2026,11,-0.020467267921007726,0.002247325086512042,True,,1
500,MA,2026-02-24,2026-02-25,2026,12,-0.013572775076892474,-0.011355952428304339,True,,1
500,MA,2026-02-24,2026-02-25,2026,13,0.0020920922934561936,-0.009287617835408324,True,,1
500,MA,2026-02-24,2026-02-25,2026,14,0.020776874435411097,0.011296288930432441,True,,1
500,MA,2026-02-24,2026-02-25,2026,15,-0.003382497541789653,0.007875581719104296,True,,1
500,MA,2026-02-24,2026-02-25,2026,16,-0.03311101464146171,-0.0254962014239688,True,stop,1
500,NVDL,2026-02-27,2026-03-02,2026,1,0.08515488802467486,0.08515488802467486,True,,1
500,NVDL,2026-02-27,2026-03-02,2026,2,-0.025827978250123618,0.05712753117875824,True,,1
500,NVDL,2026-02-27,2026-03-02,2026,3,0.03209438031206391,0.0910553842027626,True,,1
500,NVDL,2026-02-27,2026-03-02,2026,4,0.003441494591936989,0.09481024540700034,True,,1
500,NVDL,2026-02-27,2026-03-02,2026,5,-0.0616119549240568,0.02735684591658849,True,,1
500,NVDL,2026-02-27,2026-03-02,2026,6,0.055084192664142995,0.08394796835188423,True,,1
500,NVDL,2026-02-27,2026-03-02,2026,7,0.022640108870468856,0.10848866836529436,True,,1
500,NVDL,2026-02-27,2026-03-02,2026,8,0.013065569804016519,0.12297170443878236,True,,1
500,NVDL,2026-02-27,2026-03-02,2026,9,-0.030929066157152962,0.08823923829958447,True,,1
500,NVDL,2026-02-27,2026-03-02,2026,10,-0.032532347504621084,0.052836261231058224,True,,1
500,NVDL,2026-02-27,2026-03-02,2026,11,0.09423003439052335,0.15204505833445103,True,target60,1
500,CARR,2026-03-04,2026-03-05,2026,1,-0.0037935015668811856,-0.0037935015668811856,True,,1
500,CARR,2026-03-04,2026-03-05,2026,2,-0.021854304635761546,-0.025564901863763922,True,stop_gap,1
500,BDX,2026-03-05,2026-03-06,2026,1,-0.006418637822417583,-0.006418637822417583,True,,1
500,BDX,2026-03-05,2026-03-06,2026,2,-0.016568967579854155,-0.022881255200285278,True,stop,1
500,IR,2026-03-05,2026-03-06,2026,1,-0.0054815974941268,-0.0054815974941268,True,stop,1
500,BDX,2026-03-06,2026-03-09,2026,1,-0.0035757575757575655,-0.0035757575757575655,True,stop,1
500,MCHP,2026-03-06,2026-03-09,2026,1,-0.004877281308999448,-0.004877281308999448,True,stop,1
500,BDX,2026-03-09,2026-03-10,2026,1,-0.0003648081717030349,-0.0003648081717030349,True,stop,1
500,BKR,2026-03-09,2026-03-10,2026,1,-0.01025940445408291,-0.01025940445408291,True,,1
500,BKR,2026-03-09,2026-03-10,2026,2,-0.01516939153885044,-0.025273167069813973,True,stop,1
500,CHTR,2026-03-09,2026-03-10,2026,1,-0.011834585789497365,-0.011834585789497365,True,stop,1
500,MCHP,2026-03-09,2026-03-10,2026,1,0.004457423916384817,0.004457423916384817,True,,1
500,MCHP,2026-03-09,2026-03-10,2026,2,0.006426931905126221,0.010913003381493924,True,,1
500,MCHP,2026-03-09,2026-03-10,2026,3,-0.03831534134103687,-0.02782047340916083,True,stop,1
500,BKR,2026-03-10,2026-03-11,2026,1,-0.010331978319783164,-0.010331978319783164,True,stop,1
500,MCHP,2026-03-10,2026-03-11,2026,1,0.0033562166285279194,0.0033562166285279194,True,,1
500,MCHP,2026-03-10,2026-03-11,2026,2,-0.03831534134103687,-0.03508771929824561,True,stop,1
500,MCHP,2026-03-11,2026-03-12,2026,1,-0.021049373162049245,-0.021049373162049245,True,stop,1
500,B,2026-03-12,2026-03-13,2026,1,-0.04253393665158378,-0.04253393665158378,True,,1
500,B,2026-03-12,2026-03-13,2026,2,-0.007561436672967825,-0.04977375565610864,True,stop_gap,1
500,B,2026-03-16,2026-03-17,2026,1,-0.015067862893949902,-0.015067862893949902,True,,1
500,B,2026-03-16,2026-03-17,2026,2,-0.039355366110008116,-0.053830227743271175,True,stop_gap,1
500,SMCI,2026-03-18,2026-03-19,2026,1,0.026499999999999968,0.026499999999999968,True,,1
500,SMCI,2026-03-18,2026-03-19,2026,2,-0.2687124533203442,-0.2493333333333333,True,stop_gap,1
500,DHR,2026-03-19,2026-03-20,2026,1,-0.0010027443529659896,-0.0010027443529659896,True,,1
500,DHR,2026-03-19,2026-03-20,2026,2,0.0037508584711289927,0.0027443529660122756,True,,1
500,DHR,2026-03-19,2026-03-20,2026,3,0.00042105263157909967,0.0031665611146296513,True,,1
500,DHR,2026-03-19,2026-03-20,2026,4,-0.025042087542087588,-0.021954823728097983,True,stop,1
500,PDD,2026-03-19,2026-03-20,2026,1,-0.0011340206185567192,-0.0011340206185567192,True,stop,1
500,BKNG,2026-03-27,2026-03-30,2026,1,0.012658570164224558,0.012658570164224558,True,,1
500,BKNG,2026-03-27,2026-03-30,2026,2,0.021113886805095294,0.03403972858688187,True,,1
500,PDD,2026-03-27,2026-03-30,2026,1,-0.015210647453217319,-0.015210647453217319,True,,1
500,PDD,2026-03-27,2026-03-30,2026,2,0.03820749923788247,0.022415690983688563,True,,1
500,ADSK,2026-03-30,2026-03-31,2026,1,0.019070321811680557,0.019070321811680557,True,,1
500,CAT,2026-03-30,2026-03-31,2026,1,0.041764705882352926,0.041764705882352926,True,,1
500,FBTC,2026-03-30,2026-03-31,2026,1,0.015485203028217542,0.015485203028217542,True,,1
500,IBIT,2026-03-30,2026-03-31,2026,1,0.016393442622950838,0.016393442622950838,True,,1
500,KWEB,2026-03-30,2026-03-31,2026,1,-0.003063063063063143,-0.003063063063063143,True,stop,1
500,PDD,2026-03-30,2026-03-31,2026,1,0.03610181523172096,0.03610181523172096,True,,1
