rank_cap,target_fraction,feature,period,quintile,n,mean_trade,median_trade,profit_factor,win_rate,target_share,stop_share,max_hold_share,mean_holding_sessions,mean_mfe_return,mean_mae_return,yearly_mean_trade,yearly_pf
300,0.6,selloff_1d_atr,discovery,1,255,0.0003311705493553636,-0.0159583562096301,1.0151159615961165,0.4,0.3137254901960784,0.5490196078431373,0.13725490196078433,8.854901960784314,0.041277591941506965,-0.034671575504358454,"{""2019"": 0.010785913020142233, ""2020"": 0.005987315196979233, ""2021"": 0.01646771540882035, ""2022"": -0.019676930441747204}","{""2019"": 1.7232568390940697, ""2020"": 1.3240446267741728, ""2021"": 2.092208210140034, ""2022"": 0.39886304584826404}"
300,0.6,selloff_1d_atr,discovery,2,255,-0.009957847767969057,-0.0240827103219696,0.6459829946429144,0.3215686274509804,0.2196078431372549,0.6470588235294118,0.13333333333333333,8.64313725490196,0.03522861238987826,-0.03965913078556701,"{""2019"": 0.001133229936446051, ""2020"": -0.0005653800899710206, ""2021"": 0.0027885640293224653, ""2022"": -0.025705626968964983}","{""2019"": 1.0506800320535454, ""2020"": 0.9799310039207956, ""2021"": 1.1300528111319765, ""2022"": 0.25953258352150643}"
300,0.6,selloff_1d_atr,discovery,3,252,-0.0009058099277155048,-0.0158301008028106,0.9613750095503703,0.376984126984127,0.27380952380952384,0.5634920634920635,0.1626984126984127,10.095238095238095,0.04193287820050831,-0.03817247625699576,"{""2019"": 0.005530267296103471, ""2020"": -0.0004068128990997308, ""2021"": 0.005897835974372663, ""2022"": -0.013415939314184427}","{""2019"": 1.2583886206022397, ""2020"": 0.9824693497517163, ""2021"": 1.3071019038923306, ""2022"": 0.5356376390895015}"
300,0.6,selloff_1d_atr,discovery,4,254,0.004696680205974741,-0.0166928929527639,1.2041974099696005,0.4094488188976378,0.31496062992125984,0.562992125984252,0.1220472440944882,8.464566929133857,0.045856926208007937,-0.03557368210369511,"{""2019"": 0.014793750454039864, ""2020"": 0.008576543257414687, ""2021"": 0.008613883226207902, ""2022"": -0.009002355750397477}","{""2019"": 1.9217106025592168, ""2020"": 1.3183425294534847, ""2021"": 1.44844065072345, ""2022"": 0.6979671509147516}"
300,0.6,selloff_1d_atr,discovery,5,252,-0.006170177537172517,-0.02260791442193535,0.7652280327181364,0.35714285714285715,0.27380952380952384,0.5793650793650794,0.14682539682539683,8.515873015873016,0.03867703512838124,-0.04041995094601824,"{""2019"": -0.0034973062417293973, ""2020"": -0.0174068019770643, ""2021"": 0.016307710036841915, ""2022"": -0.01797489138887863}","{""2019"": 0.8282744204462809, ""2020"": 0.5141250715925928, ""2021"": 1.9735641809930937, ""2022"": 0.4457608647532062}"
300,0.6,selloff_1d_atr,validation,1,204,0.0068240152797550595,-0.010235680915765849,1.345256375777006,0.4362745098039216,0.3627450980392157,0.5196078431372549,0.11764705882352941,8.294117647058824,0.044592062077472,-0.03229100954098124,"{""2023"": -0.003507784512377876, ""2024"": 0.005397627588541966, ""2025"": 0.018966228278362095, ""2026"": 0.007202770920742592}","{""2023"": 0.8560012939798305, ""2024"": 1.2659151746955721, ""2025"": 2.4064111851617462, ""2026"": 1.321570918434684}"
300,0.6,selloff_1d_atr,validation,2,172,0.0010854668589722442,-0.01468861986455655,1.0504336601174378,0.3953488372093023,0.27906976744186046,0.563953488372093,0.1569767441860465,9.186046511627907,0.0418415778399861,-0.03425902290476928,"{""2023"": -0.00677021136965495, ""2024"": 0.00710306555304751, ""2025"": 0.006331974123502297, ""2026"": -0.0068937121500093615}","{""2023"": 0.7191681738441736, ""2024"": 1.3761934739167574, ""2025"": 1.3486576185617927, ""2026"": 0.7717476786367345}"
300,0.6,selloff_1d_atr,validation,3,252,0.005702729610211425,-0.02177667035022495,1.228871847246648,0.3492063492063492,0.23015873015873015,0.6150793650793651,0.15476190476190477,9.055555555555555,0.051981639692765806,-0.0363197643732336,"{""2023"": -0.005804321188741238, ""2024"": -0.012811070177384642, ""2025"": 0.05708595301380129, ""2026"": -0.013823608394371118}","{""2023"": 0.7757055253071091, ""2024"": 0.559471821919079, ""2025"": 4.350300170391912, ""2026"": 0.4139231632531292}"
300,0.6,selloff_1d_atr,validation,4,188,-0.0013579217686885178,-0.02116174595277595,0.945065069979841,0.3404255319148936,0.2765957446808511,0.6063829787234043,0.11702127659574468,8.48404255319149,0.04209840160713257,-0.038623868876298595,"{""2023"": 0.005016992588117377, ""2024"": -0.007399303185135194, ""2025"": -0.0016846974434333183, ""2026"": 0.0030059783394015037}","{""2023"": 1.2201613171125105, ""2024"": 0.724823299552273, ""2025"": 0.9345649547947019, ""2026"": 1.1518061323897237}"
300,0.6,selloff_1d_atr,validation,5,197,0.007104941995821195,-0.0066959763566653,1.3408892891511395,0.4517766497461929,0.3248730964467005,0.5177664974619289,0.15736040609137056,9.553299492385786,0.049606522586783865,-0.03488630285533206,"{""2023"": 0.0017101750307001906, ""2024"": 0.006557811979307819, ""2025"": 0.010766583127062789, ""2026"": 0.015723214049984863}","{""2023"": 1.0756383381222947, ""2024"": 1.2867079875115832, ""2025"": 1.5814696913097384, ""2026"": 2.002820658787482}"
300,0.6,selloff_3d_sigma,discovery,1,251,-0.005938504117623304,-0.0217909795483733,0.7766582567546005,0.3466135458167331,0.2589641434262948,0.5976095617529881,0.14342629482071714,9.51394422310757,0.03909440168164704,-0.03947937231963065,"{""2019"": 0.010835601216019595, ""2020"": -0.010955377807498617, ""2021"": 0.007132523702597379, ""2022"": -0.02729459486130978}","{""2019"": 1.6493597037065542, ""2020"": 0.6380272736750041, ""2021"": 1.3775487126175345, ""2022"": 0.2949476962291824}"
300,0.6,selloff_3d_sigma,discovery,2,251,-2.7705318366199983e-06,-0.0182685529386342,0.9998910559960031,0.3784860557768924,0.26693227091633465,0.5816733067729084,0.15139442231075698,9.442231075697212,0.04536526477869562,-0.038291818225662654,"{""2019"": -0.0017062947599811229, ""2020"": 0.02724026425100588, ""2021"": 0.015089991390668042, ""2022"": -0.017564467194264067}","{""2019"": 0.9397599181782456, ""2020"": 3.0233569093170933, ""2021"": 1.8845734824141545, ""2022"": 0.4587332815807335}"
300,0.6,selloff_3d_sigma,discovery,3,251,0.0016770438981874882,-0.0142260669218038,1.0826162981162153,0.398406374501992,0.28286852589641437,0.5617529880478087,0.1553784860557769,8.47011952191235,0.04043698096316551,-0.033009007017162036,"{""2019"": 0.003999733054590096, ""2020"": 0.009267351722981624, ""2021"": 0.008986750729113337, ""2022"": -0.008887805177641064}","{""2019"": 1.232306274235383, ""2020"": 1.5297551891075538, ""2021"": 1.498623617764207, ""2022"": 0.6634678663491277}"
300,0.6,selloff_3d_sigma,discovery,4,251,-0.00559198508661133,-0.020550961386634,0.7763299741278668,0.3346613545816733,0.2868525896414343,0.6215139442231076,0.09163346613545817,8.131474103585658,0.03552205039474432,-0.03803161155981147,"{""2019"": 0.007198775706890102, ""2020"": 0.002527616698819891, ""2021"": -3.8810035294333065e-05, ""2022"": -0.01989548322053975}","{""2019"": 1.4439917981423398, ""2020"": 1.0973216143169393, ""2021"": 0.9982238329928264, ""2022"": 0.3877635078004669}"
300,0.6,selloff_3d_sigma,discovery,5,251,-0.003923404337044951,-0.0210605840539985,0.8494217853591425,0.398406374501992,0.30278884462151395,0.5577689243027888,0.1394422310756972,8.661354581673306,0.040626088558759425,-0.040158945961673194,"{""2019"": 0.0026119031111957827, ""2020"": -0.02115319756973957, ""2021"": 0.01880061426853942, ""2022"": -0.014594596282945212}","{""2019"": 1.1392421985284187, ""2020"": 0.46779754787720795, ""2021"": 2.2045475042972402, ""2022"": 0.5035786625057151}"
300,0.6,selloff_3d_sigma,validation,1,214,0.001971300436826994,-0.01308077339020335,1.08647557662411,0.4252336448598131,0.32710280373831774,0.5280373831775701,0.14485981308411214,8.967289719626168,0.04195414524283422,-0.03407152289431466,"{""2023"": -0.006435951257614775, ""2024"": 0.008258060629227059, ""2025"": 0.005966052745106961, ""2026"": -1.736468318836078e-05}","{""2023"": 0.7612476198633881, ""2024"": 1.395547244167787, ""2025"": 1.3220164283317486, ""2026"": 0.9993321451853977}"
300,0.6,selloff_3d_sigma,validation,2,207,0.0013778696970972982,-0.0205543565418955,1.0588343978867214,0.3864734299516908,0.26570048309178745,0.5700483091787439,0.1642512077294686,9.367149758454106,0.04276961179441317,-0.035739359073086986,"{""2023"": -0.006374649455474973, ""2024"": -0.006711044465515244, ""2025"": 0.018144821224883336, ""2026"": 0.01744654335644307}","{""2023"": 0.7553275427501489, ""2024"": 0.7487723450746144, ""2025"": 2.0857162800086186, ""2026"": 1.9424368171076232}"
300,0.6,selloff_3d_sigma,validation,3,214,-0.0014599654963774191,-0.01458643928478175,0.9356199929360576,0.397196261682243,0.3177570093457944,0.5560747663551402,0.1261682242990654,8.341121495327103,0.04080335801999837,-0.03625243151985032,"{""2023"": -0.009423604141078179, ""2024"": -0.01033490750412931, ""2025"": 0.016042045335359578, ""2026"": -0.0051508824806508115}","{""2023"": 0.659358860812537, ""2024"": 0.5893732982284305, ""2025"": 2.141339916608777, ""2026"": 0.814034116982498}"
300,0.6,selloff_3d_sigma,validation,4,191,0.006757481789230833,-0.016020880519604,1.3277185376974787,0.36649214659685864,0.2774869109947644,0.5968586387434555,0.1256544502617801,8.895287958115183,0.04917065453316379,-0.0343570714589983,"{""2023"": 0.004557711964440414, ""2024"": 0.01101421624245333, ""2025"": 0.004865811623971751, ""2026"": 0.007343384192982568}","{""2023"": 1.2008838847021412, ""2024"": 1.5596265668656881, ""2025"": 1.238907690485901, ""2026"": 1.4022755364404105}"
300,0.6,selloff_3d_sigma,validation,5,187,0.013235015149472904,-0.0147673122009387,1.5825398150583643,0.3850267379679144,0.26737967914438504,0.5882352941176471,0.1443850267379679,9.032085561497325,0.059491333428193766,-0.03613269143235787,"{""2023"": 0.005687648658185312, ""2024"": -0.008379630747338728, ""2025"": 0.06239474705737991, ""2026"": -0.009394172182828514}","{""2023"": 1.3167948383188424, ""2024"": 0.7011021235246527, ""2025"": 3.601615005166805, ""2026"": 0.5595063052456386}"
300,0.6,selloff_5d_sigma,discovery,1,249,1.873627607847602e-05,-0.0182046301722209,1.0007910775798197,0.37751004016064255,0.27710843373493976,0.5622489959839357,0.1606425702811245,9.76706827309237,0.04138706271031908,-0.035152364710226085,"{""2019"": 0.006722440919509382, ""2020"": 0.0005167074229673851, ""2021"": 0.016945462006750046, ""2022"": -0.017027558973234616}","{""2019"": 1.3179204279620165, ""2020"": 1.0227105171250968, ""2021"": 2.131686030766964, ""2022"": 0.4676258015809959}"
300,0.6,selloff_5d_sigma,discovery,2,252,0.0007022045608531392,-0.016081816173945,1.0288165346370441,0.3968253968253968,0.2896825396825397,0.5476190476190477,0.1626984126984127,9.142857142857142,0.04326457282551951,-0.0382578994299228,"{""2019"": 0.00226192138932432, ""2020"": 0.007425320792430793, ""2021"": 0.018396960400352456, ""2022"": -0.01535189139602748}","{""2019"": 1.1035376500209055, ""2020"": 1.3560150723619322, ""2021"": 2.205536990164664, ""2022"": 0.5558934106852518}"
300,0.6,selloff_5d_sigma,discovery,3,251,-0.0084315647161528,-0.0224697495008807,0.6869718427157834,0.32669322709163345,0.23107569721115537,0.6294820717131474,0.1394422310756972,9.223107569721115,0.03833659766325069,-0.03984195953999997,"{""2019"": 0.0009912303356055608, ""2020"": -0.010886305931795839, ""2021"": -0.0019750477303508438, ""2022"": -0.019078855585715176}","{""2019"": 1.0526136761024796, ""2020"": 0.6400172206164976, ""2021"": 0.9152771974332915, ""2022"": 0.4481078442428582}"
300,0.6,selloff_5d_sigma,discovery,4,252,0.0010463787609476993,-0.0167774655024576,1.0481072398084086,0.38095238095238093,0.2976190476190476,0.5873015873015873,0.11507936507936507,7.7896825396825395,0.04112480996919062,-0.0348113120405288,"{""2019"": 0.01304733798018478, ""2020"": 0.02048346729448998, ""2021"": 0.004825509506257793, ""2022"": -0.01795545521162492}","{""2019"": 1.8296405942604412, ""2020"": 2.1600876794819355, ""2021"": 1.2523394316232819, ""2022"": 0.38564910319132417}"
300,0.6,selloff_5d_sigma,discovery,5,250,-0.007287108843612911,-0.02318438051404815,0.7275686439640376,0.372,0.304,0.596,0.1,8.26,0.03650109425845363,-0.040951279674217515,"{""2019"": 0.0016343324693946777, ""2020"": -0.019001133704317025, ""2021"": 0.012862938116639015, ""2022"": -0.019026896854303248}","{""2019"": 1.089593626812873, ""2020"": 0.508823777977448, ""2021"": 1.6887887197862275, ""2022"": 0.3537021858562633}"
300,0.6,selloff_5d_sigma,validation,1,188,-0.0008393553038550271,-0.0197912522960181,0.9661089709807429,0.4148936170212766,0.28191489361702127,0.5585106382978723,0.1595744680851064,9.51063829787234,0.04247429502495763,-0.03680276008475055,"{""2023"": -0.0144549929711395, ""2024"": 0.005661162405164534, ""2025"": 0.003119810140016228, ""2026"": 0.008847757124431792}","{""2023"": 0.5579253965169934, ""2024"": 1.232995724414685, ""2025"": 1.1776229400559788, ""2026"": 1.4896289157321363}"
300,0.6,selloff_5d_sigma,validation,2,244,0.015083930606833374,-0.0163117097286668,1.6918141080197544,0.4180327868852459,0.319672131147541,0.5327868852459017,0.14754098360655737,9.118852459016393,0.05901868433471591,-0.03484473146731221,"{""2023"": 0.00476000155290567, ""2024"": 0.0005006502993920146, ""2025"": 0.04671226005739871, ""2026"": 0.00818032073973446}","{""2023"": 1.2374613529873828, ""2024"": 1.0206712399448574, ""2025"": 3.378189080682507, ""2026"": 1.3366061919002257}"
300,0.6,selloff_5d_sigma,validation,3,219,-0.0010564911408155581,-0.0165393771706543,0.9509628371463474,0.3333333333333333,0.2602739726027397,0.6073059360730594,0.1324200913242009,8.242009132420092,0.0379454578912262,-0.034651094163140495,"{""2023"": -0.010410788143526542, ""2024"": -0.009794490694026936, ""2025"": 0.019860011231948874, ""2026"": -0.008550847173142752}","{""2023"": 0.6289132577739381, ""2024"": 0.5910159437149484, ""2025"": 2.6340371642869678, ""2026"": 0.612626740717157}"
300,0.6,selloff_5d_sigma,validation,4,184,0.003988526246954785,-0.0097800987069085,1.196143398827936,0.41847826086956524,0.32608695652173914,0.5543478260869565,0.11956521739130435,8.505434782608695,0.046171433704767124,-0.033298122781767005,"{""2023"": 0.0020194236918540825, ""2024"": 0.0022510961110803946, ""2025"": 0.008311565505610706, ""2026"": 0.004471189711245826}","{""2023"": 1.095432740803686, ""2024"": 1.1168771285644261, ""2025"": 1.432109100814803, ""2026"": 1.2020980077244872}"
300,0.6,selloff_5d_sigma,validation,5,178,0.0007588428017202205,-0.0178713536603606,1.0311944892951033,0.38202247191011235,0.2696629213483146,0.5842696629213483,0.14606741573033707,9.258426966292134,0.04431777631672931,-0.037246685009829944,"{""2023"": 0.006047659548591488, ""2024"": -0.008291464771743398, ""2025"": 0.0064338085921688114, ""2026"": 0.0023129203301703624}","{""2023"": 1.311696061412587, ""2024"": 0.7048879614836621, ""2025"": 1.2559060776679156, ""2026"": 1.0924434394490832}"
300,0.6,spy_relative_3d_sigma,discovery,1,249,-0.005271791073312742,-0.0195913800465253,0.7906355861729878,0.3534136546184739,0.25301204819277107,0.5863453815261044,0.1606425702811245,9.566265060240964,0.03881812659791228,-0.03673688710459209,"{""2019"": 0.01191078927596133, ""2020"": -0.017235825579371103, ""2021"": 0.009485491214185715, ""2022"": -0.015004967988631749}","{""2019"": 1.7845098641616217, ""2020"": 0.49411171072923543, ""2021"": 1.518317836300842, ""2022"": 0.4870117608586484}"
300,0.6,spy_relative_3d_sigma,discovery,2,251,-0.002003966113245942,-0.0200357259867779,0.924267543396127,0.35856573705179284,0.2549800796812749,0.6215139442231076,0.12350597609561753,8.713147410358566,0.04397396782006436,-0.04084655812775006,"{""2019"": 0.0060613026628853275, ""2020"": -0.005813681759738201, ""2021"": 0.007203536146118705, ""2022"": -0.012142399906804933}","{""2019"": 1.273712228004421, ""2020"": 0.8250388788039792, ""2021"": 1.3442796410468172, ""2022"": 0.5960146558602636}"
300,0.6,spy_relative_3d_sigma,discovery,3,252,-0.0007654760943482012,-0.01758916787905225,0.9683193645778141,0.4087301587301587,0.30952380952380953,0.5515873015873016,0.1388888888888889,8.59920634920635,0.04244189819694527,-0.03706546157407314,"{""2019"": 0.0024109816984332895, ""2020"": 0.013207203161589862, ""2021"": 0.02199991123090561, ""2022"": -0.025540734673378224}","{""2019"": 1.1212361562668949, ""2020"": 1.7006593347600627, ""2021"": 2.4437446858790457, ""2022"": 0.3087066197788271}"
300,0.6,spy_relative_3d_sigma,discovery,4,252,-0.00289367958650459,-0.017823557959618548,0.8848881306634796,0.376984126984127,0.3055555555555556,0.5753968253968254,0.11904761904761904,8.476190476190476,0.03890295593922619,-0.03886395608778344,"{""2019"": 0.0004049569197597331, ""2020"": 0.01164443057088781, ""2021"": 0.005884713132413447, ""2022"": -0.01767438210647769}","{""2019"": 1.0187617163033682, ""2020"": 1.5808252001369727, ""2021"": 1.274823405966973, ""2022"": 0.46134002403673763}"
300,0.6,spy_relative_3d_sigma,discovery,5,251,-0.0028721353014047823,-0.0172991630187167,0.8720013982198643,0.35856573705179284,0.2749003984063745,0.5856573705179283,0.1394422310756972,8.872509960159363,0.036893062520312644,-0.035448108749690774,"{""2019"": 0.005516244901019282, ""2020"": -0.005886656778818408, ""2021"": 0.0069526059085814025, ""2022"": -0.020270887200452763}","{""2019"": 1.336281124331764, ""2020"": 0.7855262622106945, ""2021"": 1.424626887192099, ""2022"": 0.3550284282290534}"
300,0.6,spy_relative_3d_sigma,validation,1,189,0.006116182627335312,-0.0051726833751043,1.2908964933299418,0.48148148148148145,0.4126984126984127,0.48677248677248675,0.10052910052910052,8.915343915343914,0.04275471639298609,-0.032260590187047994,"{""2023"": -0.004484547328950432, ""2024"": 0.008475990450455047, ""2025"": 0.01310218226475371, ""2026"": 0.008581463222795873}","{""2023"": 0.8500748643360223, ""2024"": 1.4112854734183695, ""2025"": 1.8553374307528145, ""2026"": 1.5851376544587554}"
300,0.6,spy_relative_3d_sigma,validation,2,174,0.0033184335648859917,-0.019063642297552252,1.1507237351222699,0.367816091954023,0.26436781609195403,0.5862068965517241,0.14942528735632185,8.89655172413793,0.04692452671717944,-0.033989215468065784,"{""2023"": -0.0016273809759202297, ""2024"": 0.000417180422944518, ""2025"": 0.010541303178197025, ""2026"": 0.008338966924203313}","{""2023"": 0.9254614843991933, ""2024"": 1.016148393832382, ""2025"": 1.6008025771006014, ""2026"": 1.3404666766442732}"
300,0.6,spy_relative_3d_sigma,validation,3,192,-0.0011250434038500036,-0.021428222171673048,0.954697870122343,0.359375,0.28125,0.5885416666666666,0.13020833333333334,8.598958333333334,0.04220470145328283,-0.03797095864436854,"{""2023"": -0.014691612388793882, ""2024"": -0.0008661701852484573, ""2025"": 0.018280247902932777, ""2026"": -0.0009836276523030726}","{""2023"": 0.502893512645381, ""2024"": 0.9663350047392314, ""2025"": 2.127801882228823, ""2026"": 0.9614680996431181}"
300,0.6,spy_relative_3d_sigma,validation,4,209,0.0044713489490896315,-0.0141663408038469,1.2114164200581963,0.39712918660287083,0.291866028708134,0.5645933014354066,0.14354066985645933,8.909090909090908,0.047371259980388034,-0.03579798286896388,"{""2023"": 0.015730417761207784, ""2024"": -0.0068063474880881315, ""2025"": 0.008195297223661045, ""2026"": 0.00021674784146917577}","{""2023"": 1.9094700827685824, ""2024"": 0.7009429296075118, ""2025"": 1.375994446035566, ""2026"": 1.0077534170131206}"
300,0.6,spy_relative_3d_sigma,validation,5,249,0.006861052231216075,-0.0178821936076412,1.2959319920099166,0.3654618473895582,0.2289156626506024,0.5983935742971888,0.17269076305220885,9.176706827309237,0.05152805078153103,-0.036075542181334054,"{""2023"": -0.007427955824780058, ""2024"": -0.005652084175647495, ""2025"": 0.038638760413580414, ""2026"": -0.0047307391425177115}","{""2023"": 0.6826462506515665, ""2024"": 0.7810298291270765, ""2025"": 2.8815556435870255, ""2026"": 0.7776407573658156}"
300,0.6,spy_relative_5d_sigma,discovery,1,249,0.0006253619742700282,-0.0165143663348861,1.0272898534942108,0.39357429718875503,0.2891566265060241,0.5582329317269076,0.15261044176706828,9.465863453815262,0.041067600637769125,-0.034095720963974306,"{""2019"": 0.014010295066011941, ""2020"": -0.0066072162754487445, ""2021"": 0.01681017082449351, ""2022"": -0.010123884994519333}","{""2019"": 1.9809466789203454, ""2020"": 0.7746688620362078, ""2021"": 2.07638792151535, ""2022"": 0.6377383148198119}"
300,0.6,spy_relative_5d_sigma,discovery,2,251,-0.0024465675125286365,-0.0189305237179484,0.9048868971813466,0.36254980079681276,0.2749003984063745,0.5936254980079682,0.13147410358565736,8.657370517928287,0.04588103369364855,-0.039765031728922255,"{""2019"": 0.009706324632815157, ""2020"": -0.0004216903174263724, ""2021"": 0.018662836797836643, ""2022"": -0.019599663080378936}","{""2019"": 1.4748282126498562, ""2020"": 0.9846910381263042, ""2021"": 2.090546988091868, ""2022"": 0.38642223336746656}"
300,0.6,spy_relative_5d_sigma,discovery,3,252,-0.006859891047460958,-0.0212058476245083,0.7549420976459125,0.3333333333333333,0.2619047619047619,0.6150793650793651,0.12301587301587301,8.40079365079365,0.03917412437000839,-0.040646534004773374,"{""2019"": -0.0009051306260677879, ""2020"": -0.01245152071899123, ""2021"": 0.01295968684657231, ""2022"": -0.022393337436203684}","{""2019"": 0.9602350712442147, ""2020"": 0.5875717392606128, ""2021"": 1.6736409115089133, ""2022"": 0.40125876744212013}"
300,0.6,spy_relative_5d_sigma,discovery,4,251,-0.0004001208124628839,-0.0166890676852167,0.9829226184857964,0.41832669322709165,0.29880478087649404,0.5537848605577689,0.14741035856573706,8.92430278884462,0.03732484515261054,-0.03805603905831722,"{""2019"": 0.00867436601315349, ""2020"": 0.009957605131674459, ""2021"": 0.003133141422355753, ""2022"": -0.01709429105467207}","{""2019"": 1.4837786233813637, ""2020"": 1.4183226351214073, ""2021"": 1.1667616534192504, ""2022"": 0.46898595589921555}"
300,0.6,spy_relative_5d_sigma,discovery,5,251,-0.004801973876017655,-0.0214753425913836,0.7946639303498674,0.3466135458167331,0.2749003984063745,0.601593625498008,0.12350597609561753,8.733067729083665,0.03719870584369752,-0.03640909167197157,"{""2019"": -0.00573546986643817, ""2020"": -0.00023331457788126303, ""2021"": 0.00643701448805816, ""2022"": -0.023890119030720147}","{""2019"": 0.7175574399418133, ""2020"": 0.990855079546583, ""2021"": 1.3357424877794533, ""2022"": 0.23677106692478317}"
300,0.6,spy_relative_5d_sigma,validation,1,173,0.0059481694880794056,-0.0077981413116882,1.2914031797370173,0.4508670520231214,0.4046242774566474,0.5144508670520231,0.08092485549132948,8.971098265895954,0.044643190479937624,-0.031383399158867294,"{""2023"": -0.010295284232328483, ""2024"": 0.030028759025949855, ""2025"": 0.004486483571899278, ""2026"": -0.001322940163260154}","{""2023"": 0.6561263608039041, ""2024"": 2.7678589981468935, ""2025"": 1.2592403445641094, ""2026"": 0.9079993957024315}"
300,0.6,spy_relative_5d_sigma,validation,2,171,0.000640668588676473,-0.0173327424979303,1.0267758897666994,0.4152046783625731,0.30409356725146197,0.5555555555555556,0.14035087719298245,8.824561403508772,0.044694644773211015,-0.03835854777144132,"{""2023"": 0.0019786859228028454, ""2024"": -0.020214413408774595, ""2025"": 0.025705164722544513, ""2026"": 0.0029710205719632008}","{""2023"": 1.090343427681514, ""2024"": 0.3889521321409007, ""2025"": 2.8791680485848623, ""2026"": 1.1131110979660754}"
300,0.6,spy_relative_5d_sigma,validation,3,198,0.01672296136126402,-0.01673484335641765,1.7721051825733312,0.3838383838383838,0.25757575757575757,0.5555555555555556,0.18686868686868688,8.969696969696969,0.06063933285705881,-0.03462493583313032,"{""2023"": -4.687169911533093e-05, ""2024"": 0.0010062697538219172, ""2025"": 0.07487975948648828, ""2026"": 0.0016807979489837598}","{""2023"": 0.9977896214550895, ""2024"": 1.0437578273236756, ""2025"": 4.878118715500294, ""2026"": 1.0689063295516397}"
300,0.6,spy_relative_5d_sigma,validation,4,228,-0.0013119363714874266,-0.017675148435630048,0.9424273110382307,0.35526315789473684,0.2631578947368421,0.6096491228070176,0.12719298245614036,8.517543859649123,0.041956181783400874,-0.035876221721438686,"{""2023"": 0.00312697716052225, ""2024"": -0.002760702721777221, ""2025"": -0.007621291993840403, ""2026"": 0.003696711514346529}","{""2023"": 1.1274168408949148, ""2024"": 0.8658840751267901, ""2025"": 0.6597745717508492, ""2026"": 1.1439219560138532}"
300,0.6,spy_relative_5d_sigma,validation,5,243,3.974918649099913e-05,-0.0152722783431904,1.0017067862545699,0.3786008230452675,0.25925925925925924,0.5802469135802469,0.16049382716049382,9.267489711934155,0.041733482078332856,-0.035976263162269866,"{""2023"": -0.008031010211216667, ""2024"": -0.005942294173921208, ""2025"": 0.015277922544425136, ""2026"": 0.0036508411490385035}","{""2023"": 0.6712183300667707, ""2024"": 0.7734866612175698, ""2025"": 1.8183980786371745, ""2026"": 1.1652118570988028}"
300,0.6,own_history_5d_extreme,discovery,1,205,0.00028876563807521166,-0.0188952722764664,1.0123742315584763,0.36097560975609755,0.2682926829268293,0.5853658536585366,0.14634146341463414,9.04390243902439,0.04142682634091267,-0.03348081232183689,"{""2019"": 0.014770434758947782, ""2020"": 0.0037124471579748105, ""2021"": 0.011348214160347396, ""2022"": -0.011823816997155876}","{""2019"": 1.983609190956399, ""2020"": 1.1739573476870615, ""2021"": 1.6946508331263732, ""2022"": 0.6138276429197891}"
300,0.6,own_history_5d_extreme,discovery,2,214,0.0012058001636380514,-0.017201015518909603,1.050121668459605,0.3878504672897196,0.29439252336448596,0.5514018691588785,0.1542056074766355,8.719626168224298,0.04193457509187455,-0.037381581263009674,"{""2019"": 0.0008033557540042832, ""2020"": 0.0026271384104560973, ""2021"": 0.021568371855411245, ""2022"": -0.01650966047081797}","{""2019"": 1.0439746373633543, ""2020"": 1.1162619325404535, ""2021"": 2.5080278197622277, ""2022"": 0.5366468420585401}"
300,0.6,own_history_5d_extreme,discovery,3,209,-0.003801495252860546,-0.0191401091647082,0.841378330260747,0.3397129186602871,0.2727272727272727,0.6363636363636364,0.09090909090909091,7.956937799043062,0.03986878170525378,-0.03598888421860734,"{""2019"": 0.008588226836013454, ""2020"": 0.00861188909563507, ""2021"": 0.0054412972971830875, ""2022"": -0.021470596937848016}","{""2019"": 1.6139772303709878, ""2020"": 1.4589577319439953, ""2021"": 1.2644906576369719, ""2022"": 0.34681270706418404}"
300,0.6,own_history_5d_extreme,discovery,4,207,-0.006421224921984154,-0.0200357259867779,0.7530127202373651,0.33816425120772947,0.26570048309178745,0.6086956521739131,0.12560386473429952,8.845410628019323,0.03882421173602616,-0.04021868877147736,"{""2019"": 5.9738465781958294e-06, ""2020"": 0.003436322337926324, ""2021"": -0.0005178546261956276, ""2022"": -0.018053852797658945}","{""2019"": 1.0004160809249851, ""2020"": 1.121370764174233, ""2021"": 0.9771188218107157, ""2022"": 0.40592506990181804}"
300,0.6,own_history_5d_extreme,discovery,5,214,-0.012083865530723421,-0.0259953740314193,0.5715666024302857,0.32242990654205606,0.26635514018691586,0.6635514018691588,0.07009345794392523,7.224299065420561,0.032643651123170365,-0.041233430366914785,"{""2019"": 0.0019811696167680417, ""2020"": -0.022092288463123614, ""2021"": 0.013105989656011108, ""2022"": -0.023002204660339635}","{""2019"": 1.1333789176715454, ""2020"": 0.447674916672772, ""2021"": 1.7661538294171368, ""2022"": 0.2673329254888408}"
300,0.6,own_history_5d_extreme,validation,1,206,0.0009329739973797935,-0.0178549557827677,1.0395950943466046,0.41262135922330095,0.28640776699029125,0.558252427184466,0.1553398058252427,9.37864077669903,0.043948445427800305,-0.03566744578540706,"{""2023"": -0.0055037752618754005, ""2024"": 0.0050696923928247265, ""2025"": 0.003567164169346336, ""2026"": 0.00019483705327383815}","{""2023"": 0.7902767154703765, ""2024"": 1.207297335557645, ""2025"": 1.1937035846675847, ""2026"": 1.0084220450838803}"
300,0.6,own_history_5d_extreme,validation,2,260,0.01473501699403829,-0.0155104141584002,1.685758918637707,0.40384615384615385,0.3038461538461538,0.5538461538461539,0.1423076923076923,9.096153846153847,0.05727642784113848,-0.03477007164632564,"{""2023"": -0.007270096820302803, ""2024"": 0.006607711697875664, ""2025"": 0.04996352476780321, ""2026"": 0.022967473135046507}","{""2023"": 0.7274802626991363, ""2024"": 1.3275160526912293, ""2025"": 3.696403745707489, ""2026"": 2.6727462970659266}"
300,0.6,own_history_5d_extreme,validation,3,252,0.000275861010001202,-0.013039284487041801,1.0127958600889846,0.3888888888888889,0.2976190476190476,0.5595238095238095,0.14285714285714285,8.281746031746032,0.04056667042246606,-0.033603801789116115,"{""2023"": 0.004725798897839278, ""2024"": -0.012585186031871273, ""2025"": 0.011102655601981466, ""2026"": -0.011195657561099444}","{""2023"": 1.223272857416592, ""2024"": 0.5588730313087433, ""2025"": 1.7598663252834341, ""2026"": 0.5594005452859935}"
300,0.6,own_history_5d_extreme,validation,4,162,-0.0011073254329590923,-0.01795335335526745,0.9515536214994034,0.35802469135802467,0.25925925925925924,0.5925925925925926,0.14814814814814814,9.074074074074074,0.042471780820568315,-0.036644238557443455,"{""2023"": 0.003579483164378874, ""2024"": -0.011858330807894953, ""2025"": 5.583662839592928e-05, ""2026"": 0.00984633183789914}","{""2023"": 1.1649337721044053, ""2024"": 0.509476309232522, ""2025"": 1.0024857026414038, ""2026"": 1.4023993378092476}"
300,0.6,own_history_5d_extreme,validation,5,129,0.0037081757715946907,-0.0155700744009433,1.1616957167461686,0.40310077519379844,0.3178294573643411,0.5736434108527132,0.10852713178294573,8.922480620155039,0.04624587712359629,-0.03660836294846013,"{""2023"": -0.005688641869410121, ""2024"": -0.0008170111103103878, ""2025"": 0.024431851964321363, ""2026"": -0.01286755241218305}","{""2023"": 0.7400882310625596, ""2024"": 0.9656537822694364, ""2025"": 2.15477112563802, ""2026"": 0.5276618630487119}"
300,0.8,selloff_1d_atr,discovery,1,255,-0.0016166198354545802,-0.019443678561587,0.9349180516719853,0.34901960784313724,0.14901960784313725,0.596078431372549,0.2549019607843137,10.83529411764706,0.04724969957216657,-0.03796345516813181,"{""2019"": 0.01289915254312637, ""2020"": 0.0036415163650449765, ""2021"": 0.015239592435467388, ""2022"": -0.024816977071812078}","{""2019"": 1.8649615732957936, ""2020"": 1.141029778364434, ""2021"": 1.9227942760712806, ""2022"": 0.32207872631476114}"
300,0.8,selloff_1d_atr,discovery,2,255,-0.01356248882877399,-0.0252610621728309,0.5558669770475413,0.27450980392156865,0.09019607843137255,0.6823529411764706,0.22745098039215686,10.070588235294117,0.03832344078269071,-0.04192953509596513,"{""2019"": -0.002043241348056335, ""2020"": 0.00104453653041227, ""2021"": -0.0013286056139608087, ""2022"": -0.031084312830111024}","{""2019"": 0.9134406685226758, ""2020"": 1.0346830906218076, ""2021"": 0.9451371278093914, ""2022"": 0.17908394197349173}"
300,0.8,selloff_1d_atr,discovery,3,254,-0.0019749025329837927,-0.017171238720442503,0.9221744125402749,0.3464566929133858,0.11811023622047244,0.5866141732283464,0.2952755905511811,11.661417322834646,0.04718228808058895,-0.04015402111346231,"{""2019"": 0.0026091384231452385, ""2020"": 0.0007446065784620973, ""2021"": 0.002117338946693146, ""2022"": -0.011636360502984866}","{""2019"": 1.1188784549338089, ""2020"": 1.0278437224283123, ""2021"": 1.0880352241348916, ""2022"": 0.608181778456107}"
300,0.8,selloff_1d_atr,discovery,4,254,0.004367447664751409,-0.0198135530166516,1.1757371516961048,0.3779527559055118,0.15748031496062992,0.5826771653543307,0.25984251968503935,10.645669291338583,0.054219501443145295,-0.03833544827387632,"{""2019"": 0.018422204032726555, ""2020"": 0.01554518489113905, ""2021"": 0.004932356841941822, ""2022"": -0.014262576743423233}","{""2019"": 2.1477779642305888, ""2020"": 1.523578174620504, ""2021"": 1.2178865925370541, ""2022"": 0.5507778949506338}"
300,0.8,selloff_1d_atr,discovery,5,255,-0.004655300413931197,-0.0243841927983973,0.8332158022625653,0.3137254901960784,0.15294117647058825,0.615686274509804,0.23137254901960785,10.011764705882353,0.04429926003796588,-0.04246181021835417,"{""2019"": -0.003685508856777236, ""2020"": -0.02060815275379605, ""2021"": 0.021266676825883252, ""2022"": -0.012821259881725416}","{""2019"": 0.8307202087338239, ""2020"": 0.48331269351249695, ""2021"": 2.264825889357615, ""2022"": 0.6125589778963555}"
300,0.8,selloff_1d_atr,validation,1,205,0.01183128195951295,-0.0123440924615652,1.5913527973126846,0.4195121951219512,0.2097560975609756,0.5219512195121951,0.2682926829268293,10.61951219512195,0.053875760174982044,-0.03270452181272108,"{""2023"": 0.0031543053991212634, ""2024"": 0.010461674033261323, ""2025"": 0.023655282540977627, ""2026"": 0.008057737765138906}","{""2023"": 1.129487970045797, ""2024"": 1.5239863495095602, ""2025"": 2.6155691876205323, ""2026"": 1.3597412943093314}"
300,0.8,selloff_1d_atr,validation,2,173,0.0005234990518540213,-0.0170052654127146,1.0228998387955834,0.35260115606936415,0.13872832369942195,0.5895953757225434,0.27167630057803466,10.780346820809248,0.04867404744598825,-0.03532877485665879,"{""2023"": -0.007344562853165498, ""2024"": 0.006012891281003172, ""2025"": 0.004015848175564476, ""2026"": -0.0013814474431227328}","{""2023"": 0.7010263702978653, ""2024"": 1.2771790937035399, ""2025"": 1.2079386620636188, ""2026"": 0.9534381133540274}"
300,0.8,selloff_1d_atr,validation,3,252,0.007145327037287229,-0.02295290936195675,1.2758709848148215,0.3253968253968254,0.12698412698412698,0.6349206349206349,0.23809523809523808,10.444444444444445,0.05742833339791682,-0.037731334619872804,"{""2023"": -0.0035106490226763875, ""2024"": -0.013959452346553743, ""2025"": 0.061082546551749065, ""2026"": -0.010957371279780567}","{""2023"": 0.8674983822517985, ""2024"": 0.5519751956246496, ""2025"": 4.584855035543002, ""2026"": 0.5354424607883319}"
300,0.8,selloff_1d_atr,validation,4,188,0.001243009118954249,-0.023229648004284398,1.048449051821635,0.31382978723404253,0.19680851063829788,0.6223404255319149,0.18085106382978725,9.952127659574469,0.04888367094610728,-0.03978057880739986,"{""2023"": 0.00963296271665449, ""2024"": -0.008381159283350412, ""2025"": 0.0002675199121787896, ""2026"": 0.014293046666759351}","{""2023"": 1.4104278699102804, ""2024"": 0.7035944495337064, ""2025"": 1.0100166224722151, ""2026"": 1.721818951955115}"
300,0.8,selloff_1d_atr,validation,5,198,0.006766168484180326,-0.0092308873749867,1.3069069582244115,0.41919191919191917,0.1919191919191919,0.5353535353535354,0.2727272727272727,11.737373737373737,0.055243913631468564,-0.03659203577607602,"{""2023"": -0.005432284663776519, ""2024"": 0.00614335182081932, ""2025"": 0.014308274537388846, ""2026"": 0.02631669744903579}","{""2023"": 0.7964384161070452, ""2024"": 1.2685877610825675, ""2025"": 1.7810598524527583, ""2026"": 2.6784690324163294}"
300,0.8,selloff_3d_sigma,discovery,1,252,-0.00788511964390123,-0.0251903706628902,0.7267325441988002,0.3134920634920635,0.12698412698412698,0.626984126984127,0.24603174603174602,11.162698412698413,0.0440495537724551,-0.042176366560877934,"{""2019"": 0.008164444950869777, ""2020"": -0.005484887721420617, ""2021"": 0.005676052919214688, ""2022"": -0.03389899741539853}","{""2019"": 1.4683311601976203, ""2020"": 0.8274309845472088, ""2021"": 1.2524714754193027, ""2022"": 0.20094247235923826}"
300,0.8,selloff_3d_sigma,discovery,2,251,-0.0006282512682145798,-0.0209797549999999,0.976695841629706,0.3426294820717131,0.12350597609561753,0.6135458167330677,0.26294820717131473,10.95617529880478,0.050921713845009695,-0.0398363484091923,"{""2019"": -0.004303818099451564, ""2020"": 0.03786330427156684, ""2021"": 0.004178150864071639, ""2022"": -0.015111909343455554}","{""2019"": 0.8533780762977876, ""2020"": 3.6774030621894007, ""2021"": 1.194557090252395, ""2022"": 0.5428986830400295}"
300,0.8,selloff_3d_sigma,discovery,3,252,-0.001045181099842601,-0.01709466717317205,0.9552751276651192,0.3492063492063492,0.14285714285714285,0.6031746031746031,0.25396825396825395,10.34920634920635,0.04588857867573592,-0.036695604118331684,"{""2019"": 0.0037865545239274237, ""2020"": 0.00432353469120446, ""2021"": 0.005211781225266323, ""2022"": -0.012716594407827705}","{""2019"": 1.2125819013979144, ""2020"": 1.1818856364275145, ""2021"": 1.2291942530279891, ""2022"": 0.570950439566013}"
300,0.8,selloff_3d_sigma,discovery,4,252,-0.004467366903511798,-0.02285989431284255,0.8323084507161842,0.2976190476190476,0.14285714285714285,0.6507936507936508,0.20634920634920634,9.96031746031746,0.04217904813673678,-0.040209636902990224,"{""2019"": 0.010946715484699793, ""2020"": -0.004143748925788855, ""2021"": 0.002964164954111819, ""2022"": -0.01934559980857122}","{""2019"": 1.670320715266229, ""2020"": 0.8752021747285449, ""2021"": 1.130563529925521, ""2022"": 0.4294162104141368}"
300,0.8,selloff_3d_sigma,discovery,5,253,-0.005396097659404599,-0.0239096394541342,0.8101025005774103,0.34782608695652173,0.13438735177865613,0.5889328063241107,0.2766798418972332,10.486166007905139,0.04651302170432278,-0.04255191027125405,"{""2019"": 0.0034377409966743133, ""2020"": -0.02399971741802181, ""2021"": 0.022498395100792004, ""2022"": -0.020610366791139468}","{""2019"": 1.1746993637527614, ""2020"": 0.46551789126048804, ""2021"": 2.4365258905686766, ""2022"": 0.3616420479587783}"
300,0.8,selloff_3d_sigma,validation,1,215,0.005271209159587793,-0.0152094713529812,1.2222980724570374,0.3953488372093023,0.20465116279069767,0.5534883720930233,0.24186046511627907,10.720930232558139,0.05004573564315489,-0.03489957216031262,"{""2023"": 0.001269538130238869, ""2024"": 0.006499909534665832, ""2025"": 0.007488759828052546, ""2026"": 0.011612380163608138}","{""2023"": 1.0462829068549355, ""2024"": 1.2872040742751607, ""2025"": 1.389889090689447, ""2026"": 1.4466182260356606}"
300,0.8,selloff_3d_sigma,validation,2,208,0.0028046756451454405,-0.0214617634199298,1.1133810850193253,0.35096153846153844,0.14423076923076922,0.5817307692307693,0.27403846153846156,11.14423076923077,0.05095138095559251,-0.037437429180606815,"{""2023"": -0.004835413288318976, ""2024"": -0.005799365111592232, ""2025"": 0.018393359294840844, ""2026"": 0.024430287005553147}","{""2023"": 0.8293646243627977, ""2024"": 0.795263589296113, ""2025"": 2.059881275154467, ""2026"": 2.4139519209465874}"
300,0.8,selloff_3d_sigma,validation,3,214,0.002463816500075789,-0.01559193200834345,1.1071067096412555,0.37850467289719625,0.1822429906542056,0.5700934579439252,0.24766355140186916,10.607476635514018,0.04813422965696121,-0.037259011541935866,"{""2023"": -0.006555063118587221, ""2024"": -0.006373063102883568, ""2025"": 0.02042697803289444, ""2026"": 0.0002874129478250848}","{""2023"": 0.7662794175641217, ""2024"": 0.7535312402029977, ""2025"": 2.453313771233678, ""2026"": 1.0103766690142388}"
300,0.8,selloff_3d_sigma,validation,4,191,0.005798151421385697,-0.0192908923369404,1.2628874568561552,0.3298429319371728,0.14659685863874344,0.612565445026178,0.24083769633507854,10.38219895287958,0.0541474514940136,-0.03579815685867713,"{""2023"": -0.0009196045463965095, ""2024"": 0.006607514527075981, ""2025"": 0.009714416439587146, ""2026"": 0.010977978862968607}","{""2023"": 0.9620177961991403, ""2024"": 1.302547466519171, ""2025"": 1.45591824107614, ""2026"": 1.5750341735619156}"
300,0.8,selloff_3d_sigma,validation,5,188,0.013503199304765281,-0.0153341906732891,1.5778592797361275,0.3670212765957447,0.17553191489361702,0.601063829787234,0.22340425531914893,10.601063829787234,0.0641749857085821,-0.036953742188600675,"{""2023"": 0.003966959625947587, ""2024"": -0.007347198239828682, ""2025"": 0.06269430349430961, ""2026"": -0.005673677115136652}","{""2023"": 1.2059922278334243, ""2024"": 0.7379285534000831, ""2025"": 3.5496204895537806, ""2026"": 0.7339606996071353}"
300,0.8,selloff_5d_sigma,discovery,1,251,-0.0026912034045096875,-0.0210887324907095,0.8959098219668757,0.3426294820717131,0.13545816733067728,0.5936254980079682,0.27091633466135456,11.290836653386455,0.0465080889212576,-0.03772387956864274,"{""2019"": -0.00152368924815787, ""2020"": 0.010606287749301758, ""2021"": 0.010965842390114267, ""2022"": -0.019594444244261693}","{""2019"": 0.9350025854171297, ""2020"": 1.452475237527039, ""2021"": 1.5578704206401568, ""2022"": 0.41160937860470886}"
300,0.8,selloff_5d_sigma,discovery,2,252,-6.721846625613187e-05,-0.01859492618270875,0.9975304445300585,0.35714285714285715,0.15079365079365079,0.5873015873015873,0.2619047619047619,11.05952380952381,0.050293645230169784,-0.04160900985710777,"{""2019"": 0.004325968201264629, ""2020"": 0.00686129107490689, ""2021"": 0.018722352174232307, ""2022"": -0.02007276091950018}","{""2019"": 1.198017748865225, ""2020"": 1.2777874515245047, ""2021"": 1.9938161427277166, ""2022"": 0.49435609615005616}"
300,0.8,selloff_5d_sigma,discovery,3,252,-0.0100158980906832,-0.0238484143778967,0.645833963771266,0.2857142857142857,0.08333333333333333,0.6587301587301587,0.25793650793650796,10.984126984126984,0.04256895830943485,-0.04172559035323644,"{""2019"": 0.001361028223490661, ""2020"": -0.011499540839235083, ""2021"": -0.008528235011928452, ""2022"": -0.020138841829582782}","{""2019"": 1.0718399022131821, ""2020"": 0.6516758125056551, ""2021"": 0.664850558125309, ""2022"": 0.43960690431705834}"
300,0.8,selloff_5d_sigma,discovery,4,252,0.001914641824792631,-0.02044630697255475,1.0806557946330642,0.34523809523809523,0.15079365079365079,0.6150793650793651,0.23412698412698413,9.603174603174603,0.04776372235792005,-0.03733968518822065,"{""2019"": 0.017723825222486812, ""2020"": 0.017566412747940126, ""2021"": 0.005565840166924779, ""2022"": -0.017844622294251464}","{""2019"": 2.1270042143833474, ""2020"": 1.7349724530706572, ""2021"": 1.279293132355036, ""2022"": 0.4313444230446224}"
300,0.8,selloff_5d_sigma,discovery,5,252,-0.008727282925158184,-0.02559627089586795,0.701686354716329,0.31746031746031744,0.15079365079365079,0.6309523809523809,0.21825396825396826,9.94047619047619,0.042017186527288745,-0.043124525826614135,"{""2019"": 0.001594957060953175, ""2020"": -0.022079085718232125, ""2021"": 0.01578540299125345, ""2022"": -0.02296821982517103}","{""2019"": 1.0827268976572577, ""2020"": 0.5047988909555101, ""2021"": 1.7831588922511152, ""2022"": 0.25796339371164034}"
300,0.8,selloff_5d_sigma,validation,1,190,-0.00010163716316693088,-0.02171464318246115,0.996090616184093,0.38421052631578945,0.17894736842105263,0.5842105263157895,0.23684210526315788,11.115789473684211,0.04853700876487484,-0.03778836396593332,"{""2023"": -0.01256854613831664, ""2024"": 0.001971309923956327, ""2025"": 0.005780811588217389, ""2026"": 0.020519507955394263}","{""2023"": 0.6400413162413499, ""2024"": 1.0760570415404906, ""2025"": 1.3233307836492954, ""2026"": 2.2228846428243254}"
300,0.8,selloff_5d_sigma,validation,2,244,0.01805166453252665,-0.019203020640531497,1.7738328251981716,0.38114754098360654,0.1762295081967213,0.5532786885245902,0.27049180327868855,11.204918032786885,0.067741493233932,-0.037175451947129054,"{""2023"": 0.011501690045767298, ""2024"": 0.0018007158791954428, ""2025"": 0.04757262005480634, ""2026"": 0.013728758132781238}","{""2023"": 1.5265819114724097, ""2024"": 1.0683213728505536, ""2025"": 3.3263446354148436, ""2026"": 1.5649148904575532}"
300,0.8,selloff_5d_sigma,validation,3,219,0.0013766231280515316,-0.01759578332658,1.0632949168303465,0.319634703196347,0.1461187214611872,0.6073059360730594,0.2465753424657534,10.02283105022831,0.045371279992916964,-0.035034056199845974,"{""2023"": -0.01282402838269073, ""2024"": -0.0053959208063914825, ""2025"": 0.024981066644132653, ""2026"": -0.004473209496669783}","{""2023"": 0.5486637271520705, ""2024"": 0.7746850093862752, ""2025"": 3.0553861134970055, ""2026"": 0.8050606813139017}"
300,0.8,selloff_5d_sigma,validation,4,185,0.005525742296679671,-0.0127957627239412,1.2610176180066452,0.3891891891891892,0.21621621621621623,0.572972972972973,0.21081081081081082,10.172972972972973,0.05209731390502171,-0.034242095795717124,"{""2023"": 0.0026410081453639074, ""2024"": 0.0015641961283538724, ""2025"": 0.010744874910120763, ""2026"": 0.010991875190299922}","{""2023"": 1.1188376670196876, ""2024"": 1.0769592981452154, ""2025"": 1.5385648410506283, ""2026"": 1.4968333308534263}"
300,0.8,selloff_5d_sigma,validation,5,178,0.0010165716316549197,-0.018089695232042,1.0405653629337088,0.3539325842696629,0.1404494382022472,0.601123595505618,0.25842696629213485,10.932584269662922,0.04910245332538103,-0.038150156106018004,"{""2023"": 0.005330926602273689, ""2024"": -0.008944020809803567, ""2025"": 0.008540808229403769, ""2026"": 0.005439724455178236}","{""2023"": 1.2693511601187315, ""2024"": 0.6915067970030166, ""2025"": 1.3251492742881608, ""2026"": 1.2174164115090491}"
300,0.8,spy_relative_3d_sigma,discovery,1,251,-0.0082800130699298,-0.022573490807393,0.700993070864471,0.3187250996015936,0.12350597609561753,0.6175298804780877,0.2589641434262948,10.9601593625498,0.043626364698840805,-0.03955935226336183,"{""2019"": 0.009766218875723324, ""2020"": -0.01486922268367298, ""2021"": 0.004082382798261768, ""2022"": -0.019576064195069846}","{""2019"": 1.58684269871261, ""2020"": 0.582418699825613, ""2021"": 1.183017408180213, ""2022"": 0.3870891952613481}"
300,0.8,spy_relative_3d_sigma,discovery,2,252,-0.0009153577145569676,-0.02107924205984575,0.9666091671527348,0.34523809523809523,0.1388888888888889,0.6309523809523809,0.23015873015873015,10.214285714285714,0.04972467639421757,-0.04229328716773499,"{""2019"": 0.005416639077123447, ""2020"": -0.004154837563701075, ""2021"": 0.006749643078412626, ""2022"": -0.00906202353571503}","{""2019"": 1.2411189955973336, ""2020"": 0.8867539552630268, ""2021"": 1.2975601894946944, ""2022"": 0.6985007309282785}"
300,0.8,spy_relative_3d_sigma,discovery,3,252,-0.0015204383029414664,-0.0214810927744609,0.9421611050529909,0.35714285714285715,0.16666666666666666,0.5912698412698413,0.24206349206349206,10.507936507936508,0.048369160207742276,-0.03917686216066766,"{""2019"": 0.004157643774358591, ""2020"": 0.008200413375852072, ""2021"": 0.022401948275148822, ""2022"": -0.027811932007823385}","{""2019"": 1.202712684585903, ""2020"": 1.3032199107981064, ""2021"": 2.2760536182761384, ""2022"": 0.2650972473131222}"
300,0.8,spy_relative_3d_sigma,discovery,4,252,-0.003420453170217791,-0.0226567543411366,0.8778950814642317,0.32936507936507936,0.13095238095238096,0.623015873015873,0.24603174603174602,10.583333333333334,0.04559327180874247,-0.04198272701170961,"{""2019"": -0.0002997567748351341, ""2020"": 0.013399020911076046, ""2021"": 0.004751338764533493, ""2022"": -0.018752330914850342}","{""2019"": 0.9861122225722031, ""2020"": 1.4708412469540086, ""2021"": 1.2069781214822168, ""2022"": 0.48519359388021116}"
300,0.8,spy_relative_3d_sigma,discovery,5,253,-0.005316434574714521,-0.0222792213859698,0.786068301914951,0.30039525691699603,0.11067193675889328,0.6205533596837944,0.26877470355731226,10.648221343873518,0.04222650322050147,-0.038472725708445794,"{""2019"": 0.004725184446624583, ""2020"": -0.005444955467643543, ""2021"": 0.005739885911652776, ""2022"": -0.028342099694278054}","{""2019"": 1.2681050839810932, ""2020"": 0.8073916663799865, ""2021"": 1.3005471021879504, ""2022"": 0.2139055488814598}"
300,0.8,spy_relative_3d_sigma,validation,1,190,0.009712158782285906,-0.0105861211736283,1.444217427312327,0.4473684210526316,0.23684210526315788,0.5105263157894737,0.25263157894736843,11.352631578947369,0.05211162816617109,-0.03306135538447669,"{""2023"": 0.004512406410851882, ""2024"": 0.005224506385609475, ""2025"": 0.015542142404141585, ""2026"": 0.01824704890194379}","{""2023"": 1.150856506508608, ""2024"": 1.230089729590927, ""2025"": 1.9637699611445805, ""2026"": 2.2441975357902866}"
300,0.8,spy_relative_3d_sigma,validation,2,174,0.004951519147724036,-0.02025288313960775,1.213734801971509,0.3333333333333333,0.16091954022988506,0.603448275862069,0.23563218390804597,10.431034482758621,0.054200217834768326,-0.036013359622972835,"{""2023"": -0.003494066543365186, ""2024"": 0.0062066626244307735, ""2025"": 0.012217467822609412, ""2026"": 0.007613955189237761}","{""2023"": 0.8549238239296088, ""2024"": 1.2314387918574738, ""2025"": 1.6804458036106336, ""2026"": 1.310865607569952}"
300,0.8,spy_relative_3d_sigma,validation,3,192,0.000638401998886394,-0.022058989159145448,1.0247014658515043,0.328125,0.17708333333333334,0.6041666666666666,0.21875,10.213541666666666,0.05035416938149554,-0.03909092276727896,"{""2023"": -0.01295210958932166, ""2024"": -0.00045499049144226867, ""2025"": 0.018857665443414894, ""2026"": 0.009357106926831083}","{""2023"": 0.5754873323927063, ""2024"": 0.983139089920517, ""2025"": 2.0897615935560085, ""2026"": 1.366548369079659}"
300,0.8,spy_relative_3d_sigma,validation,4,211,0.007029533633052084,-0.0153341906732891,1.3265182844626995,0.38388625592417064,0.1848341232227488,0.5687203791469194,0.24644549763033174,10.663507109004739,0.053653270762212366,-0.036436327084557525,"{""2023"": 0.016146040424686633, ""2024"": -0.0051729782912184295, ""2025"": 0.014817281207143047, ""2026"": 0.004984634402195883}","{""2023"": 1.8658767817063993, ""2024"": 0.7762105518075358, ""2025"": 1.695256537553305, ""2026"": 1.1887970725612877}"
300,0.8,spy_relative_3d_sigma,validation,5,249,0.006334571665059856,-0.0200733513789163,1.2593387527484146,0.3373493975903614,0.11244979919678715,0.6184738955823293,0.26907630522088355,10.78714859437751,0.05519926984058284,-0.03737778699544144,"{""2023"": -0.009313875003894823, ""2024"": -0.008712842918189467, ""2025"": 0.04097860990510367, ""2026"": -2.817904227948499e-05}","{""2023"": 0.6207648214870332, ""2024"": 0.6842247733024279, ""2025"": 2.922197556330274, ""2026"": 0.998738159565635}"
300,0.8,spy_relative_5d_sigma,discovery,1,251,-0.004290474728569414,-0.0210887324907095,0.8378462694866291,0.3466135458167331,0.13545816733067728,0.601593625498008,0.26294820717131473,11.223107569721115,0.04677383645057527,-0.03834586008668086,"{""2019"": 0.007069486895023823, ""2020"": -0.006523912523925643, ""2021"": 0.012808608235586487, ""2022"": -0.016256648114878397}","{""2019"": 1.4357559143387417, ""2020"": 0.8120915043177961, ""2021"": 1.6171810560274624, ""2022"": 0.47561096779553613}"
300,0.8,spy_relative_5d_sigma,discovery,2,252,0.00029010779609147996,-0.02197958496605485,1.010831497243072,0.3333333333333333,0.16666666666666666,0.6111111111111112,0.2222222222222222,10.095238095238095,0.05227362198007927,-0.04093473709803332,"{""2019"": 0.010561811558702245, ""2020"": 0.006168082224177281, ""2021"": 0.02069816273837046, ""2022"": -0.016514167306397345}","{""2019"": 1.500234700664601, ""2020"": 1.209129529517157, ""2021"": 2.063671832020758, ""2022"": 0.4913902101940207}"
300,0.8,spy_relative_5d_sigma,discovery,3,252,-0.008132052818956773,-0.023534935895938303,0.7319248387404607,0.29365079365079366,0.11507936507936507,0.6547619047619048,0.23015873015873015,10.202380952380953,0.04480568966989507,-0.043402213710222966,"{""2019"": 0.0005031854613239576, ""2020"": -0.015316722611657759, ""2021"": 0.011083284372441531, ""2022"": -0.024962778659745864}","{""2019"": 1.022106349563511, ""2020"": 0.5701581765835846, ""2021"": 1.5185461581117545, ""2022"": 0.3835831220384654}"
300,0.8,spy_relative_5d_sigma,discovery,4,252,-0.0004452738461838439,-0.018881714542892898,0.9819713238429406,0.39285714285714285,0.1349206349206349,0.5714285714285714,0.29365079365079366,11.035714285714286,0.04285151013033065,-0.03976990254547097,"{""2019"": 0.010423569670352552, ""2020"": 0.005214885194854632, ""2021"": 0.004382695604575487, ""2022"": -0.017577300395479622}","{""2019"": 1.5696071870428037, ""2020"": 1.179448942361345, ""2021"": 1.2314354790959365, ""2022"": 0.4695533139680141}"
300,0.8,spy_relative_5d_sigma,discovery,5,252,-0.007015613778974037,-0.0238085832041572,0.7309320132365128,0.28174603174603174,0.11904761904761904,0.6468253968253969,0.23412698412698413,10.321428571428571,0.04244799766887856,-0.03907244553007248,"{""2019"": -0.006330590645174039, ""2020"": 0.001723636819205101, ""2021"": 0.0028084496353578997, ""2022"": -0.03126097524957494}","{""2019"": 0.6994629848955994, ""2020"": 1.0607063471528166, ""2021"": 1.1258948800860904, ""2022"": 0.1296850546173439}"
300,0.8,spy_relative_5d_sigma,validation,1,174,0.006504822001527937,-0.01495135234004005,1.2994400199218463,0.40804597701149425,0.21264367816091953,0.5402298850574713,0.2471264367816092,11.632183908045977,0.05069861838564282,-0.03250644094720269,"{""2023"": -0.008968892733174041, ""2024"": 0.02646288137571404, ""2025"": 0.0050830630017463345, ""2026"": 0.005217155167933999}","{""2023"": 0.7182610266135263, ""2024"": 2.3595296077771972, ""2025"": 1.2849599572847807, ""2026"": 1.3628141630996224}"
300,0.8,spy_relative_5d_sigma,validation,2,171,0.004765609589140311,-0.0201041372509959,1.1894136185599788,0.38011695906432746,0.1871345029239766,0.5789473684210527,0.23391812865497075,10.660818713450292,0.05599407038458957,-0.040369252033486215,"{""2023"": 0.004866722976589616, ""2024"": -0.018454955606173114, ""2025"": 0.03469226098111641, ""2026"": 0.006138987355471497}","{""2023"": 1.2039003056061408, ""2024"": 0.45810258904131257, ""2025"": 3.3558553440677783, ""2026"": 1.233720226217887}"
300,0.8,spy_relative_5d_sigma,validation,3,200,0.0187400088735869,-0.0188278474137692,1.8367515305682147,0.36,0.175,0.565,0.26,10.335,0.06793101657844526,-0.035457339553308084,"{""2023"": 0.003988266271934439, ""2024"": 0.0035872571310837497, ""2025"": 0.07066754066519527, ""2026"": 0.0067463961310414875}","{""2023"": 1.1792168014631428, ""2024"": 1.1502296584232816, ""2025"": 4.5920410430470735, ""2026"": 1.2796716794418201}"
300,0.8,spy_relative_5d_sigma,validation,4,228,-0.0008020059755406389,-0.01795335335526745,0.9661673484545997,0.32894736842105265,0.16666666666666666,0.6228070175438597,0.21052631578947367,10.092105263157896,0.047570832957580717,-0.036900518084574216,"{""2023"": 0.00048307448443748693, ""2024"": -0.0032602486177558923, ""2025"": -0.0038871978953761246, ""2026"": 0.011434424196274254}","{""2023"": 1.0187111510019096, ""2024"": 0.8518409403298883, ""2025"": 0.8264698991047168, ""2026"": 1.4451699002838818}"
300,0.8,spy_relative_5d_sigma,validation,5,243,0.0015559051234379296,-0.015684931298489,1.065123189263653,0.36213991769547327,0.13168724279835392,0.5925925925925926,0.2757201646090535,10.921810699588477,0.04624118202599652,-0.0369733513950124,"{""2023"": -0.006788393024778214, ""2024"": -0.006677540311469297, ""2025"": 0.018373282383453468, ""2026"": 0.010706855240155569}","{""2023"": 0.7220898571723341, ""2024"": 0.7552630189912818, ""2025"": 1.9411917716360878, ""2026"": 1.4845183248742588}"
300,0.8,own_history_5d_extreme,discovery,1,207,-0.0028529160191613045,-0.0223295832536645,0.8918804173168543,0.3188405797101449,0.14009661835748793,0.6231884057971014,0.23671497584541062,10.594202898550725,0.04696836260602029,-0.03739306507129561,"{""2019"": 0.004332972231205837, ""2020"": 0.014360300381834569, ""2021"": 0.0037791558679158106, ""2022"": -0.015822215564557898}","{""2019"": 1.223990182188093, ""2020"": 1.646911407759647, ""2021"": 1.1736380506698973, ""2022"": 0.5210188208352909}"
300,0.8,own_history_5d_extreme,discovery,2,214,0.0017051686412515531,-0.01883846023564395,1.0641566318669176,0.34579439252336447,0.16822429906542055,0.5887850467289719,0.24299065420560748,10.64018691588785,0.05002960310202366,-0.03998609815072,"{""2019"": 0.006029625429435586, ""2020"": 0.005767284092973913, ""2021"": 0.021457932737625973, ""2022"": -0.019001318872368368}","{""2019"": 1.330053765563588, ""2020"": 1.238836053124285, ""2021"": 2.2477918101436667, ""2022"": 0.5186518476991726}"
300,0.8,own_history_5d_extreme,discovery,3,209,-0.007461375888106495,-0.0223528798797683,0.7205025288895132,0.27751196172248804,0.10047846889952153,0.6889952153110048,0.21052631578947367,9.82775119617225,0.04439682271812131,-0.03900748610065598,"{""2019"": 0.008313171498009647, ""2020"": 0.0006552303438163867, ""2021"": -0.0010232680463821621, ""2022"": -0.022278963071560593}","{""2019"": 1.5943133675211885, ""2020"": 1.0246565289469194, ""2021"": 0.9555449440714024, ""2022"": 0.3521937241372434}"
300,0.8,own_history_5d_extreme,discovery,4,208,-0.005717131012271989,-0.023007685942625998,0.7966389751747245,0.2980769230769231,0.13942307692307693,0.6394230769230769,0.22115384615384615,10.423076923076923,0.04477478627480446,-0.04323822545884164,"{""2019"": 0.000786354680413079, ""2020"": 0.0033195234147728385, ""2021"": 0.005957395067482619, ""2022"": -0.020926291549421338}","{""2019"": 1.0534923255433117, ""2020"": 1.1039293236393029, ""2021"": 1.2632248727494, ""2022"": 0.3761005215206553}"
300,0.8,own_history_5d_extreme,discovery,5,216,-0.013356523035771846,-0.02750909474052765,0.5639773841292912,0.27314814814814814,0.14814814814814814,0.6944444444444444,0.1574074074074074,8.555555555555555,0.03729706623284966,-0.043131947195505366,"{""2019"": 0.0043055234658099795, ""2020"": -0.024462922383915613, ""2021"": 0.012594835953161135, ""2022"": -0.02499841599586846}","{""2019"": 1.258656886076105, ""2020"": 0.46817223477843084, ""2021"": 1.6588426173199882, ""2022"": 0.22087607101873824}"
300,0.8,own_history_5d_extreme,validation,1,208,0.001879239388235811,-0.02072513409256895,1.075775023441815,0.3798076923076923,0.18269230769230768,0.5817307692307693,0.23557692307692307,11.0,0.05040826491618066,-0.03665617044522415,"{""2023"": -0.0015685927140416053, ""2024"": 0.0019268342233273927, ""2025"": 0.0036278640556869296, ""2026"": 0.010948426534813375}","{""2023"": 0.9442386345597986, ""2024"": 1.074189729306945, ""2025"": 1.1892648272276138, ""2026"": 1.504808247093359}"
300,0.8,own_history_5d_extreme,validation,2,260,0.016632639748557092,-0.017675148435630048,1.7309245595850407,0.3730769230769231,0.1576923076923077,0.5692307692307692,0.27307692307692305,11.138461538461538,0.06561940396452061,-0.036690500525812846,"{""2023"": -0.005952190348024753, ""2024"": 0.008282994319065571, ""2025"": 0.05167128731282519, ""2026"": 0.029027690426203078}","{""2023"": 0.7880871202677181, ""2024"": 1.3716756894659075, ""2025"": 3.7172999352907645, ""2026"": 3.1141185792317216}"
300,0.8,own_history_5d_extreme,validation,3,252,0.003303468863626506,-0.01538560553069415,1.1494250732604272,0.36904761904761907,0.17857142857142858,0.5674603174603174,0.25396825396825395,10.123015873015873,0.04807798025371943,-0.034416120187184394,"{""2023"": 0.005168088718418461, ""2024"": -0.01040259860186353, ""2025"": 0.016790165027417585, ""2026"": -0.006583894497425889}","{""2023"": 1.2363856326757017, ""2024"": 0.647535324099358, ""2025"": 2.1491197653658003, ""2026"": 0.7473328990641327}"
300,0.8,own_history_5d_extreme,validation,4,163,0.0005929437828526602,-0.018945862275449,1.0253608534465102,0.3374233128834356,0.1656441717791411,0.6073619631901841,0.22699386503067484,10.294478527607362,0.0469171327413081,-0.037275374997523376,"{""2023"": 0.002686582869039939, ""2024"": -0.009568348643172743, ""2025"": 0.002567056774065231, ""2026"": 0.017067046027031994}","{""2023"": 1.1185591645294264, ""2024"": 0.6042021624262429, ""2025"": 1.1109352614910815, ""2026"": 1.6974950806759488}"
300,0.8,own_history_5d_extreme,validation,5,129,0.0036977204593689793,-0.01786051371308,1.154707941867102,0.3643410852713178,0.17829457364341086,0.5968992248062015,0.2248062015503876,11.085271317829458,0.05186594714460392,-0.0378615480810875,"{""2023"": -0.0045818987744557635, ""2024"": -0.0020629904020341224, ""2025"": 0.026112838335541896, ""2026"": -0.01286755241218305}","{""2023"": 0.7929154797409719, ""2024"": 0.9168756077202962, ""2025"": 2.1457064930979555, ""2026"": 0.5276618630487119}"
500,0.6,selloff_1d_atr,discovery,1,431,-0.002083425970353196,-0.0172030843046561,0.9104150711780379,0.39211136890951276,0.29698375870069604,0.5568445475638051,0.14617169373549885,9.013921113689095,0.04066105545219286,-0.0367306109903899,"{""2019"": 0.00975813468738729, ""2020"": 0.0022866848460813484, ""2021"": 0.007109858943543248, ""2022"": -0.018969180228798278}","{""2019"": 1.593754947213737, ""2020"": 1.1074117811686988, ""2021"": 1.3771591586532306, ""2022"": 0.4097232291707031}"
500,0.6,selloff_1d_atr,discovery,2,432,-0.007704901341214975,-0.02161925629949145,0.7088500908234796,0.3287037037037037,0.2361111111111111,0.6319444444444444,0.13194444444444445,8.414351851851851,0.03781095502543118,-0.03933047264199208,"{""2019"": 0.0005892885193253899, ""2020"": 0.003156728096583645, ""2021"": -0.0020666034127334535, ""2022"": -0.020736965273702175}","{""2019"": 1.0289450565828342, ""2020"": 1.1243947580674347, ""2021"": 0.911729998077107, ""2022"": 0.36831798060328175}"
500,0.6,selloff_1d_atr,discovery,3,429,-0.000844657643771641,-0.015204366004855,0.9633128128629814,0.38694638694638694,0.2703962703962704,0.5501165501165501,0.1794871794871795,9.741258741258742,0.04131820118499739,-0.03812119385922782,"{""2019"": 0.006636967575186005, ""2020"": 0.011700230180770151, ""2021"": -0.003926282209967005, ""2022"": -0.012396652914429544}","{""2019"": 1.3429282737564554, ""2020"": 1.6193388194458005, ""2021"": 0.8246687031662316, ""2022"": 0.5771779408147281}"
500,0.6,selloff_1d_atr,discovery,4,432,-0.0005985816022541826,-0.0206214535937933,0.9755038068726802,0.37962962962962965,0.28935185185185186,0.5879629629629629,0.12268518518518519,8.650462962962964,0.0434208250629948,-0.037715213982433264,"{""2019"": 0.006918141083683777, ""2020"": -0.00010130274356672805, ""2021"": -0.002997524459738422, ""2022"": -0.005740300197100256}","{""2019"": 1.3801020315468626, ""2020"": 0.9963225022106503, ""2021"": 0.8798025134055872, ""2022"": 0.7941177868808559}"
500,0.6,selloff_1d_atr,discovery,5,428,-0.004731752573598688,-0.02068432851707655,0.8176112183392424,0.37149532710280375,0.3014018691588785,0.572429906542056,0.1261682242990654,8.355140186915888,0.039051976978755946,-0.03971924094742051,"{""2019"": -0.002596232947216707, ""2020"": -0.008904528971479688, ""2021"": 0.008338661294520388, ""2022"": -0.016088142644715232}","{""2019"": 0.8757509824014927, ""2020"": 0.71590203222383, ""2021"": 1.4147433747530567, ""2022"": 0.501991481490867}"
500,0.6,selloff_1d_atr,validation,1,369,0.0076507725662510835,-0.0091531536846179,1.3874022419248315,0.45257452574525747,0.36585365853658536,0.5067750677506775,0.12737127371273713,8.880758807588077,0.045214429751066945,-0.03238887247668842,"{""2023"": 0.0010594053492307305, ""2024"": 0.006105895323632669, ""2025"": 0.019821816574796213, ""2026"": 0.0015718318767306149}","{""2023"": 1.0472038860591417, ""2024"": 1.2856261107323597, ""2025"": 2.515377377408288, ""2026"": 1.064832631785232}"
500,0.6,selloff_1d_atr,validation,2,360,0.0016708032197319846,-0.01424558858612155,1.0764570340319486,0.40555555555555556,0.29444444444444445,0.5611111111111111,0.14444444444444443,9.175,0.04149054036166034,-0.03464527897912379,"{""2023"": 0.0011048345724689436, ""2024"": 0.006337507749909945, ""2025"": 0.0042900569800660045, ""2026"": -0.020056433302073115}","{""2023"": 1.0471496207796256, ""2024"": 1.3120847678163483, ""2025"": 1.2414781320116506, ""2026"": 0.4226596086911047}"
500,0.6,selloff_1d_atr,validation,3,442,0.011892182095916833,-0.018641115228056747,1.4966667512678276,0.3665158371040724,0.27149321266968324,0.5950226244343891,0.1334841628959276,8.771493212669684,0.0567850153115044,-0.03584035692043522,"{""2023"": -0.0025324360262410452, ""2024"": -0.010625177937841644, ""2025"": 0.0630069552365022, ""2026"": -0.005076042992863415}","{""2023"": 0.89949739831532, ""2024"": 0.6139684577125724, ""2025"": 4.303038029916558, ""2026"": 0.7179508335966513}"
500,0.6,selloff_1d_atr,validation,4,352,0.0019705629625560565,-0.014667913103864848,1.0895673522057405,0.3977272727272727,0.3125,0.5482954545454546,0.13920454545454544,8.670454545454545,0.04258993076007736,-0.03544661243399614,"{""2023"": 0.0071790662749558354, ""2024"": -0.0004960048115058253, ""2025"": -0.0012759877385289634, ""2026"": 0.004387562090182264}","{""2023"": 1.3698606815196366, ""2024"": 0.9792751079163532, ""2025"": 0.9451596378599979, ""2026"": 1.2238581437250715}"
500,0.6,selloff_1d_atr,validation,5,365,0.01937015374375629,-0.0051726833751043,1.9783723519385408,0.4712328767123288,0.3698630136986301,0.4958904109589041,0.13424657534246576,9.158904109589042,0.05887800991155944,-0.03346566767617079,"{""2023"": 0.0075910802100580856, ""2024"": 0.04611610995505838, ""2025"": 0.013319961098344737, ""2026"": 0.006347715552623181}","{""2023"": 1.3804289740621443, ""2024"": 3.0286642065525187, ""2025"": 1.7586237549277286, ""2026"": 1.3531489236579317}"
500,0.6,selloff_3d_sigma,discovery,1,427,-0.003928492690052691,-0.019098956353731,0.8428291136106878,0.3747072599531616,0.2716627634660422,0.5690866510538641,0.1592505854800937,9.585480093676814,0.03902571671682873,-0.03835776630194336,"{""2019"": 0.013706486526925526, ""2020"": -0.00890424237675151, ""2021"": -0.0016848281288669963, ""2022"": -0.017885198443148457}","{""2019"": 1.9283093785961791, ""2020"": 0.6967560027784651, ""2021"": 0.9193760944904884, ""2022"": 0.47824970683621976}"
500,0.6,selloff_3d_sigma,discovery,2,427,-0.0021115536451126347,-0.0185601163768596,0.9167566492259183,0.3700234192037471,0.25526932084309134,0.5925058548009368,0.1522248243559719,9.02576112412178,0.044108823468801184,-0.03879159932513069,"{""2019"": 0.0017828532054305248, ""2020"": 0.015181156624299344, ""2021"": 0.004143103522918268, ""2022"": -0.017006772012532704}","{""2019"": 1.0729529391688175, ""2020"": 1.7980988301846044, ""2021"": 1.1916401607789582, ""2022"": 0.45866154664159325}"
500,0.6,selloff_3d_sigma,discovery,3,428,-0.0018702068570820368,-0.0165235261813727,0.9157686064433205,0.3691588785046729,0.2616822429906542,0.5747663551401869,0.16355140186915887,8.700934579439252,0.04047302336384959,-0.03640420291497334,"{""2019"": -0.0017449715092749173, ""2020"": 0.019627032815203446, ""2021"": -0.0023880559750639172, ""2022"": -0.01325752500660608}","{""2019"": 0.9096279947262099, ""2020"": 2.3290755172104993, ""2021"": 0.8897168494642481, ""2022"": 0.5562754012020339}"
500,0.6,selloff_3d_sigma,discovery,4,427,-0.004149196664108366,-0.0206586817887783,0.8385562030660747,0.36768149882903983,0.30210772833723654,0.5925058548009368,0.1053864168618267,8.30679156908665,0.03902421136915965,-0.0397381477616965,"{""2019"": 0.0010288838212191447, ""2020"": 0.0028224949569728565, ""2021"": -0.00028223696257930793, ""2022"": -0.013581663216374908}","{""2019"": 1.0471790909825043, ""2020"": 1.1084120457886362, ""2021"": 0.9878144099981357, ""2022"": 0.5544241225505416}"
500,0.6,selloff_3d_sigma,discovery,5,426,-0.005761434768141764,-0.02136981906654275,0.7736763397426892,0.36619718309859156,0.2981220657276995,0.5868544600938967,0.11502347417840375,8.279342723004694,0.03784643795093504,-0.03894012543266267,"{""2019"": 0.0014208395204958516, ""2020"": -0.015171185445351938, ""2021"": 0.007040042326842836, ""2022"": -0.013779697819326305}","{""2019"": 1.0870532160140325, ""2020"": 0.5490792168052335, ""2021"": 1.320570598880611, ""2022"": 0.5127709879889796}"
500,0.6,selloff_3d_sigma,validation,1,451,0.0020501629498329756,-0.0131113751045149,1.091377117642986,0.42572062084257206,0.3170731707317073,0.5365853658536586,0.14634146341463414,9.248337028824833,0.042190647861868255,-0.034043684888937706,"{""2023"": -0.0013496016120852939, ""2024"": 0.0026984987772302235, ""2025"": 0.009222864691506606, ""2026"": -0.011170371778820982}","{""2023"": 0.9471506802297097, ""2024"": 1.1201827047674362, ""2025"": 1.567539053424088, ""2026"": 0.6261214474516716}"
500,0.6,selloff_3d_sigma,validation,2,394,0.012076450461249465,-0.017607325254288098,1.5273464881037504,0.39847715736040606,0.28426395939086296,0.5482233502538071,0.16751269035532995,9.228426395939087,0.05352523109754383,-0.03592349476765988,"{""2023"": -0.003312133508610071, ""2024"": 0.022992290270582878, ""2025"": 0.012954019544846228, ""2026"": 0.016030695695828972}","{""2023"": 0.867275141261352, ""2024"": 1.8753490541412983, ""2025"": 1.6973060666155404, ""2026"": 2.1043123590167268}"
500,0.6,selloff_3d_sigma,validation,3,355,0.0022205205889633452,-0.0137944953656892,1.1051992396881658,0.4197183098591549,0.3380281690140845,0.5380281690140845,0.12394366197183099,8.785915492957747,0.04245658109104665,-0.03343239185537359,"{""2023"": -0.0017808976573237916, ""2024"": -0.0010502032636501462, ""2025"": 0.011576082643865889, ""2026"": -0.005473151239513302}","{""2023"": 0.9221854108163845, ""2024"": 0.9560912547563337, ""2025"": 1.7234330005091367, ""2026"": 0.7668679988283306}"
500,0.6,selloff_3d_sigma,validation,4,336,0.006584794181255012,-0.0137059321394662,1.3328667754760481,0.4166666666666667,0.33630952380952384,0.5565476190476191,0.10714285714285714,8.532738095238095,0.04560894357417559,-0.033464075812366025,"{""2023"": 0.009217642520050556, ""2024"": 0.006434410205241895, ""2025"": 0.005892839260864171, ""2026"": 0.0020761740244192852}","{""2023"": 1.4631935793101902, ""2024"": 1.3052396488926103, ""2025"": 1.3197875777994723, ""2026"": 1.1017002214853038}"
500,0.6,selloff_3d_sigma,validation,5,352,0.022048841976265773,-0.00986800504908425,2.0450292274524053,0.42329545454545453,0.3352272727272727,0.5397727272727273,0.125,8.690340909090908,0.06445514362191301,-0.03504949150227962,"{""2023"": 0.011354396988358634, ""2024"": 0.000718473032034205, ""2025"": 0.07813170593009437, ""2026"": -0.007872635122318923}","{""2023"": 1.6762232925589444, ""2024"": 1.031330199142747, ""2025"": 4.387136914617486, ""2026"": 0.6861099746603257}"
500,0.6,selloff_5d_sigma,discovery,1,425,0.00297077978157958,-0.0136686358519552,1.1356620073457444,0.4188235294117647,0.2988235294117647,0.5176470588235295,0.18352941176470589,9.818823529411764,0.04332017267545456,-0.03436402487639112,"{""2019"": 0.009596201166634696, ""2020"": 0.009223675399731636, ""2021"": 0.00714306083625161, ""2022"": -0.00972246992519465}","{""2019"": 1.501736970055743, ""2020"": 1.4978892907152765, ""2021"": 1.3966206001515487, ""2022"": 0.6669281500206655}"
500,0.6,selloff_5d_sigma,discovery,2,427,-0.004772329524549314,-0.018853938533489,0.8223413411497872,0.35362997658079626,0.2646370023419204,0.5925058548009368,0.14285714285714285,8.943793911007026,0.040642250870024724,-0.0416240527788411,"{""2019"": -0.0005999105776832961, ""2020"": 0.005832099129702387, ""2021"": -0.00027159280587441193, ""2022"": -0.017136679725205047}","{""2019"": 0.9735171030299905, ""2020"": 1.2474289485334393, ""2021"": 0.9885931103063698, ""2022"": 0.5091176164756339}"
500,0.6,selloff_5d_sigma,discovery,3,427,-0.008820805927756024,-0.0232727622852347,0.6707532838792679,0.32786885245901637,0.23653395784543327,0.6252927400468384,0.13817330210772832,8.679156908665105,0.03855503157047245,-0.04049240948103087,"{""2019"": -0.0025273570866430374, ""2020"": -0.0035371767649028597, ""2021"": -0.006841347388637995, ""2022"": -0.01750466163223324}","{""2019"": 0.8787355096306974, ""2020"": 0.8713022173907063, ""2021"": 0.7228219723346315, ""2022"": 0.46677779797389535}"
500,0.6,selloff_5d_sigma,discovery,4,427,0.0011203849725071112,-0.016254663495218,1.0520394699176225,0.3911007025761124,0.30679156908665106,0.5714285714285714,0.12177985948477751,8.206088992974239,0.04160067765567443,-0.03524877762937479,"{""2019"": 0.00934016943166053, ""2020"": 0.017040932308692136, ""2021"": 0.00128814400722642, ""2022"": -0.013248566360763684}","{""2019"": 1.6389815322718255, ""2020"": 1.9105686317025459, ""2021"": 1.05802266017558, ""2022"": 0.5192511590665383}"
500,0.6,selloff_5d_sigma,discovery,5,426,-0.008316218526406799,-0.022719403428358452,0.6887506024251473,0.3568075117370892,0.284037558685446,0.6126760563380281,0.10328638497652583,8.17605633802817,0.03628537600551859,-0.0404973765708204,"{""2019"": 9.988335079514374e-05, ""2020"": -0.01751261244535532, ""2021"": 0.006385893847595599, ""2022"": -0.018482208239469135}","{""2019"": 1.005339456731435, ""2020"": 0.5014457748446557, ""2021"": 1.3088368043626464, ""2022"": 0.39477472706054884}"
500,0.6,selloff_5d_sigma,validation,1,425,0.010030294794665823,-0.0159633177628014,1.4333402112218667,0.4211764705882353,0.28705882352941176,0.5411764705882353,0.17176470588235293,9.611764705882353,0.05189215598960922,-0.03539847291185796,"{""2023"": -0.00614163551207548, ""2024"": 0.02955714368201715, ""2025"": 0.009913706449043758, ""2026"": -0.006590260240826437}","{""2023"": 0.7676934564419313, ""2024"": 2.162367904586488, ""2025"": 1.5857533271404751, ""2026"": 0.7106348877282287}"
500,0.6,selloff_5d_sigma,validation,2,442,0.01926472139493744,-0.01374958503268265,1.9181667389663701,0.4276018099547511,0.32805429864253394,0.5316742081447964,0.14027149321266968,9.106334841628959,0.06094705784558255,-0.03401179998750482,"{""2023"": 0.0077717604032737225, ""2024"": 0.0008761001892803504, ""2025"": 0.05585972631183954, ""2026"": 0.002141442734342163}","{""2023"": 1.390577070736615, ""2024"": 1.0371094408388222, ""2025"": 3.9511704127229925, ""2026"": 1.1019675205773123}"
500,0.6,selloff_5d_sigma,validation,3,363,-0.0007011220807043172,-0.01596807376261,0.9685617338662872,0.35537190082644626,0.29476584022038566,0.5950413223140496,0.11019283746556474,7.8402203856749315,0.03906048825917306,-0.03543840144644445,"{""2023"": -0.004703908885804516, ""2024"": -0.006524438173613701, ""2025"": 0.011697205271580073, ""2026"": -0.008145861572694457}","{""2023"": 0.819470366226507, ""2024"": 0.7482639632421569, ""2025"": 1.8227273943999456, ""2026"": 0.6635512759119363}"
500,0.6,selloff_5d_sigma,validation,4,356,0.0050608662908385735,-0.0087199216073931,1.2531544991895733,0.44662921348314605,0.3707865168539326,0.5252808988764045,0.10393258426966293,8.53370786516854,0.04385076549027087,-0.0330430030383084,"{""2023"": 0.006308584298747361, ""2024"": 0.006934866419410034, ""2025"": 0.00555017286035664, ""2026"": -0.0035297768347228448}","{""2023"": 1.3081860404929002, ""2024"": 1.381700506809438, ""2025"": 1.295174102990237, ""2026"": 0.8603134338013246}"
500,0.6,selloff_5d_sigma,validation,5,302,0.0070187740834370665,-0.012232824871146249,1.3319857643951187,0.4337748344370861,0.33112582781456956,0.5231788079470199,0.1456953642384106,9.463576158940397,0.047745793064056755,-0.03394832127506637,"{""2023"": 0.012675894750125713, ""2024"": -0.00047877636708502415, ""2025"": 0.009563617944055372, ""2026"": 0.006394229436245623}","{""2023"": 1.754927718209464, ""2024"": 0.9795869585937285, ""2025"": 1.3965117998594991, ""2026"": 1.3135153536873772}"
500,0.6,spy_relative_3d_sigma,discovery,1,425,-0.00462554403799001,-0.0184899706488154,0.8072309140135255,0.36941176470588233,0.2541176470588235,0.5764705882352941,0.16941176470588235,9.444705882352942,0.038226156990118915,-0.0372844229969142,"{""2019"": 0.012804012828391791, ""2020"": -0.013417157702856581, ""2021"": 0.0038737578497990235, ""2022"": -0.01495474967652807}","{""2019"": 1.905638705774299, ""2020"": 0.58169610801095, ""2021"": 1.2034210012543003, ""2022"": 0.47611504166550433}"
500,0.6,spy_relative_3d_sigma,discovery,2,427,-0.0016352698749871556,-0.0201110591304345,0.9352326453287865,0.3583138173302108,0.26697892271662765,0.6112412177985949,0.12177985948477751,8.449648711943794,0.043202968614987736,-0.039120666432711164,"{""2019"": 0.005763297672347403, ""2020"": 0.0033742193738392876, ""2021"": 0.0005874968582611998, ""2022"": -0.010870829127023892}","{""2019"": 1.2904355106569259, ""2020"": 1.122734120610885, ""2021"": 1.0253405157640927, ""2022"": 0.6375130793316387}"
500,0.6,spy_relative_3d_sigma,discovery,3,429,-0.001480468853808976,-0.0179248525832678,0.9390890562615188,0.3986013986013986,0.30303030303030304,0.5501165501165501,0.14685314685314685,8.575757575757576,0.0428055307394111,-0.037846589155147554,"{""2019"": 0.0017782185992338093, ""2020"": 0.008875916254321792, ""2021"": 0.004658492571734441, ""2022"": -0.01528258776006608}","{""2019"": 1.0922852468024042, ""2020"": 1.4096558219977768, ""2021"": 1.221737435955095, ""2022"": 0.5422558308184453}"
500,0.6,spy_relative_3d_sigma,discovery,4,428,-0.006247612500433406,-0.021438045823243053,0.7713931073532185,0.35514018691588783,0.2780373831775701,0.6004672897196262,0.12149532710280374,8.408878504672897,0.03904251321716686,-0.041644667814630824,"{""2019"": -0.0022857062274980466, ""2020"": 0.00827491104221517, ""2021"": -0.0028963603973062514, ""2022"": -0.020500500850267733}","{""2019"": 0.9043596993186862, ""2020"": 1.367449997815004, ""2021"": 0.8900414859172695, ""2022"": 0.39964381177163144}"
500,0.6,spy_relative_3d_sigma,discovery,5,426,-0.0038319501537900295,-0.01902260212235895,0.8321064005476141,0.36619718309859156,0.2863849765258216,0.5774647887323944,0.13615023474178403,9.025821596244132,0.03718138689475592,-0.036314440343313166,"{""2019"": -0.0002975497257079533, ""2020"": -0.0022939553817363173, ""2021"": 0.0018004644734746092, ""2022"": -0.015460351007009819}","{""2019"": 0.9833825166155071, ""2020"": 0.9071518598481795, ""2021"": 1.0909382974439477, ""2022"": 0.4771570532341643}"
500,0.6,spy_relative_3d_sigma,validation,1,362,0.005978424845907912,-0.0061998270095146996,1.294825154413619,0.47513812154696133,0.3839779005524862,0.4889502762430939,0.1270718232044199,9.01657458563536,0.042384184524525845,-0.03221826096617118,"{""2023"": -0.0016575858543195863, ""2024"": 0.0040996573460288805, ""2025"": 0.014665486654157718, ""2026"": 0.005589609838857008}","{""2023"": 0.93554911654586, ""2024"": 1.1767617392874203, ""2025"": 2.0300152749563862, ""2026"": 1.352469674637531}"
500,0.6,spy_relative_3d_sigma,validation,2,348,0.012261090039341246,-0.0173890440656504,1.5241659403858507,0.3706896551724138,0.27011494252873564,0.5862068965517241,0.14367816091954022,8.916666666666666,0.05682421106719412,-0.035585614009497724,"{""2023"": -0.0002239631045921734, ""2024"": 0.03468221278290031, ""2025"": 0.007110832111813121, ""2026"": -0.011928192381751704}","{""2023"": 0.9907142612037387, ""2024"": 2.327831639737148, ""2025"": 1.3964979290136845, ""2026"": 0.613235263436387}"
500,0.6,spy_relative_3d_sigma,validation,3,390,0.00328671940126429,-0.01566539055548375,1.1468037526733086,0.41025641025641024,0.3153846153846154,0.5487179487179488,0.1358974358974359,8.984615384615385,0.04448459496816684,-0.03538341732684611,"{""2023"": 0.000368115702474156, ""2024"": 0.0014841341905234668, ""2025"": 0.010951748105226589, ""2026"": -0.001788196739198721}","{""2023"": 1.0160162977931884, ""2024"": 1.0612595257320048, ""2025"": 1.572397652252448, ""2026"": 0.92274934647524}"
500,0.6,spy_relative_3d_sigma,validation,4,344,0.005409254632112901,-0.013039284487041801,1.267301358999676,0.42441860465116277,0.3313953488372093,0.5319767441860465,0.13662790697674418,8.915697674418604,0.045120317341192685,-0.03439974679848186,"{""2023"": 0.013025333655521084, ""2024"": -0.0013326481553290336, ""2025"": 0.00870877521504719, ""2026"": -0.004799373342540646}","{""2023"": 1.7388138920866618, ""2024"": 0.9381759892596063, ""2025"": 1.4475002064569273, ""2026"": 0.8234374290280887}"
500,0.6,spy_relative_3d_sigma,validation,5,444,0.015475359715961383,-0.0137550291990747,1.7206476136031734,0.40540540540540543,0.3063063063063063,0.5585585585585585,0.13513513513513514,8.815315315315315,0.05678726051593589,-0.03440891579409237,"{""2023"": 0.0022172450784679236, ""2024"": -0.000797658562358899, ""2025"": 0.05355391140521982, ""2026"": -0.0020040556528125625}","{""2023"": 1.1069411363944919, ""2024"": 0.9649585105823619, ""2025"": 3.5907671233120806, ""2026"": 0.9086971799829}"
500,0.6,spy_relative_5d_sigma,discovery,1,425,5.307005953351501e-05,-0.0147747456126605,1.0024303941518338,0.39294117647058824,0.29411764705882354,0.5647058823529412,0.1411764705882353,8.88,0.03911073214338962,-0.033744598443217935,"{""2019"": 0.01207771342242872, ""2020"": -0.004602752516143637, ""2021"": 0.01430526398375918, ""2022"": -0.009549414138454443}","{""2019"": 1.8163867240549072, ""2020"": 0.8298083653270247, ""2021"": 1.9614335526517908, ""2022"": 0.6325060394231105}"
500,0.6,spy_relative_5d_sigma,discovery,2,427,-0.001578180500045978,-0.0186297359885579,0.9357125432372561,0.3840749414519906,0.2903981264637002,0.5714285714285714,0.13817330210772832,8.763466042154567,0.04478732659589973,-0.039384299675804035,"{""2019"": 0.01106541704052803, ""2020"": 0.004947654111002366, ""2021"": 0.0018646725930937483, ""2022"": -0.015337901042621612}","{""2019"": 1.6265729956623143, ""2020"": 1.2144603010058659, ""2021"": 1.082652320552331, ""2022"": 0.5098681114803915}"
500,0.6,spy_relative_5d_sigma,discovery,3,427,-0.010695271903017506,-0.0236757086187301,0.6438129784082667,0.2927400468384075,0.2224824355971897,0.6533957845433255,0.12412177985948478,8.070257611241217,0.03907016663786219,-0.04343097091566717,"{""2019"": -0.006311704217821772, ""2020"": -0.01052377354622579, ""2021"": -0.003435036929874146, ""2022"": -0.02077573510909296}","{""2019"": 0.751834554521439, ""2020"": 0.6697868224755781, ""2021"": 0.8658261053742679, ""2022"": 0.43805967830493897}"
500,0.6,spy_relative_5d_sigma,discovery,4,427,-0.00039674979343810553,-0.0184189526334711,0.9834737439022745,0.4168618266978923,0.3185011709601874,0.5362997658079626,0.1451990632318501,9.203747072599532,0.039940520542172245,-0.039087096010268635,"{""2019"": 0.0068118073989009995, ""2020"": 0.019190693352391278, ""2021"": -0.002828500215403327, ""2022"": -0.015685378016810834}","{""2019"": 1.3770158504099195, ""2020"": 2.110505260353154, ""2021"": 0.8802719232774702, ""2022"": 0.5372135065353778}"
500,0.6,spy_relative_5d_sigma,discovery,5,426,-0.0052074426698295335,-0.01917173068516355,0.7771995230116582,0.3615023474178404,0.2652582159624413,0.5938967136150235,0.14084507042253522,8.9037558685446,0.03747783916248802,-0.03656757170665152,"{""2019"": -0.005469753956150887, ""2020"": -0.0032998006900560304, ""2021"": 0.002607553459484115, ""2022"": -0.018179734186031974}","{""2019"": 0.7261626716574, ""2020"": 0.879423847227502, ""2021"": 1.127822795527231, ""2022"": 0.3509955844688691}"
500,0.6,spy_relative_5d_sigma,validation,1,345,0.01558473784255637,-0.0086868397032011,1.7533599291110635,0.4463768115942029,0.3710144927536232,0.5159420289855072,0.11304347826086956,9.081159420289856,0.05415071672307433,-0.032942787730652776,"{""2023"": -0.00441936462281383, ""2024"": 0.05378943391894615, ""2025"": 0.009164811431861923, ""2026"": -0.0065768431452104415}","{""2023"": 0.827706714892784, ""2024"": 3.3466748177947805, ""2025"": 1.5738530049677755, ""2026"": 0.6233777991661771}"
500,0.6,spy_relative_5d_sigma,validation,2,368,0.0018769578764916272,-0.016318724678561998,1.081119047983991,0.41847826086956524,0.30434782608695654,0.5489130434782609,0.14673913043478262,8.71195652173913,0.04404188550020899,-0.036654675797472426,"{""2023"": 0.0032027442738801564, ""2024"": -0.009548525114764735, ""2025"": 0.014664656977451581, ""2026"": -0.009362267154672371}","{""2023"": 1.1386192318897421, ""2024"": 0.6695620891036932, ""2025"": 1.8942682256937842, ""2026"": 0.6621452441329944}"
500,0.6,spy_relative_5d_sigma,validation,3,341,0.02510116980554262,-0.0137071895792563,2.238190610466531,0.41348973607038125,0.3020527859237537,0.533724340175953,0.16422287390029325,8.973607038123166,0.0667975098807333,-0.03315177611302379,"{""2023"": 0.003401798000822611, ""2024"": 0.003020724447250187, ""2025"": 0.0998204559892491, ""2026"": 0.00021080083749883764}","{""2023"": 1.1693843114975828, ""2024"": 1.1369826788047421, ""2025"": 6.929493638715902, ""2026"": 1.008882375127231}"
500,0.6,spy_relative_5d_sigma,validation,4,409,0.003075847240038518,-0.0140913100043974,1.1425281459515582,0.4034229828850856,0.3202933985330073,0.5672371638141809,0.11246943765281174,8.56234718826406,0.043869732882220784,-0.03492194168713797,"{""2023"": 0.009561940992259071, ""2024"": 0.006951485720916162, ""2025"": -0.00873071841677177, ""2026"": -0.001233102383308896}","{""2023"": 1.443938479213373, ""2024"": 1.3623239611718403, ""2025"": 0.6261457481123996, ""2026"": 0.9498985297166959}"
500,0.6,spy_relative_5d_sigma,validation,5,425,0.001317029465034189,-0.0136715218066887,1.0600767829864115,0.40705882352941175,0.31058823529411766,0.5458823529411765,0.14352941176470588,9.296470588235294,0.04139233498728678,-0.034153873290960785,"{""2023"": -0.00017914596952889328, ""2024"": -0.006285093195617388, ""2025"": 0.011446835010616227, ""2026"": 0.003757647830593848}","{""2023"": 0.9916603955155949, ""2024"": 0.7477020188651198, ""2025"": 1.5969649757583537, ""2026"": 1.1809065542431227}"
500,0.6,own_history_5d_extreme,discovery,1,361,0.002169360042904811,-0.0166890676852167,1.09640850365043,0.39058171745152354,0.296398891966759,0.556786703601108,0.14681440443213298,8.806094182825484,0.04227805228956106,-0.034116848301950484,"{""2019"": 0.01611643359476751, ""2020"": 0.008882953635647296, ""2021"": 0.00486402968680588, ""2022"": -0.007523847988620522}","{""2019"": 2.108529878999101, ""2020"": 1.4851108926528833, ""2021"": 1.254995948070408, ""2022"": 0.7433754597116774}"
500,0.6,own_history_5d_extreme,discovery,2,365,-0.0027877041717898647,-0.0189305237179484,0.8940941500558564,0.3698630136986301,0.27671232876712326,0.5753424657534246,0.14794520547945206,8.854794520547944,0.04187677033624624,-0.040890853514662,"{""2019"": 0.009371441687525926, ""2020"": 0.001928424853262955, ""2021"": 0.0034096076198408517, ""2022"": -0.016980339453876732}","{""2019"": 1.5148938600734339, ""2020"": 1.075945110193185, ""2021"": 1.156650760938196, ""2022"": 0.5166080310922682}"
500,0.6,own_history_5d_extreme,discovery,3,362,-0.0038943670370916953,-0.01914056897139685,0.8357085015477672,0.356353591160221,0.26795580110497236,0.6104972375690608,0.12154696132596685,8.303867403314918,0.04031578430878496,-0.037173483554531095,"{""2019"": 0.0022038127416696344, ""2020"": 0.013770734945548502, ""2021"": -0.0032228862031198407, ""2022"": -0.016789485290719892}","{""2019"": 1.1275925299561624, ""2020"": 1.755138993027985, ""2021"": 0.8547159687094448, ""2022"": 0.4547319873824914}"
500,0.6,own_history_5d_extreme,discovery,4,360,-0.004621599383926875,-0.019120938309589552,0.815025858991808,0.35555555555555557,0.2722222222222222,0.5888888888888889,0.1388888888888889,8.972222222222221,0.040461914274907904,-0.039238499733726756,"{""2019"": -0.0035217057485196547, ""2020"": 0.007342436608190832, ""2021"": 3.705722186780479e-05, ""2022"": -0.01684590312213969}","{""2019"": 0.7885299005510872, ""2020"": 1.2959709984689636, ""2021"": 1.0015595558474633, ""2022"": 0.42425868631452407}"
500,0.6,own_history_5d_extreme,discovery,5,375,-0.01241423353108626,-0.0251366687919463,0.5596442797931847,0.31466666666666665,0.25866666666666666,0.6746666666666666,0.06666666666666667,7.261333333333333,0.03320212745537304,-0.041576444916529405,"{""2019"": -0.00040558711267530133, ""2020"": -0.021705471716013912, ""2021"": 0.004677304137205655, ""2022"": -0.019824407247137906}","{""2019"": 0.9742182309254719, ""2020"": 0.40630009211520096, ""2021"": 1.2168427712398406, ""2022"": 0.3652047950885121}"
500,0.6,own_history_5d_extreme,validation,1,479,0.010606595561582138,-0.014568514006791,1.4764752801102061,0.42379958246346555,0.2881002087682672,0.5407098121085595,0.17118997912317327,9.651356993736952,0.05222931692786805,-0.03476822408490745,"{""2023"": -0.0003713454551372306, ""2024"": 0.025357623511161626, ""2025"": 0.011101897522253405, ""2026"": -0.006500539384631835}","{""2023"": 0.9839304854491611, ""2024"": 1.9736033722673352, ""2025"": 1.6683382820557917, ""2026"": 0.7102116201432748}"
500,0.6,own_history_5d_extreme,validation,2,444,0.018582033308497482,-0.0145458536438779,1.8545632610593026,0.42117117117117114,0.3333333333333333,0.5337837837837838,0.13288288288288289,8.846846846846846,0.06032814195043254,-0.034827936921828354,"{""2023"": -0.0018001591882590498, ""2024"": 0.0026886441819019935, ""2025"": 0.06248418570228364, ""2026"": 0.013543517744933228}","{""2023"": 0.9266940644515225, ""2024"": 1.1140413416186217, ""2025"": 4.427470335374127, ""2026"": 1.8684198683016595}"
500,0.6,own_history_5d_extreme,validation,3,423,0.0019215505269360022,-0.0130019300717626,1.0905994542269857,0.3947990543735225,0.31678486997635935,0.5673758865248227,0.11583924349881797,8.106382978723405,0.041142000034905625,-0.033922212554311985,"{""2023"": 0.007031715335172842, ""2024"": -0.004648622506201309, ""2025"": 0.006940345772466919, ""2026"": -0.008621849174594024}","{""2023"": 1.328756452029607, ""2024"": 0.8133430903354416, ""2025"": 1.4260927296610346, ""2026"": 0.6526770048995669}"
500,0.6,own_history_5d_extreme,validation,4,311,0.0049823933833584985,-0.0114771544066519,1.2484450412784518,0.42765273311897106,0.33762057877813506,0.5305466237942122,0.13183279742765272,8.958199356913184,0.04387208826722984,-0.03328128808806185,"{""2023"": 0.012650206666878836, ""2024"": 0.003426144129497003, ""2025"": 0.0008202633103118655, ""2026"": -0.0005586250172111098}","{""2023"": 1.648061977299709, ""2024"": 1.1855638819249534, ""2025"": 1.0403968123054124, ""2026"": 0.9779096633101024}"
500,0.6,own_history_5d_extreme,validation,5,224,0.005327477052972889,-0.0127012795366217,1.251730982587203,0.4330357142857143,0.36160714285714285,0.5267857142857143,0.11160714285714286,8.991071428571429,0.04539191019106181,-0.03387563865415436,"{""2023"": -0.0016040380157597016, ""2024"": 0.0016124755690840272, ""2025"": 0.017539222221730606, ""2026"": 0.0026092044306582564}","{""2023"": 0.9125487174975331, ""2024"": 1.0734569853910423, ""2025"": 1.7799574302631251, ""2026"": 1.1297239442056832}"
500,0.8,selloff_1d_atr,discovery,1,432,-0.003323081261573629,-0.0203491167429399,0.8712500123467132,0.3449074074074074,0.1550925925925926,0.5972222222222222,0.24768518518518517,10.731481481481481,0.0465498843527515,-0.039560261295026405,"{""2019"": 0.01545007556391391, ""2020"": -0.004433569733954968, ""2021"": 0.005224558353004789, ""2022"": -0.022342390792846816}","{""2019"": 1.9400934804432526, ""2020"": 0.8475094809189774, ""2021"": 1.252516537621482, ""2022"": 0.3563039002219648}"
500,0.8,selloff_1d_atr,discovery,2,432,-0.00952637002554401,-0.0242687060081026,0.6683661351302648,0.2824074074074074,0.11342592592592593,0.6689814814814815,0.2175925925925926,9.905092592592593,0.04257220329577936,-0.04138654890485638,"{""2019"": -0.0014327871372259086, ""2020"": 0.002862455326788967, ""2021"": -0.002757513630594739, ""2022"": -0.023547035179022596}","{""2019"": 0.9355263618246695, ""2020"": 1.1008206332600716, ""2021"": 0.8898853672999757, ""2022"": 0.33461117989351086}"
500,0.8,selloff_1d_atr,discovery,3,431,-0.002358796029848354,-0.0184582569807181,0.9073342912725045,0.3480278422273782,0.12761020881670534,0.5823665893271461,0.2900232018561485,11.139211136890951,0.04715927668720103,-0.0402971740375479,"{""2019"": 0.005368255975117159, ""2020"": 0.006400198617894937, ""2021"": -0.0053386382866568785, ""2022"": -0.01254875246476115}","{""2019"": 1.2721670818018826, ""2020"": 1.2400094889819304, ""2021"": 0.7916455826755783, ""2022"": 0.5922332485235533}"
500,0.8,selloff_1d_atr,discovery,4,432,-0.0004852997033099882,-0.0224113146903245,0.9813406186086369,0.3449074074074074,0.1412037037037037,0.6064814814814815,0.2523148148148148,10.51388888888889,0.0506560698270676,-0.039781461819643586,"{""2019"": 0.00881592177335742, ""2020"": 0.003885485830574445, ""2021"": -0.0033204453350098176, ""2022"": -0.009172842036385104}","{""2019"": 1.476138021781765, ""2020"": 1.1304347396611965, ""2021"": 0.8763880666141223, ""2022"": 0.693358696976885}"
500,0.8,selloff_1d_atr,discovery,5,432,-0.004149507508018953,-0.0241106633141498,0.8516604258763826,0.32175925925925924,0.16435185185185186,0.6157407407407407,0.2199074074074074,10.19675925925926,0.046022580053632973,-0.04216593645621814,"{""2019"": -0.0032928921609595707, ""2020"": -0.013289999512548518, ""2021"": 0.012580469424192107, ""2022"": -0.01248636748129315}","{""2019"": 0.8523070102840099, ""2020"": 0.6390585272202232, ""2021"": 1.6140411574268898, ""2022"": 0.6220947571782841}"
500,0.8,selloff_1d_atr,validation,1,370,0.011068352341659954,-0.0123319793044369,1.5470802317962646,0.42702702702702705,0.20810810810810812,0.5135135135135135,0.27837837837837837,11.051351351351352,0.053701822748838585,-0.032875822342098626,"{""2023"": 0.007761143422685203, ""2024"": 0.008430907845853805, ""2025"": 0.021741427101024464, ""2026"": 0.00017300073147513196}","{""2023"": 1.34528179997067, ""2024"": 1.3974897131505548, ""2025"": 2.45331264004182, ""2026"": 1.0071356821860822}"
500,0.8,selloff_1d_atr,validation,2,362,0.0016044817503446764,-0.016002062842937502,1.0707240243039966,0.3784530386740331,0.1464088397790055,0.5773480662983426,0.27624309392265195,10.792817679558011,0.04750411825406215,-0.03548474778228646,"{""2023"": 0.0014913477995388946, ""2024"": 0.0060333674772255815, ""2025"": 0.003980421958019291, ""2026"": -0.019330782094734406}","{""2023"": 1.0629658959599784, ""2024"": 1.2790750683985646, ""2025"": 1.2126566833465635, ""2026"": 0.4473960505285343}"
500,0.8,selloff_1d_atr,validation,3,442,0.011873339703697635,-0.021295983966580452,1.4642765322733735,0.33031674208144796,0.13800904977375567,0.6199095022624435,0.2420814479638009,10.457013574660634,0.06215960946454003,-0.037617924465170406,"{""2023"": -0.0008816231265850638, ""2024"": -0.01266291237719398, ""2025"": 0.06421906440062326, ""2026"": -0.006987429068685537}","{""2023"": 0.966091088097342, ""2024"": 0.5698141237868115, ""2025"": 4.085285518524582, ""2026"": 0.6767442560610594}"
500,0.8,selloff_1d_atr,validation,4,352,0.003088005039337287,-0.0174473464699908,1.129948337675898,0.36079545454545453,0.1875,0.5767045454545454,0.23579545454545456,10.451704545454545,0.04957963560883036,-0.03740032018333475,"{""2023"": 0.014016176210370624, ""2024"": -0.0014420886572545743, ""2025"": -0.004270648762666638, ""2026"": 0.0078017789522615184}","{""2023"": 1.7221040016793667, ""2024"": 0.9438994387500247, ""2025"": 0.8390019073171315, ""2026"": 1.3549881305341207}"
500,0.8,selloff_1d_atr,validation,5,367,0.02028536738994372,-0.0087681934604166,1.9636254112337845,0.44686648501362397,0.22070844686648503,0.5095367847411444,0.26975476839237056,11.487738419618529,0.0662769990582892,-0.03518245195069277,"{""2023"": 0.00721452443517007, ""2024"": 0.04456983549471025, ""2025"": 0.017943911138350515, ""2026"": 0.0073151182029665895}","{""2023"": 1.3262964494520026, ""2024"": 2.8803106124949425, ""2025"": 2.028329349247773, ""2026"": 1.3569172899906927}"
500,0.8,selloff_3d_sigma,discovery,1,429,-0.005849294189747143,-0.0237530861624407,0.7870087170410408,0.32867132867132864,0.1351981351981352,0.6107226107226107,0.2540792540792541,11.184149184149184,0.04487413173770806,-0.040917497407428886,"{""2019"": 0.012503562125220084, ""2020"": -0.007453462981550339, ""2021"": -0.002824895824599902, ""2022"": -0.022633925061501546}","{""2019"": 1.771713837301603, ""2020"": 0.7725528575467479, ""2021"": 0.8771712441203426, ""2022"": 0.39499710149536976}"
500,0.8,selloff_3d_sigma,discovery,2,427,-0.002659521834020192,-0.0219688256041705,0.9025802766796753,0.3325526932084309,0.13114754098360656,0.6276346604215457,0.24121779859484777,10.423887587822014,0.05003834385211344,-0.040937101418031356,"{""2019"": -0.0005408204126830976, ""2020"": 0.01667662747993653, ""2021"": -0.0023767963986359975, ""2022"": -0.013103492339808084}","{""2019"": 0.979152205923166, ""2020"": 1.727155948389494, ""2021"": 0.9051312452027204, ""2022"": 0.5878772093871536}"
500,0.8,selloff_3d_sigma,discovery,3,429,-0.004387255309713332,-0.0193424532963647,0.8233453047040404,0.32167832167832167,0.13053613053613053,0.6107226107226107,0.25874125874125875,10.337995337995338,0.04570669002246088,-0.03901227789086587,"{""2019"": -0.0007559529628585246, ""2020"": 0.008992746950290445, ""2021"": -0.003633605078554801, ""2022"": -0.01634686914166287}","{""2019"": 0.961554833676665, ""2020"": 1.3845939704852075, ""2021"": 0.8505961198083044, ""2022"": 0.4870883204727507}"
500,0.8,selloff_3d_sigma,discovery,4,428,-0.002674088706121847,-0.02272686151143995,0.9011548564740954,0.3341121495327103,0.16121495327102803,0.6144859813084113,0.22429906542056074,10.259345794392523,0.04625361316497814,-0.04167187156144389,"{""2019"": 0.005108544982643159, ""2020"": -0.0016978868621294189, ""2021"": 0.0057293682031393685, ""2022"": -0.015334190455221774}","{""2019"": 1.2318622998476128, ""2020"": 0.9455548930139852, ""2021"": 1.2394183232062508, ""2022"": 0.5166869834546238}"
500,0.8,selloff_3d_sigma,discovery,5,429,-0.00645953448344719,-0.0239301306426931,0.769304223057583,0.3123543123543124,0.14219114219114218,0.6247086247086248,0.2331002331002331,10.034965034965035,0.04451389067309762,-0.04136318504464417,"{""2019"": 0.0014533205113772274, ""2020"": -0.01665640206058208, ""2021"": 0.009131734902056942, ""2022"": -0.01647785776763376}","{""2019"": 1.085459144840332, ""2020"": 0.5689142004996548, ""2021"": 1.4106088200656208, ""2022"": 0.48129812719642534}"
500,0.8,selloff_3d_sigma,validation,1,453,0.005267991707136045,-0.0148476644377195,1.2262583200759405,0.3995584988962472,0.18763796909492272,0.5496688741721855,0.26269315673289184,10.986754966887418,0.05015389605690284,-0.03479357618829745,"{""2023"": 0.008242546963380858, ""2024"": 0.0014796241932655218, ""2025"": 0.010593582172443184, ""2026"": -0.011317401848485622}","{""2023"": 1.3199022623738437, ""2024"": 1.063041250211532, ""2025"": 1.6128214805821361, ""2026"": 0.6526573554310177}"
500,0.8,selloff_3d_sigma,validation,2,395,0.014775643107873255,-0.018945862275449,1.6167092489809096,0.3721518987341772,0.1670886075949367,0.5594936708860759,0.27341772151898736,10.90126582278481,0.060830260392704234,-0.037216533691041664,"{""2023"": -0.00039587603198845776, ""2024"": 0.023641841841993055, ""2025"": 0.017235731239019697, ""2026"": 0.021750162577551732}","{""2023"": 0.9848246156318045, ""2024"": 1.8683117711249426, ""2025"": 1.8783549079818629, ""2026"": 2.3455685908324586}"
500,0.8,selloff_3d_sigma,validation,3,356,0.003875082975715703,-0.01583845254980555,1.1774016946689465,0.39325842696629215,0.17415730337078653,0.5561797752808989,0.2696629213483146,11.039325842696629,0.04923857819670091,-0.03478835858175504,"{""2023"": 0.0001657228747939469, ""2024"": 0.00190736179353938, ""2025"": 0.01213987080508515, ""2026"": -0.0050104673241188205}","{""2023"": 1.007154394887572, ""2024"": 1.0773436704733215, ""2025"": 1.7077385366817883, ""2026"": 0.7920804378662122}"
500,0.8,selloff_3d_sigma,validation,4,336,0.005053928061496435,-0.0159911821568469,1.231968706005993,0.37202380952380953,0.1636904761904762,0.5863095238095238,0.25,10.488095238095237,0.05155454714507888,-0.03548840157995368,"{""2023"": 0.008010045059805695, ""2024"": 0.001675256779021473, ""2025"": 0.004722512580024794, ""2026"": 0.005598613378077339}","{""2023"": 1.3857230819557436, ""2024"": 1.0722242646702689, ""2025"": 1.2150134708501756, ""2026"": 1.2676651818786775}"
500,0.8,selloff_3d_sigma,validation,5,353,0.020270277269317908,-0.0139553403801739,1.8961544371334145,0.3937677053824363,0.19830028328611898,0.5609065155807366,0.24079320113314448,10.696883852691219,0.07002117152804727,-0.0366650105965387,"{""2023"": 0.01065266956335429, ""2024"": -0.0006724691568496843, ""2025"": 0.07582443504370419, ""2026"": -0.013872729544648695}","{""2023"": 1.59849073255823, ""2024"": 0.9727489150325829, ""2025"": 4.161371928019036, ""2026"": 0.5163364861869945}"
500,0.8,selloff_5d_sigma,discovery,1,427,0.0008820679080596523,-0.0200343689266432,1.0362683260643062,0.37236533957845436,0.15456674473067916,0.5620608899297423,0.28337236533957844,11.407494145199063,0.050006327940197215,-0.036936096513089246,"{""2019"": 0.002924912035564123, ""2020"": 0.012822238572117955, ""2021"": 0.003345822305816774, ""2022"": -0.009169475691340294}","{""2019"": 1.135075236605502, ""2020"": 1.5725387476091717, ""2021"": 1.159974450238504, ""2022"": 0.6987830928007563}"
500,0.8,selloff_5d_sigma,discovery,2,428,-0.005888085589262184,-0.0215471361592788,0.7999006013299729,0.3107476635514019,0.13551401869158877,0.6261682242990654,0.2383177570093458,10.577102803738319,0.04669338380051545,-0.04430167582802073,"{""2019"": 0.002887192026059913, ""2020"": -0.0020501327925840597, ""2021"": -0.0019309539403427468, ""2022"": -0.019442801791090543}","{""2019"": 1.1267235241124849, ""2020"": 0.9294639639710329, ""2021"": 0.9283934208444202, ""2022"": 0.4904786259221106}"
500,0.8,selloff_5d_sigma,discovery,3,428,-0.00910239878136605,-0.0254694687147503,0.6780245582996585,0.28738317757009346,0.10514018691588785,0.6542056074766355,0.24065420560747663,10.36214953271028,0.04469731981201091,-0.04232358349562482,"{""2019"": -0.0005313045990137671, ""2020"": 0.0001477860836714837, ""2021"": -0.007833663554672333, ""2022"": -0.02083960753198228}","{""2019"": 0.9745919177705513, ""2020"": 1.0047583043779915, ""2021"": 0.69890798322316, ""2022"": 0.3990570736849657}"
500,0.8,selloff_5d_sigma,discovery,4,428,0.0005773244922443736,-0.019599973361017,1.0241789689167498,0.34579439252336447,0.15186915887850466,0.6074766355140186,0.24065420560747663,10.17056074766355,0.0480524688268209,-0.037697017290310754,"{""2019"": 0.012847867725659705, ""2020"": 0.009588635982540146, ""2021"": 0.002815666627813346, ""2022"": -0.01460174700718116}","{""2019"": 1.8223129743596682, ""2020"": 1.3801886712126508, ""2021"": 1.124188893045353, ""2022"": 0.5129074687970683}"
500,0.8,selloff_5d_sigma,discovery,5,428,-0.008530191635536886,-0.02497567776762235,0.7044158678265997,0.3130841121495327,0.1542056074766355,0.6425233644859814,0.20327102803738317,9.658878504672897,0.041884860057459984,-0.04266314402914006,"{""2019"": -0.00015903110527951722, ""2020"": -0.021230303115893558, ""2021"": 0.011569310659292823, ""2022"": -0.019623672218901784}","{""2019"": 0.9916228927821374, ""2020"": 0.48341530835454005, ""2021"": 1.5301631439492223, ""2022"": 0.37721314076369533}"
500,0.8,selloff_5d_sigma,validation,1,428,0.011524243827660891,-0.0184806898052252,1.474684361523151,0.3925233644859813,0.1705607476635514,0.5560747663551402,0.2733644859813084,11.16588785046729,0.058309326375693166,-0.03631648850665281,"{""2023"": -0.002383105601806657, ""2024"": 0.028577221675879397, ""2025"": 0.010995853529925124, ""2026"": -0.002267102351423072}","{""2023"": 0.9128790573292708, ""2024"": 2.087750230703937, ""2025"": 1.5901088651211415, ""2026"": 0.9055770951263075}"
500,0.8,selloff_5d_sigma,validation,2,442,0.021519431060603136,-0.016003132176102948,1.960118045922931,0.39592760180995473,0.17420814479638008,0.5542986425339367,0.27149321266968324,11.061085972850679,0.06870328366991314,-0.035960883186518716,"{""2023"": 0.014732282599806667, ""2024"": -0.00016399306090482402, ""2025"": 0.05753434720738071, ""2026"": 0.004842051622894216}","{""2023"": 1.7045639374059571, ""2024"": 0.9934214409878399, ""2025"": 3.72533897652718, ""2026"": 1.2240987812909998}"
500,0.8,selloff_5d_sigma,validation,3,363,0.0008245417636264068,-0.01759578332658,1.0360537315816907,0.3305785123966942,0.162534435261708,0.6033057851239669,0.23415977961432508,9.735537190082646,0.04639919019042153,-0.03616628453102177,"{""2023"": -0.0043798904303717565, ""2024"": -0.0062024424983079945, ""2025"": 0.01472747728863355, ""2026"": -0.0040289421207351265}","{""2023"": 0.833545787435327, ""2024"": 0.7688928306557242, ""2025"": 1.9955617606195202, ""2026"": 0.8371456846496682}"
500,0.8,selloff_5d_sigma,validation,4,357,0.005220024686450305,-0.0130019300717626,1.2406490392921043,0.40896358543417366,0.21568627450980393,0.5490196078431373,0.23529411764705882,10.77310924369748,0.050205970073592336,-0.03487366187876009,"{""2023"": 0.007595214507657557, ""2024"": 0.006855090338922989, ""2025"": 0.00565859107536242, ""2026"": -0.005819214408328869}","{""2023"": 1.3585742101152825, ""2024"": 1.339574052589711, ""2025"": 1.2796315982703066, ""2026"": 0.8032274371612234}"
500,0.8,selloff_5d_sigma,validation,5,303,0.006102356946352416,-0.0153341906732891,1.2739604487477494,0.40594059405940597,0.1716171617161716,0.5445544554455446,0.2838283828382838,11.435643564356436,0.05355353983753834,-0.03530396740277445,"{""2023"": 0.01529526346959141, ""2024"": -0.0013075755764192362, ""2025"": 0.006475556559595287, ""2026"": -0.001551738263025069}","{""2023"": 1.8893644464307466, ""2024"": 0.946967956031086, ""2025"": 1.2499283757867838, ""2026"": 0.9295420821466522}"
500,0.8,spy_relative_3d_sigma,discovery,1,428,-0.006850282765135857,-0.021827327308919647,0.7416981036531501,0.3294392523364486,0.1261682242990654,0.6121495327102804,0.2616822429906542,10.733644859813085,0.043239771579134015,-0.03977621872262387,"{""2019"": 0.009322318454600338, ""2020"": -0.014026418469236166, ""2021"": 0.0028170146945585084, ""2022"": -0.017649685747491362}","{""2019"": 1.5653541862250862, ""2020"": 0.6113881866660127, ""2021"": 1.1310146912610035, ""2022"": 0.4202129623743723}"
500,0.8,spy_relative_3d_sigma,discovery,2,428,-0.0026366434717936416,-0.02197958496605485,0.9018306659223223,0.3294392523364486,0.13551401869158877,0.6355140186915887,0.22897196261682243,10.08411214953271,0.04992345853659081,-0.041178068119674636,"{""2019"": 0.005825113816634832, ""2020"": 0.0021252887323607184, ""2021"": -0.0038141708050261976, ""2022"": -0.010845874871326629}","{""2019"": 1.2833003973038395, ""2020"": 1.064842711516631, ""2021"": 0.8500412924345861, ""2022"": 0.64586423827531}"
500,0.8,spy_relative_3d_sigma,discovery,3,429,-0.0008903995964911664,-0.0213345320485056,0.9663308148393972,0.351981351981352,0.18181818181818182,0.5897435897435898,0.22843822843822845,10.272727272727273,0.049389895457629986,-0.039870151211689527,"{""2019"": 0.0053000926494656715, ""2020"": 0.0007599910649502017, ""2021"": 0.006611505112796819, ""2022"": -0.01348168301521855}","{""2019"": 1.2696583734041147, ""2020"": 1.0253532989944905, ""2021"": 1.2949562298755195, ""2022"": 0.6054838193223654}"
500,0.8,spy_relative_3d_sigma,discovery,4,428,-0.007060376706230753,-0.026052795460730298,0.7645823289253593,0.308411214953271,0.11682242990654206,0.6448598130841121,0.2383177570093458,10.406542056074766,0.04517224698244627,-0.04426783841237136,"{""2019"": -0.0014166797790262308, ""2020"": 0.005628244306605179, ""2021"": -0.0031495118365187586, ""2022"": -0.022624510255447833}","{""2019"": 0.9412280314135216, ""2020"": 1.1909232012993012, ""2021"": 0.8904519555299737, ""2022"": 0.39555173384188225}"
500,0.8,spy_relative_3d_sigma,discovery,5,429,-0.004611931774934413,-0.0222792213859698,0.814334589227054,0.31002331002331,0.13986013986013987,0.6060606060606061,0.2540792540792541,10.743589743589743,0.04364266094171082,-0.03881356373450968,"{""2019"": -0.0008556031339067404, ""2020"": -0.002676392813561568, ""2021"": 0.004611297582066016, ""2022"": -0.021084664447231637}","{""2019"": 0.9544732974454714, ""2020"": 0.901993063661206, ""2021"": 1.224795788483306, ""2022"": 0.37293959680701133}"
500,0.8,spy_relative_3d_sigma,validation,1,364,0.008582407817216711,-0.01263083383406165,1.4003784409709163,0.4368131868131868,0.22252747252747251,0.5082417582417582,0.2692307692307692,11.260989010989011,0.051270497368209024,-0.033210285749386365,"{""2023"": 0.007681533373939057, ""2024"": 0.0018881073275037596, ""2025"": 0.017182995506994182, ""2026"": 0.0016433417026697416}","{""2023"": 1.298676301407058, ""2024"": 1.077637939651413, ""2025"": 2.093187310022945, ""2026"": 1.0841467945254737}"
500,0.8,spy_relative_3d_sigma,validation,2,349,0.015136691309121153,-0.018661729967455,1.6250945645098525,0.3467048710601719,0.17191977077363896,0.5988538681948424,0.22922636103151864,10.29512893982808,0.06362230493348002,-0.037003568707970856,"{""2023"": 0.003067499992052519, ""2024"": 0.03640710561874751, ""2025"": 0.010449949421618672, ""2026"": -0.008519012056258178}","{""2023"": 1.121309602883629, ""2024"": 2.3573162880979868, ""2025"": 1.558786522850404, ""2026"": 0.7237759630066367}"
500,0.8,spy_relative_3d_sigma,validation,3,390,0.004831191018413399,-0.018412702497876098,1.2077811591422525,0.38461538461538464,0.16923076923076924,0.5641025641025641,0.26666666666666666,10.9,0.05182282441929849,-0.03639220163636641,"{""2023"": 0.002561786880934368, ""2024"": 0.0017696460568300432, ""2025"": 0.012240229937676863, ""2026"": 0.0026968206043717306}","{""2023"": 1.108654980582161, ""2024"": 1.0696516719841378, ""2025"": 1.6118152865264659, ""2026"": 1.112791421115455}"
500,0.8,spy_relative_3d_sigma,validation,4,346,0.006507494554173585,-0.0137775987321146,1.310065414561182,0.4046242774566474,0.18208092485549132,0.5404624277456648,0.2774566473988439,10.96242774566474,0.05139094754855076,-0.03541257204598653,"{""2023"": 0.014738213380628792, ""2024"": -0.0019991628852808543, ""2025"": 0.012145878008601133, ""2026"": -0.005070282538313428}","{""2023"": 1.8034020066825, ""2024"": 0.9082087936916815, ""2025"": 1.6079484857787179, ""2026"": 0.8358570376610828}"
500,0.8,spy_relative_3d_sigma,validation,5,444,0.013318417094040375,-0.0178713536603606,1.5626979544391708,0.36486486486486486,0.15315315315315314,0.5900900900900901,0.25675675675675674,10.75900900900901,0.06184141477011329,-0.03663295065282631,"{""2023"": 0.0018249266972093906, ""2024"": -0.0029456066737665503, ""2025"": 0.04869976553451176, ""2026"": -0.0020935070810568566}","{""2023"": 1.0843359502448726, ""2024"": 0.884523562678156, ""2025"": 3.0121403419498214, ""2026"": 0.9079733435219264}"
500,0.8,spy_relative_5d_sigma,discovery,1,427,-0.002861407781948179,-0.0197089114956415,0.8849981726492069,0.34660421545667447,0.14754098360655737,0.6088992974238876,0.24355971896955503,10.594847775175644,0.045839702404359126,-0.03729775530973546,"{""2019"": 0.004430625995504769, ""2020"": -0.003260395440424178, ""2021"": 0.013349166852213278, ""2022"": -0.012419767667435579}","{""2019"": 1.2543234700981736, ""2020"": 0.8989761614393245, ""2021"": 1.7303385319971323, ""2022"": 0.5606270441272485}"
500,0.8,spy_relative_5d_sigma,discovery,2,428,-0.0006363292876459687,-0.02267355532163165,0.9763111592925753,0.34345794392523366,0.1705607476635514,0.6051401869158879,0.22429906542056074,10.238317757009346,0.05178569184957208,-0.041549052131311805,"{""2019"": 0.013509625587813092, ""2020"": 0.00916496939186689, ""2021"": -0.0009991061046546964, ""2022"": -0.014834281227858348}","{""2019"": 1.7276182648629663, ""2020"": 1.3259894016939284, ""2021"": 0.9606429594435654, ""2022"": 0.554674427129343}"
500,0.8,spy_relative_5d_sigma,discovery,3,428,-0.011929075963543648,-0.026995394828546952,0.6257841508079052,0.2546728971962617,0.10514018691588785,0.6869158878504673,0.20794392523364486,9.567757009345794,0.044433055328609826,-0.04524137930290181,"{""2019"": -0.003612138822166945, ""2020"": -0.02125619717554102, ""2021"": -0.0029837096380686636, ""2022"": -0.021990502984553503}","{""2019"": 0.8579768618747436, ""2020"": 0.45494232128033824, ""2021"": 0.888207287735842, ""2022"": 0.4265146048058501}"
500,0.8,spy_relative_5d_sigma,discovery,4,428,-0.0005851104734617135,-0.0209860951833888,0.9771585583147984,0.37850467289719625,0.15186915887850466,0.5630841121495327,0.2850467289719626,11.322429906542055,0.0465407628662464,-0.0412036083497654,"{""2019"": 0.009680767594901015, ""2020"": 0.011309590975741501, ""2021"": -0.0017819759278984138, ""2022"": -0.01599878892966925}","{""2019"": 1.5246750394556028, ""2020"": 1.4869495729117963, ""2021"": 0.9278483143288823, ""2022"": 0.5414016379678257}"
500,0.8,spy_relative_5d_sigma,discovery,5,428,-0.006058106537789639,-0.0226990186951078,0.7625854056460439,0.3060747663551402,0.1261682242990654,0.6285046728971962,0.24532710280373832,10.450934579439252,0.04272541288182489,-0.03863056705965955,"{""2019"": -0.005580324715549593, ""2020"": -0.0040293639234748255, ""2021"": 0.003744958193674731, ""2022"": -0.023195220303115296}","{""2019"": 0.7286198369009081, ""2020"": 0.8698503620998693, ""2021"": 1.1705828613255351, ""2022"": 0.26413440550568285}"
500,0.8,spy_relative_5d_sigma,validation,1,346,0.017510639463614013,-0.013833453044286851,1.7947464469197463,0.407514450867052,0.20520231213872833,0.5375722543352601,0.25722543352601157,11.286127167630058,0.061277742763669985,-0.03384031098494475,"{""2023"": 0.0005884746227449555, ""2024"": 0.05179709187631978, ""2025"": 0.011251795754479805, ""2026"": -0.004899694993287468}","{""2023"": 1.022148932967455, ""2024"": 3.1557310555531712, ""2025"": 1.637142392778555, ""2026"": 0.747966486881285}"
500,0.8,spy_relative_5d_sigma,validation,2,369,0.004844763290919092,-0.0179105432191847,1.1991762376725335,0.3875338753387534,0.19241192411924118,0.5691056910569106,0.23848238482384823,10.327913279132792,0.052959321875871795,-0.03835881550962473,"{""2023"": 0.00646827423834994, ""2024"": -0.00805314108617988, ""2025"": 0.019288714445072696, ""2026"": -0.008756411473079262}","{""2023"": 1.2686298772491826, ""2024"": 0.7282662914842819, ""2025"": 2.049180145333568, ""2026"": 0.6922060191941849}"
500,0.8,spy_relative_5d_sigma,validation,3,343,0.026085751746341555,-0.0156458498124785,2.2294526227763107,0.3848396501457726,0.1836734693877551,0.5481049562682215,0.26822157434402333,10.699708454810496,0.07410152154036552,-0.03441962066625326,"{""2023"": 0.00867213052649627, ""2024"": 0.002069201792155882, ""2025"": 0.09569021172301884, ""2026"": 0.00351158355847518}","{""2023"": 1.4190740311492287, ""2024"": 1.0900674169886975, ""2025"": 6.1239120541785566, ""2026"": 1.1488834772782097}"
500,0.8,spy_relative_5d_sigma,validation,4,409,0.0028290288829821643,-0.0161675990536604,1.1230170426841561,0.3740831295843521,0.16381418092909536,0.5843520782396088,0.25183374083129584,10.56479217603912,0.04975394206441268,-0.03647558139875645,"{""2023"": 0.00964415533311473, ""2024"": 0.005121498163030122, ""2025"": -0.007480518457150521, ""2026"": -0.0011204404455757214}","{""2023"": 1.432320091846718, ""2024"": 1.2394615124383364, ""2025"": 0.6796800105066885, ""2026"": 0.9607654122997518}"
500,0.8,spy_relative_5d_sigma,validation,5,426,0.0011853332021946614,-0.01571675934266725,1.0514731623454405,0.3826291079812207,0.15492957746478872,0.5633802816901409,0.28169014084507044,11.28169014084507,0.046493262995190625,-0.035506889538377766,"{""2023"": 0.0021053358706027737, ""2024"": -0.006312113997310143, ""2025"": 0.009304954704222136, ""2026"": 0.0014906393849184437}","{""2023"": 1.096988359476655, ""2024"": 0.7570390833558305, ""2025"": 1.4364823032776435, ""2026"": 1.0683215231493268}"
500,0.8,own_history_5d_extreme,discovery,1,363,0.00039395486527456626,-0.0215430185043934,1.0155215627830452,0.33884297520661155,0.162534435261708,0.6060606060606061,0.23140495867768596,10.487603305785123,0.05003240317977601,-0.03743948045773431,"{""2019"": 0.004493010635019631, ""2020"": 0.014479001335552109, ""2021"": 0.0014961848668670033, ""2022"": -0.007655184881196153}","{""2019"": 1.2287212709542474, ""2020"": 1.6756929512975658, ""2021"": 1.0673856795458603, ""2022"": 0.7543334899901586}"
500,0.8,own_history_5d_extreme,discovery,2,366,-0.0035479823401518913,-0.02275212455300785,0.8773375039014315,0.3224043715846995,0.15300546448087432,0.6092896174863388,0.23770491803278687,10.57103825136612,0.049355623739820415,-0.04340032869671471,"{""2019"": 0.018062690156400316, ""2020"": -0.0021140507861872678, ""2021"": 0.0013235857550695108, ""2022"": -0.01955974208349769}","{""2019"": 1.992415955628134, ""2020"": 0.9291282278465403, ""2021"": 1.0542318108686632, ""2022"": 0.48597298257282934}"
500,0.8,own_history_5d_extreme,discovery,3,362,-0.0066874880263103065,-0.022516885265426702,0.7445919752028894,0.3011049723756906,0.11602209944751381,0.6574585635359116,0.2265193370165746,9.994475138121548,0.04563737424256032,-0.039726907523854924,"{""2019"": 0.002324698002200971, ""2020"": 0.006627816202668672, ""2021"": -0.005146461909043674, ""2022"": -0.01921236720045058}","{""2019"": 1.1345913352239447, ""2020"": 1.252370232400578, ""2021"": 0.7811804392812267, ""2022"": 0.40495435390762125}"
500,0.8,own_history_5d_extreme,discovery,4,362,-0.004160266566494806,-0.0228999897329061,0.8468106878465872,0.31215469613259667,0.13535911602209943,0.6243093922651933,0.24033149171270718,10.740331491712707,0.046603913531782386,-0.04193007906821793,"{""2019"": -0.001918813760945338, ""2020"": 0.007346125260611896, ""2021"": 0.005609852754228956, ""2022"": -0.0207906465269532}","{""2019"": 0.8859539366981046, ""2020"": 1.2600855269672415, ""2021"": 1.2325054161803906, ""2022"": 0.3655947674002192}"
500,0.8,own_history_5d_extreme,discovery,5,377,-0.01298350356514364,-0.0269407406936625,0.5751917373685113,0.26790450928381965,0.15384615384615385,0.7055702917771883,0.14058355437665782,8.575596816976127,0.03826068034888618,-0.043694720359860086,"{""2019"": 0.0018043677710762776, ""2020"": -0.027839070531283143, ""2021"": 0.007553487187390266, ""2022"": -0.019583832300417353}","{""2019"": 1.1062762801884298, ""2020"": 0.3573703029410716, ""2021"": 1.3275512533065565, ""2022"": 0.38131551160968435}"
500,0.8,own_history_5d_extreme,validation,1,482,0.012302937677395494,-0.01684587043955635,1.5202959437080636,0.3962655601659751,0.16804979253112035,0.558091286307054,0.27385892116182575,11.21161825726141,0.05926703982147333,-0.03603494884501062,"{""2023"": 0.006238356562302627, ""2024"": 0.022968657115159503, ""2025"": 0.010883576455301198, ""2026"": -0.0025986458347253953}","{""2023"": 1.261341866094942, ""2024"": 1.8354048082859968, ""2025"": 1.5791524437472646, ""2026"": 0.8896950472402178}"
500,0.8,own_history_5d_extreme,validation,2,444,0.019996230232198875,-0.01668335866920405,1.8816844030467177,0.3918918918918919,0.17117117117117117,0.5495495495495496,0.27927927927927926,11.024774774774775,0.06770642860045663,-0.03619881834102785,"{""2023"": -0.001320228129466958, ""2024"": 0.003131259594506841, ""2025"": 0.06552356938536387, ""2026"": 0.016858914558372785}","{""2023"": 0.9481521991830364, ""2024"": 1.128735471409593, ""2025"": 4.358283084566256, ""2026"": 2.039578183547665}"
500,0.8,own_history_5d_extreme,validation,3,423,0.0027045825995725306,-0.0154989327181979,1.1215823852756703,0.3640661938534279,0.1773049645390071,0.5815602836879432,0.24113475177304963,9.962174940898345,0.048419854003240725,-0.03502629178882786,"{""2023"": 0.00947319366030879, ""2024"": -0.0061066480889531306, ""2025"": 0.008610553322342457, ""2026"": -0.009470599087101579}","{""2023"": 1.4345371857312121, ""2024"": 0.7655393681630703, ""2025"": 1.4895059314904204, ""2026"": 0.6425369197093751}"
500,0.8,own_history_5d_extreme,validation,4,312,0.006210920297320779,-0.0141189116687371,1.2928483141267364,0.40064102564102566,0.1891025641025641,0.5480769230769231,0.26282051282051283,10.836538461538462,0.04927816368534684,-0.03459349602607153,"{""2023"": 0.014271038651488696, ""2024"": 0.006489888495543118, ""2025"": 0.001537150412746984, ""2026"": -0.003968525521592393}","{""2023"": 1.7056055047338665, ""2024"": 1.3335001679089904, ""2025"": 1.072230839094466, ""2026"": 0.8614781282674315}"
500,0.8,own_history_5d_extreme,validation,5,225,0.004478279534507017,-0.015852143097345,1.1954039642560041,0.39111111111111113,0.2088888888888889,0.56,0.2311111111111111,11.32,0.05177082779171296,-0.03604893224381294,"{""2023"": 0.0014812854079540273, ""2024"": -0.00010119369646980592, ""2025"": 0.01493847725084267, ""2026"": 0.0012015533707279002}","{""2023"": 1.0787490964323216, ""2024"": 0.9957600867992188, ""2025"": 1.6052392876812702, ""2026"": 1.0505336264825331}"
