feature,period,scale,quintile,n,feature_min,feature_median,feature_max,mean_return,median_return,win_rate,profit_factor,target_rate,stop_rate,avg_hold_sessions
rr,full,all,1,2331,0.03217158176943824,3.1649484536082277,4.034862385321058,0.0032653534320619864,-0.019371246265809994,0.3251823251823252,1.1476251998026639,0.3226083226083226,0.6726726726726727,10.89017589017589
rr,full,all,2,2331,4.034920634920644,4.898809523809497,5.901840490797557,0.004993217642817964,-0.018406541065413506,0.21707421707421706,1.2422275853656712,0.2132132132132132,0.7824967824967825,13.295581295581295
rr,full,all,3,2330,5.9024390243902385,7.275793650793611,9.250000000000005,0.0006874305397098601,-0.014158764220865594,0.14763948497854076,1.0440241422877763,0.14549356223175966,0.8515021459227468,8.723605150214592
rr,full,all,4,2331,9.251308900523584,12.452631578947344,18.387931034482826,0.001121942706857878,-0.009301964919368189,0.0960960960960961,1.097184156575826,0.09352209352209352,0.9039039039039038,7.272844272844273
rr,full,all,5,2331,18.391304347825756,34.465909090909285,23987.50000056723,0.00026580959864668424,-0.00413707063884694,0.04075504075504076,1.052582211370775,0.04032604032604033,0.9592449592449592,3.815100815100815
rr,full,small,1,1471,0.03217158176943824,2.851265822784815,3.724137931034488,0.004524895530800027,-0.01723340758672187,0.36301835486063905,1.2592289850828728,0.3609789259007478,0.6349422161794698,7.794017675050986
rr,full,small,2,1471,3.7251461988304255,4.5714285714285054,5.518518518518501,0.0018001625646083285,-0.016182434338025242,0.2256968048946295,1.1155114550369334,0.22093813732154996,0.7736233854520734,7.404486743711761
rr,full,small,3,1471,5.518518518518554,6.729032258064524,8.412121212121253,0.0005224193591710768,-0.012477993212402505,0.15771583956492183,1.0421990381180615,0.15635622025832766,0.840924541128484,5.9191026512576475
rr,full,small,4,1471,8.421686746987973,11.032258064516052,16.437500000000323,0.0006061446064191046,-0.008464580520484266,0.10944935418082936,1.0649973274673576,0.10808973487423522,0.8905506458191706,4.865397688647179
rr,full,small,5,1471,16.472340425531748,30.200000000001747,23987.50000056723,-0.000681979369060392,-0.003622728232330008,0.04078857919782461,0.842258168550376,0.04010876954452753,0.9592114208021754,2.6091094493541807
rr,full,large,1,860,0.15341488277268128,3.7235123959012895,4.548951048951052,0.0019263184449393694,-0.034500228067943506,0.2558139534883721,1.0546713314993459,0.25232558139534883,0.7430232558139535,21.198837209302326
rr,full,large,2,860,4.55455712451862,5.427773997291555,6.682432432432415,0.010469632214387127,-0.028083053391072643,0.20465116279069767,1.379674058774979,0.20116279069767443,0.7941860465116279,20.717441860465115
rr,full,large,3,859,6.683127572016468,8.416666666666721,10.945404913557766,0.0006025311215058162,-0.019317530004545835,0.1280558789289872,1.0298605182717906,0.12456344586728754,0.8719441210710128,13.270081490104772
rr,full,large,4,860,10.954415954415891,14.849126565589915,21.653846153845958,0.002994287316944047,-0.01335589919014274,0.08488372093023255,1.2281835900108535,0.08255813953488372,0.9151162790697674,9.854651162790697
rr,full,large,5,860,21.666666666666035,42.424999999999976,2965.000000002697,0.0004337530981315102,-0.0051874665727947855,0.03372093023255814,1.0722571863690968,0.03255813953488372,0.9662790697674418,5.311627906976744
rr,discovery,all,1,1219,0.03217158176943824,3.1134020618556697,3.910493827160479,0.005311367551728943,-0.01944899480265927,0.32649712879409354,1.2425306502659248,0.32649712879409354,0.6735028712059065,10.689089417555373
rr,discovery,all,2,1219,3.9112149532710223,4.76274328081556,5.7897196261682415,0.00595669491203822,-0.018874253040432776,0.2280557834290402,1.2944891025737069,0.2280557834290402,0.7703035274815423,13.26251025430681
rr,discovery,all,3,1218,5.790909090909125,7.067069641291917,8.955696202531607,0.0017754280971633099,-0.01489492586861152,0.15270935960591134,1.1098039097686048,0.15270935960591134,0.8472906403940886,9.087027914614122
rr,discovery,all,4,1219,8.967741935483808,12.148936170212814,17.742857142856945,0.001775997112660777,-0.00989035348382894,0.10008203445447088,1.146988978991599,0.10008203445447088,0.8999179655455292,7.881870385561936
rr,discovery,all,5,1219,17.745098039215502,33.12499999999775,23987.50000056723,-0.0005173873624864673,-0.004444578448275838,0.03527481542247744,0.9045894947217185,0.03527481542247744,0.9647251845775225,3.265791632485644
rr,discovery,small,1,748,0.03217158176943824,2.8198527181627364,3.606965174129344,0.004945479755478038,-0.018234361042658243,0.3622994652406417,1.2737644498537233,0.3622994652406417,0.6377005347593583,8.225935828877006
rr,discovery,small,2,747,3.607407407407407,4.39084507042253,5.2647058823529775,0.003014265514233376,-0.01651406569732017,0.23159303882195448,1.201140702549018,0.23159303882195448,0.7670682730923695,6.982597054886211
rr,discovery,small,3,747,5.265957446808479,6.4979253112033275,8.223076923076851,0.0011253580306147231,-0.013006964543269106,0.1646586345381526,1.0907981227958716,0.1646586345381526,0.8353413654618473,5.882195448460509
rr,discovery,small,4,747,8.224637681159454,10.5854922279789,15.999999999999767,0.001085722039087698,-0.008924923509862626,0.12182061579651941,1.1086753570000132,0.12182061579651941,0.8781793842034806,5.137884872824632
rr,discovery,small,5,748,16.02380952380947,29.268939393939483,23987.50000056723,-0.00019709457453179812,-0.0037540626869770888,0.03877005347593583,0.9534997336260642,0.03877005347593583,0.9612299465240641,2.4318181818181817
rr,discovery,large,1,472,0.9550561797752826,3.6520907806135128,4.506172839506158,0.005900215721705556,-0.0341528963897853,0.2584745762711864,1.1728499166340116,0.2584745762711864,0.7415254237288136,19.027542372881356
rr,discovery,large,2,471,4.508379888268142,5.422935779816527,6.531446540880488,0.01025883934842969,-0.02807857245621337,0.21656050955414013,1.3844600489464631,0.21656050955414013,0.7813163481953291,21.182590233545646
rr,discovery,large,3,471,6.532374100719453,8.212121212121213,10.545454545454115,0.003276650597156166,-0.020152054028690358,0.14012738853503184,1.1622199428680084,0.14012738853503184,0.8598726114649682,14.146496815286625
rr,discovery,large,4,471,10.548076923076906,14.282051282051262,20.159999999999997,0.0036613076663964705,-0.014165848257808311,0.08280254777070063,1.2674643639051615,0.08280254777070063,0.9171974522292994,10.21656050955414
rr,discovery,large,5,472,20.22784810126585,38.6852201257863,2902.000000002639,-0.0019221057442732167,-0.005852134486440563,0.023305084745762712,0.7116438232940133,0.023305084745762712,0.9766949152542372,4.239406779661017
rr,validation,all,1,1112,0.03554006968641046,3.216656644053141,4.137404580152674,0.0005325054619344594,-0.0189971851765956,0.3255395683453237,1.0239119547541746,0.3192446043165468,0.670863309352518,11.43884892086331
rr,validation,all,2,1112,4.138289368505197,5.008104173535159,6.014836795252212,0.004028440259029398,-0.018148799850278896,0.20053956834532374,1.1910842479798076,0.19334532374100719,0.7994604316546763,12.93884892086331
rr,validation,all,3,1112,6.017038007863703,7.476717464001583,9.522222222222155,-0.00036550125381765364,-0.013236818811121709,0.1420863309352518,0.9756147232570012,0.13758992805755396,0.8561151079136691,8.303956834532373
rr,validation,all,4,1112,9.526315789473678,12.806722689075624,19.172413793103512,0.0009033749801932113,-0.008777128233208753,0.09622302158273381,1.0821864782434367,0.09082733812949641,0.9037769784172662,6.8003597122302155
rr,validation,all,5,1112,19.178571428571342,36.32857142857111,4497.333333337426,0.0008857202163842407,-0.0039177807850310775,0.044964028776978415,1.1892541623315287,0.044064748201438846,0.9550359712230215,4.308453237410072
rr,validation,small,1,724,0.03554006968641046,2.92957652103994,3.8934426229508228,0.004209741020052888,-0.016538293887746414,0.36464088397790057,1.2494355317283679,0.35911602209944754,0.6312154696132597,7.466850828729282
rr,validation,small,2,723,3.894179894179905,4.814903846153849,5.7414965986394675,-0.00042389772950328375,-0.015657058216306807,0.21161825726141079,0.9740706238416773,0.2033195020746888,0.7883817427385892,7.710926694329184
rr,validation,small,3,724,5.742004264392329,6.989412498329659,8.681818181818164,0.00032341911528967475,-0.012062526058367606,0.15193370165745856,1.0267452767229694,0.14917127071823205,0.8453038674033149,5.7430939226519335
rr,validation,small,4,723,8.684848484848454,11.365384615385008,16.68749999999958,0.00038362852949638864,-0.00798200981182784,0.10096818810511757,1.0439890852504543,0.09820193637621023,0.8990318118948825,4.7662517289073305
rr,validation,small,5,724,16.687499999999975,30.896314948178663,4497.333333337426,-0.001031674272223547,-0.003462685829913048,0.04419889502762431,0.7660051110696678,0.04281767955801105,0.9558011049723757,2.8370165745856353
rr,validation,large,1,389,0.15341488277268128,3.809578107183591,4.60713253012048,-0.0016100276405312623,-0.03473356029310937,0.2596401028277635,0.9559285623524484,0.2519280205655527,0.7377892030848329,23.27763496143959
rr,validation,large,2,388,4.609999999999999,5.433545734398205,6.865306122448969,0.008284936029242752,-0.02795843048648,0.17525773195876287,1.2899427936631984,0.16752577319587628,0.8247422680412371,20.40979381443299
rr,validation,large,3,388,6.875510204081625,8.782475490196152,11.499999999999876,-0.0007064018468136564,-0.01886931174420925,0.12628865979381443,0.9650848930517711,0.11855670103092783,0.8737113402061856,12.38659793814433
rr,validation,large,4,389,11.571428571428518,15.708333333333435,24.615384615384823,0.0005458459645608834,-0.012035498058369454,0.07712082262210797,1.0439797492874319,0.07197943444730077,0.922879177377892,9.552699228791774
rr,validation,large,5,388,24.623376623376743,47.1603174603177,2965.000000002697,0.004181294798808021,-0.004505061707593794,0.05154639175257732,1.7975386339635469,0.04896907216494845,0.9484536082474226,6.597938144329897
entry_fraction,full,all,1,2331,4.168664151474057e-05,0.028196090996475336,0.051569506726458283,0.00026580959864668424,-0.00413707063884694,0.04075504075504076,1.052582211370775,0.04032604032604033,0.9592449592449592,3.815100815100815
entry_fraction,full,all,2,2331,0.05157847932414389,0.07433489827856038,0.09754851889683326,0.001121942706857878,-0.009301964919368189,0.0960960960960961,1.097184156575826,0.09352209352209352,0.9039039039039038,7.272844272844273
entry_fraction,full,all,3,2330,0.09756097560975605,0.12083433924001796,0.14487632508833936,0.0006874305397098601,-0.014158764220865594,0.14763948497854076,1.0440241422877763,0.14549356223175966,0.8515021459227468,8.723605150214592
entry_fraction,full,all,4,2331,0.14488888888888868,0.16952573158425907,0.19861286254728844,0.004993217642817964,-0.018406541065413506,0.21707421707421706,1.2422275853656712,0.2132132132132132,0.7824967824967825,13.295581295581295
entry_fraction,full,all,5,2331,0.1986151603498559,0.2400990099009912,0.9688311688311677,0.0032653534320619864,-0.019371246265809994,0.3251823251823252,1.1476251998026639,0.3226083226083226,0.6726726726726727,10.89017589017589
entry_fraction,full,small,1,1471,4.168664151474057e-05,0.03205128205128026,0.05723331709693187,-0.000681979369060392,-0.003622728232330008,0.04078857919782461,0.842258168550376,0.04010876954452753,0.9592114208021754,2.6091094493541807
entry_fraction,full,small,2,1471,0.057347670250894996,0.0831099195710461,0.10613810741687957,0.0006061446064191046,-0.008464580520484266,0.10944935418082936,1.0649973274673576,0.10808973487423522,0.8905506458191706,4.865397688647179
entry_fraction,full,small,3,1471,0.10624597553122941,0.12938230383973276,0.1534090909090901,0.0005224193591710768,-0.012477993212402505,0.15771583956492183,1.0421990381180615,0.15635622025832766,0.840924541128484,5.9191026512576475
entry_fraction,full,small,4,1471,0.1534090909090913,0.17948717948718163,0.2116336633663359,0.0018001625646083285,-0.016182434338025242,0.2256968048946295,1.1155114550369334,0.22093813732154996,0.7736233854520734,7.404486743711761
entry_fraction,full,small,5,1471,0.2116788321167881,0.2596548890714869,0.9688311688311677,0.004524895530800027,-0.01723340758672187,0.36301835486063905,1.2592289850828728,0.3609789259007478,0.6349422161794698,7.794017675050986
entry_fraction,full,large,1,860,0.00033715441672255245,0.02302821718909919,0.04411764705882476,0.0004337530981315102,-0.0051874665727947855,0.03372093023255814,1.0722571863690968,0.03255813953488372,0.9662790697674418,5.311627906976744
entry_fraction,full,large,2,860,0.04414261460101906,0.06309496473675605,0.08365109628217395,0.002994287316944047,-0.01335589919014274,0.08488372093023255,1.2281835900108535,0.08255813953488372,0.9151162790697674,9.854651162790697
entry_fraction,full,large,3,859,0.08371419865935414,0.10619469026548613,0.13015532940546318,0.0006025311215058162,-0.019317530004545835,0.1280558789289872,1.0298605182717906,0.12456344586728754,0.8719441210710128,13.270081490104772
entry_fraction,full,large,4,860,0.13016710642040488,0.1555748541408531,0.1800323549803557,0.010469632214387127,-0.028083053391072643,0.20465116279069767,1.379674058774979,0.20116279069767443,0.7941860465116279,20.717441860465115
entry_fraction,full,large,5,860,0.180214240705734,0.2117068648212997,0.8669907202828102,0.0019263184449393694,-0.034500228067943506,0.2558139534883721,1.0546713314993459,0.25232558139534883,0.7430232558139535,21.198837209302326
entry_fraction,discovery,all,1,1219,4.168664151474057e-05,0.02930402930403124,0.053347280334728554,-0.0005173873624864673,-0.004444578448275838,0.03527481542247744,0.9045894947217185,0.03527481542247744,0.9647251845775225,3.265791632485644
entry_fraction,discovery,all,2,1219,0.05335365853658593,0.07605177993527482,0.10032362459546988,0.001775997112660777,-0.00989035348382894,0.10008203445447088,1.146988978991599,0.10008203445447088,0.8999179655455292,7.881870385561936
entry_fraction,discovery,all,3,1218,0.10044500953591902,0.1239607496528636,0.14725568942436337,0.0017754280971633099,-0.01489492586861152,0.15270935960591134,1.1098039097686048,0.15270935960591134,0.8472906403940886,9.087027914614122
entry_fraction,discovery,all,4,1219,0.1472814865794903,0.17352846574461273,0.2036156041864893,0.00595669491203822,-0.018874253040432776,0.2280557834290402,1.2944891025737069,0.2280557834290402,0.7703035274815423,13.26251025430681
entry_fraction,discovery,all,5,1219,0.203645505971088,0.2431077694235589,0.9688311688311677,0.005311367551728943,-0.01944899480265927,0.32649712879409354,1.2425306502659248,0.32649712879409354,0.6735028712059065,10.689089417555373
entry_fraction,discovery,small,1,748,4.168664151474057e-05,0.03303717974689815,0.058741258741258934,-0.00019709457453179812,-0.0037540626869770888,0.03877005347593583,0.9534997336260642,0.03877005347593583,0.9612299465240641,2.4318181818181817
entry_fraction,discovery,small,2,747,0.0588235294117655,0.08631484794275772,0.10840534171248979,0.001085722039087698,-0.008924923509862626,0.12182061579651941,1.1086753570000132,0.12182061579651941,0.8781793842034806,5.137884872824632
entry_fraction,discovery,small,3,747,0.10842368640533864,0.13337022689540662,0.15959252971137602,0.0011253580306147231,-0.013006964543269106,0.1646586345381526,1.0907981227958716,0.1646586345381526,0.8353413654618473,5.882195448460509
entry_fraction,discovery,small,4,747,0.15962441314553896,0.18549967341606813,0.21704180064308684,0.003014265514233376,-0.01651406569732017,0.23159303882195448,1.201140702549018,0.23159303882195448,0.7670682730923695,6.982597054886211
entry_fraction,discovery,small,5,748,0.2170626349892013,0.2617901996732394,0.9688311688311677,0.004945479755478038,-0.018234361042658243,0.3622994652406417,1.2737644498537233,0.3622994652406417,0.6377005347593583,8.225935828877006
entry_fraction,discovery,large,1,472,0.00034447123665142643,0.025198404061807175,0.047107930828861,-0.0019221057442732167,-0.005852134486440563,0.023305084745762712,0.7116438232940133,0.023305084745762712,0.9766949152542372,4.239406779661017
entry_fraction,discovery,large,2,471,0.047258979206049156,0.06543624161073834,0.08659450457951719,0.0036613076663964705,-0.014165848257808311,0.08280254777070063,1.2674643639051615,0.08280254777070063,0.9171974522292994,10.21656050955414
entry_fraction,discovery,large,3,471,0.08661417322834969,0.10855263157894736,0.13276026743075403,0.003276650597156166,-0.020152054028690358,0.14012738853503184,1.1622199428680084,0.14012738853503184,0.8598726114649682,14.146496815286625
entry_fraction,discovery,large,4,471,0.13277661795407125,0.1556920439937149,0.18154158215010188,0.01025883934842969,-0.02807857245621337,0.21656050955414013,1.3844600489464631,0.21656050955414013,0.7813163481953291,21.182590233545646
entry_fraction,discovery,large,5,472,0.18161434977578522,0.21495711229165965,0.5114942528735628,0.005900215721705556,-0.0341528963897853,0.2584745762711864,1.1728499166340116,0.2584745762711864,0.7415254237288136,19.027542372881356
entry_fraction,validation,all,1,1112,0.00022230455724322123,0.026789146960975018,0.04955752212389402,0.0008857202163842407,-0.0039177807850310775,0.044964028776978415,1.1892541623315287,0.044064748201438846,0.9550359712230215,4.308453237410072
entry_fraction,validation,all,2,1112,0.04957264957264942,0.07242848746081507,0.09500000000000004,0.0009033749801932113,-0.008777128233208753,0.09622302158273381,1.0821864782434367,0.09082733812949641,0.9037769784172662,6.8003597122302155
entry_fraction,validation,all,3,1112,0.09503695881731845,0.11797019356333133,0.14251027269331326,-0.00036550125381765364,-0.013236818811121709,0.1420863309352518,0.9756147232570012,0.13758992805755396,0.8561151079136691,8.303956834532373
entry_fraction,validation,all,4,1112,0.1425549915397634,0.1664418550206975,0.19461729931549465,0.004028440259029398,-0.018148799850278896,0.20053956834532374,1.1910842479798076,0.19334532374100719,0.7994604316546763,12.93884892086331
entry_fraction,validation,all,5,1112,0.19465081723625546,0.23715471981130878,0.9656796769851957,0.0005325054619344594,-0.0189971851765956,0.3255395683453237,1.0239119547541746,0.3192446043165468,0.670863309352518,11.43884892086331
entry_fraction,validation,small,1,724,0.00022230455724322123,0.03135262727167086,0.056537102473498316,-0.001031674272223547,-0.003462685829913048,0.04419889502762431,0.7660051110696678,0.04281767955801105,0.9558011049723757,2.8370165745856353
entry_fraction,validation,small,2,723,0.05653710247349957,0.08087091757386991,0.10325406758448093,0.00038362852949638864,-0.00798200981182784,0.10096818810511757,1.0439890852504543,0.09820193637621023,0.8990318118948825,4.7662517289073305
entry_fraction,validation,small,3,724,0.10328638497652601,0.12516569406448957,0.1483238456672991,0.00032341911528967475,-0.012062526058367606,0.15193370165745856,1.0267452767229694,0.14917127071823205,0.8453038674033149,5.7430939226519335
entry_fraction,validation,small,4,723,0.14833501513622577,0.1719718892104174,0.20432432432432387,-0.00042389772950328375,-0.015657058216306807,0.21161825726141079,0.9740706238416773,0.2033195020746888,0.7883817427385892,7.710926694329184
entry_fraction,validation,small,5,724,0.2043551088777218,0.2544803645042306,0.9656796769851957,0.004209741020052888,-0.016538293887746414,0.36464088397790057,1.2494355317283679,0.35911602209944754,0.6312154696132597,7.466850828729282
entry_fraction,validation,large,1,390,0.00033715441672255245,0.02081427393101347,0.03903903903903872,0.004124280816180674,-0.004508226833621121,0.05128205128205128,1.7853627137398378,0.04871794871794872,0.9487179487179487,6.579487179487179
entry_fraction,validation,large,2,387,0.0393343419062035,0.05996691480562462,0.07954545454545488,0.0005845140667732109,-0.01211428157722505,0.07751937984496124,1.0469881864343922,0.07235142118863049,0.9224806201550387,9.58656330749354
entry_fraction,validation,large,3,388,0.0800000000000008,0.10222375894017607,0.12697590049235566,-0.0007064018468136564,-0.01886931174420925,0.12628865979381443,0.9650848930517711,0.11855670103092783,0.8737113402061856,12.38659793814433
entry_fraction,validation,large,4,388,0.1271406331084589,0.15543539542063511,0.17825311942959005,0.008284936029242752,-0.02795843048648,0.17525773195876287,1.2899427936631984,0.16752577319587628,0.8247422680412371,20.40979381443299
entry_fraction,validation,large,5,389,0.1783442775122908,0.20791844476054955,0.8669907202828102,-0.0016100276405312623,-0.03473356029310937,0.2596401028277635,0.9559285623524484,0.2519280205655527,0.7377892030848329,23.27763496143959
downside_pct,full,all,1,2331,3.7241173840918857e-06,0.0026415426609139488,0.005020020319129883,-0.00046496206373020137,-0.0035541301361715627,0.0664950664950665,0.8867419297185899,0.06520806520806521,0.9335049335049335,4.06992706992707
downside_pct,full,all,2,2331,0.005022263642953293,0.007435080394095787,0.010053138015223161,0.0005637315638686844,-0.00817689257982579,0.11583011583011583,1.0689398068987754,0.1154011154011154,0.8841698841698842,5.9373659373659375
downside_pct,full,all,3,2330,0.010055232969834212,0.012899568688671783,0.01606555784086688,0.001529687078243752,-0.013567844005511032,0.1703862660944206,1.1194698157876681,0.16952789699570817,0.8291845493562232,7.413304721030043
downside_pct,full,all,4,2331,0.016066481994459744,0.019744680851063772,0.0252459865354737,0.0029187318170747043,-0.01985531922545747,0.2132132132132132,1.1612908535607698,0.20763620763620763,0.7859287859287859,9.126126126126126
downside_pct,full,all,5,2331,0.025249337204898373,0.034920983318700666,0.1982018385695524,0.005786926853053793,-0.032082022424220424,0.26083226083226085,1.1821867781272848,0.2574002574002574,0.737022737022737,17.45002145002145
downside_pct,full,small,1,1471,3.7241173840918857e-06,0.0023105063859830154,0.004406714994277106,-9.228299958452875e-05,-0.0032355593082398215,0.07002039428959891,0.9711210603696184,0.06934058463630184,0.9299796057104011,3.258327668252889
downside_pct,full,small,2,1471,0.004414172123479861,0.006434205064341902,0.008683068017366055,-0.0010344701881732387,-0.007280092541289029,0.11352821210061183,0.8720074835390577,0.11352821210061183,0.8864717878993882,4.583276682528892
downside_pct,full,small,3,1471,0.008685877784590172,0.010944215516859404,0.013507192141270039,0.00193954196565361,-0.011567826272082748,0.1876274643099932,1.1763067995316998,0.18558803535010196,0.8123725356900068,5.937457511896669
downside_pct,full,small,4,1471,0.013508442776735437,0.01652341434499124,0.02007577899677663,0.0022542455218488113,-0.016782315454654917,0.21753908905506458,1.1527530748387302,0.21549966009517335,0.7811012916383413,6.647858599592114
downside_pct,full,small,5,1471,0.020091455730385774,0.026151930261519303,0.10398661834402,0.003704608392193492,-0.023966171905171807,0.3079537729435758,1.1681446704346319,0.3025152957171992,0.6893269884432359,8.16519374575119
downside_pct,full,large,1,860,4.079967360257407e-05,0.00355968860983693,0.006650430872986212,-0.00022764373589705426,-0.004504777544463212,0.04883720930232558,0.9511127570926821,0.046511627906976744,0.9511627906976744,5.9872093023255815
downside_pct,full,large,2,860,0.006672244749093591,0.010106143137391537,0.013985485334139661,0.0026219935187869964,-0.010823787920202388,0.1,1.2387466500705602,0.1,0.9,9.987209302325581
downside_pct,full,large,3,859,0.013987931980252277,0.01787487586891747,0.022399256175644026,0.0015540474094004658,-0.018523121229966577,0.1362048894062864,1.0883481320610773,0.13154831199068684,0.8637951105937136,11.40745052386496
downside_pct,full,large,4,860,0.022409684384824487,0.028588919099376445,0.036308505675633665,0.003133553475048308,-0.028525277439979402,0.1755813953488372,1.1172904400158672,0.17325581395348838,0.8232558139534883,18.298837209302327
downside_pct,full,large,5,860,0.0363119502252736,0.04660452729693737,0.1982018385695524,0.009345677942857402,-0.04460193227356335,0.24651162790697675,1.2216446784243526,0.24186046511627907,0.7523255813953489,24.669767441860465
downside_pct,discovery,all,1,1219,3.7241173840918857e-06,0.0029046738843411524,0.005485961123110196,-0.000960769467947872,-0.0037238458725830093,0.06070549630844955,0.7860606458730492,0.06070549630844955,0.9392945036915504,3.177194421657096
downside_pct,discovery,all,2,1219,0.005487295717523541,0.00785645004849649,0.010644460535843584,0.0001927864238100577,-0.008691269953804648,0.1214109926168991,1.0218710958346613,0.1214109926168991,0.8785890073831009,5.773584905660377
downside_pct,discovery,all,3,1218,0.010649791634511682,0.013596023222037703,0.01674223927450298,0.0019475594210336886,-0.014347182317482776,0.17077175697865354,1.1484377401012,0.17077175697865354,0.8292282430213465,7.533661740558292
downside_pct,discovery,all,4,1219,0.016746411483253655,0.020696406097049418,0.02625749635312558,0.005073566829147318,-0.020535939236039025,0.21985233798195242,1.283608898209764,0.21985233798195242,0.7793273174733388,9.466776045939294
downside_pct,discovery,all,5,1219,0.026262283971535145,0.0362728062554301,0.11756978653530373,0.008049098312054102,-0.03352039643617011,0.26989335520918784,1.2556597146344732,0.26989335520918784,0.7292863002461034,18.233798195242002
downside_pct,discovery,small,1,748,3.7241173840918857e-06,0.002428754264737574,0.0047019775964597344,0.0003425321745870268,-0.0033205535895344807,0.06818181818181818,1.1019989241354187,0.06818181818181818,0.9318181818181818,2.983957219251337
downside_pct,discovery,small,2,747,0.004704929270268558,0.0068328199383926,0.00907590759075903,-0.0002200643705843139,-0.007612726059134878,0.13119143239625167,0.9739918604751859,0.13119143239625167,0.8688085676037484,4.601070950468541
downside_pct,discovery,small,3,747,0.009084191767722882,0.01135326913329959,0.014129032258064502,0.0022154692557026763,-0.011954695923295344,0.18875502008032127,1.1971184726521662,0.18875502008032127,0.8112449799196787,6.208835341365462
downside_pct,discovery,small,4,747,0.014137295673343755,0.01706104252400544,0.020887494397131317,0.0016503642622995827,-0.017353286545088942,0.21552878179384202,1.1094936728114793,0.21552878179384202,0.784471218206158,6.211512717536814
downside_pct,discovery,small,5,748,0.020894582108357925,0.026831711317660014,0.10398661834402,0.005983317709673166,-0.02463955387116712,0.3155080213903743,1.2777934866826797,0.3155080213903743,0.6831550802139037,8.653743315508022
downside_pct,discovery,large,1,472,4.8697345994599004e-05,0.004160836475888815,0.007162508300920173,-0.0024565540000099483,-0.005119787141189824,0.03389830508474576,0.5296721400435573,0.03389830508474576,0.9661016949152542,4.387711864406779
downside_pct,discovery,large,2,471,0.007173601147776184,0.011012853808475042,0.014571499135589118,0.0013572934556234653,-0.01165755145172176,0.09766454352441614,1.1160470579573538,0.09766454352441614,0.9023354564755839,9.114649681528663
downside_pct,discovery,large,3,471,0.014600908500973371,0.01835853131749448,0.023161316537992697,0.004172572878257906,-0.018903597320351517,0.14012738853503184,1.235247622806363,0.14012738853503184,0.8598726114649682,12.566878980891719
downside_pct,discovery,large,4,471,0.023167894532764643,0.029179434797412303,0.036786877336871276,0.007956519709215381,-0.029266056099572224,0.19532908704883228,1.3063281337341033,0.19532908704883228,0.8046709129511678,17.475583864118896
downside_pct,discovery,large,5,472,0.036891679748822584,0.046530770897804996,0.11756978653530373,0.010137214504868356,-0.04456140907001477,0.2542372881355932,1.2488801213895875,0.2542372881355932,0.7436440677966102,25.25423728813559
downside_pct,validation,all,1,1112,2.4710475594264467e-05,0.0024552227874304693,0.004591836734693878,0.0003626371934650585,-0.003387332748339078,0.07464028776978417,1.108334239122376,0.07194244604316546,0.9253597122302158,4.911870503597123
downside_pct,validation,all,2,1112,0.0045935412026725814,0.006930813706530633,0.009383082934346004,0.00010959492050632976,-0.0077026024236586665,0.10611510791366907,1.0135581133883782,0.10611510791366907,0.8938848920863309,6.283273381294964
downside_pct,validation,all,3,1112,0.009389067524115807,0.012218834515090279,0.01531531531531527,0.0012117797707821057,-0.012751086547667767,0.164568345323741,1.0983017326898876,0.1618705035971223,0.8345323741007195,7.115107913669065
downside_pct,validation,all,4,1112,0.015319662243667192,0.018825195741132388,0.023907177549919084,0.0011940215515515945,-0.01916626353931522,0.2131294964028777,1.0653028359560806,0.20323741007194246,0.7859712230215827,8.66996402877698
downside_pct,validation,all,5,1112,0.02391251122174167,0.033753531764647876,0.1982018385695524,0.0031065062274185664,-0.03077831732658093,0.25089928057553956,1.097170606122524,0.24190647482014388,0.7455035971223022,16.81025179856115
downside_pct,validation,small,1,724,2.4710475594264467e-05,0.002150700805650635,0.004033071183706475,-0.00041628073769340543,-0.0031117480067496817,0.07734806629834254,0.8614483262642579,0.07596685082872928,0.9226519337016574,3.718232044198895
downside_pct,validation,small,2,723,0.004034229828850835,0.006167509559639818,0.008223684210526357,-0.0012628441258139118,-0.007039295614469698,0.09681881051175657,0.8319561580097593,0.09681881051175657,0.9031811894882434,4.441217150760719
downside_pct,validation,small,3,724,0.008224773680724272,0.010578908352508949,0.012954333643988823,0.0013770608318774812,-0.011182267251876876,0.17955801104972377,1.1258734320990014,0.17541436464088397,0.8204419889502762,5.737569060773481
downside_pct,validation,small,4,723,0.012955465587044489,0.015923566878980916,0.01946757358977362,0.00250683823026541,-0.016195533979391552,0.22268326417704012,1.1730956296956458,0.21853388658367912,0.7759336099585062,6.9529737206085755
downside_pct,validation,small,5,724,0.019468429573664413,0.025208523882980935,0.09191201353637911,0.0012582163088197208,-0.023360145589229164,0.2969613259668508,1.0559167490085517,0.28591160220994477,0.6975138121546961,7.672651933701657
downside_pct,validation,large,1,389,4.079967360257407e-05,0.003164897625250344,0.0058445353594388,0.0015447844366165255,-0.00410054209871058,0.061696658097686374,1.3762905670218788,0.056555269922879174,0.9383033419023136,7.580976863753214
downside_pct,validation,large,2,388,0.005844698023935519,0.009197853537621287,0.013116801998750883,0.0064256700049545035,-0.009900465084405452,0.11855670103092783,1.644152825829319,0.11855670103092783,0.8814432989690721,11.507731958762887
downside_pct,validation,large,3,388,0.013120567375886561,0.01711532469761187,0.021645421516103127,-0.002276648907368272,-0.017842108075166396,0.11855670103092783,0.8690698246404684,0.11082474226804123,0.8814432989690721,10.8840206185567
downside_pct,validation,large,4,388,0.021653184112888524,0.027612656815887343,0.03529577862487646,-0.0035668890348250436,-0.028053228056908575,0.15463917525773196,0.8714881800942036,0.14690721649484537,0.8427835051546392,17.487113402061855
downside_pct,validation,large,5,389,0.03532471891256929,0.04664380205781471,0.1982018385695524,0.008539996366509907,-0.04459995269178074,0.2365038560411311,1.1951057910455136,0.2262210796915167,0.7634961439588689,24.76606683804627
upside_pct,full,all,1,2331,0.0014649451738802499,0.04282974643085447,0.06066395987580599,0.0006635994316602148,-0.0054946892575927775,0.2217932217932218,1.0861359217672466,0.22007722007722008,0.7782067782067782,6.36979836979837
upside_pct,full,all,2,2331,0.06068284875966921,0.07553752535496959,0.08863512778684061,0.001222934580467399,-0.01016922147529975,0.18361218361218362,1.0949583232496347,0.1831831831831832,0.8163878163878164,6.346632346632346
upside_pct,full,all,3,2330,0.08864714732091189,0.1012642458306186,0.11392122587123887,0.002180198405974072,-0.012289390369938424,0.1686695278969957,1.1450049679518712,0.16394849785407725,0.828755364806867,7.286695278969957
upside_pct,full,all,4,2331,0.11393479231799906,0.12870571221981195,0.1627735068007097,0.0015503921099238524,-0.011252397481786414,0.12483912483912483,1.1044726370356202,0.12312312312312312,0.8747318747318747,8.687687687687689
upside_pct,full,all,5,2331,0.1627977545137309,0.2259097784500399,0.3240790176187932,0.004717269790123859,-0.01869359755411859,0.12784212784212784,1.1926285919516497,0.12483912483912483,0.8717288717288717,15.305877305877306
upside_pct,full,small,1,1471,0.0014649451738802499,0.03669724770642202,0.0506815448349593,0.0009377793054114175,-0.004692205678052286,0.2467709041468389,1.1335332639068747,0.2460910944935418,0.7532290958531611,5.912984364377974
upside_pct,full,small,2,1471,0.050767754318617964,0.062017386236705406,0.072276775519525,0.0004750568196318025,-0.008614641790640754,0.18354860639021073,1.0431311838785544,0.18150917743031952,0.8164513936097892,5.258327668252889
upside_pct,full,small,3,1471,0.07228053435114495,0.08251208335948786,0.09238461251445838,0.0019272051816932286,-0.011160870760662411,0.18694765465669613,1.138816697032798,0.18694765465669613,0.8123725356900068,5.817131203263086
upside_pct,full,small,4,1471,0.09239233542022382,0.10152644657436988,0.11091549295774648,0.0022085979164645857,-0.012288443008744987,0.17063222297756628,1.146521730986202,0.16655336505778381,0.8266485384092455,6.582596872875595
upside_pct,full,small,5,1471,0.11092600305428287,0.12287990406030506,0.14985693848354784,0.0012230034687371113,-0.009686708695652024,0.10876954452753229,1.1012856913410585,0.1053704962610469,0.8905506458191706,5.02107409925221
upside_pct,full,large,1,860,0.0015861729475468579,0.0824510622071144,0.11133069828721986,8.518395613598167e-05,-0.008902410800526228,0.15813953488372093,1.0070906558929689,0.1558139534883721,0.8406976744186047,11.709302325581396
upside_pct,full,large,2,860,0.11136902659332908,0.1311418843108899,0.15149422400803614,0.0042930038041357746,-0.014119791683780192,0.16744186046511628,1.2434909987047889,0.16511627906976745,0.8325581395348837,13.497674418604651
upside_pct,full,large,3,859,0.15150943396226418,0.17233577192850136,0.19569823593180252,0.0013528349918491111,-0.01640930264952767,0.13154831199068684,1.063115265332855,0.13038416763678695,0.8684516880093132,14.176949941792783
upside_pct,full,large,4,860,0.1957730812013348,0.21935041396309807,0.24122664938991473,0.005391563458073463,-0.021484328782050754,0.1511627906976744,1.1911930052776234,0.15,0.8488372093023255,17.377906976744185
upside_pct,full,large,5,860,0.24128367670364503,0.26861594407080513,0.3240790176187932,0.0053048084320744026,-0.018584290356849942,0.09883720930232558,1.232299026873081,0.09186046511627907,0.9,13.591860465116278
upside_pct,discovery,all,1,1219,0.0015861729475468579,0.044530154277699845,0.06254258073306995,0.00044010358203825555,-0.006145446651949826,0.21903199343724364,1.052113526263904,0.21903199343724364,0.7809680065627563,5.895816242821986
upside_pct,discovery,all,2,1219,0.06255124751083506,0.07723730335776564,0.0904693140794224,0.0015524279063515603,-0.010401490801254742,0.18703855619360132,1.1173850767841462,0.18703855619360132,0.8121410992616899,6.050861361771944
upside_pct,discovery,all,3,1218,0.0905022613663413,0.10284691584117221,0.11568322981366447,0.003318627510264227,-0.013046855443197503,0.17077175697865354,1.2224775791661466,0.17077175697865354,0.8292282430213465,7.488505747126437
upside_pct,discovery,all,4,1219,0.11572226656025547,0.13164687661331953,0.17192331478045772,0.002259272165086999,-0.012041079048534131,0.13125512715340443,1.1462851889439232,0.13125512715340443,0.8687448728465955,9.263330598851518
upside_pct,discovery,all,5,1219,0.1720421648835746,0.23092312089168326,0.321853878339234,0.006732935102583679,-0.018271842234432345,0.13453650533223954,1.2832635555988,0.13453650533223954,0.8646431501230517,15.486464315012306
upside_pct,discovery,small,1,748,0.0016949152542373004,0.038306584605427754,0.05178906330758901,0.000586324321848131,-0.0055131147900271404,0.24331550802139038,1.0764440744680661,0.24331550802139038,0.7566844919786097,5.342245989304812
upside_pct,discovery,small,2,747,0.05179438522074009,0.06345216722236474,0.07350383631713557,-0.00019969322794903766,-0.009465301952284566,0.18607764390896922,0.983382218986093,0.18607764390896922,0.8139223560910308,5.350736278447122
upside_pct,discovery,small,3,747,0.07350827481417616,0.08354584554485589,0.09338747099768,0.003213425249558135,-0.011243020169014017,0.1994645247657296,1.2344269985688099,0.1994645247657296,0.7991967871485943,5.949129852744311
upside_pct,discovery,small,4,747,0.09340703679793418,0.1025255239118754,0.1116423965804535,0.004348475848948398,-0.012288443008744987,0.18206157965194109,1.2997742136410744,0.18206157965194109,0.8179384203480589,6.955823293172691
upside_pct,discovery,small,5,748,0.11165048543689331,0.12305982788120337,0.149282419272168,0.002028055340239276,-0.009888316863329194,0.10828877005347594,1.1722000632144438,0.10828877005347594,0.8917112299465241,5.06283422459893
upside_pct,discovery,large,1,472,0.0015861729475468579,0.08381152712972942,0.11043023930852096,-0.00018989691331267186,-0.00946779991972685,0.1419491525423729,0.9844841687434522,0.1419491525423729,0.8580508474576272,9.690677966101696
upside_pct,discovery,large,2,471,0.11045246728677292,0.1312259264178509,0.15325309461601064,0.005188832694792567,-0.015588071314262764,0.18259023354564755,1.280107746498008,0.18259023354564755,0.8174097664543525,13.195329087048833
upside_pct,discovery,large,3,471,0.1532565371643818,0.17615012106537523,0.19968307627297682,0.002775083888818557,-0.017255873307807867,0.14012738853503184,1.1256728906542066,0.14012738853503184,0.8598726114649682,13.59447983014862
upside_pct,discovery,large,4,471,0.2,0.2220250768866808,0.2448453608247423,0.009601903852585233,-0.0203976417427868,0.16348195329087048,1.3570923078641062,0.16348195329087048,0.8365180467091295,17.738853503184714
upside_pct,discovery,large,5,472,0.2449096316632349,0.26881205598029584,0.321853878339234,0.00379976589454838,-0.018493079316630134,0.09322033898305085,1.175487982933756,0.09322033898305085,0.9046610169491526,14.591101694915254
upside_pct,validation,all,1,1112,0.0014649451738802499,0.04152401245831239,0.05838323353293422,0.0006663616083607249,-0.004952960811648421,0.22482014388489208,1.094046484061191,0.22122302158273383,0.7751798561151079,7.008093525179856
upside_pct,validation,all,2,1112,0.058392675483214744,0.07268572145109205,0.08730104747653367,0.0006060419935265757,-0.009883673913934798,0.17176258992805754,1.050013307338545,0.17086330935251798,0.8282374100719424,6.495503597122302
upside_pct,validation,all,3,1112,0.0873076923076923,0.09931646500529577,0.11227336122733608,0.0010191648056534308,-0.011335248112502638,0.16996402877697842,1.066099583119582,0.1618705035971223,0.8255395683453237,7.02068345323741
upside_pct,validation,all,4,1112,0.11227974320448045,0.12673788843121406,0.15514905149051497,0.0014206601034038415,-0.010671881680082151,0.12320143884892086,1.0998853527202082,0.11870503597122302,0.8758992805755396,8.317446043165468
upside_pct,validation,all,5,1112,0.15517391430477798,0.21833948513611218,0.3240790176187932,0.002272311152779082,-0.01875343856113587,0.1196043165467626,1.0902883482488752,0.11241007194244604,0.8803956834532374,14.948741007194245
upside_pct,validation,small,1,724,0.0014649451738802499,0.0350256959889423,0.04952497840810938,0.001277908865147165,-0.004057597935274659,0.24861878453038674,1.2023166060196915,0.2472375690607735,0.7513812154696132,6.2997237569060776
upside_pct,validation,small,2,723,0.049576271186440646,0.0605833333333333,0.07080314960629927,0.0010194557639722993,-0.008003944018792786,0.17842323651452283,1.1024391692102071,0.17427385892116182,0.8215767634854771,4.947441217150761
upside_pct,validation,small,3,724,0.07081712062256805,0.08152244536964458,0.09096434359805515,7.231164374811606e-05,-0.011295104410407208,0.1712707182320442,1.0050878671288601,0.1712707182320442,0.8287292817679558,6.263812154696133
upside_pct,validation,small,4,723,0.0909803921568628,0.10045502275113759,0.11006625347296428,0.000679758541949834,-0.011914115282796733,0.16597510373443983,1.0434808438120105,0.15767634854771784,0.8284923928077456,6.055325034578146
upside_pct,validation,small,5,724,0.11007462686567165,0.1226618849372185,0.14985693848354784,0.00041418444982223263,-0.009633414470525292,0.10911602209944751,1.0335801853726603,0.10220994475138122,0.8895027624309392,4.955801104972376
upside_pct,validation,large,1,389,0.0031735609542570178,0.07996412824153643,0.11299183370452859,0.0007183436152484449,-0.007931852902075098,0.17737789203084833,1.0629057840152416,0.17223650385604114,0.8200514138817481,14.313624678663238
upside_pct,validation,large,2,388,0.1130016428068528,0.1311418843108899,0.14970845481049563,0.002386617134916371,-0.013396726191770958,0.14690721649484537,1.1401638815274124,0.14175257731958762,0.8530927835051546,13.283505154639176
upside_pct,validation,large,3,388,0.14976382328424565,0.16863330488985853,0.19062901155327347,0.0018977502883670005,-0.015422094878643211,0.13402061855670103,1.0910655778172595,0.13144329896907217,0.865979381443299,15.981958762886597
upside_pct,validation,large,4,388,0.19079401611047178,0.2145739914628012,0.2376137512639029,-0.003197948770805162,-0.021484328782050754,0.1211340206185567,0.8927131205181168,0.11855670103092783,0.8788659793814433,16.554123711340207
upside_pct,validation,large,5,389,0.23768449300364178,0.26799460835704647,0.3240790176187932,0.008863446964715506,-0.018760921023821875,0.11053984575835475,1.3703265332935348,0.09511568123393316,0.8894601542416453,12.107969151670952
box_width_pct,full,all,1,2331,0.002077183776101429,0.052354181307097625,0.07192374350086665,0.0004605261018936313,-0.005075113338701032,0.19519519519519518,1.0692685859207018,0.19390819390819392,0.8048048048048048,5.981123981123981
box_width_pct,full,all,2,2331,0.07197305442297469,0.08849800289689679,0.10400061905130387,0.0004511972142492496,-0.009993964469453442,0.16816816816816818,1.038609270830304,0.16731016731016732,0.8318318318318318,6.024453024453025
box_width_pct,full,all,3,2330,0.10401534256504733,0.11753293108337248,0.13135861535214233,0.001697489909396146,-0.011914774533581307,0.1682403433476395,1.116993087929683,0.1648068669527897,0.8304721030042919,6.848068669527897
box_width_pct,full,all,4,2331,0.1313608656941306,0.14342453662842014,0.18581038202817615,0.003195258319054978,-0.013873845948748076,0.1583011583011583,1.198002131986544,0.1552981552981553,0.83998283998284,9.186615186615187
box_width_pct,full,all,5,2331,0.1858578520401985,0.2563283652708777,0.32449851269926006,0.004529715691403279,-0.02078763956730756,0.13685113685113684,1.174451317838925,0.13384813384813385,0.8627198627198627,15.956241956241957
box_width_pct,full,small,1,1471,0.002077183776101429,0.04591609015844687,0.060248940677966066,0.0002915460687624063,-0.004451190403070848,0.20462270564242013,1.0489069927968313,0.20394289598912305,0.7953772943575799,5.522773623385452
box_width_pct,full,small,2,1471,0.0602489995553578,0.07330020329794437,0.08583010222065571,7.750057533023372e-05,-0.008472133918296598,0.1760707002039429,1.0075924782919223,0.17471108089734874,0.8239292997960571,5.073419442556085
box_width_pct,full,small,3,1471,0.08583838152931754,0.0972065895835465,0.10756972111553788,0.0016583975908413355,-0.01043623903848856,0.17539089055064583,1.1361376881951695,0.17471108089734874,0.8246091094493542,5.656016315431679
box_width_pct,full,small,4,1471,0.10757417102966858,0.11799816345270892,0.1291933131381129,0.0019411402723848393,-0.012027629515126037,0.17675050985723997,1.1290526497853497,0.1733514615907546,0.8218898708361658,5.991162474507138
box_width_pct,full,small,5,1471,0.12920780969479354,0.1391207112856597,0.1502145922746781,0.0028030581846193304,-0.013831788772225573,0.16383412644459552,1.1788070822469956,0.15975526852481306,0.8334466349422162,6.3487423521414
box_width_pct,full,large,1,860,0.002078433517475225,0.09417605926193721,0.12679727570839988,0.00015103843856081466,-0.008147164240805305,0.14534883720930233,1.014244998435412,0.14186046511627906,0.8534883720930233,11.132558139534884
box_width_pct,full,large,2,860,0.12679779609094594,0.14873070573954522,0.17257075805701097,0.004325924593788143,-0.013101828044339847,0.15232558139534882,1.283971777319406,0.1511627906976744,0.8476744186046512,11.733720930232558
box_width_pct,full,large,3,859,0.17262638717632559,0.19431073838824928,0.2220634920634922,0.003174683907573942,-0.016596676980056846,0.13969732246798602,1.1548253332598906,0.13853317811408614,0.860302677532014,15.138533178114086
box_width_pct,full,large,4,860,0.22207917605407151,0.24788960429850002,0.2759146341463415,0.0035281199628104764,-0.021429893209936046,0.14069767441860465,1.1364801032101297,0.13953488372093023,0.8593023255813953,15.966279069767442
box_width_pct,full,large,5,860,0.2759750901343821,0.2989829971747032,0.32449851269926006,0.00524974616850713,-0.023641684626175552,0.12906976744186047,1.1754518319845946,0.12209302325581395,0.8697674418604651,16.38372093023256
box_width_pct,discovery,all,1,1219,0.002077183776101429,0.053968820659288305,0.07410367663850188,0.0006041338994445888,-0.005649867532971253,0.19688269073010664,1.084106831038227,0.19688269073010664,0.8031173092698933,5.527481542247744
box_width_pct,discovery,all,2,1219,0.07416796671866872,0.09078459343794577,0.10651301967275749,-0.00015700217805090567,-0.010286148153157426,0.15914684167350288,0.9870524277185615,0.15914684167350288,0.8408531583264971,5.773584905660377
box_width_pct,discovery,all,3,1218,0.10651629072681709,0.11971689134661576,0.13347457627118642,0.00387639953167476,-0.011981065861018436,0.18308702791461412,1.2714139356164849,0.18308702791461412,0.8160919540229885,6.75944170771757
box_width_pct,discovery,all,4,1219,0.1334941004220136,0.14517233508331429,0.19383997321727484,0.0035410006597845246,-0.014946831412337547,0.15914684167350288,1.2129928740893976,0.15914684167350288,0.8408531583264971,9.789991796554553
box_width_pct,discovery,all,5,1219,0.19398637940634766,0.2632304842968041,0.32448061683444007,0.006439291918706707,-0.02111929377131716,0.1443806398687449,1.2516955631615054,0.1443806398687449,0.8547990155865464,16.333880229696472
box_width_pct,discovery,small,1,748,0.002077183776101429,0.04872648227039521,0.062162162162162214,0.0006568473764000547,-0.00507195654227921,0.21122994652406418,1.1020534312355714,0.21122994652406418,0.7887700534759359,5.098930481283422
box_width_pct,discovery,small,2,747,0.06220379146919436,0.07471712836519714,0.08664586897453959,-0.0010339100884848133,-0.00922874711696875,0.17001338688085676,0.9064594133257527,0.17001338688085676,0.8299866131191432,5.085676037483267
box_width_pct,discovery,small,3,747,0.08669596484218929,0.09993753903810111,0.10915224725214917,0.003913809250537385,-0.010284549845098412,0.1927710843373494,1.3322250485160025,0.1927710843373494,0.8072289156626506,5.64524765729585
box_width_pct,discovery,small,4,747,0.10916179337231972,0.11932857443467851,0.1303028517558332,0.002020100204814235,-0.012440139680620854,0.1753681392235609,1.1339682067751056,0.1753681392235609,0.8232931726907631,6.0120481927710845
box_width_pct,discovery,small,5,748,0.13038441852320784,0.1398001332478469,0.14991554054054057,0.004416449066779524,-0.014320072773194414,0.1697860962566845,1.2881759639800612,0.1697860962566845,0.8302139037433155,6.816844919786096
box_width_pct,discovery,large,1,472,0.002078433517475225,0.094434987634362,0.12629986764983928,-0.0009779325012128299,-0.008919145348257551,0.1271186440677966,0.910228494356354,0.1271186440677966,0.8728813559322034,9.313559322033898
box_width_pct,discovery,large,2,471,0.12643292244232343,0.1512654502648617,0.17631765540061456,0.00569160599913765,-0.014579879762588344,0.16985138004246284,1.3499618022103463,0.16985138004246284,0.8301486199575372,11.874734607218684
box_width_pct,discovery,large,3,471,0.1764940239043825,0.19785429141716568,0.2279348757497859,0.002329812159098756,-0.01735157384941255,0.13800424628450106,1.1104969438828947,0.13800424628450106,0.861995753715499,14.309978768577494
box_width_pct,discovery,large,4,471,0.22817937473475733,0.25187636570921884,0.2769578671744824,0.0049291731405441295,-0.02029677056429724,0.1464968152866242,1.1891778559359096,0.1464968152866242,0.8535031847133758,15.369426751592357
box_width_pct,discovery,large,5,472,0.27698499817050865,0.299826745570744,0.32448061683444007,0.009193252592030852,-0.022636968458166207,0.13983050847457626,1.339479018142873,0.13983050847457626,0.8580508474576272,17.9364406779661
box_width_pct,validation,all,1,1112,0.002241147467503343,0.05076174640726838,0.06849740128772021,0.0006235913344821492,-0.004585685765087777,0.19784172661870503,1.1032771394990037,0.19514388489208634,0.802158273381295,6.761690647482014
box_width_pct,validation,all,2,1112,0.06853206147323791,0.08658716505214878,0.10064752568743393,0.00029432363794664525,-0.009536184375086076,0.16906474820143885,1.0257581817085502,0.1672661870503597,0.8309352517985612,6.030575539568345
box_width_pct,validation,all,3,1112,0.10065375601332197,0.11455062563572352,0.12899170228815696,0.0010604215848864515,-0.011215844002448516,0.16546762589928057,1.073517190304535,0.1591726618705036,0.8327338129496403,6.991906474820144
box_width_pct,validation,all,4,1112,0.12900834105653383,0.14171451404371416,0.17645878357517744,0.0014765122209140617,-0.013228625384179071,0.14568345323741008,1.0942597047961427,0.1393884892086331,0.8507194244604317,8.326438848920864
box_width_pct,validation,all,5,1112,0.17656129529683878,0.2458723443369738,0.32449851269926006,0.0025296908854943482,-0.020556160430114934,0.13129496402877697,1.0956080090235822,0.12410071942446044,0.8687050359712231,15.679856115107913
box_width_pct,validation,small,1,724,0.002241147467503343,0.04281654913219254,0.05915424101686634,0.00030432658531551546,-0.004050378216827133,0.2058011049723757,1.0563437974019962,0.20441988950276244,0.7941988950276243,5.997237569060774
box_width_pct,validation,small,2,723,0.0591584941474217,0.07084919025528486,0.08515221951357776,0.0009196247951337189,-0.008061961421934716,0.17427385892116182,1.0987899237133747,0.1715076071922545,0.8257261410788381,4.995850622406639
box_width_pct,validation,small,3,724,0.08515467929178283,0.09527253045611608,0.10569105691056908,0.00019555738753320056,-0.010447611694415326,0.1685082872928177,1.015387277143926,0.1671270718232044,0.8314917127071824,5.716850828729282
box_width_pct,validation,small,4,723,0.10569105691056918,0.11604869045115772,0.12789596072689685,0.00048235967614408535,-0.011907508753765117,0.1632088520055325,1.0317238368055566,0.15767634854771784,0.8354080221300139,5.944674965421854
box_width_pct,validation,small,5,724,0.12794516755523302,0.13855275394228206,0.1502145922746781,0.0015613402820674846,-0.013267049753668159,0.16160220994475138,1.0986762091559104,0.15193370165745856,0.8328729281767956,5.867403314917127
box_width_pct,validation,large,1,389,0.003720726636025426,0.09336402673867814,0.1275238449151493,0.0007996792605518733,-0.007098999006105333,0.16709511568123395,1.0782796803431722,0.15938303341902313,0.8303341902313625,13.246786632390746
box_width_pct,validation,large,2,388,0.12761355443403016,0.14701445626628906,0.16986133768352363,0.0018032911383910797,-0.01220722143236086,0.12371134020618557,1.1246190689581976,0.1211340206185567,0.8762886597938144,12.25
box_width_pct,validation,large,3,388,0.17003567181926274,0.19071063790709855,0.2130205840114887,0.004993269032563625,-0.015422094878643211,0.14690721649484537,1.2526418821028225,0.14432989690721648,0.8530927835051546,15.778350515463918
box_width_pct,validation,large,4,388,0.21306427307868708,0.2423096610959291,0.2744956772334294,0.001669355207103149,-0.021521116531097118,0.13144329896907217,1.0667823855322716,0.12886597938144329,0.8685567010309279,16.38144329896907
box_width_pct,validation,large,5,389,0.2752551292536357,0.2974283305227657,0.32449851269926006,0.001421585022432898,-0.02559052538461526,0.12082262210796915,1.042361133090567,0.10539845758354756,0.8791773778920309,14.580976863753213
box_age_sessions,full,all,1,2678,0.0,1.0,3.0,0.006911475652160631,-0.01108472275823219,0.21097834204630322,1.463913078760696,0.20761762509335324,0.7875280059746079,8.277072442120986
box_age_sessions,full,all,2,2085,4.0,6.0,8.0,0.0006133718501059504,-0.011133149665071618,0.15587529976019185,1.0418366000010946,0.1539568345323741,0.8441247002398081,6.631175059952039
box_age_sessions,full,all,3,2381,9.0,12.0,17.0,2.883196271558578e-05,-0.010736055701592528,0.1524569508609828,1.001903830494153,0.15035699286014279,0.8475430491390172,7.645107097858043
box_age_sessions,full,all,4,2244,18.0,24.0,34.0,-5.90391608145517e-05,-0.010862159366319568,0.15240641711229946,0.9963402680875948,0.15151515151515152,0.8467023172905526,9.021836007130124
box_age_sessions,full,all,5,2266,35.0,54.0,293.0,0.0019255586173368231,-0.008713141003298008,0.14651368049426303,1.1365146353891213,0.1434245366284201,0.852603706972639,12.40467784642542
box_age_sessions,full,small,1,1630,0.0,1.0,2.0,0.004235391588666251,-0.010125992402420902,0.2214723926380368,1.3379740990937188,0.21901840490797547,0.7766871165644171,5.973006134969325
box_age_sessions,full,small,2,1367,3.0,4.0,6.0,0.001393460814070252,-0.00958012024539856,0.17849305047549377,1.1168747094770501,0.17483540599853695,0.8207754206291149,4.801755669348939
box_age_sessions,full,small,3,1471,7.0,10.0,13.0,-0.0005260041552327616,-0.009234333131303285,0.15975526852481306,0.9590454600001445,0.15771583956492183,0.840244731475187,5.056424201223657
box_age_sessions,full,small,4,1468,14.0,19.0,26.0,0.001070528410435341,-0.008282815680995759,0.16893732970027248,1.0936724143151966,0.167574931880109,0.829700272479564,5.598092643051771
box_age_sessions,full,small,5,1419,27.0,41.0,293.0,0.000250002525235587,-0.0069664750426620126,0.16279069767441862,1.024474528308991,0.16208597603946442,0.8372093023255814,7.1198026779422126
box_age_sessions,full,large,1,920,0.0,2.0,5.0,0.011147554702255546,-0.016846995932046083,0.1815217391304348,1.4964241096875344,0.18043478260869567,0.8184782608695652,14.610869565217392
box_age_sessions,full,large,2,855,6.0,9.0,13.0,0.00031639461750631914,-0.01632454702433539,0.12514619883040937,1.0153996861453667,0.1239766081871345,0.8748538011695907,11.781286549707602
box_age_sessions,full,large,3,823,14.0,19.0,25.0,-0.0016473964339165249,-0.01716104436694743,0.1166464155528554,0.9232763392173965,0.11421628189550426,0.8833535844471446,12.136087484811664
box_age_sessions,full,large,4,849,26.0,35.0,47.0,0.001075961040526597,-0.013977161250379955,0.13191990577149587,1.0552837879569166,0.12603062426383982,0.866902237926973,13.14605418138987
box_age_sessions,full,large,5,852,48.0,73.0,251.0,0.004744430956599149,-0.011275264293134024,0.14788732394366197,1.2628846839486363,0.1443661971830986,0.8509389671361502,18.57511737089202
box_age_sessions,discovery,all,1,1463,0.0,1.0,3.0,0.006490448207569477,-0.011579177760967951,0.20710868079289133,1.4264173693079545,0.20710868079289133,0.7922077922077922,9.11825017088175
box_age_sessions,discovery,all,2,1173,4.0,6.0,8.0,-0.0007262691908733606,-0.012071870275737528,0.1474850809889173,0.9532040032853044,0.1474850809889173,0.8525149190110827,6.505541346973572
box_age_sessions,discovery,all,3,1068,9.0,11.5,15.0,0.002544677714284758,-0.010761535985855664,0.17322097378277154,1.1755521638657538,0.17322097378277154,0.8267790262172284,7.411985018726591
box_age_sessions,discovery,all,4,1175,16.0,21.0,29.0,0.003037973248840229,-0.011296253056088057,0.1625531914893617,1.1939662195662193,0.1625531914893617,0.8374468085106384,9.05191489361702
box_age_sessions,discovery,all,5,1215,30.0,46.0,231.0,0.0020588794387789992,-0.01002050153698364,0.1440329218106996,1.1387552993978822,0.1440329218106996,0.8551440329218107,11.795061728395062
box_age_sessions,discovery,small,1,847,0.0,1.0,2.0,0.003030403061674954,-0.010483929588607555,0.20543093270365997,1.2365509840966167,0.20543093270365997,0.7933884297520661,6.12396694214876
box_age_sessions,discovery,small,2,735,3.0,4.0,6.0,0.0009372522722982306,-0.010081570454545163,0.17687074829931973,1.0752337212802843,0.17687074829931973,0.8231292517006803,4.965986394557823
box_age_sessions,discovery,small,3,711,7.0,9.0,12.0,0.0018333157592912038,-0.009234333131303285,0.1729957805907173,1.1587094174908394,0.1729957805907173,0.8270042194092827,5.381153305203938
box_age_sessions,discovery,small,4,712,13.0,17.0,23.0,0.003029195986203771,-0.008815769299871046,0.1952247191011236,1.2606310647692966,0.1952247191011236,0.8047752808988764,5.699438202247191
box_age_sessions,discovery,small,5,732,24.0,36.0,231.0,0.0010098612105694164,-0.007216772913387681,0.16530054644808742,1.0912276268943135,0.16530054644808742,0.8346994535519126,6.419398907103825
box_age_sessions,discovery,large,1,476,0.0,1.0,4.0,0.010952382828193457,-0.017409392982732808,0.19327731092436976,1.4921953822381218,0.19327731092436976,0.8067226890756303,15.665966386554622
box_age_sessions,discovery,large,2,492,5.0,8.0,11.0,0.000588949550007821,-0.016793853283400384,0.13008130081300814,1.027864874456126,0.13008130081300814,0.8699186991869918,10.416666666666666
box_age_sessions,discovery,large,3,456,12.0,16.0,21.0,0.0002960843983461135,-0.016253045619459394,0.1162280701754386,1.014608429698928,0.1162280701754386,0.8837719298245614,11.418859649122806
box_age_sessions,discovery,large,4,466,22.0,28.5,40.0,0.005944216550576927,-0.014542790340575484,0.15021459227467812,1.2997138425099892,0.15021459227467812,0.8497854077253219,14.315450643776824
box_age_sessions,discovery,large,5,467,41.0,62.0,210.0,0.0033602629155313297,-0.01295505888997428,0.13062098501070663,1.188796403774136,0.13062098501070663,0.867237687366167,17.074946466809422
box_age_sessions,validation,all,1,1215,0.0,1.0,3.0,0.0074184412088987885,-0.010405095865139824,0.21563786008230454,1.51127524187654,0.20823045267489712,0.7818930041152263,7.264197530864197
box_age_sessions,validation,all,2,1057,4.0,6.0,9.0,0.0013620211455175424,-0.010627303429705193,0.1608325449385052,1.0977683851032407,0.15704824976348156,0.8391674550614948,6.84957426679281
box_age_sessions,validation,all,3,1129,10.0,14.0,19.0,-0.003425624600753904,-0.01024975231481462,0.12400354295837024,0.7830231124164282,0.1195748449955713,0.8759964570416298,8.105403011514614
box_age_sessions,validation,all,4,1054,20.0,27.0,39.0,-0.0032203367578797124,-0.010655688193771051,0.1442125237191651,0.800273699947296,0.13946869070208728,0.8538899430740038,8.519924098671726
box_age_sessions,validation,all,5,1105,40.0,61.0,293.0,0.0031343989171882447,-0.008034658156742869,0.1592760180995475,1.228951422411741,0.15565610859728507,0.8398190045248869,13.120361990950226
box_age_sessions,validation,small,1,783,0.0,1.0,2.0,0.005538872153623633,-0.009933898577235811,0.2388250319284802,1.4528990400276836,0.23371647509578544,0.7586206896551724,5.80970625798212
box_age_sessions,validation,small,2,741,3.0,5.0,7.0,0.0012366090670864814,-0.009205823482142717,0.17273954116059378,1.1073166906626923,0.1659919028340081,0.8259109311740891,4.57085020242915
box_age_sessions,validation,small,3,724,8.0,11.0,15.0,-0.0025955516811142897,-0.00901986265000887,0.1408839779005525,0.8102305287257598,0.13674033149171272,0.8591160220994475,5.019337016574585
box_age_sessions,validation,small,4,667,16.0,21.0,29.0,-0.0006496862086069912,-0.008040127624430848,0.15592203898050974,0.9433883513141702,0.15292353823088456,0.841079460269865,5.563718140929535
box_age_sessions,validation,small,5,703,30.0,48.0,293.0,-0.0006184679423009904,-0.0065434106006201365,0.15789473684210525,0.9343185875760303,0.15647226173541964,0.8421052631578947,7.621621621621622
box_age_sessions,validation,large,1,416,0.0,3.0,6.0,0.013333922006038322,-0.015932404678259626,0.17548076923076922,1.602291875954082,0.17067307692307693,0.8245192307692307,13.610576923076923
box_age_sessions,validation,large,2,374,7.0,11.0,16.0,-0.0006666640461774621,-0.01756165660852077,0.12032085561497326,0.9679627507197246,0.11497326203208556,0.8796791443850267,14.294117647058824
box_age_sessions,validation,large,3,379,17.0,23.0,31.0,-0.010609687013479802,-0.018350307325259108,0.09498680738786279,0.5632716946475853,0.09498680738786279,0.9050131926121372,12.49868073878628
box_age_sessions,validation,large,4,392,32.0,43.5,54.0,0.0033653385416434582,-0.011529617493420352,0.1326530612244898,1.1980909512475708,0.11989795918367346,0.8647959183673469,12.153061224489797
box_age_sessions,validation,large,5,381,55.0,85.0,251.0,0.00407644735252116,-0.009908510325729702,0.16272965879265092,1.2171917638684437,0.15485564304461943,0.8372703412073491,19.808398950131235
rr,full,all,1,4020,0.03217158176943824,3.1983861200266404,4.072717622080673,0.004211593594875827,-0.019147137600566133,0.32213930348258707,1.1967784522932192,0.31915422885572137,0.6748756218905473,11.122388059701493
rr,full,all,2,4019,4.0730769230769335,4.93735498839907,5.974358974358974,0.007375391600773728,-0.017934995066822168,0.2164717591440657,1.3690613106912843,0.21298830554864395,0.7827817865140583,12.811893505847225
rr,full,all,3,4020,5.974683544303775,7.362940630797773,9.370242214532912,0.000849724617738854,-0.013730914786106274,0.14925373134328357,1.0542662045060058,0.14701492537313432,0.8497512437810946,8.671641791044776
rr,full,all,4,4019,9.371221281741125,12.665048543689322,18.636363636363736,0.0009968842419274578,-0.0091471798933499,0.098283155013685,1.0873042004753433,0.09579497387409804,0.901716844986315,6.8979845732769345
rr,full,all,5,4020,18.639344262295086,34.99350649350707,23987.50000056723,0.00010423757426502503,-0.004004544934058385,0.039303482587064675,1.0210147886856424,0.03855721393034826,0.9606965174129353,3.665671641791045
rr,full,small,1,2542,0.03217158176943824,2.900368480725625,3.7624398073836165,0.003874675028927238,-0.017297066821403362,0.35051140833988986,1.2231908826285411,0.34736428009441384,0.6475216365066876,7.677025963808025
rr,full,small,2,2542,3.76282051282051,4.621697455030792,5.597826086956561,0.00229527966544693,-0.015571417276336819,0.22462627852084974,1.1536209301653773,0.22108575924468923,0.7730133752950433,7.1471282454760034
rr,full,small,3,2541,5.600000000000003,6.815384615384629,8.52542372881351,0.0013281041551047115,-0.012118343915434981,0.1637150728059819,1.1076107624468008,0.162534435261708,0.8351042896497441,5.859897678079497
rr,full,small,4,2542,8.525547445255627,11.252326926254316,16.511111111111024,0.0004144968599842208,-0.00838904609244373,0.11054287962234462,1.0442798460477347,0.10818253343823761,0.8894571203776553,4.549960660896931
rr,full,small,5,2542,16.52196836555377,30.61019736842089,23987.50000056723,-0.000702129040853738,-0.0035990026374188022,0.03815892997639654,0.8345337242937056,0.037372147915027534,0.9618410700236034,2.5145554681353266
rr,full,large,1,1478,0.15341488277268128,3.776751635768812,4.601542416452439,0.005612374987205517,-0.03327344443966734,0.2638700947225981,1.1680697771889177,0.26116373477672533,0.7341001353179973,21.6765899864682
rr,full,large,2,1478,4.60309278350514,5.470968104222829,6.70792079207922,0.016003363477408862,-0.02685873656514215,0.2090663058186739,1.5944760436161398,0.20433017591339647,0.7895805142083897,20.656968876860624
rr,full,large,3,1477,6.716152019002312,8.477477477477478,11.211538461538474,0.0006499740714358985,-0.019766465050240156,0.12796208530805686,1.0318082888923765,0.12457684495599188,0.8720379146919431,13.00880162491537
rr,full,large,4,1478,11.21587301587299,15.310199652777811,22.499999999987924,0.0017522341905887625,-0.012389666345713979,0.08254397834912043,1.134655554196385,0.08051420838971583,0.9174560216508796,9.34979702300406
rr,full,large,5,1478,22.500000000000114,43.54423344140908,2965.000000002697,0.00039801021632038133,-0.004833212698847067,0.035182679296346414,1.0690147011134197,0.03450608930987822,0.9648173207036536,4.999323410013532
rr,discovery,all,1,2076,0.03217158176943824,3.156163469557974,3.9841269841269984,0.00566736372217545,-0.020101373623964025,0.31695568400770713,1.2615989332872621,0.31695568400770713,0.6815992292870906,11.129576107899807
rr,discovery,all,2,2075,3.9844789356984434,4.822916666666665,5.867549668874207,0.006707260871975758,-0.018461019472741924,0.22843373493975905,1.3351681130288746,0.22843373493975905,0.7701204819277109,12.77301204819277
rr,discovery,all,3,2075,5.867924528301874,7.133986928104565,9.058394160584003,0.0010025817517023104,-0.014593334916559342,0.14746987951807228,1.0608650534426052,0.14746987951807228,0.8520481927710843,8.789397590361446
rr,discovery,all,4,2075,9.061320754717006,12.17241379310342,17.702702702702496,0.0014222104440577762,-0.009839697705005479,0.10216867469879518,1.118973112974785,0.10216867469879518,0.8978313253012048,7.280481927710843
rr,discovery,all,5,2076,17.7115384615386,33.123475609755126,23987.50000056723,-0.0006262357012482187,-0.004370274923245321,0.03564547206165703,0.8828754352774283,0.03564547206165703,0.964354527938343,3.271194605009634
rr,discovery,small,1,1290,0.03217158176943824,2.845771958537888,3.6622073578595167,0.004364052152750051,-0.018091615430616992,0.35038759689922483,1.243238000530251,0.35038759689922483,0.6496124031007752,8.06279069767442
rr,discovery,small,2,1289,3.6637931034482647,4.453333333333376,5.42105263157897,0.003564300307157663,-0.01617375379729724,0.23196276183087663,1.2363433894904736,0.23196276183087663,0.764934057408844,6.9922420480993015
rr,discovery,small,3,1290,5.423076923076946,6.628332231769116,8.312499999999982,0.0012050467563925853,-0.012906601719187505,0.16279069767441862,1.0928513686202939,0.16279069767441862,0.8372093023255814,6.131007751937984
rr,discovery,small,4,1288,8.313333333333333,10.841686746987964,15.884615384615053,0.0008710194341610052,-0.00891901317067495,0.1187888198757764,1.0896142010737966,0.1187888198757764,0.8812111801242236,4.701863354037267
rr,discovery,small,5,1290,15.888888888889053,29.128003003003435,23987.50000056723,-4.460249644660265e-05,-0.0037708080081509943,0.04186046511627907,0.9895709586594301,0.04186046511627907,0.958139534883721,2.5410852713178294
rr,discovery,large,1,786,0.832214765100669,3.738673758090176,4.519366197183091,0.008016626498031514,-0.033659521094779155,0.25572519083969464,1.2423157526580333,0.25572519083969464,0.7430025445292621,20.611959287531807
rr,discovery,large,2,786,4.520000000000003,5.410328617999766,6.532374100719453,0.010648191419765909,-0.0272344783516677,0.21246819338422393,1.3990192843139106,0.21246819338422393,0.7849872773536896,19.708651399491096
rr,discovery,large,3,786,6.53429602888087,8.211060606060606,10.586666666666662,0.002483794231000384,-0.020723224587056333,0.13231552162849872,1.1189224892819234,0.13231552162849872,0.8676844783715013,13.358778625954198
rr,discovery,large,4,786,10.622448979591791,14.334495853016513,20.45689655172419,0.002156131836501231,-0.013599600619413232,0.08524173027989822,1.1565592330846857,0.08524173027989822,0.9147582697201018,10.052162849872774
rr,discovery,large,5,786,20.482142857142772,39.1111111111117,2902.000000002639,-0.0022213656297095626,-0.005503887583308109,0.021628498727735368,0.6509460503227681,0.021628498727735368,0.9783715012722646,3.8104325699745547
rr,validation,all,1,1945,0.03554006968641046,3.2416107382550363,4.160875160875168,0.0018751890594962634,-0.018302520173200776,0.32339331619537276,1.088167991289132,0.3167095115681234,0.6724935732647815,11.087403598971722
rr,validation,all,2,1944,4.1610337972167235,5.040060534655096,6.091525423728778,0.00907075169229913,-0.016958507793697064,0.2103909465020576,1.4631492881922252,0.20267489711934156,0.7885802469135802,12.753086419753087
rr,validation,all,3,1944,6.092307692307706,7.595893295023897,9.747368421052753,0.0005705284965483163,-0.012849165748020974,0.14866255144032922,1.0383860611037923,0.14506172839506173,0.8503086419753086,8.704218106995885
rr,validation,all,4,1944,9.748466257668738,13.208894672382034,19.697674418604333,0.00043633860808020753,-0.008604404021743561,0.09619341563786009,1.0399514402812282,0.09053497942386832,0.9038065843621399,6.400720164609053
rr,validation,all,5,1944,19.700000000000173,37.59633950120689,4497.333333337426,0.0009059595299012802,-0.003663344518345657,0.0411522633744856,1.1960282743940822,0.040123456790123455,0.9588477366255144,4.1440329218107
rr,validation,small,1,1253,0.03554006968641046,2.9534883720930267,3.8749999999999725,0.003342717037816082,-0.016372514526871607,0.35195530726256985,1.2003096911987874,0.3455706304868316,0.6440542697525937,7.330407023144454
rr,validation,small,2,1252,3.8750000000000147,4.810463874762364,5.7785467128027355,0.0018288430456497994,-0.014871289956426559,0.22124600638977635,1.124680288157525,0.21405750798722045,0.7771565495207667,7.154153354632588
rr,validation,small,3,1252,5.779411764705895,7.061862745098052,8.810526315789453,0.00017873467523527918,-0.011554138689179372,0.152555910543131,1.0149606733362475,0.1501597444089457,0.8450479233226837,5.59185303514377
rr,validation,small,4,1252,8.811764705882258,11.751055697427953,17.12500000000042,0.00012034155229887874,-0.007721863471447377,0.1062300319488818,1.0134798323794034,0.10143769968051118,0.8937699680511182,4.455271565495208
rr,validation,small,5,1253,17.13953488372067,32.29411764705847,4497.333333337426,-0.0010916675103459332,-0.0033722516570963146,0.03671189146049481,0.7410169141752013,0.035115722266560255,0.9632881085395052,2.5163607342378294
rr,validation,large,1,692,0.15341488277268128,3.8456665018948777,4.665625000000007,0.0025869856914055678,-0.0323098712894096,0.27167630057803466,1.0770229818860646,0.2658959537572254,0.7254335260115607,22.767341040462426
rr,validation,large,2,692,4.666124719994223,5.56716345655105,6.934265734265763,0.02007503562569417,-0.026300264217313296,0.19508670520231214,1.7289408291542816,0.18352601156069365,0.8049132947976878,21.45086705202312
rr,validation,large,3,691,6.938144329896919,8.89203084832908,11.931034482758658,0.0010864289531966873,-0.018643581071136395,0.1345875542691751,1.0551719150082022,0.12735166425470332,0.8654124457308249,12.632416787264834
rr,validation,large,4,692,11.956756756756796,16.756658598713237,25.04191616766487,0.0009097252104287508,-0.01152252113929536,0.07947976878612717,1.0745357294056643,0.07658959537572255,0.9205202312138728,9.417630057803468
rr,validation,large,5,692,25.122448979591862,51.032299741601705,2965.000000002697,0.0035436820757523725,-0.004145665305378521,0.05057803468208093,1.6994706622271478,0.049132947976878616,0.9494219653179191,5.864161849710983
entry_fraction,full,all,1,4020,4.168664151474057e-05,0.027782790007618144,0.05091819699499165,0.00010423757426502503,-0.004004544934058385,0.039303482587064675,1.0210147886856424,0.03855721393034826,0.9606965174129353,3.665671641791045
entry_fraction,full,all,2,4019,0.05092592592592566,0.07317939609236233,0.09642065990439648,0.0009968842419274578,-0.0091471798933499,0.098283155013685,1.0873042004753433,0.09579497387409804,0.901716844986315,6.8979845732769345
entry_fraction,full,all,3,4020,0.09642976309642941,0.11957516513250392,0.1433756805807627,0.000849724617738854,-0.013730914786106274,0.14925373134328357,1.0542662045060058,0.14701492537313432,0.8497512437810946,8.671641791044776
entry_fraction,full,all,4,4019,0.1433823529411765,0.16842516608050026,0.19711902956785404,0.007375391600773728,-0.017934995066822168,0.2164717591440657,1.3690613106912843,0.21298830554864395,0.7827817865140583,12.811893505847225
entry_fraction,full,all,5,4020,0.19713299152453723,0.2381867655218502,0.9688311688311677,0.004211593594875827,-0.019147137600566133,0.32213930348258707,1.1967784522932192,0.31915422885572137,0.6748756218905473,11.122388059701493
entry_fraction,full,small,1,2542,4.168664151474057e-05,0.03163543286997045,0.057071213640922214,-0.000702129040853738,-0.0035990026374188022,0.03815892997639654,0.8345337242937056,0.037372147915027534,0.9618410700236034,2.5145554681353266
entry_fraction,full,small,2,2542,0.05710659898477186,0.08161715069779742,0.1049808429118757,0.0004144968599842208,-0.00838904609244373,0.11054287962234462,1.0442798460477347,0.10818253343823761,0.8894571203776553,4.549960660896931
entry_fraction,full,small,3,2541,0.10498220640569447,0.12795275590551158,0.15151515151515144,0.0013281041551047115,-0.012118343915434981,0.1637150728059819,1.1076107624468008,0.162534435261708,0.8351042896497441,5.859897678079497
entry_fraction,full,small,4,2542,0.1515650741350897,0.17788221585761005,0.20995962314939445,0.00229527966544693,-0.015571417276336819,0.22462627852084974,1.1536209301653773,0.22108575924468923,0.7730133752950433,7.1471282454760034
entry_fraction,full,small,5,2542,0.20997640714526508,0.25638613031245916,0.9688311688311677,0.003874675028927238,-0.017297066821403362,0.35051140833988986,1.2231908826285411,0.34736428009441384,0.6475216365066876,7.677025963808025
entry_fraction,full,large,1,1478,0.00033715441672255245,0.022449597477789976,0.0425531914893615,0.00039801021632038133,-0.004833212698847067,0.035182679296346414,1.0690147011134197,0.03450608930987822,0.9648173207036536,4.999323410013532
entry_fraction,full,large,2,1478,0.04255319148938357,0.06131133293050479,0.08186070686070702,0.0017522341905887625,-0.012389666345713979,0.08254397834912043,1.134655554196385,0.08051420838971583,0.9174560216508796,9.34979702300406
entry_fraction,full,large,3,1477,0.08188976377952747,0.10551330798479086,0.1295982761274445,0.0006499740714358985,-0.019766465050240156,0.12796208530805686,1.0318082888923765,0.12457684495599188,0.8720379146919431,13.00880162491537
entry_fraction,full,large,4,1478,0.12973667308927406,0.15453638414230175,0.17847286108555707,0.016003363477408862,-0.02685873656514215,0.2090663058186739,1.5944760436161398,0.20433017591339647,0.7895805142083897,20.656968876860624
entry_fraction,full,large,5,1478,0.17852225791647555,0.20934728792738433,0.8669907202828102,0.005612374987205517,-0.03327344443966734,0.2638700947225981,1.1680697771889177,0.26116373477672533,0.7341001353179973,21.6765899864682
entry_fraction,discovery,all,1,2076,4.168664151474057e-05,0.029305338454731714,0.05344295991777967,-0.0006262357012482187,-0.004370274923245321,0.03564547206165703,0.8828754352774283,0.03564547206165703,0.964354527938343,3.271194605009634
entry_fraction,discovery,all,2,2075,0.05346820809248614,0.07591623036649232,0.09939052977027636,0.0014222104440577762,-0.009839697705005479,0.10216867469879518,1.118973112974785,0.10216867469879518,0.8978313253012048,7.280481927710843
entry_fraction,discovery,all,3,2075,0.09941944847605164,0.1229409401366012,0.1456043956043959,0.0010025817517023104,-0.014593334916559342,0.14746987951807228,1.0608650534426052,0.14746987951807228,0.8520481927710843,8.789397590361446
entry_fraction,discovery,all,4,2075,0.14561234329797418,0.1717352415026834,0.20062277580071194,0.006707260871975758,-0.018461019472741924,0.22843373493975905,1.3351681130288746,0.22843373493975905,0.7701204819277109,12.77301204819277
entry_fraction,discovery,all,5,2076,0.20063694267515866,0.24060651358977428,0.9688311688311677,0.00566736372217545,-0.020101373623964025,0.31695568400770713,1.2615989332872621,0.31695568400770713,0.6815992292870906,11.129576107899807
entry_fraction,discovery,small,1,1290,4.168664151474057e-05,0.03319171637274897,0.0592105263157889,-4.460249644660265e-05,-0.0037708080081509943,0.04186046511627907,0.9895709586594301,0.04186046511627907,0.958139534883721,2.5410852713178294
entry_fraction,discovery,small,2,1290,0.05922551252847496,0.08447437033502614,0.10738255033557068,0.0008594115668375632,-0.008912670951863544,0.1186046511627907,1.0884637287050258,0.1186046511627907,0.8813953488372093,4.717054263565892
entry_fraction,discovery,small,3,1288,0.10738507912584663,0.1311264697205951,0.15568862275449047,0.001217191324320926,-0.012921919674003413,0.16304347826086957,1.0937157955485222,0.16304347826086957,0.8369565217391305,6.118012422360248
entry_fraction,discovery,small,4,1289,0.15573770491803224,0.18337408312958292,0.21441774491682125,0.003564300307157663,-0.01617375379729724,0.23196276183087663,1.2363433894904736,0.23196276183087663,0.764934057408844,6.9922420480993015
entry_fraction,discovery,small,5,1290,0.21449067431850857,0.26002582073035974,0.9688311688311677,0.004364052152750051,-0.018091615430616992,0.35038759689922483,1.243238000530251,0.35038759689922483,0.6496124031007752,8.06279069767442
entry_fraction,discovery,large,1,786,0.00034447123665142643,0.02493074792243731,0.046550290939318555,-0.0022213656297095626,-0.005503887583308109,0.021628498727735368,0.6509460503227681,0.021628498727735368,0.9783715012722646,3.8104325699745547
entry_fraction,discovery,large,2,786,0.046605062274005515,0.06521251056029179,0.08604038630377558,0.002156131836501231,-0.013599600619413232,0.08524173027989822,1.1565592330846857,0.08524173027989822,0.9147582697201018,10.052162849872774
entry_fraction,discovery,large,3,786,0.08630609896432684,0.10856513229327389,0.13272640153330134,0.002483794231000384,-0.020723224587056333,0.13231552162849872,1.1189224892819234,0.13231552162849872,0.8676844783715013,13.358778625954198
entry_fraction,discovery,large,4,786,0.13276026743075403,0.15599824333681012,0.181159420289855,0.010648191419765909,-0.0272344783516677,0.21246819338422393,1.3990192843139106,0.21246819338422393,0.7849872773536896,19.708651399491096
entry_fraction,discovery,large,5,786,0.1811802232854867,0.21102950997680653,0.5457875457875464,0.008016626498031514,-0.033659521094779155,0.25572519083969464,1.2423157526580333,0.25572519083969464,0.7430025445292621,20.611959287531807
entry_fraction,validation,all,1,1945,0.00022230455724322123,0.025912838633686614,0.04831460674157377,0.0009029900129355374,-0.0036671199761100226,0.04113110539845758,1.195380346730857,0.04010282776349614,0.9588688946015425,4.142416452442159
entry_fraction,validation,all,2,1944,0.04837013669821315,0.07040637089561097,0.09304603330068455,0.00042103534129711036,-0.008607565880710821,0.09619341563786009,1.038496323291859,0.09053497942386832,0.9038065843621399,6.401748971193416
entry_fraction,validation,all,3,1944,0.0931899641577031,0.11634666685552689,0.14101338432122443,0.0005760666781068843,-0.012849165748020974,0.14866255144032922,1.0387731262832685,0.14506172839506173,0.8503086419753086,8.703189300411523
entry_fraction,validation,all,4,1944,0.14109347442680972,0.1655867666379955,0.19376558603491242,0.009065100082779083,-0.016958507793697064,0.2103909465020576,1.4627271902791672,0.20267489711934156,0.7885802469135802,12.756172839506172
entry_fraction,validation,all,5,1944,0.19383259911894146,0.23578285054475434,0.9656796769851957,0.0018940753735967868,-0.018297857564844977,0.323559670781893,1.0890852331616578,0.3168724279835391,0.6723251028806584,11.089506172839506
entry_fraction,validation,small,1,1253,0.00022230455724322123,0.030035335689046257,0.055128205128205925,-0.0010916675103459332,-0.0033722516570963146,0.03671189146049481,0.7410169141752013,0.035115722266560255,0.9632881085395052,2.5163607342378294
entry_fraction,validation,small,2,1252,0.055172413793102164,0.07842487901926033,0.10191846522781872,0.00012034155229887874,-0.007721863471447377,0.1062300319488818,1.0134798323794034,0.10143769968051118,0.8937699680511182,4.455271565495208
entry_fraction,validation,small,3,1252,0.10193133047210323,0.1240408184814497,0.14750542299349215,0.00017873467523527918,-0.011554138689179372,0.152555910543131,1.0149606733362475,0.1501597444089457,0.8450479233226837,5.59185303514377
entry_fraction,validation,small,4,1252,0.14752424706482972,0.17210330615941047,0.2051282051282045,0.0018288430456497994,-0.014871289956426559,0.22124600638977635,1.124680288157525,0.21405750798722045,0.7771565495207667,7.154153354632588
entry_fraction,validation,small,5,1253,0.2051282051282063,0.252941176470588,0.9656796769851957,0.003342717037816082,-0.016372514526871607,0.35195530726256985,1.2003096911987874,0.3455706304868316,0.6440542697525937,7.330407023144454
entry_fraction,validation,large,1,692,0.00033715441672255245,0.019218875567170036,0.03828124999999997,0.0035436820757523725,-0.004145665305378521,0.05057803468208093,1.6994706622271478,0.049132947976878616,0.9494219653179191,5.864161849710983
entry_fraction,validation,large,2,692,0.038399632099332885,0.05631690583290476,0.07717980809344992,0.0009097252104287508,-0.01152252113929536,0.07947976878612717,1.0745357294056643,0.07658959537572255,0.9205202312138728,9.417630057803468
entry_fraction,validation,large,3,691,0.0773333333333331,0.10109147609147576,0.12597402597402577,0.0010864289531966873,-0.018643581071136395,0.1345875542691751,1.0551719150082022,0.12735166425470332,0.8654124457308249,12.632416787264834
entry_fraction,validation,large,4,692,0.12603560726247093,0.15227275642875943,0.1764874670815611,0.02007503562569417,-0.026300264217313296,0.19508670520231214,1.7289408291542816,0.18352601156069365,0.8049132947976878,21.45086705202312
entry_fraction,validation,large,5,692,0.1765030336458906,0.20636999305979675,0.8669907202828102,0.0025869856914055678,-0.0323098712894096,0.27167630057803466,1.0770229818860646,0.2658959537572254,0.7254335260115607,22.767341040462426
downside_pct,full,all,1,4020,3.7241173840918857e-06,0.0024552227874304693,0.004885485603409532,-0.00014793903343317152,-0.0033468325261314935,0.06766169154228856,0.9579531889451788,0.06592039800995025,0.9318407960199006,4.106716417910448
downside_pct,full,all,2,4019,0.004885993485341916,0.007306226175349441,0.009823934677213524,3.791269540662386e-05,-0.008074691596463457,0.11196815128141328,1.0044070935223492,0.1109728788255785,0.887783030604628,5.492659865638219
downside_pct,full,all,3,4020,0.009824296240317415,0.01262690682333543,0.015690539070995883,0.001564824582299895,-0.01327715470310703,0.1664179104477612,1.1253955163647353,0.16517412935323383,0.8330845771144278,7.110945273631841
downside_pct,full,all,4,4019,0.01569083248583464,0.019509803921568578,0.024888374400529115,0.002882207648232656,-0.01964775466666646,0.21398357800447873,1.1599054134613904,0.2100024881811396,0.7845235133117691,9.185618313013187
downside_pct,full,all,5,4020,0.024888618874038055,0.03438064965459624,0.1982018385695524,0.009199469479488059,-0.031659588924766446,0.2654228855721393,1.2987012315001212,0.26144278606965177,0.7325870646766169,17.27238805970149
downside_pct,full,small,1,2542,3.7241173840918857e-06,0.0021970874717990377,0.004332682015121833,-0.0004743502385495935,-0.0031151183917563774,0.06648308418568057,0.8507404153152445,0.06530291109362707,0.9331235247836349,3.2651455546813533
downside_pct,full,small,2,2542,0.004337767495662192,0.006393399429429327,0.008524507960386018,-0.0004970442199698931,-0.007220445104573037,0.11683713611329662,0.9372130559828753,0.11565696302124312,0.8827694728560189,4.265538945712038
downside_pct,full,small,3,2541,0.008525576730190656,0.010825797082315762,0.013305303493972697,0.0016517636756373155,-0.011406002604166576,0.1790633608815427,1.152755228409231,0.1774891774891775,0.820543093270366,5.476584022038567
downside_pct,full,small,4,2542,0.0133058919255253,0.016264998043161626,0.01983842725246742,0.0022211315460305926,-0.01643083899451586,0.2187254130605822,1.1482067148705877,0.21715184893784423,0.7797010228166797,6.712824547600315
downside_pct,full,small,5,2542,0.01984493918486373,0.025788695840242223,0.10398661834402,0.004309053230213315,-0.02393420137234925,0.3064516129032258,1.2018042363100983,0.3009441384736428,0.6907946498819827,8.028324154209285
downside_pct,full,large,1,1478,4.079967360257407e-05,0.0031185450253315827,0.006358987806476982,-0.00011856778860699743,-0.00403148772854367,0.05480378890392422,0.9727786735798613,0.052097428958051424,0.9451962110960758,5.833558863328823
downside_pct,full,large,2,1478,0.00636371784529886,0.00973327886468858,0.013515670728462834,0.0022391788456144557,-0.010557613912582142,0.09404600811907984,1.206074922322482,0.09336941813261164,0.9052774018944519,9.532476319350474
downside_pct,full,large,3,1477,0.013517915905605136,0.01754090775249227,0.022209816978348392,0.0008136678456204733,-0.01828818323719017,0.13134732566012186,1.046216571394206,0.12796208530805686,0.8686526743398781,11.484089370345295
downside_pct,full,large,4,1478,0.022222222222222275,0.028132599688132795,0.035721473133427224,0.006086945167042369,-0.028195011003258108,0.18064952638700948,1.2291984672802485,0.17861975642760486,0.8186738836265224,18.035859269282813
downside_pct,full,large,5,1478,0.03572465872785373,0.04594270034385327,0.1982018385695524,0.015394843626857583,-0.04346094716726778,0.2577807848443843,1.3835233087266925,0.2530446549391069,0.7401894451962111,24.80446549391069
downside_pct,discovery,all,1,2076,3.7241173840918857e-06,0.002779301087740726,0.0054299375962395795,-0.0007839416052867504,-0.0036416905620770823,0.06069364161849711,0.8116938801473774,0.06069364161849711,0.9383429672447013,3.311175337186898
downside_pct,discovery,all,2,2075,0.005431093007467758,0.007837582625118154,0.010517090271691482,0.00028882489606315935,-0.008650196578557034,0.116144578313253,1.0327284284571303,0.116144578313253,0.8833734939759036,5.393253012048193
downside_pct,discovery,all,3,2075,0.010518350359440142,0.013403542364767885,0.016575823191219283,0.0004653412176749293,-0.014121211371015296,0.15951807228915663,1.0343413952409175,0.15951807228915663,0.8404819277108434,7.101686746987951
downside_pct,discovery,all,4,2075,0.016578048675052987,0.020438683948155366,0.02589238145977616,0.004668055537913747,-0.020477113364779753,0.22457831325301206,1.2579085247148618,0.22457831325301206,0.7744578313253012,9.712289156626506
downside_pct,discovery,all,5,2076,0.02589395807644884,0.03565337095278191,0.13386723197110664,0.00953311403294535,-0.032895110215271306,0.2697495183044316,1.3094463026841872,0.2697495183044316,0.7292870905587668,17.722061657032754
downside_pct,discovery,small,1,1290,3.7241173840918857e-06,0.0024633460272128625,0.0047724362705156165,0.00032544203545236186,-0.0033123256193219874,0.06744186046511629,1.095866503100067,0.06744186046511629,0.9310077519379845,3.1155038759689924
downside_pct,discovery,small,2,1289,0.004776119402984973,0.006913739046547146,0.009126531422052494,-0.00028801761218581805,-0.007664269985300676,0.12335143522110163,0.965583028514062,0.12335143522110163,0.8766485647788984,4.244375484871994
downside_pct,discovery,small,3,1289,0.00913452666543638,0.01138035482475117,0.013998914812805276,0.0012574974607156369,-0.01199572049367914,0.17222653219550038,1.1127532309486048,0.17222653219550038,0.8277734678044996,5.777346780449961
downside_pct,discovery,small,4,1289,0.013999424681177562,0.01694761645822009,0.020674157303370824,0.0030154117625326134,-0.017160975635258646,0.22963537626066718,1.1919973604207104,0.22963537626066718,0.769588828549263,6.875872769588828
downside_pct,discovery,small,5,1290,0.020678246484698095,0.026594173230802022,0.10398661834402,0.005648458129542993,-0.02463955387116712,0.31317829457364343,1.2642385687811641,0.31317829457364343,0.686046511627907,8.416279069767441
downside_pct,discovery,large,1,786,4.8697345994599004e-05,0.003812808021263683,0.006993006993007031,-0.0017196494716858325,-0.004667308072690779,0.039440203562340966,0.6469962218160025,0.039440203562340966,0.9592875318066157,4.354961832061068
downside_pct,discovery,large,2,786,0.006996342820798183,0.010612385005639888,0.014238773274917873,0.0009429885694326555,-0.011330741312056969,0.0916030534351145,1.0805787069028034,0.0916030534351145,0.9083969465648855,8.930025445292621
downside_pct,discovery,large,3,786,0.014252761927886376,0.018410434235379643,0.02322385598460901,0.001584978433422828,-0.01908264766926171,0.1297709923664122,1.0874302285212931,0.1297709923664122,0.8702290076335878,11.849872773536896
downside_pct,discovery,large,4,786,0.02323462414578585,0.029026206749309304,0.036539572501444274,0.003912798483672312,-0.029571192530654822,0.17557251908396945,1.14419358303573,0.17557251908396945,0.8244274809160306,16.778625954198475
downside_pct,discovery,large,5,786,0.03654164368450071,0.04645407395316389,0.13386723197110664,0.016362262340747512,-0.0441652746781831,0.27099236641221375,1.4200550213814558,0.27099236641221375,0.7264631043256997,25.62849872773537
downside_pct,validation,all,1,1945,2.4710475594264467e-05,0.0021791767554478524,0.004326603061903711,-9.537841422403029e-05,-0.0031130337734334157,0.07403598971722365,0.9702992267577679,0.07043701799485862,0.9259640102827763,4.775835475578406
downside_pct,validation,all,2,1944,0.00432692307692307,0.0067311288188251625,0.009130434782608733,0.00011206762289198266,-0.007500548898177695,0.10648148148148148,1.0137256769962555,0.10493827160493827,0.8935185185185185,5.8050411522633745
downside_pct,validation,all,3,1944,0.009140316205533568,0.011847003558084795,0.014763482976800088,0.0020314878926633926,-0.012364003476027063,0.17078189300411523,1.174564313223036,0.16769547325102882,0.8281893004115226,6.804526748971194
downside_pct,validation,all,4,1944,0.014763890454186884,0.01846896252103729,0.02358249220894005,0.0014972406738332435,-0.01876735137074026,0.20473251028806586,1.0849199277562145,0.19907407407407407,0.793724279835391,8.734567901234568
downside_pct,validation,all,5,1944,0.023584455265921882,0.033222133740040266,0.1982018385695524,0.009314363277556555,-0.030329648641035434,0.2638888888888889,1.3041524418263488,0.25308641975308643,0.7325102880658436,16.972736625514404
downside_pct,validation,small,1,1253,2.4710475594264467e-05,0.001948206224756458,0.0038989974006684155,-0.0008765810716456634,-0.0029186492103295825,0.07262569832402235,0.7035214323093515,0.0710295291300878,0.9273743016759777,3.501995211492418
downside_pct,validation,small,2,1252,0.0038992869875223764,0.005995670585841422,0.007978090021433695,-0.0009835547787052474,-0.0068598746342131145,0.10383386581469649,0.8725848686075,0.10143769968051118,0.8961661341853036,4.213258785942492
downside_pct,validation,small,3,1252,0.007981081879988059,0.010244122919147924,0.01263443667119133,0.001690645362502906,-0.01077985388288516,0.18130990415335463,1.1643218164457139,0.17731629392971246,0.8186900958466453,5.13258785942492
downside_pct,validation,small,4,1252,0.012635135135135166,0.015424955515396958,0.019098021168890894,0.001504976731839457,-0.01568502435352004,0.21485623003194887,1.10402723527787,0.2124600638977636,0.7819488817891374,6.546325878594249
downside_pct,validation,small,5,1253,0.019102135322871104,0.024827674240490264,0.09191201353637911,0.003043549713919201,-0.023171996874022827,0.29608938547486036,1.1448512162463276,0.2841181165203512,0.699122106943336,7.652833200319233
downside_pct,validation,large,1,692,4.079967360257407e-05,0.002630358328125788,0.0055107526881721875,0.0012424279171951533,-0.003570847900496499,0.07225433526011561,1.317070472943561,0.06647398843930635,0.9277456647398844,7.491329479768786
downside_pct,validation,large,2,692,0.005512820512820479,0.008897974216662158,0.012507673419275596,0.00445018944113901,-0.009679110976131666,0.10115606936416185,1.4502171234145973,0.09971098265895954,0.8988439306358381,10.33815028901734
downside_pct,validation,large,3,691,0.012512681772066278,0.01648804616652927,0.021147237642083,0.0009934930641149328,-0.01710639738733477,0.13314037626628075,1.0593977300825295,0.12735166425470332,0.8668596237337193,11.665701881331405
downside_pct,validation,large,4,692,0.021195679732265132,0.02711123397295924,0.0345551737304315,0.008118970546844307,-0.026925930521496333,0.18208092485549132,1.3160368371362,0.17630057803468208,0.8164739884393064,17.528901734104046
downside_pct,validation,large,5,692,0.03456221198156687,0.045350166087248095,0.1982018385695524,0.0133966422867664,-0.04295875084585532,0.24277456647398843,1.3199808577858594,0.23265895953757226,0.7557803468208093,25.106936416184972
upside_pct,full,all,1,4020,0.0008163265306122758,0.04336685831633341,0.06073007808824911,0.000387611922957918,-0.005503132251089782,0.21592039800995025,1.0505446460169612,0.213681592039801,0.7830845771144279,6.384825870646766
upside_pct,full,all,2,4019,0.060746101640725976,0.07518703241895262,0.08823745230407988,0.0011222379357245967,-0.009846368755221269,0.1771584971385917,1.0910323369393815,0.1764120427967156,0.8220950485195322,6.168698681263996
upside_pct,full,all,3,4020,0.08825217429694057,0.10058882010409623,0.11349555029852432,0.002684502920523354,-0.01174820212066402,0.17189054726368158,1.1829097197696916,0.16741293532338308,0.8261194029850746,6.94726368159204
upside_pct,full,all,4,4019,0.11350110525420841,0.1284999999999999,0.16070226507777685,0.0034355597882323144,-0.0110032707713128,0.1301318736003981,1.2359162719237313,0.12863896491664592,0.8696193082856432,8.28415028614083
upside_pct,full,all,5,4020,0.16070702966273867,0.2229709160349876,0.3240790176187932,0.005906970186988795,-0.018501521623861095,0.13034825870646766,1.244220231920822,0.12736318407960198,0.868905472636816,15.383333333333333
upside_pct,full,small,1,2542,0.0008163265306122758,0.03734578031883304,0.05130597014925363,0.0006070512895894635,-0.004726445046071337,0.23603461841070023,1.0863019689201163,0.23564122738001572,0.7631785995279308,5.651062155782848
upside_pct,full,small,2,2542,0.05131467345207817,0.062319885822973084,0.07247905677939812,0.0005688085911945114,-0.008647320090250377,0.1813532651455547,1.0529023840298517,0.17899291896144767,0.8182533438237608,5.252950432730134
upside_pct,full,small,3,2541,0.07247971393205901,0.08235136582753068,0.09163838321505728,0.0023063300922464315,-0.01064713508574,0.18496654860291223,1.1756100944273074,0.18417945690672963,0.8134592680047226,5.736324281778828
upside_pct,full,small,4,2542,0.09164882226980715,0.10101234887688851,0.11085190585294735,0.0027382053852000716,-0.01178793947759238,0.17309205350118018,1.1864863299620871,0.16876475216365067,0.8245476003147129,6.173878835562549
upside_pct,full,small,5,2542,0.11086250451100674,0.122957890306229,0.14985693848354784,0.0009904161356885384,-0.009886401912547804,0.11211644374508262,1.078322701560989,0.1089693154996066,0.8874901652242329,4.934303697875689
upside_pct,full,large,1,1478,0.0015861729475468579,0.08062254649274886,0.11067733749755997,-0.0008691580180811795,-0.008477918872375534,0.15155615696887687,0.9259051119653798,0.14817320703653586,0.8470906630581867,11.72936400541272
upside_pct,full,large,2,1478,0.11068020929516786,0.13028271009328224,0.14975340008967286,0.005335641360640027,-0.012907177485399268,0.16914749661705006,1.3226507649207728,0.16779431664411368,0.8308525033829499,12.344384303112314
upside_pct,full,large,3,1477,0.14976382328424565,0.17017965766020657,0.19262567708828277,0.0057479224048051026,-0.016216381696066096,0.14218009478672985,1.2690095389961076,0.14014895057549087,0.8571428571428571,14.70412999322952
upside_pct,full,large,4,1478,0.19264576618810425,0.2167828816621846,0.23976849937990893,0.008347679503895554,-0.02127474944313268,0.15155615696887687,1.306298692506149,0.14952638700947227,0.847767253044655,18.115696887686063
upside_pct,full,large,5,1478,0.239769150052466,0.26766226736560983,0.3240790176187932,0.0058573209124938115,-0.01825754682972419,0.10419485791610285,1.258714221906913,0.09945872801082543,0.8951285520974289,12.799052774018945
upside_pct,discovery,all,1,2076,0.0008163265306122758,0.045461013768664654,0.06345466363340907,0.0001389127586477932,-0.0063160117886451594,0.2071290944123314,1.0165084854557866,0.2071290944123314,0.7914258188824663,5.90606936416185
upside_pct,discovery,all,2,2075,0.0634548966809107,0.07805907172995782,0.09076881792566752,0.0015764015725344704,-0.010544853603238757,0.18506024096385543,1.12121221235092,0.18506024096385543,0.8139759036144578,6.216867469879518
upside_pct,discovery,all,3,2075,0.09077629382303842,0.10284616727780677,0.11555174735295934,0.0025910783006680106,-0.012613218636473578,0.16771084337349398,1.1718533901550117,0.16771084337349398,0.832289156626506,6.913253012048193
upside_pct,discovery,all,4,2075,0.1155522951163278,0.1307167235494881,0.1670162558993183,0.0035943698743830404,-0.011058406824356659,0.1363855421686747,1.2426222136328102,0.1363855421686747,0.8636144578313253,8.968192771084338
upside_pct,discovery,all,5,2076,0.16706951561442507,0.2278835361692728,0.321853878339234,0.006271758561562638,-0.019209332259081502,0.13439306358381503,1.2598677717947189,0.13439306358381503,0.8646435452793835,15.236030828516377
upside_pct,discovery,small,1,1290,0.0008163265306122758,0.039416672022521526,0.05339721254355409,0.0007910420032213499,-0.005599212456702196,0.23255813953488372,1.1051510415517762,0.23255813953488372,0.765891472868217,5.258139534883721
upside_pct,discovery,small,2,1289,0.05340577789557383,0.06466480446927389,0.07528263103802671,0.000240909052215109,-0.00929005285193929,0.1830876648564779,1.0206268114584702,0.1830876648564779,0.8161365399534523,5.491854150504267
upside_pct,discovery,small,3,1289,0.0752839481354911,0.0849030661350199,0.09432905597896225,0.002799027569013941,-0.01170077624375121,0.19550038789759502,1.2025301767260952,0.19550038789759502,0.8037238169123352,6.083010085337471
upside_pct,discovery,small,4,1289,0.09433803763440864,0.10300647885273354,0.1123177536449271,0.0044552611479097125,-0.011652474905157306,0.1830876648564779,1.3055115617007094,0.1830876648564779,0.8169123351435221,6.508145849495733
upside_pct,discovery,small,5,1290,0.11232109520846295,0.12370917862979114,0.149282419272168,0.0016752731712620756,-0.009919453136083445,0.11162790697674418,1.1351473722817822,0.11162790697674418,0.8883720930232558,5.089147286821706
upside_pct,discovery,large,1,786,0.0015861729475468579,0.08284285202432565,0.1093932584269663,-0.002838154651890543,-0.009481223140374695,0.12213740458015267,0.7737683678939377,0.12213740458015267,0.8765903307888041,9.357506361323155
upside_pct,discovery,large,2,786,0.10940366972477054,0.13094021427713903,0.1517779705117086,0.006054956768530355,-0.014037918443811359,0.178117048346056,1.3513501345499412,0.178117048346056,0.821882951653944,12.83969465648855
upside_pct,discovery,large,3,786,0.15182208521413637,0.17290275887972323,0.19561478933791926,0.0011289414416050855,-0.017883765701515786,0.13358778625954199,1.0500069411933002,0.13358778625954199,0.8651399491094147,13.054707379134861
upside_pct,discovery,large,4,786,0.19569823593180252,0.21991918473171082,0.2420454545454545,0.013598062701985273,-0.020545793385975175,0.178117048346056,1.5233027443058564,0.178117048346056,0.821882951653944,19.138676844783713
upside_pct,discovery,large,5,786,0.2420634920634922,0.26805287040933146,0.321853878339234,0.003139572095359302,-0.018625888267080504,0.09541984732824428,1.1398376552652656,0.09541984732824428,0.9033078880407125,13.151399491094148
upside_pct,validation,all,1,1945,0.0014649451738802499,0.04116734201224249,0.05789640257411119,0.0004798468475571919,-0.004756398804727113,0.22313624678663238,1.069353285608327,0.2185089974293059,0.7768637532133676,6.9573264781491
upside_pct,validation,all,2,1944,0.05792535142995639,0.07173529001069884,0.08517188301693183,0.0010260424435550419,-0.009455397243552932,0.1728395061728395,1.0887113104680435,0.1712962962962963,0.8256172839506173,6.132201646090535
upside_pct,validation,all,3,1944,0.08517207070115872,0.09795768050502673,0.11157654226961156,0.001771259235969349,-0.010843434348543124,0.16820987654320987,1.1224699909784535,0.16049382716049382,0.8281893004115226,6.689300411522634
upside_pct,validation,all,4,1944,0.11159737417943097,0.12639264520639298,0.15449330783938825,0.004464920368260234,-0.010603107420463276,0.13117283950617284,1.3170440064776858,0.12705761316872427,0.8683127572016461,7.877572016460905
upside_pct,validation,all,5,1944,0.15468109283138193,0.2174975135336878,0.3240790176187932,0.00511741625961092,-0.017723766190379575,0.12448559670781893,1.2111479263790188,0.11779835390946503,0.875,15.435185185185185
upside_pct,validation,small,1,1253,0.0014649451738802499,0.03485424588086185,0.04961977186311786,0.000892613722801648,-0.0040537959657167555,0.24581005586592178,1.1386868507096015,0.24501197126895452,0.7541899441340782,6.134078212290503
upside_pct,validation,small,2,1252,0.04962883141762465,0.05995575143576523,0.06966735158549463,0.0005877625284210461,-0.007920044821471794,0.1733226837060703,1.0595498440723343,0.16853035143769968,0.8258785942492013,4.726038338658147
upside_pct,validation,small,3,1252,0.06969830433825162,0.07994472521037393,0.08904774512399614,0.0006654121915261998,-0.010223705566488994,0.16932907348242812,1.0511414188476436,0.16773162939297126,0.829073482428115,5.693290734824281
upside_pct,validation,small,4,1252,0.08906447065806065,0.09875981489674526,0.10893371757925054,0.002287314735682412,-0.010872591639618734,0.16693290734824281,1.165645294888502,0.15814696485623003,0.8282747603833865,5.696485623003195
upside_pct,validation,small,5,1253,0.10893905266099993,0.12196323668751165,0.14985693848354784,-5.300702727245459e-05,-0.010028673729664428,0.11332801276935354,0.9960206783176532,0.10694333599361533,0.8858739026336792,4.797286512370311
upside_pct,validation,large,1,692,0.0025860354087924296,0.07920414208392262,0.11214192708333334,0.0014931426614922026,-0.007081160175652246,0.18497109826589594,1.1395636827172866,0.1777456647398844,0.8135838150289018,14.420520231213873
upside_pct,validation,large,2,692,0.11222413523243077,0.12973973379632675,0.1468587865265195,0.004743189437008106,-0.012246776908266421,0.16040462427745664,1.3011065865450404,0.157514450867052,0.8395953757225434,11.508670520231213
upside_pct,validation,large,3,691,0.14686507013872735,0.16688741721854297,0.19023546627644003,0.008014711621721252,-0.014954039206349079,0.14182344428364688,1.3820432150265283,0.13748191027496381,0.8581765557163531,16.028943560057886
upside_pct,validation,large,4,692,0.19025904110456635,0.21261583748218288,0.23726977248104006,0.0059357151330880886,-0.019722693764833543,0.1329479768786127,1.2137552958389948,0.12861271676300579,0.865606936416185,18.48121387283237
upside_pct,validation,large,5,692,0.23733031674208133,0.2674696593608431,0.3240790176187932,0.008025110672342066,-0.01755881992146152,0.11127167630057803,1.3505370599213746,0.10115606936416185,0.888728323699422,11.697976878612717
box_width_pct,full,all,1,4020,0.00207695671184956,0.05263004058946959,0.07162243667068759,0.00013552296696241303,-0.00504032819181488,0.18756218905472638,1.020760095390347,0.1855721393034826,0.8116915422885572,5.9251243781094525
box_width_pct,full,all,2,4019,0.07163436354112099,0.08781502471964305,0.10283622492924821,0.0010929175341388559,-0.009529636614766468,0.1699427718337895,1.0987326897905032,0.16894749937795472,0.8290619557103757,5.8979845732769345
box_width_pct,full,all,3,4020,0.10284133769172751,0.11672795317345716,0.13107218287986094,0.0016268202518205325,-0.01174820212066402,0.16592039800995026,1.113050810952936,0.16318407960199005,0.8330845771144278,6.652487562189055
box_width_pct,full,all,4,4019,0.1310723332395159,0.14310754268913264,0.1834366873374675,0.004708189747699077,-0.01327838966675099,0.1622294103010699,1.2950270910895536,0.15899477481960686,0.8365264991291366,8.634237372480717
box_width_pct,full,all,5,4020,0.18347241539174777,0.25336173460330014,0.32449851269926006,0.005973741534790645,-0.020511311187323078,0.1398009950248756,1.2344776596232192,0.13681592039800994,0.8594527363184079,16.058457711442784
box_width_pct,full,small,1,2542,0.00207695671184956,0.046479126647957704,0.06122984135308774,1.2705501767270399e-05,-0.004497390999990636,0.1959087332808812,1.0021318820956309,0.1955153422501967,0.8033044846577498,5.276553894571204
box_width_pct,full,small,2,2542,0.06123869171885875,0.0735358414397515,0.0855078490487576,0.0008293335866088979,-0.008259090381324607,0.17938630999213218,1.0857390562853926,0.17702596380802518,0.8202202989771833,4.923288749016522
box_width_pct,full,small,3,2541,0.08550788736547246,0.09649606496566243,0.1068336425479283,0.0022525899751258648,-0.009975653709984322,0.1763085399449036,1.1924231318695897,0.17591499409681227,0.8225108225108225,5.683982683982684
box_width_pct,full,small,4,2542,0.1068356722498868,0.1173137003681923,0.12889004149377603,0.0017076617220207636,-0.011905199636091157,0.17269866247049567,1.114585427964815,0.16955153422501967,0.8261211644374509,5.6754523996852875
box_width_pct,full,small,5,2542,0.12890995260663501,0.1391977565656734,0.1502145922746781,0.0024084995675161575,-0.013451915189679309,0.16325727773406767,1.1504812788240768,0.15853658536585366,0.8347757671125098,6.189221085759245
box_width_pct,full,large,1,1478,0.002078433517475225,0.09191109411254175,0.125964873028303,-0.00042222382503041275,-0.00745811088664694,0.14140730717185385,0.9583086018639515,0.13734776725304465,0.8572395128552097,11.117050067659
box_width_pct,full,large,2,1478,0.12599035841542655,0.1467090931615915,0.17003611452399575,0.005045958810732591,-0.012146944089666267,0.15358592692828146,1.344840550160284,0.15290933694181327,0.8464140730717186,10.618403247631935
box_width_pct,full,large,3,1477,0.17006673539146003,0.1922930255895636,0.21850000000000003,0.006085308863779272,-0.016370143770268908,0.14150304671631686,1.2996144714840001,0.14014895057549087,0.8584969532836831,15.002708192281652
box_width_pct,full,large,4,1478,0.21851453175457478,0.2460214666658862,0.2745195907162466,0.006958861055584115,-0.021051892956358287,0.14479025710419485,1.272030661361896,0.14276048714479025,0.8538565629228687,16.929634641407308
box_width_pct,full,large,5,1478,0.27453458006907594,0.2980920237990168,0.32449851269926006,0.006751729530987461,-0.02272961223726605,0.13734776725304465,1.2338237367231,0.13193504736129905,0.8619756427604871,16.025033829499325
box_width_pct,discovery,all,1,2076,0.00207695671184956,0.055082654193851804,0.07485689123734038,-9.975960598672382e-05,-0.00590969774720046,0.1811175337186898,0.9863275087798994,0.1811175337186898,0.8174373795761078,5.54383429672447
box_width_pct,discovery,all,2,2075,0.07485917580788633,0.09180265893768504,0.10649350649350647,0.0010933946893793437,-0.010150897328244035,0.16963855421686747,1.0939453407713409,0.16963855421686747,0.8298795180722891,5.925301204819277
box_width_pct,discovery,all,3,2075,0.10650887573964493,0.11951585117569402,0.13322755901726047,0.0022530950220446175,-0.012221826649646439,0.17012048192771084,1.1537768870619696,0.17012048192771084,0.8293975903614458,6.36867469879518
box_width_pct,discovery,all,4,2075,0.13323124042879012,0.14443329989969902,0.1893465995267852,0.004111889740310984,-0.013981109180790985,0.163855421686747,1.2513450282797152,0.163855421686747,0.8361445783132531,9.489638554216867
box_width_pct,discovery,all,5,2076,0.1893495625713198,0.25970473941957706,0.32448061683444007,0.006813755041751079,-0.021685784639712213,0.14595375722543352,1.2672069696656696,0.14595375722543352,0.853082851637765,15.912813102119461
box_width_pct,discovery,small,1,1290,0.00207695671184956,0.04903203013936344,0.06404639175257731,0.0002586071258695393,-0.005118302583122736,0.19612403100775194,1.0398857917816005,0.19612403100775194,0.8023255813953488,4.9186046511627906
box_width_pct,discovery,small,2,1289,0.06408117876007784,0.07630261995878705,0.08831168831168835,0.00025310252575175046,-0.008896985177865524,0.17455391776570986,1.0243997925224888,0.17455391776570986,0.8254460822342902,5.2187742435996896
box_width_pct,discovery,small,3,1289,0.08833959855308875,0.10057928575975544,0.11016949152542363,0.003986553907950296,-0.010303437036037089,0.19239720713731576,1.3366001870537247,0.19239720713731576,0.8068269976726145,5.799069045771916
box_width_pct,discovery,small,4,1289,0.11019580349541788,0.11991630207342605,0.13087297622895433,0.0006990913095112928,-0.012733761930330711,0.165244375484872,1.045001617626772,0.165244375484872,0.8339798293250582,5.660977501939488
box_width_pct,discovery,small,5,1290,0.13087774294670845,0.14029696756969487,0.14991554054054057,0.004762176330333167,-0.01334026875736155,0.17751937984496124,1.3020833480377727,0.17751937984496124,0.8224806201550388,6.8317829457364345
box_width_pct,discovery,large,1,786,0.002078433517475225,0.09417605926193721,0.12554826851581105,-0.002015868051817906,-0.008524462205804162,0.11704834605597965,0.8150405923380568,0.11704834605597965,0.8816793893129771,9.06615776081425
box_width_pct,discovery,large,2,786,0.12557443625093515,0.1486842263984285,0.17367119901112488,0.0048722500428117835,-0.013170110723360717,0.15648854961832062,1.3142085840040378,0.15648854961832062,0.8435114503816794,10.229007633587786
box_width_pct,discovery,large,3,786,0.17375334619934008,0.1950093194602689,0.22238095238095246,0.002017420508216478,-0.01758522565108711,0.1361323155216285,1.095060334994191,0.1361323155216285,0.8638676844783715,14.576335877862595
box_width_pct,discovery,large,4,786,0.22238457042665127,0.24914993538909724,0.27664399092970526,0.00734770640587829,-0.02157170537816766,0.15521628498727735,1.2862196550662912,0.15521628498727735,0.8435114503816794,16.209923664122137
box_width_pct,discovery,large,5,786,0.276647834274953,0.29950097034111756,0.32448061683444007,0.008861869450500827,-0.023549526922391817,0.14249363867684478,1.3223484588909613,0.14249363867684478,0.8562340966921119,17.46055979643766
box_width_pct,validation,all,1,1945,0.002241147467503343,0.05017673274934687,0.06778542860677028,0.0004604970867790806,-0.004340887959866202,0.19794344473007713,1.0783469683920184,0.19434447300771207,0.8020565552699229,6.613367609254499
box_width_pct,validation,all,2,1944,0.06778834430626679,0.08464611588970025,0.0981698826337775,0.000555705629966165,-0.008926439763859428,0.1640946502057613,1.0525142376506291,0.16152263374485595,0.8343621399176955,5.856481481481482
box_width_pct,validation,all,3,1944,0.09817232375979103,0.11321368756260025,0.1285339953109915,0.0019083521742618444,-0.01088095016118451,0.16718106995884774,1.1386869217491715,0.16255144032921812,0.8317901234567902,6.6800411522633745
box_width_pct,validation,all,4,1944,0.12853995997523643,0.1414439801495493,0.175894011202068,0.0022814499838902805,-0.012558228375335767,0.15329218106995884,1.1462613664117218,0.14609053497942387,0.8436213991769548,7.761316872427984
box_width_pct,validation,all,5,1944,0.17608695652173928,0.2464020511971176,0.32449851269926006,0.007653490233636013,-0.019572536019816122,0.13734567901234568,1.3007362390559973,0.13065843621399176,0.8621399176954733,16.180555555555557
box_width_pct,validation,small,1,1253,0.002241147467503343,0.04353646098929126,0.059044481054365786,0.00016500943810050347,-0.003995717657704234,0.20351157222665603,1.0305385952335793,0.20271348762968874,0.7964884277733439,5.706304868316042
box_width_pct,validation,small,2,1252,0.059059039883529445,0.07004378782209031,0.08267405063291139,0.001355936508368251,-0.00777300826270777,0.1781150159744409,1.153785503900664,0.1733226837060703,0.8210862619808307,4.567092651757188
box_width_pct,validation,small,3,1252,0.08269421078673926,0.09285605706255731,0.10278864970645801,0.0006402652849697514,-0.009516290315769727,0.16293929712460065,1.0546247510702114,0.1621405750798722,0.8354632587859425,5.368210862619808
box_width_pct,validation,small,4,1252,0.10278952444543357,0.11398378011540616,0.1265756531600297,0.0006575851518234189,-0.011256672528393796,0.1621405750798722,1.0453883750074073,0.15654952076677317,0.8370607028753994,5.81150159744409
box_width_pct,validation,small,5,1253,0.12663587374903768,0.13815701484552625,0.1502145922746781,0.0015605921042812297,-0.013242400122548958,0.16201117318435754,1.097440769075479,0.1516360734237829,0.8332003192338387,5.593774940143655
box_width_pct,validation,large,1,692,0.003720726636025426,0.09049850110858042,0.1267466912896276,0.0016007108820876538,-0.006504536957543827,0.17052023121387283,1.173089178677079,0.16184971098265896,0.8280346820809249,13.5
box_width_pct,validation,large,2,692,0.12679727570839988,0.14512650067413707,0.16575342465753418,0.004738791909617367,-0.01097609021646645,0.14739884393063585,1.3456067301599308,0.14595375722543352,0.8526011560693642,10.167630057803468
box_width_pct,validation,large,3,691,0.16586190246257834,0.18950981123629043,0.21261516654854715,0.010182069733669785,-0.015218308667798386,0.1476121562952243,1.5237394328588818,0.1447178002894356,0.8523878437047757,16.14182344428365
box_width_pct,validation,large,4,692,0.21265260038105985,0.24171459577419124,0.2716167378513186,0.00861069951516657,-0.020313523170990777,0.14017341040462428,1.3411505749152024,0.13583815028901733,0.8583815028901735,18.0
box_width_pct,validation,large,5,692,0.2717101211250256,0.29684750981003755,0.32449851269926006,0.003082729505503333,-0.022374008243853383,0.12572254335260116,1.1012413453343595,0.11416184971098266,0.8742774566473989,14.328034682080926
box_age_sessions,full,all,1,4558,0.0,1.0,3.0,0.0069345822537316155,-0.011088982102386846,0.20315928038613426,1.467375034455114,0.20052654673102238,0.7948661693725319,8.314392277314612
box_age_sessions,full,all,2,3542,4.0,6.0,8.0,0.0018108159800158837,-0.01082588953256769,0.1668548842461886,1.1262174310919444,0.16431394692264256,0.8328627893845285,6.872670807453416
box_age_sessions,full,all,3,4094,9.0,12.0,17.0,0.001345904158082809,-0.010513259492422877,0.14997557401074743,1.0913098025673587,0.14777723497801662,0.8495359062042013,7.273082559843673
box_age_sessions,full,all,4,3992,18.0,24.0,34.0,0.0007995284686606056,-0.010380557345251673,0.1530561122244489,1.0518829268548477,0.15130260521042085,0.8461923847695391,8.744739478957916
box_age_sessions,full,all,5,3912,35.0,53.0,286.0,0.0019657784998116973,-0.008638119783061726,0.147239263803681,1.1402655706121998,0.1444274028629857,0.8517382413087935,11.911298568507158
box_age_sessions,full,small,1,2793,0.0,1.0,2.0,0.003695673390180109,-0.010202511121187308,0.21052631578947367,1.2975081571258504,0.2083780880773362,0.7873254564983888,5.7200143215180805
box_age_sessions,full,small,2,2326,3.0,4.0,6.0,0.0024562875723041664,-0.009285916070893685,0.18486672398968185,1.2104674042046302,0.18056749785038692,0.8142734307824592,4.927343078245916
box_age_sessions,full,small,3,2545,7.0,10.0,13.0,0.00022211404685023786,-0.009065891857069075,0.1638506876227898,1.0177558113393628,0.16227897838899805,0.8357563850687623,5.012573673870334
box_age_sessions,full,small,4,2599,14.0,19.0,26.0,0.0003831147013862474,-0.008552242408343735,0.16198537899191998,1.0330012194692013,0.1596767987687572,0.8368603308964987,5.410157752981916
box_age_sessions,full,small,5,2446,27.0,41.0,286.0,0.000298953580278269,-0.00681602410418275,0.1635322976287817,1.0302121285339767,0.16271463614063778,0.8356500408830744,6.6541291905151265
box_age_sessions,full,large,1,1554,0.0,2.0,5.0,0.01267377863849233,-0.016846995932046083,0.18018018018018017,1.570444385906927,0.1788931788931789,0.8185328185328186,15.396396396396396
box_age_sessions,full,large,2,1471,6.0,9.0,13.0,0.003884414338759058,-0.01547146027614299,0.13596193065941536,1.1926379976655666,0.13460231135282122,0.8640380693405847,11.54180829367777
box_age_sessions,full,large,3,1470,14.0,20.0,26.0,0.0014420889586530677,-0.015839338439221473,0.1292517006802721,1.0694400904363859,0.12653061224489795,0.8707482993197279,12.377551020408163
box_age_sessions,full,large,4,1431,27.0,36.0,47.0,0.002013219299683713,-0.013794426916039604,0.12928022361984626,1.107146192182681,0.12508735150244585,0.870020964360587,13.023060796645701
box_age_sessions,full,large,5,1463,48.0,76.0,252.0,0.003879918868095372,-0.010669136016301373,0.14149008885850992,1.2227989682314022,0.13738892686261106,0.8571428571428571,17.263157894736842
box_age_sessions,discovery,all,1,2461,0.0,1.0,3.0,0.006363493817066354,-0.01177398630629456,0.2031694433157253,1.4143820422154947,0.2031694433157253,0.7947988622511174,9.477041852905323
box_age_sessions,discovery,all,2,1949,4.0,6.0,8.0,0.0003738406272266689,-0.011628971914440456,0.15597742432016418,1.024700881853492,0.15597742432016418,0.8440225756798359,6.56900974858902
box_age_sessions,discovery,all,3,2005,9.0,12.0,16.0,0.0013948623378818952,-0.010643606921220239,0.15860349127182044,1.0946979608518856,0.15860349127182044,0.8413965087281795,7.081296758104738
box_age_sessions,discovery,all,4,1961,17.0,22.0,30.0,0.0028271093546351836,-0.01118396307491687,0.1631820499745028,1.1793916641755031,0.1631820499745028,0.8368179500254972,8.930137684854666
box_age_sessions,discovery,all,5,2001,31.0,46.0,232.0,0.0023411083402493462,-0.009551830890709434,0.1409295352323838,1.1623401467834167,0.1409295352323838,0.8580709645177411,10.949025487256371
box_age_sessions,discovery,small,1,1445,0.0,1.0,2.0,0.0027904837754488547,-0.010937592552899056,0.2,1.2162966121267114,0.2,0.797923875432526,6.026297577854671
box_age_sessions,discovery,small,2,1228,3.0,4.0,6.0,0.0021649042907903354,-0.009851971300951223,0.18322475570032573,1.1809699315030844,0.18322475570032573,0.8167752442996743,5.092019543973941
box_age_sessions,discovery,small,3,1199,7.0,9.0,12.0,0.0017987315115650933,-0.009441425649216684,0.16930775646371976,1.1519966910954262,0.16930775646371976,0.8306922435362802,5.366138448707256
box_age_sessions,discovery,small,4,1341,13.0,17.0,24.0,0.0017861241361209696,-0.009067518872893143,0.18568232662192394,1.1422468442443496,0.18568232662192394,0.814317673378076,5.591349739000746
box_age_sessions,discovery,small,5,1234,25.0,36.0,231.0,0.0012967855964218728,-0.007365713852128364,0.16369529983792544,1.1230756208937005,0.16369529983792544,0.8354943273905997,6.291734197730956
box_age_sessions,discovery,large,1,790,0.0,1.0,4.0,0.011838258253524017,-0.017856453695631158,0.19240506329113924,1.5259806708651935,0.19240506329113924,0.8050632911392405,17.155696202531647
box_age_sessions,discovery,large,2,818,5.0,8.0,11.0,-0.0013922107014930345,-0.016697134516429346,0.1198044009779951,0.9336126721058426,0.1198044009779951,0.8801955990220048,10.009779951100244
box_age_sessions,discovery,large,3,779,12.0,17.0,22.0,0.0010770704203164117,-0.016072679170159088,0.11938382541720154,1.0523446591773804,0.11938382541720154,0.8806161745827985,11.598202824133505
box_age_sessions,discovery,large,4,795,23.0,30.0,41.0,0.006669298622553525,-0.01418931350004371,0.15345911949685534,1.345412025320497,0.15345911949685534,0.8465408805031447,14.368553459119497
box_age_sessions,discovery,large,5,748,42.0,65.5,232.0,0.002963916388601762,-0.011473688860744735,0.12165775401069519,1.1717576477437621,0.12165775401069519,0.8770053475935828,14.557486631016042
box_age_sessions,validation,all,1,2097,0.0,1.0,3.0,0.007604800967433672,-0.010308322668939551,0.20314735336194564,1.5345003725050421,0.19742489270386265,0.7949451597520267,6.949928469241774
box_age_sessions,validation,all,2,1866,4.0,6.0,9.0,0.00272245504663369,-0.009937685357799486,0.17309753483386925,1.200525899664893,0.1682743837084673,0.8263665594855305,7.155412647374062
box_age_sessions,validation,all,3,1969,10.0,14.0,19.0,0.0012859877422032673,-0.009912160989456464,0.14271203656678516,1.0879465477770747,0.13763331640426613,0.856272219400711,7.714068054850178
box_age_sessions,validation,all,4,1877,20.0,27.0,39.0,-0.0013311905493564597,-0.009985889886636623,0.14171550346297282,0.9115334389512288,0.13692061800745872,0.8566862013851891,8.488545551411827
box_age_sessions,validation,all,5,1912,40.0,61.0,286.0,0.002059877112496153,-0.00792391821377536,0.15585774058577406,1.149498611174378,0.151673640167364,0.8430962343096234,12.93357740585774
box_age_sessions,validation,small,1,1348,0.0,1.0,2.0,0.004665999052855676,-0.009757135131020556,0.2218100890207715,1.3918203532567344,0.21735905044510387,0.7759643916913946,5.3916913946587535
box_age_sessions,validation,small,2,1277,3.0,5.0,7.0,0.002021908718049066,-0.00894993186525661,0.1793265465935787,1.1761697207885435,0.17149569303054032,0.8191072826938136,4.6389976507439314
box_age_sessions,validation,small,3,1134,8.0,11.0,14.0,-0.001409742055919428,-0.00879143395519738,0.1490299823633157,0.8891355418750538,0.1455026455026455,0.8492063492063492,4.644620811287478
box_age_sessions,validation,small,4,1253,15.0,20.0,28.0,-0.000976768365853021,-0.008120207947255764,0.14604948124501196,0.911088355171477,0.1412609736632083,0.8523543495610535,5.3048683160415
box_age_sessions,validation,small,5,1250,29.0,45.5,286.0,-0.00045158873154018504,-0.006263844775446781,0.1664,0.9521499260546227,0.1648,0.8328,7.0144
box_age_sessions,validation,large,1,728,0.0,3.0,6.0,0.015571947195691806,-0.015470732560788347,0.17857142857142858,1.718183384706193,0.17445054945054944,0.8214285714285714,14.221153846153847
box_age_sessions,validation,large,2,684,7.0,11.0,16.0,0.009737128696303351,-0.014633718864737466,0.14912280701754385,1.5023517604395138,0.14473684210526316,0.8508771929824561,13.494152046783626
box_age_sessions,validation,large,3,665,17.0,23.0,31.0,-0.0042438031856378055,-0.015137964920204805,0.11428571428571428,0.8045835177313228,0.11127819548872181,0.8857142857142857,12.239097744360903
box_age_sessions,validation,large,4,710,32.0,43.0,54.0,0.0033343895144302056,-0.011876661417943524,0.12816901408450704,1.1954670768197975,0.11971830985915492,0.8704225352112676,12.732394366197184
box_age_sessions,validation,large,5,672,55.0,90.0,252.0,0.002935621988984868,-0.010109523489082006,0.15922619047619047,1.1608716167786366,0.15029761904761904,0.8392857142857143,19.555059523809526
