rank_cap,target_fraction,feature,period,quintile,n,mean_trade,median_trade,profit_factor,win_rate,target_share,stop_share,max_hold_share,mean_holding_sessions,mean_mfe_return,mean_mae_return,yearly_mean_trade,yearly_pf
300,0.6,ret3_deceleration,discovery,1,255,0.0009911456670730146,-0.0197007022186271,1.0392001708689989,0.38823529411764707,0.3058823529411765,0.5607843137254902,0.13333333333333333,8.72156862745098,0.04687793205637073,-0.039590491896395116,"{""2019"": 0.019686082137407412, ""2020"": -0.004776864415719991, ""2021"": 0.012166355119103148, ""2022"": -0.014762779842580922}","{""2019"": 2.347885320582143, ""2020"": 0.852946423452026, ""2021"": 1.656063724709364, ""2022"": 0.543618498712889}"
300,0.6,ret3_deceleration,discovery,2,257,0.0026572099716782502,-0.015204366004855,1.122811726772228,0.43190661478599224,0.31906614785992216,0.5136186770428015,0.16731517509727625,9.486381322957198,0.03990690815398068,-0.03340802749581749,"{""2019"": 0.009031733976294386, ""2020"": 0.010498744306876119, ""2021"": 0.011199153694718555, ""2022"": -0.018159469509982953}","{""2019"": 1.5043747466084219, ""2020"": 1.5035056094598769, ""2021"": 1.6617356509015357, ""2022"": 0.424783283342974}"
300,0.6,ret3_deceleration,discovery,3,256,-0.003638793636322453,-0.015591907525089748,0.8335074871716813,0.37109375,0.26171875,0.5859375,0.15234375,9.2109375,0.03367187442978945,-0.03376052604946743,"{""2019"": -0.000511542466711423, ""2020"": 0.002897970966797189, ""2021"": 0.003025660501737238, ""2022"": -0.016789748983117407}","{""2019"": 0.9779838769887992, ""2020"": 1.1855832434694007, ""2021"": 1.175334011563767, ""2022"": 0.3975098815164666}"
300,0.6,ret3_deceleration,discovery,4,257,-0.00018592867788509213,-0.0184189526334711,0.9915060517651111,0.3540856031128405,0.2529182879377432,0.622568093385214,0.1245136186770428,8.474708171206226,0.040379639767351413,-0.03445390726543852,"{""2019"": 0.012383593750806162, ""2020"": -0.007621229696710904, ""2021"": 0.01792026207613603, ""2022"": -0.016020676925485006}","{""2019"": 1.7842901530716102, ""2020"": 0.7001110342134406, ""2021"": 2.2073417644308493, ""2022"": 0.4456101538926399}"
300,0.6,ret3_deceleration,discovery,5,258,-0.0073723071054688375,-0.02439621769943285,0.7612405180040164,0.3488372093023256,0.2713178294573643,0.5930232558139535,0.13565891472868216,8.996124031007753,0.04643363831265798,-0.046106229116259466,"{""2019"": 0.0035553734406225308, ""2020"": -0.007931365680923726, ""2021"": 0.009144909818219103, ""2022"": -0.022995468185259688}","{""2019"": 1.1722959650021358, ""2020"": 0.7805485892762762, ""2021"": 1.3827113969227645, ""2022"": 0.400362682847492}"
300,0.6,ret3_deceleration,validation,1,204,0.013686304960410524,-0.0220423964272235,1.5349105327959105,0.37254901960784315,0.25,0.5931372549019608,0.1568627450980392,9.362745098039216,0.06769754822248995,-0.0419052216804504,"{""2023"": 0.0006685930519181077, ""2024"": -0.001276741534510336, ""2025"": 0.05577551892619995, ""2026"": 0.007902447014402056}","{""2023"": 1.0321972077840587, ""2024"": 0.9571422923395226, ""2025"": 3.1856659105424057, ""2026"": 1.3036392750497743}"
300,0.6,ret3_deceleration,validation,2,261,0.001640583308019998,-0.0102128913241489,1.0850129599430915,0.39080459770114945,0.2950191570881226,0.5632183908045977,0.1417624521072797,9.065134099616857,0.03972738545853842,-0.032191087185410514,"{""2023"": 0.0023167371997287866, ""2024"": -0.0023044453860941836, ""2025"": 0.0038493269994078804, ""2026"": 0.0015402316639935773}","{""2023"": 1.1069935538326874, ""2024"": 0.9000771506446872, ""2025"": 1.2403757851356216, ""2026"": 1.1065530941744584}"
300,0.6,ret3_deceleration,validation,3,143,0.006096305166786871,-0.006405595508658,1.3244420560358372,0.4405594405594406,0.3706293706293706,0.5244755244755245,0.1048951048951049,8.188811188811188,0.0414565784575664,-0.029152972056470376,"{""2023"": 0.0013235274467498404, ""2024"": 0.00038899588728740994, ""2025"": 0.017382081720456685, ""2026"": 0.008295046464287751}","{""2023"": 1.0522238988431705, ""2024"": 1.021255051510827, ""2025"": 2.285709493760975, ""2026"": 1.4391108818483382}"
300,0.6,ret3_deceleration,validation,4,194,-0.0033851068975972037,-0.019660683920667298,0.8587835956637863,0.3711340206185567,0.2422680412371134,0.5876288659793815,0.17010309278350516,8.649484536082474,0.036835777493454666,-0.03472996203959439,"{""2023"": -0.011502926465912115, ""2024"": -0.004084786821719407, ""2025"": 0.014458336354657562, ""2026"": -0.014857972605246938}","{""2023"": 0.5899687117422485, ""2024"": 0.8223382936481899, ""2025"": 1.893436683857501, ""2026"": 0.533346553751319}"
300,0.6,ret3_deceleration,validation,5,204,0.003132377740196765,-0.020074261453030998,1.1259767495885702,0.39215686274509803,0.3088235294117647,0.5637254901960784,0.12745098039215685,9.049019607843137,0.046631293333167456,-0.03778026779410375,"{""2023"": -0.0033798413300988764, ""2024"": -0.002633068642054045, ""2025"": 0.018040205042398713, ""2026"": 0.011779032177423461}","{""2023"": 0.8690712303300026, ""2024"": 0.8999093852838294, ""2025"": 1.849529033669607, ""2026"": 1.4602720079730067}"
300,0.6,downside_body_decay,discovery,1,255,0.0031734027747832264,-0.0166890676852167,1.1308120128741859,0.4117647058823529,0.3137254901960784,0.5294117647058824,0.1568627450980392,9.580392156862745,0.047062475103957085,-0.03805917052344098,"{""2019"": 0.009587031622520196, ""2020"": -1.01062569007667e-06, ""2021"": 0.012870489737113551, ""2022"": -0.011808714597102166}","{""2019"": 1.5457307726460234, ""2020"": 0.9999651016691974, ""2021"": 1.6425420939134576, ""2022"": 0.6405002106405722}"
300,0.6,downside_body_decay,discovery,2,257,-0.001929841513678591,-0.0142071655288252,0.9203930383645911,0.3852140077821012,0.29961089494163423,0.5603112840466926,0.14007782101167315,8.805447470817121,0.03995679626262541,-0.03721576908626525,"{""2019"": 0.0032272766227279064, ""2020"": -0.006805826112324404, ""2021"": 0.010011147043189991, ""2022"": -0.014122011116889517}","{""2019"": 1.1560554482727956, ""2020"": 0.7672409404920308, ""2021"": 1.6008048655738019, ""2022"": 0.5494446992408927}"
300,0.6,downside_body_decay,discovery,3,257,-0.0010644234647455189,-0.0198291287004646,0.9548754755269211,0.36186770428015563,0.22957198443579765,0.5914396887159533,0.17898832684824903,9.657587548638132,0.04277216605089277,-0.03785793145313937,"{""2019"": 0.0071622457606660365, ""2020"": 0.0015290988695686443, ""2021"": 0.015359051650261978, ""2022"": -0.016859062615756867}","{""2019"": 1.3833623913948123, ""2020"": 1.060292453174762, ""2021"": 1.984518849136223, ""2022"": 0.4525042943407614}"
300,0.6,downside_body_decay,discovery,4,256,-0.0026602663554174256,-0.0177038572384385,0.8910687819663942,0.37890625,0.296875,0.58984375,0.11328125,8.4765625,0.040928264119299375,-0.03630638802544176,"{""2019"": 0.010869169453337513, ""2020"": 0.0013028950884984558, ""2021"": -0.0009756937558419349, ""2022"": -0.01545341219269353}","{""2019"": 1.5564838667815681, ""2020"": 1.0568568251560317, ""2021"": 0.9589712554964367, ""2022"": 0.4689580529176437}"
300,0.6,downside_body_decay,discovery,5,258,-0.005055768944298111,-0.0196460411325762,0.7982255347109188,0.35658914728682173,0.2713178294573643,0.6046511627906976,0.12403100775193798,8.375968992248062,0.03661815483808091,-0.037909804617304754,"{""2019"": 0.012539870412584775, ""2020"": -0.007031339148570522, ""2021"": 0.013320071231018455, ""2022"": -0.027205804247757037}","{""2019"": 1.7905458963057432, ""2020"": 0.7612321563082027, ""2021"": 1.8921936175243743, ""2022"": 0.23633123586519889}"
300,0.6,downside_body_decay,validation,1,211,0.0018138578400382042,-0.0153341906732891,1.0801093230246388,0.3886255924170616,0.3033175355450237,0.5781990521327014,0.11848341232227488,8.549763033175356,0.04374139599649369,-0.03498858971271285,"{""2023"": 0.005555603318385148, ""2024"": -0.006997253495674813, ""2025"": 0.005049413233304474, ""2026"": 0.01184839732669213}","{""2023"": 1.2462735883230662, ""2024"": 0.7301800584791949, ""2025"": 1.235985497549536, ""2026"": 1.8047376150889383}"
300,0.6,downside_body_decay,validation,2,219,-0.0038904030124786693,-0.0198048262678903,0.8378122979825443,0.3789954337899543,0.2328767123287671,0.5981735159817352,0.1689497716894977,9.045662100456621,0.03795168418629283,-0.03785155862646944,"{""2023"": -0.005590148718412452, ""2024"": -0.009662586601121594, ""2025"": 0.012555860011206869, ""2026"": -0.027732453923914862}","{""2023"": 0.7725816797597597, ""2024"": 0.6389042717353236, ""2025"": 1.7561499653343178, ""2026"": 0.19469011366467698}"
300,0.6,downside_body_decay,validation,3,179,0.0026911769304221924,-0.0155700744009433,1.1174580574835704,0.4134078212290503,0.2569832402234637,0.5083798882681564,0.2346368715083799,10.441340782122905,0.04791989955073681,-0.03578673191392876,"{""2023"": -0.012793270419845782, ""2024"": 0.009192702728822708, ""2025"": 0.01012536713490512, ""2026"": 0.013387021101675677}","{""2023"": 0.5881382407727652, ""2024"": 1.4315226932742087, ""2025"": 1.642240180541015, ""2026"": 1.6095350812594675}"
300,0.6,downside_body_decay,validation,4,192,0.005036094056508862,-0.00992051991902595,1.2485729389300657,0.4322916666666667,0.3489583333333333,0.5260416666666666,0.125,8.770833333333334,0.04510070998312558,-0.03257814123093228,"{""2023"": -0.006237757685272326, ""2024"": -0.0007498142123589918, ""2025"": 0.01919826075861414, ""2026"": 0.03108456920707576}","{""2023"": 0.7384146329397776, ""2024"": 0.9661245936414836, ""2025"": 2.2915874863428445, ""2026"": 3.0225024146484265}"
300,0.6,downside_body_decay,validation,5,205,0.015097014346942755,-0.01786051371308,1.66638144680029,0.3463414634146341,0.3073170731707317,0.6195121951219512,0.07317073170731707,7.965853658536585,0.058480541984363636,-0.035274582197299044,"{""2023"": 0.005939003531474774, ""2024"": 0.0029154332036110237, ""2025"": 0.05411939295574475, ""2026"": -0.009848985126466103}","{""2023"": 1.3003712816703399, ""2024"": 1.1158357922600708, ""2025"": 3.37415765106129, ""2026"": 0.6052627282232802}"
300,0.6,signal_clv,discovery,1,257,-0.003555362306230568,-0.0186431203992281,0.8668925453487161,0.38910505836575876,0.29961089494163423,0.5525291828793775,0.14785992217898833,9.365758754863814,0.04193911530274881,-0.041768816367669236,"{""2019"": 0.007738453116351279, ""2020"": -0.017966072420932632, ""2021"": 0.005693523438449084, ""2022"": -0.011953803694411376}","{""2019"": 1.4463861241704472, ""2020"": 0.5288658809995378, ""2021"": 1.2616720369576784, ""2022"": 0.6276638203991676}"
300,0.6,signal_clv,discovery,2,254,0.005550719632480118,-0.015463873928815701,1.263882275695464,0.4094488188976378,0.3188976377952756,0.5433070866141733,0.1377952755905512,8.503937007874017,0.04458040591705717,-0.03436453741457924,"{""2019"": 0.012918977829454465, ""2020"": 0.020333396269103205, ""2021"": 0.018713645485028223, ""2022"": -0.024422827504514355}","{""2019"": 1.6981915862458654, ""2020"": 2.131810911755245, ""2021"": 2.330342589662325, ""2022"": 0.25127186420623004}"
300,0.6,signal_clv,discovery,3,256,0.0015429358309052548,-0.014616843182174051,1.071015013480898,0.3828125,0.28515625,0.5625,0.15234375,9.28125,0.04256865528953077,-0.03411897366957103,"{""2019"": 0.013012792991411764, ""2020"": -0.00016779836903044155, ""2021"": 0.007581535709365705, ""2022"": -0.014471410221895168}","{""2019"": 1.8130833107701825, ""2020"": 0.9925321167768476, ""2021"": 1.3990578279045978, ""2022"": 0.5103517607783129}"
300,0.6,signal_clv,discovery,4,258,0.0018240111696589355,-0.0161901580318318,1.0835124710364263,0.41472868217054265,0.2868217054263566,0.5426356589147286,0.17054263565891473,9.635658914728682,0.04337923724717417,-0.03500881202697809,"{""2019"": 0.011588303849663672, ""2020"": 0.007139949427659306, ""2021"": 0.016299426309579833, ""2022"": -0.014733900740617508}","{""2019"": 1.674172501716395, ""2020"": 1.41303295227703, ""2021"": 2.0304044770290655, ""2022"": 0.5114503711593474}"
300,0.6,signal_clv,discovery,5,258,-0.012819636026874,-0.024091006163538098,0.5754514911899178,0.29844961240310075,0.22093023255813954,0.6744186046511628,0.10465116279069768,8.10077519379845,0.034868989648135534,-0.04203211385937017,"{""2019"": -0.006489397084492723, ""2020"": -0.011882896828122777, ""2021"": 0.0010521361488947687, ""2022"": -0.021763274160250225}","{""2019"": 0.738731704849359, ""2020"": 0.6821010451779183, ""2021"": 1.048756136327658, ""2022"": 0.36625864545262077}"
300,0.6,signal_clv,validation,1,215,-0.0009503493163033553,-0.0141663408038469,0.9601788043609774,0.39069767441860465,0.2744186046511628,0.5627906976744186,0.16279069767441862,9.293023255813953,0.04281560633519282,-0.037389265575674645,"{""2023"": 0.0025750374032587745, ""2024"": -0.010029468772453939, ""2025"": 0.005348735096973215, ""2026"": -0.00086878719047818}","{""2023"": 1.1030568527512643, ""2024"": 0.6141530261742172, ""2025"": 1.253417212775128, ""2026"": 0.9604992304839567}"
300,0.6,signal_clv,validation,2,186,0.014029888094602315,-0.019709906134408497,1.570106604067224,0.3709677419354839,0.2903225806451613,0.6129032258064516,0.0967741935483871,8.134408602150538,0.059250313329769815,-0.037559417474481424,"{""2023"": -0.002845394320154243, ""2024"": -0.011909359490150616, ""2025"": 0.05809564199296366, ""2026"": 0.009879501623631735}","{""2023"": 0.8906844163922368, ""2024"": 0.62777047927485, ""2025"": 4.184563026805054, ""2026"": 1.661135052293906}"
300,0.6,signal_clv,validation,3,190,0.0014313165012054794,-0.01713152602005565,1.0650400857327205,0.3894736842105263,0.30526315789473685,0.5894736842105263,0.10526315789473684,8.642105263157895,0.04252784280547513,-0.033620632230160034,"{""2023"": -0.011737065322835425, ""2024"": 0.007492294932770249, ""2025"": 0.017334465950444102, ""2026"": -0.021184388350439648}","{""2023"": 0.5616839374038314, ""2024"": 1.3639164759223008, ""2025"": 2.1268996169337178, ""2026"": 0.26167890896929236}"
300,0.6,signal_clv,validation,4,217,0.001573182397865429,-0.0191814223196555,1.0664789886356765,0.391705069124424,0.2764976958525346,0.5483870967741935,0.17511520737327188,9.612903225806452,0.04632850229276158,-0.037716565791588656,"{""2023"": -0.0031143588358961104, ""2024"": -0.0007468110474419925, ""2025"": 0.009423508133225927, ""2026"": 0.009034045003709853}","{""2023"": 0.8722098382509331, ""2024"": 0.9694975347023829, ""2025"": 1.4375408765206448, ""2026"": 1.3824723547981426}"
300,0.6,signal_clv,validation,5,198,0.005331816246854151,-0.011822252708333099,1.2899218491527351,0.4090909090909091,0.30303030303030304,0.5353535353535354,0.16161616161616163,8.747474747474747,0.04245895991526095,-0.030136578779944568,"{""2023"": 0.004210779862021171, ""2024"": 0.003615714412515038, ""2025"": 0.0071659341120609, ""2026"": 0.008431269074665338}","{""2023"": 1.2278939868810503, ""2024"": 1.179827283126257, ""2025"": 1.4869877703228973, ""2026"": 1.3619317886426867}"
300,0.6,signal_lower_wick,discovery,1,257,-0.00595329377132848,-0.0204251667656225,0.790220758039284,0.40077821011673154,0.2801556420233463,0.5603112840466926,0.15953307392996108,9.346303501945526,0.0427745056399611,-0.0432486855961617,"{""2019"": 0.008769561273276388, ""2020"": -0.020012145889118503, ""2021"": 0.0072198546102336504, ""2022"": -0.01803798935518806}","{""2019"": 1.4856845216346741, ""2020"": 0.48423955651797296, ""2021"": 1.3531545167037167, ""2022"": 0.49291105689339365}"
300,0.6,signal_lower_wick,discovery,2,258,-0.0010501616955090494,-0.0166978859439941,0.9554481021739359,0.3798449612403101,0.29457364341085274,0.5581395348837209,0.14728682170542637,9.065891472868216,0.04110979446977524,-0.03702365156098959,"{""2019"": 0.009814867728658987, ""2020"": -0.0024322214690933952, ""2021"": 0.015006067485440571, ""2022"": -0.020466192099622416}","{""2019"": 1.6430321133355479, ""2020"": 0.9136959926252859, ""2021"": 2.004899999660953, ""2022"": 0.3903054740718616}"
300,0.6,signal_lower_wick,discovery,3,255,-0.0021265180322871937,-0.0202730667202573,0.9160068355704454,0.3568627450980392,0.2784313725490196,0.6,0.12156862745098039,8.537254901960784,0.04150151956720212,-0.037447636824199264,"{""2019"": 0.009548045390221152, ""2020"": 0.007178733768575422, ""2021"": 0.009945860419438719, ""2022"": -0.02622471049456676}","{""2019"": 1.4580905854039707, ""2020"": 1.2803064189542417, ""2021"": 1.505794046298549, ""2022"": 0.22818961551730668}"
300,0.6,signal_lower_wick,discovery,4,255,0.0004905159830187253,-0.0152872535754503,1.0228406141968023,0.3686274509803922,0.27058823529411763,0.5882352941176471,0.1411764705882353,8.666666666666666,0.03883727830372473,-0.03484079399748082,"{""2019"": 0.010510460188201629, ""2020"": 0.009258150165750335, ""2021"": 0.007262088850358996, ""2022"": -0.018490909453456383}","{""2019"": 1.588407972371414, ""2020"": 1.4941911336511384, ""2021"": 1.4417379799198107, ""2022"": 0.3856364485680296}"
300,0.6,signal_lower_wick,discovery,5,258,0.0010557898168029698,-0.016473862648180952,1.0462629840881912,0.3875968992248062,0.2868217054263566,0.5697674418604651,0.1434108527131783,9.267441860465116,0.0430295567794201,-0.034781512741879295,"{""2019"": 0.002424236703210461, ""2020"": 0.00968311456493833, ""2021"": 0.013679479467017103, ""2022"": -0.008281737935325578}","{""2019"": 1.1160929162336046, ""2020"": 1.589379550832335, ""2021"": 1.702798840910884, ""2022"": 0.702664778059002}"
300,0.6,signal_lower_wick,validation,1,210,0.01849113684768155,-0.013620457003875801,1.8600738434176816,0.4095238095238095,0.3238095238095238,0.5476190476190477,0.12857142857142856,8.423809523809524,0.059787960788426325,-0.0342424281527388,"{""2023"": 0.004968484370642718, ""2024"": 0.01198670568519185, ""2025"": 0.06172990045544358, ""2026"": -0.02229326898322873}","{""2023"": 1.2176489034942355, ""2024"": 1.6212559593701203, ""2025"": 4.547790101970228, ""2026"": 0.31576973085490934}"
300,0.6,signal_lower_wick,validation,2,219,-0.006148997305663394,-0.0194783673410403,0.749269285416833,0.3424657534246575,0.2237442922374429,0.5799086757990868,0.1963470319634703,9.648401826484019,0.040952951170897964,-0.03864840586283501,"{""2023"": -0.013797377534849938, ""2024"": -0.010842751435522421, ""2025"": 0.005903078408222668, ""2026"": 6.663288297945983e-05}","{""2023"": 0.5267919609311219, ""2024"": 0.5968654014585179, ""2025"": 1.3440969839735033, ""2026"": 1.0029371673902763}"
300,0.6,signal_lower_wick,validation,3,181,0.0017696664989879187,-0.0132686133946793,1.0796613924907315,0.40331491712707185,0.3259668508287293,0.569060773480663,0.10497237569060773,8.56353591160221,0.041673466986748044,-0.03464901968108487,"{""2023"": 0.007345277609210316, ""2024"": -0.006964451342325406, ""2025"": 0.005064715835569018, ""2026"": 0.0034850783941854247}","{""2023"": 1.374416517270635, ""2024"": 0.7277178102190751, ""2025"": 1.2249821369959082, ""2026"": 1.2056716482485959}"
300,0.6,signal_lower_wick,validation,4,211,0.002565607079876468,-0.016092381532238,1.115886005509222,0.3886255924170616,0.2843601895734597,0.5971563981042654,0.11848341232227488,8.507109004739336,0.04503987173987942,-0.03330868484333886,"{""2023"": -0.010151431494209634, ""2024"": 5.527293797293188e-06, ""2025"": 0.011106972595958556, ""2026"": 0.02768862074456429}","{""2023"": 0.6189661903709904, ""2024"": 1.000227740621927, ""2025"": 1.6338492367226873, ""2026"": 2.9359685508812343}"
300,0.6,signal_lower_wick,validation,5,185,0.003654612739406383,-0.0180245131028937,1.1653793336291651,0.41621621621621624,0.2972972972972973,0.5459459459459459,0.15675675675675677,9.427027027027027,0.04430207730531193,-0.035728029122707505,"{""2023"": 0.0018371940340352762, ""2024"": -0.0036509211881833167, ""2025"": 0.015057290112305959, ""2026"": 0.014610200850096178}","{""2023"": 1.084563897074354, ""2024"": 0.8602677674928119, ""2025"": 1.871040500146229, ""2026"": 1.8019701284455183}"
300,0.6,low_extension_deceleration,discovery,1,257,0.0018683458221392714,-0.017920285992122,1.0838061090394149,0.36964980544747084,0.245136186770428,0.5797665369649806,0.17509727626459143,9.428015564202335,0.042111289822628656,-0.034611411975224125,"{""2019"": 0.007181231853017069, ""2020"": 0.009326183997188398, ""2021"": 0.009736134152184321, ""2022"": -0.011720604654769918}","{""2019"": 1.3865943293634815, ""2020"": 1.4075525404880216, ""2021"": 1.5170164662418708, ""2022"": 0.5840154297575325}"
300,0.6,low_extension_deceleration,discovery,2,257,0.0007754147071786252,-0.0182046301722209,1.0328820508657677,0.3735408560311284,0.245136186770428,0.5758754863813229,0.17898832684824903,10.03112840466926,0.04367500780455001,-0.036738108546671124,"{""2019"": 0.009384126531768662, ""2020"": 0.0005390807679517118, ""2021"": 0.005988269926887029, ""2022"": -0.00982454227967095}","{""2019"": 1.4655276536030375, ""2020"": 1.025012082524559, ""2021"": 1.3026752552551377, ""2022"": 0.6704607689365422}"
300,0.6,low_extension_deceleration,discovery,3,256,0.0036775388273014306,-0.01480431470009745,1.1722733073548024,0.40234375,0.30859375,0.55078125,0.140625,9.40625,0.045389202881961584,-0.03455637387868327,"{""2019"": 0.013521170554192895, ""2020"": 0.004128077207922495, ""2021"": 0.01165611047029925, ""2022"": -0.015731400468792654}","{""2019"": 1.8614268247366954, ""2020"": 1.1948909981826839, ""2021"": 1.5590045034697633, ""2022"": 0.45080782828726557}"
300,0.6,low_extension_deceleration,discovery,4,258,-0.001745832970477988,-0.01505352486422805,0.9303766127708964,0.4069767441860465,0.3062015503875969,0.5503875968992248,0.1434108527131783,8.945736434108527,0.04170638390299036,-0.03892614670492868,"{""2019"": 0.008862477065200693, ""2020"": -0.0027536566284727753, ""2021"": 0.020527469146294934, ""2022"": -0.023947822283362733}","{""2019"": 1.4649355138915454, ""2020"": 0.8980912634562768, ""2021"": 2.7428313073878567, ""2022"": 0.3560082492074047}"
300,0.6,low_extension_deceleration,discovery,5,255,-0.012220378258594481,-0.0247789086600983,0.582884064139005,0.3411764705882353,0.3058823529411765,0.6196078431372549,0.07450980392156863,7.066666666666666,0.03435463746631431,-0.042541137689962955,"{""2019"": 0.0002907046203501604, ""2020"": -0.015725953019908687, ""2021"": 0.00517192753454233, ""2022"": -0.02589434322671535}","{""2019"": 1.0147587632507586, ""2020"": 0.608676289917459, ""2021"": 1.2890665870049112, ""2022"": 0.257417906771196}"
300,0.6,low_extension_deceleration,validation,1,244,-0.0022749273550429143,-0.0199929152914214,0.904086801802393,0.3401639344262295,0.22950819672131148,0.6147540983606558,0.1557377049180328,8.90983606557377,0.04070612475213889,-0.03619280234907065,"{""2023"": -0.009078480646044003, ""2024"": -0.0007617877384241569, ""2025"": 0.004652110707495638, ""2026"": -0.010076743929179807}","{""2023"": 0.6822245400262734, ""2024"": 0.9648269525183629, ""2025"": 1.2166323290661567, ""2026"": 0.6046557728301836}"
300,0.6,low_extension_deceleration,validation,2,206,0.0035857226107595345,-0.01301926390908915,1.1652809034161111,0.4223300970873786,0.2815533980582524,0.5436893203883495,0.17475728155339806,9.407766990291263,0.044122656365853434,-0.03437840547411661,"{""2023"": -0.0014638652544266553, ""2024"": 0.00040410662504156467, ""2025"": 0.01862600375551768, ""2026"": -0.01959197793913799}","{""2023"": 0.9423297262682028, ""2024"": 1.019206993978152, ""2025"": 2.1754907884984194, ""2026"": 0.39047487138245207}"
300,0.6,low_extension_deceleration,validation,3,204,0.014686960828900532,-0.02071954298822795,1.6015739216411322,0.3480392156862745,0.2696078431372549,0.6176470588235294,0.11274509803921569,9.053921568627452,0.06084673772762578,-0.0364998608784607,"{""2023"": -0.0015563823786718372, ""2024"": -0.005461223572350805, ""2025"": 0.05569713318388376, ""2026"": 0.00043605121507286627}","{""2023"": 0.9359397304313065, ""2024"": 0.8170424376700798, ""2025"": 3.752763975524612, ""2026"": 1.019514835932976}"
300,0.6,low_extension_deceleration,validation,4,220,0.0021505452543321207,-0.0141356510948848,1.1003120233739387,0.40454545454545454,0.3090909090909091,0.5409090909090909,0.15,8.959090909090909,0.043874272448641186,-0.033791018185598765,"{""2023"": 0.002857728844630333, ""2024"": -0.002962024598119995, ""2025"": 0.004269222285941077, ""2026"": 0.006844830103649081}","{""2023"": 1.1314334274855167, ""2024"": 0.8788224418144848, ""2025"": 1.2422942024258294, ""2026"": 1.3065160305336225}"
300,0.6,low_extension_deceleration,validation,5,132,0.0031926353545378957,-0.00464483748235195,1.1553533834669287,0.4772727272727273,0.4090909090909091,0.49242424242424243,0.09848484848484848,7.886363636363637,0.04302823294826079,-0.03614553278089994,"{""2023"": -0.004137407035578043, ""2024"": -0.003640129496155274, ""2025"": 0.008486029878636095, ""2026"": 0.027903081503919965}","{""2023"": 0.7871832574880003, ""2024"": 0.880455638787765, ""2025"": 1.5604241051957548, ""2026"": 3.6693539018452435}"
300,0.6,close_reclaim_acceleration,discovery,1,258,-0.0009266030809554189,-0.01812558145121785,0.9575895317606464,0.3372093023255814,0.20930232558139536,0.624031007751938,0.16666666666666666,8.887596899224807,0.03906060477601013,-0.03351736051726268,"{""2019"": 0.003399112539646547, ""2020"": 0.014852084413393581, ""2021"": 0.009937639606117007, ""2022"": -0.014678347857182744}","{""2019"": 1.1756903407104806, ""2020"": 1.933388909467324, ""2021"": 1.4740562471413738, ""2022"": 0.43780622633291655}"
300,0.6,close_reclaim_acceleration,discovery,2,258,0.0009853392503363797,-0.0167763850765139,1.0442766030568793,0.35658914728682173,0.24031007751937986,0.6085271317829457,0.1511627906976744,9.767441860465116,0.04354717269270009,-0.03364194292237722,"{""2019"": 0.009987233637413278, ""2020"": -0.011427602750637224, ""2021"": 0.01285841132231427, ""2022"": -0.013423439066808027}","{""2019"": 1.5248231547663769, ""2020"": 0.589653654312177, ""2021"": 1.8709263950765582, ""2022"": 0.5433738354788785}"
300,0.6,close_reclaim_acceleration,discovery,3,257,-0.001490106097883956,-0.0195913800465253,0.9418571150642193,0.3657587548638132,0.2529182879377432,0.5875486381322957,0.15953307392996108,9.766536964980546,0.04289062216507939,-0.03896853380642009,"{""2019"": 0.00751862864496342, ""2020"": 0.01916452662059288, ""2021"": 0.0060930756217320555, ""2022"": -0.025156780327084998}","{""2019"": 1.3417495571468343, ""2020"": 2.246273248771706, ""2021"": 1.2851809562696581, ""2022"": 0.3176125015446267}"
300,0.6,close_reclaim_acceleration,discovery,4,258,-0.0027525024704577977,-0.019273245869729602,0.8915647940137749,0.3798449612403101,0.313953488372093,0.5697674418604651,0.11627906976744186,8.670542635658915,0.04229033622558119,-0.04004403231746292,"{""2019"": 0.013623164805937095, ""2020"": -0.012047548530786233, ""2021"": 0.007672532691855459, ""2022"": -0.015062168759320404}","{""2019"": 1.8153044620441436, ""2020"": 0.6245304271857444, ""2021"": 1.423999604173084, ""2022"": 0.5263472040885588}"
300,0.6,close_reclaim_acceleration,discovery,5,252,-0.003443555530424789,-0.01272189118517595,0.8701148516974744,0.45634920634920634,0.3968253968253968,0.48412698412698413,0.11904761904761904,7.773809523809524,0.039447582536889514,-0.04127309775515738,"{""2019"": 0.007310654199249583, ""2020"": -0.011221349972412118, ""2021"": 0.014470083685525359, ""2022"": -0.021876842768943527}","{""2019"": 1.4900897612774189, ""2020"": 0.691638120071055, ""2021"": 1.8806106094469008, ""2022"": 0.4202961405805456}"
300,0.6,close_reclaim_acceleration,validation,1,236,0.000979273587519629,-0.01631587935144615,1.0475319267338776,0.3389830508474576,0.25,0.6271186440677966,0.1228813559322034,8.220338983050848,0.0403370564396709,-0.03179480927434881,"{""2023"": -0.008183585857801313, ""2024"": 0.002666636202105804, ""2025"": 0.011696099704502748, ""2026"": -0.0055449475251628105}","{""2023"": 0.6447454608508145, ""2024"": 1.1294545963942826, ""2025"": 1.7231946145399766, ""2026"": 0.7768367703146801}"
300,0.6,close_reclaim_acceleration,validation,2,204,0.004344594855093554,-0.01574495365206725,1.211771373350498,0.3872549019607843,0.24019607843137256,0.5686274509803921,0.19117647058823528,9.303921568627452,0.04433224794431052,-0.03267150852299741,"{""2023"": -0.002318195723456247, ""2024"": 0.002493490628698191, ""2025"": 0.016934828234792847, ""2026"": 0.000253774176405074}","{""2023"": 0.8997860479361505, ""2024"": 1.1266782594512843, ""2025"": 2.0960673737335056, ""2026"": 1.0079341412755973}"
300,0.6,close_reclaim_acceleration,validation,3,204,-0.002410521168619617,-0.02004818315634355,0.9079934170829739,0.3480392156862745,0.23529411764705882,0.5931372549019608,0.1715686274509804,9.950980392156863,0.04644484132872234,-0.03811693732157605,"{""2023"": -0.0034529464405853544, ""2024"": -0.007624232038812154, ""2025"": 0.002217374914710935, ""2026"": 0.006504035877253801}","{""2023"": 0.8734035701324412, ""2024"": 0.7456011488620117, ""2025"": 1.0953697870039525, ""2026"": 1.3934183604914585}"
300,0.6,close_reclaim_acceleration,validation,4,198,0.011556118671217995,-0.022948942336621148,1.4519310077612289,0.3787878787878788,0.2878787878787879,0.5707070707070707,0.1414141414141414,9.06060606060606,0.05732468060908796,-0.040380864462272334,"{""2023"": 0.0002331832139881746, ""2024"": -0.008529908331847571, ""2025"": 0.04802025140152011, ""2026"": 0.005545544616111171}","{""2023"": 1.0092108986453234, ""2024"": 0.7116551312047258, ""2025"": 3.151346144872854, ""2026"": 1.2288594904009924}"
300,0.6,close_reclaim_acceleration,validation,5,164,0.007076178777056659,0.01146709971732315,1.3613946920705287,0.5365853658536586,0.47560975609756095,0.45121951219512196,0.07317073170731707,7.9817073170731705,0.04498783258008776,-0.03429495209383255,"{""2023"": 0.00436084264341961, ""2024"": -0.0029052247337847, ""2025"": 0.02055209168196838, ""2026"": 0.004464071835486293}","{""2023"": 1.206756824237126, ""2024"": 0.887875013240444, ""2025"": 2.5498606241417345, ""2026"": 1.2622917961630582}"
300,0.8,ret3_deceleration,discovery,1,258,0.0007667393305915721,-0.02313853240732135,1.0282784511625713,0.3449612403100775,0.15503875968992248,0.5775193798449613,0.26744186046511625,10.55813953488372,0.05415557767617405,-0.04213971335738795,"{""2019"": 0.021778028397581695, ""2020"": -0.001993826147673838, ""2021"": 0.0124281312773339, ""2022"": -0.018146501413797905}","{""2019"": 2.408715185012589, ""2020"": 0.9410965668911629, ""2021"": 1.5809580137038488, ""2022"": 0.4685721915340155}"
300,0.8,ret3_deceleration,discovery,2,258,0.00046305921075183714,-0.01836340495967615,1.0194977295226653,0.38372093023255816,0.1511627906976744,0.5542635658914729,0.29457364341085274,11.286821705426357,0.045457943193861865,-0.03546345365114213,"{""2019"": 0.004672609692120084, ""2020"": 0.018161025097348377, ""2021"": 0.008682405017880424, ""2022"": -0.022435517078814346}","{""2019"": 1.236401710238511, ""2020"": 1.8256836564983474, ""2021"": 1.4567443872823451, ""2022"": 0.35151513818008717}"
300,0.8,ret3_deceleration,discovery,3,257,-0.005179280738027604,-0.018853938533489,0.7911698151198095,0.32684824902723736,0.11284046692607004,0.6303501945525292,0.25680933852140075,10.906614785992218,0.03834663535443109,-0.03693395288724172,"{""2019"": 0.0020963999756649274, ""2020"": -0.010457877734540898, ""2021"": 0.004242881841622755, ""2022"": -0.018212863015820684}","{""2019"": 1.0909498218653328, ""2020"": 0.6290727688329659, ""2021"": 1.2282743638745506, ""2022"": 0.3898078887371779}"
300,0.8,ret3_deceleration,discovery,4,257,-0.0006465061578140471,-0.0200357259867779,0.9720594683098851,0.32684824902723736,0.11673151750972763,0.6498054474708171,0.23346303501945526,10.136186770428015,0.04518306470689812,-0.03591588145151538,"{""2019"": 0.012569176598591686, ""2020"": -0.0059435799585568815, ""2021"": 0.011883132504234183, ""2022"": -0.015371465332069647}","{""2019"": 1.7805541749093936, ""2020"": 0.773682441669512, ""2021"": 1.6750529750289573, ""2022"": 0.494996697380484}"
300,0.8,ret3_deceleration,discovery,5,258,-0.008191057297383758,-0.0286132811866265,0.7546709818262937,0.31007751937984496,0.14728682170542637,0.624031007751938,0.22868217054263565,10.624031007751938,0.05226429380731253,-0.04911485375426661,"{""2019"": 0.004061523623374358, ""2020"": -0.0046507947275318175, ""2021"": 0.00754834547695544, ""2022"": -0.026943649068549708}","{""2019"": 1.19674965761527, ""2020"": 0.8823345810856775, ""2021"": 1.273385093751855, ""2022"": 0.35082013546812646}"
300,0.8,ret3_deceleration,validation,1,205,0.011607083496099794,-0.024532430661094,1.4253836323543363,0.33658536585365856,0.15121951219512195,0.6195121951219512,0.22926829268292684,10.75609756097561,0.07226823376074701,-0.04375604175881496,"{""2023"": -0.004985279748002319, ""2024"": -0.004560457875017222, ""2025"": 0.05628263464634849, ""2026"": 0.01688451345553419}","{""2023"": 0.7861883067714174, ""2024"": 0.8539703194125411, ""2025"": 3.0873162512404364, ""2026"": 1.6487612527946172}"
300,0.8,ret3_deceleration,validation,2,262,0.003814212809760873,-0.0134879014869678,1.1920119572514203,0.366412213740458,0.16412213740458015,0.5648854961832062,0.27099236641221375,10.965648854961833,0.04696831249167782,-0.03309052602946203,"{""2023"": 0.0030546975287310827, ""2024"": -0.002909143660373726, ""2025"": 0.00723079602876551, ""2026"": 0.010056153805984326}","{""2023"": 1.1394477672511438, ""2024"": 0.8809566115201634, ""2025"": 1.4390556264808227, ""2026"": 1.6864832590740029}"
300,0.8,ret3_deceleration,validation,3,143,0.007532011710905069,-0.0098666161242602,1.3789472628279642,0.3986013986013986,0.20279720279720279,0.5524475524475524,0.24475524475524477,10.657342657342657,0.04819871669369221,-0.030467938372217864,"{""2023"": 0.006904024167344858, ""2024"": -0.0015502994669138795, ""2025"": 0.019877173463564823, ""2026"": 0.009012464408135875}","{""2023"": 1.2624817539807958, ""2024"": 0.9230645159366244, ""2025"": 2.4155670683280572, ""2026"": 1.4770884902117436}"
300,0.8,ret3_deceleration,validation,4,194,-0.001506368392510925,-0.02110750541903445,0.9387847710829358,0.35051546391752575,0.14948453608247422,0.6030927835051546,0.24742268041237114,10.231958762886597,0.04195271100162294,-0.03576379770373047,"{""2023"": -0.010284036110974273, ""2024"": 9.70617924955888e-05, ""2025"": 0.014081917140301915, ""2026"": -0.013483263599402143}","{""2023"": 0.6535171506360336, ""2024"": 1.004221557801901, ""2025"": 1.8528371576805358, ""2026"": 0.5765228815189465}"
300,0.8,ret3_deceleration,validation,5,205,0.007988832290167103,-0.0205665265717024,1.3137854878262263,0.3804878048780488,0.1951219512195122,0.5707317073170731,0.23414634146341465,10.609756097560975,0.05626902526306185,-0.03839521632523566,"{""2023"": 0.0026126193075471107, ""2024"": -0.00020866784495539938, ""2025"": 0.023517373940183446, ""2026"": 0.020964671648420027}","{""2023"": 1.0992485710949138, ""2024"": 0.9924151805997842, ""2025"": 2.1074537074770614, ""2026"": 1.819205803224469}"
300,0.8,downside_body_decay,discovery,1,258,0.006424907259280039,-0.0189278962193897,1.2588754680090133,0.3953488372093023,0.17829457364341086,0.5426356589147286,0.27906976744186046,11.228682170542635,0.05412459749990725,-0.03954881149267268,"{""2019"": 0.009160635132208597, ""2020"": 0.0017025555340136013, ""2021"": 0.01837267816295999, ""2022"": -0.004502149063914957}","{""2019"": 1.494251079184039, ""2020"": 1.0569616449151003, ""2021"": 1.9087720210266763, ""2022"": 0.8629383726032847}"
300,0.8,downside_body_decay,discovery,2,257,-0.002799311763273702,-0.0177268299271151,0.8956061079233086,0.33852140077821014,0.13229571984435798,0.6070038910505836,0.2607003891050584,10.848249027237355,0.04599873319769382,-0.04019880104615528,"{""2019"": 0.005896935708720248, ""2020"": -0.012021257725306857, ""2021"": 0.007806670489488414, ""2022"": -0.016427763752006167}","{""2019"": 1.2802550665858548, ""2020"": 0.6831773361403423, ""2021"": 1.3759826285244814, ""2022"": 0.49490788323687523}"
300,0.8,downside_body_decay,discovery,3,257,-0.0017408648115506077,-0.0228639110750916,0.9316300305785765,0.33073929961089493,0.1245136186770428,0.6147859922178989,0.2607003891050584,11.0,0.0480869390549602,-0.039918011858832265,"{""2019"": 0.004813779842258215, ""2020"": 0.0007900261090250013, ""2021"": 0.019649756283108943, ""2022"": -0.019072253519358227}","{""2019"": 1.2433337322841918, ""2020"": 1.0279012051072551, ""2021"": 2.163790215200271, ""2022"": 0.4244989197856955}"
300,0.8,downside_body_decay,discovery,4,258,-0.004659506380811594,-0.0203491167429399,0.8273389054697944,0.3333333333333333,0.1511627906976744,0.624031007751938,0.2248062015503876,10.317829457364342,0.04628933836839477,-0.039295767587396516,"{""2019"": 0.008703175311411269, ""2020"": 0.005739309185381312, ""2021"": -0.005739165845654113, ""2022"": -0.019073053126124125}","{""2019"": 1.4310875998495491, ""2020"": 1.207010280614872, ""2021"": 0.7788389138552565, ""2022"": 0.4050760845953295}"
300,0.8,downside_body_decay,discovery,5,258,-0.01000728696978575,-0.02400909088667855,0.6441971813198363,0.29457364341085274,0.09689922480620156,0.6472868217054264,0.2558139534883721,10.12015503875969,0.04094882123861823,-0.040634629700087056,"{""2019"": 0.013227678475119605, ""2020"": -0.0073969894534652554, ""2021"": 0.0015066958164002596, ""2022"": -0.034542819007697456}","{""2019"": 1.8280220914034606, ""2020"": 0.7805551844553019, ""2021"": 1.0750196713613014, ""2022"": 0.12259984323737683}"
300,0.8,downside_body_decay,validation,1,212,0.003566852321428123,-0.01840830366432265,1.1509092463155297,0.3584905660377358,0.19339622641509435,0.5943396226415094,0.21226415094339623,10.443396226415095,0.051021444953261746,-0.03671655031180598,"{""2023"": 0.006609406072876245, ""2024"": -0.007236530047880285, ""2025"": 0.0064045384077762516, ""2026"": 0.024329988215879155}","{""2023"": 1.2631075774110405, ""2024"": 0.7310183426176448, ""2025"": 1.3027749820193792, ""2026"": 2.6524814413406195}"
300,0.8,downside_body_decay,validation,2,219,-0.0027094621275561477,-0.0212402766298895,0.8928472204237509,0.3515981735159817,0.1415525114155251,0.6210045662100456,0.2374429223744292,10.438356164383562,0.04274524947459015,-0.03919417570821713,"{""2023"": -0.0071474954373451725, ""2024"": -0.011386285220246133, ""2025"": 0.020622016644727265, ""2026"": -0.023974825405515262}","{""2023"": 0.7304072315512529, ""2024"": 0.5944421875447504, ""2025"": 2.182028559477659, ""2026"": 0.30380614801723943}"
300,0.8,downside_body_decay,validation,3,180,0.0003517114184460139,-0.01717787578009845,1.0145753185046633,0.38333333333333336,0.12777777777777777,0.5333333333333333,0.3388888888888889,11.95,0.05304775778965181,-0.03662472037872011,"{""2023"": -0.009550405416037423, ""2024"": 0.0021194037379835126, ""2025"": 0.005005889229104818, ""2026"": 0.016023874929860616}","{""2023"": 0.6953060333318103, ""2024"": 1.090345197488102, ""2025"": 1.287357627886504, ""2026"": 1.729595765426975}"
300,0.8,downside_body_decay,validation,4,193,0.009521538064893614,-0.015684931298489,1.4514387405280997,0.39896373056994816,0.21243523316062177,0.533678756476684,0.2538860103626943,10.927461139896373,0.054093965940906125,-0.033837451960725254,"{""2023"": -0.004154312451980332, ""2024"": 0.003120412412570416, ""2025"": 0.024486766346912377, ""2026"": 0.04422039726362343}","{""2023"": 0.8322970838514436, ""2024"": 1.1327349009424401, ""2025"": 2.5779295006896032, ""2026"": 4.09850013226414}"
300,0.8,downside_body_decay,validation,5,205,0.018232016150251957,-0.0178821936076412,1.8001702346864095,0.33658536585365856,0.17560975609756097,0.6195121951219512,0.2048780487804878,9.765853658536585,0.06595410049002098,-0.03568442256540624,"{""2023"": 0.007555588358622197, ""2024"": 0.008993057959290677, ""2025"": 0.05775661430844017, ""2026"": -0.009832216402687409}","{""2023"": 1.3803768259400118, ""2024"": 1.3573115625715277, ""2025"": 3.533718511438396, ""2026"": 0.6177624007035281}"
300,0.8,signal_clv,discovery,1,258,-3.7979185622487884e-05,-0.019273245869729602,0.9986153266643756,0.3682170542635659,0.15503875968992248,0.5736434108527132,0.2713178294573643,11.2015503875969,0.04888236098840243,-0.043587339474910614,"{""2019"": 0.008830665917006321, ""2020"": -0.015428826579096054, ""2021"": 0.01137014234427244, ""2022"": -0.006166908894457003}","{""2019"": 1.4746917603489988, ""2020"": 0.6044758308012311, ""2021"": 1.5225671484255765, ""2022"": 0.8097395021936997}"
300,0.8,signal_clv,discovery,2,257,0.006901414931508397,-0.0188412838322222,1.3009578378546334,0.3735408560311284,0.2178988326848249,0.5680933852140078,0.2140077821011673,9.980544747081712,0.05180419667424247,-0.03615604206377027,"{""2019"": 0.012274184044913193, ""2020"": 0.028545395869121328, ""2021"": 0.02063936172598227, ""2022"": -0.02451900212280661}","{""2019"": 1.6308421938413873, ""2020"": 2.4105189883026665, ""2021"": 2.117806741371323, ""2022"": 0.2594690183013952}"
300,0.8,signal_clv,discovery,3,257,-0.0020319165555883335,-0.0176198701332321,0.9147028198435315,0.33852140077821014,0.10505836575875487,0.5953307392996109,0.29961089494163423,11.15953307392996,0.04700738892297503,-0.03665013038300846,"{""2019"": 0.0120100017042751, ""2020"": -0.006110163818857352, ""2021"": 0.002209182865735635, ""2022"": -0.01751951126463729}","{""2019"": 1.745315329285127, ""2020"": 0.7880964749207474, ""2021"": 1.105327768277285, ""2022"": 0.4306058838382693}"
300,0.8,signal_clv,discovery,4,258,-0.0002919620933841678,-0.018474113814766747,0.987886183974676,0.3682170542635659,0.11627906976744186,0.5813953488372093,0.3023255813953488,11.337209302325581,0.04903736164530493,-0.03727602132864897,"{""2019"": 0.009625078828191705, ""2020"": 0.008851297670057292, ""2021"": 0.009651768545732879, ""2022"": -0.01644550208655625}","{""2019"": 1.5419088472145013, ""2020"": 1.3911946832897548, ""2021"": 1.5318722053819722, ""2022"": 0.49304867079793324}"
300,0.8,signal_clv,discovery,5,258,-0.01728514815471881,-0.027657378315226952,0.49017134371885385,0.2441860465116279,0.08914728682170543,0.7170542635658915,0.1937984496124031,9.833333333333334,0.038735438622233,-0.04589815261907601,"{""2019"": -0.004064089308750847, ""2020"": -0.016126330397686767, ""2021"": -0.002995895207244441, ""2022"": -0.03021776252918786}","{""2019"": 0.8363765275552895, ""2020"": 0.6337817241085142, ""2021"": 0.8798942776454696, ""2022"": 0.23256555226051345}"
300,0.8,signal_clv,validation,1,217,-0.0007027910726872173,-0.0166091289062498,0.9715155115125719,0.3640552995391705,0.15668202764976957,0.5714285714285714,0.271889400921659,11.179723502304148,0.04947040595709834,-0.03883809340836376,"{""2023"": -0.002477886794431511, ""2024"": -0.0079603118027683, ""2025"": 0.005542515810600962, ""2026"": 0.007732244632171018}","{""2023"": 0.9102422783017241, ""2024"": 0.6945054924427891, ""2025"": 1.2562346655496732, ""2026"": 1.3662068806048053}"
300,0.8,signal_clv,validation,2,186,0.01818550408749509,-0.020040563415295302,1.7253980079856326,0.3602150537634409,0.20967741935483872,0.6182795698924731,0.17204301075268819,9.790322580645162,0.06530720254598128,-0.03825253296549924,"{""2023"": 0.0019520456138638084, ""2024"": -0.010168833659892728, ""2025"": 0.06391027899806774, ""2026"": 0.014673043685442094}","{""2023"": 1.070832687737154, ""2024"": 0.6821709779870141, ""2025"": 4.503297399737703, ""2026"": 1.9819183065956576}"
300,0.8,signal_clv,validation,3,191,0.0009022289001407374,-0.0202915400447968,1.0377794140729155,0.34554973821989526,0.15706806282722513,0.6282722513089005,0.21465968586387435,10.146596858638743,0.04924152743421438,-0.03506190407023286,"{""2023"": -0.0071043829306480615, ""2024"": 0.0011482969183119968, ""2025"": 0.018550749199862333, ""2026"": -0.021112780518682265}","{""2023"": 0.7404777738939704, ""2024"": 1.0481131195270623, ""2025"": 2.097837417172829, ""2026"": 0.30470995132592343}"
300,0.8,signal_clv,validation,4,217,0.005715204879631814,-0.0201041372509959,1.23481208898643,0.3778801843317972,0.17972350230414746,0.5576036866359447,0.2626728110599078,11.004608294930875,0.05306101607460634,-0.03896528229819227,"{""2023"": -0.0002792630420282291, ""2024"": 0.0005993342312797669, ""2025"": 0.01679876435636588, ""2026"": 0.021881075838449494}","{""2023"": 0.9887717566663541, ""2024"": 1.0230663754797327, ""2025"": 1.7799798097517991, ""2026"": 1.9263742429899127}"
300,0.8,signal_clv,validation,5,198,0.005852552639123345,-0.013686787390300999,1.307085636906477,0.37373737373737376,0.15151515151515152,0.5454545454545454,0.30303030303030304,11.055555555555555,0.04992670909013062,-0.03086207238070859,"{""2023"": 0.003055549727123104, ""2024"": 0.006441975711920214, ""2025"": 0.0061434488602425934, ""2026"": 0.011531606531180596}","{""2023"": 1.159551372649345, ""2024"": 1.3109021118129238, ""2025"": 1.3918458197408121, ""2026"": 1.4950209678748207}"
300,0.8,signal_lower_wick,discovery,1,258,-0.004337667309105088,-0.021289370444787,0.8532699772577541,0.37209302325581395,0.13565891472868216,0.5852713178294574,0.27906976744186046,11.042635658914728,0.04808784936396093,-0.044781880417410526,"{""2019"": 0.007775741434190589, ""2020"": -0.018477611751794493, ""2021"": 0.009719243572671253, ""2022"": -0.014324045319649197}","{""2019"": 1.3909606868207887, ""2020"": 0.5519918456868975, ""2021"": 1.4754105105894013, ""2022"": 0.6004199053014234}"
300,0.8,signal_lower_wick,discovery,2,258,-6.771883038705131e-05,-0.01785617394335435,0.9973072026987169,0.35271317829457366,0.15891472868217055,0.5852713178294574,0.2558139534883721,10.829457364341085,0.04745361708559783,-0.03934629114120705,"{""2019"": 0.008460947431336891, ""2020"": 0.0018261062060010245, ""2021"": 0.0193091001066979, ""2022"": -0.02159866461440211}","{""2019"": 1.5329746136501652, ""2020"": 1.061486502175096, ""2021"": 2.275913971152053, ""2022"": 0.4158719510288052}"
300,0.8,signal_lower_wick,discovery,3,257,-0.0025902108323463263,-0.0230386524673439,0.9044928771340409,0.3229571984435798,0.1556420233463035,0.6264591439688716,0.2178988326848249,9.957198443579767,0.046402072759372644,-0.03959778476455458,"{""2019"": 0.011065264107615137, ""2020"": 0.011246114274938568, ""2021"": 0.008451914408625295, ""2022"": -0.02979133996010973}","{""2019"": 1.537436934238811, ""2020"": 1.386389057405724, ""2021"": 1.3585923558938142, ""2022"": 0.16443535426966743}"
300,0.8,signal_lower_wick,discovery,4,257,-0.00148547884989307,-0.0191410287780855,0.938751898542317,0.3229571984435798,0.14396887159533073,0.6264591439688716,0.22957198443579765,10.33852140077821,0.045065176799437744,-0.03759077748065671,"{""2019"": 0.011752737878488429, ""2020"": 0.003932647562224714, ""2021"": 0.0013178354604227948, ""2022"": -0.019334479080442495}","{""2019"": 1.6462094633590596, ""2020"": 1.1493676697964073, ""2021"": 1.0606723844890262, ""2022"": 0.3862137327841148}"
300,0.8,signal_lower_wick,discovery,5,258,-0.004299186507617121,-0.02256697358754175,0.8354080132516055,0.32170542635658916,0.08914728682170543,0.6124031007751938,0.29844961240310075,11.34108527131783,0.048429564426035174,-0.03826793807255612,"{""2019"": 0.00120655614175057, ""2020"": 0.0041337449750327646, ""2021"": 0.007736745793659622, ""2022"": -0.016117664085731197}","{""2019"": 1.0558316759318191, ""2020"": 1.1699872624107686, ""2021"": 1.363278818763302, ""2022"": 0.4938412355019134}"
300,0.8,signal_lower_wick,validation,1,212,0.017241954344658052,-0.0155695833394673,1.7590417714512399,0.3584905660377358,0.1650943396226415,0.5613207547169812,0.27358490566037735,10.660377358490566,0.06520174197197616,-0.03573098525015059,"{""2023"": -0.0008509726348329237, ""2024"": 0.01453336931051885, ""2025"": 0.05927129394768318, ""2026"": -0.01896660220537769}","{""2023"": 0.9671015217671515, ""2024"": 1.7506896491974933, ""2025"": 4.210293040485221, ""2026"": 0.4091483298656137}"
300,0.8,signal_lower_wick,validation,2,220,-0.004786760551711179,-0.02047799278505755,0.8076707237702666,0.33636363636363636,0.12727272727272726,0.5863636363636363,0.2863636363636364,11.0,0.047167749609736666,-0.039304446149160795,"{""2023"": -0.011584538112502072, ""2024"": -0.01031604033179262, ""2025"": 0.006266088670890374, ""2026"": 0.004945692917395437}","{""2023"": 0.6026856154447173, ""2024"": 0.6222574523219516, ""2025"": 1.3492706784824722, ""2026"": 1.2180053947804037}"
300,0.8,signal_lower_wick,validation,3,181,0.006720709358187031,-0.0154989327181979,1.2931689352159816,0.3812154696132597,0.2154696132596685,0.580110497237569,0.20441988950276244,10.524861878453038,0.04985373957338579,-0.03565633316049249,"{""2023"": 0.010703419023209261, ""2024"": -0.005123245565079041, ""2025"": 0.013097261733943195, ""2026"": 0.018071997388361058}","{""2023"": 1.504692480503605, ""2024"": 0.8043946002815834, ""2025"": 1.5817996565578727, ""2026"": 2.0665176129782004}"
300,0.8,signal_lower_wick,validation,4,211,0.0035642564975807796,-0.0174345559760855,1.154884693219028,0.3696682464454976,0.18009478672985782,0.6161137440758294,0.2037914691943128,9.90521327014218,0.05039688249037614,-0.034104359672310236,"{""2023"": -0.007983139150150701, ""2024"": -0.0032132231643318657, ""2025"": 0.015311587873900622, ""2026"": 0.028006227954021475}","{""2023"": 0.7065443757969672, ""2024"": 0.8793180621531125, ""2025"": 1.8737969057757164, ""2026"": 2.9581754197142716}"
300,0.8,signal_lower_wick,validation,5,185,0.0066519739694158,-0.0212402766298895,1.283713612411104,0.3837837837837838,0.17297297297297298,0.5675675675675675,0.2594594594594595,11.281081081081082,0.05313586547978396,-0.037481375405115626,"{""2023"": 0.00644779882654394, ""2024"": -0.00436791072629688, ""2025"": 0.01758555083666907, ""2026"": 0.03476575508444035}","{""2023"": 1.2888521491203941, ""2024"": 0.8467218798664392, ""2025"": 1.953756153465726, ""2026"": 2.9083308543558126}"
300,0.8,low_extension_deceleration,discovery,1,257,0.0009812489449974452,-0.0190473420907687,1.0411745009836793,0.33852140077821014,0.11284046692607004,0.6070038910505836,0.2801556420233463,10.883268482490273,0.04774077160004543,-0.03627950500476889,"{""2019"": 0.0011614909026877848, ""2020"": 0.013396012101309918, ""2021"": 0.0112733424932639, ""2022"": -0.011248214898608007}","{""2019"": 1.0577849808390067, ""2020"": 1.5540243462802636, ""2021"": 1.540691641858699, ""2022"": 0.6182679543264844}"
300,0.8,low_extension_deceleration,discovery,2,258,-3.069478519798193e-05,-0.01847532600975425,0.9987580613376791,0.35271317829457366,0.1124031007751938,0.5968992248062015,0.29069767441860467,11.418604651162791,0.04832712983108681,-0.038441888068084476,"{""2019"": 0.008765691299121723, ""2020"": 0.006205493440761164, ""2021"": 0.00044222017577670304, ""2022"": -0.011271154053495854}","{""2019"": 1.4275214698135297, ""2020"": 1.294775578688369, ""2021"": 1.0197013647273585, ""2022"": 0.6433861095915624}"
300,0.8,low_extension_deceleration,discovery,3,257,0.002965224584103335,-0.0176198701332321,1.1301410534418728,0.38132295719844356,0.13618677042801555,0.5680933852140078,0.29571984435797666,11.334630350194553,0.050457212901768085,-0.03676404841619713,"{""2019"": 0.014056831891575153, ""2020"": 0.0066770767252514384, ""2021"": 0.011781303035406409, ""2022"": -0.020979573002004002}","{""2019"": 1.906609749615074, ""2020"": 1.2806430028371794, ""2021"": 1.5366878144507068, ""2022"": 0.3378312323818528}"
300,0.8,low_extension_deceleration,discovery,4,258,-0.004218025464500299,-0.020130916230636453,0.8503121111176539,0.3488372093023256,0.1434108527131783,0.5930232558139535,0.26356589147286824,11.023255813953488,0.04744509484567528,-0.04244394084700718,"{""2019"": 0.010414599669409006, ""2020"": -0.006674979548118961, ""2021"": 0.013608123435317164, ""2022"": -0.027682338065276098}","{""2019"": 1.53001338740216, ""2020"": 0.8020377110264468, ""2021"": 1.771712189127997, ""2022"": 0.2991796314440661}"
300,0.8,low_extension_deceleration,discovery,5,258,-0.012446921952893245,-0.02838433728523775,0.6190814891466545,0.2713178294573643,0.17829457364341086,0.6705426356589147,0.1511627906976744,8.856589147286822,0.04149415937576286,-0.04563922361465195,"{""2019"": 0.005944483068063827, ""2020"": -0.019549983637213615, ""2021"": 0.00665137804995064, ""2022"": -0.028167306613801166}","{""2019"": 1.2873245907009863, ""2020"": 0.5948086784143094, ""2021"": 1.3381332685152663, ""2022"": 0.2532213518081567}"
300,0.8,low_extension_deceleration,validation,1,246,-0.0008225487431179412,-0.020817953291621102,0.9665474188490677,0.32113821138211385,0.13414634146341464,0.6300813008130082,0.23577235772357724,10.048780487804878,0.045948973743905046,-0.036946455211895386,"{""2023"": -0.005599987758416646, ""2024"": -0.00046665315956363155, ""2025"": 0.004723522749215921, ""2026"": -0.003902316200067029}","{""2023"": 0.8076052821285635, ""2024"": 0.9795185951472183, ""2025"": 1.2059698803971124, ""2026"": 0.8366924138055825}"
300,0.8,low_extension_deceleration,validation,2,206,0.0025848522456460438,-0.018560761915894203,1.1119758609962715,0.3786407766990291,0.1262135922330097,0.5679611650485437,0.3058252427184466,11.37864077669903,0.0503252153789031,-0.03596606019954882,"{""2023"": -0.004731511531805725, ""2024"": -0.00036549809352215195, ""2025"": 0.019192396430400063, ""2026"": -0.01720172356030692}","{""2023"": 0.8282295246317521, ""2024"": 0.9836950394182791, ""2025"": 2.151186018433308, ""2026"": 0.4648379659210205}"
300,0.8,low_extension_deceleration,validation,3,204,0.018688465376182656,-0.020970949518266398,1.7562322859083355,0.3431372549019608,0.16666666666666666,0.6225490196078431,0.2107843137254902,10.485294117647058,0.06911173673783604,-0.03683440694289722,"{""2023"": 0.002343462682692255, ""2024"": -0.003911940231272005, ""2025"": 0.06276420624407852, ""2026"": 0.0022943504531661245}","{""2023"": 1.0964562778624807, ""2024"": 0.8735498091795706, ""2025"": 4.1020455816043615, ""2026"": 1.1026803070799926}"
300,0.8,low_extension_deceleration,validation,4,220,0.0029944991717382827,-0.0156079621067109,1.131848087204139,0.36818181818181817,0.17272727272727273,0.5590909090909091,0.2681818181818182,11.104545454545455,0.0507688292323248,-0.0357267700954232,"{""2023"": 0.0030598853717484003, ""2024"": -0.0037251610114593173, ""2025"": 0.004283526002083032, ""2026"": 0.015668850534729235}","{""2023"": 1.1301076212374077, ""2024"": 0.8585613628083447, ""2025"": 1.2415444837695202, ""2026"": 1.6763301894027958}"
300,0.8,low_extension_deceleration,validation,5,133,0.007518491522816634,-0.0066959763566653,1.3582140068156137,0.45112781954887216,0.3082706766917293,0.49624060150375937,0.19548872180451127,10.25563909774436,0.050742103455101925,-0.037096788331750626,"{""2023"": -0.0015657797296256318, ""2024"": -0.0027810238595052427, ""2025"": 0.015244294550483007, ""2026"": 0.039636554878766196}","{""2023"": 0.9238468397662771, ""2024"": 0.908669259939329, ""2025"": 1.9747669559039296, ""2026"": 4.791838991205103}"
300,0.8,close_reclaim_acceleration,discovery,1,258,-0.004227318095621278,-0.019445172608928203,0.8233633545116363,0.3023255813953488,0.08139534883720931,0.6589147286821705,0.2596899224806202,10.186046511627907,0.042542023433839955,-0.03573845442533803,"{""2019"": 0.002814006646552409, ""2020"": 0.015857659071976938, ""2021"": 0.003812181795979373, ""2022"": -0.020047939375894785}","{""2019"": 1.1454479016884092, ""2020"": 1.8940743005757612, ""2021"": 1.1624043354179519, ""2022"": 0.3227055339548112}"
300,0.8,close_reclaim_acceleration,discovery,2,258,-0.0011609192357065312,-0.017922569287694902,0.9503178878761597,0.32945736434108525,0.08527131782945736,0.627906976744186,0.2868217054263566,11.182170542635658,0.047867176729966085,-0.03517454420427827,"{""2019"": 0.007288642485129881, ""2020"": -0.01378191256352606, ""2021"": 0.01122507450378896, ""2022"": -0.015244519054325832}","{""2019"": 1.3769705964415566, ""2020"": 0.5505626449456416, ""2021"": 1.7285904602090114, ""2022"": 0.5103627271783816}"
300,0.8,close_reclaim_acceleration,discovery,3,257,-0.0027560813827962084,-0.0222022638373344,0.8982566652672814,0.33852140077821014,0.10894941634241245,0.6070038910505836,0.2840466926070039,11.303501945525293,0.04710709332357683,-0.04020865770524833,"{""2019"": 0.005155069449139629, ""2020"": 0.029098197694882748, ""2021"": 0.0021564147824532907, ""2022"": -0.02872393823961647}","{""2019"": 1.2238773296454162, ""2020"": 2.892261994910731, ""2021"": 1.0897517680231434, ""2022"": 0.2564689562444295}"
300,0.8,close_reclaim_acceleration,discovery,4,258,-0.0027021592242253405,-0.023534935895938303,0.903145134515518,0.32945736434108525,0.1744186046511628,0.6007751937984496,0.2248062015503876,10.705426356589147,0.049879228077830164,-0.04286103179164115,"{""2019"": 0.014194039816101952, ""2020"": -0.015288207157692366, ""2021"": 0.015182835273882625, ""2022"": -0.0173731678353577}","{""2019"": 1.7867381663241604, ""2020"": 0.6111126495703599, ""2021"": 1.7934676471764603, ""2022"": 0.47780598907588456}"
300,0.8,close_reclaim_acceleration,discovery,5,257,-0.0019361741812388153,-0.0229037636863841,0.9353310264061887,0.39299610894941633,0.23346303501945526,0.5408560311284046,0.22568093385214008,10.136186770428015,0.048057088062319536,-0.0456355326962213,"{""2019"": 0.013066422597844851, ""2020"": -0.012349079151590144, ""2021"": 0.012121948199447586, ""2022"": -0.018868202684715223}","{""2019"": 1.8435776505693482, ""2020"": 0.7040977336202072, ""2021"": 1.5528596538502093, ""2022"": 0.5319515847653513}"
300,0.8,close_reclaim_acceleration,validation,1,237,0.0039375309137740025,-0.0170052654127146,1.1884354853191539,0.3291139240506329,0.1350210970464135,0.6329113924050633,0.2320675105485232,9.713080168776372,0.047523909745243786,-0.03210112407352957,"{""2023"": -0.005983078611677957, ""2024"": 0.0060903125481298215, ""2025"": 0.015630430815647408, ""2026"": -0.004956287380074928}","{""2023"": 0.7432072768709052, ""2024"": 1.2899521353225536, ""2025"": 1.9515200641252324, ""2026"": 0.8005281215075812}"
300,0.8,close_reclaim_acceleration,validation,2,205,0.004377630685133848,-0.0174453456333705,1.206970021655538,0.36097560975609755,0.11707317073170732,0.5756097560975609,0.3073170731707317,10.795121951219512,0.04915079312071511,-0.033303526119042824,"{""2023"": -0.003394005042938906, ""2024"": 0.00251114119696367, ""2025"": 0.016590535988470705, ""2026"": 0.008052395140140991}","{""2023"": 0.8538808412695659, ""2024"": 1.1200114017955705, ""2025"": 2.003826419733709, ""2026"": 1.2727342540653228}"
300,0.8,close_reclaim_acceleration,validation,3,204,-0.003728144592480622,-0.02248957973052685,0.8645055478230322,0.31862745098039214,0.10784313725490197,0.6176470588235294,0.27450980392156865,11.32843137254902,0.050762961078970104,-0.03899861388509159,"{""2023"": -0.00439365604308571, ""2024"": -0.01122188795998187, ""2025"": 0.002037186884183774, ""2026"": 0.008957815597530233}","{""2023"": 0.8450832204251439, ""2024"": 0.652049787108655, ""2025"": 1.0845487162226763, ""2026"": 1.541843432673863}"
300,0.8,close_reclaim_acceleration,validation,4,198,0.014151260207284785,-0.024466509083531,1.5325808371825065,0.35353535353535354,0.20202020202020202,0.5858585858585859,0.21212121212121213,10.651515151515152,0.06429049341702724,-0.04143222623486647,"{""2023"": 0.004299092505464056, ""2024"": -0.011462645945157852, ""2025"": 0.052833105832514986, ""2026"": 0.012535430658625607}","{""2023"": 1.1657903270455936, ""2024"": 0.6366274305456893, ""2025"": 3.279487165526854, ""2026"": 1.51732561381894}"
300,0.8,close_reclaim_acceleration,validation,5,165,0.011692797319158482,-0.0024547111605449,1.5558229908216081,0.4909090909090909,0.32727272727272727,0.4727272727272727,0.2,11.072727272727272,0.0561384087161368,-0.03764442655641065,"{""2023"": 0.006371830925825197, ""2024"": -7.829315052242585e-05, ""2025"": 0.025706352426921653, ""2026"": 0.016253292180532}","{""2023"": 1.2453901191553232, ""2024"": 0.9969891240704043, ""2025"": 2.958954377479071, ""2026"": 1.9083988830224674}"
500,0.6,ret3_deceleration,discovery,1,434,-0.00020607348190008503,-0.02106233525631215,0.9919351358232811,0.3870967741935484,0.3064516129032258,0.5506912442396313,0.14285714285714285,9.02073732718894,0.04716595146669844,-0.04123878708946672,"{""2019"": 0.010745602261047779, ""2020"": -0.0023552098124796357, ""2021"": -6.666653299149506e-05, ""2022"": -0.006933314805746397}","{""2019"": 1.623064179459628, ""2020"": 0.9151740160756502, ""2021"": 0.9974856445338968, ""2022"": 0.7651638281080761}"
500,0.6,ret3_deceleration,discovery,2,435,0.001687755851747659,-0.0153320710886584,1.0771997612211675,0.4068965517241379,0.31264367816091954,0.5333333333333333,0.15402298850574714,9.036781609195403,0.04013123425387125,-0.034263466006784184,"{""2019"": 0.006934843396931514, ""2020"": 0.014714748508188517, ""2021"": 0.005327246432549591, ""2022"": -0.018707014384582752}","{""2019"": 1.3851467188309912, ""2020"": 1.7709798870747602, ""2021"": 1.2785469487734529, ""2022"": 0.4231161523798171}"
500,0.6,ret3_deceleration,discovery,3,435,-0.0041170049449223475,-0.016254663495218,0.8115047372498384,0.38620689655172413,0.2735632183908046,0.5747126436781609,0.15172413793103448,9.14712643678161,0.035110530144571925,-0.03364653309496433,"{""2019"": -0.0024788526962470758, ""2020"": 0.004697885317371668, ""2021"": -0.00020506779836324934, ""2022"": -0.01439146494643764}","{""2019"": 0.8929781081619976, ""2020"": 1.27961358433801, ""2021"": 0.9890374850918496, ""2022"": 0.4494303975337645}"
500,0.6,ret3_deceleration,discovery,4,435,-0.0034019226485636237,-0.0184189526334711,0.8521687468294965,0.3425287356321839,0.2413793103448276,0.6252873563218391,0.13333333333333333,8.245977011494253,0.03808161704709596,-0.03614322755331507,"{""2019"": 0.01068479404609981, ""2020"": 0.0025065378479494083, ""2021"": 0.0022194174330447103, ""2022"": -0.02078562420303853}","{""2019"": 1.744407763903588, ""2020"": 1.1012166346158057, ""2021"": 1.1147000189670195, ""2022"": 0.35039987900546765}"
500,0.6,ret3_deceleration,discovery,5,436,-0.00713274081705875,-0.02591016843321365,0.7625250526599958,0.3555045871559633,0.26605504587155965,0.5940366972477065,0.13990825688073394,9.027522935779816,0.04438753538178171,-0.045527596455069055,"{""2019"": 0.0035813349302601114, ""2020"": -0.012199564447141193, ""2021"": -0.00019053565731971337, ""2022"": -0.015333365511487868}","{""2019"": 1.1659775936213004, ""2020"": 0.6629352539376847, ""2021"": 0.9928196381244485, ""2022"": 0.5513357282472995}"
500,0.6,ret3_deceleration,validation,1,371,0.018836132859774566,-0.0193566211315278,1.7625864890972722,0.38005390835579517,0.3018867924528302,0.5741239892183289,0.12398921832884097,8.668463611859838,0.06845212751540691,-0.040676908650224206,"{""2023"": 0.004195700874533254, ""2024"": 0.0014562637725753283, ""2025"": 0.06571338790622211, ""2026"": -0.006192329123394844}","{""2023"": 1.2083510830387754, ""2024"": 1.0550103173072916, ""2025"": 3.553631756336658, ""2026"": 0.7970650084653915}"
500,0.6,ret3_deceleration,validation,2,433,0.013537443267399005,-0.0089157583201266,1.7146300322187575,0.4295612009237875,0.325635103926097,0.535796766743649,0.13856812933025403,9.018475750577368,0.05027834255269,-0.031306810907856454,"{""2023"": 0.00889598633859934, ""2024"": 0.03100506547510691, ""2025"": 0.006065574074565442, ""2026"": 0.004285468816488166}","{""2023"": 1.4595252758461064, ""2024"": 2.322044454642112, ""2025"": 1.3730294219513015, ""2026"": 1.3028684567896671}"
500,0.6,ret3_deceleration,validation,3,346,0.006093400758199555,-0.00832743803631325,1.335590465854223,0.44508670520231214,0.36416184971098264,0.5115606936416185,0.12427745664739884,8.644508670520231,0.04100508613324516,-0.029410638481691374,"{""2023"": 0.0049258842868687225, ""2024"": 0.0018547873257711463, ""2025"": 0.01271562814702471, ""2026"": 0.0019362566918639371}","{""2023"": 1.230979364849365, ""2024"": 1.0940987470772108, ""2025"": 1.8569511554572955, ""2026"": 1.1219695986909342}"
500,0.6,ret3_deceleration,validation,4,359,0.00010757038627945368,-0.015684931298489,1.0045875653295004,0.4178272980501393,0.298050139275766,0.5459610027855153,0.15598885793871867,9.147632311977716,0.04052929834076082,-0.0354269109077676,"{""2023"": -0.004692655903489016, ""2024"": -0.003260324008576994, ""2025"": 0.014587432173578498, ""2026"": -0.017198664898141702}","{""2023"": 0.8185856158467262, ""2024"": 0.8732199496940143, ""2025"": 1.9685133219158752, ""2026"": 0.491768211868452}"
500,0.6,ret3_deceleration,validation,5,369,0.003798018118794066,-0.016092381532238,1.1654820518677447,0.4065040650406504,0.3089430894308943,0.5528455284552846,0.13821138211382114,9.151761517615176,0.04582957272693194,-0.035588896495833966,"{""2023"": 0.0003361751129248164, ""2024"": 0.003551534083178175, ""2025"": 0.010049588751873659, ""2026"": 0.0013856054611351687}","{""2023"": 1.013962588637056, ""2024"": 1.156732081039695, ""2025"": 1.4869128397063474, ""2026"": 1.0522828550567054}"
500,0.6,downside_body_decay,discovery,1,434,0.00014928708039422994,-0.019946656917184398,1.0059917919797725,0.3986175115207373,0.31336405529953915,0.5552995391705069,0.1313364055299539,8.993087557603687,0.04385316587477833,-0.038544810551515325,"{""2019"": 0.0070329172203955174, ""2020"": -0.001284151134420268, ""2021"": 0.00551024481174834, ""2022"": -0.013182712317075023}","{""2019"": 1.3820757886143893, ""2020"": 0.9547959903384181, ""2021"": 1.2430925455540003, ""2022"": 0.5926929490697421}"
500,0.6,downside_body_decay,discovery,2,434,-0.001970093146211605,-0.01624243407561245,0.9172846481493834,0.38940092165898615,0.28110599078341014,0.5506912442396313,0.16820276497695852,9.267281105990783,0.03990579411104077,-0.03753620546151818,"{""2019"": 0.0010511526617491287, ""2020"": 0.000376750017295407, ""2021"": -0.0013822235824093893, ""2022"": -0.0072029047893939725}","{""2019"": 1.0514620525220046, ""2020"": 1.0146289783087192, ""2021"": 0.9361322955454064, ""2022"": 0.7461107313463624}"
500,0.6,downside_body_decay,discovery,3,436,0.00040810663653219933,-0.0182424769898672,1.0184635964942126,0.3922018348623853,0.26605504587155965,0.555045871559633,0.17889908256880735,9.286697247706423,0.042261936017644615,-0.03634232573374652,"{""2019"": 0.005519902310794586, ""2020"": 0.007539134581323785, ""2021"": 0.008638632386213175, ""2022"": -0.012857232471823176}","{""2019"": 1.2976631898985977, ""2020"": 1.380649321522662, ""2021"": 1.4791403433586663, ""2022"": 0.5556147099796017}"
500,0.6,downside_body_decay,discovery,4,434,-0.004537587392664873,-0.0189200071351226,0.8158034960930409,0.3640552995391705,0.28110599078341014,0.5944700460829493,0.12442396313364056,8.601382488479263,0.04030266861691723,-0.038048426403190276,"{""2019"": 0.006624205336638013, ""2020"": 0.0007146128226042232, ""2021"": -0.003031379674405793, ""2022"": -0.016664952096207324}","{""2019"": 1.3410683265341732, ""2020"": 1.030598117039637, ""2021"": 0.8668582756508566, ""2022"": 0.45253589445248654}"
500,0.6,downside_body_decay,discovery,5,437,-0.007217991596304718,-0.0222490462989222,0.7310486640928019,0.3340961098398169,0.2585812356979405,0.6224256292906178,0.11899313501144165,8.331807780320366,0.0385576850675809,-0.04035100049802451,"{""2019"": 0.009992193747436054, ""2020"": -0.004602700749223722, ""2021"": -0.00378632477767082, ""2022"": -0.023429852853441614}","{""2019"": 1.5990105877839584, ""2020"": 0.8479677206054016, ""2021"": 0.84636906917796, ""2022"": 0.3216331707046495}"
500,0.6,downside_body_decay,validation,1,411,0.004245169001091047,-0.0109913136818251,1.1969377825186056,0.4233576642335766,0.34306569343065696,0.5352798053527981,0.12165450121654502,8.710462287104622,0.043807691291952465,-0.03483534834529373,"{""2023"": 0.009608399599585165, ""2024"": -0.005238995466539544, ""2025"": 0.006237327787909321, ""2026"": 0.009240882628751664}","{""2023"": 1.4747860686879317, ""2024"": 0.805748217298292, ""2025"": 1.3133523662186755, ""2026"": 1.6332852506567186}"
500,0.6,downside_body_decay,validation,2,388,0.011872420171099725,-0.01349866959464685,1.5553141501925218,0.43041237113402064,0.2963917525773196,0.5438144329896907,0.15979381443298968,9.097938144329897,0.05149102035521929,-0.034838996694907615,"{""2023"": 0.0025577241009613707, ""2024"": 0.02394376921247138, ""2025"": 0.014006549486179838, ""2026"": -0.016195159781777227}","{""2023"": 1.1231340919334383, ""2024"": 1.9702186882930897, ""2025"": 1.8806631175119628, ""2026"": 0.44814005378868077}"
500,0.6,downside_body_decay,validation,3,387,0.0008362227123220881,-0.0161675990536604,1.035719878584438,0.4082687338501292,0.2739018087855297,0.5271317829457365,0.19896640826873385,9.844961240310077,0.044838555315364056,-0.036583926390880046,"{""2023"": -0.010428362250555816, ""2024"": 0.004967839367175184, ""2025"": 0.008400930279944806, ""2026"": 0.0005269720614737959}","{""2023"": 0.6498835833617874, ""2024"": 1.2281192365983007, ""2025"": 1.481202223326927, ""2026"": 1.0193667642780067}"
500,0.6,downside_body_decay,validation,4,344,0.007242595819570575,-0.008301317231653251,1.3732321595712171,0.45930232558139533,0.38372093023255816,0.5058139534883721,0.11046511627906977,8.840116279069768,0.04526318894887021,-0.03113611648037489,"{""2023"": 0.004214495601046281, ""2024"": 0.0033930401943271667, ""2025"": 0.01324949095689, ""2026"": 0.015199658736206495}","{""2023"": 1.2054031653585267, ""2024"": 1.1509176460610562, ""2025"": 1.8551066121664634, ""2026"": 1.9919050021038829}"
500,0.6,downside_body_decay,validation,5,348,0.020781570991869183,-0.0163772953543234,1.9459023513712386,0.3563218390804598,0.3045977011494253,0.6120689655172413,0.08333333333333333,8.080459770114942,0.06295579583887875,-0.03439644971204631,"{""2023"": 0.007132866870596613, ""2024"": 0.005840133121577153, ""2025"": 0.06977682548988579, ""2026"": -0.016865134512109817}","{""2023"": 1.3660335389926113, ""2024"": 1.2713787202423688, ""2025"": 4.122935380267676, ""2026"": 0.4064204330974743}"
500,0.6,signal_clv,discovery,1,436,-0.0020871223164765857,-0.01910189959504115,0.9201748422896667,0.4059633027522936,0.3211009174311927,0.5458715596330275,0.13302752293577982,8.995412844036696,0.04299427538551919,-0.041387974698408714,"{""2019"": 0.006512960162695686, ""2020"": -0.006304204770307555, ""2021"": -0.0014789748707899598, ""2022"": -0.008060336995656057}","{""2019"": 1.3552416020256228, ""2020"": 0.8054802237254541, ""2021"": 0.9396548197687012, ""2022"": 0.7360122837209149}"
500,0.6,signal_clv,discovery,2,432,0.0015984077284435213,-0.01893598973519145,1.070595261798966,0.39351851851851855,0.30092592592592593,0.5532407407407407,0.14583333333333334,8.912037037037036,0.042582555357564736,-0.03638114243855415,"{""2019"": 0.0088695155263449, ""2020"": 0.007437369757328042, ""2021"": 0.005890715145068157, ""2022"": -0.01701576824129126}","{""2019"": 1.4846425579160836, ""2020"": 1.3469395066673584, ""2021"": 1.278662251872786, ""2022"": 0.4520756848696171}"
500,0.6,signal_clv,discovery,3,435,-0.0014345556488889874,-0.0159583562096301,0.9379744882072815,0.37701149425287356,0.27586206896551724,0.5655172413793104,0.15862068965517243,9.197701149425287,0.042585080278835535,-0.03638029147862502,"{""2019"": 0.007977098007247567, ""2020"": 0.00020124916575770877, ""2021"": -0.0019832012168649344, ""2022"": -0.011568145616634974}","{""2019"": 1.4775991637134216, ""2020"": 1.0085879864972234, ""2021"": 0.9114448388815335, ""2022"": 0.6157629063618629}"
500,0.6,signal_clv,discovery,4,435,-0.000526841588100574,-0.016316275922937,0.9762914186499037,0.38850574712643676,0.27816091954022987,0.5586206896551724,0.1632183908045977,9.16551724137931,0.04080231268984714,-0.03605854413215626,"{""2019"": 0.008496862715506839, ""2020"": 0.005082669611226923, ""2021"": 0.004795066739437448, ""2022"": -0.01340603268855106}","{""2019"": 1.4944372065025449, ""2020"": 1.275350382702029, ""2021"": 1.2241540219928753, ""2022"": 0.5265069966847755}"
500,0.6,signal_clv,discovery,5,437,-0.010670914429409083,-0.0228639110750916,0.6208254427549905,0.3135011441647597,0.2242562929061785,0.6544622425629291,0.12128146453089245,8.210526315789474,0.03593587040705303,-0.040590652754095805,"{""2019"": -0.003686570495200862, ""2020"": -0.0018448060228005965, ""2021"": -0.0001684568447888002, ""2022"": -0.022868936251338696}","{""2019"": 0.8439642920214069, ""2020"": 0.9396353358484556, ""2021"": 0.9914675129126089, ""2022"": 0.3295156297994596}"
500,0.6,signal_clv,validation,1,391,0.0037263247146843434,-0.0096935812895568,1.1687576870687004,0.4373401534526854,0.33248081841432225,0.5166240409207161,0.15089514066496162,9.048593350383632,0.043401921944317176,-0.035463083863471946,"{""2023"": 0.008421160876095837, ""2024"": -0.005729923922262629, ""2025"": 0.009884396493481438, ""2026"": -0.0005478801142457958}","{""2023"": 1.391616855679203, ""2024"": 0.7930237530766779, ""2025"": 1.5630271179686759, ""2026"": 0.9732109793305664}"
500,0.6,signal_clv,validation,2,395,0.030715310952173953,-0.0131215971608269,2.4003223554679756,0.4177215189873418,0.3367088607594937,0.5544303797468354,0.10886075949367088,8.50886075949367,0.07302697812728516,-0.03539354027776791,"{""2023"": 0.009268314098236079, ""2024"": 0.029218911947828864, ""2025"": 0.0593731685867007, ""2026"": 0.007289329152511218}","{""2023"": 1.4297363004395949, ""2024"": 2.167809069389545, ""2025"": 3.802136476732384, ""2026"": 1.4698695648226825}"
500,0.6,signal_clv,validation,3,336,0.0008658511718314091,-0.01578211861157775,1.0395146327281908,0.39285714285714285,0.30654761904761907,0.5833333333333334,0.11011904761904762,8.75,0.04197535886383293,-0.03367262990507776,"{""2023"": -0.00803977558203558, ""2024"": 0.007116618712981705, ""2025"": 0.008651331883814029, ""2026"": -0.015820846764993318}","{""2023"": 0.6791069881564181, ""2024"": 1.352256818928048, ""2025"": 1.45861365495278, ""2026"": 0.41089054057424895}"
500,0.6,signal_clv,validation,4,398,0.0007869192229421297,-0.0159888041569426,1.034482341087272,0.40703517587939697,0.2989949748743719,0.5376884422110553,0.16331658291457288,9.685929648241206,0.04412914916709886,-0.03667530495367703,"{""2023"": -0.002548878328517192, ""2024"": -0.0004205977490200105, ""2025"": 0.00722408176544226, ""2026"": -0.0019459489114713006}","{""2023"": 0.8933645491376513, ""2024"": 0.9828255440194511, ""2025"": 1.3785164880472203, ""2026"": 0.9191136115705272}"
500,0.6,signal_clv,validation,5,358,0.006158270135725991,-0.0106397321896946,1.3245663941337844,0.42178770949720673,0.32122905027932963,0.5335195530726257,0.1452513966480447,8.600558659217876,0.04282743600264169,-0.030492563547056137,"{""2023"": 0.005429918979404425, ""2024"": 0.004434223128881957, ""2025"": 0.011691800242263255, ""2026"": -0.003701323343476738}","{""2023"": 1.284393987078219, ""2024"": 1.2195398257917185, ""2025"": 1.830265458899224, ""2026"": 0.878951750353612}"
500,0.6,signal_lower_wick,discovery,1,436,-0.0036727917033793156,-0.0194047688488183,0.8639382097831683,0.4105504587155963,0.29128440366972475,0.5527522935779816,0.1559633027522936,9.426605504587156,0.04357208361027631,-0.04214298795291513,"{""2019"": 0.010689695969694336, ""2020"": -0.013155040572191953, ""2021"": 0.0026214565650243115, ""2022"": -0.015166376480818412}","{""2019"": 1.611293476024589, ""2020"": 0.6300105640083035, ""2021"": 1.118129391727704, ""2022"": 0.5480478346551503}"
500,0.6,signal_lower_wick,discovery,2,436,-0.0007822108941904722,-0.0168985271559507,0.9669030746552079,0.39908256880733944,0.3073394495412844,0.5458715596330275,0.14678899082568808,8.869266055045872,0.04160136765651154,-0.03729394961743604,"{""2019"": 0.007012565656775131, ""2020"": 0.0009859678504267923, ""2021"": 0.0028196806375930437, ""2022"": -0.011583364121239042}","{""2019"": 1.4069768624591508, ""2020"": 1.0388549952985817, ""2021"": 1.1389642904065072, ""2022"": 0.620144881400697}"
500,0.6,signal_lower_wick,discovery,3,434,-0.0031794359703722396,-0.01997009391544955,0.8715485894723882,0.3548387096774194,0.2764976958525346,0.5921658986175116,0.1313364055299539,8.691244239631336,0.03975818671281791,-0.037675798110784,"{""2019"": 0.001991664934926105, ""2020"": 0.0069343679671457145, ""2021"": 0.0021980777060151553, ""2022"": -0.018899449837828843}","{""2019"": 1.0962059350701008, ""2020"": 1.296232171384885, ""2021"": 1.0953154553305149, ""2022"": 0.4017469407321756}"
500,0.6,signal_lower_wick,discovery,4,432,-0.0032082481270980226,-0.01831767683728565,0.8666262135657717,0.3587962962962963,0.2662037037037037,0.5949074074074074,0.1388888888888889,8.814814814814815,0.0401093997200993,-0.03764294549342409,"{""2019"": 0.007897229575314243, ""2020"": 2.0807926048534384e-05, ""2021"": 0.0015635195695566386, ""2022"": -0.02003252335359885}","{""2019"": 1.429870072326964, ""2020"": 1.0008024278674015, ""2021"": 1.0751965860868995, ""2022"": 0.3690122960133392}"
500,0.6,signal_lower_wick,discovery,5,437,-0.00235160425732287,-0.0181699009337474,0.897224528197405,0.35469107551487417,0.2585812356979405,0.5926773455377574,0.14874141876430205,8.675057208237986,0.039818583128256514,-0.03607154606928775,"{""2019"": 0.002275121143086851, ""2020"": 0.012172771614427471, ""2021"": -0.0018995343559187053, ""2022"": -0.011497661526055343}","{""2019"": 1.11621681223661, ""2020"": 1.8426953240515676, ""2021"": 0.9183883666712438, ""2022"": 0.5928829589627447}"
500,0.6,signal_lower_wick,validation,1,387,0.022807259625010207,-0.0090698497394136,2.070768590742089,0.45478036175710596,0.3643410852713178,0.5090439276485789,0.12661498708010335,8.682170542635658,0.06377004401516179,-0.034354903481467094,"{""2023"": 0.005849865019105014, ""2024"": 0.005836938850304086, ""2025"": 0.0707891214272712, ""2026"": -0.018373376708701473}","{""2023"": 1.2708135823988476, ""2024"": 1.2447339066135013, ""2025"": 5.524215211106999, ""2026"": 0.3745504045719695}"
500,0.6,signal_lower_wick,validation,2,415,5.3011226089784106e-05,-0.0152619532408097,1.0023694436040769,0.3855421686746988,0.27951807228915665,0.5518072289156627,0.1686746987951807,9.14698795180723,0.042022580595414416,-0.036088489122615634,"{""2023"": -0.001596586589975902, ""2024"": -0.007508169426080585, ""2025"": 0.009327857714292159, ""2026"": 0.004117049521191878}","{""2023"": 0.9347264420532139, ""2024"": 0.7180075850754714, ""2025"": 1.576153119850228, ""2026"": 1.216094556772754}"
500,0.6,signal_lower_wick,validation,3,359,0.007611061177395987,-0.0072232751059057,1.3956651965931766,0.45125348189415043,0.3649025069637883,0.5125348189415042,0.12256267409470752,8.952646239554317,0.044795253596797695,-0.03143909958924651,"{""2023"": 0.018566961590881753, ""2024"": -0.0004466423483431349, ""2025"": 0.0061191741762347185, ""2026"": -0.002008850704791281}","{""2023"": 2.1811958610388937, ""2024"": 0.9787633411365441, ""2025"": 1.2984230361803737, ""2026"": 0.9099291603086083}"
500,0.6,signal_lower_wick,validation,4,381,0.010481606834035043,-0.016503148642095,1.4548142209322468,0.3910761154855643,0.29658792650918636,0.5905511811023622,0.11286089238845144,8.910761154855644,0.05327696995386696,-0.03559222509821563,"{""2023"": -0.00736184523070918, ""2024"": 0.03722945953725653, ""2025"": 0.0031591181615750236, ""2026"": 0.003685033906908439}","{""2023"": 0.7169240728616281, ""2024"": 2.732291835738017, ""2025"": 1.1487068572567118, ""2026"": 1.1571216227090497}"
500,0.6,signal_lower_wick,validation,5,336,0.0024525269120470013,-0.015533431631960951,1.1125511629672455,0.39880952380952384,0.29464285714285715,0.5565476190476191,0.1488095238095238,8.952380952380953,0.04260938184989973,-0.0343877435169007,"{""2023"": -0.0018982191647439128, ""2024"": 0.0006044848559918835, ""2025"": 0.009068689258165173, ""2026"": 0.0038167267400788323}","{""2023"": 0.9174289566740302, ""2024"": 1.0245610695382894, ""2025"": 1.5047872166076102, ""2026"": 1.2049259626566302}"
500,0.6,low_extension_deceleration,discovery,1,436,-0.0006544998180023601,-0.018820834514902948,0.9721142423695809,0.3738532110091743,0.24770642201834864,0.573394495412844,0.17889908256880735,9.48394495412844,0.04179773440677132,-0.037148854565607924,"{""2019"": 0.006903715150417336, ""2020"": 0.0032573393748434884, ""2021"": 0.00035152386711096773, ""2022"": -0.009638416125041563}","{""2019"": 1.3702732351142366, ""2020"": 1.1436868926711081, ""2021"": 1.0149767372157712, ""2022"": 0.6560989705516318}"
500,0.6,low_extension_deceleration,discovery,2,434,0.0014732385651973782,-0.0162394901407062,1.066332564372766,0.3847926267281106,0.2488479262672811,0.5576036866359447,0.1935483870967742,10.025345622119815,0.04336314503002606,-0.03530404271497242,"{""2019"": 0.008018885096710103, ""2020"": 0.009631141932778291, ""2021"": -0.0008478292110269013, ""2022"": -0.007655112289638398}","{""2019"": 1.440353721263835, ""2020"": 1.503107175734756, ""2021"": 0.9604246194165977, ""2022"": 0.7314632874760508}"
500,0.6,low_extension_deceleration,discovery,3,436,0.0025249819078157613,-0.016193101966738052,1.1103237876603558,0.4059633027522936,0.3165137614678899,0.5504587155963303,0.13302752293577982,9.0848623853211,0.04446322294388514,-0.036375918270813705,"{""2019"": 0.007884433809682966, ""2020"": 0.006866143423532464, ""2021"": 0.00428731717469139, ""2022"": -0.008113953106218558}","{""2019"": 1.4399595413021622, ""2020"": 1.282576140927664, ""2021"": 1.1927854589272728, ""2022"": 0.7136902412621536}"
500,0.6,low_extension_deceleration,discovery,4,436,-0.005856762799125346,-0.0192532623454669,0.774750538670914,0.36009174311926606,0.27522935779816515,0.5871559633027523,0.13761467889908258,8.73394495412844,0.040486992017324606,-0.040512474194856825,"{""2019"": 0.005505212729418124, ""2020"": 0.0017371455415248658, ""2021"": -2.9588978976266445e-05, ""2022"": -0.025732999774572576}","{""2019"": 1.282217940931845, ""2020"": 1.071493270898899, ""2021"": 0.9986763197819388, ""2022"": 0.28662271634241354}"
500,0.6,low_extension_deceleration,discovery,5,433,-0.010709555988623725,-0.0233080482655825,0.614172200034325,0.3533487297921478,0.3117782909930716,0.6096997690531177,0.07852193995381063,7.143187066974596,0.034727363566610665,-0.041497979219990495,"{""2019"": -0.001073674946518396, ""2020"": -0.01445358663601471, ""2021"": 0.003429261945305623, ""2022"": -0.02303824333749713}","{""2019"": 0.945623017833348, ""2020"": 0.5815904840584095, ""2021"": 1.1725624976927633, ""2022"": 0.31125446586242683}"
500,0.6,low_extension_deceleration,validation,1,467,0.006346514915571183,-0.0170617695233992,1.265241314053675,0.3511777301927195,0.24411134903640258,0.6038543897216274,0.15203426124197003,9.036402569593148,0.04865953999971286,-0.03594023966420805,"{""2023"": -0.0056629105798253485, ""2024"": 0.018240824158434105, ""2025"": 0.005592173534819596, ""2026"": -0.017609788800217047}","{""2023"": 0.7940704873741804, ""2024"": 1.7739333713459222, ""2025"": 1.2875643417252518, ""2026"": 0.38246576447109726}"
500,0.6,low_extension_deceleration,validation,2,397,0.008923261797407994,-0.0086581846252128,1.4523115364660169,0.4508816120906801,0.33249370277078083,0.5113350125944585,0.1561712846347607,9.267002518891688,0.046010262693681095,-0.031607028945250734,"{""2023"": 0.007455638024872134, ""2024"": 0.006255880189470812, ""2025"": 0.017323790824435855, ""2026"": -0.0027967061555348163}","{""2023"": 1.3433226965101392, ""2024"": 1.300995992568743, ""2025"": 2.1335225551847246, ""2026"": 0.873381884454076}"
500,0.6,low_extension_deceleration,validation,3,392,0.018333908249834965,-0.01819501725179655,1.7967308295437228,0.3852040816326531,0.3086734693877551,0.5816326530612245,0.1096938775510204,8.98469387755102,0.06300180602194898,-0.03565303518668988,"{""2023"": 0.0007947227722218902, ""2024"": -0.005144939582220882, ""2025"": 0.06441229294392493, ""2026"": -0.007410308364296436}","{""2023"": 1.0357370173079927, ""2024"": 0.813210436264468, ""2025"": 4.392367492080482, ""2026"": 0.7132443947973781}"
500,0.6,low_extension_deceleration,validation,4,375,0.005249930021115143,-0.0087681934604166,1.260317482645552,0.4613333333333333,0.3626666666666667,0.5013333333333333,0.136,8.752,0.04394401935229018,-0.034403810022635505,"{""2023"": 0.009701052925504692, ""2024"": 0.001970269742631153, ""2025"": 0.005271548337103075, ""2026"": 5.071447248265578e-05}","{""2023"": 1.5240043619499268, ""2024"": 1.0868011840016962, ""2025"": 1.2850183123605858, ""2026"": 1.0021556737078121}"
500,0.6,low_extension_deceleration,validation,5,247,0.0029811666057097735,-0.0076844428745818,1.1488709604391392,0.46153846153846156,0.39271255060728744,0.4898785425101215,0.11740890688259109,8.380566801619434,0.043114806434147675,-0.0342677166142959,"{""2023"": -0.0002181322179347122, ""2024"": 0.002813020256395328, ""2025"": 0.0010759577339157988, ""2026"": 0.01786874869868779}","{""2023"": 0.9891282037454675, ""2024"": 1.117428150540688, ""2025"": 1.056806340252185, ""2026"": 2.3759078461673893}"
500,0.6,close_reclaim_acceleration,discovery,1,437,-0.0020584358111384506,-0.018146769216418,0.9082632818629827,0.32723112128146453,0.20594965675057209,0.6292906178489702,0.16475972540045766,8.805491990846681,0.03945018361722167,-0.034453303819847785,"{""2019"": 0.001663284281332452, ""2020"": 0.01229744528261454, ""2021"": 0.002513604183088895, ""2022"": -0.012735666374701596}","{""2019"": 1.084363097055273, ""2020"": 1.7259494212843156, ""2021"": 1.1126040451771415, ""2022"": 0.5199113644586186}"
500,0.6,close_reclaim_acceleration,discovery,2,436,-0.0004899934897507756,-0.0162166546845739,0.9778610610213263,0.3555045871559633,0.23394495412844038,0.5963302752293578,0.16972477064220184,9.56651376146789,0.04156717158095872,-0.03506870817642205,"{""2019"": 0.006797605684543063, ""2020"": 0.005879178137792213, ""2021"": 0.00327744231534347, ""2022"": -0.013097182396104459}","{""2019"": 1.3534993485664986, ""2020"": 1.2519400330801642, ""2021"": 1.1910219890941356, ""2022"": 0.5315945067435633}"
500,0.6,close_reclaim_acceleration,discovery,3,437,-0.0029886954168417993,-0.0221684809925661,0.88552091150984,0.36384439359267734,0.2517162471395881,0.5926773455377574,0.15560640732265446,9.462242562929061,0.04328004843002371,-0.04032687277490953,"{""2019"": 0.007130885817262961, ""2020"": 0.0165650761478961, ""2021"": -0.002197942667215356, ""2022"": -0.02367489356752431}","{""2019"": 1.3394324776051583, ""2020"": 1.919569272582823, ""2021"": 0.9125566244324868, ""2022"": 0.34352825221070404}"
500,0.6,close_reclaim_acceleration,discovery,4,436,-0.0022217084781602013,-0.0194813502052381,0.9095950837314685,0.3922018348623853,0.31880733944954126,0.5435779816513762,0.13761467889908258,8.880733944954128,0.04200790875273265,-0.038776165076053366,"{""2019"": 0.009500830281349262, ""2020"": -0.007822740344805937, ""2021"": -0.0022226250233921816, ""2022"": -0.008381656902201558}","{""2019"": 1.5780833433396864, ""2020"": 0.7217442575158949, ""2021"": 0.9038386561262218, ""2022"": 0.721412823138693}"
500,0.6,close_reclaim_acceleration,discovery,5,429,-0.005473128648955395,-0.0175206254847171,0.7980693669468127,0.4405594405594406,0.3916083916083916,0.5151515151515151,0.09324009324009325,7.743589743589744,0.038524039304610264,-0.042273933184622595,"{""2019"": 0.0041274311834948035, ""2020"": -0.011943950863799117, ""2021"": 0.0053807967914720235, ""2022"": -0.019406045877250616}","{""2019"": 1.2490868810779285, ""2020"": 0.6511381138641438, ""2021"": 1.246921567124821, ""2022"": 0.4618622744742681}"
500,0.6,close_reclaim_acceleration,validation,1,437,0.005262621819986913,-0.0152722783431904,1.2612622057574407,0.38215102974828374,0.28604118993135014,0.5881006864988558,0.12585812356979406,8.732265446224256,0.043766006636469665,-0.03151649446530595,"{""2023"": 0.001850127300668565, ""2024"": 0.005496857768659389, ""2025"": 0.013412321200594041, ""2026"": -0.007212367580261733}","{""2023"": 1.0860720307260268, ""2024"": 1.2622632534954554, ""2025"": 1.874454328829917, ""2026"": 0.718054419257778}"
500,0.6,close_reclaim_acceleration,validation,2,388,0.0004738350853645239,-0.017153124326252198,1.0217125633606794,0.3634020618556701,0.2345360824742268,0.595360824742268,0.17010309278350516,9.146907216494846,0.040541937853666554,-0.034267275250878124,"{""2023"": -0.0006610711774218611, ""2024"": -0.004260923319529726, ""2025"": 0.010761878131666475, ""2026"": -0.01653580205983281}","{""2023"": 0.971202324828451, ""2024"": 0.8056958907608879, ""2025"": 1.6157042374162174, ""2026"": 0.5316440680833977}"
500,0.6,close_reclaim_acceleration,validation,3,376,0.008299824154914724,-0.01721493264826545,1.3272202733055676,0.35904255319148937,0.2526595744680851,0.5851063829787234,0.1622340425531915,9.632978723404255,0.05483742137457241,-0.03698000386671912,"{""2023"": -0.001473863854795327, ""2024"": 0.027939773765587202, ""2025"": -0.0014930014462275884, ""2026"": -0.0006042267651001938}","{""2023"": 0.9424795631773015, ""2024"": 1.9385211264230697, ""2025"": 0.931731598240906, ""2026"": 0.9680314853267776}"
500,0.6,close_reclaim_acceleration,validation,4,364,0.021555301051149618,-0.01356756828374355,1.957085716220943,0.4423076923076923,0.3489010989010989,0.5137362637362637,0.13736263736263737,8.967032967032967,0.0640098120889229,-0.03644726437843512,"{""2023"": 0.0038650781086116063, ""2024"": 0.0029342245206758124, ""2025"": 0.0582341631223931, ""2026"": -0.0004691206256638356}","{""2023"": 1.1661969972821098, ""2024"": 1.1219388362831821, ""2025"": 3.8200505014480908, ""2026"": 0.9794814901735233}"
500,0.6,close_reclaim_acceleration,validation,5,313,0.009418032361930995,0.0156819591694743,1.532998095636412,0.5654952076677316,0.5175718849840255,0.4057507987220447,0.07667731629392971,8.057507987220447,0.04485844425443311,-0.033335240905863754,"{""2023"": 0.011184776013631194, ""2024"": 0.000566357271573659, ""2025"": 0.016282819369767446, ""2026"": 0.007572329658208217}","{""2023"": 1.6571316657876805, ""2024"": 1.026028927044083, ""2025"": 2.0760261971457457, ""2026"": 1.4515969769961823}"
500,0.8,ret3_deceleration,discovery,1,437,0.0013990755274169784,-0.0227198983541544,1.0511780255837915,0.3501144164759725,0.16247139588100687,0.5697940503432495,0.26773455377574373,10.94508009153318,0.05604017987079075,-0.04338273568659124,"{""2019"": 0.01499814782443554, ""2020"": 0.0010160951199241466, ""2021"": 0.00223098288796815, ""2022"": -0.008802762396235755}","{""2019"": 1.846832708990876, ""2020"": 1.033282024171414, ""2021"": 1.079127778350675, ""2022"": 0.7218543694357199}"
500,0.8,ret3_deceleration,discovery,2,436,-0.0008347214942056958,-0.019077768692321348,0.9652082029141402,0.3532110091743119,0.15137614678899083,0.573394495412844,0.27522935779816515,10.821100917431192,0.04566049729564334,-0.03623341677813064,"{""2019"": 0.0031483561473348762, ""2020"": 0.012484632577200925, ""2021"": 0.004078191202025379, ""2022"": -0.02092336658246746}","{""2019"": 1.160314711829739, ""2020"": 1.5391324963563984, ""2021"": 1.1949982823211185, ""2022"": 0.39170495652582227}"
500,0.8,ret3_deceleration,discovery,3,437,-0.0053146835819836945,-0.0192040384430945,0.7822974217643883,0.33867276887871856,0.12814645308924486,0.620137299771167,0.2517162471395881,10.794050343249427,0.04023518761390728,-0.036315406447366486,"{""2019"": -0.0013186075785574377, ""2020"": -0.006685831857107079, ""2021"": 0.0026620597920272338, ""2022"": -0.01574095100240324}","{""2019"": 0.9443262850588691, ""2020"": 0.7505629286213931, ""2021"": 1.1363277075610199, ""2022"": 0.43919950729607493}"
500,0.8,ret3_deceleration,discovery,4,435,-0.0032919990340212397,-0.0201110591304345,0.8646864520400532,0.31264367816091954,0.12643678160919541,0.6505747126436782,0.22298850574712645,9.65287356321839,0.042755658533205905,-0.037428944517940536,"{""2019"": 0.011161741258907195, ""2020"": 0.0021302847184812438, ""2021"": 0.0007673927224356034, ""2022"": -0.019944072824120335}","{""2019"": 1.7379205613035584, ""2020"": 1.0771243232929637, ""2021"": 1.0363062889970547, ""2022"": 0.39560480575848306}"
500,0.8,ret3_deceleration,discovery,5,437,-0.008776732087121975,-0.0295275202273926,0.7337642039042248,0.30892448512585813,0.14187643020594964,0.6338672768878718,0.2242562929061785,10.535469107551487,0.050726139517761566,-0.04890913815806171,"{""2019"": 0.007364717718717652, ""2020"": -0.015495069138709445, ""2021"": -0.0032146572183339816, ""2022"": -0.018821061435663172}","{""2019"": 1.3412416796834516, ""2020"": 0.6351272149671372, ""2021"": 0.8917251667609288, ""2022"": 0.4915681604484666}"
500,0.8,ret3_deceleration,validation,1,372,0.015824069894765688,-0.0227191192459911,1.5807483499110586,0.3387096774193548,0.1639784946236559,0.6075268817204301,0.22849462365591397,10.336021505376344,0.07395855432723814,-0.0432874384499728,"{""2023"": 0.0038389314402552024, ""2024"": -0.002982673018393222, ""2025"": 0.06207903784839801, ""2026"": -0.012553241108461547}","{""2023"": 1.1763219150544506, ""2024"": 0.8970021895027424, ""2025"": 3.151941149227273, ""2026"": 0.6359796600400022}"
500,0.8,ret3_deceleration,validation,2,434,0.015247029149208472,-0.01140381977405165,1.7736171483779002,0.4009216589861751,0.18433179723502305,0.5483870967741935,0.2672811059907834,11.055299539170507,0.05789802669214415,-0.03236772657198327,"{""2023"": 0.009116804435444957, ""2024"": 0.03244416632746556, ""2025"": 0.008405460270753892, ""2026"": 0.009282960114815697}","{""2023"": 1.4660299568496438, ""2024"": 2.3483995746647985, ""2025"": 1.473473469683256, ""2026"": 1.6269706212078292}"
500,0.8,ret3_deceleration,validation,3,346,0.006422566193395424,-0.0122567124545001,1.327260899540086,0.4046242774566474,0.18497109826589594,0.5375722543352601,0.2774566473988439,11.086705202312139,0.047383172570618574,-0.03101572070609258,"{""2023"": 0.010203934006065058, ""2024"": -0.0021137060733833002, ""2025"": 0.013240127284258435, ""2026"": 0.0018632219539339305}","{""2023"": 1.4701043406736083, ""2024"": 0.9037960561916446, ""2025"": 1.804527560476304, ""2026"": 1.1076451876471773}"
500,0.8,ret3_deceleration,validation,4,360,0.0018503082768165017,-0.018207826840081848,1.076779663743423,0.39444444444444443,0.16944444444444445,0.5555555555555556,0.275,10.891666666666667,0.04630440827981172,-0.036253352722010704,"{""2023"": -0.002854135386335992, ""2024"": -0.00046239959150166704, ""2025"": 0.014398782785419575, ""2026"": -0.01362036052077881}","{""2023"": 0.8934343331435376, ""2024"": 0.9820192584179278, ""2025"": 1.8798295533184992, ""2026"": 0.5975094448627984}"
500,0.8,ret3_deceleration,validation,5,371,0.008044523123278522,-0.01759578332658,1.3420454393824541,0.3935309973045822,0.18598382749326145,0.5579514824797843,0.2560646900269542,10.730458221024259,0.05428111617554785,-0.03625994390833351,"{""2023"": 0.008967313038624504, ""2024"": 0.004224286735818417, ""2025"": 0.014622764815779657, ""2026"": 0.0009908720478127866}","{""2023"": 1.3681232170177353, ""2024"": 1.180550469180603, ""2025"": 1.7084878910574195, ""2026"": 1.033565989683673}"
500,0.8,downside_body_decay,discovery,1,437,0.0010965039379765306,-0.0221006852586312,1.0417353433431644,0.36384439359267734,0.16704805491990846,0.5835240274599542,0.2494279176201373,10.79633867276888,0.05071809223779809,-0.04061679492619944,"{""2019"": 0.0057596527029251665, ""2020"": -0.006536049425122502, ""2021"": 0.010571640002216911, ""2022"": -0.00786170534363458}","{""2019"": 1.2931739686547237, ""2020"": 0.7981626088764519, ""2021"": 1.4643001763806642, ""2022"": 0.7594924458593578}"
500,0.8,downside_body_decay,discovery,2,435,-0.0015852866230290684,-0.0188839089362332,0.9379933865030751,0.35172413793103446,0.135632183908046,0.5816091954022988,0.2827586206896552,11.08735632183908,0.04669856895390632,-0.03960011971015263,"{""2019"": 0.0032672875307909553, ""2020"": 0.0012624106950843669, ""2021"": -0.0011331481685240383, ""2022"": -0.009050937111664782}","{""2019"": 1.158108939798757, ""2020"": 1.0404057876048138, ""2021"": 0.952763352729989, ""2022"": 0.6915729760437419}"
500,0.8,downside_body_decay,discovery,3,437,-0.001448584728152378,-0.0220082082846538,0.9414251144073521,0.34782608695652173,0.13729977116704806,0.5926773455377574,0.2700228832951945,10.846681922196796,0.048185078702445185,-0.039062604286931916,"{""2019"": 0.005138698097715131, ""2020"": 0.0041282102757288245, ""2021"": 0.0077823824632152015, ""2022"": -0.015922401685028478}","{""2019"": 1.2679674450928717, ""2020"": 1.16446461687793, ""2021"": 1.3750572833897945, ""2022"": 0.500417882073489}"
500,0.8,downside_body_decay,discovery,4,436,-0.005927192388472441,-0.021677865348677702,0.7812422191271962,0.3165137614678899,0.1536697247706422,0.6330275229357798,0.21330275229357798,10.21788990825688,0.04601401836088246,-0.040687257683700115,"{""2019"": 0.006969633411553, ""2020"": -0.00232978669081255, ""2021"": -0.003998663770240036, ""2022"": -0.018760434045021604}","{""2019"": 1.3394154290765556, ""2020"": 0.924850348135023, ""2021"": 0.8329283623018183, ""2022"": 0.4154248258297891}"
500,0.8,downside_body_decay,discovery,5,437,-0.00895834307892999,-0.0252610621728309,0.6951380746554218,0.2837528604118993,0.11670480549199085,0.6567505720823799,0.22654462242562928,9.805491990846681,0.04382075890558255,-0.042322993565294134,"{""2019"": 0.012345819948506625, ""2020"": -0.005413148178394484, ""2021"": -0.008058079338701894, ""2022"": -0.027243863900612474}","{""2019"": 1.7102169131980192, ""2020"": 0.8416038849512445, ""2021"": 0.7073443628114153, ""2022"": 0.27883906014070065}"
500,0.8,downside_body_decay,validation,1,413,0.005189383647109147,-0.0140913100043974,1.2258048444205203,0.3946731234866828,0.1937046004842615,0.5520581113801453,0.2542372881355932,10.796610169491526,0.05167382042672334,-0.036708940284481406,"{""2023"": 0.01329912987612841, ""2024"": -0.007851520663409122, ""2025"": 0.00812528797141079, ""2026"": 0.0093269357529943}","{""2023"": 1.6174527403059011, ""2024"": 0.7244530649204332, ""2025"": 1.401240570305933, ""2026"": 1.482600384524672}"
500,0.8,downside_body_decay,validation,2,389,0.013962537841618087,-0.0154118765934601,1.6220272312817594,0.4087403598971722,0.19023136246786632,0.5604113110539846,0.2493573264781491,10.67095115681234,0.057096529404799444,-0.0358461803419312,"{""2023"": 0.0034933944477605907, ""2024"": 0.0246296050378114, ""2025"": 0.019115675351309324, ""2026"": -0.014802712815817087}","{""2023"": 1.15939230386415, ""2024"": 1.9666852269251351, ""2025"": 2.089785960494999, ""2026"": 0.49558853334005404}"
500,0.8,downside_body_decay,validation,3,388,-0.00013713294684268988,-0.0177615142929827,0.9944113554328965,0.37628865979381443,0.13917525773195877,0.5463917525773195,0.31443298969072164,11.49742268041237,0.05018143554463603,-0.03770791590638204,"{""2023"": -0.007299088098491709, ""2024"": 0.001030677900741808, ""2025"": 0.005795722254958345, ""2026"": 0.0009429645975526451}","{""2023"": 0.7560521102561093, ""2024"": 1.0444930415194669, ""2025"": 1.3005558257752565, ""2026"": 1.0329381225413303}"
500,0.8,downside_body_decay,validation,4,345,0.008332883752764825,-0.0159898351347912,1.3900175409367717,0.4057971014492754,0.19420289855072465,0.5333333333333333,0.27246376811594203,11.269565217391305,0.053788982395786715,-0.03323697660942257,"{""2023"": 0.008147975243025206, ""2024"": 0.002330179301283604, ""2025"": 0.01246788824816875, ""2026"": 0.018822630851975303}","{""2023"": 1.383752270624615, ""2024"": 1.0948685930292492, ""2025"": 1.6604404850688437, ""2026"": 2.0791837426184907}"
500,0.8,downside_body_decay,validation,5,348,0.022931958721091925,-0.01713374814808275,2.0275704094393725,0.3448275862068966,0.1724137931034483,0.617816091954023,0.20977011494252873,9.833333333333334,0.06972227268059983,-0.03500925625696887,"{""2023"": 0.010567944176362724, ""2024"": 0.010689501720409994, ""2025"": 0.07003132710226942, ""2026"": -0.019604738613322147}","{""2023"": 1.540710950093767, ""2024"": 1.49671869399615, ""2025"": 4.0014527267395446, ""2026"": 0.32066375603734154}"
500,0.8,signal_clv,discovery,1,437,-0.0013227779691694867,-0.0216004514595608,0.9524888636353754,0.36155606407322655,0.16247139588100687,0.5812356979405034,0.2562929061784897,11.048054919908466,0.05082543615641358,-0.04373041770752662,"{""2019"": 0.005057424826058639, ""2020"": -0.010300490096483544, ""2021"": 0.002760617897340523, ""2022"": -0.004015089423410248}","{""2019"": 1.254701450864152, ""2020"": 0.7213574234022714, ""2021"": 1.1115076024299144, ""2022"": 0.8714956674102126}"
500,0.8,signal_clv,discovery,2,435,0.0037373060226188353,-0.0221684809925661,1.153911361111782,0.3586206896551724,0.19540229885057472,0.5793103448275863,0.22528735632183908,10.335632183908046,0.04956958832842017,-0.0380437009093539,"{""2019"": 0.008563896624272135, ""2020"": 0.013367143064854587, ""2021"": 0.009254337031420484, ""2022"": -0.015377615869701228}","{""2019"": 1.4375546206416787, ""2020"": 1.5630036367170603, ""2021"": 1.3889311279811503, ""2022"": 0.5147309861781088}"
500,0.8,signal_clv,discovery,3,437,-0.004246980633744909,-0.0192111809810184,0.8315566278149358,0.33638443935926776,0.10755148741418764,0.5995423340961098,0.2929061784897025,10.96796338672769,0.0477834788907421,-0.038605848052867243,"{""2019"": 0.008991179625659956, ""2020"": -0.00886147064248615, ""2021"": -0.0045615374265920204, ""2022"": -0.014385388829599223}","{""2019"": 1.536199909444181, ""2020"": 0.7118815508988422, ""2021"": 0.8092786809235373, ""2022"": 0.5401465881222903}"
500,0.8,signal_clv,discovery,4,436,-0.0020972647529204263,-0.01884657970452885,0.9146531227865898,0.34174311926605505,0.13073394495412843,0.5940366972477065,0.27522935779816515,10.756880733944953,0.046303557120195245,-0.03813208414242594,"{""2019"": 0.008991105911922221, ""2020"": 0.006451317673472569, ""2021"": -0.00024334060009338903, ""2022"": -0.015546437199659285}","{""2019"": 1.498836520672135, ""2020"": 1.2804988980755827, ""2021"": 0.989910097885883, ""2022"": 0.4934865223980875}"
500,0.8,signal_clv,discovery,5,437,-0.01286006171918347,-0.0266243951408959,0.5868594137019788,0.2654462242562929,0.11441647597254005,0.6933638443935927,0.19221967963386727,9.643020594965675,0.04096825890170471,-0.04376474908288972,"{""2019"": 0.00044931240458729254, ""2020"": -0.008466373489657272, ""2021"": -5.1698895940892716e-05, ""2022"": -0.028709504741988016}","{""2019"": 1.0190173439636132, ""2020"": 0.7800276426535657, ""2021"": 0.9975998467161746, ""2022"": 0.2430576336437078}"
500,0.8,signal_clv,validation,1,393,0.004492139212249865,-0.01376070209854,1.191824931428295,0.4122137404580153,0.178117048346056,0.5318066157760815,0.2900763358778626,11.078880407124682,0.05085877493432436,-0.0372774106974207,"{""2023"": 0.008246231146313574, ""2024"": -0.005150612976052428, ""2025"": 0.010890826588414214, ""2026"": 0.002695661203010264}","{""2023"": 1.3615447379172079, ""2024"": 0.821861278303264, ""2025"": 1.5786829923425207, ""2026"": 1.1200107461647428}"
500,0.8,signal_clv,validation,2,397,0.03302289643217684,-0.0150083937322944,2.4512263561232506,0.3979848866498741,0.21158690176322417,0.5617128463476071,0.22670025188916876,10.569269521410579,0.07994981636613295,-0.03623261836640731,"{""2023"": 0.014810005940388676, ""2024"": 0.029038437999361226, ""2025"": 0.062419972351893394, ""2026"": 0.004925651029104396}","{""2023"": 1.6604936299548811, ""2024"": 2.119479261129179, ""2025"": 3.906513220819847, ""2026"": 1.280209197586338}"
500,0.8,signal_clv,validation,3,337,0.0002838556984313441,-0.0189041846170477,1.011875055564508,0.34718100890207715,0.1661721068249258,0.6201780415430267,0.21364985163204747,10.415430267062314,0.04822319657708438,-0.03556527942214383,"{""2023"": -0.003064084316129747, ""2024"": 0.0018450045374773115, ""2025"": 0.008429688312707257, ""2026"": -0.019580954955781736}","{""2023"": 0.8803207592885534, ""2024"": 1.0808296088284763, ""2025"": 1.4005581864820664, ""2026"": 0.36920495220270727}"
500,0.8,signal_clv,validation,4,398,0.0020319858727801715,-0.019493124293772902,1.0846990946878263,0.38190954773869346,0.16080402010050251,0.5577889447236181,0.2814070351758794,11.231155778894472,0.050218692476431834,-0.038048544071122826,"{""2023"": 0.0006166100598701057, ""2024"": -0.00032139726413365306, ""2025"": 0.006581982443771855, ""2026"": 0.0022120800072795376}","{""2023"": 1.0254852874764313, ""2024"": 0.9873131682215335, ""2025"": 1.3009279821673876, ""2026"": 1.0892118181861166}"
500,0.8,signal_clv,validation,5,358,0.007253383439072989,-0.01354238211152815,1.3688305505350118,0.388268156424581,0.17039106145251395,0.5418994413407822,0.2877094972067039,10.756983240223464,0.04993562035412317,-0.03134752616965041,"{""2023"": 0.007677880003608198, ""2024"": 0.005792345975873873, ""2025"": 0.011761716602500763, ""2026"": -0.004284355623742419}","{""2023"": 1.3940133012855105, ""2024"": 1.281441904485032, ""2025"": 1.752806689837881, ""2026"": 0.859884235720532}"
500,0.8,signal_lower_wick,discovery,1,437,-0.004296085096932488,-0.0223295832536645,0.8513921124471234,0.36613272311212813,0.14187643020594964,0.585812356979405,0.2723112128146453,11.164759725400458,0.04949362773164082,-0.04437081170788887,"{""2019"": 0.009504224977616868, ""2020"": -0.01833491003016173, ""2021"": 0.002766533212487673, ""2022"": -0.01272360238936154}","{""2019"": 1.4931905643345333, ""2020"": 0.5417954852437601, ""2021"": 1.1172517981715109, ""2022"": 0.6280143633047865}"
500,0.8,signal_lower_wick,discovery,2,436,-0.0001584141579627496,-0.020154396353517602,0.9937915690213982,0.36009174311926606,0.1720183486238532,0.5825688073394495,0.24541284403669725,10.73165137614679,0.049102851763047246,-0.03957754549611445,"{""2019"": 0.005215598604543493, ""2020"": 0.0018967280886383411, ""2021"": 0.005920969217508254, ""2022"": -0.010652424813066098}","{""2019"": 1.2845638664752377, ""2020"": 1.065243798457517, ""2021"": 1.2903398255727303, ""2022"": 0.6773070102603915}"
500,0.8,signal_lower_wick,discovery,3,437,-0.003524555111259548,-0.0230386524673439,0.8694198882064926,0.3135011441647597,0.14645308924485126,0.6270022883295194,0.22654462242562928,10.116704805491992,0.04506026665263501,-0.0400452840292556,"{""2019"": 0.004569600707411449, ""2020"": 0.0015238584191502786, ""2021"": 0.001981533809783705, ""2022"": -0.020260989035230284}","{""2019"": 1.216764312479589, ""2020"": 1.0492185590856433, ""2021"": 1.077410103639319, ""2022"": 0.385274174871663}"
500,0.8,signal_lower_wick,discovery,4,435,-0.0028776645908272463,-0.0217909795483733,0.888879163096797,0.3264367816091954,0.15172413793103448,0.6206896551724138,0.22758620689655173,10.367816091954023,0.04619015312083305,-0.03950085493193313,"{""2019"": 0.010977238573876634, ""2020"": -0.0031161725766206344, ""2021"": 0.0009650418461929744, ""2022"": -0.019754016155206704}","{""2019"": 1.5908065689334874, ""2020"": 0.899637923521546, ""2021"": 1.0402374295689278, ""2022"": 0.3896886457487954}"
500,0.8,signal_lower_wick,discovery,5,437,-0.005958897831417275,-0.0225932708646051,0.7684444292039158,0.2974828375286041,0.09839816933638444,0.631578947368421,0.2700228832951945,10.37070938215103,0.045594359315195385,-0.038792280318884764,"{""2019"": 0.002501680901744911, ""2020"": 0.011528710564968925, ""2021"": -0.0038919871301444863, ""2022"": -0.019861760206844842}","{""2019"": 1.1248942960857706, ""2020"": 1.5628420236960343, ""2021"": 0.8420608761801206, ""2022"": 0.3866187997858787}"
500,0.8,signal_lower_wick,validation,1,389,0.021733088140097643,-0.0144766551888655,1.947152467487588,0.40616966580976865,0.18251928020565553,0.5295629820051414,0.2879177377892031,11.074550128534705,0.06947898046615383,-0.03633991058562381,"{""2023"": 0.004504454766893041, ""2024"": 0.006500984790689596, ""2025"": 0.06693272984147708, ""2026"": -0.015880028509544453}","{""2023"": 1.192872278009907, ""2024"": 1.2592922760308998, ""2025"": 4.668138419912533, ""2026"": 0.4552188155912004}"
500,0.8,signal_lower_wick,validation,2,416,0.0012047045063771965,-0.0175636701813482,1.0516200043932975,0.36538461538461536,0.14182692307692307,0.5673076923076923,0.29086538461538464,10.790865384615385,0.04935334306269033,-0.03712945392684892,"{""2023"": 0.0028998977160636687, ""2024"": -0.007551523626852818, ""2025"": 0.009453422154199422, ""2026"": 0.0016055370910080878}","{""2023"": 1.1183899620561673, ""2024"": 0.7188680485207892, ""2025"": 1.5178195127187284, ""2026"": 1.0726176102807201}"
500,0.8,signal_lower_wick,validation,3,360,0.009948491254426114,-0.0100586603002208,1.4893883840363669,0.4222222222222222,0.21388888888888888,0.525,0.2611111111111111,11.127777777777778,0.05276836893314015,-0.032482370699460916,"{""2023"": 0.022847539242727616, ""2024"": -0.001648320720234521, ""2025"": 0.011309995975092009, ""2026"": -0.005054955758622567}","{""2023"": 2.376905702188595, ""2024"": 0.9273588262554828, ""2025"": 1.5426605819402057, ""2026"": 0.7971414718819257}"
500,0.8,signal_lower_wick,validation,4,382,0.011486113331101649,-0.0181539814221869,1.4824867642130313,0.3743455497382199,0.1806282722513089,0.6047120418848168,0.21465968586387435,10.400523560209423,0.05847538615096979,-0.03639814069779712,"{""2023"": -0.004127307506508808, ""2024"": 0.03613248106514999, ""2025"": 0.004873636790778849, ""2026"": 0.0018803670622513815}","{""2023"": 0.8432338977151438, ""2024"": 2.6031773634109, ""2025"": 1.2265306301106658, ""2026"": 1.072531746528359}"
500,0.8,signal_lower_wick,validation,5,336,0.004321789010979985,-0.0178713536603606,1.1853476103231242,0.36607142857142855,0.17559523809523808,0.5803571428571429,0.24404761904761904,10.729166666666666,0.05044720281072537,-0.036326740238431555,"{""2023"": 0.002455625261888847, ""2024"": -0.0012353266333814178, ""2025"": 0.010099983849915116, ""2026"": 0.016465506994514177}","{""2023"": 1.1044678091260856, ""2024"": 0.953585428630673, ""2025"": 1.4951756605577122, ""2026"": 1.884058540541627}"
500,0.8,low_extension_deceleration,discovery,1,436,-0.0034757473236977907,-0.02327528421637375,0.8660285675485551,0.3256880733944954,0.11238532110091744,0.6169724770642202,0.2706422018348624,10.956422018348624,0.047855766870244315,-0.039455420994844934,"{""2019"": 0.0008255036042790266, ""2020"": -0.0016385644529280923, ""2021"": -0.0015340447533843612, ""2022"": -0.009434143584978929}","{""2019"": 1.0396691955138115, ""2020"": 0.9418213122819179, ""2021"": 0.9402491840041368, ""2022"": 0.6824582541683342}"
500,0.8,low_extension_deceleration,discovery,2,436,0.0012588471858470556,-0.0182424769898672,1.0541373036056745,0.36009174311926606,0.12614678899082568,0.5756880733944955,0.2981651376146789,11.277522935779816,0.04781632363996897,-0.03666905157841034,"{""2019"": 0.009412186925292828, ""2020"": 0.0072491495482408415, ""2021"": -0.0021620217483975302, ""2022"": -0.0075482260195260786}","{""2019"": 1.5112622802930302, ""2020"": 1.3365181757262816, ""2021"": 0.904927712970709, ""2022"": 0.7439493285156457}"
500,0.8,low_extension_deceleration,discovery,3,437,0.001557300957482997,-0.0209797549999999,1.0627446774823108,0.36613272311212813,0.13729977116704806,0.5789473684210527,0.2837528604118993,11.084668192219679,0.051055431618573496,-0.03865851345216745,"{""2019"": 0.008060318539393542, ""2020"": 0.01029682999551911, ""2021"": 0.0032901915872883113, ""2022"": -0.013318554251705935}","{""2019"": 1.43470959321858, ""2020"": 1.3697933812142014, ""2021"": 1.1394531251386948, ""2022"": 0.5746351663426806}"
500,0.8,low_extension_deceleration,discovery,4,436,-0.005959529283919952,-0.02144276080229355,0.7868722398731426,0.32798165137614677,0.13990825688073394,0.6146788990825688,0.24541284403669725,10.48394495412844,0.046293369693939476,-0.042792880714508305,"{""2019"": 0.008495267619450053, ""2020"": -0.004566354955522327, ""2021"": 0.00041385238340154747, ""2022"": -0.025881784683797718}","{""2019"": 1.4286214097975118, ""2020"": 0.8501691917307871, ""2021"": 1.0164795854514332, ""2022"": 0.2973023182020552}"
500,0.8,low_extension_deceleration,discovery,5,437,-0.010201666095466662,-0.0266394902566537,0.671636720563306,0.2837528604118993,0.1945080091533181,0.6613272311212814,0.14416475972540047,8.951945080091534,0.04242147042698554,-0.04471168342361438,"{""2019"": 0.00513499132505174, ""2020"": -0.017279229318891733, ""2021"": 0.007758286739222253, ""2022"": -0.02611917394321957}","{""2019"": 1.2524284972063338, ""2020"": 0.5887253737408035, ""2021"": 1.363895591970187, ""2022"": 0.29101881511475525}"
500,0.8,low_extension_deceleration,validation,1,470,0.007441673787370787,-0.01899385646961645,1.3014402055438914,0.33404255319148934,0.13191489361702127,0.6170212765957447,0.251063829787234,10.36595744680851,0.053399766526422504,-0.03661533069465238,"{""2023"": -0.002536484505002852, ""2024"": 0.018940402784087228, ""2025"": 0.00431719864163409, ""2026"": -0.012886124233053832}","{""2023"": 0.9086757053992078, ""2024"": 1.7797109151576602, ""2025"": 1.2032890061231358, ""2026"": 0.5319748699013209}"
500,0.8,low_extension_deceleration,validation,2,397,0.008475345255548892,-0.0141465133330768,1.4015384990532904,0.41309823677581864,0.163727959697733,0.5340050377833753,0.3022670025188917,11.312342569269521,0.05313523121758179,-0.03305852043649555,"{""2023"": 0.008732703364992801, ""2024"": 0.005094763967639885, ""2025"": 0.017485265895601385, ""2026"": -0.009970568295777431}","{""2023"": 1.3814267886451497, ""2024"": 1.2322590078794025, ""2025"": 2.0511714961090255, ""2026"": 0.6055615328645693}"
500,0.8,low_extension_deceleration,validation,3,393,0.02013440387635305,-0.0193566211315278,1.857353419888695,0.36895674300254455,0.16793893129770993,0.5852417302798982,0.24681933842239187,10.844783715012722,0.07017773735717896,-0.036358149389574296,"{""2023"": 0.003455944332816514, ""2024"": -0.004798781971715798, ""2025"": 0.06718445201138243, ""2026"": -0.006818828212537036}","{""2023"": 1.1551520837641556, ""2024"": 0.8277257776555489, ""2025"": 4.333555915015644, ""2026"": 0.7361328146235088}"
500,0.8,low_extension_deceleration,validation,4,375,0.006739485168553545,-0.0120140207829725,1.30795359743996,0.4186666666666667,0.208,0.5226666666666666,0.2693333333333333,11.106666666666667,0.052126997957834084,-0.03656821972047789,"{""2023"": 0.01291270870272847, ""2024"": -0.0015976385049830042, ""2025"": 0.00940609317184926, ""2026"": 0.00040699397554044326}","{""2023"": 1.6526112810545777, ""2024"": 0.9366106478769728, ""2025"": 1.501441213093874, ""2026"": 1.0143981879462134}"
500,0.8,low_extension_deceleration,validation,5,248,0.004331351632189092,-0.01402474367176835,1.1966421182457505,0.42338709677419356,0.25806451612903225,0.5201612903225806,0.2217741935483871,10.44758064516129,0.05049488914943546,-0.03649327751934266,"{""2023"": 0.006153121892049317, ""2024"": 0.0016296874547535173, ""2025"": -0.001728712176373859, ""2026"": 0.02270616161140178}","{""2023"": 1.2982615059084577, ""2024"": 1.0623293535836873, ""2025"": 0.924832193674307, ""2026"": 2.7483924836755214}"
500,0.8,close_reclaim_acceleration,discovery,1,437,-0.004241548345517216,-0.0197089114956415,0.8260469105283961,0.2951945080091533,0.09153318077803203,0.6613272311212814,0.2471395881006865,9.963386727688787,0.0434447937896698,-0.036586042878468235,"{""2019"": 0.003552336026592533, ""2020"": 0.008520135827004194, ""2021"": -0.002077980807417545, ""2022"": -0.01610708914196931}","{""2019"": 1.1801772988224781, ""2020"": 1.4135593727293365, ""2021"": 0.9157217998290156, ""2022"": 0.448409331131514}"
500,0.8,close_reclaim_acceleration,discovery,2,436,-0.0017526159114792089,-0.01802736027146815,0.9246085451908962,0.32798165137614677,0.09174311926605505,0.6169724770642202,0.29128440366972475,10.970183486238533,0.046582682710214846,-0.03625557011684227,"{""2019"": 0.0038958533543202423, ""2020"": 0.005076881901837302, ""2021"": 0.0023158112993173488, ""2022"": -0.013109355552192545}","{""2019"": 1.1946059500911326, ""2020"": 1.1901831246703867, ""2021"": 1.1318510515153026, ""2022"": 0.5470402438875965}"
500,0.8,close_reclaim_acceleration,discovery,3,437,-0.003987113856649971,-0.0234956790151414,0.8563118386125289,0.3295194508009153,0.11441647597254005,0.620137299771167,0.2654462242562929,10.79633867276888,0.047783132697515156,-0.04151150922990539,"{""2019"": 0.0055802650527844826, ""2020"": 0.01850234827189234, ""2021"": -0.003858501805164473, ""2022"": -0.02509086487862279}","{""2019"": 1.2526860211911064, ""2020"": 1.8733351543604986, ""2021"": 0.8552701043112988, ""2022"": 0.3328976551456667}"
500,0.8,close_reclaim_acceleration,discovery,4,436,-0.003201281129253028,-0.0238777745087718,0.8832651205980265,0.33715596330275227,0.18807339449541285,0.5825688073394495,0.22935779816513763,10.896788990825687,0.0497002716071474,-0.041612437857695424,"{""2019"": 0.01255001704384082, ""2020"": -0.01387173490412303, ""2021"": 0.004210507201791714, ""2022"": -0.014498847211630387}","{""2019"": 1.7076477773564565, ""2020"": 0.602858917654412, ""2021"": 1.1762286306336527, ""2022"": 0.5612875815345557}"
500,0.8,close_reclaim_acceleration,discovery,5,436,-0.0036391887639554226,-0.023904757759075648,0.8797100537346704,0.3738532110091743,0.22477064220183487,0.5665137614678899,0.20871559633027523,10.126146788990825,0.047936639645986545,-0.0463340833025777,"{""2019"": 0.008447035078146035, ""2020"": -0.014397271176615037, ""2021"": 0.006519508329816122, ""2022"": -0.014949241884938845}","{""2019"": 1.4895126503912113, ""2020"": 0.6479011077394988, ""2021"": 1.2557938746521478, ""2022"": 0.601505346227056}"
500,0.8,close_reclaim_acceleration,validation,1,438,0.006720469297186713,-0.0160533360416609,1.3268110632509444,0.365296803652968,0.1415525114155251,0.5958904109589042,0.2625570776255708,10.363013698630137,0.05020168328318223,-0.03192029225285368,"{""2023"": 0.004867037589103706, ""2024"": 0.0066248493243200954, ""2025"": 0.015426869047119167, ""2026"": -0.01185468639737497}","{""2023"": 1.2246549915881135, ""2024"": 1.3127563722008024, ""2025"": 1.94666671786495, ""2026"": 0.5484868709573734}"
500,0.8,close_reclaim_acceleration,validation,2,389,0.0006781219644671768,-0.0181036902623987,1.0299494872981918,0.33676092544987146,0.11825192802056556,0.6066838046272494,0.2750642673521851,10.519280205655527,0.045583936895390274,-0.034994362211738475,"{""2023"": -0.00023321647858513285, ""2024"": -0.004408282187317014, ""2025"": 0.00988964172404194, ""2026"": -0.010360679680481063}","{""2023"": 0.989863978663994, ""2024"": 0.8109962587629354, ""2025"": 1.5238532910827538, ""2026"": 0.6948085614315958}"
500,0.8,close_reclaim_acceleration,validation,3,376,0.007038882533011137,-0.01918071469973245,1.2648205725887802,0.3324468085106383,0.10638297872340426,0.6063829787234043,0.2872340425531915,11.164893617021276,0.05925141507325209,-0.0379820388601233,"{""2023"": -0.0013207757177555503, ""2024"": 0.0254757041026502, ""2025"": -0.0016696470500436045, ""2026"": -0.005554514528010191}","{""2023"": 0.9496680526910116, ""2024"": 1.8125632423064468, ""2025"": 0.9272592817274422, ""2026"": 0.7381006019076424}"
500,0.8,close_reclaim_acceleration,validation,4,364,0.023447775229663105,-0.0165202018795224,1.9832361135805157,0.40934065934065933,0.22252747252747251,0.5302197802197802,0.24725274725274726,11.054945054945055,0.0715546449523415,-0.037790084367714624,"{""2023"": 0.009455974295778326, ""2024"": -0.00025046976341615144, ""2025"": 0.05870347761854801, ""2026"": 0.0058821377897506685}","{""2023"": 1.3986862876258424, ""2024"": 0.9902097689268347, ""2025"": 3.5431153175454937, ""2026"": 1.2572743457376272}"
500,0.8,close_reclaim_acceleration,validation,5,316,0.012619103166327004,0.003291402347042,1.623854893701635,0.5158227848101266,0.33544303797468356,0.439873417721519,0.22468354430379747,11.164556962025317,0.0563223829901327,-0.03719896753634045,"{""2023"": 0.01789514432201582, ""2024"": 0.0011546034275342772, ""2025"": 0.019406346649459703, ""2026"": 0.007572876084515438}","{""2023"": 1.918033769091798, ""2024"": 1.0487292197252969, ""2025"": 2.142171179866924, ""2026"": 1.3396054559202297}"
